Counter,Channel1
140,-0.0003690272569656372
141,-0.0006122851045802236
142,-0.00012333830818533897
143,-0.00036703108344227076
144,0.00048736645840108395
145,0.0002425890415906906
146,0.0003641319926828146
147,0.00048545817844569683
148,-0.00012520316522568464
149,-0.0008567417971789837
150,-0.00012343749403953552
151,0.00024267903063446283
152,-0.0000016636913642287254
153,0.00024227425456047058
154,-0.0000020685838535428047
155,0.00024187029339373112
156,-0.0004903200315311551
157,-0.0000015901168808341026
158,-0.00024549977388232946
159,-0.00036701373755931854
160,-4.6391505748033524e-7
161,-4.5052729547023773e-7
162,-4.3725594878196716e-7
163,-0.0002443477278575301
164,0.00024394667707383633
165,0.0002435260685160756
166,-0.0004886655369773507
167,0.0008537957910448313
168,0.0006083677290007472
169,-0.0000025115441530942917
170,-0.00000249641016125679
171,0.00024144246708601713
172,0.0009727950673550367
173,-0.00012658012565225363
174,0.00023953872732818127
175,-0.00012676347978413105
176,0.0004832798149436712
177,-0.000005417852662503719
178,0.0003604850498959422
179,0.00023789063561707735
180,0.0001155132194980979
181,0.00011531496420502663
182,0.00023707898799329996
183,-0.00012922147288918495
184,-0.00012898584827780724
185,-0.00025071168784052134
186,0.0007254354422912002
187,0.0004802296170964837
188,-0.0003743508132174611
189,0.00023612857330590487
190,-0.000008208793587982655
191,0.00011377304326742887
192,0.00023553811479359865
193,-0.00025272287894040346
194,-0.0004961926024407148
195,-0.0008611911907792091
196,0.00011604046449065208
197,0.0006036888808012009
198,0.00048066151794046164
199,0.0001139278756454587
200,-0.00013019295874983072
201,-0.000373880029655993
202,-0.000373210059478879
203,0.00048119237180799246
204,0.0007242680294439197
205,0.00047906290274113417
206,0.00047821621410548687
207,0.00035540852695703506
208,-0.000376991112716496
209,-0.0003763182321563363
210,-0.0003756466321647167
211,0.00011287280358374119
212,0.0001126766437664628
213,-0.000009481096640229225
214,0.00023446371778845787
215,0.00047797500155866146
216,-0.000132680288515985
217,-0.000010479590855538845
218,0.0002334662713110447
219,-0.00025479297619313
220,0.00011154834646731615
221,-0.000010608579032123089
222,-0.0002545103197917342
223,0.00011183088645339012
224,0.00011163530871272087
225,-0.0006203306838870049
226,-0.00025333953090012074
227,0.00047888606786727905
228,-0.00025373161770403385
229,-0.00013131496962159872
230,-0.0002530395286157727
231,-0.0002525851596146822
232,0.0002357159974053502
233,0.00011334044393151999
234,-0.0003747037844732404
235,-0.000008147326298058033
236,0.00023579609114676714
237,0.0003573440480977297
238,-0.000009171548299491405
239,0.0004786965437233448
240,-0.0002539211418479681
241,-0.00037542812060564756
242,-0.00025279494002461433
243,-0.0006182270590215921
244,-0.00000731379259377718
245,0.00011466711293905973
246,0.00011446920689195395
247,0.00011427118442952633
248,-0.0004957352066412568
249,-0.0008607347263023257
250,-0.0007372369291260839
251,-0.0007359192240983248
252,0.00048501649871468544
253,0.00011827866546809673
254,0.00011807749979197979
255,-0.0001260470598936081
0,-0.00012581446208059788
1,-0.00012558186426758766
2,-0.0004912351723760366
3,-0.000002505490556359291
4,-0.000368376262485981
5,0.0002420980017632246
6,0.0002416783245280385
7,0.00024125934578478336
8,0.00048476422671228647
9,0.00036195048596709967
10,0.0002393538597971201
11,-0.00037087255623191595
12,-0.0004921675426885486
13,0.00011852500028908253
14,-0.0006134476279839873
15,0.00036334688775241375
16,-0.0000031748786568641663
17,-0.0007349308580160141
18,-0.0006116536678746343
19,-0.0001227082684636116
20,0.0003653685562312603
21,0.00036473129875957966
22,0.0002421321114525199
23,-0.000002210959792137146
24,-0.0006120066391304135
25,-0.0006109084933996201
26,0.0007317691342905164
27,-0.000611100229434669
28,0.0004876540042459965
29,-0.00012301013339310884
30,0.00012114329729229212
31,0.0006087871734052896
32,0.00024183082859963179
33,-0.00036839849781244993
34,-0.0003677336499094963
35,-0.00024510803632438183
36,-0.0004885850939899683
37,0.0007319134892895818
38,-0.00012310827150940895
39,0.00024300720542669296
40,0.000608472153544426
41,-0.00036829360760748386
42,-0.0000017433194443583488
43,-0.00036761548835784197
44,0.00012089579831808805
45,0.00012069183867424726
46,0.0003644119715318084
47,-0.0006119196768850088
48,-0.0009767083683982491
49,-0.00036515179090201855
50,0.00036728091072291136
51,0.0007325271144509315
52,0.00036535225808620453
53,0.00024275272153317928
54,-0.0000015918631106615067
55,-0.000001578591763973236
56,0.00048628204967826605
57,-0.0015879233833402395
58,-0.00024351105093955994
59,0.0002447814913466573
60,4.3527688831090927e-7
61,0.0004882942885160446
62,0.00024351489264518023
63,-0.0002447539009153843
64,-0.00036626996006816626
65,2.7811620384454727e-7
66,0.00024421338457614183
67,0.00048771523870527744
68,0.00048685993533581495
69,0.0003640438662841916
70,0.0007292925147339702
71,0.0007280061254277825
72,0.00011691113468259573
73,-0.0004930986324325204
74,0.000239555723965168
75,0.00048306165263056755
76,0.0004822107730433345
77,0.00011547456961125135
78,0.0002372373128309846
79,0.0003587834071367979
80,0.0013338462449610233
81,0.0008436330826953053
82,0.0003542887279763818
83,0.00035366055089980364
84,-0.00025677646044641733
85,-0.0003782821586355567
86,0.000476124114356935
87,0.00023135531228035688
88,-0.00025690265465527773
89,-0.00013448449317365885
90,0.0004755646223202348
91,0.0009625680977478623
92,0.0005949714686721563
93,-0.00013785879127681255
94,-0.00013761641457676888
95,-0.0007471833378076553
96,0.0005957231624051929
97,-0.000137107796035707
98,0.00010705797467380762
99,0.000106866005808115
100,0.00010667438618838787
101,-0.00013744086027145386
102,0.0004726104671135545
103,0.00010588322766125202
104,-0.00013823132030665874
105,-0.00038191245403140783
106,-0.0005031980108469725
107,-0.0008681914769113064
108,-0.0008666499052196741
109,-0.0001333380350843072
110,0.0008425955893471837
111,0.0009630618151277304
112,-0.00013630616012960672
113,-0.0002580271102488041
114,-0.00013560731895267963
115,-0.0005012525944039226
116,0.00023140932898968458
117,0.0003529605455696583
118,-0.0002574760001152754
119,-0.000257018837146461
120,0.00023128557950258255
121,-0.0005008965963497758
122,-0.0001341203460469842
123,-0.000011919415555894375
124,-0.0002558210399001837
125,-0.00025536527391523123
126,0.00035489967558532953
127,-0.0008653481490910053
128,-0.0003759613027796149
129,-0.000253328587859869
130,-0.00013091345317661762
131,0.0007230563787743449
132,-0.000009996001608669758
133,-0.00025389925576746464
134,-0.00037540739867836237
135,-0.0001308131031692028
136,-0.00037450087256729603
137,-0.0002518693218007684
138,-0.00037337897811084986
139,-0.0003727105213329196
140,0.0002377667697146535
141,0.0004812742117792368
142,0.00035846291575580835
143,-0.00025197851937264204
144,0.00035828305408358574
145,-0.000008234521374106407
146,0.00011374615132808685
147,0.00023551052436232567
148,-0.0002527515171095729
149,-0.00013033661525696516
150,0.00035774626303464174
151,0.00011319131590425968
152,-0.0006187772378325462
153,-0.0002517885295674205
154,-0.0006172220455482602
155,-0.0006161201745271683
156,-0.00024913367815315723
157,0.000361125566996634
158,0.0006044148467481136
159,-0.00012842402793467045
160,0.00023769575636833906
161,0.0003592411521822214
162,-0.0004951248411089182
163,-0.0001283541787415743
164,-0.0002500823466107249
165,-0.0002496314700692892
166,0.0012143609346821904
167,-0.0004952565068379045
168,-0.0009822192369028926
169,0.00011718901805579662
170,0.00036091182846575975
171,0.0009700868977233768
172,-0.00012928759679198265
173,0.00035879493225365877
174,-0.0008614567341282964
175,-0.0006159973563626409
176,0.00036079820711165667
177,-0.0002496452070772648
178,-0.0004931191215291619
179,-0.00012635032180696726
180,-0.000004156259819865227
181,0.0002397826174274087
182,-0.00012652145233005285
183,0.0001176345394924283
184,-0.0006143382051959634
185,0.00011853210162371397
186,0.00024029158521443605
187,0.00011791079305112362
188,0.0003616330213844776
189,-0.0002488115569576621
190,0.00036144710611552
191,0.0007266977336257696
192,-0.0003722438123077154
193,-0.00024961470626294613
194,-0.000005241250619292259
195,-0.000493072671815753
196,-0.000004342175088822842
197,0.00011763500515371561
198,-0.000004528672434389591
199,-0.00024843704886734486
200,0.00060574512463063
201,0.00023879040963947773
202,0.00011641113087534904
203,-0.0000057514989748597145
204,-0.00037162075750529766
205,0.0004827791126444936
206,0.0007258517434820533
207,-0.0004950512666255236
208,-0.00012828095350414515
209,0.00011587655171751976
210,0.0003596002934500575
211,0.00035896676126867533
212,0.00011441006790846586
213,-0.00025167432613670826
214,0.00011466327123343945
215,-0.00037338375113904476
216,-0.000006829737685620785
217,-0.000006812624633312225
218,-0.00012875720858573914
219,0.00035932438913732767
220,0.0009685005061328411
221,0.0007228604517877102
222,0.0002337312325835228
223,-0.000010605319403111935
224,-0.00025450880639255047
225,-0.00025405455380678177
226,-0.0028148008277639747
227,-0.0001266340259462595
228,-0.0012240592623129487
229,-0.0004901052452623844
230,0.00012058462016284466
231,0.0001203799620270729
232,-0.0000017861602827906609
233,-0.001343353884294629
234,-0.0007311479421332479
235,-0.0010957224294543266
236,-0.0006059148581698537
237,0.00037087174132466316
238,0.00024826626759022474
239,0.00036980188451707363
240,0.00012523552868515253
241,0.0012226838152855635
242,0.0003667915007099509
243,0.00024418963585048914
244,-1.5704426914453506e-7
245,0.0002437779912725091
246,0.0002433557529002428
247,0.0006088193040341139
248,0.00024186191149055958
249,-0.0000024827895686030388
250,0.00024145422503352165
251,0.0007288814522325993
252,0.00023974699433892965
253,-0.00024851958733052015
254,-0.0007359185256063938
255,-0.0003687178250402212
0,-0.00024609232787042856
1,-0.0002456461079418659
2,-0.0004891236312687397
3,-0.00012235913891345263
4,0.001097487867809832
5,0.0009735861094668508
6,0.00036205584183335304
7,-0.00037035183049738407
8,-0.0007355724228546023
9,-0.00012444809544831514
10,0.00011970510240644217
11,0.00024146330542862415
12,-0.0000028810463845729828
13,-0.0003687530988827348
14,0.0001197579549625516
15,0.00011955387890338898
16,0.00048523559235036373
17,-0.0000034653348848223686
18,0.00011850986629724503
19,-0.0004915022291243076
20,0.0003631120780482888
21,0.00011855107732117176
22,0.00048423383850604296
23,0.00036141870077699423
24,0.00011685991194099188
25,0.0002386199776083231
26,-0.0004935694159939885
27,-0.0002487627789378166
28,-0.00024831423070281744
29,-0.0003698281943798065
30,0.0002406457206234336
31,-0.0004915454192087054
32,-0.0011004738043993711
33,-0.00036673888098448515
34,0.0004876562161371112
35,0.0010966095142066479
36,0.00048486085142940283
37,0.00024008331820368767
38,-0.0004921074723824859
39,-0.0000033783726394176483
40,0.0002405588747933507
41,0.000484062940813601
42,-0.000004637520760297775
43,0.0004832247504964471
44,0.001092181890271604
45,0.00023651320952922106
46,0.0002360971411690116
47,-0.0006180520867928863
48,-0.00025106477551162243
49,0.00011527107562869787
50,0.000602918560616672
51,-0.000373843708075583
52,-0.0007390613900497556
53,-0.0002498964313417673
54,0.00023840065114200115
55,0.00023798283655196428
56,0.0002375649055466056
57,-0.0006165856029838324
58,-0.0006154854781925678
59,-0.00012653844896703959
60,0.0003615404712036252
61,0.00011698086746037006
62,0.0003607027465477586
63,0.00023810577113181353
64,0.0009694595355540514
65,0.00011400796938687563
66,-0.00013011472765356302
67,-0.00025184196420013905
68,0.00023645616602152586
69,-0.0003737694351002574
70,-0.000251139746978879
71,0.00023715803399682045
72,0.0004806652432307601
73,0.00023589085321873426
74,0.00047939899377524853
75,-0.0004971451126039028
76,0.000479435664601624
77,0.00011270109098404646
78,-0.00013142090756446123
79,-0.0004970709560438991
80,0.00023558596149086952
81,-0.0007405247306451201
82,0.00011452706530690193
83,0.0007241369457915425
84,0.0010887391399592161
85,0.0005989596247673035
86,-0.0007436848245561123
87,-0.0007423633942380548
88,-0.000009271781891584396
89,0.00011270854156464338
90,0.00023447279818356037
91,0.0003560198238119483
92,-0.0007422682829201221
93,0.00047867116518318653
94,0.0003558604512363672
95,0.0005991535726934671
96,0.0004761278396472335
97,0.00010939594358205795
98,-0.000012760981917381287
99,-0.000012739328667521477
100,0.00047513004392385483
101,0.00023036112543195486
102,-0.00001397391315549612
103,0.00035193469375371933
104,0.0003513074479997158
105,0.00047264236491173506
106,0.0003498374717310071
107,0.00047117366921156645
108,0.00010444654617458582
109,0.00022621743846684694
110,0.0009575815638527274
111,0.0002241028705611825
112,0.0007115448825061321
113,0.0002224254421889782
114,0.0007098690839484334
115,0.00022075092419981956
116,-0.00038946070708334446
117,-0.0002668175147846341
118,-0.0003883145982399583
119,-0.0003876342670992017
120,-0.0001430304255336523
121,-0.0005086699966341257
122,0.0004679211415350437
123,0.00034512055572122335
124,0.001076270709745586
125,0.0003425780450925231
126,-0.00038981216493994
127,-0.00014520622789859772
128,-0.000022996566258370876
129,-0.00026688934303820133
130,0.0009531942196190357
131,0.00009775767102837563
132,-0.0003902747994288802
133,0.00009825534652918577
134,0.00022003240883350372
135,0.00046355475205928087
136,0.00046271970495581627
137,0.00021796219516545534
138,0.000217562192119658
139,0.00046108663082122803
140,0.0003382922150194645
141,-0.000272132339887321
142,0.0007040321361273527
143,0.000458843307569623
144,0.00021408905740827322
145,0.0005795785691589117
146,0.0000906848581507802
147,0.00009050662629306316
148,-0.00003163330256938934
149,0.0005782151129096746
150,0.000699132215231657
151,-0.00003389955963939428
152,-0.00003385893069207668
153,-0.00027774134650826454
154,0.0004545042756944895
155,0.00045367772690951824
156,0.0000869665527716279
157,-0.0001571321627125144
158,-0.00027883495204150677
159,0.00008752616122364998
160,0.0006971603725105524
161,0.00008609239012002945
162,0.0005737660685554147
163,0.0003288016887381673
164,0.00045015744399279356
165,0.000693258480168879
166,-0.000039767706766724586
167,0.0004481262294575572
168,0.00032534368801862
169,0.0005686645163223147
170,0.00020174309611320496
171,-0.0004084514221176505
172,-0.00016382813919335604
173,0.00044624623842537403
174,0.0006893515819683671
175,-0.00004367157816886902
176,-0.0004095068434253335
177,-0.0015064633917063475
178,-0.0002841941313818097
179,0.00008217210415750742
180,0.0000820021377876401
181,-0.000771900755353272
182,-0.0012584006180986762
183,-0.00003656861372292042
184,0.0010611324105411768
185,0.0005713782738894224
186,0.0003264163387939334
187,-0.0007718441775068641
188,-0.0004046107642352581
189,-0.00028195278719067574
190,0.0008161833975464106
191,0.0005707873497158289
192,0.0002038641832768917
193,-0.000406331499107182
194,0.00032613787334412336
195,0.00020357267931103706
196,0.00008122483268380165
197,0.00020301819313317537
198,-0.00016325304750353098
199,0.00008093600627034903
200,0.00008076766971498728
201,0.00020256126299500465
202,0.00020217651035636663
203,0.00032375380396842957
204,0.00032315298449248075
205,0.0003225527470931411
206,-0.00004393293056637049
207,-0.000409767497330904
208,0.0005666289944201708
209,0.0001997097861021757
210,-0.00016655796207487583
211,-0.0005321750650182366
212,-0.0016289135674014688
213,-0.0007723121671006083
214,0.00008277001325041056
215,0.0008143715094774961
216,-0.0001627936726436019
217,0.00008139526471495628
218,0.0003251507878303528
219,-0.0005291842389851809
220,-0.0006502300966531038
221,-0.0004051744472235441
222,-0.00003859121352434158
223,-0.00003854453098028898
224,0.00044934963807463646
225,0.0006924528861418366
226,-0.00028449518140405416
227,-0.00016205140855163336
228,-0.00003982463385909796
229,-0.00016173860058188438
230,0.00020441121887415648
231,-0.00016185990534722805
232,0.00020429037977010012
233,0.0005697901360690594
234,0.0014224880142137408
235,0.0014199360739439726
236,0.00019776762928813696
237,0.00007542583625763655
238,0.00007526308763772249
239,-0.00029078510124236345
240,-0.00016833539120852947
241,-0.000046102795749902725
242,0.00007591280154883862
243,0.0004416357260197401
244,-0.00004702515434473753
245,0.00044087704736739397
246,-0.00029170652851462364
247,-0.001022989279590547
248,-0.000655314652249217
249,0.00044347939547151327
250,-0.0002891062758862972
251,0.00019922759383916855
252,0.00007688510231673717
253,-0.0005330879939720035
254,0.0005654895212501287
255,0.0006864196620881557
0,0.0006851729704067111
1,0.00019607937429100275
2,0.00007373967673629522
3,0.00007357890717685223
4,-0.000048543442972004414
5,-0.0004143727710470557
6,0.00007418135646730661
7,0.0003179440973326564
8,0.0003173497971147299
9,0.0003167560789734125
10,-0.00017168477643281221
11,-0.00004944822285324335
12,-0.0002933149226009846
13,0.00043894723057746887
14,0.000560099259018898
15,0.0004371112445369363
16,0.00007041729986667633
17,-0.000417587929405272
18,0.0005588170606642962
19,0.0003138685133308172
20,-0.00005260773468762636
21,0.0011670718668028712
22,-0.000664463615976274
23,0.0000684536062180996
24,0.00043418409768491983
25,-0.0004203548887744546
26,0.00043409084901213646
27,0.0007991712773218751
28,0.0006757545052096248
29,-0.00017921545077115297
30,-0.00005697202868759632
31,0.00006505439523607492
32,0.0005527500761672854
33,0.00006388314068317413
34,0.00018569419626146555
35,-0.0005464449059218168
36,-0.00005766400136053562
37,-0.00030152255203574896
38,-0.0001790616661310196
39,-0.00030074187088757753
40,-0.00005631998647004366
41,0.00006570643745362759
42,0.00006555404979735613
43,0.00030932528898119926
44,0.00018677813932299614
45,-0.0004233997315168381
46,-0.0004226837772876024
47,-0.00030000670813024044
48,0.0005542243598029017
49,0.00018731888849288225
50,-0.0000569736585021019
51,0.0001870157429948449
52,0.00030860898550599813
53,0.00018606276717036963
54,0.000185695243999362
55,0.00006336637306958437
56,-0.00005874561611562967
57,-0.000790449557825923
58,0.00006465089973062277
59,0.00018646183889359236
60,0.00006413250230252743
61,-0.0006677893688902259
62,0.0004310179501771927
63,0.00018629268743097782
64,0.00006396358367055655
65,0.00018577533774077892
66,0.0005512943025678396
67,0.000550277647562325
68,0.0006712242029607296
69,0.00018214480951428413
70,0.000059819663874804974
71,0.000059673446230590343
72,-0.00006243470124900341
73,-0.0001843256177380681
74,-0.00018403795547783375
75,-0.00006178882904350758
76,-0.00042760418727993965
77,-0.0004268835764378309
78,-0.00006027810741215944
79,0.00042763876263052225
80,-0.0000610066344961524
81,-0.00018289894796907902
82,-0.0003045740304514766
83,-0.00006014725659042597
84,-0.0001820400357246399
85,-0.00005979207344353199
86,-0.00018168508540838957
87,0.00006252422463148832
88,-0.0016450901748612523
89,0.00006526254583150148
90,-0.00030077341943979263
91,-0.00017831148579716682
92,-0.0011537240352481604
93,0.0001898735063150525
94,0.00018950423691421747
95,0.00031109678093343973
96,0.00018854951485991478
97,-0.00005574233364313841
98,0.0001882470678538084
99,0.0003098411252722144
100,0.00006533332634717226
101,-0.0005446264985948801
102,0.00006611691787838936
103,-0.00005599588621407747
104,0.00006603205110877752
105,-0.0001780425664037466
106,-0.00029972102493047714
107,0.0003105875803157687
108,0.0006758887320756912
109,0.0006746543804183602
110,-0.00018031219951808453
111,-0.0006678744684904814
112,-0.00017887505237013102
113,0.0003092566039413214
114,0.0007965207332745194
115,-0.00018062407616525888
116,0.0003075092099606991
117,-0.000058958190493285656
118,0.00018503493629395962
119,0.0003066322533413768
120,0.00018408976029604673
121,0.0003056880086660385
122,-0.0001827393425628543
123,-0.00006048986688256264
124,-0.0005482664564624429
125,-0.000669290660880506
126,0.0003075576387345791
127,0.0005509004695340991
128,0.0005498859100043774
129,-0.00006093666888773441
130,-0.00030478916596621275
131,-0.0005482083652168512
132,-0.00005942280404269695
133,0.0005504564614966512
134,-0.00018232851289212704
135,-0.0005479262908920646
136,0.0015263633104041219
137,-0.0005497363163158298
138,0.0004268981283530593
139,0.0003041407326236367
140,0.0000596391037106514
141,-0.00018442864529788494
142,-0.00018413853831589222
143,-0.00006188731640577316
144,0.000547994626685977
145,-0.00042871141340583563
146,0.00018182164058089256
147,-0.00042834843043237925
148,-0.0006715485360473394
149,0.00018334086053073406
150,0.00018297904171049595
151,-0.00018326810095459223
152,-0.00018297904171049595
153,-0.00006072816904634237
154,-0.00006065645720809698
155,-0.0003045083722099662
156,0.00018384482245892286
157,0.00030544446781277657
158,0.00006094214040786028
159,0.00018275994807481766
160,0.00018239847850054502
161,-0.00006188568659126759
162,-0.00006181281059980392
163,0.00018218450713902712
164,0.0004257477121427655
165,0.000059068785049021244
166,-0.00018499791622161865
167,0.0003031408414244652
168,0.0003025648184120655
169,0.0005459131207317114
170,-0.00006490491796284914
171,0.0000571331474930048
172,-0.0003088931553065777
173,0.0003014262765645981
174,0.00030085165053606033
175,-0.00006560771726071835
176,-0.000309454626403749
177,-0.000918753445148468
178,0.0000585352536290884
179,0.0004242793656885624
180,0.00030152592808008194
181,0.00005702779162675142
182,-0.0004309599753469229
183,-0.0009180805645883083
184,-0.00006275391206145287
185,0.00042516831308603287
186,0.00005849043373018503
187,-0.0003075364511460066
188,-0.00018506566993892193
189,-0.00018477393314242363
190,0.000059441663324832916
191,-0.0003065860364586115
192,-0.0001841156044974923
193,-0.0003057864960283041
194,-0.0004272403893992305
195,-0.0006704403785988688
196,0.0000624882522970438
197,-0.0005474661011248827
198,0.00018524483311921358
199,0.00006292085163295269
200,-0.0004250716883689165
201,-0.00042434921488165855
202,-0.00017970369663089514
203,-0.00030137808062136173
204,0.0005528592737391591
205,0.0004298839485272765
206,0.00030712620355188847
207,-0.00042522361036390066
208,0.00006334681529551744
209,0.0007949729915708303
210,-0.000426091137342155
211,-0.000059481943026185036
212,0.0003064763732254505
213,-0.00005998695269227028
214,0.00030597206205129623
215,-0.00006049091462045908
216,-0.000060416990891098976
217,0.00018358021043241024
218,0.00006125844083726406
219,-0.00006084633059799671
220,-0.00006077205762267113
221,0.0003051875391975045
222,0.000914420816116035
223,0.0001809902023524046
224,-0.00006329105235636234
225,-0.0003071384271606803
226,0.0000592570286244154
227,0.00030304002575576305
228,0.0004244280280545354
229,-0.0006740194512531161
230,-0.0005508963949978352
231,-0.0012817244278267026
232,0.0005499471444636583
233,0.00018305121921002865
234,-0.0001831932459026575
235,-0.0014025206910446286
236,-0.0009122140472754836
237,-0.0003008150961250067
238,0.00043146125972270966
239,-0.0000571828568354249
240,0.000552697922103107
241,0.00006383820436894894
242,-0.0001802300103008747
243,-0.0005458263913169503
244,-0.00017900147940963507
245,0.0003091344842687249
246,0.0004305170150473714
247,0.00006383645813912153
248,0.0009174252627417445
249,0.0004279165295884013
250,0.0003051619278267026
251,-0.0003052229294553399
252,0.00006117147859185934
253,0.0005488775204867125
254,0.00030394515488296747
255,-0.0001844764919951558
0,0.0006695499178022146
1,-0.00006344530265778303
2,0.00042447971645742655
3,0.0007895758608356118
4,0.000056365388445556164
5,-0.000431619118899107
6,-0.0001869655679911375
7,0.00017921591643244028
8,-0.0004309481009840965
9,-0.0005521806888282299
10,-0.0005512350471690297
11,-0.0003063665935769677
12,0.0007918012561276555
13,0.0003025125479325652
14,-0.00006394519004970789
15,0.000058094970881938934
16,-0.00042989104986190796
17,0.0007904566591605544
18,0.0001792077673599124
19,-0.00006507034413516521
20,-0.00018695264589041471
21,0.0003011911176145077
22,0.00017865851987153292
23,-0.00030954298563301563
24,-0.0004309911746531725
25,-0.000674184993840754
26,-0.0005510604241862893
27,-0.0006720769451931119
28,-0.00018306856509298086
29,-0.00006081338506191969
30,0.0005490719340741634
31,0.0006700262892991304
32,0.0004248789045959711
33,0.0009119376773014665
34,0.0003004728350788355
35,-0.0004318682476878166
36,0.0003006340702995658
37,-0.00018778350204229355
38,0.00030036154203116894
39,-0.00006609386764466763
40,-0.00006601272616535425
41,-0.00030985556077212095
42,0.0010322396410629153
43,0.0011523314751684666
44,0.0007843606872484088
45,-0.0005586532643064857
46,-0.0004357389407232404
47,-0.0005569658242166042
48,0.00017575628589838743
49,0.00005344417877495289
50,-0.00019061274360865355
51,-0.0005561980651691556
52,0.0006643715314567089
53,0.00017530610784888268
54,0.00005299446638673544
55,0.00005286186933517456
56,0.000052729155868291855
57,0.00005259690806269646
58,0.0005403126124292612
59,0.0005393133033066988
60,0.0004163534613326192
61,0.0000496874563395977
62,0.0010252529755234718
63,0.0004135803319513798
64,0.00029084074776619673
65,0.00004635634832084179
66,-0.0001976934727281332
67,0.0006563470233231783
68,0.00004532746970653534
69,0.00016716390382498503
70,0.00041074573528021574
71,0.00004408520180732012
72,0.00004396087024360895
73,0.00040972279384732246
74,0.00016502500511705875
75,0.00004272314254194498
76,-0.0003232849994674325
77,0.000043128267861902714
78,0.00040889077354222536
79,0.0001641940325498581
80,0.0005297407042235136
81,-0.00008105719462037086
82,-0.00020292354747653008
83,0.0006511227693408728
84,0.0000401083379983902
85,0.0001619500108063221
86,-0.0005701578920707107
87,-0.0002033078344538808
88,0.00004092894960194826
89,0.0001627703895792365
90,0.00040635676123201847
91,0.0005275487201288342
92,0.0015022570732980967
93,0.0006458048010244966
94,-0.00033109018113464117
95,-0.0004525166004896164
96,-0.00020784116350114346
97,0.0005242477636784315
98,0.00040130282286554575
99,0.000034651835449039936
100,0.00003453704994171858
101,0.00027834682259708643
102,0.00015583692584186792
103,0.00039943051524460316
104,0.0005206286441534758
105,0.0005196492420509458
106,-0.00021310080774128437
107,0.00027506938204169273
108,0.0003964869538322091
109,-0.00021408323664218187
110,-0.0000917977886274457
111,-0.0004575764760375023
112,0.0003969136159867048
113,-0.0002136568073183298
114,-0.00021333293989300728
115,-0.00009104807395488024
116,0.000518868095241487
117,-0.00033584272023290396
118,-0.00033530208747833967
119,-0.0007006473606452346
120,0.00003231398295611143
121,0.000154164619743824
122,0.0006416840478777885
123,0.0001526419073343277
124,-0.0016771128866821527
125,-0.00008868344593793154
126,0.00027730700094252825
127,-0.00033304793760180473
128,-0.00045447121374309063
129,-0.0002097924007102847
130,-0.00008750963024795055
131,-0.0006972153205424547
132,-0.000208179815672338
133,0.00003606348764151335
134,0.00015791109763085842
135,-0.00020830519497394562
136,-0.0009397568646818399
137,-0.00032832694705575705
138,0.0001600555842742324
139,0.0005256087752059102
140,0.0005246263463050127
141,-0.00033008819445967674
142,-0.00020758993923664093
143,0.0004025395028293133
144,0.00003588933032006025
145,0.0001577376388013363
146,0.000035445671528577805
147,-0.0005744767840951681
148,-0.00032958202064037323
149,-0.00020708376541733742
150,0.0005250072572380304
151,0.0006459876894950867
152,0.00040086673106998205
153,0.0002781422808766365
154,-0.00033221219200640917
155,-0.0005755969323217869
156,0.0002791086444631219
157,0.0002785627730190754
158,0.00027801748365163803
159,-0.00045429833699017763
160,-0.00008765654638409615
161,0.00015637255273759365
162,0.0005219302838668227
163,0.0008868376025930047
164,0.00015343911945819855
165,0.00015311362221837044
166,-0.00021309719886630774
167,-0.0003347333986312151
168,-0.00009026797488331795
169,0.000153764383867383
170,-0.0004563706461340189
171,-0.00021168845705688
172,0.0003984456416219473
173,0.0006416098913177848
174,0.00015256996266543865
175,0.00015224586240947247
176,0.000029960181564092636
177,-0.00021407054737210274
178,0.00027410394977778196
179,-0.00021428382024168968
180,0.00027389079332351685
181,0.000029426882974803448
182,0.000761092291213572
183,0.0003938003210350871
184,0.0003930452512577176
185,0.00039229157846421003
186,0.0002695758594200015
187,0.000512964092195034
188,-0.000097814598120749
189,0.00014622509479522705
190,-0.0000980164622887969
191,0.00014602334704250097
192,0.0011214007390663028
193,0.0008754259906709194
194,0.0001420389162376523
195,0.0002636868739500642
196,-0.0005905765574425459
197,-0.0003456653794273734
198,0.00026469724252820015
199,0.0003861282020807266
200,0.0006293049082159996
201,-0.0009573798161000013
202,0.000019954517483711243
203,-0.0003460278967395425
204,0.000020411331206560135
205,0.00014227675274014473
206,-0.00119961763266474
207,-0.0003438133280724287
208,-0.0003432610537856817
209,-0.0005866334540769458
210,-0.0002197630237787962
211,-0.0004633530043065548
212,0.0001472232397645712
213,0.0006347533781081438
214,-0.0003421260043978691
215,-0.0007074608001857996
216,-0.00009645032696425915
217,0.0001475893659517169
218,0.000757081201300025
219,0.0007556802593171597
220,0.000022509368136525154
221,0.000144373276270926
222,0.0005099443951621652
223,0.00026505650021135807
224,-0.0004672450013458729
225,-0.0008323595393449068
226,-0.0005870151799172163
227,0.00002377992495894432
228,-0.0004641659324988723
229,0.000024450011551380157
230,-0.00009761133696883917
231,0.000024468754418194294
232,0.00014633138198405504
233,0.00038993952330201864
234,0.0002672288101166487
235,-0.00009918829891830683
236,-0.00009906897321343422
237,-0.00034287350717931986
238,0.00014552695211023092
239,0.00002325046807527542
240,0.00026707665529102087
241,0.0005104695446789265
242,0.00014361983630806208
243,-0.00010061636567115784
244,0.00026539003010839224
245,0.0002648609224706888
246,0.0001423704670742154
247,-0.00022382661700248718
248,-0.00022348773200064898
249,-0.0007109963335096836
250,-0.00022194301709532738
251,-0.0000996437156572938
252,0.0005102864233776927
253,0.0002653996925801039
254,-0.0003449387149885297
255,-0.0004663452273234725
0,-0.0000996878370642662
1,0.0006322046974673867
2,0.00038710085209459066
3,0.000020470470190048218
4,0.00014233822003006935
5,-0.00010189635213464499
6,0.0002641126047819853
7,0.000019661267288029194
8,0.0005074160872027278
9,0.000018608523532748222
10,0.000018516089767217636
11,0.0002623479813337326
12,0.00013986066915094852
13,0.0003834764938801527
14,0.0006266592536121607
15,-0.00047217216342687607
16,0.0002603770699352026
17,0.000503777526319027
18,-0.0002289501717314124
19,-0.00035056693013757467
20,-0.0008378529455512762
21,0.0001392702106386423
22,-0.00034888426307588816
23,-0.00022636214271187782
24,-0.00010405725333839655
25,-0.0009576644515618682
26,-0.0001022879732772708
27,-0.0002241253387182951
28,-0.0003457460552453995
29,-0.00010126433335244656
30,-0.0004670263733714819
31,0.000143557321280241
32,-0.0002226389478892088
33,0.003558519994840026
34,-0.0010824109194800258
35,-0.0008366245310753584
36,0.000018536695279181004
37,0.00014040793757885695
38,-0.0007136326748877764
39,-0.0007124223047867417
40,-0.0007112130988389254
41,-0.00010019540786743164
42,0.00014385185204446316
43,0.000021580024622380733
44,-0.00010047527030110359
45,-0.00022231286857277155
46,0.0003878370625898242
47,0.0005090554477646947
48,-0.00010171334724873304
49,0.000508221099153161
50,-0.0003464705077931285
51,-0.00034591113217175007
52,0.0001424953807145357
53,-0.0002236987929791212
54,-0.0007112041348591447
55,-0.00010018562898039818
56,0.0002658241428434849
57,0.00038725975900888443
58,-0.00010132999159395695
59,-0.0008329760748893023
60,-0.0005876265931874514
61,-0.0003427115734666586
62,0.0000237305648624897
63,-0.00009832519572228193
64,0.0002676831791177392
65,-0.0000987296225503087
66,0.00026727933436632156
67,-0.00009913346730172634
68,0.00002295232843607664
69,-0.0007089120335876942
70,-0.00009789504110813141
71,-0.00034169608261436224
72,-0.0004631015472114086
73,0.00039140426088124514
74,0.00026869692374020815
75,-0.00034164043609052896
76,0.00002480193506926298
77,-0.00021921657025814056
78,0.00026897049974650145
79,-0.0005852906033396721
80,-0.0003403772134333849
81,0.0010017590830102563
82,-0.00021968886721879244
83,-0.0007071964209899306
84,-0.00034010387025773525
85,-0.00033954880200326443
86,0.0005147395422682166
87,0.00026985304430127144
88,0.00014736270532011986
89,-0.00021883368026465178
90,-0.0005843801191076636
91,0.0003923047333955765
92,-0.00021825009025633335
93,0.00002601277083158493
94,-0.0002180056180804968
95,-0.00033962843008339405
96,0.0003926982171833515
97,0.0003919526934623718
98,-0.0007064491510391235
99,-0.0007052422733977437
100,-0.0008259986061602831
101,-0.0008245771750807762
102,-0.0004572714678943157
103,-0.00045650277752429247
104,-0.0008216204587370157
105,0.00003353063948452473
106,-0.00008853210601955652
107,-0.0005762637592852116
108,-0.0005752807483077049
109,0.00015747267752885818
110,-0.00020873220637440681
111,-0.00033036258537322283
112,-0.0003298148512840271
113,-0.00020730553660541773
114,0.00003694859333336353
115,0.0002807688433676958
116,0.0005241556791588664
117,-0.00020858540665358305
118,0.00003566965460777283
119,-0.00045227992814034224
120,-0.0008174009853973985
121,0.0006475562695413828
122,-0.00008540274575352669
123,0.00015863485168665648
124,0.00003635324537754059
125,-0.00020767340902239084
126,-0.00008538027759641409
127,-0.00008526642341166735
128,-0.0004510380094870925
129,-0.000450274208560586
130,-0.00044951087329536676
131,0.000039099715650081635
132,-0.0002049291506409645
133,0.000039323465898633
134,-0.0008145148167386651
135,-0.0004472167929634452
136,-0.00166607485152781
137,0.0013859000755473971
138,-0.0003240598598495126
139,-0.0009333259658887982
140,-0.0005658140871673822
141,-0.00032091548200696707
142,0.00028943445067852736
143,-0.00044288067147135735
144,-0.00007623760029673576
145,0.00028975435998290777
146,0.00004528672434389591
147,0.00016713852528482676
148,-0.00019907369278371334
149,-0.00007678777910768986
150,-0.0001986426068469882
151,0.00041149056050926447
152,0.00016680650878697634
153,-0.00019940559286624193
154,0.00028876669239252806
155,-0.00032158580143004656
156,0.0004107268759980798
157,0.0007758534047752619
158,0.0004085585242137313
159,-0.00008004659321159124
160,-0.00020189816132187843
161,-0.00020157161634415388
162,0.000286602764390409
163,0.00016409996896982193
164,-0.0005679945461452007
165,0.00040867773350328207
166,0.00040792045183479786
167,0.0001632397761568427
168,-0.0006908158538863063
169,-0.0004456972237676382
170,0.000042910920456051826
171,0.0005306511884555221
172,0.00016379158478230238
173,-0.0003243789542466402
174,-0.00007991073653101921
175,-0.00032372388523072004
176,0.00028662930708378553
177,0.00004216516390442848
178,-0.0000799029367044568
179,-0.00007979234214872122
180,0.0004081657389178872
181,-0.00020240049343556166
182,0.00040773709770292044
183,0.0001630568876862526
184,0.00004077318590134382
185,-0.00008129340130835772
186,0.00040666607674211264
187,0.0005278729368001223
188,0.00016101589426398277
189,-0.00044911354780197144
190,-0.0004483492812141776
191,-0.0003256240161135793
192,0.000040807644836604595
193,0.0001626649172976613
194,-0.00008158013224601746
195,0.000040494371205568314
196,0.0002843138063326478
197,0.0002837760839611292
198,-0.00008264684583991766
199,0.0000394284725189209
200,0.0005271731643006206
201,-0.00008360645733773708
202,-0.0005713398568332195
203,-0.000570358126424253
204,-0.0003254538169130683
205,0.00016294012311846018
206,0.0007724283495917916
207,0.00016121403314173222
208,-0.001302648102864623
209,-0.0013003663625568151
210,-0.0008102392312139273
211,0.00041079020593315363
212,-0.00007781526073813438
213,-0.0005655530840158463
214,-0.0010524241952225566
215,-0.0005627337377518415
216,-0.00007391208782792091
217,0.0006579654291272163
218,0.00016892387066036463
219,-0.00007532606832683086
220,-0.000319142360240221
221,0.0001692462246865034
222,0.000046958099119365215
223,-0.00044099881779402494
224,0.00004760629963129759
225,-0.00019642687402665615
226,0.00041370594408363104
227,0.0001690222416073084
228,-0.0000752276973798871
229,0.00016880384646356106
230,0.00029043981339782476
231,0.00028989778365939856
232,-0.0003204535460099578
233,-0.00019794912077486515
234,-0.000685471692122519
235,0.0004133776528760791
236,0.0009004655294120312
237,0.0022404202027246356
238,-0.00008086452726274729
239,0.000772981671616435
240,0.000039806123822927475
241,0.00016166537534445524
242,0.00016134628094732761
243,0.00003906572237610817
244,0.000038963742554187775
245,0.00016082404181361198
246,0.0004044292727485299
247,0.000525639858096838
248,-0.00020709889940917492
249,0.0001591203035786748
250,-0.0009388532489538193
251,-0.00044937129132449627
252,0.0002831658348441124
253,-0.00044914078898727894
254,0.00016143475659191608
255,-0.00032673159148544073
0,0.00003970309626311064
1,0.000039600650779902935
2,0.00003949902020394802
3,-0.00008256454020738602
4,-0.00032637338154017925
5,0.0005279085598886013
6,0.000039091682992875576
7,-0.0005708191310986876
8,-0.00032591260969638824
9,0.00004052103031426668
10,0.0005282663041725755
11,0.00016141135711222887
12,-0.0003267544088885188
13,-0.0008140528807416558
14,-0.0008126373868435621
15,-0.00020141364075243473
16,0.0005306873936206102
17,0.0002857920480892062
18,-0.0011782873189076781
19,-0.0002005279529839754
20,-0.0000782371498644352
21,0.0005316841416060925
22,0.0005307118408381939
23,0.00004189321771264076
24,-0.0006899817381054163
25,-0.0009327080333605409
26,0.00016657880041748285
27,0.00016625621356070042
28,0.000043972511775791645
29,-0.0006879041902720928
30,0.0004109482979401946
31,-0.0004435408627614379
32,-0.0005647412035614252
33,-0.000563763314858079
34,-0.0003188626142218709
35,0.00004756555426865816
36,0.00016941933427006006
37,-0.00019679090473800898
38,-0.000806274707429111
39,-0.0004389793612062931
40,0.000049625756219029427
41,0.00017147802282124758
42,0.00017115171067416668
43,-0.00007309857755899429
44,-0.00019495259039103985
45,0.00041518115904182196
46,0.00004853599239140749
47,-0.00043942045886069536
48,0.00004918547347187996
49,0.0005369237624108791
50,0.0009018336422741413
51,0.0005343222292140126
52,-0.00019842269830405712
53,0.00016779033467173576
54,-0.0004423419013619423
55,0.000168228754773736
56,-0.00007601850666105747
57,-0.0003198316553607583
58,0.00016855995636433363
59,-0.0004415729781612754
60,0.00016899697948247194
61,0.0002906349254772067
62,-0.0008075622608885169
63,-0.00019634177442640066
64,-0.00019601592794060707
65,-0.00007372838445007801
66,0.00041422806680202484
67,0.00004758394788950682
68,0.00004747661296278238
69,0.00016933109145611525
70,0.0004129308508709073
71,0.00016825005877763033
72,-0.0006858062697574496
73,-0.0009285352425649762
74,-0.0004390609683468938
75,-0.0005602642195299268
76,0.000294444034807384
77,-0.0010476801544427872
78,-0.00031406746711581945
79,-0.00043549027759581804
80,0.0007848843233659863
81,0.0001736620906740427
82,-0.0009243222884833813
83,-0.0009226988768205047
84,0.00005461834371089935
85,0.00029842869844287634
86,-0.00043388933409005404
87,-0.001652754144743085
88,-0.00018629035912454128
89,0.0006677604978904128
90,0.0005445986753329635
91,0.0007875401061028242
92,-0.00006760773248970509
93,0.00017641973681747913
94,0.0002980517456308007
95,0.0009073149412870407
96,0.0001739140134304762
97,-0.0005581848090514541
98,0.00041848362889140844
99,-0.00019208749290555716
100,0.0007839302998036146
101,0.00029467151034623384
102,-0.0005596049595624208
103,-0.0004366686334833503
104,-0.0005578735144808888
105,-0.00019101460929960012
106,0.0005410783924162388
107,0.00017421424854546785
108,0.0002958482364192605
109,0.00017334241420030594
110,0.0006608630064874887
111,0.0004157457733526826
112,-0.000194822670891881
113,0.00017138838302344084
114,-0.00007286027539521456
115,0.00041509605944156647
116,0.0004143377300351858
117,0.000047694193199276924
118,0.00016954948659986258
119,0.00016922643408179283
120,0.0007787126814946532
121,0.0006553444545716047
122,-0.0006874250248074532
123,0.00016750546637922525
124,-0.00007673993241041899
125,-0.00007662770804017782
126,0.00028937053866684437
127,-0.0005649006925523281
128,0.00004588847514241934
129,0.0005336310714483261
130,0.0007765832124277949
131,0.00016536959446966648
132,-0.0012984926579520106
133,-0.000442477292381227
134,-0.0006856386316940188
135,0.00016929046250879765
136,0.000412891386076808
137,-0.00019767391495406628
138,-0.00019734562374651432
139,-0.00031897914595901966
140,0.0002913748612627387
141,0.0005347593687474728
142,0.0005337867187336087
143,-0.00032091804314404726
144,-0.0017839142819866538
145,0.00029258488211780787
146,-0.0010495362803339958
147,-0.0003159209154546261
148,-0.0003153786528855562
149,-0.0004367987858131528
150,0.000051806680858135223
151,0.00005169701762497425
152,0.00017354916781187057
153,0.00005126139149069786
154,0.0002950759371742606
155,-0.00007135223131626844
156,0.00017267954535782337
157,-0.0003154932055622339
158,-0.000558875035494566
159,0.0002958329860121012
160,0.0006611756980419159
161,0.000659983023069799
162,-0.00031690404284745455
163,0.00017148687038570642
164,0.0004150861641392112
165,0.000048443442210555077
166,0.00017029873561114073
167,0.000048013986088335514
168,0.00004790781531482935
169,-0.0003180837957188487
170,0.0001703081652522087
171,-0.00031786225736141205
172,0.00017052923794835806
173,0.000048244488425552845
174,-0.0003177474718540907
175,-0.0019027076195925474
176,-0.0003138416213914752
177,0.00005258468445390463
178,0.0004183606943115592
179,0.0005395621992647648
180,0.000050738570280373096
181,0.00005063065327703953
182,-0.0005592869129031897
183,-0.0005583113525062799
184,0.0000524730421602726
185,0.0006621729116886854
186,0.000051170121878385544
187,-0.0001928622368723154
188,0.00005138665437698364
189,0.000783049501478672
190,0.0005377164343371987
191,0.0004147803410887718
192,-0.000317747937515378
193,-0.0004391648108139634
194,0.00004944333340972662
195,0.000537184183485806
196,-0.0001955609768629074
197,0.0004145761486142874
198,-0.0004399133613333106
199,0.0009024287573993206
200,0.0005349200218915939
201,0.00004610081668943167
202,0.0007777682039886713
203,0.00028851674869656563
204,-0.000809676363132894
205,-0.00019845145288854837
206,0.0002897263038903475
207,-0.00007669616024941206
208,0.0008991127833724022
209,0.0005316069582477212
210,0.0002867146395146847
211,-0.00007970491424202919
212,-0.00007958849892020226
213,-0.0002014337806031108
214,0.00028674700297415257
215,0.00016425095964223146
216,0.0002858961233869195
217,0.0005292866844683886
218,0.00004047283437103033
219,0.00004037446342408657
220,0.0005281235789880157
221,0.0008930440526455641
222,-0.00045015092473477125
223,-0.0005713419523090124
224,0.00016141682863235474
225,0.0006489499937742949
226,0.0008916932856664062
227,0.00015830842312425375
228,-0.00020788819529116154
229,0.00003637478221207857
230,0.0011339373886585236
231,0.00040012074168771505
232,0.00027741631492972374
233,-0.0004548802971839905
234,-0.0000882190652191639
235,0.000643676845356822
236,-0.00008927006274461746
237,0.00015477929264307022
238,0.0003983952337875962
239,0.000031768460758030415
240,0.000519525958225131
241,0.0006405308376997709
242,-0.00045829894952476025
243,0.000030327588319778442
244,0.000030238879844546318
245,-0.0002137734554708004
246,-0.00033539067953824997
247,0.000518904416821897
248,0.0006399097619578242
249,0.00002892850898206234
250,0.0002727650571614504
251,0.0006381298881024122
252,0.00014911196194589138
253,-0.00009511411190032959
254,0.00002697901800274849
255,0.0001488557318225503
0,-0.0005832177121192217
1,-0.00009437138214707375
2,-0.00009424041491001844
3,0.0003937380388379097
4,0.0005149636417627335
5,0.0008798969211056828
6,0.0005124097224324942
7,-0.00022031180560588837
8,0.00014592544175684452
9,-0.00022025941871106625
10,0.0007557872449979186
11,-0.00022129074204713106
12,0.000022985506802797318
13,0.0002668278757482767
14,0.00026631320361047983
15,0.00014383706729859114
16,-0.00034430762752890587
17,0.00014411029405891895
18,0.0003877368289977312
19,0.0008748540421947837
20,0.0001414860598742962
21,-0.0003466560738161206
22,-0.0008339313790202141
23,0.00014320306945592165
24,0.0002648687222972512
25,0.00026435614563524723
26,0.000019920174963772297
27,-0.0003460436128079891
28,-0.00046743336133658886
29,0.000021202838979661465
30,0.00026504741981625557
31,0.000020611099898815155
32,0.0000205326359719038
33,0.0005083015421405435
34,0.0001414705766364932
35,0.0005070621846243739
36,0.000018270453438162804
37,-0.0004696532851085067
38,0.00014094694051891565
39,0.000018691178411245346
40,0.000018614926375448704
41,-0.0003473471151664853
42,-0.0003467734204605222
43,0.00001968571450561285
44,0.00026353250723332167
45,-0.00022482580970972776
46,0.000019454513676464558
47,0.000019377912394702435
48,0.000019301078282296658
49,0.00014118605758994818
50,0.0006287401774898171
51,0.0003836562391370535
52,0.00026096939109265804
53,0.0005043846322223544
54,0.0007473675068467855
55,0.00038010801654309034
56,-0.000596308964304626
57,-0.00022941105999052525
58,-0.00010708777699619532
59,0.0005028661107644439
60,0.0001360407331958413
61,-0.00023013318423181772
62,-0.00022977101616561413
63,0.00013647659216076136
64,0.0005020735552534461
65,0.00037917308509349823
66,-0.00023135717492550611
67,-0.00047491758596152067
68,0.0002576502738520503
69,-0.00035266345366835594
70,-0.00010815996211022139
71,0.000013947486877441406
72,0.0002578005660325289
73,0.0008671052055433393
74,0.00037767039611935616
75,0.0004989128792658448
76,0.00037601578515022993
77,0.00013137422502040863
78,0.00000912882387638092
79,0.00025298609398305416
80,0.0004964099498465657
81,0.0001295916736125946
82,-0.00035853765439242125
83,0.00025185709819197655
84,-0.00023648899514228106
85,0.0001297653652727604
86,-0.00035836384631693363
87,-0.0004797402070835233
88,-0.0002350144786760211
89,0.000009276904165744781
90,0.0002531345235183835
91,-0.0002352123847231269
92,-0.00011288258247077465
93,0.000009230338037014008
94,0.0008628974901512265
95,0.0008613147074356675
96,0.0000059996964409947395
97,-0.0002379867946729064
98,-0.00011565419845283031
99,0.00012842309661209583
100,0.00012814323417842388
101,0.0004937496269121766
102,0.0001269340282306075
103,0.0004925413522869349
104,0.00024768931325525045
105,-0.00024065212346613407
106,-0.0008500881958752871
107,-0.00036078388802707195
108,-0.0004821568727493286
109,-0.0003593902802094817
110,-0.00023684091866016388
111,0.0001294153044000268
112,0.0001291348598897457
113,0.000860626227222383
114,0.0004931606817990541
115,-0.0002395393094047904
116,-0.0008489758474752307
117,-0.00035967177245765924
118,0.000006801914423704147
119,0.0001287013292312622
120,-0.00035942543763667345
121,-0.0003588374238461256
122,-0.0002362878294661641
123,0.0004958538338541985
124,0.00025099969934672117
125,0.0002505035372450948
126,0.000006084097549319267
127,-0.0006037867860868573
128,-0.0004808027297258377
129,0.000007849419489502907
130,0.000007786438800394535
131,-0.0001142382388934493
132,-0.00023604638408869505
133,-0.0025529516860842705
134,0.00013469846453517675
135,0.000012452597729861736
136,-0.0005974235245957971
137,-0.00047444505617022514
138,-0.00010775972623378038
139,0.0003802363062277436
140,-0.00035225378815084696
141,0.00038010033313184977
142,0.00001349614467471838
143,0.00013539043720811605
144,0.00001314445398747921
145,0.000013077282346785069
146,-0.00035287532955408096
147,-0.0005962158320471644
148,0.00038049567956477404
149,0.0003797771641984582
150,0.0006229830905795097
151,-0.00023190071806311607
152,-0.00010957126505672932
153,0.00013450323604047298
154,0.0005001059034839272
155,0.00037721102125942707
156,-0.0007211612537503242
157,-0.00011011562310159206
158,-0.0003538881428539753
159,-0.0002313415752723813
160,0.0003788353642448783
161,0.00013419485185295343
162,-0.0004758969880640507
163,0.0003786379238590598
164,0.0006218454800546169
165,0.0004987346474081278
166,-0.0002339681377634406
167,-0.00023359793704003096
168,-0.0007210756884887815
169,-0.0003539538010954857
170,-0.00023140665143728256
171,0.000012885197065770626
172,0.0006226288387551904
173,0.0008654032135382295
174,0.0006198976188898087
175,0.0003748267190530896
176,-0.00011373299639672041
177,-0.00035750167444348335
178,0.0003748581511899829
179,0.0003741459222510457
180,-0.0003583368379622698
181,-0.0007236332166939974
182,-0.0016980889486148953
183,-0.0003535359865054488
184,0.00013489671982824802
185,0.000744424294680357
186,-0.0002326364628970623
187,0.000377542688511312
188,-0.00011101900599896908
189,0.000011096242815256119
190,0.000011032447218894958
191,-0.0005988402990624309
192,-0.00047585798893123865
193,-0.00023113156203180552
194,0.0001351226819679141
195,0.0002568027703091502
196,-0.0001095811603590846
197,0.000012532924301922321
198,0.0001344302436336875
199,0.0003780733095481992
200,0.0001334348926320672
201,-0.0007205783622339368
202,0.000012430129572749138
203,0.00025628996081650257
204,0.0002557921689003706
205,0.000499218818731606
206,-0.00023348256945610046
207,-0.00011114950757473707
208,0.0001329283695667982
209,0.00001068715937435627
210,0.000498472130857408
211,0.000009695533663034439
212,0.000009634066373109818
213,0.000497420085594058
214,0.0003745300928130746
215,0.00025185756385326385
216,-0.0014561020070686936
217,-0.0008437511278316379
218,-0.00011052389163523912
219,0.0009872873779386282
220,0.00000979541800916195
221,-0.0007220370462164283
222,-0.0005988359916955233
223,-0.00035389047116041183
224,-0.00010937952902168036
225,0.0007445069495588541
226,-0.000598437967710197
227,0.000012392760254442692
228,0.0002562534064054489
229,-0.0002320905914530158
230,-0.00023171992506831884
231,-0.0002313493750989437
232,0.0002568684285506606
233,0.00037833338137716055
234,0.0007435057777911425
235,0.0007421429036185145
236,-0.0004788375226780772
237,-0.00023410667199641466
238,0.000010190182365477085
239,0.00037601497024297714
240,0.0004972656024619937
241,0.0007402626797556877
242,0.0001290932996198535
243,-0.00035902904346585274
244,0.00012941122986376286
245,0.000007174443453550339
246,-0.0001148454612120986
247,-0.0034076576121151447
248,-0.0003525993088260293
249,0.000013873330317437649
250,0.00025773351080715656
251,0.0002572363009676337
252,-0.00023110781330615282
253,0.00037907238584011793
254,0.0006222830852493644
255,0.0003772133495658636
0,-0.00011134555097669363
1,-0.0007209987379610538
2,-0.00010994961485266685
3,-0.00035371817648410797
4,0.000012755626812577248
5,-0.000475154141895473
6,-0.00010846357326954603
7,-0.00010830990504473448
8,0.0005016532959416509
9,0.0009885707404464483
10,0.0001330411760136485
11,0.000010802061296999454
12,0.00025466561783105135
13,0.0002541717840358615
14,-0.0003561308840289712
15,-0.00011161610018461943
16,-0.0003553831484168768
17,-0.00011086859740316868
18,0.0002551731886342168
19,-0.00035513017792254686
20,-0.000720425508916378
21,-0.00023133784998208284
22,-0.00035292806569486856
23,0.0005013938061892986
24,0.0007443880895152688
25,-0.00011070689652115107
26,0.000011411262676119804
27,0.00013331288937479258
28,0.00049892149399966
29,0.00013210915494710207
30,-0.00011209060903638601
31,-0.00023389456328004599
32,0.00001040380448102951
33,-0.00035554112400859594
34,-0.0008427978027611971
35,-0.0005974163068458438
36,-0.00023050757590681314
37,-0.0009619073243811727
38,-0.00010650220792740583
39,-0.0008381203515455127
40,-0.0003488190704956651
41,-0.00022627192083746195
42,-0.00022590369917452335
43,-0.0002255357103422284
44,0.0003846412291750312
45,-0.00022588472347706556
46,-0.00046944047790020704
47,0.0008729413384571671
48,0.0007493955781683326
49,0.0005041061667725444
50,-0.0007164432900026441
51,-0.000471282284706831
52,-0.000714403111487627
53,0.0002625278430059552
54,-0.0003477811114862561
55,-0.00022523431107401848
56,-0.0003468283684924245
57,-0.00046820647548884153
58,0.00014240352902561426
59,0.00014211912639439106
60,-0.0008338595507666469
61,0.000021324260160326958
62,0.0000212561571970582
63,0.0001431501004844904
64,0.000020903535187244415
65,-0.0004670115886256099
66,0.00002163555473089218
67,0.00014352926518768072
68,0.0005091300699859858
69,0.00014230958186089993
70,0.000020064180716872215
71,0.0005078449612483382
72,-0.0004687836626544595
73,0.0002637889701873064
74,-0.00022455863654613495
75,0.00026365683879703283
76,0.0006290423916652799
77,0.0005059310933575034
78,0.001114809070713818
79,-0.00022878649178892374
80,-0.000716262380592525
81,0.000016746926121413708
82,0.00013864552602171898
83,0.0007481748471036553
84,0.00013700185809284449
85,-0.00047308625653386116
86,-0.0007162042893469334
87,0.00013876718003302813
88,-0.00022739870473742485
89,-0.00022702815476804972
90,-0.00047058146446943283
91,-0.0002258545719087124
92,-0.00046940892934799194
93,-0.0003466446651145816
94,0.000385711551643908
95,0.00038499548099935055
96,0.0003842804580926895
97,0.000261603738181293
98,0.0006269919686019421
99,0.000016035744920372963
100,0.00001597357913851738
101,0.0001378732267767191
102,0.000015632365830242634
103,-0.00010639126412570477
104,-0.0002281981287524104
105,0.00001609732862561941
106,-0.00010592665057629347
107,0.00013815180864185095
108,0.00025983480736613274
109,-0.00022850779350847006
110,0.000015787780284881592
111,-0.0004721214063465595
112,0.00026045553386211395
113,0.000016035628505051136
114,-0.00010598788503557444
115,0.0001380910398438573
116,-0.00022807344794273376
117,-0.00022770138457417488
118,0.0007483650697395205
119,0.0008689645910635591
120,0.00037953874561935663
121,-0.0009627516847103834
122,-0.0008391147712245584
123,-0.0004717721603810787
124,-0.00034900475293397903
125,-0.0007143025286495686
126,-0.0003471788950264454
127,0.00014125474262982607
128,0.0007507831323891878
129,-0.00022627622820436954
130,-0.0002259056782349944
131,0.00026231235824525356
132,-0.00010407029185444117
133,-0.00010391627438366413
134,-0.0005916102090850472
135,-0.0013223608257248998
136,-0.00010042206849902868
137,0.00014365254901349545
138,0.000021407613530755043
139,0.00026526569854468107
140,0.00014280446339398623
141,-0.00010140123777091503
142,-0.00034517329186201096
143,0.00014325894881039858
144,-0.00010094675235450268
145,-0.0005886433646082878
146,-0.0008315485902130604
147,0.00002363522071391344
148,0.0006333771161735058
149,0.0008761497447267175
150,-0.0002230911049991846
151,0.000021201325580477715
152,0.00002113578375428915
153,0.0005089179612696171
154,0.0001421002671122551
155,0.00026378093753010035
156,0.00014132156502455473
157,0.0005069265607744455
158,0.0001401108456775546
159,-0.00046997808385640383
160,-0.0010789826046675444
161,-0.0008331710705533624
162,0.000022014719434082508
163,-0.00022197479847818613
164,-0.00009964499622583389
165,0.00014442927204072475
166,-0.00009977736044675112
167,0.00014429737348109484
168,0.0011197096901014447
169,0.0003859220305457711
170,-0.0005904872668907046
171,-0.0004675051895901561
172,0.000021145795471966267
173,0.000021080486476421356
174,-0.00022290775086730719
175,0.0003872704692184925
176,0.0002645934000611305
177,0.00014213379472494125
178,0.000019891303963959217
179,0.0002637513680383563
180,-0.0002245929790660739
181,-0.0003461843589320779
182,-0.0008334452286362648
183,0.0003876273985952139
184,-0.00022289762273430824
185,0.0006312048062682152
186,0.00026417081244289875
187,0.00014171155635267496
188,0.0002633935073390603
189,0.0006287827854976058
190,0.000017827143892645836
191,0.00013972760643810034
192,-0.00022643606644123793
193,-0.00010410184040665627
194,0.000018015503883361816
195,0.00038383982609957457
196,0.00013920420315116644
197,0.0006267743883654475
198,0.000991515931673348
199,0.0001359892776235938
200,-0.000108209322206676
201,0.000013912096619606018
202,0.0003797399112954736
203,-0.0001088152639567852
204,-0.0005965031450614333
205,-0.0014492097543552518
206,-0.0010807807557284832
207,-0.001200852100737393
208,0.00014283438213169575
209,0.00002059189137071371
210,-0.00022339506540447474
211,-0.0002230249810963869
212,-0.0009544262429699302
213,-0.0004649088950827718
214,0.0005115881795063615
215,0.00026673113461583853
216,0.00026623252779245377
217,0.00014377257321029902
218,0.00038741505704820156
219,0.00002081564161926508
220,0.0002646759385243058
221,0.00014221726451069117
222,0.00026389944832772017
223,0.00001947989221662283
224,-0.000712353503331542
225,-0.00022326759062707424
226,-0.00022289692424237728
227,0.0014849394792690873
228,0.000018732273019850254
229,-0.00022525270469486713
230,-0.000468804151751101
231,-0.000833884347230196
232,-0.0007104676915332675
233,0.0005103884031996131
234,0.000021609477698802948
235,0.00014350737910717726
236,-0.0003446202026680112
237,-0.00010010972619056702
238,-0.000343880383297801
239,-0.00009937048889696598
240,0.002949829096905887
241,-0.00034840835724025965
242,-0.00046977971214801073
243,-0.00010308751370757818
244,-0.000346855609677732
245,-0.00010234280489385128
246,-0.0005900352261960506
247,-0.00010116572957485914
248,0.000020950217731297016
249,-0.00022303604055196047
250,-0.00010070356074720621
251,-0.0007103593088686466
252,-0.00046519795432686806
253,-0.0015620524063706398
254,-0.0009494901169091463
255,-0.0000940902391448617
0,0.000028019770979881287
1,0.0005157984560355544
2,0.0007587864529341459
3,0.00026957050431519747
4,-0.00021877733524888754
5,-0.00009644834790378809
6,-0.00021825986914336681
7,0.00002603058237582445
8,0.0005138112464919686
9,-0.00009693193715065718
10,0.00002518028486520052
11,0.0005129619967192411
12,0.00026810506824404
13,0.0003895681584253907
14,0.000022967462427914143
15,0.00026682717725634575
16,-0.00034347979817539454
17,0.00014495442155748606
18,0.00038859713822603226
19,0.000021997722797095776
20,-0.00010002742055803537
21,0.0006318974774330854
22,0.0003868270432576537
23,0.0002641524188220501
24,0.0000197339104488492
25,0.000019672675989568233
26,-0.0004682358121499419
27,-0.00010154384654015303
28,-0.0003453127574175596
29,0.000265085487626493
30,0.00014262786135077477
31,0.0002643109764903784
32,0.000507740187458694
33,0.00026288803201168776
34,-0.0002254527062177658
35,-0.0003470410592854023
36,-0.00046841276343911886
37,-0.00034564430825412273
38,0.0001427922397851944
39,0.0000205520773306489
40,0.00002049049362540245
41,0.0005082767456769943
42,0.00014146254397928715
43,0.0003851094515994191
44,-0.00010344851762056351
45,0.00001867057289928198
46,-0.0007131603779271245
47,-0.0004679958801716566
48,-0.000711113098077476
49,-0.0004659501137211919
50,-0.0011969167971983552
51,0.000024806358851492405
52,0.0011223985347896814
53,-0.00046512181870639324
54,-0.0003423558082431555
55,-0.0003417694242671132
56,0.000024702283553779125
57,-0.0002192863030359149
58,-0.0003408795455470681
59,-0.0005842178361490369
60,-0.00033927580807358027
61,-0.00033869210164994
62,-0.00021614658180624247
63,-0.000459704315289855
64,-0.00033694319427013397
65,-0.0008242090698331594
66,-0.00021295121405273676
67,0.0007631075568497181
68,0.00027388869784772396
69,-0.00009249954018741846
70,-0.00009235157631337643
71,0.0003956437576562166
72,0.0005168864736333489
73,0.00027202756609767675
74,0.00002760265488177538
75,-0.00021638826001435518
76,-0.00009405973833054304
77,0.00027197529561817646
78,-0.00009441119618713856
79,0.000881433836184442
80,0.0005139639833942056
81,0.0005130311474204063
82,0.000024252105504274368
83,0.0003900734009221196
84,-0.00009848782792687416
85,-0.00009833439253270626
86,0.00014574266970157623
87,0.000023500644601881504
88,-0.00034244812559336424
89,0.00002402451355010271
90,0.00002396106719970703
91,0.0006337069207802415
92,0.0006325598806142807
93,-0.00010035769082605839
94,-0.0007100118091329932
95,-0.0003428870113566518
96,-0.00034229957964271307
97,0.00002417340874671936
98,0.00014607154298573732
99,-0.00022009445820003748
100,-0.00021972379181534052
101,0.00026849342975765467
102,0.0006338817765936255
103,0.0002668489469215274
104,-0.00022149423602968454
105,-0.00009916105773299932
106,-0.00009900634177029133
107,0.00014507188461720943
108,0.000022830674424767494
109,-0.00034311716444790363
110,0.0003892425447702408
111,-0.0002212801482528448
112,0.00038890086580067873
113,-0.0002216211287304759
114,-0.0003432108787819743
115,0.000755034270696342
116,-0.00034398550633341074
117,0.0002664128551259637
118,0.0006318035302683711
119,0.00014281074982136488
120,0.0005084194708615541
121,0.0011173022212460637
122,0.00026155903469771147
123,0.0006269541336223483
124,-0.00010595784988254309
125,-0.00010579696390777826
126,-0.00010563607793301344
127,0.0005043339915573597
128,0.00025948730763047934
129,0.000746845849789679
130,-0.000596090336330235
131,0.0003806350287050009
132,0.00013600662350654602
133,0.000379659584723413
134,0.00025699392426759005
135,0.0003784693544730544
136,-0.00023204286117106676
137,0.00001226295717060566
138,0.0003780958941206336
139,0.000011508353054523468
140,0.0001334188273176551
141,0.00013315037358552217
142,-0.0003549647517502308
143,-0.000476327259093523
144,-0.0007194353966042399
145,-0.0001083774259313941
146,-0.0008399852085858583
147,-0.0008385211694985628
148,-0.00047117273788899183
149,-0.00022643781267106533
150,-0.00010409904643893242
151,0.000261946814134717
152,0.0009932275861501694
153,0.000015742145478725433
154,0.000015687313862144947
155,-0.0004722150042653084
156,-0.00010551698505878448
157,-0.00010535574983805418
158,0.000016767648048698902
159,-0.00010525004472583532
160,0.00038275879342108965
161,0.00038205296732485294
162,0.0007472332799807191
163,-0.0002298167673870921
164,-0.00022943643853068352
165,-0.0008388657588511705
166,-0.0008374023018404841
167,0.0002617168938741088
168,0.00038318883161991835
169,0.00001659721601754427
170,-0.00034934363793581724
171,0.0003830225905403495
172,0.0002603550674393773
173,0.000015942496247589588
174,-0.00010607379954308271
175,0.0003819359699264169
176,0.000015345634892582893
177,0.00001529185101389885
178,0.00038112339098006487
179,-0.00010742782615125179
180,0.0005025448044762015
181,0.0006235865876078606
182,0.000012641074135899544
183,-0.00023133435752242804
184,-0.00023095204960554838
185,0.00025727739557623863
186,-0.00010909372940659523
187,0.0005008808802813292
188,-0.00023180898278951645
189,0.0011101546697318554
190,-0.0007212755735963583
191,-0.0002321769716218114
192,0.0000121300108730793
193,-0.00047576811630278826
194,-0.00023102783598005772
195,-0.00010868406388908625
196,-0.0005963663570582867
197,-0.0005953345680609345
198,-0.00010645564179867506
199,-0.00035021640360355377
200,0.0003821513382717967
201,-0.0004722860176116228
202,-0.0002275488805025816
203,-0.0008369788993149996
204,-0.00010374502744525671
205,-0.0003475078847259283
206,-0.00022495153825730085
207,0.00001934927422553301
208,-0.0004685551393777132
209,0.0001420648768544197
210,-0.0001021332573145628
211,0.0003858739510178566
212,0.0006290902383625507
213,-0.0005916689988225698
214,-0.0008345645619556308
215,-0.00010133243631571531
216,-0.00022313534282147884
217,-0.0001007977407425642
218,0.00002132297959178686
219,0.000021264422684907913
220,-0.00010075571481138468
221,0.00038725067861378193
222,0.0008743893122300506
223,0.00014104344882071018
224,-0.0008349248673766851
225,-0.0009554253192618489
226,-0.0007098246132954955
227,-0.0002207355573773384
228,0.00038944778498262167
229,0.00014481379184871912
230,-0.00034331006463617086
231,-0.00022075721062719822
232,0.00014550238847732544
233,0.0003891491796821356
234,0.0005104014417156577
235,-0.0002222962211817503
236,0.0003878884017467499
237,-0.0009544008644297719
238,-0.0003429156495258212
239,0.00014552276115864515
240,0.0005111318314447999
241,0.0005102051654830575
242,0.00014339364133775234
243,-0.0007106142584234476
244,-0.0008313332218676805
245,-0.00022006535436958075
246,-0.00021969201043248177
247,0.000024604960344731808
248,-0.0007072271546348929
249,-0.0008279491448774934
250,0.0031982487998902798
251,0.0002654651179909706
252,0.0006308594020083547
253,-0.00022401532623916864
254,0.0002642094623297453
255,-0.0005900139221921563
0,-0.0003450628137215972
1,-0.00022250786423683167
2,-0.0003440938889980316
3,-0.0005874255439266562
4,0.00014537095557898283
5,0.00026705674827098846
6,-0.0002212835242971778
7,-0.0007087562698870897
8,0.001731723197735846
9,-0.0009545332286506891
10,-0.0005869708256796002
11,-0.0005859459051862359
12,-0.00009707431308925152
13,-0.0004628037568181753
14,-0.00021807407028973103
15,-0.0002177017740905285
16,-0.00009536801371723413
17,-0.0005830612499266863
18,-0.0013138105859979987
19,-0.00033579464070498943
20,-0.0004571714671328664
21,-0.0005783318774774671
22,-0.0005773145239800215
23,-0.0005762981018051505
24,-0.0003313586348667741
25,0.00015707022976130247
26,0.0006446315674111247
27,0.0000336688244715333
28,-0.0006981706246733665
29,-0.0010628238087520003
30,-0.0002072094939649105
31,-0.00008488481398671865
32,0.0007689938647672534
33,-0.00033003499265760183
34,-0.0000855311518535018
35,0.00028050062246620655
36,0.0007678440306335688
37,-0.0003311840118840337
38,0.00040116847958415747
39,-0.00033132254611700773
40,-0.00008681754115968943
41,-0.0013062892248854041
42,-0.00045024126302450895
43,-0.00008356035687029362
44,0.00016050762496888638
45,-0.0013033238938078284
46,-0.0000813931692391634
47,-0.00008125079330056906
48,-0.00008110818453133106
49,-0.00008096627425402403
50,0.00028506165836006403
51,0.0007724011084064841
52,0.00016121671069413424
53,0.0004048506962135434
54,-0.0006935292622074485
55,0.0004053559387102723
56,0.00028267037123441696
57,-0.0005715687293559313
58,-0.0004485952667891979
59,-0.0011795727768912911
60,-0.00007982226088643074
61,0.00004228111356496811
62,-0.0002017186488956213
63,0.00028648681472986937
64,0.00016401533503085375
65,0.00052960857283324
66,0.00016278098337352276
67,0.00040641333907842636
68,-0.0003260823432356119
69,0.00016234186477959156
70,0.0001620511757209897
71,0.0004056844627484679
72,0.0008928079623728991
73,-0.0003284007543697953
74,-0.00008389842696487904
75,0.0005260558100417256
76,0.000281193177215755
77,-0.0000851975055411458
78,-0.000085051404312253
79,-0.0003288295120000839
80,0.0002815594198182225
81,0.0004030158743262291
82,-0.000329476548358798
83,-0.0006947827059775591
84,-0.00044962915126234293
85,0.00016097514890134335
86,0.000404609483666718
87,-0.0003278849180787802
88,-0.00020534463692456484
89,-0.0004489071434363723
90,-0.00020418909844011068
91,0.0001620567636564374
92,-0.00008215755224227905
93,0.0002838713116943836
94,0.0002833643229678273
95,0.0008926669834181666
96,0.0011350010754540563
97,0.0002792456652969122
98,0.000034819357097148895
99,0.000156712019816041
100,-0.0005753450095653534
101,0.00003547954838722944
102,0.00015737186186015606
103,0.00040100933983922005
104,0.0006442137528210878
105,0.0007650229381397367
106,0.0005197314312681556
107,-0.0002129734493792057
108,0.0005191662348806858
109,0.0003962712362408638
110,0.00015163235366344452
111,0.0005172370001673698
112,-0.000337427482008934
113,-0.00009291642345488071
114,-0.002410039771348238
115,0.00027739303186535835
116,0.0019843585323542356
117,-0.0003364528529345989
118,-0.00021390453912317753
119,-0.0004574597114697099
120,-0.00009077182039618492
121,0.000031341216526925564
122,0.000031275674700737
123,0.000762981129810214
124,0.00027376762591302395
125,0.000273269833996892
126,0.000028848531655967236
127,-0.00009317672811448574
128,0.000028938520699739456
129,-0.0004589725285768509
130,-0.0003362072166055441
131,0.0001522265374660492
132,0.00015194504521787167
133,0.00002970220521092415
134,0.0005174854304641485
135,0.0003945924108847976
136,0.0007597645744681358
137,-0.00021729362197220325
138,0.0005148499039933085
139,0.00014803558588027954
140,0.0002697197487577796
141,0.00014726410154253244
142,0.0005128725897520781
143,-0.00009786372538655996
144,0.000024255947209894657
145,0.0006340062245726585
146,0.00038893951568752527
147,0.00002234580460935831
148,-0.00022163568064570427
149,-0.00034322135616093874
150,-0.00022066710516810417
151,0.0003895178670063615
152,-0.00009903858881443739
153,0.0000230822479352355
154,0.0002669480163604021
155,0.0003884183242917061
156,0.0006316346116364002
157,0.0002646084176376462
158,-0.0004676523385569453
159,0.0001429686089977622
160,-0.0008329988922923803
161,-0.000343690044246614
162,0.00026671227533370256
163,0.0005101452115923166
164,-0.00010058830957859755
165,0.00014349562115967274
166,0.0001432227436453104
167,-0.0002229359233751893
168,0.00014332740101963282
169,-0.0008326407987624407
170,-0.00034333195071667433
171,0.00002314685843884945
172,0.000388974673114717
173,0.000022380845621228218
174,0.0000223241513594985
175,-0.0003436189144849777
176,0.00002286012750118971
177,0.00014476478099822998
178,-0.0000994332367554307
179,-0.0003431974910199642
180,-0.0004645662847906351
181,0.00014605221804231405
182,0.000023815548047423363
183,0.00026768085081130266
184,0.0002671892289072275
185,0.00014473614282906055
186,0.0001444623339921236
187,0.0002661504549905658
188,-0.0002221872564405203
189,-0.0000998481409624219
190,-0.0003436118131503463
191,0.0007546389242634177
192,-0.0005882998229935765
193,0.00014449935406446457
194,0.00014422566164284945
195,0.00002199038863182068
196,0.0002658580197021365
197,-0.0005883653648197651
198,-0.00034341367427259684
199,-0.00022085802629590034
200,-0.000708329607732594
201,-0.0004631628980860114
202,0.0003913786495104432
203,0.0005126309115439653
204,0.0006336669903248549
205,0.0009984112111851573
206,0.00026484893169254065
207,0.000020436360500752926
208,-0.0002235423307865858
209,-0.00010120135266333818
210,0.0003868074854835868
211,0.000020216451957821846
212,-0.00010180007666349411
213,0.00038621004205197096
214,0.0002635429846122861
215,0.0005069796461611986
216,0.00038409687113016844
217,0.0007492798613384366
218,0.00001615588553249836
219,-0.0005937042878940701
220,-0.0007146333809942007
221,0.00014034868218004704
222,0.00001811748370528221
223,0.000018064863979816437
224,0.000505860080011189
225,0.0002610167721286416
226,0.0006264173425734043
227,0.0001374350395053625
228,0.00038109219167381525
229,0.0005023538833484054
230,-0.0002303336514160037
231,0.00013593723997473717
232,0.00037959567271173
233,0.000013011391274631023
234,0.0002568874042481184
235,0.0005003298865631223
236,0.0009872633963823318
237,0.0003756734076887369
238,-0.00023483089171350002
239,-0.0006003271555528045
240,-0.00011144054587930441
241,-0.0007210785988718271
242,0.000011947820894420147
243,-0.0001100609079003334
244,0.00013403326738625765
245,0.000499655376188457
246,-0.002550305100157857
247,-0.0007163707632571459
248,-0.00034923432394862175
249,-0.00022667250595986843
250,0.00013959512580186129
251,0.00038325099740177393
252,0.0003825494786724448
253,0.0001379246823489666
254,0.000015696394257247448
255,-0.00010631547775119543
0,0.000625623157247901
1,0.00013664225116372108
2,-0.00022950919810682535
3,-0.00022912397980690002
4,0.000259108142927289
5,0.0003805875312536955
6,0.0005018507363274693
7,0.0005009355954825878
8,0.0002560974098742008
9,0.000377579708583653
10,0.0003768835449591279
11,-0.00011165952309966087
12,0.0004983220715075731
13,-0.00047828478273004293
14,0.000010385643690824509
15,0.00001034117303788662
16,-0.00011166522745043039
17,-0.00011149304918944836
18,-0.00035524473059922457
19,0.0003771320916712284
20,0.000742322183214128
21,0.000009206007234752178
22,0.00025308632757514715
23,-0.0003572002751752734
24,-0.0003565925871953368
25,0.00013186142314225435
26,0.00025356269907206297
27,0.0002530856290832162
28,-0.00011327676475048065
29,0.00037474464625120163
30,0.000008165952749550343
31,-0.00023580016568303108
32,-0.0006012944504618645
33,-0.0007222153944894671
34,0.000010813120752573013
35,0.0001327303471043706
36,-0.00035537814255803823
37,-0.0007206579903140664
38,0.000012369244359433651
39,-0.0002316004829481244
40,0.0002566345501691103
41,-0.00035365403164178133
42,-0.0002310877898707986
43,0.00037910917308181524
44,0.000012526637874543667
45,0.0002564045134931803
46,0.00013396353460848331
47,0.00013370136730372906
48,-0.0002324458910152316
49,0.00013382802717387676
50,-0.0002323192311450839
51,-0.00047585461288690567
52,0.0003787004388868809
53,-0.0005976909305900335
54,-0.000962538062594831
55,-0.00035104097332805395
56,0.000015447381883859634
57,-0.00022852432448416948
58,-0.0007159868255257607
59,-0.000714734778739512
60,0.0003841732395812869
61,-0.00010437518358230591
62,0.0002616771962493658
63,0.000383155420422554
64,0.0002604937180876732
65,0.00026001117657870054
66,-0.00022831850219517946
67,-0.00010597123764455318
68,0.0005040063988417387
69,0.0006250529550015926
70,0.00025803549215197563
71,-0.0003522540209814906
72,-0.0004736119881272316
73,-0.00047279184218496084
74,0.0005037226947024465
75,0.0002588836941868067
76,-0.0004733686801046133
77,-0.0010823579505085945
78,-0.0001047598198056221
79,0.0002612933749333024
80,0.0001388483215123415
81,-0.00047122675459831953
82,-0.00010452303104102612
83,0.000505453790538013
84,-0.0007150816963985562
85,0.0005057888338342309
86,-0.0003488614456728101
87,-0.00010433630086481571
88,-0.0003480927553027868
89,0.0008721263147890568
90,0.000504673458635807
91,0.0006257196655496955
92,-0.00010718358680605888
93,-0.000594861339777708
94,-0.00010597717482596636
95,0.00013811560347676277
96,0.000015888595953583717
97,-0.00010612094774842262
98,0.000016009784303605556
99,0.0002598855644464493
100,0.0002594041870906949
101,0.000258923158980906
102,0.0003804047591984272
103,-0.00023010163567960262
104,0.000014209887012839317
105,0.0002580871805548668
106,-0.00010827812366187572
107,-0.0004739926662296057
108,0.00013663782738149166
109,0.0008681458421051502
110,0.0003787347814068198
111,-0.0002317698672413826
112,-0.00010941876098513603
113,-0.00010924669913947582
114,-0.00010907440446317196
115,0.0003789446782320738
116,0.0005002116085961461
117,-0.00023247115314006805
118,0.0003777280217036605
119,0.0009868438355624676
120,0.0006191805005073547
121,-0.00011371576692909002
122,-0.0004794256528839469
123,-0.0008444850100204349
124,-0.00035516172647476196
125,0.0003772171912714839
126,-0.00035524764098227024
127,-0.00011071632616221905
128,0.00013338110875338316
129,0.0004990068264305592
130,0.0004980966914445162
131,-0.0009663550881668925
132,-0.0005987768527120352
133,-0.002183240605518222
134,-0.00022799253929406404
135,0.000016317469999194145
136,-0.0007155013736337423
137,-0.0010801341850310564
138,-0.0003464604960754514
139,0.000020025414414703846
140,0.0007517455378547311
141,0.0002625472843647003
142,-0.0003477451391518116
143,-0.0016887248493731022
144,-0.0008320064516738057
145,0.00038907723501324654
146,0.000022488064132630825
147,-0.00009952683467417955
148,0.00002259912434965372
149,0.0009982414776459336
150,0.00038664520252496004
151,0.00026398163754493
152,-0.0001023878576233983
153,0.000019740546122193336
154,0.000019690138287842274
155,0.00014160212595015764
156,-0.0005904363933950663
157,0.0005082546267658472
158,-0.00010247284080833197
159,-0.00010230601765215397
160,0.00014178443234413862
161,-0.0003463301109150052
162,-0.00034572998993098736
163,0.000020755105651915073
164,-0.00046714290510863066
165,-0.0008322129724547267
166,-0.00009897607378661633
167,-0.0009525456698611379
168,-0.00009713135659694672
169,0.00039087829645723104
170,0.00039017328526824713
171,-0.00022034067660570145
172,-0.0014395792968571186
173,-0.0004613371565937996
174,0.000027321279048919678
175,-0.00033862132113426924
176,-0.00009410385973751545
177,-0.0008257156005129218
178,-0.0007022940553724766
179,-0.00009124237112700939
180,-0.00021304760593920946
181,0.00027517357375472784
182,-0.00009120558388531208
183,-0.0004569346783682704
184,-0.0008220128947868943
185,-0.0003327089361846447
186,0.0005216127028688788
187,0.0003987214295193553
188,0.0003980096662417054
189,0.0010071077849715948
190,0.0002735421294346452
191,-0.00021479756105691195
192,-0.0007022699574008584
193,-0.00021318055223673582
194,0.00003111700061708689
195,0.0005189046496525407
196,-0.00009183189831674099
197,-0.00021363620180636644
198,0.00003066181670874357
199,0.0006404116284102201
200,0.0003953445702791214
201,-0.00021517369896173477
202,-0.00021479814313352108
203,0.00002950080670416355
204,0.00015140429604798555
205,0.00015112897381186485
206,0.000028892187401652336
207,-0.00009312783367931843
208,0.000028992886655032635
209,0.0005167826311662793
210,0.0001499716890975833
211,0.00039362162351608276
212,-0.00021689513232558966
213,-0.0003384797601029277
214,-0.00021592434495687485
215,-0.00009358592797070742
216,-0.0003373505314812064
217,0.00015108950901776552
218,-0.00021507102064788342
219,0.0005170759977772832
220,0.0003941889153793454
221,0.00014955748338252306
222,0.0002712459536269307
223,-0.00021709164138883352
224,-0.000460637966170907
225,-0.00009394180960953236
226,-0.0004596676444634795
227,0.000028989394195377827
228,0.00027285516262054443
229,0.000638249795883894
230,0.0003931844839826226
231,-0.00009536964353173971
232,-0.0009489419171586633
233,-0.0008253020932897925
234,-0.00009207089897245169
235,0.0012496680719777942
236,-0.00009413901716470718
237,-0.0008257506415247917
238,-0.0009462523739784956
239,0.0002750424901023507
240,0.0005184727488085628
241,-0.0000922628678381443
242,-0.0008238760055974126
243,-0.000944379367865622
244,-0.00045485771261155605
245,-0.0004540523514151573
246,-0.00020932371262460947
247,0.00040085671935230494
248,-0.0003316284855827689
249,-0.000087116495706141
250,-0.00033088691998273134
251,-0.0006961855106055737
252,-0.0006949487142264843
253,-0.0009376368252560496
254,-0.0008140067802742124
255,-0.0003247094573453069
0,-0.00008020421955734491
1,0.000285829184576869
2,0.0006512119434773922
3,0.00004025001544505358
4,-0.0002037418307736516
5,-0.00044730002991855145
6,0.00004134641494601965
7,-0.00020264601334929466
8,-0.0002022814005613327
9,0.0016275113448500633
10,-0.00044872809667140245
11,0.00003991974517703056
12,0.00028377585113048553
13,0.0010150461457669735
14,0.000891283038072288
15,-0.00020795664750039577
16,-0.000817396561615169
17,-0.0004500581417232752
18,-0.00008337129838764668
19,0.0006485504563897848
20,-0.00008437130600214005
21,-0.0005720674525946379
22,-0.00020516407676041126
23,-0.00032675883267074823
24,-0.00032617582473903894
25,0.0005281405756250024
26,-0.00008260388858616352
27,-0.000936187687329948
28,0.00004117435310035944
29,0.0007728768978267908
30,0.00003973615821450949
31,0.00040555442683398724
32,-0.00032693438697606325
33,0.0005273821298032999
34,0.0004044858505949378
35,-0.00032800191547721624
36,-0.0008152652299031615
37,0.00003991881385445595
38,0.00016181310638785362
39,0.000527414376847446
40,-0.0004492152947932482
41,-0.0003264526603743434
42,-0.001057641115039587
43,-0.00008006312418729067
44,-0.00020187743939459324
45,-0.00032347580417990685
46,-0.00007897138129919767
47,-0.00020078697707504034
48,-0.00007846241351217031
49,-0.00032224017195403576
50,0.0006540343165397644
51,-0.0004447782412171364
52,0.00004386599175632
53,0.00016575644258409739
54,0.00004350708331912756
55,-0.00044441199861466885
56,-0.00032165367156267166
57,0.00004481058567762375
58,0.00004473840817809105
59,0.0005325140664353967
60,-0.00007823447231203318
61,0.000043873325921595097
62,0.00016576354391872883
63,0.00028743757866322994
64,-0.00044483819510787725
65,-0.00020011805463582277
66,-0.00007779384031891823
67,-0.00019961060024797916
68,-0.0008090585470199585
69,-0.0004417272284626961
70,-0.0008068195311352611
71,-0.0005614524707198143
72,-0.00019455840811133385
73,0.00017168442718684673
74,0.0005372767336666584
75,0.000048486050218343735
76,-0.00043943733908236027
77,-0.0009264930849894881
78,-0.00031502603087574244
79,0.0007832038681954145
80,0.00017201562877744436
81,0.000049760215915739536
82,-0.0005601259181275964
83,0.00041657628025859594
84,0.00041584845166653395
85,0.00029315927531570196
86,0.0002926494926214218
87,0.00004821666516363621
88,-0.0001957826316356659
89,-0.00043934816494584084
90,-0.0001946330303326249
91,0.0002935713855549693
92,0.00029306160286068916
93,0.0006584373768419027
94,0.0005353158339858055
95,-0.00007543526589870453
96,-0.00031921640038490295
97,-0.00019667809829115868
98,0.00004760432057082653
99,0.0012671484146267176
100,0.00004528730642050505
101,-0.00019870942924171686
102,-0.0008081585401669145
103,0.0002909427275881171
104,0.00090024434030056
105,0.00016688171308487654
106,-0.00019929325208067894
107,-0.00007697020191699266
108,-0.0014184069586917758
109,-0.001415878883562982
110,-0.00043765793088823557
111,-0.00031490635592490435
112,-0.00019237236119806767
113,0.00017386837862432003
114,0.00017357280012220144
115,-0.0003145703813061118
116,0.00005188735667616129
117,0.0004176938673481345
118,0.0002950032940134406
119,0.0002944915322586894
120,-0.0003158294130116701
121,-0.0008031040197238326
122,-0.0008016643114387989
123,-0.00006845511961728334
124,0.0002975671086460352
125,0.00017509085591882467
126,0.0004187180893495679
127,-0.00006985990330576897
128,0.00005223986227065325
129,0.0009058937430381775
130,-0.00007139809895306826
131,-0.00031518295872956514
132,0.00005127512849867344
133,0.0007829676615074277
134,0.001025512465275824
135,0.00016996811609715223
136,-0.000440133735537529
137,-0.0006832659710198641
138,0.0015132725238800049
139,-0.0005627578357234597
140,-0.00031782512087374926
141,0.00017059699166566133
142,-0.00007362023461610079
143,0.0004143683472648263
144,0.0009014894021674991
145,0.00004616344813257456
146,-0.00019783445168286562
147,-0.000319437007419765
148,-0.0010506323305889964
149,-0.00007306155748665333
150,-0.0004388068336993456
151,-0.0016576357884332538
152,0.0002967116888612509
153,0.0009060075972229242
154,0.0002946013119071722
155,-0.00019375793635845184
156,-0.0006812497740611434
157,0.00005174404941499233
158,-0.00007029739208519459
159,0.0005396498600021005
160,0.00017281807959079742
161,-0.000315324985422194
162,-0.0008026002906262875
163,0.0002964952727779746
164,0.0004179436946287751
165,0.00041721388697624207
166,0.0000505989883095026
167,-0.0008032124023884535
168,0.00005195988342165947
169,0.0002958041150122881
170,0.00017332949209958315
171,0.0002949953777715564
172,0.000050559407100081444
173,0.0007822525221854448
174,0.000536950072273612
175,-0.0003177272155880928
176,0.00017069431487470865
177,0.00004843901842832565
178,0.0004142482066527009
179,0.0005354832392185926
180,-0.0003191924188286066
181,-0.00031861732713878155
182,-0.0000741186086088419
183,0.00004798418376594782
184,-0.00019601592794060707
185,-0.0008054677164182067
186,-0.0006820653798058629
187,-0.0005588802741840482
188,-0.0006798373069614172
189,-0.0005566547624766827
190,-0.0003117277519777417
191,0.00005472637712955475
192,-0.0005551653448492289
193,-0.00031023973133414984
194,0.0006660223007202148
195,0.0002989696804434061
196,-0.0003113560378551483
197,-0.0005547115579247475
198,-0.0009195961756631732
199,0.0005455970531329513
200,0.00017875933554023504
201,0.0005443443078547716
202,-0.00031033996492624283
203,0.00017807481344789267
204,0.00017777446191757917
205,0.0001774742268025875
206,0.00017717480659484863
207,-0.0000670489389449358
208,-0.00006691447924822569
209,0.0004210671177133918
210,0.00017641019076108932
211,-0.00006781239062547684
212,-0.00018963951151818037
213,0.00042052112985402346
214,0.0005417506908997893
215,0.00017491600010544062
216,-0.0005571529036387801
217,-0.0014098832616582513
218,-0.0005536305252462626
219,0.0009109120583161712
220,-0.00043227081187069416
221,-0.0005534489173442125
222,0.000057360390201210976
223,0.0001792372204363346
224,0.0000569736585021019
225,-0.00030899664852768183
226,0.00042334047611802816
227,-0.00018720445223152637
228,0.0004229542100802064
229,-0.00006562843918800354
230,-0.0007972673047333956
231,-0.0006738723022863269
232,0.000424999394454062
233,0.0005462246481329203
234,0.00042330974247306585
235,-0.00018723506946116686
236,-0.0009186575189232826
237,0.0001806487562134862
238,-0.00006357813253998756
239,0.0004243999719619751
240,-0.00006418395787477493
241,0.00030183279886841774
242,0.00005738995969295502
243,0.00017926632426679134
244,-0.0016504639061167836
245,-0.00006200990173965693
246,0.00018204329535365105
247,-0.00018414692021906376
248,0.00030404655262827873
249,0.0001815633149817586
250,-0.00018462631851434708
251,0.00042552954982966185
252,0.000668715569190681
253,0.0001796975266188383
254,0.00005743326619267464
255,-0.00030853808857500553
0,-0.0007958207279443741
1,-0.0006724275881424546
2,-0.0007931763539090753
3,0.0000619860365986824
4,-0.000425951206125319
5,-0.00030321197118610144
6,-0.00042461405973881483
7,0.0005518576363101602
8,0.00018501316662877798
9,-0.00042510346975177526
10,-0.0003023650497198105
11,0.00006407953333109617
12,0.0005518356338143349
13,0.0005508769536390901
14,-0.0005477378144860268
15,0.00006306555587798357
16,-0.0006687964778393507
17,0.00018614658620208502
18,0.0006736853392794728
19,-0.000059261335991322994
20,-0.0009128681849688292
21,-0.00017945363651961088
22,-0.00030107435304671526
23,0.0005532166687771678
24,0.0004302948946133256
25,-0.0005461425753310323
26,-0.0003012266242876649
27,0.00006521691102534533
28,0.00030904775485396385
29,-0.000057364581152796745
30,-0.0005450876196846366
31,-0.0004221346462145448
32,-0.0009092086693271995
33,-0.00041972112376242876
34,-0.00029698817525058985
35,-0.001394091290421784
36,-0.0007817777805030346
37,0.0003172971773892641
38,0.0008046111324802041
39,0.0005592865636572242
40,-0.00029541191179305315
41,-0.00041682180017232895
42,-0.0004160532262176275
43,0.000438448041677475
44,0.0001937737688422203
45,0.00019345805048942566
46,0.0006809900514781475
47,0.0009237312478944659
48,0.0005562308942899108
49,0.00006741995457559824
50,-0.0006644467357546091
51,0.00019049143884330988
52,0.00019017851445823908
53,0.0007996748900040984
54,-0.00017741636838763952
55,0.0000668457942083478
56,-0.0002991347573697567
57,0.001286925165913999
58,0.00030896684620529413
59,-0.00017940753605216742
60,0.00006485660560429096
61,-0.000057198572903871536
62,-0.0003009989159181714
63,-0.00030044233426451683
64,-0.00005596224218606949
65,-0.0004217255627736449
66,0.000432780128903687
67,0.0003100726753473282
68,0.0003095444990321994
69,-0.00017883081454783678
70,-0.0004224148578941822
71,-0.000909489463083446
72,-0.00029804103542119265
73,0.00019036070443689823
74,-0.0002978005213662982
75,-0.0013949039857834578
76,-0.0006606285460293293
77,0.0003162676002830267
78,0.0006816196255385876
79,0.00019258831162005663
80,-0.0006614607991650701
81,-0.000538296764716506
82,0.00031642033718526363
83,0.000681772013194859
84,-0.000051183393225073814
85,-0.000051065580919384956
86,-0.000050948234274983406
87,0.00043701648246496916
88,0.0003143049543723464
89,-0.00005211285315454006
90,-0.00041788071393966675
91,-0.00005122646689414978
92,0.00007085315883159637
93,0.00019271532073616982
94,-0.000051524490118026733
95,0.00031447887886315584
96,0.00031394592951983213
97,0.00043537584133446217
98,0.0006785511504858732
99,0.0004334456752985716
100,0.00031073729041963816
101,0.0004321694141253829
102,0.0003094619605690241
103,-0.0007887238170951605
104,-0.0001774914562702179
105,0.00018873217049986124
106,-0.00017746665980666876
107,0.0003107187803834677
108,0.0006760748801752925
109,-0.00005687586963176727
110,-0.0007885252125561237
111,-0.0006651408039033413
112,0.000433720531873405
113,0.0005549350753426552
114,-0.00042172358371317387
115,-0.000177028588950634
116,0.00018919422291219234
117,0.0007986902492120862
118,0.0006753315683454275
119,-0.0001795807620510459
120,-0.0009110127575695515
121,0.0003102455521002412
122,0.00006579223554581404
123,0.0006755064241588116
124,-0.00005744420923292637
125,-0.0005451693432405591
126,0.0000656291376799345
127,0.00006553367711603642
128,-0.0001784855267032981
129,-0.0005440330132842064
130,-0.00017715943977236748
131,-0.0005427078576758504
132,0.00006808817852288485
133,-0.00041985686402767897
134,-0.000663011334836483
135,-0.0002959237899631262
136,0.0003144367365166545
137,0.0004358647856861353
138,-0.000052732531912624836
139,-0.0000526143703609705
140,-0.0004183826968073845
141,-0.000051729148253798485
142,0.0005581972654908895
143,0.00019134453032165766
144,-0.00041878048796206713
145,-0.0009058602154254913
146,-0.0002944163279607892
147,0.00007201835978776217
148,0.0000719169620424509
149,-0.00029407034162431955
150,-0.0009033308597281575
151,-0.0009016989497467875
152,-0.0001682970905676484
153,0.0003198792692273855
154,-0.0004124310798943043
155,-0.00016774481628090143
156,-0.00016741687431931496
157,-0.00004512735176831484
158,0.0003208689158782363
159,-0.0008992896182462573
160,-0.0005317756440490484
161,0.00007901014760136604
162,-0.0006528692319989204
163,-0.0005297152092680335
164,-0.0001628546742722392
165,0.00008139258716255426
166,-0.0013822606997564435
167,-0.00003818911500275135
168,0.0005717243766412139
169,0.00008289737161248922
170,-0.0004050623392686248
171,-0.00016038306057453156
172,-0.00040398607961833477
173,0.00032853963784873486
174,0.00008406885899603367
175,-0.0002819300862029195
176,0.0004503788659349084
177,0.001181386411190033
178,0.0004475513705983758
179,-0.00016301916912198067
180,0.0004471131833270192
181,-0.0006513046100735664
182,0.0003255808260291815
183,0.0004469981649890542
184,-0.000041610212065279484
185,0.00020242005120962858
186,0.0004460170166566968
187,0.00007937138434499502
188,0.0008110330672934651
189,0.0004437380703166127
190,-0.00004486797843128443
191,-0.0001667203614488244
192,0.00007752946112304926
193,0.0001993838232010603
194,-0.000044864602386951447
195,0.00044309243094176054
196,-0.00016747484914958477
197,0.0001987372525036335
198,0.0004423371283337474
199,0.000441579963080585
200,-0.00041290989611297846
201,0.00019766087643802166
202,-0.0007783572655171156
203,0.00007678696420043707
204,0.00007667986210435629
205,0.0000765722943469882
206,0.0001984268892556429
207,0.000198103254660964
208,0.00007581745740026236
209,0.000197672750800848
210,0.0006851968355476856
211,-0.0001697263214737177
212,-0.00029135996010154486
213,-0.0004127772990614176
214,-0.00016809254884719849
215,0.0001981196692213416
216,0.0004417196614667773
217,0.00019703886937350035
218,-0.00016916973982006311
219,0.001172738499008119
220,0.00019498635083436966
221,0.00019466516096144915
222,0.00007238227408379316
223,0.00019424024503678083
224,0.0001939198700711131
225,0.00007163744885474443
226,0.00031545793171972036
227,0.00031492102425545454
228,0.00019242276903241873
229,-0.0002957436954602599
230,0.0003146140370517969
231,-0.0002957319375127554
232,-0.00005125964526087046
233,-0.00017310772091150284
234,0.0000711467582732439
235,0.0005588913336396217
236,-0.0005397357745096087
237,0.0005589029751718044
238,0.0005579328862950206
239,-0.000418731477111578
240,-0.0017595465760678053
241,-0.0011465881252661347
242,0.0001970550511032343
243,0.0005626173224300146
244,0.00031772011425346136
245,0.00019521883223205805
246,0.00031685910653322935
247,0.0003163203364238143
248,0.0008036303333938122
249,0.000436339876614511
250,0.00006970122922211885
251,0.00006959924940019846
252,0.00006949703674763441
253,0.00006939505692571402
254,-0.0005405164556577802
255,-0.000051687005907297134
0,0.00031431287061423063
1,0.0005576999392360449
2,0.00031280715484172106
3,0.00031227211002260447
4,0.0000678135547786951
5,-0.0001762108877301216
6,0.00019000761676579714
7,0.0010434234282001853
8,0.00018785533029586077
9,0.000065577682107687
10,0.000309402821585536
11,0.0004308326169848442
12,0.0004300839500501752
13,-0.00030243524815887213
14,0.00006400409620255232
15,0.000185868120752275
16,0.0001855543814599514
17,-0.0009124167263507843
18,-0.00005704641807824373
19,-0.0005447755102068186
20,-0.0005437904037535191
21,-0.000054958276450634
22,0.0003110439283773303
23,-0.0005432231118902564
24,-0.0006642012158408761
25,0.00006876990664750338
26,0.00006866804324090481
27,-0.0004192809574306011
28,-0.00005263055209070444
29,0.0001914078602567315
30,0.00031305046286433935
31,0.00006859074346721172
32,-0.00017543451394885778
33,-0.0006629504496231675
34,-0.0005397902568802238
35,0.0005588475614786148
36,0.0000700290547683835
37,0.0001918876077979803
38,-0.0005402032984420657
39,-0.0004172608023509383
40,0.0009250832954421639
41,-0.0011498904787003994
42,0.00007179286330938339
43,0.00019365001935511827
44,-0.0006604047957807779
45,-0.000659208744764328
46,-0.00041409023106098175
47,0.0004404035862535238
48,0.0001957220956683159
49,-0.00017048721201717854
50,0.0003176875179633498
51,-0.00004873843863606453
52,0.00007333385292440653
53,0.0005610749358311296
54,-0.00004970759619027376
55,-0.0002935203956440091
56,-0.00004905171226710081
57,-0.00029286532662808895
58,-0.0002923209685832262
59,0.00031803175806999207
60,0.0004394530551508069
61,-0.00004915171302855015
62,0.003731777425855398
63,-0.003104696865193546
64,0.00007184711284935474
65,0.00019370380323380232
66,-0.00005054206121712923
67,-0.00053827790543437
68,-0.00004945171531289816
69,-0.00017130270134657621
70,0.0001949099823832512
71,0.0003165489761158824
72,0.00007208541501313448
73,-0.00041586800944060087
74,-0.0009029541397467256
75,-0.000047593144699931145
76,0.0004403631901368499
77,0.0004396050935611129
78,-0.000414885813370347
79,-0.00041412527207285166
80,-0.00004748010542243719
81,0.0001965524861589074
82,0.0005621133605018258
83,-0.00017063284758478403
84,-0.000048344722017645836
85,-0.0006580445915460587
86,0.00007491977885365486
87,0.0003187350230291486
88,-0.00016965449322015047
89,0.00019655667711049318
90,0.0008060409454628825
91,0.0001948231365531683
92,-0.00004942435771226883
93,-0.0002932376228272915
94,-0.00004877068568021059
95,0.0005611487431451678
96,-0.0005374827887862921
97,-0.00004865764640271664
98,-0.0006583578651770949
99,-0.00016931723803281784
100,-0.00016899220645427704
101,-0.000046705943532288074
102,0.0009290968300774693
103,-0.000048224697820842266
104,0.00019580789376050234
105,-0.000292364158667624
106,-0.00004789792001247406
107,-0.000047789537347853184
108,-0.00004768080543726683
109,0.00007438927423208952
110,-0.0001696429681032896
111,-0.001023051212541759
112,-0.00016747601330280304
113,-0.0002891148906201124
114,0.00032123399432748556
115,-0.000655005918815732
116,-0.0001659686677157879
117,-0.00004368508234620094
118,-0.0004094662144780159
119,-0.0001647875178605318
120,-0.00028642918914556503
121,0.00020195520482957363
122,0.0006894724210724235
123,0.00007846567314118147
124,-0.0002875324571505189
125,-0.00040895643178373575
126,-0.00053016422316432
127,0.000080615165643394
128,-0.0005293086869642138
129,0.0005693176062777638
130,-0.00028539809864014387
131,0.0006908330833539367
132,0.0005676724249497056
133,-0.000043117906898260117
134,0.00007894763257354498
135,0.0000788344768807292
136,-0.00016520253848284483
137,0.0008108132751658559
138,0.00032155169174075127
139,0.0004429680993780494
140,-0.00016760313883423805
141,0.00007664295844733715
142,0.0011741886846721172
143,0.00007446971721947193
144,0.00007436017040163279
145,0.00007425108924508095
146,0.00031806540209800005
147,0.00007359916344285011
148,-0.00017043331172317266
149,0.0005616626003757119
150,0.0006826486205682158
151,0.00019360927399247885
152,0.00031524745281785727
153,-0.00005117873661220074
154,0.00007089355494827032
155,-0.00017313659191131592
156,0.00019307609181851149
157,0.0001927528064697981
158,0.0000704677077010274
159,0.00019232346676290035
160,0.00007003883365541697
161,0.0008017041254788637
162,0.0006783362478017807
163,0.00006733858026564121
164,-0.00017668877262622118
165,-0.00017635873518884182
166,0.00043378083501011133
167,0.0005549883935600519
168,-0.00005579134449362755
169,0.0001882466021925211
170,0.00006596534512937069
171,0.0005537107354030013
172,0.000796664971858263
173,0.00018545391503721476
174,-0.0001807486405596137
175,-0.0006682625971734524
176,-0.0005451006582006812
177,0.00030961527954787016
178,-0.0001787681831046939
179,0.0004313732497394085
180,-0.0006670362781733274
181,0.00030985812190920115
182,-0.000056563643738627434
183,-0.0009101821342483163
184,-0.0002987406915053725
185,-0.00017623219173401594
186,-0.000053940690122544765
187,0.0005559810670092702
188,-0.0004206855082884431
189,-0.00017599842976778746
190,0.00019021646585315466
191,0.0003118569729849696
192,0.0005552429938688874
193,0.00006642448715865612
194,-0.00029956409707665443
195,-0.00017705524805933237
196,0.0003111225087195635
197,0.0004325471818447113
198,-0.00042193965055048466
199,0.0003105960786342621
200,-0.0002997502451762557
201,0.00018864462617784739
202,-0.00029952311888337135
203,-0.00042093766387552023
204,0.00006767315790057182
205,-0.002493630861863494
206,-0.00029386929236352444
207,-0.0004152893088757992
208,-0.0005364929093047976
209,-0.00004767091013491154
210,-0.001511107198894024
211,0.0000771047780290246
212,-0.0002888939343392849
213,0.00007752934470772743
214,-0.00016650755424052477
215,-0.00016618717927485704
216,-0.0002878289669752121
217,0.00007859303150326014
218,0.0005663266638293862
219,-0.00004446425009518862
220,0.00007760128937661648
221,0.0005653352709487081
222,0.0015400502597913146
223,0.00019575597252696753
224,-0.0004143805708736181
225,-0.0002916614757850766
226,0.0001967257121577859
227,0.0004403217462822795
228,0.00007367506623268127
229,-0.0001703586895018816
230,-0.0005359209608286619
231,0.0020262522157281637
232,-0.00005067919846624136
233,-0.0002944944426417351
234,-0.0002939521800726652
235,-0.00017144845332950354
236,-0.0024884003214538097
237,-0.000044720363803207874
238,-0.0007763883331790566
239,-0.0002871371107175946
240,-0.0004085636464878917
241,0.00008003553375601768
242,0.0003238433273509145
243,0.00007937022019177675
244,0.00020121666602790356
245,0.0005667703226208687
246,-0.00016598333604633808
247,-0.00016566389240324497
248,-0.0000433832174167037
249,-0.0001652430510148406
250,0.00020096113439649343
251,0.00044455251190811396
252,0.0009316352661699057
253,0.00019823212642222643
254,-0.0005338687915354967
255,-0.000045050051994621754
0,-0.0004108329303562641
1,0.0003216919722035527
2,-0.00004474143497645855
3,0.00007732328958809376
4,0.00007720908615738153
5,-0.00016682851128280163
6,0.00019937707111239433
7,0.0001990458695217967
8,0.00007675366941839457
9,-0.00041120743844658136
10,0.00032131699845194817
11,0.00044273154344409704
12,0.0000760817201808095
13,0.0003198925405740738
14,-0.000046539586037397385
15,0.0005633739056065679
16,0.00044043257366865873
17,-0.00004817708395421505
18,-0.00029199523851275444
19,0.00007442943751811981
20,0.00019627960864454508
21,-0.0005358201451599598
22,-0.000290923984721303
23,0.00044138531666249037
24,0.00019669858738780022
25,0.00031833164393901825
26,0.00019582442473620176
27,-0.0004143130499869585
28,-0.0013892523711547256
29,-0.0005330301355570555
30,0.00007774936966598034
31,0.0000776342349126935
32,-0.0007762137101963162
33,-0.0002869636518880725
34,-0.0010182008845731616
35,0.0004471761640161276
36,0.0003244458930566907
37,0.0005678186425939202
38,0.0002009489107877016
39,-0.00040919333696365356
40,-0.0005304041551426053
41,0.0003242964157834649
42,-0.0008958736434578896
43,-0.000040523242205381393
44,-0.000528272707015276
45,-0.00003945967182517052
46,0.0006924087647348642
47,-0.0006503751501441002
48,-0.00016134569887071848
49,0.0002048539463430643
50,0.00020451715681701899
51,0.0008139904821291566
52,0.0002027611481025815
53,-0.00028542126528918743
54,-0.00004096503835171461
55,0.0013007140951231122
56,0.0005666569340974092
57,0.00019978790078312159
58,0.0001994555350393057
59,0.00019912340212613344
60,0.00007682992145419121
61,0.0003206389956176281
62,0.00032009079586714506
63,0.0003195429453626275
64,0.00031899590976536274
65,0.00019648706074804068
66,-0.00016972795128822327
67,-0.00041333073750138283
68,-0.00029061478562653065
69,-0.0002900778781622648
70,-0.0001675799721851945
71,-0.000045298831537365913
72,-0.000533044571056962
73,-0.00028815190307796
74,-0.000043693697080016136
75,-0.000043593114241957664
76,-0.0002874166239053011
77,-0.0004088447894901037
78,-0.00040809495840221643
79,-0.00040734547656029463
80,0.00008125090971589088
81,-0.00028475397266447544
82,-0.00040618458297103643
83,-0.000039551290683448315
84,0.00008250726386904716
85,0.0003263104008510709
86,0.00032575707882642746
87,-0.000040681916289031506
88,-0.0006503938930109143
89,0.00008255860302597284
90,0.00020440027583390474
91,0.0008138724369928241
92,0.00020264263730496168
93,0.0005681926850229502
94,-0.0001645644661039114
95,0.00007967546116560698
96,0.0009332905756309628
97,0.0006877316627651453
98,0.00032064574770629406
99,-0.0002897125668823719
100,-0.00041113910265266895
101,0.00007745984476059675
102,-0.000044618151150643826
103,0.00007744459435343742
104,0.00032125203870236874
105,0.000564626301638782
106,0.0005636437563225627
107,0.00007481442298740149
108,-0.00016922340728342533
109,0.0000750202452763915
110,0.000562753644771874
111,0.00019588693976402283
112,0.0003175188321620226
113,-0.00017087487503886223
114,0.0003172936849296093
115,0.000804595067165792
116,0.00007141102105379105
117,-0.00041654787492007017
118,-0.0004157916409894824
119,-0.00004915054887533188
120,-0.00029296986758708954
121,0.000439339317381382
122,-0.00004927138797938824
123,-0.00017112900968641043
124,-0.0005366933764889836
125,0.0005619347793981433
126,0.0006829160265624523
127,-0.000050051603466272354
128,-0.0005377940833568573
129,-0.000536822248250246
130,-0.00041388929821550846
131,0.0005625595804303885
132,0.0000737304799258709
133,0.00007361744064837694
134,-0.00017041945829987526
135,0.0003177480539306998
136,0.0006830871570855379
137,-0.000049881055019795895
138,0.0001941475784406066
139,0.0003157806349918246
140,0.00007131171878427267
141,0.0008029715390875936
142,-0.0005400209920480847
143,-0.00005119945853948593
144,-0.00005109363701194525
145,0.0004368596710264683
146,0.0006800222909078002
147,0.00031294231303036213
148,-0.00029740994796156883
149,0.00006901717279106379
150,0.00031283136922866106
151,0.00043425080366432667
152,0.0003115297295153141
153,0.0000670640729367733
154,-0.002616205019876361
155,-0.000050344737246632576
156,0.00019368447829037905
157,-0.0002944919979199767
158,-0.00017199129797518253
159,-0.002245022216811776
160,-0.0008994353702291846
161,0.00044376321602612734
162,-0.00004485191311687231
163,-0.00016671372577548027
164,-0.0005322828656062484
165,-0.000043468549847602844
166,0.0003225157270208001
167,-0.000409807194955647
168,-0.0001651340862736106
169,-0.0005307046230882406
170,-0.0010175870265811682
171,-0.00040594651363790035
172,-0.0005271625705063343
173,0.00008360890205949545
174,-0.0002823995891958475
175,0.0000840136781334877
176,0.0006936999270692468
177,-0.0000392780639231205
178,-0.0002831070451065898
179,-0.00016061693895608187
180,-0.0002822680398821831
181,0.0009378781542181969
182,-0.0007712288061156869
183,-0.000038062455132603645
184,-0.0001599306706339121
185,-0.000525505980476737
186,0.00045114895328879356
187,-0.00028139702044427395
188,-0.0008906800067052245
189,-0.0007671082857996225
190,-0.00015590782277286053
191,-0.00039952469523996115
192,-0.00003289966844022274
193,-0.0005206585628911853
194,0.0002120687859132886
195,0.0004556466592475772
196,0.0003329056780785322
197,0.00008842046372592449
198,0.0004541784292086959
199,-0.0004003323847427964
200,0.0003321790136396885
201,0.0006975037977099419
202,-0.00027940201107412577
203,-0.00015691597945988178
204,0.00008731510024517775
205,0.0009409213671460748
206,0.00008554407395422459
207,-0.0007683144649490714
208,-0.000644960324279964
209,-0.0013755576219409704
210,-0.0008852367755025625
211,0.00021402467973530293
212,-0.00027417088858783245
213,-0.0005175753030925989
214,-0.0010044705122709274
215,0.00009500503074377775
216,0.00021683285012841225
217,-0.0000274415360763669
218,-0.0002712818095460534
219,0.0008268917445093393
220,0.0000936856959015131
221,0.0000935529824346304
222,0.00021538184955716133
223,0.00033699453342705965
224,0.00021446659229695797
225,0.0005800036014989018
226,0.0004570430610328913
227,-0.0006413948722183704
228,-0.00027433910872787237
229,-0.00039578182622790337
230,-0.0001511226873844862
231,-0.0006386692402884364
232,0.00021623179782181978
233,0.0009476527338847518
234,-0.00027361686807125807
235,-0.00002917496021836996
236,-0.00015105260536074638
237,-0.0017362564103677869
238,-0.0008794047171249986
239,-0.0006338827079162002
240,-0.0008766432292759418
241,-0.0002652381081134081
242,-0.0008745368104428053
243,-0.0008729430846869946
244,-0.0006274271290749311
245,-0.00013842200860381126
246,0.0025450288085266948
247,-0.000020650215446949005
248,-0.00038645940367132425
249,-0.0008735809242352843
250,-0.0003841404104605317
251,-0.00038341642357409
252,-0.0003826925531029701
253,-0.0002600079169496894
254,-0.000015578349120914936
255,0.0009601878700777888
0,0.00022675399668514729
1,-0.00013949209824204445
2,0.00010472128633409739
3,-0.001480927225202322
4,0.0004731370136141777
5,0.0001064549433067441
6,-0.00013761455193161964
7,0.00035052106250077486
8,0.0005938655231148005
9,0.00108070089481771
10,0.00046901300083845854
11,0.0003462579334154725
12,-0.0001421651104465127
13,-0.0008736447198316455
14,-0.000018319464288651943
15,0.0007135253399610519
16,-0.0006292827893048525
17,0.00046953209675848484
18,0.0004687383770942688
19,0.0004679453559219837
20,0.0005891148466616869
21,0.00010025862138718367
22,-0.000875576981343329
23,-0.0005080979317426682
24,-0.00014127069152891636
25,-0.00014098011888563633
26,-0.0005065753357484937
27,-0.00001778744626790285
28,0.0003481704043224454
29,-0.00001829303801059723
30,0.0002257033484056592
31,-0.0011162380687892437
32,-0.0005044052377343178
33,0.0001063426025211811
34,-0.000015765894204378128
35,0.00010626635048538446
36,-0.00013780384324491024
37,-0.00025947869289666414
38,-0.000015051336959004402
39,0.0007167896255850792
40,0.0005935966037213802
41,-0.00013918790500611067
42,0.00010502419900149107
43,-0.0003829691559076309
44,0.000471485429443419
45,0.0003487271023914218
46,0.00010422419290989637
47,0.00034800299908965826
48,0.00022546283435076475
49,0.00010313931852579117
50,0.00022495724260807037
51,-0.0001412894343957305
52,-0.0005068855825811625
53,-0.0005059457616880536
54,0.002300116349942982
55,-0.00014316884335130453
56,-0.000264839269220829
57,0.00022351567167788744
58,-0.00014272972475737333
59,0.0007112941239029169
60,0.0004661433631554246
61,-0.0006323056295514107
62,-0.000021337531507015228
63,-0.00014322472270578146
64,-0.000020972220227122307
65,0.00034498749300837517
66,0.0002224491909146309
67,-0.000021833693608641624
68,0.00022216467186808586
69,0.00107553880661726
70,0.0008297392632812262
71,0.0007063363445922732
72,-0.0007584289414808154
73,-0.0005131259094923735
74,-0.0007561054080724716
75,0.00022096699103713036
76,0.00009864673484116793
77,-0.000023456290364265442
78,-0.0005112282233312726
79,-0.000266361515969038
80,-0.000021929736249148846
81,-0.00014381716027855873
82,-0.00026548816822469234
83,-0.0008747903630137444
84,-0.0007512378506362438
85,-0.000018093734979629517
86,-0.0005058709066361189
87,-0.00013904750812798738
88,-0.00026072305627167225
89,0.00010566588025540113
90,0.00022747984621673822
91,-0.0001387700904160738
92,0.0002274014987051487
93,-0.00026081036776304245
94,-0.000016383943147957325
95,-0.0005041625117883086
96,-0.00013734109234064817
97,-0.00025901850312948227
98,-0.00025851698592305183
99,0.0008396405028179288
100,0.0005942659918218851
101,-0.00013852107804268599
102,-0.00013823551125824451
103,-0.0005038360832259059
104,0.0007167180301621556
105,0.0007154851919040084
106,0.00034836726263165474
107,-0.000018099206499755383
108,-0.0005058766109868884
109,0.00010486936662346125
110,-0.00038312573451548815
111,0.0008372124284505844
112,-0.0013595505151897669
113,-0.0007472870638594031
114,-0.00013610976748168468
115,0.00010809674859046936
116,-0.00013597763609141111
117,-0.0015992375556379557
118,0.0019405406201258302
119,0.00022966950200498104
120,0.0003512637922540307
121,-0.00038109126035124063
122,-0.0007462598150596023
123,0.00010883982758969069
124,-0.00001327355857938528
125,-0.0011108656181022525
126,-0.0004990404704585671
127,-0.00001026294194161892
128,0.00035568501334637403
129,0.0009649066487327218
130,0.00047538767103105783
131,0.0001086989650502801
132,0.00035247078631073236
133,-0.0007457715691998601
134,0.00010932760778814554
135,0.000353098614141345
136,0.00010858895257115364
137,0.00023039861116558313
138,-0.0001358557492494583
139,0.0007181594846770167
140,0.0009608475957065821
141,0.0004713317612186074
142,0.0003485702909529209
143,0.00010406435467302799
144,-0.0006278554210439324
145,0.0004709538770839572
146,0.0003481925232335925
147,0.0004695724928751588
148,0.00034681183751672506
149,0.0011999645503237844
150,0.0009539431193843484
151,-0.00014537607785314322
152,0.00022079912014305592
153,-0.000023485161364078522
154,0.00034247373696416616
155,0.00021993450354784727
156,0.00009761250112205744
157,0.00021943170577287674
158,0.00021907186601310968
159,0.0008285220246762037
160,0.0008270794060081244
161,-0.000028095440939068794
162,-0.0011256752768531442
163,-0.0006358000682666898
164,-0.00014679378364235163
165,0.000463306438177824
166,0.00021858944091945887
167,-0.000391579233109951
168,0.0002189552178606391
169,0.0005844814004376531
170,0.0007054338930174708
171,-0.0005154102109372616
172,-0.0019780098227784038
173,-0.0002669999375939369
174,-0.0005104178562760353
175,-0.0002655554562807083
176,-0.0007528987480327487
177,-0.0007515278412029147
178,-0.000262310728430748
179,-0.000017885351553559303
180,0.00010414374992251396
181,-0.0007497386541217566
182,-0.0011142564471811056
183,-0.00025850615929812193
184,-0.0003799704136326909
185,0.000108591397292912
186,-0.0003794098738580942
187,-0.00013477227184921503
188,-0.00025645492132753134
189,0.00035385042428970337
190,0.0004752242239192128
191,-0.00013538997154682875
192,-0.0006229577120393515
193,-0.0015975064598023891
194,-0.0006189319537952542
195,-0.00012994138523936272
196,-0.0000077045988291502
197,0.0002362770028412342
198,0.0004798250738531351
199,0.0004790159873664379
200,0.0004782077157869935
201,0.0002334762830287218
202,-0.000010820687748491764
203,-0.000010760733857750893
204,-0.000010700314305722713
205,-0.00025456410367041826
206,-0.0003760319668799639
207,0.00011252495460212231
208,-0.0002535182284191251
209,0.0001128598814830184
210,0.0006005491595715284
211,-0.00037617096677422523
212,0.00035631004720926285
213,-0.00013212847989052534
214,0.00011207116767764091
215,-0.000010048504918813705
216,-0.00037587492261081934
217,-0.00025320379063487053
218,-0.00037467351648956537
219,-0.0003739657113328576
220,0.00023655151017010212
221,0.00023617467377334833
222,-0.0003740115789696574
223,-0.001348998979665339
224,0.0009707174031063914
225,0.0003592284629121423
226,0.0006025576731190085
227,0.00023564486764371395
228,0.00035723019391298294
229,0.00011271366383880377
230,0.00023451680317521095
231,0.0004780651070177555
232,0.0004772563697770238
233,0.0001105626579374075
234,-0.00037744175642728806
235,-0.0004986937856301665
236,0.0003559658071026206
237,0.00011144974268972874
238,-0.00013263162691146135
239,0.00023352948483079672
240,0.0004770782543346286
241,0.00011038454249501228
242,0.00011022749822586775
243,0.00011007022112607956
244,0.0003538371529430151
245,0.00010932295117527246
246,-0.0001347570214420557
247,0.0005972915096208453
248,-0.0002574652899056673
249,0.00023087672889232635
250,0.0003524657804518938
251,-0.0002579328138381243
252,-0.0008672474650666118
253,-0.0013535169418901205
254,-0.00025341613218188286
255,-0.00013096374459564686
0,-0.0004965759580954909
1,-0.0004956520861014724
2,-0.0002508057514205575
3,0.00011556816753000021
4,0.0010911008575931191
5,-0.0002523759612813592
6,-0.000007962808012962341
7,-0.0003737928345799446
8,-0.0003730868920683861
9,0.00011546560563147068
10,0.00023726490326225758
11,-0.0013486187672242522
12,-0.0003704845439642668
13,0.00024002743884921074
14,-0.0003701639361679554
15,0.0003623098600655794
16,-0.00012613669969141483
17,0.00011805573012679815
18,0.000361814396455884
19,-0.00037055532447993755
20,-0.0006137768505141139
21,-0.00024675577878952026
22,-0.0006121576298028231
23,-0.0007329856744036078
24,0.0003660207148641348
25,0.0003654182655736804
26,-0.0003669551806524396
27,-0.0007321418961510062
28,-0.0007307932246476412
29,0.0004901728825643659
30,0.0000015039695426821709
31,0.0002454739296808839
32,0.00024508649948984385
33,0.0007325472543016076
34,0.00012148404493927956
35,-6.46570697426796e-7
36,-5.988404154777527e-7
37,0.0006092586554586887
38,0.000608222559094429
39,-0.0002465455327183008
40,0.0002417850773781538
41,0.00024140055757015944
42,0.00024101638700813055
43,0.00036259449552744627
44,0.0007278799312189221
45,0.00011682044714689255
46,0.0003605791134759784
47,-0.000005905283614993095
48,-0.0001278148265555501
49,-0.0001275460235774517
50,0.00011664617341011763
51,-0.0001274426467716694
52,0.00036067317705601454
53,0.0013357693096622825
54,0.0008455895585939288
55,-0.0004974547773599625
56,0.0001132769975811243
57,-0.000008847448043525219
58,-0.0029358784668147564
59,-0.00024746067356318235
60,-0.0008567870827391744
61,-0.00024541118182241917
62,-0.0007327775238081813
63,0.00036622723564505577
64,0.0006095467833802104
65,-0.00012326170690357685
66,-0.0003669215366244316
67,-0.0001223002327606082
68,0.00012188672553747892
69,-0.0002441696124151349
70,-0.0003656515618786216
71,0.0003668159479275346
72,0.00036621035542339087
73,0.0007314918329939246
74,0.0003643515519797802
75,0.00011982501018792391
76,0.0007294653914868832
77,-0.0000035586999729275703
78,0.00048433791380375624
79,-0.000004327856004238129
80,-0.0002482021227478981
81,0.00024012848734855652
82,0.00023974396754056215
83,0.00011739786714315414
84,0.00011723046191036701
85,0.00048294931184500456
86,-0.00037160131614655256
87,0.0007267567561939359
88,0.00011569645721465349
89,-0.00037231692112982273
90,-0.00012769200839102268
91,0.00011649902444332838
92,0.0002382941311225295
93,-0.000006012851372361183
94,-0.00024988618679344654
95,-0.0004933259915560484
96,-0.000004561501555144787
97,-0.00012647430412471294
98,-0.0006140561308711767
99,-0.0001250759232789278
100,-0.00024677347391843796
101,-0.00012433086521923542
102,-0.0003679906949400902
103,-0.0001233699731528759
104,-0.0000011452939361333847
105,-0.0004889472620561719
106,-0.0003660726360976696
107,5.081528797745705e-7
108,5.522742867469788e-7
109,0.0004884441150352359
110,-0.00036611221730709076
111,-0.0002434555208310485
112,0.0006107555236667395
113,0.0008536390960216522
114,0.0004862808855250478
115,-0.0003682738170027733
116,-0.0004895390011370182
117,-0.00012274039909243584
118,0.0003653686726465821
119,0.00012083945330232382
120,-0.00036717974580824375
121,0.0002433250192552805
122,0.0007307840278372169
123,-0.00012420478742569685
124,0.000607829075306654
125,0.00036286748945713043
126,0.0003622639924287796
127,-0.00012618675827980042
128,-0.000003960449248552322
129,-0.0007356846472248435
130,-0.0000025653280317783356
131,0.00036336632911115885
132,-0.000003123888745903969
133,0.0001188844908028841
134,0.00011871429160237312
135,0.00024050578940659761
136,0.0003620811039581895
137,0.00011755374725908041
138,-0.00012653926387429237
139,-0.000004313187673687935
140,-0.0008579988498240709
141,-0.000612510833889246
142,0.00048627564683556557
143,0.0006074152188375592
144,0.0004844152135774493
145,-0.00037013902328908443
146,0.00011840614024549723
147,-0.0003696120111271739
148,0.00024089415092021227
149,0.00011854467447847128
150,-0.00012554996646940708
151,0.00011863675899803638
152,-0.0000034957192838191986
153,0.0003624360542744398
154,0.00023986981250345707
155,-0.00024836475495249033
156,-0.00012592237908393145
157,-0.0006135071162134409
158,0.0003633181331679225
159,0.00048467458691447973
160,0.00023992930073291063
161,-0.00024830526672303677
162,-0.0003697870997712016
163,-0.0000032052630558609962
164,0.00048468762543052435
165,-0.000613790936768055
166,-0.0000028517097234725952
167,-0.0001247685868293047
168,0.0006072645774111152
169,0.00011837785132229328
170,-0.00000375544186681509
171,0.00048413791228085756
172,0.0006052785320207477
173,0.00048227934166789055
174,0.0007253831718116999
175,-0.0004954882897436619
176,-0.0006165342638269067
177,0.000238330801948905
178,0.0002379444194957614
179,0.0003595201997086406
180,-0.00025089201517403126
181,-0.000494333915412426
182,-0.00012753368355333805
183,0.0004825394134968519
184,0.0006036811973899603
185,-0.000007164780981838703
186,-0.00012907851487398148
187,0.00011511030606925488
188,-0.0008607539348304272
189,-0.0003713408950716257
190,-0.00037064438220113516
191,0.00036182336043566465
192,-0.00012662936933338642
193,0.0002395189367234707
194,0.00048305466771125793
195,0.000604195287451148
196,-0.000006651272997260094
197,-0.0002505277516320348
198,-0.0000061229802668094635
199,0.0004817713052034378
200,0.0001150654861703515
201,-0.0002509894547984004
202,-0.0004944322863593698
203,0.0003602153155952692
204,0.00048157304991036654
205,-0.0003729802556335926
206,-0.0004942445084452629
207,-0.0003713688347488642
208,0.00011717528104782104
209,0.00036092742811888456
210,0.0002383606042712927
211,-0.00037183600943535566
212,-0.0003711394965648651
213,0.000605251407250762
214,0.0007261745631694794
215,-0.00037273706402629614
216,-0.0001281161094084382
217,0.00011607061605900526
218,-0.000006061629392206669
219,0.00035986979492008686
220,-0.0001285815378651023
221,-0.000006356625817716122
222,-0.00049415766261518
223,0.00023852696176618338
224,-0.000127746956422925
225,-0.000493369996547699
226,0.00023931392934173346
227,0.00011696305591613054
228,0.00011679134331643581
229,0.00036054314114153385
230,-0.00037183298263698816
231,0.00023867213167250156
232,0.00023828388657420874
233,0.00023789575789123774
234,-0.0001283775782212615
235,-0.0012257720809429884
236,-0.0004917874466627836
237,-0.00012499140575528145
238,0.0008509636390954256
239,0.0006055652629584074
240,0.000848448951728642
241,-0.0001287185586988926
242,0.00023742998018860817
243,0.00060292799025774
244,0.0007238523103296757
245,0.00035671296063810587
246,-0.00037566025275737047
247,-0.0001310377847403288
248,-0.0006186205428093672
249,-0.0004955275217071176
250,-0.0004946136614307761
251,0.0006039559375494719
252,0.0006029173964634538
253,-0.0008616633713245392
254,0.00023755780421197414
255,-0.0003726399736478925
0,-0.0002499819966033101
1,-0.00012754183262586594
2,-0.0006151278503239155
3,-0.0008579236455261707
4,-0.0004904777742922306
5,-0.0003676068736240268
6,-0.00024495390243828297
7,0.00012140546459704638
8,-7.330672815442085e-7
9,-0.0008544264128431678
10,0.0001228258479386568
11,-0.0004871618002653122
12,-0.00036429439205676317
13,-0.00036360626108944416
14,-0.000850766315124929
15,-0.00011744140647351742
16,-0.0001171893673017621
17,0.0007367952493950725
18,0.00036964379251003265
19,-0.00011881859973073006
20,0.00000339653342962265
21,0.00012539420276880264
22,0.00012521317694336176
23,-0.00011889124289155006
24,0.00036920898128300905
25,0.0006125185173004866
26,0.0003675472689792514
27,0.0003669341094791889
28,0.0002443598350510001
29,-0.0006097686709836125
30,-0.00012079882435500622
31,-0.000608392059803009
32,0.0002464620629325509
33,-0.00036374456249177456
34,-0.00011913408525288105
35,-0.00011888158041983843
36,0.00000333273783326149
37,0.0014669109368696809
38,0.0006106120999902487
39,0.00024368008598685265
40,0.00024328508879989386
41,-0.0000010334188118577003
42,-0.0006108038360252976
43,1.284060999751091e-7
44,0.000122128170914948
45,0.00012194947339594364
46,0.00036569463554769754
47,0.0008529301267117262
48,0.0003636039327830076
49,-0.00036877766251564026
50,0.0002417224459350109
51,-0.0002465186407789588
52,-0.0002460450632497668
53,0.00012031360529363155
54,-0.0000018256250768899918
55,0.00012017553672194481
56,0.000363921863026917
57,0.0006072348915040493
58,-0.0002475421642884612
59,-0.00012510595843195915
60,-0.00012484891340136528
61,0.00024129380472004414
62,0.0002408998552709818
63,0.0006063926266506314
64,-0.0009801555424928665
65,-0.0004905326059088111
66,0.00048606935888528824
67,0.0006072031101211905
68,0.0004841972840949893
69,0.00036140880547463894
70,0.00011687621008604765
71,-0.000005260691978037357
72,0.0002387047279626131
73,0.0004822371993213892
74,-0.0002503591822460294
75,-0.00024988269433379173
76,-0.001103140413761139
77,0.00011847144924104214
78,0.0007281042635440826
79,-0.0007366987410932779
80,-0.0007353568216785789
81,-0.000855978112667799
82,0.0002432346809655428
83,0.0007306865882128477
84,0.0006074621342122555
85,-0.0004912399454042315
86,-0.0004903330700471997
87,0.00036430603358894587
88,0.0008515416411682963
89,-0.0002475939691066742
90,-0.000856929924339056
91,0.00012032187078148127
92,-0.0000018188729882240295
93,0.0002421434037387371
94,-0.0000021758023649454117
95,-0.00024606124497950077
96,0.0003642201190814376
97,0.0006075315177440643
98,-0.0002472469350323081
99,-0.00036873621866106987
100,-0.0006119705503806472
101,-0.00036692479625344276
102,-0.0002442755503579974
103,0.00060992781072855
104,-9.292270988225937e-7
105,-0.00012285425327718258
106,-0.00024456228129565716
107,0.00012179359328001738
108,0.0004874984733760357
109,-0.0001231413334608078
110,-0.00012288743164390326
111,-0.0003665576223284006
112,0.00036590045783668756
113,-0.00024452328216284513
114,-0.0002440533135086298
115,0.00048818730283528566
116,0.00024343235418200493
117,0.000608920818194747
118,0.00024198787286877632
119,-0.0002462555421516299
120,0.00012010138016194105
121,-0.0004898874321952462
122,-0.00024505937471985817
123,0.00012129661627113819
124,-8.456408977508545e-7
125,-8.096685633063316e-7
126,-7.73230567574501e-7
127,0.0003651486476883292
128,0.00024257262703031301
129,-0.00012370990589261055
130,0.00024242966901510954
131,0.0002420326927676797
132,-0.0000022873282432556152
133,0.0001197117380797863
134,-0.0000024293549358844757
135,0.0001195699442178011
136,-0.000002571498043835163
137,0.0004853135906159878
138,0.00024056038819253445
139,-0.0006135683506727219
140,-0.0004904844099655747
141,-0.0001236940734088421
142,-0.0003673646133393049
143,0.00048705528024584055
144,-0.0000016236444935202599
145,-0.0004894344601780176
146,-0.00036656949669122696
147,0.00024392572231590748
148,-0.0003662823000922799
149,-0.00012167298700660467
150,0.00012250198051333427
151,-0.00048748974222689867
152,0.00012322119437158108
153,-0.0006087335059419274
154,-0.00036369217559695244
155,0.00024680024944245815
156,0.00036836089566349983
157,0.0004897046601399779
158,0.0006108328234404325
159,-0.00012198870535939932
160,-0.0001217374810948968
161,0.0001224372535943985
162,2.9278453439474106e-7
163,0.00012228870764374733
164,0.00012210605200380087
165,0.0007317331619560719
166,0.00012065737973898649
167,0.00036440021358430386
168,0.0006077091675251722
169,-0.0000031477538868784904
170,-0.000490958453156054
171,-0.0000022070016711950302
172,-0.0000021706800907850266
173,-0.0000021349405869841576
174,-0.000002098735421895981
175,0.00024186086375266314
176,0.00011950149200856686
177,0.0007291302317753434
178,0.0002400185912847519
179,-0.00037018698640167713
180,0.0001183485146611929
181,-0.0003696786006912589
182,-0.000003105378709733486
183,-0.0012226876569911838
184,-0.0002447884762659669
185,-0.0006102061597630382
186,0.0004885687958449125
187,0.00012184912338852882
188,-0.0002442196710035205
189,-0.00048767589032649994
190,0.0000010720686987042427
191,0.0000011045485734939575
192,0.0002450611209496856
193,-0.00036514911334961653
194,-0.00012054236140102148
195,0.00012363039422780275
196,0.000489331316202879
197,6.488990038633347e-7
198,0.0006104911444708705
199,-0.000610178685747087
200,7.480848580598831e-7
201,-0.0003651048755273223
202,0.0000014634570106863976
203,0.0004893431905657053
204,-0.00036522524897009134
205,-0.00012061884626746178
206,-0.0003642936935648322
207,-0.00024165003560483456
208,0.0001247003674507141
209,0.0007343237521126866
210,0.0000012826640158891678
211,0.00036720011848956347
212,0.00036658160388469696
213,0.0006098878802731633
214,0.00036491279024630785
215,0.00012037274427711964
216,0.00048607587814331055
217,0.0006072053220123053
218,0.00024027086328715086
219,-0.00036993587855249643
220,-0.00024728779681026936
221,-0.0000028944341465830803
222,0.00011910253670066595
223,0.0002408830914646387
224,-0.0000034390250220894814
225,-0.00036928895860910416
226,0.0004851300036534667
227,0.00011841231025755405
228,0.0004841169575229287
229,0.00023936200886964798
230,-0.00037084450013935566
231,-0.00024819537065923214
232,-0.000125763937830925
233,-0.00012551131658256054
234,-0.00012525904458016157
235,0.00011891685426235199
236,-0.00012518861331045628
237,0.0006068346556276083
238,-0.000004023779183626175
239,-0.000003987690433859825
240,-0.0004917996702715755
241,-0.0004908971022814512
242,-0.0000021473970264196396
243,0.0003637720365077257
244,0.0003631559666246176
245,0.00011861626990139484
246,-0.0004913745215162635
247,-0.0003685108385980129
248,-0.0003678260836750269
249,-0.0004891043063253164
250,-0.0004882039502263069
251,0.00036642851773649454
252,-0.00012203783262521029
253,1.725275069475174e-7
254,-0.0006096052238717675
255,-0.000730451662093401
0,0.000368536333553493
1,0.0007338011637330055
2,7.593771442770958e-7
3,-0.00024313339963555336
4,-0.00012070673983544111
5,-0.000608307309448719
6,0.000002616201527416706
7,0.0006124549545347691
8,0.0001235527452081442
9,-0.0002425194252282381
10,0.00036775367334485054
11,0.0000012476230040192604
12,0.0006110873073339462
13,-0.0003656612243503332
14,-0.0008528274483978748
15,-0.00024147017393261194
16,-0.00024100742302834988
17,-0.00024054537061601877
18,-0.0010938169434666634
19,-0.00023810507263988256
20,-0.00109137874096632
21,0.00013021647464483976
22,0.000008061528205871582
23,-0.0008456477662548423
24,-0.0015758780064061284
25,-0.00023145682644098997
26,-0.00023100385442376137
27,0.0003792589996010065
28,-0.00010921992361545563
29,-0.0007187931332737207
30,0.000014298013411462307
31,0.0003802020801231265
32,0.00013564585242420435
33,-0.0002304378431290388
34,-0.0007178331725299358
35,-0.00035062897950410843
36,-0.0005938851973041892
37,0.00026094785425812006
38,-0.0004712413065135479
39,-0.00034839671570807695
40,0.0002620778977870941
41,0.0006275443593040109
42,0.0007484371308237314
43,-0.0010822759941220284
44,-0.0005924614379182458
45,-0.0005913625936955214
46,-0.0003463414032012224
47,-0.0010774497641250491
48,-0.0008315627928823233
49,0.000023697735741734505
50,0.00014566874597221613
51,0.00014546094462275505
52,0.0001452532596886158
53,0.000023083994165062904
54,0.00014505523722618818
55,-0.0002210381207987666
56,-0.00009863311424851418
57,-0.001561950077302754
58,-0.0007053903536871076
59,-0.00033819815143942833
60,0.0005161905428394675
61,0.0003933659754693508
62,0.0007586065912619233
63,-0.00034034554846584797
64,-0.0007055740570649505
65,-0.00046034366823732853
66,0.0000283755362033844
67,0.0003942652838304639
68,0.0006375429220497608
69,-0.00021726940758526325
70,-0.00046075438149273396
71,0.00002796528860926628
72,0.0007597405929118395
73,0.0002705968217924237
74,0.00002624478656798601
75,0.00014821230433881283
76,0.00014800089411437511
77,-0.00021809572353959084
78,0.00014822930097579956
79,0.00014801777433604002
80,0.0005136922700330615
81,0.0010006785159930587
82,0.00038914161268621683
83,0.00014457502402365208
84,-0.0003434804966673255
85,-0.00009889807552099228
86,-0.0002206352073699236
87,-0.00034215603955090046
88,-0.00009757489897310734
89,-0.0007071609143167734
90,0.000025917193852365017
91,-0.0000960394972935319
92,0.00014810613356530666
93,-0.0003399535780772567
94,0.0001485493266955018
95,-0.00021754868794232607
96,-0.00046103436034172773
97,-0.0003382015274837613
98,-0.0003375479718670249
99,-0.00021493330132216215
100,0.0005172736709937453
101,0.0006383698200806975
102,0.0002714031143113971
103,0.0001490109134465456
104,-0.00009512656833976507
105,-0.0008266769582405686
106,0.000516424304805696
107,0.00002771161962300539
108,-0.00009424739982932806
109,-0.00033795181661844254
110,-0.0013129940489307046
111,0.00039685831870883703
112,0.00039620790630578995
113,-0.0000922896433621645
114,-0.00045795796904712915
115,-0.00021316646598279476
116,-0.0002127335174009204
117,-0.0003342627314850688
118,-0.00008968973997980356
119,-0.0005773223238065839
120,0.0003994543803855777
121,0.0007646866142749786
122,0.00015357427764683962
123,0.0001533563481643796
124,0.00003117613960057497
125,-0.00045667251106351614
126,0.00027596449945122004
127,-0.00033428019378334284
128,-0.0002116698306053877
129,-0.0005771241849288344
130,-0.0004540816880762577
131,0.000644439016468823
132,0.0003994269063696265
133,0.00015484902542084455
134,0.000032667419873178005
135,0.00039855041541159153
136,0.0003978967433795333
137,0.00015332037582993507
138,-0.0003347456222400069
139,0.000031788134947419167
140,0.0003976717125624418
141,0.0002750568091869354
142,-0.0014328447869047523
143,-0.0005765123059973121
144,0.002107728971168399
145,0.0005185347981750965
146,-0.00033606705255806446
147,-0.0005793416639789939
148,-0.00009041198063641787
149,-0.00033412163611501455
150,0.0003982969792559743
151,0.000519605353474617
152,-0.000456959824077785
153,0.00039763806853443384
154,-0.000822633970528841
155,-0.0002113098744302988
156,-0.00045480404514819384
157,0.0001558678923174739
158,0.00003368430770933628
159,-0.0002102444414049387
160,0.00027803145349025726
161,0.0006434781244024634
162,0.0011302368948236108
163,0.00039651046972721815
164,0.00015193410217761993
165,-0.0007020178018137813
166,0.0001530140871182084
167,0.0002747559919953346
168,0.00003039604052901268
169,0.000030393246561288834
170,0.00015235261525958776
171,0.00003017124254256487
172,0.00015213072765618563
173,0.000273873214609921
174,0.00027343747206032276
175,-0.00009288359433412552
176,0.000517140724696219
177,-0.00045942317228764296
178,-0.0010683670407161117
179,-0.00009072315879166126
180,0.00027537555433809757
181,0.000762785435654223
182,0.0007614815840497613
183,-0.00009355484507977962
184,-0.0005811873124912381
185,-0.0003361813724040985
186,0.0008840850787237287
187,0.0005166789051145315
188,0.0001499241916462779
189,0.00014970602933317423
190,0.00027145002968609333
191,0.00100278714671731
192,0.001001052325591445
193,0.00014558597467839718
194,-0.00022051401901990175
195,0.0002677696757018566
196,0.0006332236807793379
197,-0.0004655144875869155
198,0.00026712706312537193
199,0.0005106200696900487
200,0.0006317177321761847
201,0.0002647519577294588
202,0.0011180562432855368
203,-0.0003474323311820626
204,-0.00010285165626555681
205,0.00026325671933591366
206,0.00026282877661287785
207,0.002335753757506609
208,-0.0003515200223773718
209,0.0005028739105910063
210,0.000014168443158268929
211,0.0006239881040528417
212,0.0005009525921195745
213,-0.0003536365693435073
214,-0.00047493656165897846
215,-0.0005960202543064952
216,-0.00010707892943173647
217,0.0008688425878062844
218,0.0003794867079705
219,-0.00010900059714913368
220,-0.00010877323802560568
221,0.0006232258165255189
222,0.0003782286075875163
223,0.0003775898367166519
224,-0.0004767817445099354
225,-0.0003539405297487974
226,0.000012607313692569733
227,0.0001345798373222351
228,0.0006222219672054052
229,0.0004991872701793909
230,0.00025440880563110113
231,0.0007418354507535696
232,0.00013073859736323357
233,0.00000857433769851923
234,0.0006183981895446777
235,0.00049536710139364
236,0.00012862961739301682
237,0.00012842880096286535
238,-0.000237657455727458
239,0.00025063997600227594
240,-0.00023762520868331194
241,0.0007385197095572948
242,0.0006152731366455555
243,-0.00011756503954529762
244,0.000004631467163562775
245,0.000004649162292480469
246,0.0001266287872567773
247,-0.0004833800485357642
248,-0.00023857166524976492
249,-0.0006040068110451102
250,0.00025082670617848635
251,0.0004943325184285641
252,0.00012759561650454998
253,-0.00048241380136460066
254,-0.00023760669864714146
255,-0.0004810810787603259
0,-0.0007241222774609923
1,-0.0007228072499856353
2,-0.0003556075971573591
3,0.00037682626862078905
4,0.0004981497768312693
5,0.0007412185659632087
6,0.0007399312453344464
7,-0.00023705034982413054
8,-0.0004805253120139241
9,-0.00035768188536167145
10,0.00013082986697554588
11,0.0001306263729929924
12,0.0004963089013472199
13,-0.00011435395572334528
14,0.0002517626853659749
15,0.0002513434737920761
16,0.0002509246114641428
17,0.00012854381930083036
18,-0.00023754313588142395
19,0.00012879131827503443
20,0.0003725130809471011
21,-0.00011596945114433765
22,-0.0006035849219188094
23,-0.0006024854956194758
24,-0.00011354009620845318
25,0.00037453777622431517
26,-0.00011394696775823832
27,0.000008245231583714485
28,-0.0008454743074253201
29,-0.0009659057250246406
30,-0.00011042645201086998
31,0.0001337244175374508
32,-0.0003543293569236994
33,-0.00010974530596286058
34,-0.000231480342335999
35,0.00037877215072512627
36,0.0003781309351325035
37,0.00013356644194573164
38,-0.0004764491459354758
39,-0.0003536102594807744
40,-0.0005968741606920958
41,-0.00010793388355523348
42,-0.00047359499149024487
43,0.00013708940241485834
44,-0.00010704458691179752
45,0.000015141558833420277
46,0.00013711012434214354
47,0.00013690022751688957
48,0.0001366903306916356
49,-0.0005952906794846058
50,-0.0004722379380837083
51,-0.0005933261709287763
52,-0.000470275292173028
53,-0.0004694039234891534
54,-0.0001026475802063942
55,0.000019534025341272354
56,0.0002634604461491108
57,-0.0018103226320818067
58,-0.0008313736179843545
59,0.0001458389451727271
60,0.0002675828291103244
61,-0.00009873788803815842
62,0.000023440225049853325
63,-0.0005863704718649387
64,0.00014648353680968285
65,0.0002682263730093837
66,0.00026779109612107277
67,-0.0004644152941182256
68,-0.00021962588652968407
69,-0.0004631179617717862
70,0.00039147946517914534
71,0.0002688643289729953
72,0.0006343135610222816
73,0.0006332275224849582
74,0.000144294579513371
75,0.00038800144102424383
76,0.0007532363524660468
77,0.00014212634414434433
78,-0.0002239744644612074
79,0.0003862695302814245
80,-0.00010222685523331165
81,0.0003858390264213085
82,-0.00034658145159482956
83,0.000019956612959504128
84,0.000019957893528044224
85,0.0007517302874475718
86,0.0005065074656158686
87,-0.00034809065982699394
88,-0.0007133227773010731
89,-0.00034613441675901413
90,-0.00034548272378742695
91,0.000021053594537079334
92,0.00014301587361842394
93,-0.00046701065730303526
94,0.0006315135397017002
95,0.0001425817608833313
96,0.000020403414964675903
97,0.00026432762388139963
98,0.000019970815628767014
99,-0.00022395211271941662
100,-0.0005894037894904613
101,-0.0010761672165244818
102,-0.0003424459137022495
103,0.00014604965690523386
104,0.00026779144536703825
105,0.00038931705057621
106,0.0002667023800313473
107,-0.00022158073261380196
108,-0.00046507257502526045
109,0.001731106429360807
110,-0.00010135932825505733
111,-0.00022310460917651653
112,-0.0005885572172701359
113,-0.0004655123921111226
114,0.00014516222290694714
115,0.000022981083020567894
116,0.000022978289052844048
117,-0.0010746809421107173
118,-0.00009703799150884151
119,0.00002513662911951542
120,0.0002690558321774006
121,-0.00009726791176944971
122,-0.000340979197062552
123,0.00026947620790451765
124,0.0006349233444780111
125,0.000024025561287999153
126,-0.00009794032666832209
127,0.000024234643206000328
128,0.000024230568669736385
129,-0.0003416590625420213
130,0.000024872715584933758
131,0.00039075384847819805
132,0.0003900987794622779
133,0.00026748236268758774
134,0.00014508364256471395
135,0.0003887871280312538
136,0.000510095851495862
137,0.0002653026022017002
138,0.00014290539547801018
139,-0.00022319855634123087
140,-0.00010080449283123016
141,0.0005092199426144361
142,-0.00010145828127861023
143,0.00038660468999296427
144,-0.00010189437307417393
145,0.0013618640368804336
146,0.0005057456437498331
147,0.000138993957079947
148,-0.00047103059478104115
149,0.00013964774552732706
150,0.0006272798636928201
151,0.0005042351549491286
152,0.000015522935427725315
153,-0.00022839766461402178
154,0.000015962286852300167
155,0.0008696983568370342
156,0.0006242593517526984
157,0.0003792558563873172
158,-0.00035316101275384426
159,-0.00010858208406716585
160,0.0002575252437964082
161,-0.00023075134959071875
162,0.00037949637044221163
163,0.00013492663856595755
164,0.0002566768089309335
165,0.000744096003472805
166,0.000011029536835849285
167,0.0004988837754353881
168,0.0001321373274549842
169,0.0006197757320478559
170,0.0009845850290730596
171,0.000251087942160666
172,-0.0004811069229617715
173,-0.00011434382759034634
174,0.0003737297374755144
175,0.000738974311389029
176,0.0003717981744557619
177,0.00012723507825285196
178,0.00012702937237918377
179,0.0002487865276634693
180,0.0001264028251171112
181,0.00024815998040139675
182,0.000491662765853107
183,0.0004908082773908973
184,0.00024603086058050394
185,0.0002456115325912833
186,0.0002451925538480282
187,8.50181095302105e-7
188,-0.0003650202415883541
189,0.00024545437190681696
190,-0.00012085004709661007
191,0.00012330536264926195
192,0.0006109508685767651
193,-0.00024385098367929459
194,0.0007322931196540594
195,0.00012119882740080357
196,-9.634532034397125e-7
197,-9.468058124184608e-7
198,-0.0007327016210183501
199,-0.00036549847573041916
200,0.00036693818401545286
201,0.0006102267652750015
202,-0.00012261304073035717
203,0.00012154376599937677
204,0.00048722897190600634
205,0.000852263648994267
206,0.0006068398943170905
207,0.000361850718036294
208,-0.00012662773951888084
209,0.0002394943730905652
210,-0.00024876720272004604
211,0.00011757190804928541
212,0.00036129856016486883
213,-0.00012717954814434052
214,-0.00024890445638448
215,0.0007272443035617471
216,0.0009698871290311217
217,0.00011444068513810635
218,-0.000861448934301734
219,-0.0003720618551596999
220,-0.0004933524178341031
221,-0.0003705032868310809
222,0.00011801440268754959
223,0.00036174035631120205
224,0.0002391473390161991
225,0.00036069576162844896
226,0.000847912859171629
227,0.00011464511044323444
228,-0.00025143532548099756
229,0.0006027536001056433
230,0.0001138440566137433
231,0.0006014974787831306
232,0.00011258898302912712
233,-0.000009565846994519234
234,0.00035634380765259266
235,0.00035571749322116375
236,-0.00013275595847517252
237,-0.0008642855100333691
238,-0.00037489598616957664
239,-0.0002522604772821069
240,-0.000129842315800488
241,0.00035824463702738285
242,-0.000496117165312171
243,0.003163629677146673
244,0.00010896881576627493
245,-0.0007449542172253132
246,0.000354030285961926
247,-0.0008662131149321795
248,-0.00037682184483855963
249,-0.0006200704956427217
250,-0.00037503824569284916
251,-0.0001304409233853221
252,-0.00013020099140703678
253,-0.0008617332205176353
254,-0.0001284220488741994
255,-0.000006222398951649666
0,0.0007255695527419448
1,-0.00025140505749732256
2,0.00011493591591715813
3,0.0003586644306778908
4,-0.0007396209985017776
5,-0.000250450917519629
6,-0.0006158817559480667
7,-0.003907748963683844
8,0.0003678732318803668
9,0.00012331234756857157
10,-0.0004866998642683029
11,-0.0006077804137021303
12,-0.0003627596888691187
13,-0.0008499445393681526
14,0.000005317735485732555
15,0.0002492519561201334
16,0.0001268669730052352
17,-0.00036118668504059315
18,-0.00036052579525858164
19,0.0003719065571203828
20,0.00024930399376899004
21,-0.0003609289415180683
22,-0.00036026781890541315
23,-0.00072549341712147
24,-0.00035829783882945776
25,-0.0003576392773538828
26,-0.00011305767111480236
27,0.00037501321639865637
28,0.0002524083247408271
29,0.0006178676849231124
30,-0.00023694161791354418
31,0.0001293863169848919
32,0.00012917770072817802
33,-0.00011495430953800678
34,0.000007232767529785633
35,-0.0003586446400731802
36,-0.00011406221892684698
37,-0.00023579970002174377
38,-0.00011339678894728422
39,0.00037467444781214
40,0.00098384078592062
41,0.00012838083785027266
42,-0.0003596745664253831
43,-0.00035901519004255533
44,0.0006173388101160526
45,0.0000064532505348324776
46,-0.00011549959890544415
47,-0.00060312170535326
48,-0.00023614370729774237
49,0.0002521447604522109
50,0.0006176044698804617
51,-0.000237205415032804
52,-0.0003587249666452408
53,0.00012978061567991972
54,-0.000236314139328897
55,0.0004958983045071363
56,0.0002511147176846862
57,0.00025068921968340874
58,0.0007381115574389696
59,0.0007368199294432998
60,0.00012571958359330893
61,-0.00024037167895585299
62,-0.000483851064927876
63,0.000004874309524893761
64,0.0003707698779180646
65,0.0002481675473973155
66,0.0001257825642824173
67,-0.0020697375293821096
68,-0.0001146513968706131
69,0.0009832297218963504
70,0.00012777012307196856
71,-0.0003602852812036872
72,-0.0003596256719902158
73,-0.00011504348367452621
74,0.000007143360562622547
75,-0.000114810885861516
76,0.0004952229792252183
77,0.0002504396252334118
78,0.000006090383976697922
79,-0.0002378247445449233
80,0.0004943887470290065
81,0.0003715676721185446
82,0.0003709266893565655
83,-0.0001175618963316083
84,0.0004924744134768844
85,-0.00011819228529930115
86,0.0001259589334949851
87,0.0002477141097187996
88,0.0009790624026209116
89,0.0006114537827670574
90,0.00024449662305414677
91,-0.0004876952152699232
92,0.0000010331859812140465
93,0.0003669317811727524
94,0.0008541417773813009
95,0.00024282862432301044
96,0.00024240976199507713
97,0.0004859149921685457
98,0.00024113955441862345
99,0.00036268425174057484
100,0.00024008878972381353
101,0.0002396723721176386
102,-0.0000046675559133291245
103,-0.0000046497443690896034
104,-0.0006144415820017457
105,-0.00012549245730042458
106,-0.00012525892816483974
107,0.0006067455979064107
108,-0.0004919787170365453
109,0.00011871499009430408
110,-0.00012540933676064014
111,-0.0006130231777206063
112,-0.00012407568283379078
113,-0.0006116910371929407
114,-0.0004886299138888717
115,-0.0004877492319792509
116,9.790528565645218e-7
117,-0.00024293200112879276
118,0.0006112470291554928
119,0.0003662519156932831
120,0.0008534624939784408
121,-0.00024569814559072256
122,-0.0002452497137710452
123,-0.00036676356103271246
124,0.00012174865696579218
125,-4.1641760617494583e-7
126,-0.00024432665668427944
127,-0.00012191722635179758
128,0.0009759698295965791
129,-0.0003673321334645152
130,0.0002431425964459777
131,0.00109645607881248
132,-0.00036902271676808596
133,-0.00012443261221051216
134,-0.0003681242233142257
135,-0.0001235350500792265
136,-0.0004891892895102501
137,-0.0006102693732827902
138,0.0019520275527611375
139,0.00048502988647669554
140,0.00024025468155741692
141,0.00011787586845457554
142,-0.000370171619579196
143,-0.0001255807001143694
144,-0.00012534740380942822
145,-0.00036903831642121077
146,-0.0003683719551190734
147,-0.0000018209684640169144
148,0.00012015609536319971
149,0.00011995388194918633
150,0.0004856378072872758
151,0.00024086202029138803
152,-0.000003479188308119774
153,-0.0006132726557552814
154,-0.00012432504445314407
155,-0.0003680166555568576
156,0.00024245795793831348
157,0.0002420387463644147
158,0.0003635816974565387
159,0.00036294700112193823
160,-0.00012553553096950054
161,0.00024058320559561253
162,-0.00012571981642395258
163,-0.00012548686936497688
164,0.00011866993736475706
165,-0.00024741655215620995
166,-0.000003043212927877903
167,0.00024089624639600515
168,0.00011851661838591099
169,0.00048420135863125324
170,0.00023942708503454924
171,0.00036097236443310976
172,-0.000371432164683938
173,-0.000004878034815192223
174,0.00023906270507723093
175,0.00023864663671702147
176,-0.000005693058483302593
177,0.0003602105425670743
178,0.00035957840736955404
179,0.0004809085512533784
180,0.00035809853579849005
181,-0.0006182269426062703
182,-0.000007313094101846218
183,-0.0003731800243258476
184,0.00035926129203289747
185,0.00011470611207187176
186,0.00023647036869078875
187,0.0003580184420570731
188,0.00023542600683867931
189,-0.000008911010809242725
190,-0.0002528137993067503
191,-0.00025235977955162525
192,-0.0006177914328873158
193,-0.0003727641887962818
194,-0.0006160186603665352
195,-0.0013466882519423962
196,-0.0006125151412561536
197,0.0001203552819788456
198,-0.0008555426029488444
199,0.0003656080225482583
200,-0.00012287672143429518
201,-0.000488532125018537
202,-0.00036568986251950264
203,-0.0007309126667678356
204,-0.0007296004332602024
205,-0.00024044152814894915
206,-0.0008498079841956496
207,0.0002493755891919136
208,0.0002489498583599925
209,-0.000117360963486135
210,-0.00036105967592447996
211,-0.00048236269503831863
212,-0.00011560251004993916
213,-0.0003593023866415024
214,0.00037312565837055445
215,0.00012855790555477142
216,0.000006385962478816509
217,-0.00035949295852333307
218,0.0002509738551452756
219,0.0009823174914345145
220,0.000980590470135212
221,-0.0003627161495387554
222,-0.0006059803999960423
223,-0.0012146967928856611
224,0.000007097376510500908
225,0.0002510275226086378
226,-0.00011528574395924807
227,0.0004947470733895898
228,0.000006038462743163109
229,0.001591550069861114
230,0.00024715892504900694
231,-0.0007289606146514416
232,0.000004121335223317146
233,0.000004129600711166859
234,0.00037002412136644125
235,0.000003496767021715641
236,-0.0003623798256739974
237,0.000004165107384324074
238,0.00012613553553819656
239,0.0006137748714536428
240,0.00024681410286575556
241,-0.0006073430413380265
242,0.00012552202679216862
243,-0.00024057133123278618
244,-0.00048405234701931477
245,-0.00023925304412841797
246,-0.00048273534048348665
247,-0.000115975271910429
248,0.00025013426784425974
249,0.0008595164399594069
250,0.0003701586974784732
251,-0.0012159880716353655
252,-0.000604002270847559
253,0.000006897840648889542
254,0.000006903777830302715
255,0.0003727952716872096
0,-0.0001156969228759408
1,-0.0006033212412148714
2,-0.0003583076177164912
3,0.0004960809601470828
4,0.000983066507615149
5,0.0000056426506489515305
6,-0.0004821982001885772
7,0.0007382944459095597
8,-0.00023869494907557964
9,0.0000056693097576498985
10,0.0002495999215170741
11,0.0002491729101166129
12,0.0004926708061248064
13,0.00012592528946697712
14,-0.0007280164863914251
15,-0.0003608217230066657
16,-0.00036016455851495266
17,0.0006161876954138279
18,0.0006151096895337105
19,0.00037010933738201857
20,-0.0001183805288746953
21,0.00049165403470397
22,0.0004907952388748527
23,0.0009777848608791828
24,0.0013419463066384196
25,0.00024191662669181824
26,0.0004854201106354594
27,0.0003626049729064107
28,-0.0001258784905076027
29,0.0008500484982505441
30,0.0003606985555961728
31,0.00011614069808274508
32,0.00048182636965066195
33,0.0008468617452308536
34,0.0006014384562149644
35,0.00047841190826147795
36,0.00023364101070910692
37,0.00023322808556258678
38,0.00023281574249267578
39,-0.000011520343832671642
40,0.00011046323925256729
41,0.00011026847641915083
42,0.00047595915384590626
43,-0.0002566571347415447
44,0.0008414561161771417
45,0.0004740757867693901
46,-0.00001461501233279705
47,0.00010737113188952208
48,-0.00001478288322687149
49,-0.000014758319593966007
50,0.00022919022012501955
51,0.0007166286231949925
52,0.0002275056904181838
53,0.0005929841427132487
54,0.0003480027662590146
55,0.00046934199053794146
56,-0.0001413063146173954
57,-0.0002630231902003288
58,0.0002252866979688406
59,-0.0003849283093586564
60,-0.002457601949572563
61,0.00022992270532995462
62,0.0005953987129032612
63,0.0003504157066345215
64,0.0004717526026070118
65,0.00034894945565611124
66,-0.000627369387075305
67,-0.0006262585520744324
68,-0.000259262858889997
69,-0.0007466515526175499
70,-0.000013555283658206463
71,-0.0005013791378587484
72,-0.000012640957720577717
73,0.0002313057193532586
74,0.0007187423761934042
75,-0.00038019183557480574
76,0.000596177764236927
77,0.00010727019980549812
78,-0.00013684574514627457
79,0.00035124330315738916
80,-0.00038115354254841805
81,0.0005952166393399239
82,0.0007161194225773215
83,0.0008368064882233739
84,-0.00001841760240495205
85,-0.0008721227059140801
86,0.00022707914467900991
87,-0.00026117509696632624
88,0.00010517111513763666
89,-0.00013894308358430862
90,-0.0003826234024018049
91,0.0009596343152225018
92,0.0002261545741930604
93,0.0007135960040614009
94,0.0004683994920924306
95,0.0002236377913504839
96,0.00022323383018374443
97,-0.00026501703541725874
98,0.00010133231990039349
99,0.000710955006070435
100,0.00022183696273714304
101,-0.0002664125058799982
102,-0.000022023916244506836
103,-0.000021992367692291737
104,-0.0000219615176320076
105,0.0003439555875957012
106,-0.0005103967851027846
107,-0.000631459872238338
108,-0.00002053612843155861
109,0.00022341799922287464
110,0.00010105234105139971
111,0.00034478981979191303
112,0.0004661316052079201
113,0.00022137223277240992
114,0.0004648938775062561
115,-0.00026771193370223045
116,-0.0007550934096798301
117,-0.00002198887523263693
118,0.0003439278807491064
119,-0.000022576656192541122
120,-0.0005103925941511989
121,0.00010031578131020069
122,-0.000021831830963492393
123,0.00022212322801351547
124,0.00046564440708607435
125,-0.000023038126528263092
126,-0.000023005995899438858
127,-0.00038885953836143017
128,-0.00038817699532955885
129,-0.00026553322095423937
130,0.00046670250594615936
131,0.0002219426678493619
132,-0.000022383523173630238
133,-0.000998046831227839
134,-0.0003864716272801161
135,0.0003459799336269498
136,0.0001014356967061758
137,-0.00026463670656085014
138,-0.0005080967675894499
139,0.00022457167506217957
140,-0.00026368023827672005
141,-0.00014125555753707886
142,-0.00014100992120802402
143,0.00034708366729319096
144,0.000712347449734807
145,-0.000020694918930530548
146,-0.0011183219030499458
147,-0.0005065314471721649
148,-0.000017788144759833813
149,0.00034812488593161106
150,0.00046946469228714705
151,-0.0006290310993790627
152,-0.0007498804479837418
153,-0.000016780453734099865
154,0.0002271702978760004
155,-0.00013912201393395662
156,-0.00013887824025005102
157,-0.000504520139656961
158,-0.00001577869988977909
159,0.0003501330502331257
160,-0.00001637695822864771
161,-0.00013831211254000664
162,0.0007156641222536564
163,0.001202237675897777
164,0.00046832626685500145
165,-0.00014232099056243896
166,0.00022381171584129333
167,-0.00014247768558561802
168,0.00022365490440279245
169,-0.0002645958447828889
170,-0.0001421703491359949
171,-0.00014192343223839998
172,0.0005900943651795387
173,0.000589040108025074
174,0.00034406327176839113
175,-0.00038832693826407194
176,0.00010020274203270674
177,-0.00026586814783513546
178,0.0003444063477218151
179,0.00009986339136958122
180,-0.0002662071492522955
181,-0.00026574195362627506
182,0.00010060868225991726
183,0.0009541561594232917
184,0.0016842249315232038
185,0.0003396423999220133
186,-0.0002707816893234849
187,-0.0011240456951782107
188,-0.00039028783794492483
189,0.00009824370499700308
190,-0.000389787252061069
191,-0.00014517991803586483
192,-0.000022968510165810585
193,0.00009902578312903643
194,0.00009884184692054987
195,-0.0005111516220495105
196,-0.000022404245100915432
197,0.0000995896989479661
198,0.0008311762940138578
199,-0.00002404162660241127
200,-0.0002679320750758052
201,0.0002203828189522028
202,0.0002199825830757618
203,0.0005854680202901363
204,0.000584418186917901
205,0.00046140747144818306
206,-0.000027271336875855923
207,-0.000393120339140296
208,0.0005832613678649068
209,0.00009436591062694788
210,0.00009418628178536892
211,0.00021596834994852543
212,0.00021557195577770472
213,0.00021517626009881496
214,0.0003367423778399825
215,-0.00039564119651913643
216,-0.0007608374580740929
217,-0.000027727684937417507
218,0.00033819512464106083
219,0.0000936584547162056
220,-0.0003943686606362462
221,0.000460052746348083
222,0.0005811847513541579
223,0.0007021008059382439
224,0.0007008392130956054
225,-0.0001541546080261469
226,-0.0008856680942699313
227,-0.0007621480617672205
228,-0.0001509987050667405
229,0.00045906577724963427
230,-0.0006394200026988983
231,0.00021543586626648903
232,-0.00027280719950795174
233,0.001557092764414847
234,-0.0002751153660938144
235,-0.0001526795094832778
236,-0.00015242293011397123
237,-0.0006400140700861812
238,-0.0006388907786458731
239,0.00009400257840752602
240,-0.0002720619086176157
241,-0.0003935530548915267
242,0.00033890618942677975
243,-0.000027593341656029224
244,-0.00002755597233772278
245,-0.00002751871943473816
246,0.00009448034688830376
247,-0.0003935466520488262
248,-0.00014893559273332357
249,-0.0003926056670024991
250,-0.00026995723601430655
251,-0.00002556387335062027
252,0.00034035718999803066
253,0.0005836664931848645
254,-0.0001491527073085308
255,-0.0007587084546685219
0,0.00009636208415031433
1,0.00034010480158030987
2,-0.000026395427994430065
3,-0.00039224489592015743
4,-0.000025672605261206627
5,-0.0006354461656883359
6,0.00009744428098201752
7,0.0009509957162663341
8,0.0003394869854673743
9,-0.000027012545615434647
10,-0.0007587468717247248
11,-0.0006354475626721978
12,0.0008292143465951085
13,0.000217922730371356
14,-0.00002639868762344122
15,0.00021756172645837069
16,-0.0002706832019612193
17,-0.000026288791559636593
18,0.0007055186433717608
19,0.0000944450730457902
20,-0.0006375056691467762
21,-0.0006363841239362955
22,0.00021846930030733347
23,0.0003400335554033518
24,-0.0005143140442669392
25,-0.0006353722419589758
26,0.0014390995493158698
27,-0.00039289507549256086
28,-0.0003922076430171728
29,-0.00026955909561365843
30,-0.00039105163887143135
31,-0.0002684040227904916
32,0.00034187373239547014
33,-0.0006344369612634182
34,-0.0005113565130159259
35,-0.000266531715169549
36,-0.00014410295989364386
37,0.00046595593448728323
38,-0.0003886115737259388
39,-0.0003879278665408492
40,-0.000143321231007576
41,-0.0002650342648848891
42,0.00034524069633334875
43,-0.000021263607777655125
44,-0.0018506599590182304
45,0.00010401371400803328
46,0.00046971149276942015
47,0.0009567217202857137
48,0.000955017632804811
49,0.00009958201553672552
50,0.0005872462643310428
51,-0.00038949958980083466
52,0.0004649184411391616
53,0.0007080084178596735
54,-0.00026895245537161827
55,0.00034132576547563076
56,0.0003407108597457409
57,-0.00002578983549028635
58,0.000340132275596261
59,0.00021755648776888847
60,-0.000026764231733977795
61,0.00009523495100438595
62,-0.000026906724087893963
63,-0.0001488315174356103
64,-0.00027053942903876305
65,0.00009581679478287697
66,0.00082740793004632
67,0.0004600419197231531
68,-0.00015059649012982845
69,-0.0005162267480045557
70,-0.0005153209203854203
71,-0.0005144161405041814
72,-0.000269588315859437
73,-0.00014715699944645166
74,-0.0005127898184582591
75,-0.0005118874832987785
76,-0.000389023800380528
77,0.00009950820822268724
78,0.0004652106435969472
79,0.00009849120397120714
80,-0.00014561484567821026
81,-0.001121058827266097
82,-0.000509264413267374
83,-0.0005083646392449737
84,-0.00026354240253567696
85,0.00010280800051987171
86,0.00010262138675898314
87,-0.00026345020160079
88,-0.00014102377463132143
89,-0.0009945102501660585
90,-0.000626860186457634
91,-0.00013790011871606112
92,-0.0002596176927909255
93,0.00022869103122502565
94,-0.0003815250238403678
95,-0.00013692362699657679
96,-0.000014717923477292061
97,0.0002292323624715209
98,0.00022882537450641394
99,-0.0007472761208191514
100,-0.0005020247772336006
101,-0.0005011316388845444
102,0.0001095703337341547
103,-0.00013454572763293982
104,-0.000012342468835413456
105,-0.0007440891349688172
106,0.00023293064441531897
107,0.0004764443729072809
108,0.00023167731706053019
109,0.000353229814209044
110,-0.00013524305541068316
111,-0.000866772374138236
112,0.00035438884515315294
113,0.00010983855463564396
114,-0.00013427750673145056
115,-0.000012074830010533333
116,0.0004757973365485668
117,0.0008408401627093554
118,0.0003515001153573394
119,-0.000136971240863204
120,0.0002291579730808735
121,0.00010678928811103106
122,0.0012042563175782561
123,-0.00001750269439071417
124,-0.0005053214263170958
125,-0.00013853958807885647
126,0.00010562920942902565
127,0.0009591736597940326
128,0.001201391569338739
129,0.00010159669909626245
130,-0.000020550331100821495
131,-0.0003864042228087783
132,0.0008338966872543097
133,0.0007104488322511315
134,0.0000993714202195406
135,-0.0005106213502585888
136,-0.0006316825747489929
137,0.00046709110029041767
138,0.0005882179830223322
139,0.00034324347507208586
140,-0.0007550303125753999
141,-0.0003878099378198385
142,-0.0005090883933007717
143,-0.0000203415984287858
144,0.00010165187995880842
145,0.0002234285930171609
146,0.0004669507034122944
147,0.0001002302160486579
148,0.00022200844250619411
149,0.0002216077409684658
150,-0.0002666397485882044
151,0.0003436369588598609
152,0.0003430201904848218
153,0.0004643657011911273
154,-0.00014627620112150908
155,-0.00002406246494501829
156,0.000341858365572989
157,0.00009731925092637539
158,0.00021909992210566998
159,0.00034066394437104464
160,-0.00039172149263322353
161,-0.00039103475864976645
162,-0.0001464245142415166
163,0.0005855988711118698
164,-0.0002691829577088356
165,0.00009717256762087345
166,0.00021895323880016804
167,0.00021855568047612906
168,0.00046208244748413563
169,0.00046125147491693497
170,0.00021649873815476894
171,-0.00027174444403499365
172,-0.00014931068290024996
173,-0.000027093919925391674
174,-0.00014901813119649887
175,0.0007049697451293468
176,0.0008256688015535474
177,0.0002143806777894497
178,0.00021398754324764013
179,-0.0000303295673802495
180,-0.00027421244885772467
181,0.0003360711270943284
182,0.00033546146005392075
183,-0.00003103376366198063
184,-0.00027491594664752483
185,0.000335368444211781
186,0.0005786828696727753
187,0.000821564462967217
188,0.0005761660868301988
189,0.00033120240550488234
190,-0.00015725078992545605
191,-0.00015698873903602362
192,-0.00003476475831121206
193,0.0005750893615186214
194,0.0004520886577665806
195,0.0006951912073418498
196,0.00020608969498425722
197,0.0004496276378631592
198,0.0004488090053200722
199,0.00032602855935692787
200,-0.00040634325705468655
201,0.00008220446761697531
202,-0.00003992475103586912
203,-0.00028379890136420727
204,-0.0004052775911986828
205,-0.00003869226202368736
206,0.00008331798017024994
207,0.000692959176376462
208,0.0004477838519960642
209,0.00020304275676608086
210,-0.000529111479409039
211,-0.0007721170550212264
212,0.00008296675514429808
213,0.00044868444092571735
214,-0.000161942676641047
215,-0.00016167608555406332
216,0.00044840003829449415
217,0.00044758233707398176
218,0.0006906895432621241
219,0.00007963052485138178
220,-0.00040838203858584166
221,-0.00016375561244785786
222,-0.00004152499604970217
223,0.0004463735967874527
224,0.00007967266719788313
225,0.00032343168277293444
226,-0.000043051899410784245
227,0.0008107342291623354
228,0.0006873081438243389
229,0.00019821419846266508
230,-0.0002900117542594671
231,-0.00016756041441112757
232,0.0006864445749670267
233,0.00019735179375857115
234,0.0001969742588698864
235,0.0008064069552347064
236,0.0005610225489363074
237,0.000803921022452414
238,0.0005585389444604516
239,-0.00005229376256465912
240,0.00006972975097596645
241,0.00031349784694612026
242,0.0005568329943343997
243,-0.00017595989629626274
244,-0.0001756800338625908
245,0.00006852310616523027
246,0.0005562165752053261
247,0.0006771574262529612
248,0.00031003495678305626
249,-0.0005442836554720998
250,-0.00017746561206877232
251,-0.00029914628248661757
252,-0.00029864825773984194
253,0.0006775441579520702
254,0.0005543453153222799
255,0.000431364169344306
0,0.00018663913942873478
1,0.0003082337789237499
2,0.0001856883754953742
3,0.00006336008664220572
4,-0.00005875073838979006
5,0.00030720257200300694
6,0.00006269628647714853
7,0.0003064716001972556
8,-0.00018195784650743008
9,-0.0006695196498185396
10,-0.00042444339487701654
11,0.00018608418758958578
12,-0.00005820614751428366
13,-0.0001801003236323595
14,-0.0007896256865933537
15,-0.00042237224988639355
16,0.0004320774460211396
17,0.0006751997862011194
18,-0.00017976760864257812
19,0.00006444007158279419
20,0.0005521380808204412
21,0.00042915972881019115
22,0.00018443726003170013
23,0.00018407264724373817
24,-0.0005480628460645676
25,-0.0004251641221344471
26,-0.0001805212814360857
27,-0.0003021982265636325
28,0.00018615089356899261
29,-0.0004240244161337614
30,0.00018650339916348457
31,0.00091790861915797
32,0.00006250920705497265
33,0.00091609510127455
34,-0.00018322665710002184
35,-0.00018293887842446566
36,0.00030519592110067606
37,-0.00006126926746219397
38,-0.00006119837053120136
39,0.00006083468906581402
40,0.0003046126803383231
41,0.0009138430468738079
42,0.0005462949629873037
43,-0.00006452493835240602
44,-0.00030837440863251686
45,-0.00018590502440929413
46,0.00005830905865877867
47,-0.000307719805277884
48,-0.0005511365598067641
49,-0.00042823434341698885
50,-0.0005494735669344664
51,0.00030519813299179077
52,0.001524238265119493
53,0.00005794921889901161
54,0.00017976853996515274
55,-0.00018647650722414255
56,-0.00006422330625355244
57,0.00017977470997720957
58,-0.00006450829096138477
59,0.00005752849392592907
60,-0.0004304612521082163
61,0.0003020350122824311
62,-0.00030835065990686417
63,-0.00018588046077638865
64,0.000058334553614258766
65,-0.0004296560073271394
66,0.00018087821081280708
67,-0.00006340548861771822
68,0.00005863036494702101
69,-0.00006347429007291794
70,0.0005464092828333378
71,0.00030147575307637453
72,0.00017893873155117035
73,-0.00043122877832502127
74,-0.000430502463132143
75,-0.0005517388926818967
76,-0.000306873582303524
77,-0.0004283279413357377
78,-0.000305642606690526
79,0.00006074982229620218
80,0.0003045292105525732
81,0.0004259136039763689
82,0.0004251196514815092
83,0.00005844084080308676
84,-0.000185625278390944
85,-0.0005512190982699394
86,0.000059531768783926964
87,0.000059388927184045315
88,-0.00006271584425121546
89,-0.0010383367771282792
90,-0.0007926052203401923
91,-0.0003033847315236926
92,-0.00030287972185760736
93,-0.0007902228971943259
94,0.00006488105282187462
95,-0.00005722814239561558
96,0.00043068884406238794
97,-0.000057956320233643055
98,0.00006407557521015406
99,0.0003078528679907322
100,0.0003072727704420686
101,0.0001847314415499568
102,-0.00005955470260232687
103,-0.00005948287434875965
104,0.0006723603000864387
105,0.0004272076766937971
106,-0.0006712436443194747
107,-0.0004261624999344349
108,-0.0004254397936165333
109,-0.002010222407989204
110,0.00043255463242530823
111,0.00018783204723149538
112,0.0007972768507897854
113,-0.00005790416616946459
114,-0.00030175759457051754
115,-0.0003012535162270069
116,0.00006513588596135378
117,0.00043087429367005825
118,0.00006419152487069368
119,0.00006404542364180088
120,-0.00005806272383779287
121,0.00030789419542998075
122,0.00030731456354260445
123,0.00018477393314242363
124,-0.00005951139610260725
125,-0.00005943921860307455
126,-0.00005936669185757637
127,0.0007944385288283229
128,0.00018318404909223318
129,0.00018282432574778795
130,0.0003044262994080782
131,0.0005477744853124022
132,0.000180879607796669
133,0.000180521747097373
134,0.00018016411922872066
135,0.00030176923610270023
136,0.0007890431443229318
137,0.00042171753011643887
138,-0.00031084229703992605
139,0.00005555630195885897
140,0.00017738027963787317
141,-0.0003108216915279627
142,-0.00043227069545537233
143,-0.0006754654459655285
144,-0.0004303792957216501
145,-0.00067357555963099
146,-0.0006724150152876973
147,0.000060515827499330044
148,-0.0007933593587949872
149,-0.0003041363088414073
150,-0.00030362920369952917
151,0.00018472503870725632
152,0.000672212103381753
153,0.0003050992963835597
154,-0.0006711719324812293
155,-0.00006020383443683386
156,-0.000060129910707473755
157,-0.0001820180332288146
158,-0.00030368927400559187
159,-0.00005925842560827732
160,-0.00018114689737558365
161,0.00018502853345125914
162,0.0001846678787842393
163,0.0005501933628693223
164,0.00006133574061095715
165,0.00006119348108768463
166,0.00018301326781511307
167,-0.00030519277788698673
168,0.00006120139732956886
169,0.0001830211840569973
170,0.0005485486472025514
171,0.0009134258143603802
172,0.0005458821542561054
173,0.00005702860653400421
174,0.0005447381408885121
175,0.0002998095005750656
176,0.00042120087891817093
177,-0.00006743357516825199
178,-0.0005552000366151333
179,-0.0003103282069787383
180,-0.00043177674524486065
181,-0.00006516079884022474
182,-0.00018704403191804886
183,-0.00030870980117470026
184,0.00017965002916753292
185,-0.0001865908270701766
186,-0.00043021910823881626
187,-0.0004294902319088578
188,0.00005908554885536432
189,0.00042483152355998755
190,0.0003020802978426218
191,0.00030150823295116425
192,0.0006668223068118095
193,0.00029971543699502945
194,0.00017718365415930748
195,-0.000311016570776701
196,-0.00006657792255282402
197,-0.00018845894373953342
198,-0.00006619945634156466
199,-0.00031004275660961866
200,0.00030028074979782104
201,0.0005436345236375928
202,0.0002987076295539737
203,0.00005421508103609085
204,-0.0004337669815868139
205,0.000054812757298350334
206,0.00005467806477099657
207,0.0004204284632578492
208,-0.0003121275221928954
209,-0.00006768794264644384
210,-0.0005554530071094632
211,0.00017726735677570105
212,0.0002988772466778755
213,-0.00018953881226480007
214,-0.0007990491576492786
215,-0.0006757046794518828
216,-0.00006473076064139605
217,-0.0000646510161459446
218,-0.00006457092240452766
219,0.00005747075192630291
220,0.0001792955445125699
221,0.000300903688184917
222,0.00030033395159989595
223,0.0004217262612655759
224,-0.00006690691225230694
225,-0.0004327106289565563
226,0.0012754882918670774
227,-0.0006782050477340817
228,-0.0006770376348868012
229,-0.00006606231909245253
230,-0.00018794240895658731
231,0.00005627970676869154
232,0.0005439913365989923
233,-0.00018878234550356865
234,0.00029936444479972124
235,0.000054872361943125725
236,0.00042062392458319664
237,0.000663763377815485
238,-0.00019118678756058216
239,-0.00019088538829237223
240,0.00005333917215466499
241,0.00029713043477386236
242,0.00029656453989446163
243,0.00017403706442564726
244,0.00017368909902870655
245,-0.0006803920259699225
246,-0.0009231462609022856
247,0.000054151169024407864
248,0.00017597991973161697
249,0.000053668394684791565
250,0.0002974594244733453
251,0.00005296978633850813
252,0.000052837771363556385
253,-0.0009229891002178192
254,-0.00006765371654182673
255,0.00029831600841134787
0,-0.00019009842071682215
1,-0.000311759184114635
2,-0.0004332037642598152
3,0.00005537760443985462
4,0.00042112963274121284
5,0.0007862311322242022
6,0.0009067597566172481
7,-0.0008023555856198072
8,0.00041865045204758644
9,-0.00031390273943543434
10,-0.000069458968937397
11,-0.0003132973797619343
12,-0.0005567017942667007
13,0.00005405978299677372
14,0.0006637369515374303
15,0.0006625211099162698
16,0.0006613061996176839
17,-0.0001936405897140503
18,-0.0006811835337430239
19,-0.00043608841951936483
20,0.00005249620880931616
21,0.0001743272878229618
22,0.0002959419507533312
23,0.00017341645434498787
24,0.00005110795609652996
25,0.00017294089775532484
26,0.000294556375592947
27,0.00041595601942390203
28,-0.00019463198259472847
29,-0.00019432604312896729
30,-0.00007205852307379246
31,-0.00043785537127405405
32,-0.0011688879458233714
33,-0.0001911540748551488
34,0.00017503462731838226
35,0.00090645847376436
36,0.0005389252910390496
37,-0.0006816895911470056
38,-0.0005585551261901855
39,0.00029613287188112736
40,0.0006614549783989787
41,0.0001723947934806347
42,0.00005008780863136053
43,0.0001719220308586955
44,0.00017157732509076595
45,-0.00019465188961476088
46,0.00029350188560783863
47,0.000049017369747161865
48,0.00017085263971239328
49,-0.000317338271997869
50,-0.000316814286634326
51,0.00004959525540471077
52,-0.0001944557297974825
53,0.00017173634842038155
54,0.00004943076055496931
55,0.0004151895409449935
56,0.0007802984910085797
57,-0.00007486122194677591
58,-0.00019673106726258993
59,-0.000318384263664484
60,-0.0008057063678279519
61,-0.0004384290659800172
62,0.00005015917122364044
63,0.00029395578894764185
64,-0.0001944523537531495
65,-0.00007218332029879093
66,-0.0004379791207611561
67,-0.0009250863222405314
68,-0.0004356323042884469
69,-0.0005568560445681214
70,-0.0003119779285043478
71,-0.00018949620425701141
72,-0.0006770407781004906
73,-0.0007978331996127963
74,0.00042317097540944815
75,0.0004223875002935529
76,-0.00031016638968139887
77,-0.0012853428488597274
78,-0.0009172052377834916
79,-0.000671681365929544
80,-0.00018266879487782717
81,0.0007933233864605427
82,0.000060114660300314426
83,-0.00006198242772370577
84,0.00006006064359098673
85,0.0005477730883285403
86,0.0007906948449090123
87,0.00030141230672597885
88,-0.0000650396104902029
89,0.000057006487622857094
90,-0.0003090115496888757
91,-0.00006456987466663122
92,0.00030139985028654337
93,-0.00006505241617560387
94,-0.00006496778223663568
95,0.0003010024083778262
96,0.00030043639708310366
97,0.00029987108428031206
98,-0.0004324649926275015
99,-0.0004317286657169461
100,-0.0006749170133844018
101,-0.00006393902003765106
102,-0.00006385555025190115
103,-0.0004296572878956795
104,0.00030284770764410496
105,0.0005462043918669224
106,0.0006671660812571645
107,0.00030006421729922295
108,-0.00031030981335788965
109,0.0003000191645696759
110,-0.00043231702875345945
111,0.0003001911100000143
112,-0.00018822145648300648
113,0.000056005315855145454
114,-0.0004319732543081045
115,0.00017857237253338099
116,0.00005626259371638298
117,-0.00043171632569283247
118,-0.0001870562555268407
119,-0.0007965639233589172
120,0.00005855481140315533
121,0.0006682313978672028
122,-0.00043064227793365717
123,-0.00018598348833620548
124,0.0005460891406983137
125,0.0006670515285804868
126,0.000056026503443717957
127,0.00017785793170332909
128,-0.00018837512470781803
129,0.00005585199687629938
130,0.00017768389079719782
131,-0.00006658700294792652
132,-0.00018846208695322275
133,-0.0003101202892139554
134,0.0010319805005565286
135,0.0004203064600005746
136,0.00041952752508223057
137,-0.0009228319395333529
138,-0.000921225524507463
139,-0.0004317725542932749
140,-0.00030907418113201857
141,-0.00018659280613064766
142,-0.0003082527546212077
143,0.0001801137113943696
144,0.000057802884839475155
145,-0.00018625252414494753
146,0.00017993536312133074
147,0.00017958669923245907
148,0.0005451238248497248
149,0.000056278426200151443
150,0.00005614827387034893
151,0.00042190367821604013
152,0.00017720006871968508
153,0.00017685384955257177
154,0.0005423941183835268
155,0.0010292463703081012
156,0.0009054227266460657
157,-0.0005597631679847836
158,-0.0008027276489883661
159,-0.00031348795164376497
160,-0.000069040572270751
161,-0.00019091239664703608
162,-0.0003125679213553667
163,-0.00043400644790381193
164,-0.0005552293732762337
165,0.00042142148595303297
166,0.0007865276420488954
167,-0.000068634282797575
168,0.000053417286835610867
169,-0.00006867153570055962
170,0.0001753420801833272
171,0.000418921816162765
172,0.000052259303629398346
173,0.000418019131757319
174,-0.0006804141448810697
175,0.000052532763220369816
176,0.001028101542033255
177,-0.0004373010015115142
178,-0.0008024439448490739
179,-0.00019124208483844995
180,0.00041887443512678146
181,0.0001741742016747594
182,-0.00031401566229760647
183,-0.0012891860678792
184,0.00017661508172750473
185,0.0005421562818810344
186,0.000053314375691115856
187,0.00017514987848699093
188,-0.000435002613812685
189,-0.0006781856063753366
190,-0.0003111260011792183
191,0.00005528226029127836
192,-0.0011644646292552352
193,-0.00018673017621040344
194,0.000057497178204357624
195,0.00042325316462665796
196,0.0007883586222305894
197,0.00029908143915235996
198,-0.00018932728562504053
199,0.0001768643269315362
200,-0.00018936570268124342
201,0.00005486456211656332
202,0.000054737087339162827
203,0.0004204954020678997
204,0.00005383230745792389
205,-0.00043414183892309666
206,-0.00006751518230885267
207,0.0007863075006753206
208,0.0001750707160681486
209,-0.0006790050538256764
210,-0.0004339059814810753
211,-0.0003112037666141987
212,-0.0006765661528334022
213,-0.00030950759537518024
214,0.00030082371085882187
215,-0.00018758641090244055
216,0.00005664280615746975
217,0.00005651393439620733
218,-0.0006753858178853989
219,-0.00006440444849431515
220,-0.0006741263205185533
221,0.0005466635338962078
222,-0.0003080673050135374
223,-0.0003075463464483619
224,0.00005885935388505459
225,0.0001806911313906312
226,0.00042426760774105787
227,-0.0005522074643522501
228,-0.000185367651283741
229,-0.0004289878997951746
230,0.00018155842553824186
231,0.00018121046014130116
232,-0.00030698429327458143
233,0.0005472688935697079
234,-0.0006733478512614965
235,-0.0003062912728637457
236,0.00030403747223317623
237,0.00018151069525629282
238,-0.00030668405815958977
239,-0.0006720502860844135
240,-0.0004269565688446164
241,-0.00018229789566248655
242,-0.00030395854264497757
243,0.00018440652638673782
244,0.00042798020876944065
245,0.00018327333964407444
246,0.00030488648917526007
247,-0.0007933359593153
248,-0.0006699879886582494
249,0.00006295123603194952
250,-0.00030306808184832335
251,0.0005511821946129203
252,-0.00030355178751051426
253,-0.00005911081098020077
254,-0.00005902722477912903
255,0.0004289037315174937
0,0.0000622341176494956
1,0.00006210175342857838
2,-0.000059993122704327106
3,-0.00018187053501605988
4,-0.0006694169715046883
5,-0.00030236400198191404
6,-0.00017988530453294516
7,0.0003082612529397011
8,0.00018573133274912834
9,0.0004293046658858657
10,0.00030655867885798216
11,0.0006718781078234315
12,0.00030477624386548996
13,-0.00006167404353618622
14,0.000060373684391379356
15,0.00006024318281561136
16,-0.00006184971425682306
17,-0.0000617634505033493
18,-0.00006167730316519737
19,0.00030429463367909193
20,0.0005476539954543114
21,0.0003027332713827491
22,-0.00006371550261974335
23,-0.0000636271433904767
24,0.0004243082366883755
25,0.0004235291853547096
26,0.0003007889026775956
27,0.00005630403757095337
28,0.00030010088812559843
29,0.00042150274384766817
30,-0.0000671215821057558
31,-0.0003109540557488799
32,0.0000554561847820878
33,0.00029925419948995113
34,0.00005477073136717081
35,0.0009083788609132171
36,0.0006628123810514808
37,0.00029571924824267626
38,-0.00007072254084050655
39,0.00029525754507631063
40,0.0011484351707622409
41,-0.00007325597107410431
42,0.00004880293272435665
43,0.000048682792112231255
44,0.00017052516341209412
45,0.0006580364424735308
46,-0.00031886191572993994
47,-0.0003183296648785472
48,0.001145744463428855
49,0.0005338652990758419
50,-0.0003208521520718932
51,-0.0010520893847569823
52,-0.00007456052117049694
53,0.00004749989602714777
54,0.0004132671747356653
55,-0.00007534865289926529
56,-0.0009289829758927226
57,-0.0003175570163875818
58,-0.0003170258132740855
59,0.0011470477329567075
60,0.0006571297999471426
61,0.00016808020882308483
62,-0.0005640245508402586
63,-0.0008069813484326005
64,-0.00019577203784137964
65,0.00017042842227965593
66,0.00017009279690682888
67,0.00016975740436464548
68,0.0005353083834052086
69,0.00004647555761039257
70,0.0006561684422194958
71,0.00016712001524865627
72,0.0006546351360157132
73,0.0005314740119501948
74,0.00040853116661310196
75,0.00004188157618045807
76,0.00004176900256425142
77,-0.0016658101230859756
78,-0.00032130745239555836
79,0.0002890374744310975
80,-0.0003213210729882121
81,-0.00019882386550307274
82,0.0004113035975024104
83,-0.00019927159883081913
84,-0.00007699115667492151
85,0.00004507217090576887
86,0.00041084259282797575
87,-0.00032169383484870195
88,-0.00007723423186689615
89,0.00016679137479513884
90,0.0011421549133956432
91,-0.00044541480019688606
92,-0.0009325082646682858
93,-0.0012967732036486268
94,-0.0005627326900139451
95,-0.0004398035816848278
96,0.00041467882692813873
97,-0.00019589869771152735
98,-0.0006834303494542837
99,-0.00031636201310902834
100,0.0005379028152674437
101,-0.00019485480152070522
102,-0.0006823871517553926
103,-0.0006812051869928837
104,0.0002956705866381526
105,0.00017315486911684275
106,0.0000508561497554183
107,0.0004166219150647521
108,0.00004996662028133869
109,0.000659656710922718
110,-0.0006831260398030281
111,-0.00019409589003771544
112,-0.0004377048462629318
113,-0.000680880737490952
114,-0.0005577378906309605
115,0.0006628442788496614
116,-0.00043601798824965954
117,-0.0003133096033707261
118,-0.00006885651964694262
119,0.00005320063792169094
120,0.0005409268196672201
121,0.0002960145939141512
122,0.00029546068981289864
123,-0.0003149022813886404
124,-0.0004363330081105232
125,-0.0003136242739856243
126,-0.0001911325380206108
127,-0.00006885826587677002
128,-0.0001907245023176074
129,-0.0004343364853411913
130,-0.0009214382153004408
131,-0.0003100169124081731
132,-0.0003094904823228717
133,0.00017888331785798073
134,-0.00018734321929514408
135,-0.0003089960664510727
136,-0.0009182796347886324
137,0.00005902454722672701
138,0.00030282209627330303
139,0.00018030055798590183
140,0.00042388192377984524
141,-0.0005525886081159115
142,-0.0006735912756994367
143,-0.0009163400391116738
144,0.0006707721622660756
145,0.000059750862419605255
146,-0.0006721469108015299
147,-0.00042704923544079065
148,-0.00018238648772239685
149,-0.00006011896766722202
150,-0.00042591686360538006
151,0.0003065930213779211
152,-0.0005477027734741569
153,-0.0009126337245106697
154,-0.0005451433826237917
155,-0.00017830508295446634
156,-0.000056041404604911804
157,-0.00029988051392138004
158,-0.0005432863254100084
159,0.00006747455336153507
160,0.0006771506741642952
161,-0.0007876091403886676
162,-0.0007862241473048925
163,-0.0006628782721236348
164,-0.00017386488616466522
165,-0.0006614145822823048
166,-0.0004163262201473117
167,0.0006820610724389553
168,0.00007103011012077332
169,0.0004367794608697295
170,0.00007010705303400755
171,-0.0001739520812407136
172,-0.0001736542908474803
173,-0.000173356500454247
174,0.0003147885436192155
175,0.0005581426667049527
176,-0.0002965932944789529
177,-0.0000521540641784668
178,0.0003138130996376276
179,0.000801091780886054
180,0.0006776947993785143
181,-0.00005529413465410471
182,-0.00042109517380595207
183,-0.0009082085452973843
184,-0.0004187601152807474
185,0.00043570552952587605
186,0.000678843935020268
187,-0.0001761075109243393
188,0.00006811635103076696
189,-0.000541826942935586
190,0.0001908948179334402
191,-0.0007851513801142573
192,-0.0006618063198402524
193,0.00019309204071760178
194,-0.00005118479020893574
195,0.00031478190794587135
196,0.00007028831169009209
197,-0.00041769444942474365
198,-0.00005107733886688948
199,0.0010466605890542269
200,0.0008008667500689626
201,0.00018962228205054998
202,0.00031123438384383917
203,-0.0009089510422199965
204,-0.000419501680880785
205,-0.00017484440468251705
206,0.00006937840953469276
207,0.00006924360059201717
208,-0.000296776182949543
209,0.0010453202994540334
210,0.00018971844110637903
211,-0.0002984789898619056
212,-0.000419923453591764
213,-0.0009070372907444835
214,-0.00017366581596434116
215,0.0006803655996918678
216,0.00006933719851076603
217,-0.00005275965668261051
218,0.00043517048470675945
219,0.00006850040517747402
220,0.000800137990154326
221,0.00006693252362310886
222,0.00018876208923757076
223,-0.0002994341775774956
224,0.00006696989294141531
225,0.0001887994585558772
226,-0.0009092063410207629
227,-0.000053871190175414085
228,0.0009219074854627252
229,0.0007982952520251274
230,-0.00042275607120245695
231,-0.000909866881556809
232,-0.0004204167053103447
233,-0.0009075299603864551
234,-0.0006620051572099328
235,-0.000051030307076871395
236,-0.00029487255960702896
237,-0.000050434377044439316
238,0.00019356980919837952
239,0.000924988416954875
240,-0.00005235988646745682
241,0.0006794937653467059
242,-0.00017545768059790134
243,-0.00041908142156898975
244,0.00006949948146939278
245,-0.00017455872148275375
246,0.0003135884180665016
247,-0.00017482717521488667
248,0.00006939610466361046
249,0.0006790714105591178
250,-0.000053917523473501205
251,0.000921861152164638
252,-0.00029940775129944086
253,0.00006699655205011368
254,0.0004327502101659775
255,0.0001880443887785077
0,-0.0005440749228000641
1,-0.00017723627388477325
2,-0.00005497271195054054
3,0.00031099794432520866
4,0.00006650853902101517
5,-0.0006653941236436367
6,-0.0002983394078910351
7,0.00019002624321728945
8,0.0005555619718506932
9,0.00031063915230333805
10,-0.00017777387984097004
11,-0.00017747131641954184
12,-0.00029913114849478006
13,0.0004331590607762337
14,0.00043237674981355667
15,0.00018767127767205238
16,-0.00030052370857447386
17,-0.00005607993807643652
18,-0.000055993907153606415
19,0.00018801575060933828
20,0.00030962994787842035
21,-0.00030074361711740494
22,0.000065662432461977
23,0.0006753412308171391
24,0.0009180511115118861
25,-0.0006691002054139972
26,-0.00018008006736636162
27,0.0000641488004475832
28,-0.0005457899533212185
29,-0.00005698762834072113
30,0.00018702307716012
31,0.0001866763923317194
32,0.00006436824332922697
33,0.0004301246954128146
34,-0.00042438774835318327
35,-0.0009114968124777079
36,0.00018776499200612307
37,-0.00042239134199917316
38,-0.00017773103900253773
39,-0.00029938993975520134
40,-0.00029887096025049686
41,-0.0002983519807457924
42,-0.0005417575594037771
43,0.00006900320295244455
44,0.00031279376707971096
45,0.00019026536028832197
46,-0.00017596979159861803
47,-0.00041959225200116634
48,-0.0011506290175020695
49,0.00031494791619479656
50,0.00007045571692287922
51,-0.00005164055619388819
52,0.00043628946878015995
53,0.00006961927283555269
54,0.00031340913847088814
55,0.00006891856901347637
56,0.00031270901672542095
57,0.0003121430054306984
58,0.00031157699413597584
59,0.0005549354245886207
60,0.00018805137369781733
61,-0.0003001434961333871
62,-0.0001776613062247634
63,0.0006763746496289968
64,0.0010410458780825138
65,0.0003074107225984335
66,0.00006292550824582577
67,0.00006279803346842527
68,0.000550517812371254
69,0.0003055998822674155
70,-0.0005486933514475822
71,-0.00018184969667345285
72,0.00030630454421043396
73,0.0005496677476912737
74,0.00042671244591474533
75,0.000060050864703953266
76,-0.00006203586235642433
77,-0.0006717534270137548
78,0.00006119383033365011
79,0.000183029449544847
80,0.00018268730491399765
81,0.00030430674087256193
82,0.00018178648315370083
83,0.00018144503701478243
84,-0.00018478173296898603
85,0.00005945179145783186
86,0.00018128950614482164
87,-0.000184937147423625
88,0.00018125830683857203
89,0.0003028793726116419
90,-0.00006356334779411554
91,-0.00006346963346004486
92,0.00018054735846817493
93,0.0007900168420746922
94,0.00042270764242857695
95,-0.0006757214432582259
96,-0.0006745416903868318
97,-0.00030747754499316216
98,-0.0000630267895758152
99,0.0006688378052785993
100,-0.00043002632446587086
101,-0.0005512441275641322
102,-0.0005502832354977727
103,0.0005483333952724934
104,0.0005473415367305279
105,-0.0004293443635106087
106,-0.00030663865618407726
107,-0.0009159214096143842
108,-0.0003045019693672657
109,-0.0003039776347577572
110,-0.0003034529509022832
111,-0.00018096750136464834
112,-0.00005869893357157707
113,-0.00018057134002447128
114,-0.00042418891098350286
115,0.00018636020831763744
116,0.00006405322346836329
117,0.0009176587918773293
118,-0.00042556680273264647
119,-0.000424825819209218
120,0.0004296473925933242
121,0.00042886973824352026
122,0.0006720162928104401
123,0.00030492094811052084
124,0.000914171920157969
125,-0.000916898250579834
126,0.0003043317701667547
127,0.0001818118616938591
128,0.00018147134687751532
129,-0.0005506405141204596
130,-0.0007936038309708238
131,-0.00018240115605294704
132,0.00006183073855936527
133,0.00006170512642711401
134,0.00018354179337620735
135,-0.0003046479541808367
136,-0.0003041228046640754
137,-0.0003035977715626359
138,-0.0003030739026144147
139,-0.00042451161425560713
140,0.00006407604087144136
141,0.0010396436555311084
142,0.00042797287460416555
143,0.00030523480381816626
144,-0.00006120884791016579
145,-0.001768583431839943
146,0.00006397184915840626
147,-0.000545965158380568
148,0.000796572188846767
149,0.0004292580997571349
150,0.00006259535439312458
151,0.00042835529893636703
152,0.0006715027848258615
153,0.0006702938117086887
154,0.0009130097460001707
155,0.00005763641092926264
156,-0.0003083710325881839
157,-0.00018588034436106682
158,0.00005835527554154396
159,0.0003021567827090621
160,-0.00006428419146686792
161,-0.0006739984964951873
162,0.00042483722791075706
163,0.0006679883226752281
164,0.00005697330925613642
165,0.00005685247015208006
166,-0.00018719211220741272
167,-0.00043080293107777834
168,-0.00018613296560943127
169,0.0006679123034700751
170,-0.0006748740561306477
171,0.00005807715933769941
172,0.0003018793649971485
173,0.00005740055348724127
174,0.00017924117855727673
175,0.00005694164428859949
176,-0.00018710247240960598
177,0.000057134078815579414
178,0.00030093733221292496
179,0.0004223448922857642
180,-0.0005541202845051885
181,-0.0006751181790605187
182,-0.00006412819493561983
183,0.0009116622386500239
184,-0.00018763320986181498
185,-0.0007971290033310652
186,-0.0005518082762137055
187,-0.00042888405732810497
188,0.000059708370827138424
189,0.00005958543624728918
190,0.00030338671058416367
191,0.000058906618505716324
192,-0.00018513912800699472
193,0.0005469438619911671
194,0.0005459545645862818
195,0.0006669281283393502
196,-0.0001880093477666378
197,-0.00006573321297764778
198,-0.00018759805243462324
199,-0.00006532215047627687
200,0.0001786982174962759
201,0.00005639961455017328
202,0.00005628017242997885
203,0.00030008412431925535
204,0.0006654169410467148
205,0.00005440472159534693
206,0.00029821088537573814
207,-0.0004341118037700653
208,0.00029840937349945307
209,0.0005417817737907171
210,-0.0005568595370277762
211,-0.0000680447556078434
212,0.0002979404525831342
213,0.0009071989916265011
214,0.0009055648697540164
215,0.0005380467046052217
216,-0.0006825531600043178
217,-0.0009252894669771194
218,-0.0005577839910984039
219,-0.00019092997536063194
220,-0.00031257467344403267
221,-0.0003120411420240998
222,-0.000311507610604167
223,-0.00018901342991739511
224,0.00029915012419223785
225,0.00005467422306537628
226,0.0005424044793471694
227,-0.0005562372971326113
228,-0.0005552702350541949
229,-0.0003103801282122731
230,-0.0007976960623636842
231,0.0004233215004205704
232,-0.00030922028236091137
233,0.00017915817443281412
234,-0.00006510200910270214
235,0.0016424617497250438
236,-0.0004338278668001294
237,-0.0005550394998863339
238,-0.00031014939304441214
239,-0.0005535417003557086
240,-0.0009184622904285789
241,-0.00042900070548057556
242,-0.0003062925534322858
243,0.0006699307123199105
244,0.0003028392093256116
245,0.00005836097989231348
246,-0.00018568371888250113
247,-0.0004292944213375449
248,-0.00018462433945387602
249,0.00030353490728884935
250,-0.0003068294608965516
251,-0.0014039574889466166
252,-0.00005989731289446354
253,-0.000059804413467645645
254,0.0006720599485561252
255,-0.0003048429498448968
0,-0.0001823538914322853
1,0.00006188009865581989
2,-0.00042609102092683315
3,0.00030642386991530657
4,0.00006194249726831913
5,0.0005496665835380554
6,0.0005486758891493082
7,0.0006696484051644802
8,0.0001805952051654458
9,-0.0003075896529480815
10,0.00018078775610774755
11,0.0006682977546006441
12,0.0003012081142514944
13,0.00017869332805275917
14,0.0003003193996846676
15,0.0005436914507299662
16,0.00029878236819058657
17,0.0007860794430598617
18,0.0009066242491826415
19,0.00005125836469233036
20,0.00017310644034296274
21,-0.00007114792242646217
22,-0.00019300670828670263
23,-0.00031464837957173586
24,-0.0036070829955860972
25,-0.0003077239962294698
26,0.00018065411131829023
27,0.00018031673971563578
28,-0.00030786741990596056
29,-0.0005512607749551535
30,-0.0007942210650071502
31,-0.0007928248960524797
32,-0.0004255444509908557
33,-0.0005467626033350825
34,0.0005518540274351835
35,-0.0004248330369591713
36,0.0001857191091403365
37,-0.00018050777725875378
38,0.0000637248158454895
39,-0.00030228530522435904
40,-0.0005456835497170687
41,0.00018704647663980722
42,0.00043062749318778515
43,0.0003078901208937168
44,-0.00042443943675607443
45,-0.0003017353592440486
46,-0.00017924804706126451
47,0.0004308694042265415
48,0.0004300936125218868
49,-0.0006683389656245708
50,-0.000179314985871315
51,-0.00042293069418519735
52,0.00043154379818588495
53,0.00018684379756450653
54,0.0001865013036876917
55,-0.00017972651403397322
56,-0.0003013795940205455
57,0.00006503099575638771
58,0.00030882912687957287
59,0.00030827010050415993
60,0.000185749726369977
61,-0.000912248739041388
62,-0.0003008294152095914
63,0.0003095044521614909
64,0.00006502133328467607
65,0.00030881946440786123
66,0.00043022248428314924
67,0.0004294469254091382
68,-0.00005917483940720558
69,-0.0006688910070806742
70,-0.0005457524675875902
71,0.0005528634646907449
72,0.00030794739723205566
73,-0.000058496370911598206
74,0.00006355810910463333
75,-0.000790299498476088
76,-0.0009108680533245206
77,-0.0004214117070659995
78,-0.00017674791160970926
79,-0.00005447992589324713
80,0.00006757117807865143
81,-0.00029844208620488644
82,0.00006796605885028839
83,0.0001897999318316579
84,-0.00017643033061176538
85,-0.0002980863209813833
86,-0.0001756022684276104
87,0.0006784361321479082
88,-0.00017650926019996405
89,0.0006775298388674855
90,-0.0005433004116639495
91,0.0003113896818831563
92,0.0005547526525333524
93,0.00006591086275875568
94,0.00006578455213457346
95,0.0003095825668424368
96,-0.000056862598285079
97,0.00006519060116261244
98,0.0004309510113671422
99,-0.00030159601010382175
100,0.00030873878858983517
101,-0.00017966702580451965
102,0.00043045124039053917
103,0.00018575217109173536
104,0.00006344961002469063
105,0.00042921118438243866
106,0.0006723612314090133
107,0.0004272304940968752
108,0.0005484203575178981
109,-0.00018433935474604368
110,-0.00018402619753032923
111,-0.00006175157614052296
112,-0.0004275412065908313
113,0.00030497589614242315
114,-0.0005493123317137361
115,-0.00006050232332199812
116,-0.0005482548149302602
117,0.00018447800539433956
118,0.0001841384219005704
119,0.00018379883840680122
120,-0.0006702729733660817
121,-0.00018124724738299847
122,0.00006298720836639404
123,0.00006286404095590115
124,0.00030666461680084467
125,0.00042807008139789104
126,0.00042729731649160385
127,0.000670448993332684
128,0.000547282281331718
129,-0.0005513618234544992
130,-0.00006254937034100294
131,-0.0005503003485500813
132,-0.00018345098942518234
133,-0.0000611764844506979
134,-0.00042696658056229353
135,-0.0003042591270059347
136,0.00018411700148135424
137,0.0010375111596658826
138,0.0006697692442685366
139,-0.00018516811542212963
140,-0.0003068154910579324
141,-0.00018432317301630974
142,0.0003038380527868867
143,0.00018132233526557684
144,-0.0001849000109359622
145,-0.0003065477358177304
146,-0.0006719030207023025
147,0.00006104866042733192
148,0.0003048510989174247
149,-0.0004274747334420681
150,-0.00006084260530769825
151,-0.0004266328178346157
152,-0.0005478491075336933
153,-0.0004249255871400237
154,-0.0004241813439875841
155,0.00018637150060385466
156,0.00030799268279224634
157,0.000551359262317419
158,-0.000059440615586936474
159,0.0003065393539145589
160,0.0006718691438436508
161,0.00030477752443403006
162,0.0005481471307575703
163,-0.0004285352770239115
164,0.00018202129285782576
165,-0.00030616275034844875
166,0.00030417682137340307
167,0.0006695085903629661
168,0.0003024196485057473
169,-0.00030794215854257345
170,0.000546323019079864
171,0.00017945189028978348
172,0.00030107900965958834
173,0.000666413689032197
174,-0.00006655824836343527
175,0.0002994281239807606
176,0.00005495501682162285
177,0.00042072508949786425
178,0.0004199594259262085
179,-0.0001906147226691246
180,0.0000536283478140831
181,-0.0008002191316336393
182,-0.00006704439874738455
183,0.0006648281123489141
184,-0.00006814231164753437
185,-0.0001900017959997058
186,0.0002981649013236165
187,0.00005369295831769705
188,-0.00043426896445453167
189,-0.0004335157573223114
190,-0.0003108017845079303
191,-0.00006634311284869909
192,0.00029964360874146223
193,0.0005430177552625537
194,-0.0000677737407386303
195,-0.00006767164450138807
196,0.0002983161248266697
197,0.0001758062280714512
198,-0.00019041053019464016
199,-0.0005559766432270408
200,-0.0004330449737608433
201,-0.000798178487457335
202,0.0007887274259701371
203,0.00029946258291602135
204,-0.00006697187200188637
205,-0.0003107939846813679
206,-0.0001882972428575158
207,0.00042183033656328917
208,0.0005430260207504034
209,-0.00006776535883545876
210,-0.00018962507601827383
211,0.0000546181108802557
212,0.00005450344178825617
213,-0.00018953520338982344
214,0.0001766697969287634
215,-0.0006773947970941663
216,0.00005556258838623762
217,0.00017740915063768625
218,0.00005511532071977854
219,0.0000550001859664917
220,-0.00018903822638094425
221,-0.00018871971406042576
222,-0.00006643915548920631
223,0.0002995480317622423
224,0.0001770372036844492
225,-0.0005550658097490668
226,-0.0003101725596934557
227,0.00017820973880589008
228,-0.0001880084164440632
229,0.000056233140639960766
230,-0.0001878062030300498
231,0.000056435237638652325
232,0.0006661290535703301
233,0.0005429673474282026
234,-0.0004337094724178314
235,-0.0007988421712070704
236,-0.00043155369348824024
237,0.00005704525392502546
238,0.000056928605772554874
239,0.00030073639936745167
240,-0.0005535465897992253
241,-0.0000647309934720397
242,-0.00030855461955070496
243,0.0003017885610461235
244,0.0004232000792399049
245,-0.00030933809466660023
246,0.000057081691920757294
247,0.000666774925775826
248,-0.00018815789371728897
249,-0.0006756874499842525
250,0.000057269237004220486
251,0.00017911451868712902
252,-0.0005529897753149271
253,0.00017974944785237312
254,-0.0003084316849708557
255,-0.00006397441029548645
0,0.00018004910089075565
1,0.000057753524743020535
2,0.0005454843631014228
3,-0.00030923238955438137
4,0.00017914955969899893
5,-0.00018706894479691982
6,-0.0001867515966296196
7,0.00017945165745913982
8,0.00017911824397742748
9,-0.00018710026051849127
10,0.0005449887830764055
11,0.00042204384226351976
12,0.00042127829510718584
13,-0.00006733380723744631
14,-0.00018919282592833042
15,0.0001770121743902564
16,-0.00006724230479449034
17,0.00017678423319011927
18,-0.0003113939892500639
19,-0.000432819128036499
20,-0.00006618082989007235
21,0.0007876547751948237
22,0.0001764299813657999
23,-0.00006782426498830318
24,0.00017620285507291555
25,0.00005391123704612255
26,0.00005379808135330677
27,-0.00031220063101500273
28,-0.00031166314147412777
29,-0.00018916395492851734
30,0.00017704139463603497
31,-0.00018917524721473455
32,0.00017703045159578323
33,0.0002986614126712084
34,-0.0004336567362770438
35,-0.00006701727397739887
36,0.000420933123677969
37,0.0006640930660068989
38,-0.00006887526251375675
39,-0.0006785800214856863
40,-0.00031150609720498323
41,0.00029884022660553455
42,-0.00006759248208254576
43,-0.00006748887244611979
44,-0.0007991566089913249
45,-0.00030990527011454105
46,-0.0007972170133143663
47,-0.0005518911639228463
48,-0.00006307614967226982
49,0.0006687948480248451
50,0.0005456320941448212
51,0.0006666106637567282
52,0.0002995263785123825
53,-0.0004327925853431225
54,-0.0003100774483755231
55,-0.00018757942598313093
56,-0.00030922272708266973
57,-0.00043064949568361044
58,-0.0003079359885305166
59,-0.000673287664540112
60,0.000059667625464499
61,0.0006693593459203839
62,0.0007901202188804746
63,0.000056931632570922375
64,-0.0003090690588578582
65,-0.0004304959438741207
66,-0.0004297442501410842
67,0.000058854115195572376
68,-0.00030714855529367924
69,-0.00006269104778766632
70,0.00005937018431723118
71,0.00005925283767282963
72,0.0004250215133652091
73,0.00005836866330355406
74,-0.0001856714952737093
75,-0.00030731619335711
76,-0.0004287444753572345
77,-0.00006210850551724434
78,-0.00006200966890901327
79,-0.0000619103666394949
80,0.000060150399804115295
81,0.0007918039336800575
82,0.0007903857622295618
83,-0.00043064996134489775
84,-0.00030793657060712576
85,-0.00006347813177853823
86,-0.00006337789818644524
87,-0.00042916310485452414
88,-0.0005503746215254068
89,-0.00006156042218208313
90,-0.00030538521241396666
91,0.0005488800816237926
92,0.00030397064983844757
93,0.00005949591286480427
94,-0.0001845451770350337
95,-0.0005501143168658018
96,-0.00018326216377317905
97,0.00030490069184452295
98,-0.0005493846256285906
99,-0.00006057100836187601
100,0.00006148871034383774
101,0.0006711792666465044
102,0.0004260533023625612
103,-0.000672371475957334
104,-0.00006137881428003311
105,-0.000671089394018054
106,0.0005497117526829243
107,0.00006087822839617729
108,0.00018272188026458025
109,0.0003043489996343851
110,0.0005477212835103273
111,0.0005467372247949243
112,0.00030182977207005024
113,-0.0001865666126832366
114,-0.0006740958197042346
115,-0.0006729105953127146
116,-0.00018387881573289633
117,-0.0007933725137263536
118,-0.0003041251329705119
119,-0.00042555585969239473
120,0.00006303936243057251
121,0.0007946906844154
122,0.0006713083712384105
123,0.00006029638461768627
124,0.00030410278122872114
125,-0.0006721434183418751
126,-0.0001831119880080223
127,-0.00018279661890119314
128,-0.00018248159904032946
129,-0.0004260903224349022
130,0.00018446729518473148
131,0.00018413132056593895
132,0.0003057570429518819
133,-0.00006068078801035881
134,0.00006137927994132042
135,-0.0003046247875317931
136,-0.0006699785590171814
137,-0.000302910921163857
138,-0.002253771177493036
139,-0.0002983828308060765
140,-0.000053932773880660534
141,0.0005559691926464438
142,-0.00005483150016516447
143,-0.0005425858544185758
144,-0.00041966408025473356
145,-0.0002969594206660986
146,0.0006792608182877302
147,0.0008000133093446493
148,0.0000668172724545002
149,0.0006765032885596156
150,0.0005533350631594658
151,0.0009182313224300742
152,0.0003067837096750736
153,0.00006230676081031561
154,-0.000425659934990108
155,-0.00030295015312731266
156,-0.00018045783508569002
157,0.0004296650877222419
158,-0.00042483885772526264
159,-0.0006680155638605356
160,-0.0005448736483231187
161,-0.0001780256861820817
162,0.00018817128147929907
163,-0.00030001543927937746
164,0.00006639794446527958
165,-0.00005568657070398331
166,-0.00017755432054400444
167,0.0001886420650407672
168,-0.0005434688646346331
169,0.00031122518703341484
170,-0.00005521730054169893
171,0.00006683822721242905
172,0.00031063915230333805
173,-0.0001777650322765112
174,-0.0005433396436274052
175,-0.0004204168217256665
176,0.0006779835093766451
177,0.0005548136541619897
178,-0.00029990996699780226
179,-0.0006652673473581672
180,0.0004335672128945589
181,0.0003108313539996743
182,0.0012859696289524436
183,-0.00005790102295577526
184,0.00006415694952011108
185,-0.0006677348865196109
186,-0.0003006694605574012
187,0.0001877067843452096
188,0.0001873678993433714
189,-0.00030081800650805235
190,0.0012852151412516832
191,0.0003072309773415327
192,0.000306677189655602
193,0.00018416286911815405
194,0.00042775075417011976
195,-0.00006086542271077633
196,0.00030511897057294846
197,0.00006064365152269602
198,0.00030445028096437454
199,0.00005997542757540941
200,0.0001818204764276743
201,-0.0003063605399802327
202,-0.0000619030324742198
203,0.0003040827577933669
204,0.00018157018348574638
205,0.00018123688641935587
206,-0.00006301980465650558
207,-0.0000629187561571598
208,-0.00030674191657453775
209,-0.0009160171030089259
210,-0.0003045900957658887
211,0.0006716373609378934
212,-0.00018329813610762358
213,-0.00030494388192892075
214,0.0000614747405052185
215,-0.0003045292105525732
216,0.0001838506432250142
217,0.00006155367009341717
218,0.0006712449248880148
219,0.00030415761284530163
220,0.0003036073176190257
221,0.00030305737163871527
222,-0.00006337754894047976
223,-0.0005511239869520068
224,0.0012792727211490273
225,-0.00030851573683321476
226,-0.0006738654337823391
227,-0.00018483237363398075
228,-0.00030647648964077234
229,0.0004258292028680444
230,0.0005470243049785495
231,0.000668003223836422
232,0.0006668046116828918
233,-0.0004320502048358321
234,-0.0005532578798010945
235,0.00042340741492807865
236,0.0003006811020895839
237,-0.00006575195584446192
238,0.00005631393287330866
239,-0.0001877231989055872
240,-0.0003093647537752986
241,0.00017901987303048372
242,0.0007884985534474254
243,0.00042119889985769987
244,-0.000799182802438736
245,-0.0009197387844324112
246,-0.00030830828472971916
247,-0.00006384868174791336
248,-0.00042963214218616486
249,-0.00006299442611634731
250,0.0003029927611351013
251,0.00042440544348210096
252,0.0006675641052424908
253,0.0001785183558240533
254,0.00030015024822205305
255,-0.00006628187838941813
0,-0.000675987103022635
1,-0.0005528375040739775
2,-0.0000640195794403553
3,0.000058044446632266045
4,0.0004238155670464039
5,0.0007889366243034601
6,0.000665560713969171
7,-0.0001893690787255764
8,-0.0009208180708810687
9,0.0003004231257364154
10,0.00029987667221575975
11,0.00029933033511042595
12,0.00017682299949228764
13,-0.0003113530110567808
14,-0.0003108138917014003
15,0.00005561020225286484
16,-0.00018842576537281275
17,-0.00018810457549989223
18,-0.0004317070124670863
19,-0.0010407624067738652
20,0.00030265573877841234
21,0.0004240693524479866
22,-0.0004304285394027829
23,-0.001405370538122952
24,0.00006065866909921169
25,0.00006054225377738476
26,0.00030434923246502876
27,-0.00006208615377545357
28,0.00005997659172862768
29,-0.0001840632176026702
30,-0.00030570768285542727
31,-0.0005490971961989999
32,-0.00006028241477906704
33,0.00042766425758600235
34,0.0006708205910399556
35,0.0007915815804153681
36,-0.00018552958499640226
37,-0.0010389439994469285
38,-0.0011590700596570969
39,-0.0004252474755048752
40,0.0001853106077760458
41,0.000428898842073977
42,-0.000303641427308321
43,0.00018473842646926641
44,-0.000059520360082387924
45,0.0007943116361275315
46,0.000305045279674232
47,0.0003044951008632779
48,0.00030394550412893295
49,0.000059472047723829746
50,0.00018131860997527838
51,0.00005902489647269249
52,0.00030283350497484207
53,-0.00018556229770183563
54,0.000302604166790843
55,0.0006679421057924628
56,0.0010326297488063574
57,0.00042097328696399927
58,-0.00006763602141290903
59,-0.00043341564014554024
60,0.000543035683222115
61,0.00029813358560204506
62,0.00005366560071706772
63,-0.00006840645801275969
64,-0.00019026140216737986
65,0.00005398574285209179
66,-0.00019004824571311474
67,0.0002981225261464715
68,-0.000556154758669436
69,-0.00018929503858089447
70,0.00042083661537617445
71,-0.00031169585417956114
72,-0.0005550801288336515
73,0.00005570228677242994
74,-0.0006761805852875113
75,-0.0001871444983407855
76,-0.00043074716813862324
77,-0.0009178407490253448
78,-0.0010381825268268585
79,-0.0004265372408553958
80,0.00006206042598932981
81,0.00030586705543100834
82,-0.0003044932382181287
83,0.0003058497095480561
84,-0.00006058649159967899
85,0.00006147508975118399
86,-0.00030452688224613667
87,-0.00006006972398608923
88,-0.0003038938157260418
89,0.00006252492312341928
90,-0.0003034784458577633
91,-0.0001809841487556696
92,-0.00005870650056749582
93,-0.00005860824603587389
94,0.0004293374950066209
95,0.0005505308508872986
96,-0.0005481108091771603
97,-0.0009130300022661686
98,0.00018624356016516685
99,-0.00005801650695502758
100,-0.00030184234492480755
101,-0.00017934897914528847
102,0.0000648887362331152
103,-0.0006670021684840322
104,-0.00005601206794381142
105,0.00006604602094739676
106,0.0005537726683542132
107,-0.00017898622900247574
108,0.00006525148637592793
109,-0.00017879228107631207
110,-0.0004224026342853904
111,0.0003101155161857605
112,-0.00005632452666759491
113,0.0005535816308110952
114,0.00018670805729925632
115,0.0000644102692604065
116,0.00006429094355553389
117,0.0000641717342659831
118,0.0003079765010625124
119,0.0004293859237805009
120,0.00006273167673498392
121,-0.0004252337384968996
122,-0.00018056028056889772
123,0.00006367848254740238
124,-0.00005840195808559656
125,0.0003075819695368409
126,0.000063106301240623
127,-0.0009127069497480989
128,-0.00017931964248418808
129,-0.00017900543753057718
130,0.00018719432409852743
131,0.0003088193479925394
132,-0.0005454669008031487
133,-0.0007884262595325708
134,-0.000055257463827729225
135,0.0005546476459130645
136,-0.0004220358096063137
137,-0.0002993274247273803
138,-0.0007866458036005497
139,-0.0004193643108010292
140,0.00031315116211771965
141,0.0005565180908888578
142,-0.0001762432511895895
143,0.0000679920194670558
144,-0.00005409214645624161
145,0.00031188782304525375
146,0.0001893703592941165
147,0.0005549173802137375
148,0.00031000515446066856
149,-0.00017839658539742231
150,-0.0001780831953510642
151,0.00006615358870476484
152,0.00006603298243135214
153,-0.00017801136709749699
154,-0.0005435841158032417
155,0.0000671885209158063
156,0.00018902879673987627
157,-0.0006650428986176848
158,-0.0011517106322571635
159,-0.0004178944509476423
160,0.0003146199742332101
161,0.0005579856224358082
162,-0.00041870097629725933
163,0.00019185221754014492
164,0.00006955000571906567
165,0.0003133497666567564
166,0.0006786786252632737
167,0.00018962414469569921
168,-0.00017660018056631088
169,-0.00017628853674978018
170,0.00043383240699768066
171,0.0005550220375880599
172,0.00006618571933358908
173,-0.000055896700359880924
174,0.0005540088750422001
175,0.0009189068805426359
176,0.00018549850210547447
177,0.00018516357522457838
178,0.00042875250801444054
179,0.00006209895946085453
180,0.0003059058217331767
181,0.0005492791533470154
182,-0.00018347578588873148
183,-0.00006119569297879934
184,0.00006086693610996008
185,0.0005485988222062588
186,0.00030369218438863754
187,-0.00018470385111868382
188,-0.0004283084999769926
189,-0.000915403594262898
190,-0.00018201395869255066
191,-0.00042562081944197416
192,-0.0004248711047694087
193,-0.00042412150651216507
194,-0.0004233730724081397
195,0.000675031915307045
196,0.00018598116002976894
197,-0.0012778972741216421
198,-0.0011536692036315799
199,-0.0012735844356939197
200,-0.0005395507905632257
201,-0.00017270550597459078
202,0.0006813363870605826
203,0.0005581651348620653
204,-0.00005263509228825569
205,-0.00029646570328623056
206,0.00043583253864198923
207,0.0000691728200763464
208,0.0003129733959212899
209,0.00031241681426763535
210,0.00018989888485521078
211,0.0005554454401135445
212,-0.00029927631840109825
213,-0.0005426707211881876
214,-0.00029778468888252974
215,0.00031255290377885103
216,0.0005559201817959547
217,-0.0001768401125445962
218,-0.0002984899329021573
219,-0.0005418850341811776
220,-0.00005307584069669247
221,-0.00017494393978267908
222,-0.0006624808302149177
223,-0.0006613037548959255
224,-0.000660127610899508
225,0.00019478064496070147
226,0.0004383613122627139
227,-0.002367538632825017
228,-0.000899786246009171
229,-0.0002883721608668566
230,0.0003219569334760308
231,0.00032139255199581385
232,0.0001988664735108614
233,0.00019851978868246078
234,0.0000762114068493247
235,0.0008078530663624406
236,0.0005624996265396476
237,0.0003175807651132345
238,-0.00017082772683352232
239,-0.00004855880979448557
240,0.0005613402463495731
241,0.0000724986894056201
242,0.0003162964712828398
243,-0.00005014892667531967
244,-0.00005005788989365101
245,0.0008037664229050279
246,0.0008023404516279697
247,-0.00017478002700954676
248,0.00006945442873984575
249,-0.0002965549938380718
250,0.0005577051779255271
251,0.00043475255370140076
252,0.0009218268096446991
253,-0.0002994316164404154
254,0.00018894532695412636
255,0.0007984166732057929
0,0.0001871859421953559
1,0.0005527351750060916
2,0.00006390083581209183
3,-0.00005817937199026346
4,-0.0005459287203848362
5,0.0005526934983208776
6,0.0001858214382082224
7,-0.0001803993945941329
8,0.0003077634610235691
9,0.0004291733494028449
10,0.00030644331127405167
11,-0.0005478409584611654
12,0.00006293551996350288
13,-0.0003030678490176797
14,0.00006335065700113773
15,-0.0006685389671474695
16,-0.0000575467711314559
17,0.00018647487740963697
18,0.0004300628788769245
19,0.0009171413257718086
20,0.0007935443427413702
21,0.00006035598926246166
22,-0.00006172130815684795
23,0.0003042659955099225
24,0.00042567902710288763
25,0.00005902827251702547
26,-0.00006304774433374405
27,0.000059017096646130085
28,-0.00006305892020463943
29,-0.0004288417985662818
30,-0.00030612724367529154
31,0.00006029405631124973
32,-0.0000617828918620944
33,-0.0003056050045415759
34,-0.00006114633288234472
35,0.0003048407379537821
36,-0.0001835562288761139
37,0.00006068567745387554
38,-0.00018335343338549137
39,0.0005487359594553709
40,0.0005477534141391516
41,0.00030284770764410496
42,0.00018033862579613924
43,0.00042393209878355265
44,0.000789054436609149
45,0.00005587039049714804
46,0.00005575909744948149
47,0.000299571780487895
48,-0.0006766675505787134
49,0.0005441412795335054
50,0.00029923918191343546
51,-0.0006770002655684948
52,-0.00030992424581199884
53,-0.0003093851264566183
54,0.00017900113016366959
55,0.00017867237329483032
56,-0.00018754205666482449
57,-0.0005531054921448231
58,-0.00018624798394739628
59,0.000057996599934995174
60,0.000179845723323524
61,0.00017951603513211012
62,0.0004231107886880636
63,0.000056462595239281654
64,0.00005635106936097145
65,-0.0001876838505268097
66,-0.00018736207857728004
67,0.00017884583212435246
68,0.00017851719167083502
69,0.0005440744571387768
70,-0.00006671308074146509
71,-0.0009203400695696473
72,-0.0006747926818206906
73,0.00005816726479679346
74,0.0001800165046006441
75,-0.00043012306559830904
76,-0.00018544448539614677
77,-0.00006316229701042175
78,0.00018086482305079699
79,0.00005857262294739485
80,0.0004243450239300728
81,0.00017965794540941715
82,-0.0001865567173808813
83,-0.0003081973409280181
84,0.00005822617094963789
85,0.0004239989211782813
86,0.000545197632163763
87,0.00030029506888240576
88,0.00005582650192081928
89,0.0004216014640405774
90,0.00029887876007705927
91,0.0004202973796054721
92,-0.000556157436221838
93,-0.0004332206444814801
94,-0.000554425292648375
95,0.0005442053079605103
96,0.00029930355958640575
97,0.000054835923947393894
98,-0.0003111594123765826
99,-0.00006669503636658192
100,0.0005432211328297853
101,0.0005422440590336919
102,-0.00006854196544736624
103,-0.00031235720962285995
104,-0.00006789166945964098
105,-0.0011654411209747195
106,-0.0005535731324926019
107,-0.0005526002496480942
108,-0.00018574262503534555
109,0.00018046388868242502
110,-0.00018575135618448257
111,-0.0005513160722330213
112,-0.0003064213087782264
113,-0.0012815800728276372
114,0.00018423283472657204
115,0.0006717476062476635
116,0.00018270022701472044
117,-0.00018351676408201456
118,-0.0003051597159355879
119,0.00018322316464036703
120,0.0001828911481425166
121,0.0003045215271413326
122,0.00018201139755547047
123,-0.0005500906845554709
124,-0.00018323527183383703
125,0.00006100733298808336
126,0.00018285412807017565
127,0.0001825224608182907
128,0.00042611523531377316
129,0.00030338845681399107
130,-0.0004289295757189393
131,-0.0007940615760162473
132,-0.0004267723998054862
133,-0.00042602058965712786
134,-0.0006691927555948496
135,-0.0004240849521011114
136,-0.000057449680753052235
137,-0.0003012745874002576
138,-0.00005681905895471573
139,0.0005530889611691236
140,0.0009179887128993869
141,0.0005504684522747993
142,-0.00018228671979159117
143,-0.0004258924163877964
144,-0.0003031790256500244
145,0.00030716415494680405
146,0.0005505374865606427
147,0.00018366856966167688
148,0.0005492221098393202
149,0.0006702018436044455
150,0.0006690035806968808
151,0.0004238829715177417
152,0.00005723489448428154
153,-0.0005526859313249588
154,-0.0007956376066431403
155,-0.00006246112752705812
156,-0.0003062818432226777
157,-0.0006716307252645493
158,-0.0010363300098106265
159,0.00006316287908703089
160,0.0003069698577746749
161,-0.000913199270144105
162,-0.00030177191365510225
163,-0.000301239313557744
164,-0.00017874501645565033
165,-0.00017842988017946482
166,-0.000544000999070704
167,-0.000055188778787851334
168,-0.0000550918048247695
169,0.0006767760496586561
170,0.00018772517796605825
171,-0.0004224204458296299
172,-0.0004216717788949609
173,-0.0011526958551257849
174,-0.0002969149500131607
175,-0.000052462914027273655
176,-0.00041825405787676573
177,0.0008021097164601088
178,0.0008006859570741653
179,0.00006749224849045277
180,0.00043325754813849926
181,0.00006660120561718941
182,-0.0001774422125890851
183,-0.000055166659876704216
184,-0.0001770316157490015
185,0.00006720563396811485
186,0.00006708537694066763
187,-0.0002989203203469515
188,0.00006749550811946392
189,0.00031129864510148764
190,0.00006682088132947683
191,0.00018866301979869604
192,0.00018832646310329437
193,0.00006602844223380089
194,0.00006590900011360645
195,0.00043167569674551487
196,0.00018698268104344606
197,-0.0003011998487636447
198,0.000309141818434
199,0.0005525134038180113
200,0.0005515286466106772
201,0.00018465891480445862
202,-0.0001815599389374256
203,-0.000913013587705791
204,-0.0006674720207229257
205,-0.00030040356796234846
206,-0.0005437957588583231
207,-0.000054983654990792274
208,0.00018903694581240416
209,0.0007985093398019671
210,0.0007970891892910004
211,0.00079567008651793
212,-0.00018144259229302406
213,0.00018476054538041353
214,0.00018442748114466667
215,0.0004280183929949999
216,-0.0007923662196844816
217,-0.0005470404867082834
218,0.0001856987364590168
219,0.0009171358542516828
220,-0.0001821550540626049
221,0.00006208685226738453
222,-0.00005999067798256874
223,0.00018403446301817894
224,0.00042762584052979946
225,0.00006097473669797182
226,-0.0005489494651556015
227,0.00006182945799082518
228,0.00030563760083168745
229,0.0010368605144321918
230,0.0007910878630355
231,0.00005790300201624632
232,-0.0006739804521203041
233,-0.00018494401592761278
234,-0.0003065853379666805
235,0.00042572326492518187
236,0.0000590737909078598
237,-0.00018496252596378326
238,-0.0004285660106688738
239,0.00030395924113690853
240,-0.00018443504814058542
241,-0.0004280388820916414
242,0.00018252420704811811
243,-0.0005495779914781451
244,0.00018316321074962616
245,0.00030479347333312035
246,-0.00030556367710232735
247,-0.00018306542187929153
248,0.0007929487619549036
249,0.0003036858979612589
250,-0.0009164797374978662
251,-0.0005489728646352887
252,-0.000060156104154884815
253,-0.0003039781004190445
254,-0.00018148159142583609
255,0.0006725696148350835
0,-0.0003043252509087324
1,0.00006209569983184338
2,-0.0007917529437690973
3,0.00018534425180405378
4,0.0004289343487471342
5,-0.0006694889161735773
6,-0.0001804564381018281
7,-0.00005817785859107971
8,0.00018584588542580605
9,0.0005513979122042656
10,0.00018452852964401245
11,-0.0004256132524460554
12,-0.0005468239542096853
13,0.00018591503612697124
14,0.00018558150622993708
15,0.0000632856972515583
16,-0.0004246779717504978
17,0.0003078437875956297
18,0.00006336963269859552
19,0.0001852151472121477
20,0.00030684389639645815
21,0.0007941420190036297
22,0.00030487810727208853
23,0.000670216279104352
24,0.00018117087893188
25,0.0003028034698218107
26,0.0003022574819624424
27,0.0006675976328551769
28,0.0003005166072398424
29,0.0015195916639640927
30,-0.0008003951516002417
31,-0.0005550615023821592
32,-0.00031016278080642223
33,0.00042214919812977314
34,0.0007872744463384151
35,-0.0001898301998153329
36,-0.00006754335481673479
37,0.00005452695768326521
38,-0.00018950528465211391
39,0.00029866723343729973
40,-0.0000677603529766202
41,-0.0000676518538966775
42,-0.0001895051682367921
43,0.0002986675826832652
44,0.0005420490633696318
45,-0.00006873533129692078
46,-0.0001905879471451044
47,-0.0004341852618381381
48,-0.0006773500936105847
49,-0.0009200815111398697
50,-0.00043060933239758015
51,0.00005799450445920229
52,-0.00006407883483916521
53,0.0009117218432947993
54,0.0006661691004410386
55,-0.0007985670818015933
56,-0.0003093110863119364
57,0.000057114637456834316
58,0.00030092778615653515
59,0.0005443076370283961
60,0.0001774452393874526
61,0.00042104278691112995
62,0.000054398318752646446
63,0.00029821391217410564
64,0.0007855199510231614
65,0.00005234044510871172
66,-0.00031365128234028816
67,-0.0008009549928829074
68,0.00005418888758867979
69,0.00005408073775470257
70,-0.0003119126195088029
71,0.0002984394086524844
72,0.00029789796099066734
73,0.0005412803729996085
74,0.0007842299528419971
75,0.00029497581999748945
76,-0.0003153720172122121
77,0.0000510592944920063
78,-0.0004368934314697981
79,0.00005171645898371935
80,-0.0009240844519808888
81,-0.0005565701285377145
82,-0.0003116696607321501
83,0.0009084917837753892
84,0.000053133233450353146
85,0.00029695010744035244
86,0.0006622957298532128
87,-0.0003145893570035696
88,0.000417727162130177
89,0.0002950092311948538
90,-0.00007141462992876768
91,0.00017262157052755356
92,-0.0003155474551022053
93,0.00017284636851400137
94,0.00017252471297979355
95,-0.0000717198709025979
96,-0.0003155311569571495
97,-0.0009247944690287113
98,-0.00019139365758746862
99,-0.0003130282275378704
100,-0.00019052252173423767
101,0.00041961355600506067
102,-0.0001909531420096755
103,0.00017525989096611738
104,-0.00031291134655475616
105,-0.00019040575716644526
106,0.0002977685071527958
107,-0.0005565054016187787
108,0.00005428108852356672
109,0.0001761356834322214
110,0.0002977732801809907
111,0.00029723276384174824
112,-0.00006919307634234428
113,0.00017484137788414955
114,0.00041844218503683805
115,-0.0009238946950063109
116,-0.0005563806043937802
117,0.00029832986183464527
118,0.000053865136578679085
119,-0.00019016582518815994
120,-0.00043376290705055
121,-0.00006711750756949186
122,0.000420838943682611
123,0.0002981190336868167
124,0.0004195400979369879
125,-0.00019102648366242647
126,-0.0001906990073621273
127,0.0004194374196231365
128,-0.0004350526724010706
129,-0.0003123297356069088
130,-0.0004337482387199998
131,-0.00031102646607905626
132,-0.0007983312243595719
133,0.000666620209813118
134,0.0006654269527643919
135,-0.00018949853256344795
136,0.000054751522839069366
137,0.00017660565208643675
138,0.000054319389164447784
139,0.0004200981929898262
140,-0.0003124309005215764
141,0.000297922408208251
142,0.000053458381444215775
143,0.0004192375345155597
144,0.000662404578179121
145,-0.0004364417400211096
146,-0.0001917553599923849
147,-0.00031338923145085573
148,-0.00006892054807394743
149,-0.00006880995351821184
150,-0.0003126231022179127
151,-0.00006815535016357899
152,-0.00019000691827386618
153,0.00017620541620999575
154,0.0007856913143768907
155,-0.00031337328255176544
156,-0.00031282822601497173
157,-0.00031228421721607447
158,-0.00031174044124782085
159,0.0002986126346513629
160,0.00042003358248621225
161,0.000541238347068429
162,-0.00006954430136829615
163,-0.0018988612573593855
164,-0.00006607023533433676
165,-0.0005538093391805887
166,-0.0001869486877694726
167,0.00005729938857257366
168,-0.0001867339015007019
169,0.0005453614285215735
170,-0.0004313106182962656
171,0.00005729496479034424
172,0.00005718553438782692
173,0.0006668855203315616
174,0.0002998069394379854
175,-0.0037254774942994118
176,-0.00042589521035552025
177,-0.0007910275598987937
178,-0.00017981510609388351
179,0.0004303122404962778
180,0.00018562213517725468
181,0.00030725239776074886
182,0.0004286658950150013
183,0.0006718250224366784
184,0.0007925893878564239
185,0.00018136692233383656
186,-0.0003068087389692664
187,-0.0003062696196138859
188,-0.0000618071062490344
189,-0.00042758812196552753
190,-0.0009146808879449964
191,-0.0007910978747531772
192,0.0006738479714840651
193,0.00042872491758316755
194,0.0005499222315847874
195,0.00006109382957220078
196,-0.0005488286260515451
197,0.0005497996462509036
198,0.00018293317407369614
199,0.00042652757838368416
200,0.0001818411983549595
201,0.00018151267431676388
202,0.00018118461593985558
203,0.0004247803008183837
204,0.00018009543418884277
205,0.00030173046980053186
206,-0.00030862248968333006
207,0.00017976609524339437
208,0.0005453249905258417
209,-0.00043134635780006647
210,-0.0007964740507304668
211,-0.0007950661238282919
212,0.00018203549552708864
213,-0.00006221665535122156
214,0.00030377390794456005
215,-0.0000626568216830492
216,0.00005941069684922695
217,-0.0006724718259647489
218,0.00030441267881542444
219,0.00005994329694658518
220,-0.00018409243784844875
221,0.000060153426602482796
222,-0.00030584412161260843
223,-0.000427267630584538
224,0.0004272202495485544
225,-0.00030531431548297405
226,0.00006110954564064741
227,-0.0007927364204078913
228,-0.0001815223367884755
229,-0.002742402604781091
230,-0.00017633172683417797
231,-0.0001760168233886361
232,-0.00029766373336315155
233,0.000922486069612205
234,0.0005549638299271464
235,0.00006613123696297407
236,-0.00042183336336165667
237,0.00043264974374324083
238,0.0005538435652852058
239,0.00018697406630963087
240,-0.00042316841427236795
241,-0.00005653139669448137
242,0.00006553041748702526
243,0.000553261605091393
244,-0.0006673409370705485
245,-0.0006661562947556376
246,-0.000786934164352715
247,0.00019016012083739042
248,-0.00029802287463098764
249,-0.0006633771117776632
250,-0.0006621959619224072
251,-0.0001731680240482092
252,0.00007106794510036707
253,0.0005587940104305744
254,0.00019191985484212637
255,-0.00029626511968672276
0,0.00007015059236437082
1,-0.00017389387357980013
2,-0.00005161948502063751
3,0.0004363241605460644
4,0.00006966700311750174
5,0.00031347060576081276
6,-0.00029689259827136993
7,0.00006952346302568913
8,0.0006792127387598157
9,-0.0001757241552695632
10,0.00019047583919018507
11,-0.00005378411151468754
12,0.000556123093701899
13,0.0005551370559260249
14,-0.00017761951312422752
15,-0.0002992652589455247
16,0.00031107664108276367
17,0.0010422965278849006
18,0.0007965208496898413
19,0.00042921898420900106
20,-0.00018135551363229752
21,-0.000059074023738503456
22,0.00042887567542493343
23,0.00018418754916638136
24,0.00018385681323707104
25,0.00042745040263980627
26,0.0003047250211238861
27,0.0001822172198444605
28,0.0006697361823171377
29,0.00030265492387115955
30,0.000180149101652205
31,-0.00018606381490826607
32,0.0004240698181092739
33,-0.00018650037236511707
34,-0.0004301000153645873
35,0.00018046656623482704
36,-0.00018574600107967854
37,0.000546348630450666
38,0.0009112568804994226
39,0.00017785897944122553
40,-0.0009201230714097619
41,-0.0007965348195284605
42,-0.0004292411031201482
43,-0.00042848451994359493
44,-0.00018380500841885805
45,-0.00030544516630470753
46,-0.00006098323501646519
47,0.000670892302878201
48,0.0006696962518617511
49,-0.00006327067967504263
50,-0.0003070877864956856
51,-0.0003065484343096614
52,-0.0000620854552835226
53,0.00042586761992424726
54,-0.00042862771078944206
55,-0.00018394796643406153
56,-0.0000616640318185091
57,-0.00006155890878289938
58,0.0003044310724362731
59,0.000059962039813399315
60,-0.00018407346215099096
61,-0.00030571315437555313
62,0.000060711055994033813
63,-0.00042724888771772385
64,0.00006135355215519667
65,0.0005490884650498629
66,-0.00006170093547552824
67,-0.000183557509444654
68,0.0005485351430252194
69,-0.00018421525601297617
70,-0.00006193108856678009
71,0.00006013608071953058
72,0.00018198613543063402
73,0.0003036197740584612
74,-0.00006281060632318258
75,-0.0007944758981466293
76,-0.0011589555069804192
77,0.00006271898746490479
78,0.0005504525033757091
79,0.000427509774453938
80,0.0001828228123486042
81,-0.00018339173402637243
82,0.0003047771751880646
83,0.0005481551634147763
84,0.00005932908970862627
85,-0.0033557150745764375
86,-0.00017874769400805235
87,-0.00017843034584075212
88,0.00006581062916666269
89,-0.00005626794882118702
90,0.00043167988769710064
91,0.00018698920030146837
92,-0.0000572671415284276
93,0.00030871969647705555
94,0.0001862082863226533
95,-0.00030197110027074814
96,-0.0001794740092009306
97,0.00018672982696443796
98,0.00030835915822535753
99,0.00006388651672750711
100,0.0003076952416449785
101,0.00030714692547917366
102,-0.00005928648170083761
103,0.0000627782428637147
104,0.00006266450509428978
105,-0.00005941139534115791
106,-0.0000593084841966629
107,0.0006725660059601068
108,0.000549406511709094
109,-0.00006138300523161888
110,-0.00018324004486203194
111,-0.0003048806684091687
112,0.00030546681955456734
113,0.00030492048244923353
114,-0.0001834728755056858
115,0.00006077275611460209
116,-0.00018326344434171915
117,0.001524524763226509
118,0.0007900400087237358
119,0.0001788201043382287
120,0.0005443806294351816
121,-0.00018836616072803736
122,-0.0011637351708486676
123,-0.0005518662510439754
124,-0.0005508919712156057
125,-0.0001840329496189952
126,0.00018217484466731548
127,0.00018184666987508535
128,0.0009132897248491645
129,-0.00018599512986838818
130,-0.0004295951221138239
131,0.00018097145948559046
132,-0.0005511268973350525
133,0.0000596559839323163
134,-0.00042830256279557943
135,-0.0010373560944572091
136,-0.001035517081618309
137,0.0006737872026860714
138,0.0005506265442818403
139,-0.0004260493442416191
140,0.00006255239713937044
141,-0.00018148520030081272
142,0.00030668266117572784
143,0.0000622111838310957
144,-0.00018182559870183468
145,-0.00030346738640218973
146,-0.0004248922923579812
147,-0.000058253644965589046
148,-0.00042403710540384054
149,0.00006456277333199978
150,0.00006444763857871294
151,-0.000545477494597435
152,-0.0006664706161245704
153,0.00018844706937670708
154,0.00006615137681365013
155,0.00018799665849655867
156,0.00018766301218420267
157,0.0006751776672899723
158,-0.00017975561786442995
159,-0.0006672845920547843
160,-0.0006660993676632643
161,-0.00029902951791882515
162,-0.00017653487157076597
163,-0.000054257456213235855
164,-0.0009078920120373368
165,-0.00029646686743944883
166,0.0003138731699436903
167,0.0005572433583438396
168,0.0008001804817467928
169,-0.00005497212987393141
170,-0.00017683464102447033
171,-0.0004204426659271121
172,-0.0001757695572450757
173,0.0005563164595514536
174,0.00031140679493546486
175,-0.000664839637465775
176,0.0003120384644716978
177,0.0006773719796910882
178,-0.00005560112185776234
179,-0.000055501121096313
180,-0.0000554017024114728
181,0.0001886218087747693
182,-0.00042152171954512596
183,-0.0002988098422065377
184,-0.0005422011017799377
185,0.00043445988558232784
186,-0.000785928568802774
187,0.00043508957605808973
188,-0.00041941343806684017
189,-0.000906512956134975
190,-0.000660974532365799
191,0.00007197610102593899
192,0.00007185421418398619
193,0.00043761800043284893
194,-0.0001729635987430811
195,-0.000416574883274734
196,0.00007201824337244034
197,0.00007189635653048754
198,0.000437659677118063
199,0.00007100205402821302
200,0.0001928427955135703
201,-0.0006612282013520598
202,-0.00017220096196979284
203,0.0008038057712838054
204,0.00019257364328950644
205,0.00019223615527153015
206,0.00043582275975495577
207,0.00006916653364896774
208,0.0003129707183688879
209,0.0003124178620055318
210,0.00006794137880206108
211,0.00006782298441976309
212,-0.0006640668725594878
213,-0.00005307502578943968
214,-0.0005408254219219089
215,-0.0002959372941404581
216,-0.00005148351192474365
217,0.0009243076201528311
218,0.00043482205364853144
219,-0.0000537951709702611
220,0.00006826454773545265
221,0.00019010808318853378
222,0.00018977210856974125
223,0.00018943706527352333
224,-0.000054821488447487354
225,0.00031116302125155926
226,-0.00017723580822348595
227,0.00006700376980006695
228,0.0000668864231556654
229,0.0004326544003561139
230,0.0004318864084780216
231,-0.0005445756250992417
232,-0.00005576026160269976
233,-0.000299584586173296
234,-0.000542975147254765
235,-0.0006639707135036588
236,-0.0005408269353210926
237,0.0010456418385729194
238,0.0007998640649020672
239,-0.00005528854671865702
240,0.0003106964286416769
241,0.00018818338867276907
242,-0.00029999762773513794
243,0.0005542690632864833
244,0.00006543705239892006
245,0.0003092446131631732
246,0.00018673308659344912
247,0.00018640037160366774
248,-0.0003017791314050555
249,-0.00030124420300126076
250,0.0005530237685889006
251,0.00006419315468519926
252,0.000308001646772027
253,-0.00018039450515061617
254,-0.0006679232465103269
255,-0.00005692814011126757
0,0.00043102004565298557
1,0.00018633005674928427
2,0.0006738456431776285
3,-0.0001810865942388773
4,-0.0003027289640158415
5,-0.00018023094162344933
6,0.00018597301095724106
7,0.00018564157653599977
8,-0.0005464614368975163
9,0.000308241113089025
10,-0.000058193341828882694
11,0.00018583238124847412
12,0.0006733480840921402
13,0.00006234040483832359
14,-0.00042562081944197416
15,-0.00030290510039776564
16,-0.0004243311705067754
17,-0.00017965491861104965
18,0.0004304726608097553
19,0.0003077453002333641
20,0.00042915844824165106
21,0.0003064322518184781
22,0.0003058849833905697
23,-0.0006703570252284408
24,-0.000791130936704576
25,-0.0003018801799044013
26,0.0004304266767576337
27,-0.000058186822570860386
28,0.0001858392497524619
29,-0.00005841651000082493
30,0.00006364774890244007
31,0.00042941852007061243
32,-0.00018115562852472067
33,-0.0003027981147170067
34,-0.00018030009232461452
35,-0.0004239050904288888
36,-0.0006670766742900014
37,0.00006587931420654058
38,-0.00017816084437072277
39,-0.000299805891700089
40,0.00006661307998001575
41,0.0007982671959325671
42,0.0006748875603079796
43,-0.000058083562180399895
44,0.0003079039743170142
45,-0.00018049206119030714
46,-0.000668020686134696
47,0.0001868985127657652
48,0.00006460386794060469
49,-0.00017943547572940588
50,0.0004306921036913991
51,0.0004299262072890997
52,0.00018523726612329483
53,-0.00030294153839349747
54,0.0005513279465958476
55,0.0003064228221774101
56,0.00018391362391412258
57,-0.00006034004036337137
58,-0.0007920075440779328
59,-0.0006686412962153554
60,-0.0005454930942505598
61,0.00006528454832732677
62,-0.00017875514458864927
63,-0.00030039972625672817
64,-0.0006657511694356799
65,-0.0009084914345294237
66,-0.0006629513809457421
67,0.00007000099867582321
68,0.00031380460131913424
69,-0.0002965583698824048
70,-0.0005399520741775632
71,0.0004367068177089095
72,0.00019201182294636965
73,0.00043559842742979527
74,-0.0000530193792656064
75,-0.0002968457993119955
76,0.00031349435448646545
77,0.0005568647757172585
78,-0.00005393102765083313
79,0.00043401436414569616
80,0.00018932169768959284
81,0.0006768348393961787
82,-0.0005439857486635447
83,-0.0005430184537544847
84,-0.00005420483648777008
85,0.00006785558070987463
86,-0.00005422497633844614
87,0.00018979748710989952
88,-0.0002983856247738004
89,0.00006803253199905157
90,-0.00017601018771529198
91,0.0001901907380670309
92,0.0006777025992050767
93,-0.00042115652468055487
94,-0.00017648329958319664
95,-0.0002981298603117466
96,-0.000053674099035561085
97,0.00043427152559161186
98,0.0003115404397249222
99,-0.000054897041991353035
100,-0.00017676001880317926
101,0.00031140330247581005
102,0.000554775120690465
103,0.0004318288993090391
104,0.00043106183875352144
105,-0.0003014759859070182
106,-0.0004229028709232807
107,-0.0006660755025222898
108,-0.0001770441886037588
109,0.0004330812953412533
110,-0.0000555344158783555
111,-0.0005432823672890663
112,0.0009212264558300376
113,0.0007976293563842773
114,0.0003083646297454834
115,-0.00005806994158774614
116,-0.0003018919378519058
117,-0.00030135689303278923
118,0.0018944920739158988
119,-0.000060265534557402134
120,0.00006180012132972479
121,-0.00042616052087396383
122,0.0009161742636933923
123,-0.00006115180440247059
124,-0.001280665979720652
125,-0.0012783943675458431
126,0.0003093803534284234
127,0.0003088305238634348
128,0.0004302429733797908
129,-0.000058370293118059635
130,-0.0001802300103008747
131,0.0001859745243564248
132,0.00042956636752933264
133,-0.000059045967645943165
134,-0.0007907147519290447
135,-0.00005754025187343359
136,0.00006452261004596949
137,0.0004302931483834982
138,-0.0003022439777851105
139,0.0000641773222014308
140,0.00006406207103282213
141,0.0006737567018717527
142,0.00006274820771068335
143,-0.0004252130165696144
144,0.0003073113039135933
145,-0.000059121870435774326
146,0.0007947136182337999
147,0.00018348987214267254
148,-0.0004266492323949933
149,-0.0005478564416989684
150,0.0009166568052023649
151,0.0007930633146315813
152,0.0004257648251950741
153,-0.0000628443667665124
154,-0.0012823572615161538
155,-0.0011581217404454947
156,-0.0001803721534088254
157,0.00030779442749917507
158,0.0005511697381734848
159,0.00006234110333025455
160,-0.00030365807469934225
161,0.00018472608644515276
162,0.0001843955833464861
163,-0.0006696678465232253
164,-0.0003025950863957405
165,-0.000058135250583291054
166,0.00030785216949880123
167,0.0004292658995836973
168,0.00030653923749923706
169,0.0003059918526560068
170,0.00030544528272002935
171,0.00006097520235925913
172,-0.0003050228115171194
173,-0.0007923321099951863
174,-0.0001811181427910924
175,0.00030704913660883904
176,-0.00005938415415585041
177,-0.0000592812430113554
178,-0.00030310184229165316
179,-0.00018060358706861734
180,-0.00018028460908681154
181,0.0005518054822459817
182,0.0004288621712476015
183,-0.0009134832071140409
184,-0.0007899004267528653
185,-0.00042261264752596617
186,-0.00005597574636340141
187,0.000675895600579679
188,-0.0003010001964867115
189,-0.00017850345466285944
190,0.00006573740392923355
191,-0.000056340708397328854
192,0.00006572122219949961
193,-0.0006661660736426711
194,-0.0007869441760703921
195,-0.001151429838500917
196,-0.0009054576512426138
197,-0.0005379579961299896
198,0.00019477494060993195
199,0.0004383594496175647
200,0.00019366294145584106
201,0.0006811715429648757
202,0.0005580048309639096
203,-0.0004186779260635376
204,-0.0012716634664684534
205,-0.00029370468109846115
206,0.00019467109814286232
207,0.0004382553743198514
208,0.00007159705273807049
209,0.00007147551514208317
210,0.00007135362830013037
211,0.00007123243995010853
212,0.00007111078593879938
213,-0.00017293437849730253
214,-0.0006604695226997137
215,-0.00041536660864949226
216,-0.00004873680882155895
217,0.0006831283681094646
218,-0.0002937737153843045
219,0.00031656352803111076
220,-0.000049878377467393875
221,0.0008039494277909398
222,0.00019271718338131905
223,-0.00029546814039349556
224,-0.000294938450679183
225,-0.00041637150570750237
226,-0.0002936642849817872
227,0.00007274898234754801
228,0.00007262639701366425
229,-0.000049458350986242294
230,0.0006824072916060686
231,0.00007139123044908047
232,-0.0011483493726700544
233,0.000195277389138937
234,-0.00029291026294231415
235,0.00007350242231041193
236,0.0004392645787447691
237,0.0003165291855111718
238,0.0003159728366881609
239,0.00019345502369105816
240,0.00019311660435050726
241,0.0004367020446807146
242,0.00019200704991817474
243,-0.0005401019006967545
244,-0.0006611001444980502
245,-0.0033430823823437095
246,0.00007779756560921669
247,0.0004435555310919881
248,0.0000768925528973341
249,-0.000289119896478951
250,-0.00004467228427529335
251,0.0008091505151242018
252,0.0008077230304479599
253,0.00019648740999400616
254,0.0005620316369459033
255,-0.0004146548453718424
0,-0.0002919492544606328
1,0.00019642419647425413
2,-0.00004784052725881338
3,0.0005620610900223255
4,0.000561069929972291
5,-0.00004972971510142088
6,0.000316249905154109
7,-0.00041607744060456753
8,-0.00017140922136604786
9,-0.0005369840655475855
10,-0.00017013773322105408
11,0.0004399812314659357
12,0.00019528274424374104
13,-0.0001709430944174528
14,-0.0007804424967616796
15,-0.00016923935618251562
16,0.0001969548175111413
17,-0.000047310721129179
18,-0.00016918079927563667
19,-0.00041279580909758806
20,0.00019775540567934513
21,0.000563298468478024
22,-0.00004750338848680258
23,-0.0006572207203134894
24,-0.00004623585846275091
25,0.0004417026648297906
26,0.00044092675670981407
27,0.00019622733816504478
28,0.0003178478218615055
29,-0.0009023286402225494
30,-0.00041287101339548826
31,0.00007571838796138763
32,0.00007559265941381454
33,-0.0001684569288045168
34,-0.00004618742968887091
35,0.0008076367666944861
36,0.0006842483999207616
37,0.00043911603279411793
38,0.00007245666347444057
39,0.0003162573557347059
40,-0.0007819561287760735
41,-0.00029271363746374846
42,-0.00041414902079850435
43,0.00031836528796702623
44,0.00007388298399746418
45,0.0006835683016106486
46,0.00007255072705447674
47,-0.0006593435537070036
48,-0.00017031875904649496
49,-0.0009017804404720664
50,0.00019748590420931578
51,0.00031910522375255823
52,-0.00029126310255378485
53,0.0005629953229799867
54,-0.00016976858023554087
55,0.00007446436211466789
56,-0.0001695846440270543
57,-0.0009010471403598785
58,-0.0007774762343615294
59,-0.0006541238399222493
60,-0.000896874931640923
61,0.00044631119817495346
62,-0.00016427889931946993
63,0.00020191085059195757
64,0.0003235262120142579
65,0.0005668867379426956
66,-0.00016588042490184307
67,-0.00028753711376339197
68,-0.00016505352687090635
69,-0.0006525964708998799
70,0.0002023081760853529
71,-0.00004196271765977144
72,-0.000529723591171205
73,0.00020300166215747595
74,0.0004465776728466153
75,0.0005677584558725357
76,0.0010546090779826045
77,0.0004429370164871216
78,-0.0004115741467103362
79,-0.0004108336288481951
80,0.00007775321137160063
81,-0.0001662984723225236
82,0.00019989267457276583
83,0.00032150966580957174
84,0.001418605330400169
85,0.0005623602773994207
86,0.000561367953196168
87,0.00031645316630601883
88,0.00043785804882645607
89,-0.000294686877168715
90,-0.0002941587008535862
91,0.00007225433364510536
92,0.0005599787691608071
93,-0.00005082087591290474
94,0.0005590830696746707
95,0.00031416991259902716
96,0.0006795006338506937
97,-0.00005347537808120251
98,0.0003125070361420512
99,-0.00005393207538872957
100,0.00006812694482505322
101,-0.00029787805397063494
102,-0.0001753857359290123
103,-0.0005409576697275043
104,-0.002003537258133292
105,0.00019534060265868902
106,0.0005608851788565516
107,0.00007204676512628794
108,-0.0002939620753750205
109,-0.00017147301696240902
110,0.0004386465298011899
111,0.00019394885748624802
112,0.00019360880833119154
113,0.0003152312710881233
114,-0.0004170960746705532
115,0.00043738202657550573
116,0.00031464756466448307
117,-0.002734955516643822
118,-0.0002908541355282068
119,-0.0016319102142006159
120,0.00007846415974199772
121,0.00020029733423143625
122,-0.00040985760278999805
123,0.00007872853893786669
124,-0.00028728635516017675
125,0.0000791206257417798
126,0.0000789909390732646
127,-0.00004310021176934242
128,0.0006887586787343025
129,-0.0007759974105283618
130,-0.0006526464130729437
131,-0.00028558983467519283
132,-0.0004070320865139365
133,-0.00028433441184461117
134,0.0006918794242665172
135,0.0008126251632347703
136,0.00020138418767601252
137,0.0005669234087690711
138,-0.0002878066152334213
139,-0.00028728507459163666
140,-0.0005306877428665757
141,-0.00004188599996268749
142,-0.001017495058476925
143,-0.0005278273019939661
144,-0.00016099039930850267
145,0.0008150056237354875
146,0.0004476857138797641
147,-0.0001629061298444867
148,0.0003252436872571707
149,-0.0007729784119874239
150,-0.00016178307123482227
151,0.000326365465298295
152,-0.00016204826533794403
153,-0.0011374421883374453
154,0.00032813556026667356
155,0.0016691485652700067
156,0.0009344256250187755
157,0.00020100583788007498
158,0.0009324306156486273
159,0.0003209743881598115
160,0.0008082605199888349
161,-0.00004690082278102636
162,-0.00004681025166064501
163,-0.00004671979695558548
164,-0.00004662945866584778
165,0.00044130836613476276
166,-0.00016927800606936216
167,-0.0013885896187275648
168,-0.00028845760971307755
169,-0.0004098976496607065
170,0.00020064960699528456
171,0.00032226520124822855
172,-0.0004100687801837921
173,-0.00004344480112195015
174,-0.0005312054418027401
175,0.0006893682293593884
176,0.00007834425196051598
177,0.00044410082045942545
178,-0.0007762976456433535
179,-0.00028706120792776346
180,-0.000042616971768438816
181,-0.00004253059159964323
182,-0.00016440602485090494
183,0.00007982074748724699
184,0.0002016520593315363
185,0.0009330760221928358
186,-0.0006540759932249784
187,0.00032279070001095533
188,0.0004441892961040139
189,0.00032144784927368164
190,0.00044284749310463667
191,0.00044206902384757996
192,-0.00004655634984374046
193,0.00007549533620476723
194,-0.00016855518333613873
195,0.00007567531429231167
196,0.0004414338618516922
197,-0.0002911146730184555
198,-0.0009004003368318081
199,-0.00041094550397247076
200,-0.0006541307084262371
201,-0.0004090352449566126
202,-0.0005302601493895054
203,-0.00028538296464830637
204,-0.0010166355641558766
205,-0.00003912195097655058
206,0.0005707708187401295
207,0.00020388467237353325
208,0.00008157303091138601
209,-0.00016248284373432398
210,-0.00004022021312266588
211,-0.0004060214851051569
212,-0.0011370585998520255
213,-0.0001593295019119978
214,-0.0002809931756928563
215,-0.000036554294638335705
216,0.00032941182143986225
217,-0.00015900516882538795
218,-0.0002806690754368901
219,-0.0012558497255668044
220,-0.0008877160726115108
221,0.00021153641864657402
222,-0.00039862957783043385
223,0.00021190766710788012
224,-0.0002762970980256796
225,0.0006999087054282427
226,0.0005767227848991752
227,0.00008786888793110847
228,-0.0001561929238960147
229,-0.00003393588121980429
230,-0.0003997432067990303
231,0.0006986422231420875
232,0.00020957179367542267
233,-0.00015666906256228685
234,-0.00015637336764484644
235,0.0006976552540436387
236,0.00020858552306890488
237,-0.0004015779122710228
238,-0.0005228100344538689
239,-0.0005218638107180595
240,-0.0006428809138014913
241,-0.000031910138204693794
242,-0.0002757578622549772
243,0.00009063747711479664
244,0.00045638217125087976
245,0.00008970557246357203
246,0.00045545073226094246
247,-0.000033186981454491615
248,-0.00015507172793149948
249,0.00008914596401154995
250,-0.00039884133730083704
251,0.0006995429284870625
252,-0.00015541422180831432
253,0.00008880370296537876
254,0.00021062581799924374
255,0.00033223163336515427
0,0.0003316589863970876
1,0.0004530486185103655
2,0.0000863748136907816
3,-0.0006455343682318926
4,-0.0008882948895916343
5,0.0002109576016664505
6,-0.00027724646497517824
7,-0.00076458347029984
8,-0.0005192825337871909
9,0.0017989359330385923
10,0.0002102548023685813
11,-0.00015598710160702467
12,-0.0001556924544274807
13,-0.0005212839460000396
14,-0.00015445449389517307
15,-0.00015416089445352554
16,0.0005779031198471785
17,0.00069885712582618
18,-0.00015610014088451862
19,0.00008811813313513994
20,0.0005758263869211078
21,0.00045285827945917845
22,0.00045206991489976645
23,0.00008539622649550438
24,0.0004511448787525296
25,0.00008447212167084217
26,0.0003282597754150629
27,0.00020572845824062824
28,0.0004492995794862509
29,0.000936361844651401
30,0.0008127483306452632
31,-0.00016438052989542484
32,-0.00016407889779657125
33,-0.00004181545227766037
34,0.0000802305294200778
35,0.0009338315576314926
36,0.00020041048992425203
37,-0.00004386110231280327
38,-0.00016573676839470863
39,0.0003224137471988797
40,0.0005657729925587773
41,0.0003208516864106059
42,0.0000763648422434926
43,0.0000762356212362647
44,0.0001980686793103814
45,0.0001977228093892336
46,0.00044130138121545315
47,0.0004405226791277528
48,0.00031778309494256973
49,0.0003172227879986167
50,0.0005605866899713874
51,-0.0002941396087408066
52,-0.00029361434280872345
53,-0.00017112796194851398
54,0.00043898902367800474
55,0.0000723270932212472
56,-0.00017172237858176231
57,0.0006823186995461583
58,0.0003152238205075264
59,0.0011683987686410546
60,0.0003125908551737666
61,-0.000053851050324738026
62,-0.00005375593900680542
63,-0.00005366106051951647
64,0.00006839563138782978
65,0.00006827327888458967
66,-0.00017577223479747772
67,0.00019042484927922487
68,0.00043400959111750126
69,0.0006771613843739033
70,0.00018810899928212166
71,0.0007975816261023283
72,-0.0009113051928579807
73,-0.00029988004826009274
74,-0.000543273868970573
75,0.00018946081399917603
76,-0.0006646104156970978
77,-0.00005362136289477348
78,-0.00005352695006877184
79,0.00006852974183857441
80,-0.0002974780509248376
81,-0.0009067594073712826
82,-0.00017337675672024488
83,-0.00005110527854412794
84,-0.0002949365880340338
85,0.0005593225359916687
86,0.00007048319093883038
87,-0.000051602721214294434
88,-0.00017347163520753384
89,0.0004366472130641341
90,0.0005578348645940423
91,-0.00017492705956101418
92,-0.00029657792765647173
93,-0.0001740886364132166
94,0.00031406874768435955
95,0.0005574356764554977
96,0.0003125217044726014
97,-0.0006637292681261897
98,0.00019118282943964005
99,-0.00041896651964634657
100,0.0006794353248551488
101,0.0009221519576385617
102,0.00006677943747490644
103,0.0001886205282062292
104,0.00018828362226486206
105,0.0004318702267482877
106,0.00116287125274539
107,0.0001851061824709177
108,0.00030673411674797535
109,-0.0005475498037412763
110,0.00042911211494356394
111,-0.00005950278136879206
112,-0.0001813649432733655
113,0.00018483761232346296
114,-0.00005942024290561676
115,-0.00030324410181492567
116,-0.000058786943554878235
117,-0.0020100779365748167
118,0.0001888033002614975
119,0.00018846604507416487
120,0.0006759766256436706
121,0.0005528106121346354
122,-0.00017994653899222612
123,-0.0004235550295561552
124,-0.00017888261936604977
125,-0.0007883773650974035
126,-0.000055208452977240086
127,-0.00029903592076152563
128,0.00018934125546365976
129,0.0003109652316197753
130,0.00018844916485249996
131,0.0004320358857512474
132,-0.0003005057806149125
133,-0.0002999749267473817
134,0.00043232704047113657
135,-0.00005629099905490875
136,0.0005536156240850687
137,-0.0003011042717844248
138,-0.0004225346492603421
139,0.0004319463623687625
140,-0.0006664808606728911
141,0.0003103954950347543
142,0.00018787989392876625
143,-0.00005638028960675001
144,0.00006567861419171095
145,0.0003094826824963093
146,-0.00005695573054254055
147,-0.00017881987150758505
148,0.00006541854236274958
149,0.0007970704464241862
150,0.000551727251149714
151,0.0000628945417702198
152,-0.0009129176614806056
153,-0.0004234530497342348
154,-0.00017878063954412937
155,0.0001874193549156189
156,0.00018708361312747002
157,-0.00017913826741278172
158,-0.0006666707340627909
159,-0.00029960356187075377
160,0.00043269782327115536
161,0.00018800341058522463
162,-0.00005625700578093529
163,-0.00017812184523791075
164,-0.00029976945370435715
165,-0.000055315555073320866
166,-0.000665028695948422
167,0.00006792275235056877
168,-0.0000541608314961195
169,0.0005557442782446742
170,-0.00005505373701453209
171,-0.00017691939137876034
172,-0.00005464465357363224
173,0.00018937478307634592
174,-0.0009086199570447206
175,0.00019065034575760365
176,-0.0001755742123350501
177,-0.0002972243819385767
178,0.0004350751405581832
179,0.000922149745747447
180,0.001042472547851503
181,-0.00017900101374834776
182,-0.00005672418046742678
183,-0.00042251229751855135
184,-0.0006656883051618934
185,0.0006770733743906021
186,0.00006605929229408503
187,0.00030986324418336153
188,-0.00030049949418753386
189,0.0005537648685276508
190,0.0003088543890044093
191,0.00018634030129760504
192,-0.0006677280180156231
193,-0.00030065991450101137
194,-0.0007879764307290316
195,0.0003110783873125911
196,0.00043248606380075216
197,0.0003097536973655224
198,0.0009190099081024528
199,0.0006734500639140606
200,0.0006722486577928066
201,0.00006123899947851896
202,0.0001830855617299676
203,-0.00006117066368460655
204,0.00006089301314204931
205,0.0003047016216441989
206,0.00018219114281237125
207,-0.0005499115213751793
208,-0.00018305645789951086
209,0.0003051096573472023
210,0.00006063713226467371
211,0.00018248404376208782
212,0.00018215237651020288
213,-0.0004279882414266467
214,0.0004264980088919401
215,0.0010355421109125018
216,-0.00006396276876330376
217,0.000058102887123823166
218,0.00017995270900428295
219,0.0005455088103190064
220,0.000666491687297821
221,0.00017744919750839472
222,-0.00018876371905207634
223,-0.00043236359488219023
224,-0.0005535689415410161
225,-0.0001867101527750492
226,-0.00018638873007148504
227,0.000667666201479733
228,0.000422546174377203
229,-0.00006606278475373983
230,-0.00006595638114959002
231,-0.0000658504432067275
232,-0.00018770608585327864
233,-0.00006542156916111708
234,0.0004225316224619746
235,0.00042177026625722647
236,-0.0003107617376372218
237,0.00005566445179283619
238,0.00005555432289838791
239,0.0006652534939348698
240,0.0005420979578047991
241,0.00029719818849116564
242,0.00029665662441402674
243,-0.00019173184409737587
244,-0.00043532950803637505
245,-0.00031260796822607517
246,0.0002977438271045685
247,0.000053277937695384026
248,0.00029709399677813053
249,0.00041851436253637075
250,0.0005397186614573002
251,0.000538744730874896
252,0.00029384822119027376
253,0.00004938594065606594
254,0.0001712434459477663
255,-0.00019496341701596975
0,0.0002932135248556733
1,-0.00043909542728215456
2,-0.00043833255767822266
3,0.0005381252849474549
4,-0.00007265631575137377
5,0.0002933418145403266
6,0.00004887999966740608
7,-0.00019514758605509996
8,0.000049105845391750336
9,-0.0004388457164168358
10,-0.00043808273039758205
11,-0.00007143465336412191
12,-0.0004372089169919491
13,0.00041728606447577477
14,0.000904377200640738
15,0.00017098337411880493
16,-0.00043914676643908024
17,0.00041535007767379284
18,0.0007804810302332044
19,0.0002912295749410987
20,-0.0006850013742223382
21,-0.00007399322930723429
22,-0.0004397651646286249
23,0.0007806180510669947
24,0.0006572520360350609
25,-0.00019766727928072214
26,-0.00019733526278287172
27,-0.0005628886865451932
28,0.00004790257662534714
29,0.0000477995490655303
30,-0.00007426459342241287
31,0.0005356590263545513
32,0.00029076565988361835
33,-0.0001976169878616929
34,0.000046639121137559414
35,0.00016849953681230545
36,-0.00031966622918844223
37,0.00029069266747683287
38,0.0000462336465716362
39,0.0004120185039937496
40,-0.0009303137194365263
41,-0.00007494667079299688
42,-0.00019679369870573282
43,0.00041334773413836956
44,0.000046709668822586536
45,0.000412493827752769
46,-0.00019806681666523218
47,-0.0003196960315108299
48,0.000290662981569767
49,0.00016816635616123676
50,-0.00007607531733810902
51,-0.00031988276168704033
52,-0.0005632569082081318
53,0.0004134208429604769
54,0.00004678289406001568
55,0.0001686436589807272
56,0.0005342114018276334
57,0.00028931989800184965
58,0.000288786250166595
59,0.00004432967398315668
60,-0.00044361711479723454
61,-0.0003208870766684413
62,-0.00007641268894076347
63,0.00041155179496854544
64,0.00016687740571796894
65,-0.00007736228872090578
66,0.00016667891759425402
67,0.00016636319924145937
68,-0.0008096477249637246
69,-0.00019841990433633327
70,-0.0005639719311147928
71,-0.0008069119649007916
72,-0.00043961021583527327
73,0.0004148877924308181
74,0.000048249028623104095
75,-0.00031773874070495367
76,-0.000195228960365057
77,-0.00043882185127586126
78,0.0001717517152428627
79,0.00004946952685713768
80,-0.0008043668931350112
81,-0.0004370672395452857
82,-0.0006802284624427557
83,0.0004186242586001754
84,0.0007837534649297595
85,0.00005057652015239
86,0.00041635765228420496
87,-0.00031616794876754284
88,-0.00007169716991484165
89,0.0002943013096228242
90,-0.0001940836664289236
91,-0.00043767725583165884
92,0.000050933449529111385
93,0.0005386767443269491
94,0.0005377053748816252
95,-0.0006828837795183063
96,-0.0006816859822720289
97,-0.00007067958358675241
98,-0.0004364531487226486
99,0.00041804241482168436
100,-0.00007056095637381077
101,0.000051513430662453175
102,0.000051408191211521626
103,0.0005391513695940375
104,0.0005381796509027481
105,-0.00031652417965233326
106,-0.0005599004216492176
107,-0.0008028439478948712
108,-0.0008014308987185359
109,-0.00006824778392910957
110,0.0005416719941422343
111,-0.0004349969094619155
112,-0.0005561977159231901
113,0.00029851263388991356
114,0.0002979717683047056
115,0.000053507741540670395
116,0.00005340122152119875
117,-0.0004345526685938239
118,0.00041994149796664715
119,0.00017526070587337017
120,-0.00019094801973551512
121,0.000053303432650864124
122,0.00017515907529741526
123,-0.00019104918465018272
124,0.0002971258945763111
125,-0.00043518468737602234
126,0.0002973478985950351
127,0.0005407319404184818
128,0.00017387396655976772
129,0.0005394375184550881
130,-0.0006811525672674179
131,-0.0006799559341743588
132,-0.0005567981861531734
133,0.0005418366054072976
134,0.00005301577039062977
135,0.00005290983244776726
136,0.0005406516138464212
137,0.000539679080247879
138,-0.00019306386820971966
139,-0.00019273418001830578
140,0.000783290364779532
141,-0.0003157715545967221
142,-0.0006811100756749511
143,0.0005397057393565774
144,0.000538734020665288
145,0.0005377634661272168
146,0.00004894612357020378
147,-0.00019507994875311852
148,-0.00043867179192602634
149,0.0010256353998556733
150,0.00017006555572152138
151,-0.00007417635060846806
152,-0.00007406051736325026
153,0.00004801712930202484
154,0.000657725497148931
155,-0.0003191543510183692
156,0.00016924366354942322
157,-0.00019695924129337072
158,-0.000684473430737853
159,0.000048498157411813736
160,0.00004839652683585882
161,-0.0005615140544250607
162,-0.0000726841390132904
163,0.0011470495956018567
164,0.000779111054725945
165,-0.00007602316327393055
166,-0.0009296386269852519
167,-0.0004401562036946416
168,-0.0006833137013018131
169,-0.0005601525772362947
170,-0.0017787902615964413
171,-0.0003120994661003351
172,-0.00006763148121535778
173,0.0002983645536005497
174,0.000053900876082479954
175,0.0002977184485644102
176,-0.00006870669312775135
177,-0.00006859505083411932
178,-0.0008002555696293712
179,0.00005488959141075611
180,-0.00018914102111011744
181,-0.00006685277912765741
182,-0.00018870492931455374
183,0.0006653550080955029
184,0.0009080872405320406
185,-0.00019119330681860447
186,0.00005305942613631487
187,0.00029687792994081974
188,-0.00019150832667946815
189,0.0001747063361108303
190,0.0002963464939966798
191,0.0002958085387945175
192,0.0007831184193491936
193,0.0006597525207325816
194,0.00029268080834299326
195,-0.00043962523341178894
196,-0.0008047446608543396
197,-0.00019351975060999393
198,-0.000924960128031671
199,0.0002962899161502719
200,-0.00007013394497334957
201,0.00005194090772420168
202,-0.0008018965600058436
203,0.0001752120442688465
204,0.0010286234319210052
205,0.0001730513758957386
206,-0.0006810020422562957
207,-0.00031391880474984646
208,-0.0000694486079737544
209,0.0006624349625781178
210,0.00017339910846203566
211,0.000538964755833149
212,-0.00019377702847123146
213,-0.00019344582688063383
214,0.00017277093138545752
215,-0.00043735827784985304
216,0.0002951774513348937
217,0.0005385644035413861
218,0.000049747293815016747
219,0.00004964543040841818
220,0.000049543450586497784
221,0.00017140363343060017
222,-0.00007283850573003292
223,0.0002931625349447131
224,0.000048704096116125584
225,0.00004860316403210163
226,-0.000439345370978117
227,0.00004926871042698622
228,0.00004916719626635313
229,0.00017102784477174282
230,0.0006585575174540281
231,0.0004134493647143245
232,0.00029073713812977076
233,0.00016824284102767706
234,0.000289889401756227
235,-0.0005643756594508886
236,-0.000441427924670279
237,0.000047187902964651585
238,-0.00019683525897562504
239,0.0001693845260888338
240,-0.00007485540118068457
241,-0.00019669975154101849
242,-0.00031832768581807613
243,0.0002920322585850954
244,0.0002914988435804844
245,0.00016900384798645973
246,0.00004672619979828596
247,-0.00031925830990076065
248,-0.0004406687803566456
249,0.0002918702084571123
250,-0.0008063199929893017
251,-0.0005609785439446568
252,0.00029373774304986
253,0.0005371267907321453
254,0.00004831119440495968
255,0.000048210727982223034
0,0.0006579204928129911
1,-0.0000750349136069417
2,0.00029096903745085
3,0.0006563219940289855
4,-0.0005644791526719928
5,-0.00007564516272395849
6,0.00004643527790904045
7,0.0006561462068930268
8,0.0001671166392043233
9,0.00028876494616270065
10,-0.0006874608807265759
11,-0.0005642949836328626
12,-0.001173118012957275
13,0.0010242649586871266
14,-0.0005630736704915762
15,0.0004136067582294345
16,-0.00007499067578464746
17,0.00029101327527314425
18,0.000046557048335671425
19,-0.0000755030196160078
20,0.000046577188186347485
21,-0.00019744469318538904
22,-0.0008069189498201013
23,-0.00043961452320218086
24,-0.0005608090432360768
25,-0.000193940126337111
26,-0.0008034172933548689
27,0.000051731476560235023
28,0.0005394764011725783
29,0.00017262122128158808
30,-0.00129124044906348
31,-0.0001913006417453289
32,0.00029687711503356695
33,0.00029633939266204834
34,0.00041776488069444895
35,0.00005112576764076948
36,0.0001729857176542282
37,0.0007824762724339962
38,-0.00007265922613441944
39,-0.00007254316005855799
40,-0.00019438855815678835
41,-0.0005599416326731443
42,-0.00031503511127084494
43,0.00017336069140583277
44,0.0002950036432594061
45,-0.0003153413999825716
46,-0.0005587163614109159
47,-0.00019184930715709925
48,0.000540252891369164
49,0.0010271304054185748
50,-0.00019432511180639267
51,-0.00019399193115532398
52,-0.00019365944899618626
53,0.0002945204032585025
54,-0.0005597480339929461
55,0.0000510441605001688
56,-0.00019298156257718801
57,0.000051274080760777
58,0.000051171984523534775
59,-0.00007089204154908657
60,-0.00019273883663117886
61,-0.00019240740220993757
62,-0.00007011427078396082
63,0.0004178476519882679
64,-0.0001927148550748825
65,-0.00043630716390907764
66,-0.0010453517315909266
67,0.00005415279883891344
68,-0.00006791355554014444
69,0.0002980845747515559
70,0.0002975467359647155
71,-0.00043476244900375605
72,0.00005384872201830149
73,0.00041962997056543827
74,-0.00006897177081555128
75,-0.0000688586151227355
76,0.00005321670323610306
77,0.0004189986502751708
78,0.000052359187975525856
79,-0.00019166735000908375
80,0.0001745489425957203
81,-0.00019165640696883202
82,0.0002965216990560293
83,0.000295985140837729
84,-0.00007043650839477777
85,-0.0005581695586442947
86,-0.0006791497580707073
87,0.00017578096594661474
88,0.00017546035815030336
89,-0.00019074638839811087
90,-0.00006845418829470873
91,-0.00031226512510329485
92,-0.0001897567417472601
93,0.000054495991207659245
94,0.00005439168307930231
95,0.000054287025704979897
96,0.00005418248474597931
97,0.00029800215270370245
98,0.0002974641975015402
99,-0.00043484417255967855
100,-0.0007999663939699531
101,-0.0010424768552184105
102,-0.00006493600085377693
103,0.0007889070548117161
104,0.0002996521070599556
105,0.0004210749175399542
106,-0.00006752798799425364
107,0.00017650797963142395
108,0.0005420721136033535
109,0.0001752154203131795
110,0.0007847048109397292
111,0.0006613390287384391
112,-0.0004375033313408494
113,-0.00031477538868784904
114,-0.00043618830386549234
115,-0.00019149971194565296
116,0.0001747166970744729
117,0.0002963590668514371
118,0.0002958227414637804
119,0.0001733254175633192
120,-0.00031484058126807213
121,0.0001735558034852147
122,-0.00043657212518155575
123,0.00005204079207032919
124,-0.0003139469772577286
125,-0.00019143708050251007
126,-0.0003130680415779352
127,0.00041925080586224794
128,0.0010283065494149923
129,0.0000507748918607831
130,0.0013922544894739985
131,-0.0006835827371105552
132,-0.00007257168181240559
133,0.000415393034927547
134,0.00017071887850761414
135,-0.00007352069951593876
136,0.00004855904262512922
137,-0.00019546388648450375
138,0.00041468010749667883
139,-0.0003178404876962304
140,0.003097643959335983
141,-0.0004447683459147811
142,-0.00020007160492241383
143,0.0005320385098457336
144,-0.00007873307913541794
145,0.00016531324945390224
146,0.00004304060712456703
147,0.0005307940300554037
148,0.00004198553506284952
149,-0.00008006917778402567
150,-0.0006897549610584974
151,0.00016518589109182358
152,0.0006527226651087403
153,0.0005295831942930818
154,-0.0003251096932217479
155,0.000041334424167871475
156,0.0005290897097438574
157,0.0005281302146613598
158,0.0008930579060688615
159,-0.00032816885504871607
160,-0.0006934931734576821
161,-0.0005703205242753029
162,-0.0005693272687494755
163,0.0002853982150554657
164,0.00040683429688215256
165,0.0004060923820361495
166,-0.00008249667007476091
167,0.00028351531364023685
168,0.00016102951485663652
169,-0.0005710485856980085
170,-0.0006920169107615948
171,-0.00044688303023576736
172,-0.0009339553071185946
173,-0.0003225043183192611
174,-0.0003219478530809283
175,-0.00019943015649914742
176,0.0002887560985982418
177,-0.00007765786722302437
178,0.00041031185537576675
179,-0.00044416659511625767
180,-0.00019946950487792492
181,-0.0005650166422128677
182,-0.00007618020754307508
183,0.00004590279422700405
184,-0.00007615506183356047
185,0.000045927707105875015
186,0.00004583178088068962
187,0.000045735971070826054
188,-0.00007632153574377298
189,0.00016772327944636345
190,-0.0004423984792083502
191,-0.00044162722770124674
192,-0.0000749705359339714
193,0.00004711130168288946
194,0.0001689764903858304
195,0.0002906249137595296
196,0.00016813306137919426
197,-0.0003200273495167494
198,-0.00007554888725280762
199,0.0005343807861208916
200,-0.00007639150135219097
201,-0.00019823235925287008
202,-0.00031985598616302013
203,0.0004124697297811508
204,-0.00007612444460391998
205,0.00004595867358148098
206,0.00016782491002231836
207,0.0004114363109692931
208,-0.0005650044186040759
209,-0.0003200913779437542
210,0.00016831094399094582
211,-0.0005637732101604342
212,-0.0008067090529948473
213,0.000048445072025060654
214,-0.0005614623660221696
215,-0.0008044000715017319
216,0.0002946755848824978
217,0.0004161042161285877
218,0.0007812402909621596
219,-0.00007389206439256668
220,0.0005360366776585579
221,-0.00044062279630452394
222,-0.001049662008881569
223,-0.00031603709794580936
224,0.0005382471717894077
225,0.00004943343810737133
226,-0.0004385128850117326
227,0.00005010329186916351
228,0.000050004106014966965
229,-0.00007205677684396505
230,0.0005378706846386194
231,0.00017101888079196215
232,-0.0003171436255797744
233,-0.00043855304829776287
234,0.00029398687183856964
235,-0.00007243140134960413
236,0.0005374961765483022
237,0.0007804546039551497
238,0.0010229800827801228
239,0.000167416175827384
240,-0.0001987809082493186
241,-0.00019844225607812405
242,0.0005336678586900234
243,0.00016681989654898643
244,-0.00032133853528648615
245,0.00004510325379669666
246,0.00028893258422613144
247,-0.00019944296218454838
248,0.000044820597395300865
249,-0.0001991975586861372
250,0.000898798811249435
251,-0.00007850793190300465
252,-0.00044426973909139633
253,0.0006541612092405558
254,0.00004317425191402435
255,-0.0003228038549423218
0,0.0004095248878002167
1,0.00004289601929485798
2,0.000042803469114005566
3,0.0001646734308451414
4,0.00004240218549966812
5,-0.00032357522286474705
6,0.0007746403571218252
7,-0.00032440933864563704
8,-0.0000799266854301095
9,-0.0004456867463886738
10,-0.0002009877935051918
11,0.0006530865794047713
12,0.0002860245294868946
13,-0.0004462715005502105
14,0.00016431359108537436
15,-0.0003238420467823744
16,-0.00020132167264819145
17,0.000652753165923059
18,0.0002856916980817914
19,0.0001632052008062601
20,0.0002848597941920161
21,0.0005282595520839095
22,0.0006492645479738712
23,-0.000327603192999959
24,-0.0002050790935754776
25,0.000039189704693853855
26,0.00016106292605400085
27,0.00003879563882946968
28,-0.0003271783934906125
29,-0.0005705399671569467
30,-0.00044758315198123455
31,0.00040692754555493593
32,0.00028422498144209385
33,0.0004056640900671482
34,-0.00020488514564931393
35,0.0005272317212074995
36,-0.00020549562759697437
37,-0.0004490737337619066
38,-0.00008240924216806889
39,0.00016164255794137716
40,0.00016133685130625963
41,0.0007708409102633595
42,-0.00032820506021380424
43,-0.0002056799130514264
44,0.0002825133269652724
45,-0.0000838935375213623
46,0.000038197729736566544
47,0.0005259579047560692
48,-0.00020676781423389912
49,-0.0010601542890071869
50,-0.0003265187842771411
51,0.00028385233599692583
52,0.000527253607288003
53,0.0005262981867417693
54,-0.00032838957849889994
55,-0.00008390226867049932
56,-0.000327696674503386
57,-0.00020517164375633
58,0.00028302136342972517
59,-0.0002053475473076105
60,0.00003892218228429556
61,0.00028275756631046534
62,-0.00008364894893020391
63,-0.00008351949509233236
64,-0.00044927618000656366
65,-0.00020457280334085226
66,0.000039696344174444675
67,-0.0002043157583102584
68,-0.0006918184226378798
69,0.00004116492345929146
70,0.0004069607239216566
71,0.00040622090455144644
72,0.0002835197374224663
73,-0.00020484952256083488
74,0.0005272674607113004
75,-0.00032742111943662167
76,0.0001609897008165717
77,-0.0025224763667210937
78,0.0004090729635208845
79,-0.00020147778559476137
80,0.00004278880078345537
81,0.000774468993768096
82,0.0006511156680062413
83,0.00004013290163129568
84,0.000040044309571385384
85,-0.00008200621232390404
86,-0.0009356110822409391
87,-0.00020219432190060616
88,-0.0000798890832811594
89,-0.0004456479800865054
90,0.00004297599662095308
91,0.00040877063293009996
92,0.00004214409273117781
93,0.00004205352161079645
94,-0.00007999839726835489
95,-0.0002018336672335863
96,-0.0009332615882158279
97,0.00016603886615484953
98,0.0000437683193013072
99,-0.00020024715922772884
100,0.00028794247191399336
101,0.00040937913581728935
102,0.000042751780711114407
103,-0.0003232245799154043
104,-0.000932474504224956
105,-0.0001990600721910596
106,-0.0005646049976348877
107,0.00016815762501209974
108,-0.00007607683073729277
109,0.00016797019634395838
110,0.00004569825250655413
111,0.0004114907933399081
112,0.0006546711083501577
113,-0.00032220035791397095
114,-0.000321641331538558
115,-0.0006869685603305697
116,-0.0012955699348822236
117,0.00029222562443464994
118,0.000535620260052383
119,0.0004126966232433915
120,0.0004119519144296646
121,0.0002892465563490987
122,0.0001667584292590618
123,0.0001664493465796113
124,-0.000565630616620183
125,-0.0001987532014027238
126,-0.0011741071939468384
127,-0.0012939946027472615
128,-0.0005599336000159383
129,0.000416748458519578
130,-0.00019380892626941204
131,0.0004163371631875634
132,0.0006595136364921927
133,0.00004852388519793749
134,-0.00007353350520133972
135,-0.0005612596869468689
136,-0.00019438588060438633
137,0.0009036083938553929
138,0.0010239562252536416
139,-0.00007552991155534983
140,0.00004655530210584402
141,0.00041234714444726706
142,0.000167679856531322
143,0.00016736984252929688
144,0.000045098597183823586
145,-0.0006867648335173726
146,-0.0008075187215581536
147,0.003950418788008392
148,-0.00044723949395120144
149,-0.00020253704860806465
150,-0.0008120018756017089
151,0.00028708274476230145
152,0.0008963685249909759
153,-0.0003248578868806362
154,-0.0004462581127882004
155,0.00016432919073849916
156,-0.00020186288747936487
157,0.0004082905361428857
158,-0.00032422097865492105
159,0.00004222593270242214
160,0.0005299837794154882
161,0.0005290273111313581
162,0.00028414803091436625
163,0.0001616647932678461
164,-0.0000825631432235241
165,0.000039528822526335716
166,-0.00044840609189122915
167,0.00028414512053132057
168,-0.0002042233245447278
169,-0.0013015344738960266
170,-0.001299237716011703
171,-0.00019928603433072567
172,0.0002889034803956747
173,-0.0004433931317180395
174,-0.000320655875839293
175,-0.0006859831046313047
176,0.0001689578639343381
177,0.0005345330573618412
178,0.000045725260861217976
179,-0.00019829091615974903
180,-0.000685797305777669
181,-0.0003187040565535426
182,0.00016970012802630663
183,-0.00019649660680443048
184,-0.0003181188367307186
185,-0.00007363921031355858
186,0.0005362925585359335
187,0.000047483015805482864
188,0.00016935088206082582
189,0.00029100244864821434
190,0.00004655122756958008
191,0.0004123442340642214
192,0.0007774863624945283
193,-0.00007763947360217571
194,-0.00007751386146992445
195,-0.00044327392242848873
196,-0.00019857462029904127
197,-0.00007627136074006557
198,0.00004581513348966837
199,-0.00007623899728059769
200,0.000289771007373929
201,0.0004112072056159377
202,0.0004104649415239692
203,0.000165799749083817
204,-0.0008102027932181954
205,0.00016691943164914846
206,0.00028857309371232986
207,0.00004412431735545397
208,0.00028795760590583086
209,-0.0005663000047206879
210,-0.00007745868060737848
211,-0.00007733318489044905
212,0.000044754124246537685
213,0.00041054864414036274
214,0.0002878454979509115
215,-0.0003224880201742053
216,0.00016591965686529875
217,-0.00007831130642443895
218,-0.00044407055247575045
219,-0.0001993699697777629
220,0.0001668577315285802
221,0.0008983215084299445
222,0.0002869035815820098
223,0.0002863806439563632
224,-0.000445913290604949
225,-0.00044513517059385777
226,-0.00044435751624405384
227,-0.00007769453804939985
228,-0.0004434543661773205
229,-0.0006866017356514931
230,-0.00019754539243876934
231,0.00016868149396032095
232,0.0006562193157151341
233,-0.0003206520341336727
234,-0.00019813142716884613
235,-0.0008075993973761797
236,-0.00044028868433088064
237,-0.0004395152209326625
238,-0.0005607045022770762
239,-0.00019382976461201906
240,-0.00019349204376339912
241,0.0001727311173453927
242,-0.00007150578312575817
243,-0.00007138506043702364
244,0.0002946212189272046
245,0.00017212959937751293
246,-0.00019406864885240793
247,-0.00007176864892244339
248,-0.0005594952963292599
249,-0.0001926219556480646
250,-0.0003142469795420766
251,0.00017415382899343967
252,0.00029580132104456425
253,-0.00007061508949846029
254,-0.0004363809712231159
255,-0.0000697247451171279
0,0.0005402035312727094
1,-0.00019253219943493605
2,-0.0003141574561595917
3,-0.0006794900400564075
4,0.00005348410923033953
5,-0.00006857642438262701
6,0.0010291989892721176
7,0.00029559480026364326
8,0.00005114066880196333
9,0.000051043927669525146
10,0.0002948713954538107
11,0.00017237977590411901
12,-0.00019381882157176733
13,0.00029436685144901276
14,0.0005377612542361021
15,0.00004895136225968599
16,0.0005367042031139135
17,-0.00043995247688144445
18,-0.00007329357322305441
19,-0.000926904147490859
20,-0.0009252645540982485
21,0.00005206861533224583
22,0.00005197152495384216
23,-0.0003140114713460207
24,0.0009061605669558048
25,0.0011484692804515362
26,0.0002926896559074521
27,0.000170199666172266
28,-0.00007403455674648285
29,-0.00031783548183739185
30,0.0006584164220839739
31,-0.00019649474415928125
32,0.00016973121091723442
33,-0.00019646447617560625
34,0.00016976159531623125
35,0.0004133750917389989
36,0.000534593709744513
37,0.000289710471406579
38,-0.00019866239745169878
39,-0.00007635809015482664
40,-0.00056408008094877
41,-0.0009289737790822983
42,0.0006581724155694246
43,0.00029110920149832964
44,0.00004665914457291365
45,-0.0008071665652096272
46,0.0006578010506927967
47,-0.00007514737080782652
48,-0.00007502292282879353
49,-0.00031882268376648426
50,0.00041350640822201967
51,-0.0006848941557109356
52,-0.00007387669757008553
53,-0.00019571511074900627
54,0.00029247207567095757
55,0.00016998290084302425
56,0.0009014438837766647
57,0.00004610023461282253
58,-0.00031987682450562716
59,0.00004656717646867037
60,0.0009002083679661155
61,-0.000321019790135324
62,-0.001052231527864933
63,-0.001294295652769506
64,-0.0006821949500590563
65,-0.00007117970380932093
66,-0.000314982607960701
67,-0.00007050437852740288
68,-0.00031430774834007025
69,-0.00031375419348478317
70,-0.0009230102878063917
71,0.00005432136822491884
72,0.00017618411220610142
73,-0.00006805500015616417
74,-0.0004338225116953254
75,-0.00031109258998185396
76,-0.0003105415962636471
77,0.00029981834813952446
78,-0.00031052494887262583
79,0.0001778730656951666
80,0.000055594020523130894
81,-0.00018842995632439852
82,-0.00031005823984742165
83,-0.0003095081774517894
84,-0.00030895869713276625
85,0.0001794376876205206
86,0.00017911940813064575
87,-0.0005529701011255383
88,-0.00018610176630318165
89,-0.00018577056471258402
90,0.00018044630996882915
91,0.0004240508424118161
92,-0.0005523967556655407
93,-0.0011612240923568606
94,-0.00006150233093649149
95,-0.00018335168715566397
96,0.0003048244398087263
97,0.0000603626249358058
98,0.00006025820039212704
99,-0.00018376950174570084
100,-0.0004273640224710107
101,-0.000060715945437550545
102,-0.00018256576731801033
103,-0.000304199755191803
104,-0.00005973083898425102
105,0.00018430326599627733
106,0.00006201874930411577
107,-0.000060049002058804035
108,-0.00030386168509721756
109,0.000306492205709219
110,0.00030595227144658566
111,0.00042737508192658424
112,0.00018269557040184736
113,0.000304336310364306
114,0.0005477219820022583
115,0.0006687130080536008
116,0.00042360229417681694
117,0.00005696446169167757
118,0.000056863296777009964
119,-0.00043108570389449596
120,-0.00006443413440138102
121,0.0005454900674521923
122,0.0004225595621392131
123,0.0005437699146568775
124,0.00005495501682162285
125,0.0006646648980677128
126,0.001029367558658123
127,0.0005396873457357287
128,0.000050876173190772533
129,-0.0008029529126361012
130,-0.000801531714387238
131,0.0002975454553961754
132,0.0006628993432968855
133,-0.0001920155482366681
134,-0.00043560261838138103
135,-0.00006894697435200214
136,-0.00031275185756385326
137,0.00005368597339838743
138,-0.0006781835108995438
139,0.000664599472656846
140,-0.00006835511885583401
141,-0.00043412228114902973
142,-0.0001894299639388919
143,0.00005482800770550966
144,-0.00018919480498880148
145,0.0010307582560926676
146,0.000541076879017055
147,0.000052264658734202385
148,-0.0003137183375656605
149,0.00041860633064061403
150,0.00017393473535776138
151,-0.00043618830386549234
152,-0.00031345593743026257
153,0.000052982824854552746
154,-0.0006788861937820911
155,-0.0009216073667630553
156,-0.0003101625479757786
157,0.00005627330392599106
158,0.00005617260467261076
159,0.0005439195083454251
160,-0.0004327428760007024
161,-0.0001880517229437828
162,0.0001781670143827796
163,-0.0005539213307201862
164,0.00030079507268965244
165,0.0005441844696179032
166,0.0004212548956274986
167,-0.0006771523039788008
168,-0.0007979128276929259
169,-0.0007964959368109703
170,-0.0004291944205760956
171,0.000059417448937892914
172,-0.00018460990395396948
173,-0.00006231758743524551
174,0.0001817189622670412
175,0.0007912083528935909
176,0.000667842454276979
177,0.00042273278813809156
178,0.000056095654144883156
179,0.00005599518772214651
180,-0.00018802902195602655
181,0.000300151645205915
182,0.000055693904869258404
183,-0.00018832995556294918
184,-0.00030995847191661596
185,0.00017843907698988914
186,0.0007879310287535191
187,0.00017672055400907993
188,-0.00031144311651587486
189,-0.0007987393764778972
190,-0.0000655504409223795
191,0.0004224131116643548
192,0.0004216620000079274
193,0.000542873633094132
194,0.00029798352625221014
195,0.00017548911273479462
196,-0.00006874930113554001
197,0.0005411789752542973
198,0.00029629014898091555
199,0.00005183566827327013
200,-0.00007022276986390352
201,-0.00019206467550247908
202,-0.0005576132098212838
203,-0.00031270261388272047
204,-0.0000682267127558589
205,0.0009075868874788284
206,0.00041812355630099773
207,-0.00031439459417015314
208,-0.00006991717964410782
209,-0.0004356831777840853
210,0.00029685848858207464
211,0.00029632728546857834
212,-0.00007008877582848072
213,-0.0006797782843932509
214,-0.000434650806710124
215,0.000663775485008955
216,0.00041866942774504423
217,0.00041792180854827166
218,-0.00019263476133346558
219,-0.0003142592031508684
220,0.00017414218746125698
221,0.0002957903780043125
222,0.0002952603390440345
223,0.00029473076574504375
224,-0.0003156079910695553
225,-0.00031505280639976263
226,-0.00007057457696646452
227,0.0004173938650637865
228,-0.0000712003093212843
229,-0.0001930411672219634
230,-0.00007074140012264252
231,0.0002952651120722294
232,-0.00007115025073289871
233,-0.0005588765488937497
234,-0.00007004127837717533
235,0.0001740027219057083
236,-0.00007023441139608622
237,-0.00043599994387477636
238,-0.00006934348493814468
239,0.000052737537771463394
240,-0.000313245109282434
241,0.00017515546642243862
242,-0.000069082947447896
243,-0.00031288713216781616
244,-0.001409991760738194
245,-0.0003098315792158246
246,-0.0014069388853386045
247,0.0003030280349776149
248,-0.0007951654260978103
249,-0.00018394121434539557
250,-0.000305573339574039
251,0.00006085867062211037
252,-0.00006120791658759117
253,0.00042675191070884466
254,0.00030403537675738335
255,-0.0003063112962990999
0,0.00030404480639845133
1,-0.0003063017502427101
2,-0.00018379325047135353
3,-0.00030542537569999695
4,-0.000060955644585192204
5,0.00030504202004522085
6,0.00006058020517230034
7,-0.0006712955655530095
8,0.000549519550986588
9,0.0006705094128847122
10,0.0004253974184393883
11,0.00030268204864114523
12,0.00005822186358273029
13,-0.0009175755549222231
14,0.0011574085801839828
15,0.00030162115581333637
16,0.00005716190207749605
17,-0.00006490107625722885
18,-0.0000647854758426547
19,-0.00030859396792948246
20,0.0005456882063299417
21,0.00042275735177099705
22,-0.00018780340906232595
23,-0.0007972794119268656
24,-0.00018605380319058895
25,-0.0005516074597835541
26,0.00018114515114575624
27,-0.0014046792639419436
28,-0.00018256192561239004
29,0.00018365192227065563
30,0.0009151013800874352
31,0.0003036694834008813
32,0.0006690181326121092
33,-0.0004298256244510412
34,-0.00042906065937131643
35,-0.0005502583226189017
36,-0.0003053542459383607
37,-0.00030480860732495785
38,-0.0006701485253870487
39,-0.0005469915922731161
40,-0.00030209042597562075
41,-0.0026188232004642487
42,-0.0009066960774362087
43,0.0001925829565152526
44,-0.0004175563808530569
45,0.0004369306843727827
46,0.00007028132677078247
47,-0.000051793758757412434
48,-0.00029561365954577923
49,0.0003147328970953822
50,0.0004361479077488184
51,-0.0002963867736980319
52,-0.00029584893491119146
53,-0.000051387702114880085
54,-0.0005391321610659361
55,0.0005594954127445817
56,0.0003145902883261442
57,0.0001920812064781785
58,0.00006978970486670732
59,-0.0004181705880910158
60,-0.0005393782630562782
61,-0.0001725219190120697
62,-0.000538088264875114
63,-0.00004927138797938824
64,-0.0005370178259909153
65,0.00007375993300229311
66,-0.0002922419225797057
67,0.00019613956101238728
68,0.0005616918206214905
69,0.0008046322036534548
70,0.00007144478149712086
71,0.00019329239148646593
72,-0.000538810039870441
73,-0.00041587825398892164
74,-0.0000492405379191041
75,-0.00017110107000917196
76,-0.0005366689292714
77,0.00019607017748057842
78,-0.00004818686284124851
79,0.0004397607408463955
80,0.00019507016986608505
81,0.0006825849413871765
82,0.00019353826064616442
83,0.0001932067098096013
84,-0.0001730099320411682
85,0.00007123348768800497
86,-0.0002947667380794883
87,-0.0004161926917731762
88,-0.0005374022293835878
89,-0.00041447195690125227
90,-0.00016979733482003212
91,0.00007444282528012991
92,0.00019628764130175114
93,-0.0007797415601089597
94,-0.0006563790375366807
95,0.00019853643607348204
96,-0.0007774947443976998
97,-0.00028824887704104185
98,-0.0002877188380807638
99,-0.00028718914836645126
100,-0.00016469822730869055
101,-0.0001643860014155507
102,0.0002018107334151864
103,0.0002014723140746355
104,0.00007917138282209635
105,0.0005668974481523037
106,-0.000043900683522224426
107,-0.00016576633788645267
108,0.00007847009692341089
109,0.000688158324919641
110,0.00007714424282312393
111,-0.00004493771120905876
112,-0.0008985740132629871
113,-0.00028715026564896107
114,-0.0004085835535079241
115,0.0000800092238932848
116,0.00032381026539951563
117,-0.0005304787773638964
118,0.00020225427579134703
119,0.00007995287887752056
120,0.0003237539203837514
121,0.00020123622380197048
122,0.00020089710596948862
123,0.00007859698962420225
124,-0.0002874101046472788
125,-0.0002868811134248972
126,-0.0004083148669451475
127,-0.000041684601455926895
128,-0.00040747644379734993
129,0.0006909245857968926
130,0.000201869523152709
131,-0.0001643557334318757
132,-0.00040796829853206873
133,0.00008062331471592188
134,0.00020246184431016445
135,0.00008015986531972885
136,0.00032396079041063786
137,-0.0005303290672600269
138,-0.0007732916856184602
139,-0.0002840501256287098
140,0.00044824695214629173
141,0.0003255096962675452
142,-0.00028485769871622324
143,0.00020351610146462917
144,-0.00016271055210381746
145,-0.0001624012365937233
146,-0.0008938636165112257
147,-0.0004044066881760955
148,-0.0004036659374833107
149,-0.000037040095776319504
150,0.0010607062140479684
151,0.0008149209897965193
152,-0.000040239072404801846
153,0.00008181505836546421
154,-0.0001622335985302925
155,-0.0006497724680230021
156,-0.0005266350926831365
157,-0.0002817538334056735
158,-0.0006471163360401988
159,-0.0001580956159159541
160,-0.00003582879435271025
161,-0.00015770283062011003
162,-0.00027936010155826807
163,0.00008704664651304483
164,-0.00003504508640617132
165,0.00045288982801139355
166,0.00020818610209971666
167,-0.0008898165542632341
168,-0.0002784020034596324
169,-0.0002778819762170315
170,-0.000399324344471097
171,-0.000276626436971128
172,0.00033370114397257566
173,-0.000032750191166996956
174,0.0003332205815240741
175,0.00008873129263520241
176,0.000576447113417089
177,0.0002095632953569293
178,-0.000644517014734447
179,0.00008842442184686661
180,-0.0006434782408177853
181,-0.00015446124598383904
182,0.002407039632089436
183,0.00008551310747861862
184,0.0000853842357173562
185,-0.00003670644946396351
186,0.00008534383960068226
187,0.00008521496783941984
188,0.0000850864453241229
189,-0.0004028897965326905
190,0.00008569646161049604
191,-0.0011340517085045576
192,-0.0006441655568778515
193,-0.0006429958157241344
194,0.00021190580446273088
195,-0.00003236753400415182
196,0.0004555641207844019
197,-0.000033066608011722565
198,0.00008898007217794657
199,0.00021080952137708664
200,-0.0000334626529365778
201,-0.00027730176225304604
202,-0.0002767833648249507
203,-0.0016178461955860257
204,-0.00027336401399224997
205,0.00045892212074249983
206,0.0004581358516588807
207,0.00021342665422707796
208,0.0005789612187072635
209,0.0008218833245337009
210,0.00033260195050388575
211,-0.0000338495010510087
212,-0.000643573934212327
213,-0.00039848138112574816
214,-0.00039774738252162933
215,-0.0005189756629988551
216,-0.0001521405065432191
217,-0.00015184225048869848
218,0.0005802271189168096
219,0.000701186596415937
220,0.0004560439847409725
221,-0.0000325874425470829
222,-0.00039838929660618305
223,-0.0002756938338279724
224,-0.0003971392288804054
225,-0.0001524828840047121
226,0.0000917394645512104
227,-0.000396243529394269
228,-0.0003955117426812649
229,0.0007028764812275767
230,0.000945580075494945
231,0.00033411779440939426
232,-0.00027625926304608583
233,-0.000397704541683197
234,-0.0007628570310771465
235,0.00021422014106065035
236,-0.0001520178047940135
237,-0.00002975831739604473
238,-0.00015163945499807596
239,0.0000925818458199501
240,0.00009244552347809076
241,0.00009230920113623142
242,0.0002141348086297512
243,0.00009182002395391464
244,-0.00003027752973139286
245,-0.0001521583180874586
246,-0.00015186064410954714
247,-0.00015156343579292297
248,-0.00002930406481027603
249,0.0003366614691913128
250,-0.0005176420090720057
251,0.00033703865483403206
252,-0.0002733413130044937
253,0.00021501968149095774
254,0.0003366278251633048
255,0.00045801931992173195
0,0.0005791945150122046
1,-0.0002755412133410573
2,-0.0006409116322174668
3,-0.00027386052533984184
4,0.0002145008184015751
5,-0.000029776711016893387
6,-0.00002969650086015463
7,-0.000151578220538795
8,-0.0003952053375542164
9,0.0002153341192752123
10,0.0004589034942910075
11,0.00021419196855276823
12,-0.000274009071290493
13,0.0007021999917924404
14,0.0007009791443124413
15,0.00033387402072548866
16,0.0003333057975396514
17,-0.0006429572822526097
18,-0.000763752730563283
19,-0.00039648450911045074
20,-0.0005177154671400785
21,-0.00015088310465216637
22,-0.000638434779830277
23,0.0004603846464306116
24,0.00009370979387313128
25,0.00033749511931091547
26,0.00009299954399466515
27,0.00033678568433970213
28,0.00033621431794017553
29,-0.00015220372006297112
30,-0.0008836783235892653
31,-0.0007601195247843862
32,-0.0003928551450371742
33,0.0009494528640061617
34,0.0003379861591383815
35,-0.000028472160920500755
36,-0.0003942796029150486
37,-0.0008813987951725721
38,-0.00039195618592202663
39,0.0005844652187079191
40,-0.0005142001900821924
41,0.00021851446945220232
42,-0.000025767134502530098
43,0.00009626999963074923
44,-0.00014779460616409779
45,0.0004623074783012271
46,0.0004615157376974821
47,-0.00014908460434526205
48,-0.0006366386078298092
49,0.0016817976720631123
50,-0.00002862804103642702
51,-0.00027247355319559574
52,0.00021588534582406282
53,0.00009356753434985876
54,0.00045931420754641294
55,-0.00015128427185118198
56,-0.0006388366455212235
57,-0.0008815985638648272
58,-0.00002627063076943159
59,0.00009576685260981321
60,0.0005834735929965973
61,-0.0005151915829628706
62,-0.0005142480367794633
63,-0.000391343142837286
64,-0.0000247324351221323
65,0.0005851511377841234
66,-0.00002566759940236807
67,-0.0003914784174412489
68,-0.00014682929031550884
69,-0.0002685005310922861
70,-0.00014603091403841972
71,-0.000023778993636369705
72,0.00009825627785176039
73,-0.0001458112383261323
74,0.0004642882850021124
75,-0.0000243533868342638
76,-0.0011219368316233158
77,0.00009970634710043669
78,0.00009956129360944033
79,0.00022137851919978857
80,-0.00038879283238202333
81,0.0003437009872868657
82,-0.00038864905945956707
83,-0.00014400307554751635
84,0.0005880561657249928
85,-0.00014472741167992353
86,-0.00038836291059851646
87,-0.0002656789729371667
88,-0.00014321249909698963
89,-0.00038684927858412266
90,0.0016872234409675002
91,0.00046463951002806425
92,-0.00026792637072503567
93,0.00095219851937145
94,0.0008285752264782786
95,0.0004612458869814873
96,-0.000027393572963774204
97,-0.0005151652731001377
98,-0.00014833698514848948
99,-0.000026083667762577534
100,-0.0006358184618875384
101,-0.000024851178750395775
102,-0.0006345871370285749
103,-0.0001455825986340642
104,-0.0005111790960654616
105,-0.0003882787423208356
106,0.000344214029610157
107,-0.0002661751350387931
108,-0.00014370889402925968
109,-0.0005093073705211282
110,-0.00026444660034030676
111,0.00010194175411015749
112,-0.00014212983660399914
113,0.0007118888897821307
114,0.00034477130975574255
115,-0.00038758059963583946
116,-0.0008747078245505691
117,-0.0002633114345371723
118,-0.000384771847166121
119,0.00034771719947457314
120,0.00022517191246151924
121,-0.00014107965398579836
122,-0.000018833321519196033
123,0.0001031956635415554
124,0.0005908939056098461
125,0.0004679159028455615
126,0.00010123138781636953
127,-0.00038676406256854534
128,0.00010180310346186161
129,-0.0002642311155796051
130,-0.0005076529923826456
131,-0.0003847558982670307
132,-0.000018152990378439426
133,-0.00026201014406979084
134,0.0008361468790099025
135,0.0007127334829419851
136,-0.0006300803506746888
137,-0.0002630428643897176
138,-0.000018618186004459858
139,0.00010341033339500427
140,0.00010326015762984753
141,-0.0002627753419801593
142,-0.0002622749889269471
143,0.00022607226856052876
144,0.0004696287214756012
145,-0.000384905724786222
146,-0.0003841882571578026
147,0.00010437541641294956
148,-0.0002616612473502755
149,-0.00013920024503022432
150,-0.0003828420303761959
151,0.0007155300118029118
152,-0.00026140117552131414
153,-0.0011146357282996178
154,0.0007168083684518933
155,-0.00026012456510216
156,0.0008380301296710968
157,-0.00038304226472973824
158,-0.00013840349856764078
159,0.0003497251309454441
160,0.0004711004439741373
161,0.00022637424990534782
162,-0.00026184169109910727
163,-0.0007491904543712735
164,-0.00013801536988466978
165,0.0005940360715612769
166,-0.0005046409787610173
167,-0.0006256719352677464
168,-0.0012343341950327158
169,0.00010947638656944036
170,-0.0007444131188094616
171,-0.00013324280735105276
172,-0.0003768905298784375
173,0.0004775519482791424
174,0.0007206666050478816
175,0.0003535394789651036
176,-0.00037882174365222454
177,0.0003536599688231945
178,0.00023110792972147465
179,0.0007185823051258922
180,-0.0008681622566655278
181,-0.00074462138582021
182,-0.00013345107436180115
183,0.00011074822396039963
184,0.00011059024836868048
185,0.0010861275950446725
186,0.00010854052379727364
187,0.00010838452726602554
188,0.00047411408741027117
189,0.00047330802772194147
190,-0.0005031927721574903
191,0.00022950780112296343
192,0.00010717380791902542
193,0.00047290418297052383
194,0.000837984960526228
195,0.0004706440959125757
196,-0.0002619303995743394
197,-0.0002614326076582074
198,-0.00013897346798330545
199,-0.0000167313264682889
200,0.00034921744372695684
201,0.0003486303612589836
202,0.00047000544145703316
203,-0.000140607007779181
204,-0.000018363469280302525
205,-0.00014026090502738953
206,-0.00038390373811125755
207,0.0003485818160697818
208,-0.000017890240997076035
209,0.00010413513518869877
210,0.00034790614154189825
211,0.0003473198739811778
212,-0.00014111364725977182
213,0.00022505386732518673
214,0.00046860845759510994
215,0.00034584489185363054
216,-0.000020625418983399868
217,-0.00026448327116668224
218,-0.00026398373302072287
219,0.00034632475581020117
220,0.00010181579273194075
221,0.00046755035873502493
222,-0.00014306034427136183
223,0.00046703231055289507
224,-0.000021616462618112564
225,-0.0005093968939036131
226,-0.0018500443547964096
227,-0.0003831846406683326
228,-0.0008703188505023718
229,-0.0005028540035709739
230,-0.000014078570529818535
231,0.00022990512661635876
232,0.0002295314334332943
233,0.0007170054595917463
234,0.0009596894960850477
235,0.0004701694706454873
236,0.00010347971692681313
237,-0.000018635299056768417
238,-0.0002624952467158437
239,0.00010388740338385105
240,0.0004696196410804987
241,-0.0002629553200677037
242,-0.000628343434073031
243,0.00022653688210994005
244,0.0003481280291453004
245,-0.000018345192074775696
246,-0.0007500532083213329
247,-0.0002608421491459012
248,0.00034946296364068985
249,0.00047083606477826834
250,0.0003480688901618123
251,-0.000018404098227620125
252,0.00022558285854756832
253,0.00010325037874281406
254,0.0005909448955208063
255,0.0005899243988096714
0,-0.0002648279769346118
1,0.00022351823281496763
2,0.00010118749924004078
3,0.00022299797274172306
4,-0.00038717989809811115
5,0.00010138342622667551
6,0.0007110409205779433
7,-0.0005098135443404317
8,-0.00002103287260979414
9,0.0002229561796411872
10,-0.00002133636735379696
11,-0.0006310801254585385
12,-0.0002640456659719348
13,0.0003462618915364146
14,-0.00038609630428254604
15,-0.0006293052574619651
16,-0.0006281582172960043
17,0.00010475947055965662
18,-0.0002612811513245106
19,-0.00013882445637136698
20,0.00022733933292329311
21,-0.00038284272886812687
22,-0.00013820745516568422
23,0.00010599370580166578
24,0.00010583712719380856
25,0.00010568089783191681
26,-0.0005042849807068706
27,-0.00013747147750109434
28,0.0008384998654946685
29,0.00010527099948376417
30,0.00010511477012187243
31,0.00022692116908729076
32,-0.0008711088448762894
33,-0.0005036445800215006
34,-0.0005027174483984709
35,-0.00025786797050386667
36,-0.000013452372513711452
37,0.00023052887991070747
38,-0.00013573258183896542
39,-0.00001349614467471838
40,-0.0003793243085965514
41,-0.00025665457360446453
42,0.00023168360348790884
43,0.00023130618501454592
44,-0.00013495574239641428
45,-0.00001272058580070734
46,0.0007191076874732971
47,0.00035197846591472626
48,-0.0003803856670856476
49,-0.0001357533037662506
50,-0.000013517215847969055
51,-0.000501307426020503
52,-0.000012535485439002514
53,-0.0002564028836786747
54,0.00023193436209112406
55,-0.000012366916052997112
56,-0.00013427285011857748
57,-0.000012038159184157848
58,0.0001099796500056982
59,-0.000012143515050411224
60,-0.000012087519280612469
61,-0.00013399391900748014
62,0.00011020258534699678
63,-0.00025584467221051455
64,-0.00013339368160814047
65,-0.000011160038411617279
66,0.0008426278363913298
67,0.00035331794060766697
68,0.0005966475000604987
69,0.00022973446175456047
70,-0.0005024130223318934
71,-0.00013560266233980656
72,-0.0007451387355104089
73,-0.0008657436119392514
74,-0.0006202473305165768
75,0.00011266162618994713
76,0.00023445964325219393
77,0.0005999647546559572
78,0.0005989342462271452
79,0.0003539806930348277
80,-0.00037838576827198267
81,0.0004760532174259424
82,-0.00013456842862069607
83,-0.00025625794660300016
84,0.00023207825142890215
85,0.00023169966880232096
86,0.0001093593891710043
87,0.00010919827036559582
88,0.000718846102245152
89,0.0008395635522902012
90,0.0007161408429965377
91,0.0001050891587510705
92,0.00010493106674402952
93,0.0002267354866489768
94,-0.00013952411245554686
95,-0.0003831717185676098
96,0.0016908900579437613
97,-0.0006293617188930511
98,0.0009572878479957581
99,0.00010188098531216383
100,0.00010172603651881218
101,0.00034549483098089695
102,0.0007107921410351992
103,0.0008315162267535925
104,0.00034221471287310123
105,0.00021966744679957628
106,-0.0008783577941358089
107,-0.00038892740849405527
108,0.0005874820053577423
109,0.00009861448779702187
110,-0.0019748902413994074
111,0.00010199437383562326
112,-0.0003860082942992449
113,0.0004684361629188061
114,0.00022370647639036179
115,0.000345296342857182
116,-0.0006309872260317206
117,0.00022389204241335392
118,-0.000020403764210641384
119,0.00010161963291466236
120,0.00034538807813078165
121,0.00010087573900818825
122,-0.00014320272020995617
123,-0.000020961742848157883
124,-0.0013624806888401508
125,0.0001035081222653389
126,-0.00001861085183918476
127,0.0007132200989872217
128,0.0010778652504086494
129,0.0005881278775632381
130,0.0002212208928540349
131,-0.00014503509737551212
132,-0.0005106400931254029
133,0.0002220615278929472
134,0.00022169062867760658
135,0.00009935791604220867
136,0.00022116652689874172
137,0.0008306056261062622
138,0.0007071900181472301
139,0.0002181067829951644
140,-0.0007579557131975889
141,-0.0006346274167299271
142,-0.00014563079457730055
143,0.00034249748568981886
144,-0.000023974687792360783
145,-0.00038979644887149334
146,-0.0002671199617907405
147,-0.000144661171361804
148,0.0004654281074181199
149,-0.00026714743580669165
150,0.00009923498146235943
151,-0.0005107279866933823
152,-0.00038783636409789324
153,-0.000509085482917726
154,-0.00002030970063060522
155,-0.0002641723258420825
156,0.0004680930869653821
157,0.000711209955625236
158,0.0007099704816937447
159,0.0003428463824093342
160,-0.000023626605980098248
161,-0.000023562926799058914
162,-0.00014546141028404236
163,0.00046462821774184704
164,0.0003418626729398966
165,-0.0002685332437977195
166,-0.0002680354518815875
167,-0.0003894997062161565
168,0.0003429848002269864
169,-0.000023487955331802368
170,0.00022049876861274242
171,0.0000981668708845973
172,-0.0006337577942758799
173,-0.0001447631511837244
174,-0.000022521475329995155
175,0.002416778588667512
176,-0.00002673210110515356
177,-0.0005145135801285505
178,-0.000025733024813234806
179,-0.000025667832233011723
180,0.0002183207543566823
181,-0.0001479333732277155
182,-0.0003915751585736871
183,-0.000024974229745566845
184,-0.0006347193848341703
185,-0.00002376176416873932
186,-0.00014566059689968824
187,0.0003424669848755002
188,0.00021991762332618237
189,0.0002195474226027727
190,0.0007070255232974887
191,-0.00014794431626796722
192,-0.00039158633444458246
193,-0.0005128330085426569
194,-0.0003899402217939496
195,0.00009862100705504417
196,-0.0005113426595926285
197,0.00046528258826583624
198,0.0003425154136493802
199,0.00021996593568474054
200,0.00034155731555074453
201,-0.000024914857931435108
202,-0.000024851062335073948
203,0.00009717489592730999
204,-0.000024940003640949726
205,0.00009708572179079056
206,-0.0005128765478730202
207,-0.0007558693177998066
208,0.00046511320397257805
209,0.0002203840995207429
210,0.00009805150330066681
211,0.00009789736941456795
212,-0.00014617957640439272
213,0.00009802356362342834
214,-0.000024091918021440506
215,-0.0005118766566738486
216,-0.000023098895326256752
217,-0.00014499889221042395
218,-0.00026668200735002756
219,0.00022166094277054071
220,0.0000993264839053154
221,-0.0003886759513989091
222,-0.00014404056128114462
223,0.0007099708309397101
224,-0.000023040338419377804
225,-0.0003888639621436596
226,-0.0007540377555415034
227,0.00010105723049491644
228,0.0003448239294812083
229,0.0005881577963009477
230,-0.0002665987703949213
231,-0.0008759134216234088
232,-0.0012402207357808948
233,-0.00026229850482195616
234,-0.0005057313246652484
235,-0.0006267691496759653
236,0.00047202769201248884
237,0.00010533037129789591
238,0.00010516971815377474
239,-0.00026087684091180563
240,-0.0002603874308988452
241,-0.0005038216477259994
242,-0.00013701384887099266
243,-0.00038066646084189415
244,-0.00013603840488940477
245,-0.0005016537616029382
246,-0.0005007337313145399
247,0.0002319570630788803
248,0.00035353691782802343
249,0.00023097661323845387
250,-0.000013328157365322113
251,-0.0002571993973106146
252,0.00023113423958420753
253,-0.0005010183667764068
254,-0.0002561751753091812
255,-0.0003776520024985075
0,0.00035482062958180904
1,0.0004761827876791358
2,0.00047536694910377264
3,0.00023062771651893854
4,0.0004741704324260354
5,-0.0002584153553470969
6,-0.000014004413969814777
7,-0.0005017991643399
8,0.00010893004946410656
9,-0.0007449677214026451
10,-0.0004996914649382234
11,-0.00037681160029023886
12,-0.00013218738604336977
13,0.0005998500855639577
14,-0.000010994146578013897
15,-0.0001329059014096856
16,-0.001108334050513804
17,-0.00025260052643716335
18,-0.00013015721924602985
19,0.00011403078678995371
20,0.00023582321591675282
21,0.0006013227393850684
22,0.0007222485728561878
23,0.00035511073656380177
24,-0.0001333372201770544
25,-0.000255032442510128
26,-0.0001325872726738453
27,0.0005994504317641258
28,-0.00001139356754720211
29,-0.000011343625374138355
30,-0.0001332554966211319
31,0.0004768206272274256
32,0.00011011736933141947
33,0.0013295699609443545
34,-0.000014344579540193081
35,-0.00013625412248075008
36,-0.0007457942701876163
37,-0.00037855596747249365
38,-0.00025589310098439455
39,-0.0003773709759116173
40,-0.0002547090407460928
41,-0.000010302755981683731
42,0.00035563192795962095
43,0.0008428777800872922
44,0.0005974859232082963
45,0.00010860490147024393
46,0.000596287427470088
47,-0.0002584784524515271
48,0.00022985530085861683
49,-0.0001364123309031129
50,0.0005956281675025821
51,0.0005945962620899081
52,0.0005935652879998088
53,0.0005925354780629277
54,0.0002256208099424839
55,-0.00038456672336906195
56,0.0003479106817394495
57,-0.000018569990061223507
58,0.00022540951613336802
59,0.00046895514242351055
60,-0.000019703293219208717
61,0.0007121247472241521
62,0.0009548047091811895
63,0.0011970518389716744
64,0.0007070960709825158
65,-0.000025914632715284824
66,-0.00026977655943483114
67,0.0005844524130225182
68,0.000583430053666234
69,-0.0001493627205491066
70,-0.00002712069544941187
71,0.0004607901209965348
72,-0.000027861562557518482
73,0.00046004995238035917
74,0.0003372842911630869
75,0.0002147369086742401
76,0.0005802537780255079
77,0.0002133494708687067
78,0.00021298194769769907
79,0.00009065296035259962
80,0.0005783505039289594
81,0.00021144794300198555
82,0.0005769679555669427
83,0.0003320282557979226
84,-0.00015640072524547577
85,-0.00015611445996910334
86,0.0006979047320783138
87,0.00020882557146251202
88,-0.0004013476427644491
89,-0.0005225888453423977
90,-0.00003380468115210533
91,-0.00003373587969690561
92,0.0006981042679399252
93,0.0006968724774196744
94,0.0003297560615465045
95,0.00032917666248977184
96,0.00008467386942356825
97,0.0003284529084339738
98,0.0002059128601104021
99,0.00020555162336677313
100,0.00008322927169501781
101,0.00008308561518788338
102,0.0008147135376930237
103,0.0000814981758594513
104,-0.00004060566425323486
105,0.00032535463105887175
106,0.0003247790737077594
107,0.00020224228501319885
108,0.00007992261089384556
109,-0.0001641417620703578
110,-0.00004188728053122759
111,-0.00004181114491075277
112,0.0003241503145545721
113,0.00032357568852603436
114,-0.00028680753894150257
115,-0.0005302210338413715
116,-0.0004073160234838724
117,-0.0001626661978662014
118,-0.00040629866998642683
119,0.00032619736157357693
120,-0.00016222626436501741
121,0.00044787442311644554
122,0.0006910050287842751
123,-0.00016395340207964182
124,0.00008026300929486752
125,-0.0002857637591660023
126,-0.0001632925122976303
127,0.00008092331700026989
128,0.00032470538280904293
129,-0.00004175503272563219
130,0.00008028245065361261
131,-0.00016378227155655622
132,0.0003243577666580677
133,0.00020182132720947266
134,0.000567349256016314
135,0.000566342263482511
136,-0.0004103597020730376
137,-0.000531592988409102
138,0.0000791607890278101
139,0.0000790207413956523
140,0.0000788811594247818
141,0.0003226648550480604
142,0.00020012969616800547
143,-0.00016611185856163502
144,-0.000287779257632792
145,-0.0004092298913747072
146,0.00032326881773769855
147,-0.00016515236347913742
148,-0.00040878262370824814
149,-0.00040805561002343893
150,-0.000529291108250618
151,0.0004473464796319604
152,0.0009344016434624791
153,0.0004448954714462161
154,0.00007821968756616116
155,0.00032200419809669256
156,-0.0007762254681438208
157,0.00007888651452958584
158,-0.00016517727635800838
159,0.00044492597226053476
160,0.0005660976748913527
161,-0.00004471791908144951
162,0.00007732212543487549
163,0.00044306949712336063
164,-0.000167528516612947
165,0.00019865308422595263
166,-0.0005334728630259633
167,-0.00004467938560992479
168,-0.00004460092168301344
169,0.0003213629825040698
170,-0.000410980312153697
171,0.0006874056998640299
172,0.000442259362898767
173,0.00007558602374047041
174,-0.0005343606462702155
175,-0.000289489864371717
176,-0.0001670151250436902
177,0.00044308986980468035
178,-0.0005333941662684083
179,-0.00016656226944178343
180,0.00007765658665448427
181,0.000931250979192555
182,0.0010515571339055896
183,0.0000739911338314414
184,0.0001958172069862485
185,-0.00017042038962244987
186,-0.00041404576040804386
187,0.00007453362923115492
188,-0.0002914880169555545
189,0.0003188357222825289
190,-0.00016958138439804316
191,-0.000047321897000074387
192,-0.00016920280177146196
193,-0.0001689055934548378
194,0.0006851248908787966
195,0.00031801871955394745
196,-0.00041432154830545187
197,-0.00004770397208631039
198,-0.0006574323633685708
199,-0.0004123437684029341
200,-0.0002896516816690564
201,0.000930480076931417
202,0.000806863303296268
203,0.0001956167398020625
204,-0.0002925824373960495
205,0.00007381848990917206
206,-0.00017024052795022726
207,0.00019594363402575254
208,-0.0006581417983397841
209,-0.0005350145511329174
210,-0.0008999524870887399
211,-0.0005324698286131024
212,-0.00004367681685835123
213,0.00020032457541674376
214,0.00007800653111189604
215,-0.00040997995529323816
216,-0.0006531755207106471
217,0.0004456423921510577
218,0.00032288965303450823
219,0.00007839291356503963
220,-0.0004095941549167037
221,-0.0004088662099093199
222,0.0005675562424585223
223,0.00020066287834197283
224,-0.00211696932092309
225,0.00032603065483272076
226,-0.00004043104127049446
227,-0.00004035653546452522
228,-0.0005281292833387852
229,0.00008262158371508121
230,-0.0005273307906463742
231,0.00008341926150023937
232,0.0009370087645947933
233,0.00020357652101665735
234,0.00008125579915940762
235,-0.0011385047109797597
236,-0.0002827461576089263
237,0.00020560843404382467
238,-0.0002826000563800335
239,-0.00064797920640558
240,-0.0002809372963383794
241,0.00020741554908454418
242,0.0011827483540400863
243,0.0006928048096597195
244,0.00020372995641082525
245,-0.000406438484787941
246,-0.0006496373098343611
247,0.00020525360014289618
248,0.00020489306189119816
249,-0.0005272383568808436
250,-0.0002823740942403674
251,0.0000840179855003953
252,0.00044975942000746727
253,0.00032700307201594114
254,-0.000527307391166687
255,-0.0008922523120418191
0,-0.0004028145922347903
1,-0.0012558263260871172
2,-0.00039985484909266233
3,0.002771873609162867
4,-0.0006479766452684999
5,-0.0005248581292107701
6,0.00020785152446478605
7,0.0002074886579066515
8,-0.00040268339216709137
9,-0.0006458853604272008
10,-0.0004008072428405285
11,-0.00003420189023017883
12,0.00045371451415121555
13,-0.0000349308829754591
14,-0.00015682331286370754
15,-0.0007663464639335871
16,0.00021071848459541798
17,0.0006982006598263979
18,-0.0005226504290476441
19,-0.00003386661410331726
20,0.00008816411718726158
21,0.0004539014771580696
22,0.00033114117104560137
23,0.00020859867800027132
24,0.00008627295028418303
25,-0.000279759056866169
26,0.00008663034532219172
27,0.0003304070560261607
28,-0.00003605871461331844
29,-0.00015795009676367044
30,-0.00015766313299536705
31,0.00020850973669439554
32,-0.00003577768802642822
33,-0.00003570760600268841
34,-0.00003563729114830494
35,0.00033031823113560677
36,0.0005736621096730232
37,0.0003287248546257615
38,-0.0005255870055407286
39,-0.00015876255929470062
40,0.0004513348685577512
41,0.00045053858775645494
42,0.00032778142485767603
43,-0.0001606442965567112
44,0.0002055307850241661
45,0.00044909364078193903
46,0.0005702613852918148
47,-0.0000405582832172513
48,-0.00040636956691741943
49,-0.0004056451143696904
50,-0.0006488448707386851
51,0.000571930781006813
52,-0.00016085233073681593
53,-0.0004044861998409033
54,-0.0005257255397737026
55,-0.0010126340202987194
56,0.00008682836778461933
57,0.000330604612827301
58,-0.0007676328532397747
59,-0.00015645287930965424
60,0.0004536424530670047
61,0.00020892044994980097
62,-0.0004012532299384475
63,-0.00015660945791751146
64,0.00020956189837306738
65,0.0005750830750912428
66,0.00033014477230608463
67,0.0002076023956760764
68,-0.00028060819022357464
69,-0.000036179786548018456
70,0.00008585245814174414
71,0.00020766782108694315
72,0.00045122881419956684
73,-0.0004033007426187396
74,-0.00040257908403873444
75,-0.0001579343806952238
76,-0.000035685254260897636
77,0.0003302700351923704
78,-0.000036195735447108746
79,-0.0005239731399342418
80,0.0005746211390942335
81,0.0005736071616411209
82,0.00008474616333842278
83,-0.000037361402064561844
84,-0.00028121378272771835
85,0.0005730243865400553
86,0.0006939731538295746
87,0.0006927445065230131
88,-0.00016221636906266212
89,-0.000039963750168681145
90,-0.0002838141517713666
91,-0.0006491922540590167
92,0.00008373556192964315
93,-0.00016033253632485867
94,0.00032780400943011045
95,-0.00040454580448567867
96,0.00008402462117373943
97,0.0005717271706089377
98,-0.00003909412771463394
99,0.0005707882810384035
100,-0.0001619941322132945
101,0.0000822204165160656
102,-0.0004057707265019417
103,-0.000039161182940006256
104,-0.00016105023678392172
105,0.0009368964238092303
106,0.0005693495040759444
107,0.0005683396011590958
108,-0.00016444048378616571
109,-0.00004218576941639185
110,-0.00016407237853854895
111,0.00020210572984069586
112,0.0008115568198263645
113,0.00044422969222068787
114,0.00007755355909466743
115,0.00044330034870654345
116,0.00019858719315379858
117,0.00019823189359158278
118,0.00031983922235667706
119,0.00007534399628639221
120,0.00007520685903728008
121,0.0003189934650436044
122,-0.0006572719430550933
123,0.0006854727398604155
124,0.0005622896132990718
125,-0.0006583324866369367
126,0.00019656552467495203
127,0.0001962123205885291
128,0.00007389741949737072
129,-0.000414086040109396
130,0.00019645458087325096
131,0.0004400253528729081
132,0.00019531487487256527
133,0.0000730009051039815
134,-0.00004909583367407322
135,-0.0005368618294596672
136,0.0003178202314302325
137,0.0005611745873466134
138,-0.0005374847678467631
139,-0.00041457347106188536
140,-0.00016991817392408848
141,0.0005621507298201323
142,-0.00017062388360500336
143,-0.00004836346488445997
144,0.00007367925718426704
145,0.00019550567958503962
146,0.00019515317399054766
147,-0.000293046236038208
148,-0.00004860688932240009
149,-0.0002924497239291668
150,-0.00041389651596546173
151,-0.0005351273575797677
152,-0.0005341800861060619
153,-0.0007771572563797235
154,-0.0005318548064678907
155,-0.0005309103289619088
156,0.0005676901200786233
157,0.0004447203828021884
158,-0.0001658797264099121
159,0.0005661856848746538
160,0.00032125518191605806
161,0.00032068288419395685
162,-0.000045774620957672596
163,-0.00004569592420011759
164,0.00007634505163878202
165,0.0005640547024086118
166,0.0008069736650213599
167,0.00092749809846282
168,0.0004379973979666829
169,-0.0007824057247489691
170,-0.00004925078246742487
171,-0.00041505414992570877
172,-0.000414322130382061
173,0.0001962187234312296
174,-0.000413943431340158
175,-0.0007790977833792567
176,-0.00004594586789608002
177,0.0001980573870241642
178,0.00007574097253382206
179,0.00044148904271423817
180,0.00031874002888798714
181,-0.00004771607927978039
182,-0.00004763517063111067
183,-0.000047554378397762775
184,-0.00004747405182570219
185,0.0003184921806678176
186,0.00043988425750285387
187,0.0006830220809206367
188,0.0005598412826657295
189,-0.0002948929322883487
190,0.0001934716710820794
191,0.0009248928399756551
192,0.00031343288719654083
193,0.0005567913176491857
194,-0.0001759782899171114
195,-0.00017567514441907406
196,0.0003124753711745143
197,0.0006777966627851129
198,-0.00042107468470931053
199,-0.00005445105489343405
200,0.00006759725511074066
201,0.0003113913116976619
202,-0.00005505792796611786
203,0.000554839032702148
204,0.0004318807041272521
205,0.00006521609611809254
206,0.00018705020193010569
207,0.0006745533319190145
208,-0.00030235282611101866
209,-0.0001798673765733838
210,0.0001863250508904457
211,0.00018598150927573442
212,-0.0005461334949359298
213,-0.0004232143983244896
214,-0.00005658890586346388
215,0.00018742401152849197
216,0.0001870788400992751
217,-0.00005718902684748173
218,0.00030878616962581873
219,-0.00005766074173152447
220,0.0005522388964891434
221,0.00006339733954519033
222,-0.0010343859903514385
223,-0.0007886372040957212
224,0.00018844741862267256
225,0.00006614008452743292
226,0.0005538593977689743
227,0.000796787440776825
228,-0.0003022972960025072
229,-0.000789620797149837
230,-0.00005645898636430502
231,0.000187553814612329
232,-0.000056714401580393314
233,0.0007971076993271708
234,-0.000058053527027368546
235,-0.00017992500215768814
236,0.00018626765813678503
237,0.00006396241951733828
238,-0.00018008810002356768
239,0.0001861050259321928
240,0.00042968569323420525
241,-0.00005893863271921873
242,-0.0005466948496177793
243,-0.0005457368679344654
244,-0.00005693186540156603
245,-0.00005684245843440294
246,0.00018717092461884022
247,0.00006486475467681885
248,-0.00030114816036075354
249,-0.0003006246406584978
250,-0.00017814000602811575
251,0.0001880512572824955
252,-0.000056217540986835957
253,-0.0004220141563564539
254,-0.0009091227548196912
255,-0.0006635932950302958
0,-0.00005261343903839588
1,-0.0004184134304523468
2,-0.00005179166328161955
3,0.00007025536615401506
4,0.0005579708376899362
5,-0.0006626463728025556
6,-0.0005395151674747467
7,-0.0004166010767221451
8,0.0004378663143143058
9,0.00007119751535356045
10,0.00031498842872679234
11,0.0008022702531889081
12,0.00006906618364155293
13,-0.00017498794477432966
14,0.00031316245440393686
15,0.000434560002759099
16,-0.00005406804848462343
17,0.0001899430062621832
18,0.00031155836768448353
19,0.0003109954996034503
20,0.0005543570732697845
21,0.00018747604917734861
22,-0.0003007156774401665
23,0.00018765509594231844
24,0.000675158342346549
25,0.00006413762457668781
26,-0.0004238359397277236
27,0.0001867144601419568
28,0.00018637091852724552
29,0.00006406602915376425
30,0.0007957110647112131
31,0.0009162470232695341
32,-0.00006109033711254597
33,-0.00042688241228461266
34,-0.00042613851837813854
35,0.0001844137441366911
36,0.00006211071740835905
37,0.0005498337559401989
38,0.0001829572720453143
39,-0.000305230263620615
40,0.0007929540006443858
41,0.00030368263833224773
42,0.00005920312833040953
43,-0.0006726897554472089
44,-0.0006715105846524239
45,-0.0005483708810061216
46,-0.0012791819171980023
47,-0.0006671127630397677
48,-0.0005439766682684422
49,-0.000055172829888761044
50,0.0003108014352619648
51,0.000310239614918828
52,-0.00005620741285383701
53,-0.00030004174914211035
54,-0.00029951881151646376
55,0.0007986603304743767
56,-0.00030042510479688644
57,0.0003099075984209776
58,-0.00005653908010572195
59,0.00006551260594278574
60,0.0007971569430083036
61,0.0009176916209980845
62,0.00018427742179483175
63,-0.00030391127802431583
64,-0.0004253465449437499
65,0.00006324355490505695
66,-0.0006686525885015726
67,-0.0003015913534909487
68,0.00043070444371551275
69,-0.0004238053224980831
70,-0.0005450258031487465
71,0.0007975122425705194
72,-0.0005454958882182837
73,-0.00030061439611017704
74,-0.000300090410746634
75,-0.0006654533790424466
76,-0.00042035640217363834
77,0.00043411506339907646
78,0.00043333566281944513
79,-0.0000552906421944499
80,-0.00017716374713927507
81,0.0003109894460067153
82,0.00006650411523878574
83,-0.00005558575503528118
84,0.00031038932502269745
85,0.00018786638975143433
86,-0.0003003251040354371
87,-0.00005587784107774496
88,-0.00017775024753063917
89,0.0005543270381167531
90,0.000309408875182271
91,0.0005527724279090762
92,-0.00005803012754768133
93,-0.0009116719011217356
94,-0.00030025397427380085
95,0.00018811714835464954
96,0.00006581132765859365
97,0.0004315698752179742
98,-0.000057054334320127964
99,0.0005528454203158617
100,0.00018596649169921875
101,0.0009173959260806441
102,-0.0006697507342323661
103,-0.0005466120783239603
104,0.00018611864652484655
105,-0.000180109404027462
106,-0.0003017627168446779
107,-0.00017927598673850298
108,-0.0003009302308782935
109,0.0004313655663281679
110,0.0004305884940549731
111,0.0006737367948517203
112,-0.000059243873693048954
113,-0.00005915109068155289
114,0.0001848654355853796
115,0.0003064862685278058
116,-0.0001819186145439744
117,0.00018427742179483175
118,0.00030589872039854527
119,0.00018338020890951157
120,0.0001830406254157424
121,0.00042662513442337513
122,-0.0000619946513324976
123,-0.0001838613534346223
124,0.00042625993955880404
125,0.00042548798955976963
126,-0.000429016537964344
127,0.00018153944984078407
128,-0.00018468406051397324
129,-0.0001843710197135806
130,0.0004257506225258112
131,0.0006689029978588223
132,0.0003018132410943508
133,-0.00018658745102584362
134,0.000057650962844491005
135,0.00017949333414435387
136,0.00005719589535146952
137,0.00017903873231261969
138,-0.00018718244973570108
139,0.0003009802894666791
140,0.00017846620175987482
141,0.00005616957787424326
142,0.00042193743865936995
143,-0.00031060201581567526
144,0.0009095502318814397
145,0.000420068041421473
146,-0.00019050773698836565
147,-0.00031215138733386993
148,-0.00043357862159609795
149,0.000055020092986524105
150,0.0005427509313449264
151,0.0004198055248707533
152,0.00041903951205313206
153,-0.0003134967992082238
154,-0.0005568847991526127
155,-0.0009218015475198627
156,-0.0011641067685559392
157,-0.0007961707888171077
158,-0.0006728103617206216
159,-0.0003057441208511591
160,0.0003045944031327963
161,0.0005479633109644055
162,0.00018108973745256662
163,-0.0005510186310857534
164,0.0001817167503759265
165,-0.00030646834056824446
166,-0.00006201455835253
167,0.0001820051111280918
168,0.00042559136636555195
169,0.0005467826267704368
170,0.00017990986816585064
171,0.000057612662203609943
172,0.0006673031020909548
173,-0.00018763216212391853
174,0.0001785694621503353
175,0.00005627330392599106
176,-0.0004316918784752488
177,0.00042279111221432686
178,0.000056137447245419025
179,0.000056020100601017475
180,0.00017786480020731688
181,-0.0000663928221911192
182,0.00029959308449178934
183,-0.00043272844050079584
184,0.00017783173825591803
185,0.0004214220680296421
186,-0.0003111164551228285
187,0.000055303797125816345
188,0.00017714931163936853
189,0.00017681624740362167
190,0.00017648364882916212
191,0.0007859606994315982
192,-0.00006918818689882755
193,-0.0008008569711819291
194,-0.0004335680278018117
195,0.0004209168255329132
196,0.00017622695304453373
197,0.0005417803768068552
198,-0.00006901088636368513
199,-0.00031283183488994837
200,0.000053589814342558384
201,0.0004193608183413744
202,-0.00006925128400325775
203,0.000052813440561294556
204,0.000052699469961225986
205,0.00029650970827788115
206,-0.0006797324167564511
207,-0.0005565835162997246
208,-0.00006776629015803337
209,0.00042018305975943804
210,0.00005353218875825405
211,-0.00019050610717386007
212,-0.0003121487097814679
213,-0.0001896512694656849
214,0.00005459145177155733
215,0.000664285384118557
216,-0.0003126084338873625
217,-0.00006814859807491302
218,-0.00019000843167304993
219,-0.0004336130805313587
220,0.0009087198413908482
221,-0.0003125319490209222
222,-0.00019003369379788637
223,-0.0004336385754868388
224,0.0000549613032490015
225,0.00029876967892050743
226,-0.0007994360057637095
227,-0.00031018618028610945
228,-0.00018769013695418835
229,-0.00018737302161753178
230,0.0005447149742394686
231,0.0006656929617747664
232,0.00042056944221258163
233,0.00017588026821613312
234,0.00005358736962080002
235,0.00005347328260540962
236,-0.0010442977072671056
237,0.00017715804278850555
238,-0.0001890596468001604
239,-0.00043266534339636564
240,0.0006657436024397612
241,0.00005473440978676081
242,-0.00018930435180664062
243,-0.000676833325996995
244,0.0005439710803329945
245,-0.0005546691827476025
246,-0.0006756625371053815
247,-0.00018663040827959776
248,-0.0006741618271917105
249,-0.0003070930251851678
250,0.0003032481763511896
251,-0.00006318977102637291
252,0.00005887041334062815
253,-0.0001851718407124281
254,0.0001810290850698948
255,0.0001806936925277114
0,-0.0000635653268545866
1,0.0007902667857706547
2,-0.00018684682436287403
3,-0.00043045415077358484
4,-0.00030774204060435295
5,0.0005465236026793718
6,0.00017965270671993494
7,-0.00018656684551388025
8,-0.0004301742883399129
9,-0.0011611958034336567
10,-0.000671298592351377
11,-0.00030423211865127087
12,-0.0003037028945982456
13,0.000062712118960917
14,0.0007943614618852735
15,0.00018313038162887096
16,-0.00030505459289997816
17,-0.00006060022860765457
18,0.00006145774386823177
19,0.00030526111368089914
20,-0.00018314016051590443
21,0.00018305913545191288
22,0.00006076018325984478
23,0.00006064050830900669
24,0.0005483682034537196
25,0.0003034578403457999
26,-0.000306903850287199
27,-0.001160105224698782
28,-0.000060399179346859455
29,-0.0006701124366372824
30,-0.0006689325673505664
31,0.0015275602927431464
32,0.00006129418034106493
33,0.0003050975501537323
34,0.0006704297848045826
35,0.000303340726532042
36,0.000790636520832777
37,-0.0004304011818021536
38,-0.00006376509554684162
39,-0.0005515133962035179
40,-0.00042858533561229706
41,-0.0004278364358469844
42,-0.00030512665398418903
43,-0.0006704817060381174
44,0.0000624700915068388
45,0.0003062726464122534
46,0.0003057181602343917
47,0.0003051641397178173
48,0.00030461070127785206
49,0.0000601339852437377
50,-0.0005497945239767432
51,0.00018294155597686768
52,-0.00042720441706478596
53,0.0001833527348935604
54,0.0004269396886229515
55,0.00030420790426433086
56,0.000059731537476181984
57,-0.0004282345762476325
58,-0.00018356239888817072
59,-0.000183248077519238
60,-0.0007927432889118791
61,0.0003063111798837781
62,-0.0004260143032297492
63,-0.0003033059183508158
64,0.00006310897879302502
65,0.00006298755761235952
66,0.0000628660200163722
67,-0.00042510253842920065
68,0.00006349070463329554
69,-0.00018055480904877186
70,0.00030760455410927534
71,0.00042901095002889633
72,-0.00005960837006568909
73,0.00018441141583025455
74,0.00042799790389835835
75,-0.00018258264753967524
76,-0.000060306861996650696
77,0.00018371327314525843
78,0.00018337683286517859
79,0.0006708874134346843
80,-0.0003060107119381428
81,-0.0005494027864187956
82,0.00006137148011475801
83,-0.00006071047391742468
84,0.00006134877912700176
85,-0.000060733058489859104
86,-0.00006063561886548996
87,0.0004273087251931429
88,0.000060653081163764
89,0.0004264197777956724
90,-0.00030612084083259106
91,-0.0003055889392271638
92,-0.0007929049897938967
93,-0.0009134688880294561
94,-0.0001800842583179474
95,0.0005519990809261799
96,-0.00042468542233109474
97,-0.000667863292619586
98,-0.0005447230068966746
99,-0.00042180006857961416
100,-0.0005430190358310938
101,0.0000677499920129776
102,-0.0005421850364655256
103,-0.001272997702471912
104,0.00019280321430414915
105,-0.00005146535113453865
106,-0.0005392237799242139
107,-0.001392001286149025
108,-0.00004794797860085964
109,0.0000740996329113841
110,-0.0002919167745858431
111,-0.00029139744583517313
112,0.00007500720676034689
113,0.0006846848409622908
114,0.0003175841411575675
115,0.0000730960164219141
116,-0.00017095752991735935
117,-0.00004869210533797741
118,-0.00041449128184467554
119,0.00031801697332412004
120,-0.00017039524391293526
121,0.00007383187767118216
122,0.0004395866999402642
123,-0.0006588510004803538
124,0.00007409101817756891
125,0.00043984572403132915
126,-0.0009025161853060126
127,-0.00004717893898487091
128,0.0003187918337062001
129,0.00007430301047861576
130,0.0003180957864969969
131,0.00019556924235075712
132,0.00007326039485633373
133,0.000317053752951324
134,0.0003164903027936816
135,0.0006818129913881421
136,0.00007079076021909714
137,-0.00029522296972572803
138,-0.00017273868434131145
139,0.0003154140431433916
140,-0.0000510337995365262
141,-0.000050944858230650425
142,0.00007110531441867352
143,0.0003149010008201003
144,-0.00017350830603390932
145,0.00031464523635804653
146,0.00043604569509625435
147,-0.0004184653516858816
148,-0.00005183916073292494
149,0.00007021194323897362
150,-0.00041776278521865606
151,0.00019278621766716242
152,-0.000051482231356203556
153,-0.000295317149721086
154,-0.0010265660239383578
155,0.001170570612885058
156,-0.00017309060785919428
157,-0.00041670899372547865
158,-0.0004159701056778431
159,0.00043850101064890623
160,-0.000294049852527678
161,-0.0005374525208026171
162,-0.00041453621815890074
163,-0.000169875449500978
164,-0.0001695728860795498
165,0.00007465342059731483
166,0.001172178890556097
167,0.00007244001608341932
168,-0.000537498970516026
169,-0.00029262062162160873
170,-0.000292100477963686
171,-0.00041354307904839516
172,-0.0006567307282239199
173,-0.000411638175137341
174,0.0003208672860637307
175,0.000320300692692399
176,-0.0005339991766959429
177,-0.0018746285932138562
178,-0.000529712880961597
179,-0.0004068037960678339
180,0.00044765963684767485
181,-0.0005288238171488047
182,0.00032585638109594584
183,-0.000040600658394396305
184,0.00008144078310579062
185,0.0009350362233817577
186,-0.00028623698744922876
187,-0.00016376085113734007
188,0.00020242203027009964
189,0.0004459924530237913
190,0.00020128220785409212
191,0.00032289151567965746
192,0.0005662469193339348
193,0.0001993592595681548
194,0.00007704680319875479
195,0.0008086845045909286
196,-0.00029040651861578226
197,-0.0001679266570135951
198,0.00032022176310420036
199,0.0006855411920696497
200,0.0006843246519565582
201,0.00019526237156242132
202,-0.000049008638598024845
203,0.000073040253482759
204,0.0006827195174992085
205,0.0003156202146783471
206,0.00031505804508924484
207,-0.0004172754706814885
208,-0.000050650560297071934
209,0.0006812089122831821
210,0.0003141108900308609
211,-0.0004182211123406887
212,0.0000703661935403943
213,-0.000051723094657063484
214,0.0008020991226658225
215,0.0005567474290728569
216,-0.000785826938226819
217,-0.0006624732632189989
218,0.00007047201506793499
219,-0.00017357966862618923
220,-0.000295235775411129
221,-0.000416675116866827
222,0.00007191102486103773
223,0.0005596295231953263
224,0.00019274826627224684
225,0.0005582890007644892
226,0.00031337037216871977
227,0.00031281018164008856
228,-0.00017559737898409367
229,0.0005564818857237697
230,-0.00005432078614830971
231,-0.0001761909807100892
232,-0.000053920899517834187
233,-0.000053829746320843697
234,0.00019018538296222687
235,0.00018984288908541203
236,-0.00029834709130227566
237,-0.000541745568625629
238,0.0003129456890746951
239,-0.0001754614058881998
240,0.00031269353348761797
241,-0.00005375163163989782
242,0.00031222496181726456
243,-0.00005421973764896393
244,0.0005556810647249222
245,0.0005546888569369912
246,-0.0004219977417960763
247,-0.0004212544299662113
248,-0.00017658760771155357
249,-0.0001762791071087122
250,-0.0006638180930167437
251,0.0015326706925407052
252,-0.00005556084215641022
253,0.00031041738111525774
254,0.0003098597517237067
255,0.000309302587993443
0,-0.0007889107801020145
1,0.0005540644051507115
2,-0.0001786974025890231
3,0.00030946056358516216
4,0.00006498023867607117
5,0.000308781280182302
6,-0.00030158436857163906
7,0.0001867914106696844
8,0.0006742995465174317
9,0.0007950556464493275
10,0.00006186275277286768
11,-0.00042610475793480873
12,-0.00005947193130850792
13,-0.000669185072183609
14,0.00006376637611538172
15,-0.00030224083457142115
16,-0.0003017119597643614
17,-0.00005725992377847433
18,0.0005526439053937793
19,0.0014053876511752605
20,-0.00006066076457500458
21,-0.00018252525478601456
22,-0.0003041729796677828
23,-0.0003036422422155738
24,-0.00005918845999985933
25,0.0004287554183974862
26,0.0004279842833057046
27,0.00018329033628106117
28,0.000548840151168406
29,-0.00018391723278909922
30,0.00006032187957316637
31,0.00018216553144156933
32,-0.00030601711478084326
33,0.00018236273899674416
34,-0.0004277817206457257
35,-0.0007929184939712286
36,-0.00018171081319451332
37,0.00018448883201926947
38,0.0006719991797581315
39,0.00042687158565968275
40,0.00018217903561890125
41,-0.0006718892836943269
42,-0.0003048208309337497
43,0.000549443531781435
44,0.0004264954477548599
45,-0.00006212107837200165
46,0.00018190185073763132
47,-0.00030628032982349396
48,-0.00006182398647069931
49,0.00018219882622361183
50,-0.00018402200657874346
51,-0.0005495916120707989
52,-0.0009145120857283473
53,0.000306722242385149
54,-0.000059717451222240925
55,-0.00018158217426389456
56,0.0003065787022933364
57,0.0001840632176026702
58,0.00018372689373791218
59,-0.00018249510321766138
60,0.00006174331065267324
61,-0.00006033794488757849
62,0.00006172142457216978
63,-0.0003042833413928747
64,-0.0000598288606852293
65,-0.0005475791404023767
66,-0.000546614988707006
67,0.00018611946143209934
68,-0.00005814258474856615
69,0.00006391480565071106
70,-0.00005816807970404625
71,-0.0005459199892356992
72,-0.0004229956539347768
73,0.00006559700705111027
74,0.00006547430530190468
75,-0.00005661020986735821
76,0.000309369876049459
77,0.00006489001680165529
78,0.0005526156164705753
79,0.0005516269011422992
80,-0.00018113269470632076
81,-0.000180819071829319
82,-0.0003024680772796273
83,0.00018590909894555807
84,0.00006360933184623718
85,-0.00005847332067787647
86,-0.0003023012541234493
87,0.00018607592210173607
88,0.0004296618280932307
89,0.00042889046017080545
90,0.00018419628031551838
91,0.00030582176987081766
92,-0.00006061652675271034
93,-0.0003044423647224903
94,-0.00005998718552291393
95,0.00018403411377221346
96,0.0000617362093180418
97,0.0006714262999594212
98,0.0005482619162648916
99,0.0006692389724776149
100,-0.00006373319774866104
101,-0.00042951805517077446
102,-0.0004287670599296689
103,0.0005476783262565732
104,0.001034541754052043
105,-0.00018692761659622192
106,-0.0003085706848651171
107,-0.0000641116639599204
108,0.00030187529046088457
109,0.00017936399672180414
110,0.00042295618914067745
111,-0.000065656378865242
112,0.00005640811286866665
113,0.0004221796989440918
114,0.00017749157268553972
115,-0.000188724254257977
116,0.0005433674668893218
117,0.00005453976336866617
118,0.00017638900317251682
119,0.00005409820005297661
120,-0.00031189946457743645
121,0.00017648644279688597
122,-0.0005556140094995499
123,0.000055167125537991524
124,-0.00006690795999020338
125,-0.0005546513712033629
126,-0.0003097568405792117
127,0.0017641319427639246
128,0.000053516472689807415
129,0.0009071386884897947
130,-0.0003141086781397462
131,-0.000557492021471262
132,0.000663100159727037
133,0.0004179815296083689
134,-0.0005584738682955503
135,-0.000679461401887238
136,-0.0016539661446586251
137,-0.00018750049639493227
138,0.00017870496958494186
139,-0.0000655496260151267
140,-0.000187408528290689
141,-0.000918860430829227
142,-0.0006733167683705688
143,-0.0005501700798049569
144,-0.0001833172282204032
145,-0.0006708487635478377
146,-0.00018181826453655958
147,-0.0005473893834277987
148,-0.0037174340104684234
149,-0.0005398256471380591
150,-0.00041690573561936617
151,-0.0006600889610126615
152,-0.000414992100559175
153,-0.0005362152587622404
154,0.00007454876322299242
155,-0.000657352153211832
156,0.0005634374683722854
157,0.0008063634159043431
158,0.0004390475805848837
159,0.000926116481423378
160,0.00007073802407830954
161,-0.00029527442529797554
162,0.00007113546598702669
163,0.00019297050312161446
164,0.0000706652645021677
165,-0.000051422975957393646
166,-0.0005391803570091724
167,0.0006813962245360017
168,0.00043626141268759966
169,0.00006959948223084211
170,-0.0005403354298323393
171,-0.0006613390287384391
172,-0.0007821266772225499
173,-0.000292888842523098
174,-0.0004143291153013706
175,-0.00004770536907017231
176,-0.000535465544089675
177,-0.00016862584743648767
178,-0.00004636123776435852
179,0.0004415726289153099
180,-0.000047056120820343494
181,-0.00004696939140558243
182,0.0003190026618540287
183,0.0003184389788657427
184,0.00007395166903734207
185,-0.00017010117881000042
186,-0.00004783528856933117
187,0.00031813804525882006
188,0.0009273840114474297
189,0.0004378906451165676
190,-0.00017269677482545376
191,-0.0007821999024599791
192,-0.00029296206776052713
193,0.00007344549521803856
194,0.000561164109967649
195,-0.00017160282004624605
196,0.0004385121865198016
197,0.0008036193903535604
198,0.0006802293937653303
199,0.0005570577923208475
200,0.00019018002785742283
201,-0.0006638943450525403
202,-0.0005407559219747782
203,-0.000051949406042695045
204,-0.000661668018437922
205,-0.0005385316908359528
206,-0.00004972703754901886
207,0.0001942855305969715
208,-0.000049982802011072636
209,0.0006818777183070779
210,0.000680666184052825
211,0.0005574942333623767
212,0.0005565016763284802
213,0.0007994339102879167
214,0.0009199714986607432
215,0.0003085224889218807
216,0.00018600595649331808
217,0.0006735165370628238
218,0.0003064266638830304
219,0.00018391234334558249
220,-0.00018230883870273829
221,-0.00018199358601123095
222,-0.000059716636314988136
223,0.00006234296597540379
224,0.0005500715924426913
225,-0.00018268567509949207
226,-0.000060407910495996475
227,-0.00042619509622454643
228,0.0007941722869873047
229,0.0003049055812880397
230,0.0003043541219085455
231,-0.0003060057060793042
232,-0.00018351059406995773
233,0.0004266154719516635
234,0.0001819238532334566
235,0.0000596287427470088
236,0.0004253975348547101
237,0.00042463140562176704
238,0.0005458272062242031
239,0.00017895956989377737
240,-0.0003092186525464058
241,-0.0004306440241634846
242,-0.00030792958568781614
243,-0.0003073938423767686
244,0.00005902640987187624
245,-0.0006728607695549726
246,-0.00030579022131860256
247,0.0005484765861183405
248,0.0004255305975675583
249,-0.000307007459923625
250,0.00005941302515566349
251,0.00018125853966921568
252,-0.00018495973199605942
253,0.00018124363850802183
254,0.00030287320259958506
255,0.00018036190886050463
0,0.0004239538684487343
1,0.0005451508332043886
2,-0.0001876017777249217
3,0.00017860415391623974
4,0.000300235697068274
5,-0.000676005962304771
6,-0.0005528567126020789
7,0.00030184676870703697
8,0.0006671843584626913
9,0.00017813872545957565
10,0.00005584710743278265
11,0.000665543950162828
12,0.0005423855036497116
13,-0.00006840238347649574
14,-0.0003122204216197133
15,0.000054205069318413734
16,0.0005419413791969419
17,0.000053115771152079105
18,0.00054085289593786
19,-0.00006993336137384176
20,-0.00006982625927776098
21,0.0010279384441673756
22,0.0009041330777108669
23,0.0006585844093933702
24,0.00016954692546278238
25,-0.0004405844956636429
26,-0.00031786062754690647
27,0.000048569636419415474
28,0.00004846369847655296
29,0.000048357644118368626
30,-0.0000737097579985857
31,0.00004836276639252901
32,-0.00019566656555980444
33,0.00004858500324189663
34,-0.0003174064913764596
35,-0.00007293839007616043
36,-0.00019478972535580397
37,-0.0005603485042229295
38,-0.00007152371108531952
39,-0.00031533848959952593
40,-0.0003147955285385251
41,0.00029555580113083124
42,0.0006608997937291861
43,0.00041578407399356365
44,-0.0000728206941857934
45,0.000049251713789999485
46,0.00004914565943181515
47,0.00017100083641707897
48,0.000048716552555561066
49,0.000292534357868135
50,0.0001700331922620535
51,0.00041363504715263844
52,0.00029091781470924616
53,0.00016841839533299208
54,-0.00031974969897419214
55,-0.0004411647096276283
56,-0.0003184399101883173
57,0.0011456486536189914
58,0.0011435928754508495
59,0.0012635010061785579
60,0.00040749902836978436
61,0.0008945970330387354
62,0.000527095515280962
63,0.0007700552232563496
64,0.0005247344961389899
65,0.00015788711607456207
66,0.000035614240914583206
67,-0.00020840310025960207
68,0.00015782203990966082
69,0.0002794734900817275
70,0.0004009080585092306
71,0.0002782027004286647
72,0.0005216007120907307
73,0.0010084890527650714
74,0.0006407786859199405
75,0.00027371919713914394
76,0.0007610453758388758
77,0.0008816187037155032
78,0.0005141292931511998
79,0.000025329645723104477
80,0.0002691691042855382
81,0.0007564987754449248
82,0.0011210007360205054
83,0.000753081520088017
84,0.00014189118519425392
85,-0.00010232871863991022
86,0.000019770697690546513
87,0.0003855777904391289
88,0.0009946576319634914
89,0.00026107404846698046
90,0.0006264497060328722
91,0.0003813660005107522
92,-0.0003511307295411825
93,-0.0004725167527794838
94,-0.0009595721494406462
95,-0.0013237996026873589
96,-0.0008336447644978762
97,-0.0007102446397766471
98,-0.0009529481176286936
99,-0.0008293334394693375
100,-0.00034005148336291313
101,-0.00021752307657152414
102,0.000026749679818749428
103,-0.0003392206272110343
104,-0.00021669315174221992
105,-0.000582230044528842
106,-0.0009471176890656352
107,-0.00021369848400354385
108,-0.00021335238125175238
109,0.00003091676626354456
110,-0.00021309498697519302
111,0.0003970599500462413
112,0.00039632117841392756
113,0.000029697781428694725
114,-0.00021431304048746824
115,-0.00021396635565906763
116,-0.0003355819499120116
117,0.00015282875392585993
118,0.0006403714651241899
119,0.0002733144210651517
120,-0.00021505297627300024
121,0.0003951038233935833
122,0.000028481706976890564
123,0.0002723198849707842
124,0.0002718007890507579
125,-0.0005824508843943477
126,-0.0007034135051071644
127,-0.0009461222216486931
128,-0.0005785890389233828
129,-0.0003336692461743951
130,0.00003277778159826994
131,0.00027661281637847424
132,-0.0017972621135413647
133,-0.0005744807422161102
134,-0.00032956444192677736
135,-0.00045096827670931816
136,-0.0005721559282392263
137,-0.00020527991000562906
138,-0.0005708264652639627
139,-0.00044787523802369833
140,-0.0003251418238505721
141,0.000041298335418105125
142,0.0005290493136271834
143,-0.00044760911259800196
144,-0.00044683762826025486
145,-0.0005680285394191742
146,-0.00044507987331598997
147,-0.0005662726471200585
148,0.00004452257417142391
149,0.0005322706419974566
150,-0.00007850478868931532
151,0.0013851562980562449
152,0.0036999499425292015
153,-0.0017949335742741823
154,-0.0005721535999327898
155,-0.0002052774652838707
156,0.00003898621071130037
157,0.000038891914300620556
158,0.0004046837566420436
159,-0.0003278318326920271
160,0.000038610887713730335
161,0.00003851717337965965
162,0.00028234743513166904
163,-0.00020602706354111433
164,-0.0002056867815554142
165,-0.00032730819657444954
166,-0.00032675161492079496
167,0.00003969005774706602
168,0.00028351962100714445
169,-0.0003268179716542363
170,-0.00044822331983596087
171,0.00028432055842131376
172,0.00016183010302484035
173,0.0007713284576311707
174,-0.0004496851470321417
175,-0.0009367588208988309
176,-0.00008138525299727917
177,-0.00020322564523667097
178,-0.00020288710948079824
179,-0.00008058734238147736
180,-0.00020242820028215647
181,-0.000324052176438272
182,0.00040827319025993347
183,0.0006514500128105283
184,-0.0004473862936720252
185,0.00016319495625793934
186,-0.0003249645233154297
187,-0.00020244787447154522
188,0.00004181393887847662
189,-0.00044612970668822527
190,-0.00032339664176106453
191,0.0004089284921064973
192,0.0006521051982417703
193,-0.0002028082963079214
194,-0.00008050806354731321
195,-0.00020234868861734867
196,-0.00008004903793334961
197,0.0005298813339322805
198,-0.00032481481321156025
199,-0.0003242597449570894
200,-0.00020174309611320496
201,0.00040840369183570147
202,0.00028569542337208986
203,0.0000412424560636282
204,-0.0000808144686743617
205,-0.00069050258025527
206,-0.0002014493802562356
207,-0.0000791504280641675
208,-0.00032295368146151304
209,-0.00007847649976611137
210,0.0001655671512708068
211,0.0006531007820740342
212,0.0005299582844600081
213,0.0006509576924145222
214,-0.00020395428873598576
215,0.0006501186871901155
216,0.000039131264202296734
217,-0.0002048854948952794
218,0.0005272263661026955
219,-0.0003274671034887433
220,-0.0002049473114311695
221,0.0005271648988127708
222,0.00028228096198290586
223,-0.00032805430237203836
224,0.00003838993143290281
225,0.00016025954391807318
226,0.000037988764233887196
227,0.0004037827020511031
228,0.00003715499769896269
229,-0.00008489761967211962
230,-0.00008477212395519018
231,0.0008910488104447722
232,0.0007674787193536758
233,0.00027824100106954575
234,-0.0004540522349998355
235,0.000034574419260025024
236,-0.00008747598621994257
237,0.0002785380929708481
238,0.0011317490134388208
239,0.00039793900214135647
240,-0.0007004545768722892
241,-0.0003333538770675659
242,0.0010087904520332813
243,0.000763045740313828
244,0.00002988823689520359
245,-0.0009458907879889011
246,-0.0007003173232078552
247,-0.00045517843682318926
248,-0.0003324361750856042
249,-0.0005757971666753292
250,0.0007667799945920706
251,0.0008873526239767671
252,-0.00008994690142571926
253,0.00003214576281607151
254,-0.00033382594119757414
255,-0.0002112995134666562
0,0.000032971263863146305
1,0.0006426943000406027
2,0.00015367637388408184
3,-0.0008223209297284484
4,-0.00008911755867302418
5,0.00003297475632280111
6,0.0003987736999988556
7,0.0008858847431838512
8,0.0006403581937775016
9,-0.0002145431935787201
10,-0.00009223108645528555
11,-0.0003360214177519083
12,0.0005182785680517554
13,-0.00021444400772452354
14,-0.0008239030139520764
15,0.00027518789283931255
16,0.00039663154166191816
17,0.00015197298489511013
18,0.00039559672586619854
19,-0.0004588700830936432
20,-0.0004580855602398515
21,0.0002744693774729967
22,-0.0007017429452389479
23,-0.0002126786857843399
24,-0.0004562530666589737
25,-0.00021154736168682575
26,0.000032724812626838684
27,-0.00033324677497148514
28,0.0002771273721009493
29,-0.0006990875117480755
30,-0.0004539486253634095
31,0.00015664089005440474
32,0.00015633669681847095
33,-0.00008789042476564646
34,0.0006440108409151435
35,0.0006428401684388518
36,0.0012514798436313868
37,0.0003954949788749218
38,0.00027279986534267664
39,0.000028360635042190552
40,-0.00033760652877390385
41,0.0002727716928347945
42,0.000028332346118986607
43,0.000028251204639673233
44,-0.0010694871889427304
45,-0.00021388439927250147
46,-0.00021353375632315874
47,-0.0000912216491997242
48,0.00015283538959920406
49,0.0000305733410641551
50,0.000030490104109048843
51,0.00027433072682470083
52,-0.00021403341088443995
53,-0.0008234917186200619
54,-0.00021224806550890207
55,0.000397911062464118
56,0.00015325250569730997
57,0.0002749139675870538
58,-0.0000914883567020297
59,0.00003060721792280674
60,-0.00009143783245235682
61,0.0014942007837817073
62,-0.00033791165333241224
63,-0.0008251895196735859
64,-0.0005798294441774487
65,0.0003968669334426522
66,0.000883981236256659
67,0.0005164957838132977
68,-0.0005821092054247856
69,-0.0002152200322598219
70,-0.0002148677594959736
71,-0.0003364773001521826
72,-0.00045787065755575895
73,0.00003076181747019291
74,-0.0005791302537545562
75,-0.0005781293148174882
76,0.00039856613148003817
77,0.00015390757471323013
78,0.00039753085002303123
79,-0.0000910500530153513
80,-0.0003348402678966522
81,0.0003974986029788852
82,0.0003967651864513755
83,-0.00009181536734104156
84,0.0006400907877832651
85,0.0005169628420844674
86,-0.0007036038441583514
87,0.000029387883841991425
88,-0.0000926553038880229
89,0.0002733662258833647
90,-0.00009303411934524775
91,0.000029063434340059757
92,0.00027290661819279194
93,0.00002846855204552412
94,-0.0007033828878775239
95,0.0002735326997935772
96,0.00002909405156970024
97,0.00015097542200237513
98,0.00002871581818908453
99,-0.0003372498322278261
100,-0.0004586420254781842
101,-0.000335893826559186
102,0.0006403705338016152
103,-0.0004584522685036063
104,0.000030181370675563812
105,0.00015206180978566408
106,0.0007615733193233609
107,0.00015038205310702324
108,0.000272047589533031
109,-0.00033827510196715593
110,-0.0004596654325723648
111,-0.0008247639052569866
112,-0.0007013649446889758
113,-0.0007001460762694478
114,0.0002767670666798949
115,0.0005201738094910979
116,0.0005192236276343465
117,0.0003963126800954342
118,-0.00009226647671312094
119,-0.0002140924334526062
120,-0.0007015872979536653
121,-0.00033448205795139074
122,0.000275895232334733
123,0.000031455536372959614
124,-0.00009058869909495115
125,0.00015346985310316086
126,0.0007629806641489267
127,0.00015178893227130175
128,0.0011271866969764233
129,-0.0009481966262683272
130,-0.00045869359746575356
131,0.000029940973035991192
132,0.0006396698299795389
133,0.000394582049921155
134,0.00014992838259786367
135,-0.00033821456599980593
136,-0.0008254905696958303
137,0.00015164318028837442
138,-0.00021453970111906528
139,-0.0004581097746267915
140,0.00015248626004904509
141,-0.00009173515718430281
142,0.0006401723949238658
143,0.00027312233578413725
144,0.000150647247210145
145,0.00027231324929744005
146,0.0017353435978293419
147,-0.00009719759691506624
148,0.000024905544705688953
149,0.00014679180458188057
150,0.0002684610662981868
151,0.00002402870450168848
152,0.000023953965865075588
153,-0.00034200644586235285
154,-0.000219469191506505
155,-0.0025363866006955504
156,0.0005171367665752769
157,0.0006381524726748466
158,0.0003930663224309683
159,-0.000339432735927403
160,-0.00033885904122143984
161,-0.0002163243480026722
162,-0.00009400653652846813
163,-0.0004597536753863096
164,-0.0007028885884210467
165,0.0006399138364940882
166,-0.0003369449404999614
167,0.0005173599347472191
168,-0.0000933957053348422
169,-0.0003371814964339137
170,-0.00021464750170707703
171,-0.00009233143646270037
172,0.0002736918395385146
173,-0.00009270687587559223
174,-0.00009256880730390549
175,0.00002953049261122942
176,0.0006392613286152482
177,0.0008820221992209554
178,0.000026693684048950672
179,0.000026617315597832203
180,0.0006363502470776439
181,0.000025380635634064674
182,-0.0003405800089240074
183,0.0003917661961168051
184,0.0001471164869144559
185,0.0005127101903781295
186,0.0008776544127613306
187,0.0002662539482116699
188,-0.00010013754945248365
189,-0.0004658785182982683
190,-0.00022115965839475393
191,0.00038901029620319605
192,0.0006322113331407309
193,0.000021245330572128296
194,-0.0007105970289558172
195,-0.00009955849964171648
196,0.0002664717612788081
197,0.00038792798295617104
198,0.00002131995279341936
199,-0.0009544460335746408
200,-0.001318669063039124
201,-0.00021870015189051628
202,-0.0007061889627948403
203,-0.0002171157393604517
204,0.000636975048109889
205,0.0008797389455139637
206,0.0005122607108205557
207,-0.00034241308458149433
208,-0.00009791192132979631
209,0.00026811694260686636
210,0.000023686327040195465
211,0.00002361356746405363
212,-0.0002203832846134901
213,0.0011215582489967346
214,-0.002173436456359923
215,-0.00021821632981300354
216,0.0007578381337225437
217,0.0008784242672845721
218,0.0002670240355655551
219,-0.00022132927551865578
220,-0.0002209675731137395
221,-0.00022060598712414503
222,-0.0004641687264665961
223,0.00026839703787118196
224,0.00002396642230451107
225,0.0005117411492392421
226,0.0006327632581815124
227,0.00063160783611238
228,0.00014260574243962765
229,-0.00046749028842896223
230,-0.00010080717038363218
231,0.00014326313976198435
232,0.0002649381058290601
233,-0.00034537503961473703
234,0.00014305347576737404
235,0.00038669060450047255
236,-0.00022383895702660084
237,0.0005082968855276704
238,0.00014147476758807898
239,-0.00010273407679051161
240,-0.0004684713203459978
241,-0.0004676725948229432
242,-0.0003449125215411186
243,-0.0011980654671788216
244,0.000755422399379313
245,0.00026620225980877876
246,0.0008755074813961983
247,0.0005080343689769506
248,-0.00046859681606292725
249,0.000020050094462931156
250,-0.00022394233383238316
251,0.0005081939743831754
252,-0.00010255130473524332
253,0.0000195592874661088
254,-0.0010781659511849284
255,-0.00046647374983876944
0,-0.00009979063179343939
1,-0.0000996441813185811
2,0.0003883496392518282
3,0.00014370528515428305
4,0.00014341843780130148
5,-0.0019302197033539414
6,0.00039045477751642466
7,-0.00009811529889702797
8,0.0008777247276157141
9,0.0005102503346279263
10,0.0006312746554613113
11,0.00014227430801838636
12,-0.0004678203258663416
13,-0.000467021600343287
14,-0.0007101469673216343
15,0.0007546265842393041
16,0.0005093320505693555
17,-0.00010141381062567234
18,0.00038658222183585167
19,0.0007517492631450295
20,0.00038449501153081656
21,0.00099358765874058
22,0.0001380548346787691
23,-0.0005939977709203959
24,-0.0004710160428658128
25,0.000017633428797125816
26,-0.0001043941592797637
27,-0.0007140521192923188
28,-0.0005908553721383214
29,0.0005078186513856053
30,0.0003849222557619214
31,0.0003842052537947893
32,0.0001395653234794736
33,-0.0003485642373561859
34,-0.0005919028772041202
35,-0.00010303722228854895
36,0.0006288844160735607
37,0.00013988674618303776
38,0.00038352818228304386
39,0.0007486987160518765
40,0.0007473332807421684
41,0.00038008391857147217
42,0.0015989906387403607
43,-0.0007211643969640136
44,-0.00035403715446591377
45,-0.0003534464631229639
46,-0.00047481851652264595
47,-0.00035205064341425896
48,0.00013638567179441452
49,0.000014145043678581715
50,0.00025800697039812803
51,-0.00010837358422577381
52,-0.0002301802160218358
53,-0.0007176554063335061
54,-0.0007164165144786239
55,-0.00022733130026608706
56,-0.00010499940253794193
57,0.0003830009372904897
58,-0.0005934085929766297
59,0.00026134494692087173
60,0.00026084703858941793
61,0.0006262353854253888
62,0.000747050391510129
63,0.0003798018442466855
64,0.000013204757124185562
65,-0.0004747033817693591
66,0.0002578749554231763
67,0.0005013038171455264
68,0.000012529082596302032
69,0.00025639310479164124
70,0.0007437473395839334
71,0.0004984643310308456
72,0.000009691575542092323
73,-0.0002342892112210393
74,0.000010011252015829086
75,-0.000233969883993268
76,-0.00011163169983774424
77,-0.0003553961869329214
78,0.00025500613264739513
79,0.0006204000674188137
80,0.00037533510476350784
81,0.000496590044349432
82,-0.000723951612599194
83,-0.00011289666872471571
84,-0.0002346980618312955
85,0.0002535268431529403
86,-0.00023481098469346762
87,0.000009490526281297207
88,0.000009434064850211143
89,0.0002533018123358488
90,0.0006186978425830603
91,0.0004955962067469954
92,0.00025075115263462067
93,-0.0006034696707502007
94,-0.0012122485786676407
95,-0.0003564020153135061
96,0.000010077841579914093
97,0.0002539450069889426
98,0.0001314934343099594
99,0.000009258626960217953
100,0.00013116467744112015
101,0.0002528545446693897
102,-0.00023548235185444355
103,0.0006186298560351133
104,0.0003735671052709222
105,0.0006167866522446275
106,-0.0003600458148866892
107,-0.000481409952044487
108,0.0004950994625687599
109,0.00012829317711293697
110,0.0008597949054092169
111,0.00037037767469882965
112,-0.00048405700363218784
113,-0.0009710874874144793
114,0.00025021389592438936
115,-0.0004820431349799037
116,-0.00048122857697308064
117,0.000007433351129293442
118,0.0000073801493272185326
119,0.0003732122713699937
120,0.0009823181899264455
121,0.000004836590960621834
122,-0.0002391382586210966
123,0.000005168258212506771
124,-0.0008486161241307855
125,0.000006583170033991337
126,0.0002504544099792838
127,0.00012800679542124271
128,0.00012773845810443163
129,0.0004933555610477924
130,0.00012655160389840603
131,-0.0007274484960362315
132,-0.0007261983118951321
133,-0.0006029870128259063
134,-0.0029192317742854357
135,-0.00023092131596058607
136,-0.0002305454108864069
137,-0.00023016997147351503
138,0.0006239381618797779
139,0.0009886816842481494
140,0.00025511858984827995
141,-0.00023321830667555332
142,0.0001330454833805561
143,0.000010811141692101955
144,0.0002546791220083833
145,0.00025419017765671015
146,0.0007415495347231627
147,-0.00023550086189061403
148,-0.0006010060897096992
149,-0.00023409025743603706
150,-0.00011174939572811127
151,0.0003762602573260665
152,-0.00035621621645987034
153,-0.00035562028642743826
154,-0.00035502458922564983
155,-0.00023246766068041325
156,-0.0004760138690471649
157,-0.00047520280349999666
158,-0.0005963541334494948
159,0.0005023289704695344
160,0.0002574799582362175
161,0.0005009128944948316
162,0.0006219508359208703
163,0.000011001713573932648
164,0.0002548701595515013
165,-0.0003554276190698147
166,-0.0008426795247942209
167,-0.0005972933722659945
168,-0.00023038056679069996
169,0.0006237294292077422
170,0.0003786642337217927
171,0.0003779575927183032
172,-0.00011059595271945
173,-0.0008422058308497071
174,-0.000840743537992239
175,-0.0004733972018584609
176,-0.0005945498123764992
177,-0.00022763898596167564
178,-0.00010530278086662292
179,0.00038270174991339445
180,0.0003819918492808938
181,0.00013735902030020952
182,-0.0003507640212774277
183,-0.0009599813492968678
184,-0.00047045829705893993
185,0.00026211969088763
186,0.0002616253914311528
187,-0.00034867762587964535
188,0.000261722132563591
189,0.00013926636893302202
190,0.0007487991824746132
191,-0.0001062941737473011
192,-0.00035005982499569654
193,0.000016417820006608963
194,-0.00047148868907243013
195,0.000383052509278059
196,-0.00010550499428063631
197,0.000016614561900496483
198,-0.00010540615767240524
199,-0.00034917250741273165
200,0.000017304671928286552
201,-0.00022667902521789074
202,-0.0003482669126242399
203,0.00014017114881426096
204,0.00013989396393299103
205,0.00026157917454838753
206,0.00013912387657910585
207,0.0002608097856864333
208,0.00001639325637370348
209,-0.00022758881095796824
210,0.0007484809029847383
211,0.00038123608101159334
212,-0.0003512429539114237
213,-0.00022868800442665815
214,-0.0002283117501065135
215,-0.0021793264895677567
216,0.000019831117242574692
217,-0.00010219227988272905
218,0.000019925064407289028
219,0.0005077108507975936
220,0.00038482097443193197
221,-0.0002256995067000389
222,0.0001405598595738411
223,-0.0009573742281645536
224,-0.0004678524564951658
225,0.000020800624042749405
226,0.0005085858283564448
227,-0.00034607620909810066
228,0.00026432250160723925
229,0.0008736366871744394
230,0.0005061724223196507
231,-0.001568106235936284
232,0.00014211900997906923
233,0.000263802707195282
234,-0.00022453931160271168
235,0.00001975707709789276
236,-0.0001022655051201582
237,0.0002637760480865836
238,0.00001935753971338272
239,0.0007510688155889511
240,0.0007497074548155069
241,-0.0001053852029144764
242,-0.0009589598048478365
243,-0.0004694364033639431
244,-0.0003466667840257287
245,0.00038569443859159946
246,0.0006289070006459951
247,0.0002618776634335518
248,-0.00022646237630397081
249,0.0002617600839585066
250,0.0009930391097441316
251,0.00025947531685233116
252,0.00038094702176749706
253,-0.0005954550579190254
254,-0.000472464831545949
255,-0.00034969288390129805
0,0.0002607099013403058
1,-0.0004715528339147568
2,0.0005049519240856171
3,0.0008699125610291958
4,0.0003804906737059355
5,0.0005017465446144342
6,0.00013493886217474937
7,-0.0003531797556206584
8,-0.00010865973308682442
9,-0.0004743831232190132
10,-0.00047357066068798304
11,0.000015088589861989021
12,0.000015032477676868439
13,-0.0003509088419377804
14,0.0012351899640634656
15,0.0003792329225689173
16,-0.000109319225884974
17,-0.0003530799876898527
18,-0.0003524834755808115
19,0.00025792198721319437
20,0.0006233191816136241
21,0.000012371805496513844
22,0.000378203927539289
23,0.00013357691932469606
24,-0.0003545399522408843
25,0.0002558673731982708
26,-0.0003544284263625741
27,-0.00023186870384961367
28,0.00001243571750819683
29,0.000012382748536765575
30,0.000012329546734690666
31,-0.00023164704907685518
32,-0.0002312667202204466
33,0.00013499928172677755
34,0.000500614638440311
35,0.0006216560723260045
36,0.00001071067526936531
37,0.0002545828465372324
38,0.0006199838826432824
39,-0.00035684602335095406
40,0.000009640236385166645
41,-0.00011237221769988537
42,0.000009756535291671753
43,0.00037559145130217075
44,0.00098470039665699
45,0.000738993170671165
46,-0.00023805059026926756
47,0.0001282215816900134
48,-0.00011596584226936102
49,-0.00035971985198557377
50,-0.0002371547743678093
51,0.0006169646512717009
52,-0.0003598622279241681
53,0.00037251273170113564
54,-0.0001160323154181242
55,0.0004939473001286387
56,0.0001271478831768036
57,-0.00048292416613548994
58,0.000005744630470871925
59,0.0001276601105928421
60,0.00012739724479615688
61,0.00012713437899947166
62,0.0001268722116947174
63,-0.00011731404811143875
64,-0.00011714245192706585
65,0.0006148004904389381
66,0.000003861729055643082
67,0.000003817607648670673
68,-0.00024015060625970364
69,0.0006139717297628522
70,-0.00011892791371792555
71,0.0002471311017870903
72,0.0000027301721274852753
73,0.00036857277154922485
74,0.0008557268884032965
75,0.0004882814828306437
76,-4.7404319047927856e-7
77,-0.00012247601989656687
78,-3.3760443329811096e-7
79,-0.0009760730899870396
80,-0.00012064585462212563
81,-0.00036439462564885616
82,0.0000020993174985051155
83,0.0001240191049873829
84,0.0007335697300732136
85,0.0007322271121665835
86,0.0003650003345683217
87,-0.00012353702913969755
88,-0.0009770924225449562
89,-0.0024389398749917746
90,-0.0001173695782199502
91,-0.00011719693429768085
92,0.00024886103346943855
93,0.0004923071246594191
94,0.0002474720822647214
95,0.000490919454023242
96,-0.000485685421153903
97,-0.0001189748290926218
98,-0.00011880043894052505
99,0.0000033355318009853363
100,-0.0003625928657129407
101,-0.0004839474568143487
102,0.0003706095740199089
103,0.00036991562228649855
104,0.0008570692734792829
105,0.0007335479604080319
106,4.3457839637994766e-7
107,0.00036628067027777433
108,-0.0002442192053422332
109,-0.00012186309322714806
110,-0.00024364772252738476
111,-0.00036521581932902336
112,-0.0003646056866273284
113,-0.0003639959031715989
114,0.00012446078471839428
115,0.0004900881322100759
116,0.00012329441960901022
117,0.00036696100141853094
118,0.0008541180286556482
119,-0.000976867158897221
120,-0.00024339987430721521
121,0.0009766127914190292
122,-0.0002447798615321517
123,0.00012150080874562263
124,-7.16070644557476e-7
125,0.0004870931152254343
126,0.00012030208017677069
127,-0.00012387603055685759
128,0.00024218950420618057
129,-0.0006120146717876196
130,-0.0024403962306678295
131,-0.0002407849533483386
132,-0.0002403928665444255
133,0.0003698081709444523
134,0.00024715380277484655
135,0.0004906028043478727
136,-0.00012011488433927298
137,-0.00024190032854676247
138,-0.0009732784237712622
139,-0.000727661419659853
140,-0.0012142504565417767
141,-0.0006023169262334704
142,-0.0004793163388967514
143,0.0004971999442204833
144,0.0006182482466101646
145,0.0004951566224917769
146,-0.00011556455865502357
147,0.000006570247933268547
148,-0.0009691690793260932
149,-0.0009674793109297752
150,0.00013186619617044926
151,-0.0006001685978844762
152,-0.0004771699896082282
153,-0.0003543882630765438
154,0.0004999464144930243
155,0.0003770689945667982
156,0.00025440892204642296
157,-0.0003558814059942961
158,-0.00035527802538126707
159,-0.0003546751104295254
160,-0.0007199584506452084
161,-0.00047478254418820143
162,-0.00010807951912283897
163,0.0008677822770550847
164,0.00037836702540516853
165,-0.00035410327836871147
166,-0.0004754632245749235
167,-0.00010875938460230827
168,-0.0007184015121310949
169,-0.0007171506294980645
170,0.00001587031874805689
171,-0.00010614318307489157
172,0.00038186938036233187
173,0.00062509102281183
174,-0.00010781502351164818
175,-0.0003515724092721939
176,-0.0007168580777943134
177,-0.00034972280263900757
178,-0.0003491244278848171
179,0.0003832448273897171
180,0.0000166561221703887
181,0.00038248952478170395
182,0.00038178684189915657
183,0.0005030470201745629
184,0.000502129434607923
185,0.0006231738952919841
186,0.000012231874279677868
187,0.0005000308156013489
188,0.000011268304660916328
189,-0.0004766263300552964
190,-0.0003538449527695775
191,0.000012642936781048775
192,-0.0004752527456730604
193,0.0003792986972257495
194,0.00025663780979812145
195,0.00025615585036575794
196,-0.00011021143291145563
197,-0.0002320040948688984
198,0.000012305565178394318
199,0.000012257718481123447
200,-0.000719561823643744
201,-0.0010841947514563799
202,0.0026985256699845195
203,-0.00011141679715365171
204,0.0003766012378036976
205,0.00001001870259642601
206,0.000009973300620913506
207,-0.00023399654310196638
208,0.00001031497959047556
209,0.000010269111953675747
210,0.0002541471039876342
211,0.0001317060086876154
212,0.0004973291652277112
213,0.0002524936571717262
214,0.0001300537260249257
215,0.000007831142283976078
216,0.00037367362529039383
217,0.0003729794407263398
218,-0.00011556106619536877
219,-0.00023734872229397297
220,0.00012892810627818108
221,0.0000067070359364151955
222,-0.0008470689645037055
223,0.0004959870129823685
224,0.0003731142496690154
225,-0.0013350453227758408
226,-0.00011308409739285707
227,-0.0004787975922226906
228,0.00013183476403355598
229,0.00013157282955944538
230,0.00013131124433130026
231,-0.00011287361849099398
232,0.00025318434927612543
233,0.000008782604709267616
234,0.0001307007623836398
235,0.00037436361890286207
236,0.00037366978358477354
237,0.000007090740837156773
238,0.0004948960850015283
239,-0.00011582276783883572
240,0.0004941620863974094
241,-0.00011655595153570175
242,-0.00048226560465991497
243,-0.0006034014513716102
244,-0.00023647374473512173
245,-0.00011412077583372593
246,-0.00035787071101367474
247,0.0002525459276512265
248,0.00013010716065764427
249,0.0004957329947501421
250,0.0004948234418407083
251,0.0002499904949218035
252,0.0009812876814976335
253,-0.00024010625202208757
254,0.0001261741854250431
255,0.000003956025466322899
0,0.000003917026333510876
1,-0.0003620076458901167
2,-0.000239434652030468
3,-0.0002390405861660838
4,-0.00036060879938304424
5,0.00000588688999414444
6,-0.00011611566878855228
7,0.0009817177196964622
8,0.00037013355176895857
9,-0.00024036550894379616
10,-0.0006058560684323311
11,-0.0007267727050930262
12,-0.00011570286005735397
13,-0.00048141239676624537
14,0.000007261056452989578
15,0.0002511433558538556
16,0.00012870633509010077
17,-0.000603322871029377
18,0.0001294913236051798
19,-0.0018221576465293765
20,0.000010480871424078941
21,0.000010436284355819225
22,-0.0001115697668865323
23,-0.00023335905279964209
24,0.00025487737730145454
25,-0.0002334481105208397
26,-0.0001110968878492713
27,-0.0005987725453451276
28,0.0004999237135052681
29,0.00025508739054203033
30,0.000010685413144528866
31,-0.00023328280076384544
32,-0.0009646647376939654
33,0.000012719538062810898
34,-0.00035321200266480446
35,-0.00035260769072920084
36,0.000013881828635931015
37,0.0006236439803615212
38,0.0005005514249205589
39,-0.001939599053002894
40,-0.00010674784425646067
41,-0.0033995502162724733
42,-0.0003444824833422899
43,0.0005098475376144052
44,0.00002107885666191578
45,-0.0004668219480663538
46,0.00026576302479952574
47,0.000021351967006921768
48,-0.0003445870243012905
49,0.0003877809504047036
50,0.00002119119744747877
51,-0.00010082370135933161
52,-0.00034458423033356667
53,0.0000218984205275774
54,0.0006316540529951453
55,-0.00046714034397155046
56,-0.0015639832708984613
57,-0.00034160027280449867
58,-0.00021904369350522757
59,-0.00021866685710847378
60,0.0007574049523100257
61,-0.00034160958603024483
62,-0.0003410151693969965
63,-0.0007063070079311728
64,-0.0007050634594634175
65,-0.0018014780944213271
66,-0.0002127814805135131
67,0.00027543806936591864
68,0.0003969039535149932
69,0.00039619195740669966
70,0.00015155680011957884
71,-0.0005804917309433222
72,-0.0004575065104290843
73,-0.00009081501048058271
74,-0.0005785077810287476
75,-0.00008963828440755606
76,0.0002764012897387147
77,0.0007637522649019957
78,0.0010063129011541605
79,0.0005166701739653945
80,0.0005157431587576866
81,-0.0005828397115692496
82,-0.00021592853590846062
83,0.00015033199451863766
84,0.0006379031110554934
85,-0.0000950108515098691
86,-0.00021681399084627628
87,0.0006372942589223385
88,0.000392228364944458
89,0.0010013299761340022
90,0.000023844302631914616
91,-0.0004640587139874697
92,-0.0005852086469531059
93,-0.0005841808160766959
94,-0.00009530643001198769
95,-0.00033907138276845217
96,0.0002713307039812207
97,0.0003928006626665592
98,0.0002701306948438287
99,0.0000257161445915699
100,0.000025659333914518356
101,0.000879335799254477
102,0.0003899142611771822
103,0.00026724673807621
104,-0.0024164029164239764
105,-0.0010705414460971951
106,-0.0004588391166180372
107,0.0001517775235697627
108,0.00027346215210855007
109,0.0005168924108147621
110,0.00015008007176220417
111,-0.00021608127281069756
112,-0.0003376682288944721
113,0.000028808601200580597
114,0.00039463501889258623
115,-0.0003378461115062237
116,-0.00021529279183596373
117,-0.000580803956836462
118,0.0006398388650268316
119,0.00027280894573777914
120,0.0002723160432651639
121,-0.00009406229946762323
122,0.000028058071620762348
123,0.00014996097888797522
124,0.00002772384323179722
125,0.00014962733257561922
126,-0.00033849524334073067
127,-0.00021594157442450523
128,0.00039424316491931677
129,-0.00046019931323826313
130,0.0001504186075180769
131,0.000028181239031255245
132,-0.0007036491297185421
133,-0.0007024070946499705
134,0.00003060454037040472
135,-0.00045730359852313995
136,0.0001533118775114417
137,-0.00033481395803391933
138,0.0002755844034254551
139,0.0003970509860664606
140,-0.0007013175636529922
141,-0.0003341921838000417
142,0.0000322818523272872
143,0.0007639910327270627
144,-0.00009110500104725361
145,-0.001554492162540555
146,-0.0009419259149581194
147,-0.00020848435815423727
148,0.000889540882781148
149,0.0007659966358914971
150,0.00015482248272746801
151,0.00039846671279519796
152,-0.0006999028846621513
153,-0.0003327790182083845
154,-0.0004541533999145031
155,-0.0003313884371891618
156,-0.0003308020532131195
157,0.00027959258295595646
158,0.00003517011646181345
159,0.00015706720296293497
160,-0.0005749855190515518
161,-0.0002080807462334633
162,-0.00020771264098584652
163,0.000036578625440597534
164,0.0007682840805500746
165,-0.00020877760834991932
166,-0.00033037096727639437
167,0.00003609992563724518
168,0.0007678057299926877
169,0.0005225158529356122
170,0.0002776606706902385
171,-0.0004546077689155936
172,-0.0006977276643738151
173,-0.00020864326506853104
174,0.00015761074610054493
175,-0.00020855676848441362
176,0.00003573554567992687
177,-0.00008629169315099716
178,-0.00008614000398665667
179,0.00040185870602726936
180,0.00015721912495791912
181,-0.00008698622696101665
182,0.000035127741284668446
183,0.0007668344769626856
184,-0.00008826400153338909
185,0.000399736687541008
186,0.00027706113178282976
187,0.00015460269059985876
188,0.000886094756424427
189,0.00015274377074092627
190,-0.00009145739022642374
191,-0.00009130151011049747
192,-0.0002131069777533412
193,0.00039707450196146965
194,0.0002744015073403716
195,0.00027390732429921627
196,0.00015145190991461277
197,0.00027313746977597475
198,0.000028720591217279434
199,-0.00021526217460632324
200,0.00015099800657480955
201,0.00015072221867740154
202,-0.00009347754530608654
203,0.00015060428995639086
204,-0.00021555705461651087
205,-0.00033714412711560726
206,0.000029332702979445457
207,0.000517121166922152
208,0.00039423268754035234
209,0.0005154857644811273
210,-0.0007050581043586135
211,-0.0005818527424708009
212,-0.0008247512159869075
213,0.0002743637887760997
214,-0.00009201536886394024
215,0.0002740267664194107
216,0.000761380884796381
217,0.0003941348986700177
218,0.0006373500218614936
219,0.0007581704994663596
220,0.0002689656103029847
221,-0.00009740900713950396
222,-0.0008290188852697611
223,-0.00021774729248136282
224,0.00039243896026164293
225,0.000025846296921372414
226,-0.0007059812778607011
227,0.000027034315280616283
228,-0.002412260975688696
229,0.00003125471994280815
230,0.00027511746156960726
231,0.0002746231621131301
232,0.000030205119401216507
233,0.00003014504909515381
234,0.0002740089548751712
235,0.00015155354049056768
236,0.00002931547351181507
237,0.0003951418912038207
238,0.0006383561994880438
239,0.00014936632942408323
240,-0.0007046411046758294
241,-0.00045947416219860315
242,0.0003950678510591388
243,0.0005163204623386264
244,-0.00033833831548690796
245,-0.00009382201824337244
246,0.00015026051551103592
247,-0.00009393843356519938
248,-0.00009377964306622744
249,0.0002722645876929164
250,-0.00021607475355267525
251,0.00002822477836161852
252,-0.0004596809158101678
253,-0.00033691024873405695
254,0.000029566814191639423
255,0.00002950732596218586
0,0.0006392577197402716
1,0.0008820384973660111
2,0.0006365393055602908
3,-0.00021833437494933605
4,-0.00009599479380995035
5,-0.00021779595408588648
6,0.0005143525777384639
7,0.00039146689232438803
8,0.0001468373229727149
9,-0.0002193200634792447
10,-0.0004628654569387436
11,0.00014775595627725124
12,-0.00009644043166190386
13,0.00026960636023432016
14,0.00014715513680130243
15,-0.0004629263421520591
16,-0.00046211446169763803
17,0.000026544323191046715
18,0.00027041160501539707
19,-0.00033988780342042446
20,0.000270515913143754
21,-0.00021782168187201023
22,-0.00021744403056800365
23,0.000026856549084186554
24,-0.00021712377201765776
25,-0.0005826327251270413
26,-0.0003376823151484132
27,-0.0003370897611603141
28,-0.0002145363250747323
29,-0.00033612328115850687
30,0.00015231501311063766
31,0.00039596238639205694
32,0.000029366696253418922
33,0.000029308022931218147
34,-0.00045859848614782095
35,0.00015201943460851908
36,0.00015174306463450193
37,0.0002734290901571512
38,0.00039489835035055876
39,0.00015026587061583996
40,0.000028029317036271095
41,-0.0004598759114742279
42,0.0005166283808648586
43,0.00014981778804212809
44,-0.00033830408938229084
45,0.000028174486942589283
46,-0.00045973097439855337
47,0.0002728498075157404
48,0.00027235783636569977
49,0.00002794258762151003
50,-0.00021603878121823072
51,-0.0005815483164042234
52,0.000029287184588611126
53,0.00015119020827114582
54,0.00027287693228572607
55,-0.0003374244552105665
56,-0.0003368322504684329
57,0.000273569137789309
58,-0.00045869487803429365
59,-0.0005798484198749065
60,-0.00009097601287066936
61,0.0003970279358327389
62,0.0003963174531236291
63,-0.0007020493503659964
64,-0.00009099848102778196
65,0.00015308184083551168
66,-0.00021308090072125196
67,0.00027514039538800716
68,0.00027464632876217365
69,0.00015219126362353563
70,-0.00021397066302597523
71,0.0007620988180860877
72,0.0003948530647903681
73,0.00015022081788629293
74,-0.00045986322220414877
75,-0.000702977180480957
76,-0.0004578112857416272
77,-0.0002130797365680337
78,-0.0009444775059819221
79,-0.0005769181298092008
80,0.0005217608995735645
81,0.00003298372030258179
82,0.0010086169932037592
83,0.00027505005709826946
84,-0.0005791769362986088
85,-0.00009030546061694622
86,0.00015377439558506012
87,-0.00021238857880234718
88,-0.0002120157005265355
89,0.000032280804589390755
90,-0.0005775897298008204
91,0.00015520397573709488
92,-0.0002109601628035307
93,-0.00008862675167620182
94,0.0003993753343820572
95,-0.00033310812432318926
96,-0.00045448169112205505
97,0.0005220185266807675
98,0.0001552028115838766
99,-0.00008899951353669167
100,-0.00021080649457871914
101,-0.00008847308345139027
102,0.0011313004652038217
103,0.00027555436827242374
104,-0.0005786732072010636
105,-0.0000898018479347229
106,-0.00021160801406949759
107,0.00015464972238987684
108,0.000032409909181296825
109,-0.0002115751849487424
110,-0.0002112031215801835
111,0.00003309303428977728
112,0.0008867643773555756
113,0.0005192995304241776
114,-0.0004573228070512414
115,-0.0004565153503790498
116,-0.00021178508177399635
117,-0.00008945039007812738
118,0.0005205144407227635
119,-0.00021218520123511553
120,-0.000577698228880763
121,0.0003990200348198414
122,0.0005202697357162833
123,0.0000314939534291625
124,-0.0004564139526337385
125,-0.00033364526461809874
126,-0.00008913257624953985
127,0.00003298476804047823
128,0.00039880862459540367
129,0.0001541732344776392
130,0.0006417426047846675
131,0.001006484148092568
132,0.00027291884180158377
133,-0.0002154201501980424
134,0.000028879381716251373
135,-0.0011907974258065224
136,-0.00009103084448724985
137,-0.0002128359628841281
138,-0.00033442419953644276
139,0.000154013279825449
140,-0.0003341115079820156
141,-0.0005774460732936859
142,0.0002773101441562176
143,0.0002768144477158785
144,-0.0004554517799988389
145,0.000033201766200363636
146,-0.0005766698159277439
147,0.0006439712597057223
148,0.0002769393613561988
149,-0.00021140347234904766
150,-0.0003329929895699024
151,-0.00008848065044730902
152,-0.00008832570165395737
153,0.0006436001276597381
154,-0.00021127902437001467
155,-0.00008894503116607666
156,0.00027709570713341236
157,-0.0002112471265718341
158,-0.00008891301695257425
159,-0.00045464339200407267
160,0.00015597115270793438
161,-0.0011858888901770115
162,0.0004017211031168699
163,0.000035120872780680656
164,0.0005229051457718015
165,-0.0002097967080771923
166,-0.0006972732953727245
167,0.00015769759193062782
168,0.000035454751923680305
169,-0.0000865706242620945
170,0.00003554415889084339
171,0.0002794039901345968
172,0.0004008687101304531
173,0.00040015531703829765
174,-0.00021036725956946611
175,0.0003998137544840574
176,-0.00021070835646241903
177,0.00027751096058636904
178,0.00015505356714129448
179,-0.0003330725012347102
180,-0.0000885596964508295
181,-0.00021036702673882246
182,0.0006437378469854593
183,0.0008865153649821877
184,-0.00009075808338820934
185,0.00003136030863970518
186,0.00015326228458434343
187,0.0005188712384551764
188,0.00003009673673659563
189,0.0001520001096650958
190,0.0002736857859417796
191,-0.0003366157179698348
192,0.000029862276278436184
193,0.0003956890432164073
194,0.000029094633646309376
195,0.0005168841453269124
196,-0.00009385042358189821
197,-0.00033761432860046625
198,-0.00045898358803242445
199,-0.00021425052545964718
200,0.00039593386463820934
201,0.0002732629654929042
202,0.0010045425733551383
203,0.0005149034550413489
204,-0.00009582925122231245
205,-0.0005835153860971332
206,0.001978712505660951
207,-0.00009816372767090797
208,0.0005118090193718672
209,-0.00009892089292407036
210,-0.00009875651448965073
211,-0.0004644781583920121
212,0.000024183536879718304
213,-0.00009783194400370121
214,0.000024293316528201103
215,-0.0003416461404412985
216,-0.00058497313875705
217,-0.0007059054914861917
218,-0.0004607359878718853
219,-0.0004599251551553607
220,-0.00009322934783995152
221,0.0006387013709172606
222,0.0007595218485221267
223,0.0008801263757050037
224,-0.00009714101906865835
225,0.00014694523997604847
226,0.000024712644517421722
227,0.00039054418448358774
228,0.0006337641971185803
229,0.00002281751949340105
230,-0.00022115814499557018
231,-0.00009881507139652967
232,0.000023311120457947254
233,0.00038914429023861885
234,-0.0003433297388255596
235,-0.00034273171331733465
236,-0.00034213357139378786
237,-0.00009761285036802292
238,0.0006343219429254532
239,-0.0003425105242058635
240,0.00014593463856726885
241,0.0005115506937727332
242,0.0006325927097350359
243,0.0008753807051107287
244,0.00002007919829338789
245,-0.000711742090061307
246,0.000021280720829963684
247,0.000021229730919003487
248,0.00038706499617546797
249,0.0001424404326826334
250,0.00002021167892962694
251,0.000020162202417850494
252,-0.0004677347606047988
253,0.0009966250509023666
254,-0.00034673966001719236
255,-0.0007120240479707718
0,0.00014296069275587797
1,0.000020731589756906033
2,0.000996376620605588
3,0.0011165548348799348
4,0.0008706317748874426
5,0.0012349537573754787
6,0.000744893797673285
7,0.0011094353394582868
8,0.0008635191479697824
9,-0.00011373334564268589
10,0.000008406350389122963
11,0.000984062673524022
12,0.001226213644258678
13,0.0002483135322108865
14,0.0004917685873806477
15,0.0012226381804794073
16,0.0004886653041467071
17,0.0004877661122009158
18,0.00036490627098828554
19,-0.00012362212873995304
20,0.0003644125536084175
21,-0.0000021532177925109863
22,-0.000002182670868933201
23,-0.00036809768062084913
24,-0.00012355262879282236
25,-0.0003672892926260829
26,0.0009749117307364941
27,0.0002413762267678976
28,0.0007287616608664393
29,0.00011762324720621109
30,0.0007271890062838793
31,0.0004819377791136503
32,0.00048104533925652504
33,-0.000007694121450185776
34,0.00048012915067374706
35,0.0019427811494097114
36,0.00035378546454012394
37,0.0003531153779476881
38,-0.0001354018459096551
39,0.0002306819660589099
40,0.0005961150163784623
41,0.0008389368886128068
42,0.00047151651233434677
43,-0.0006270232843235135
44,-0.00001614564098417759
45,0.00034972443245351315
46,0.0003490578383207321
47,0.0009582019411027431
48,0.00046860543079674244
49,-0.00026404589880257845
50,0.00034618459176272154
51,-0.0007521354127675295
52,0.00010288634803146124
53,-0.00026322936173528433
54,0.00010307703632861376
55,0.000346770859323442
56,0.00010218378156423569
57,0.000467840232886374
58,-0.00014284823555499315
59,0.00022324302699416876
60,0.0004667217144742608
61,-0.0005098511464893818
62,-0.000021147076040506363
63,0.00022276618983596563
64,-0.000021602027118206024
65,0.0005881969118490815
66,0.0009529885137453675
67,0.0005853596376255155
68,-0.00014750321861356497
69,-0.00039121683221310377
70,-0.0010003831703215837
71,0.0004648860776796937
72,0.00009812472853809595
73,0.00021986174397170544
74,-0.000024503213353455067
75,0.0003413748927414417
76,-0.00014713010750710964
77,-0.0007567292777821422
78,-0.000023664673790335655
79,-0.0008774056332185864
80,-0.0002660871250554919
81,0.0001002233475446701
82,-0.00002196524292230606
83,-0.0003878599964082241
84,-0.00002133322414010763
85,0.0002225806238129735
86,-0.000021786196157336235
87,0.00022212823387235403
88,-0.00026616198010742664
89,-0.0005096610402688384
90,0.00022296817041933537
91,-0.000021398882381618023
92,0.00022251543123275042
93,-0.00038773659616708755
94,-0.0005090571939945221
95,-0.000020352192223072052
96,0.0003455234691500664
97,0.00010093895252794027
98,0.00022267492022365332
99,-0.000021691666916012764
100,0.00022222346160560846
101,0.00009981926996260881
102,0.00009959412273019552
103,-0.000266516231931746
104,-0.0006319762906059623
105,-0.00014305312652140856
106,-0.00002088362816721201
107,0.0002230310346931219
108,0.00010062626097351313
109,0.00010040099732577801
110,0.00010017573367804289
111,-0.0003878967836499214
112,0.00022255501244217157
113,-0.0002657347358763218
114,-0.0005092330975458026
115,0.00010143488179892302
116,0.000345132895745337
117,0.0004664355656132102
118,-0.00002228736411780119
119,-0.0002662184415385127
120,-0.000021868967451155186
121,-0.0003877619747072458
122,-0.000753005500882864
123,-0.00014190340880304575
124,0.00010222732089459896
125,0.0007118108915165067
126,0.000832463032566011
127,0.00009916618000715971
128,-0.00026694254484027624
129,-0.0006324014393612742
130,0.0003443709574639797
131,-0.0003880583681166172
132,-0.0002654533600434661
133,-0.000265027629211545
134,-0.00026460178196430206
135,0.00010170903988182545
136,0.0007112931925803423
137,0.0005880224052816629
138,0.0004649698967114091
139,0.00009821075946092606
140,-0.000511820544488728
141,-0.0001450730487704277
142,-0.00038878608029335737
143,-0.000754027278162539
144,-0.0003868474159389734
145,-0.000020319479517638683
146,0.00022359658032655716
147,0.00046707841102033854
148,-0.0001436052843928337
149,0.0001005284721031785
150,0.0002222664188593626
151,-0.00002209749072790146
152,-0.0007538753561675549
153,-0.00014277128502726555
154,0.0007111711893230677
155,0.00034397770650684834
156,0.0007092066807672381
157,0.0003420148277655244
158,-0.0005123730516061187
159,-0.00026758620515465736
160,0.0002206901554018259
161,0.00009828992187976837
162,0.00046395440585911274
163,-0.00014672614634037018
164,-0.0008782843360677361
165,0.000586771871894598
166,0.00021979771554470062
167,0.0003413223894312978
168,0.00009674474131315947
169,-0.00002543663140386343
170,-0.000025439425371587276
171,-0.0007572128670290112
172,-0.00026806769892573357
173,-0.0005115615203976631
174,-0.00026677455753088
175,-0.00002242217306047678
176,0.00034345861058682203
177,0.0002208413789048791
178,-0.0003894056426361203
179,-0.00026679784059524536
180,-0.00002244464121758938
181,-0.00014441146049648523
182,0.0004656099481508136
183,-0.0013646904844790697
184,-0.0006305389106273651
185,-0.0011173088569194078
186,0.00034817750565707684
187,0.0007134041516110301
188,-0.000019675935618579388
189,-0.0005075305234640837
190,-0.0002627463545650244
191,0.0003474887926131487
192,0.0004687923938035965
193,-0.000995624577626586
194,-0.0006280113011598587
195,0.000470721279270947
196,-0.0003838880220428109
197,0.00010460184421390295
198,-0.00013954727910459042
199,-0.00013933901209384203
200,-0.0001391309779137373
201,0.00022696272935718298
202,0.0001045584212988615
203,-0.00013959070201963186
204,-0.000017420039512217045
205,0.00022649508900940418
206,0.00046997726894915104
207,0.00022517854813486338
208,-0.00026310968678444624
209,-0.000018759164959192276
210,0.00010319589637219906
211,-0.0007507611298933625
212,-0.0003835816169157624
213,-0.0007488251430913806
214,-0.0006255710031837225
215,0.00022923655342310667
216,0.0004727165214717388
217,0.0003498772857710719
218,-0.0001386295771226287
219,-0.0002603831235319376
220,-0.0006258441135287285
221,-0.00038084539119154215
222,0.0008394136093556881
223,0.00022807647474110126
224,0.00010567193385213614
225,-0.00013847718946635723
226,0.00010565470438450575
227,0.0007152389734983444
228,-0.0006276508793234825
229,-0.00026068883016705513
230,-0.0002602633321657777
231,-0.0002598380669951439
232,-0.0006252994062379003
233,0.00010754680261015892
234,0.00010732002556324005
235,0.00010709359776228666
236,0.0001068668207153678
237,-0.0007470921846106648
238,-0.000014029676094651222
239,-0.000501887290738523
240,0.000596626428887248
241,-0.000014277989976108074
242,0.00010767427738755941
243,0.0002294095465913415
244,0.00010700454004108906
245,-0.00013714528176933527
246,0.00022894819267094135
247,-0.00013738044071942568
248,0.00022871338296681643
249,0.0001063093077391386
250,0.00010608416050672531
251,0.0004717448027804494
252,-0.000016977661289274693
253,0.00010497705079615116
254,-0.00013917090836912394
255,0.0003488865913823247
0,0.0005921530537307262
1,0.000713024870492518
2,0.00022387155331671238
3,0.0004673574585467577
4,-0.00026528467424213886
5,-0.00026485417038202286
6,-0.0005083476426079869
7,-0.0002635611454024911
8,-0.0007509792922064662
9,-0.0007496837060898542
10,-0.00013857975136488676
11,-0.00013836997095495462
12,-0.00135777925606817
13,-0.0013554024044424295
14,-0.0008651799289509654
15,-0.0012295598862692714
16,-0.0008615198312327266
17,-0.0004941311199218035
18,-0.0012250520521774888
19,-0.00012524391058832407
20,-0.0002470078179612756
21,0.0003632165025919676
22,-0.0004911861615255475
23,-0.0009781853295862675
24,-0.0008545086020603776
25,-0.0006090881070122123
26,-0.00012017902918159962
27,-0.0002419471275061369
28,-0.0004854606231674552
29,-0.0008505027508363128
30,0.0002486472949385643
31,0.0002481882693246007
32,-0.00024011777713894844
33,-0.0015812898054718971
34,-0.00035887816920876503
35,-0.0004802173934876919
36,-0.00023545441217720509
37,-0.0004789736121892929
38,-0.00035617384128272533
39,0.0002542560687288642
40,0.0006196777103468776
41,0.00037464057095348835
42,0.0001300373114645481
43,-0.0008459024829789996
44,-0.0002346043474972248
45,-0.00035616173408925533
46,-0.000721427146345377
47,-0.0005981950089335442
48,0.000012666801922023296
49,0.000012634322047233582
50,0.0008663352346047759
51,0.0004989004228264093
52,-0.0010875021107494831
53,-0.00035381014458835125
54,0.000012694043107330799
55,-0.0002312620636075735
56,-0.0007187086157500744
57,-0.00047351676039397717
58,-0.00035072164610028267
59,0.0003816654207184911
60,0.0005029418971389532
61,0.000014193239621818066
62,0.000014159712009131908
63,0.000014125951565802097
64,-0.0009616026654839516
65,-0.0012038256973028183
66,-0.0003479603910818696
67,-0.00034734688233584166
68,-0.00010281021241098642
69,0.0000193306477740407
70,0.000019292347133159637
71,0.00014121620915830135
72,0.00026292342226952314
73,0.00001852842979133129
74,-0.00132308981847018
75,-0.0005889717722311616
76,-0.0004659652477130294
77,-0.0007090625585988164
78,-0.00009799364488571882
79,0.000024142791517078876
80,0.0005119479028508067
81,0.0006330007454380393
82,-0.00009989587124437094
83,-0.00009971985127776861
84,0.000022418214939534664
85,0.0012419963022693992
86,0.000020169303752481937
87,0.0002640543971210718
88,-0.00022426561918109655
89,-0.0005897561786696315
90,-0.00010086374823004007
91,0.0008750087581574917
92,-0.00010224338620901108
93,-0.0002240268513560295
94,-0.00010167027357965708
95,0.00014243158511817455
96,0.0001421759370714426
97,-0.00010200357064604759
98,-0.00022378715220838785
99,0.0007523024687543511
100,0.00014115357771515846
101,-0.00022498692851513624
102,-0.0004685148596763611
103,0.00026408559642732143
104,0.0005075369263067842
105,0.0002627080539241433
106,0.00026223703753203154
107,-0.0001041193027049303
108,0.00013998453505337238
109,0.0003836550749838352
110,0.000382967758923769
111,-0.00022752757649868727
112,-0.00034909171517938375
113,-0.0005924006691202521
114,-0.0002254678402096033
115,0.00014081434346735477
116,0.000018598162569105625
117,0.000018561026081442833
118,0.0005063710268586874
119,0.00013958127237856388
120,0.0007491373689845204
121,0.00025995320174843073
122,-0.0003503246698528528
123,-0.0004716709954664111
124,-0.0007147628348320723
125,-0.0009574221912771463
126,-0.00010199181269854307
127,-0.0005896610673516989
128,-0.0003446923801675439
129,-0.0003440817818045616
130,0.0002663381164893508
131,0.00026586384046822786
132,0.00002146617043763399
133,-0.0005883828271180391
134,-0.0009532247204333544
135,0.000024163862690329552
136,-0.0005856880452483892
137,-0.0005846463609486818
138,-0.00009575823787599802
139,0.0003922621253877878
140,0.000879415194503963
141,0.0006339307874441147
142,0.0002669193781912327
143,-0.00034336489625275135
144,-0.0007086411351338029
145,-0.0007073817541822791
146,0.00014760938938707113
147,-0.00034049840178340673
148,-0.00046185345854610205
149,-0.00009514437988400459
150,-0.00046085799112915993
151,-0.000338073936291039
152,-0.0005813927855342627
153,0.0002733779838308692
154,0.00027289753779768944
155,0.0007602653931826353
156,0.000027147470973432064
157,0.00027102616149932146
158,0.00039250997360795736
159,0.0006357388338074088
160,0.00026872579474002123
161,-0.0009513694094493985
162,-0.00009594473522156477
163,-0.00046165729872882366
164,-0.0003388727782294154
165,0.000027618370950222015
166,-0.00021635042503476143
167,0.00027188495732843876
168,0.00027140602469444275
169,0.0008807365084066987
170,0.0007572129834443331
171,0.00002409785520285368
172,0.00026797910686582327
173,0.000023579690605401993
174,-0.000586271402426064
175,0.00014654186088591814
176,0.0005121682770550251
177,0.000023411237634718418
178,-0.000830363598652184
179,0.000024845125153660774
180,0.0007565737469121814
181,0.000389344641007483
182,-0.00034311844501644373
183,-0.00022054743021726608
184,-0.0002201554598286748
185,0.0005120075074955821
186,0.000023250351659953594
187,0.0001451711868867278
188,0.00014491297770291567
189,0.00014465488493442535
190,0.0006322447443380952
191,0.0007530821021646261
192,-0.00034591497387737036
193,0.000020582228899002075
194,-0.0005892661865800619
195,0.00038747373037040234
196,0.00014285952784121037
197,-0.00010132032912224531
198,0.000020819134078919888
199,0.0005086276214569807
200,0.0011175306281074882
201,0.00026180827990174294
202,-0.00010454736184328794
203,-0.0003482906613498926
204,-0.0007135628256946802
205,-0.00010248972102999687
206,0.0006294602062553167
207,-0.00010343303438276052
208,0.00014067022129893303
209,0.0006282638059929013
210,0.0003832189831882715
211,0.0001386088551953435
212,-0.0005934147629886866
213,0.000017443206161260605
214,0.0001393686980009079
215,0.00038303970359265804
216,-0.0009592273272573948
217,0.00001816614530980587
218,-0.000835603685118258
219,-0.0013219708343967795
220,0.0009976510191336274
221,-0.000223741983063519
222,0.000020576640963554382
223,0.000020537758246064186
224,0.0003863844322040677
225,0.00001980958040803671
226,-0.00010219041723757982
227,-0.00010201206896454096
228,-0.00046771939378231764
229,0.00014291831757873297
230,0.0006305098067969084
231,-0.0002243458293378353
232,-0.0009557220619171858
233,-0.00010029319673776627
234,-0.0002220784081146121
235,0.000632048468105495
236,0.0003870002692565322
237,0.00014238699804991484
238,-0.00034571613650768995
239,-0.00022314279340207577
240,-0.00022274814546108246
241,0.0006313788471743464
242,-0.00034543988294899464
243,-0.00022286653984338045
244,0.00002145138569176197
245,0.00026533554773777723
246,-0.00010102312080562115
247,0.0005089634796604514
248,-0.00010175234638154507
249,0.000020387815311551094
250,-0.00010161264799535275
251,0.00002052693162113428
252,-0.0007112831808626652
253,-0.00034413591492921114
254,-0.00009960168972611427
255,0.0006323456764221191
0,-0.0004664355656132102
1,-0.0005875702481716871
2,-0.000464565004222095
3,0.0002680319594219327
4,0.0002675565192475915
5,0.0003890433581545949
6,-0.00034341961145401
7,-0.00009888596832752228
8,-0.00022067234385758638
9,0.00014560529962182045
10,-0.00034250051248818636
11,-0.00034189154393970966
12,-0.00021932157687842846
13,0.000390878994949162
14,0.0006341097177937627
15,0.000023174099624156952
16,-0.0002207908546552062
17,-0.00034236034844070673
18,0.00026805803645402193
19,0.0003895439440384507
20,-0.00009899516589939594
21,0.0001451041316613555
22,-0.0007088870042935014
23,0.00014610565267503262
24,0.000023884931579232216
25,0.0007556143682450056
26,-0.00009946106001734734
27,0.00014463893603533506
28,0.000022419379092752934
29,0.0002663027262315154
30,-0.00022201903630048037
31,-0.0007094730390235782
32,-0.00034232751931995153
33,0.0005120144924148917
34,-0.000342627870850265
35,0.00038975244387984276
36,0.00002317456528544426
37,0.00002313347067683935
38,0.00038897793274372816
39,0.00026632461231201887
40,0.0002658506855368614
41,-0.00010050868149846792
42,-0.00010033161379396915
43,0.00002180726733058691
44,0.00026569096371531487
45,0.0006311031756922603
46,-0.00010179146192967892
47,-0.00010161311365664005
48,-0.0009551685070618987
49,-0.0007095497567206621
50,-0.00034240388777107
51,-0.0005857187788933516
52,-0.00009682972449809313
53,0.00014726794324815273
54,0.0006348557071760297
55,0.0001458816695958376
56,0.0002675850410014391
57,-0.0004646617453545332
58,-0.000585797824896872
59,0.000025053624995052814
60,-0.0007067610276862979
61,-0.0008274652063846588
62,-0.000825991970486939
63,0.0005170609802007675
64,0.0005161471199244261
65,0.0005152347730472684
66,0.0002703986829146743
67,0.0001479593338444829
68,-0.00046211061999201775
69,0.000026560272090137005
70,-0.00009544589556753635
71,-0.00033919711131602526
72,0.000027294503524899483
73,0.000393135123886168
74,0.00039244024083018303
75,0.0003917454741895199
76,-0.0003407195908948779
77,-0.00021815078798681498
78,-0.0007056081667542458
79,0.00014938157983124256
80,0.0008808911079540849
81,0.0003914815606549382
82,-0.0003409832715988159
83,0.00002550950739532709
84,-0.00009649572893977165
85,-0.00009632215369492769
86,0.0005136602558195591
87,0.00026882614474743605
88,0.00026834977325052023
89,0.00038983579725027084
90,-0.0007085134275257587
91,0.0000245171831920743
92,-0.00009748723823577166
93,0.00026857247576117516
94,0.0006339822430163622
95,0.00038893241435289383
96,-0.00022156827617436647
97,-0.0007090229773893952
98,-0.0003418778069317341
99,0.00026853999588638544
100,0.00002413999754935503
101,0.000024097971618175507
102,-0.00009790598414838314
103,0.0003901160089299083
104,0.000755309360101819
105,0.0005100435810163617
106,-0.0009544068016111851
107,-0.00046486477367579937
108,-0.00009815325029194355
109,-0.0002199402078986168
110,0.00002437504008412361
111,-0.0002195910783484578
112,0.00014668575022369623
113,-0.00009749724995344877
114,0.0008783719968050718
115,0.0011207358911633492
116,0.0001430489355698228
117,0.0005086783785372972
118,0.00001992459874600172
119,-0.00034599960781633854
120,-0.0005893114721402526
121,0.0001435049343854189
122,0.00014324800577014685
123,0.0003869155189022422
124,0.0005081879207864404
125,0.0003853203961625695
126,-0.00010321545414626598
127,-0.0004689217312261462
128,-0.0004680922720581293
129,-0.0005892253248021007
130,-0.0004662189166992903
131,0.0001444177469238639
132,-0.00046564906369894743
133,0.0005108724581077695
134,0.0005099647678434849
135,0.0005090570775792003
136,-0.00010165863204747438
137,-0.0007112902821972966
138,-0.0005880668759346008
139,-0.000708984793163836
140,-0.0003418397391214967
141,-0.0005851552123203874
142,-0.00034019025042653084
143,0.00039218796882778406
144,0.0005134553648531437
145,-0.00009726430289447308
146,-0.00021905219182372093
147,-0.00034062331542372704
148,0.0002697933232411742
149,0.00002539216075092554
150,-0.0005844604456797242
151,0.00039227516390383244
152,-0.00021822855342179537
153,-0.00009587686508893967
154,-0.0005835514748468995
155,0.00014925969298928976
156,-0.00046081142500042915
157,-0.00045998941641300917
158,-0.0003372057108208537
159,0.00027320755179971457
160,-0.00009315821807831526
161,-0.0014345685485750437
162,0.0002754522720351815
163,0.0002749701961874962
164,0.0003964502830058336
165,0.000029866350814700127
166,0.000029819202609360218
167,-0.0005800374783575535
168,-0.0011888104490935802
169,-0.00008903397247195244
170,-0.00021082896273583174
171,-0.0005763317458331585
172,-0.00020941265393048525
173,0.000644702697172761
174,0.0002776815090328455
175,0.00003327347803860903
176,-0.0003326627193018794
177,0.0006436323747038841
178,-0.0005771211581304669
179,-0.0003321634139865637
180,0.0005221690516918898
181,0.00003340328112244606
182,0.0006431621732190251
183,0.0006420280551537871
184,-0.0017983431462198496
185,0.000034288037568330765
186,0.0002781604416668415
187,0.00015571352560073137
188,0.00027740816585719585
189,-0.0004548475844785571
190,-0.0004540305817499757
191,-0.001306947902776301
192,-0.0005728441756218672
193,-0.00020592845976352692
194,0.0006481835152953863
195,0.00015919713769108057
196,-0.0002069592010229826
197,-0.0003285415004938841
198,-0.000327945570461452
199,-0.00008342601358890533
200,0.0004045830573886633
201,-0.00032789423130452633
202,-0.00020533683709800243
203,-0.00020495837088674307
204,0.00016130483709275723
205,0.00016103230882436037
206,0.00016075954772531986
207,0.00003852532245218754
208,0.00016043183859437704
209,0.0000381979625672102
210,0.0008918762905523181
211,0.0002804944524541497
212,-0.0003298022784292698
213,-0.0000852813245728612
214,0.00028076732996851206
215,-0.00008560565765947104
216,-0.0006952522089704871
217,-0.00032811949495226145
218,0.00003836164250969887
219,0.00040419213473796844
220,0.0002815243788063526
221,0.00015907466877251863
222,0.00003684149123728275
223,0.00028071156702935696
224,0.00015826220624148846
225,0.00040191574953496456
226,-0.00020859739743173122
227,-0.00008625478949397802
228,-0.00008609110955148935
229,0.0004019202897325158
230,-0.001062326249666512
231,0.0001591907348483801
232,-0.0003289279993623495
233,-0.0005722559290006757
234,0.00016054452862590551
235,0.0005261576734483242
236,-0.00008457398507744074
237,-0.000450297724455595
238,-0.0006934091215953231
239,-0.0008141262223944068
240,-0.0002028562594205141
241,-0.00008051877375692129
242,0.0002855253405869007
243,0.00004110985901206732
244,0.00028497539460659027
245,0.0005284079816192389
246,0.00003963569179177284
247,-0.00032630679197609425
248,-0.0005696371663361788
249,-0.0016662675188854337
250,-0.0005656342254951596
251,-0.0001987256109714508
252,-0.0006862016161903739
253,0.0006566176889464259
254,0.0005335088353604078
255,0.0005325797246769071
0,0.00004380370955914259
1,-0.0006880282890051603
2,-0.00007697904948145151
3,0.00004513817839324474
4,0.0001670380588620901
5,-0.00007716426625847816
6,0.00004495296161621809
7,0.00028881465550512075
8,0.0006542055634781718
9,-0.0002006726572290063
10,0.0002875479403883219
11,0.000287054106593132
12,-0.0008110967464745045
13,-0.000687677413225174
14,-0.00007662863936275244
15,-0.0004423597129061818
16,-0.0019050976261496544
17,0.0007814689306542277
18,-0.00007363094482570887
19,0.00017044437117874622
20,-0.0008055322105064988
21,0.0001716151600703597
22,0.00017133227083832026
23,-0.0004387596854940057
24,-0.0003159967018291354
25,-0.0001934508327394724
26,-0.0000711225438863039
27,0.0006607981631532311
28,0.00017179956194013357
29,0.00029347825329750776
30,-0.0001948690041899681
31,-0.00043842499144375324
32,0.00017218536231666803
33,0.0004158254014328122
34,0.0002931465860456228
35,0.00017068511806428432
36,0.00029236485715955496
37,0.00016990385483950377
38,0.000291584525257349
39,-0.0003187234979122877
40,-0.0003181374631822109
41,-0.0008053994970396161
42,-0.0008039475651457906
43,-0.0006805352168157697
44,0.0007842400809749961
45,0.00005109922494739294
46,0.00017299293540418148
47,0.000050746602937579155
48,0.00005067908205091953
49,0.00041649711783975363
50,-0.00019403023179620504
51,-0.0006815111264586449
52,-0.000558316009119153
53,-0.00043533893767744303
54,-0.0003125790972262621
55,-0.00019003695342689753
56,0.000054249423556029797
57,0.0004200644325464964
58,0.00017541937995702028
59,0.00005317071918398142
60,-0.0006786708254367113
61,-0.00043351645581424236
62,-0.00006683496758341789
63,0.00005527178291231394
64,0.00029912381432950497
65,0.00005469436291605234
66,0.00017658481374382973
67,0.00042022019624710083
68,0.0006634228629991412
69,0.00005245883949100971
70,-0.0001915344037115574
71,-0.00043509434908628464
72,-0.0004342971369624138
73,0.00042023230344057083
74,0.0004195107612758875
75,0.00029682787135243416
76,-0.00006956164725124836
77,0.0005403950344771147
78,0.0005394582403823733
79,0.0005385222611948848
80,0.00041562493424862623
81,0.00004902167711406946
82,0.00004895497113466263
83,-0.0003169976407662034
84,0.0004153571790084243
85,-0.00019516947213560343
86,-0.0001948028802871704
87,-0.0020238645374774933
88,0.00041899061761796474
89,0.0002963076112791896
90,0.00017384253442287445
91,-0.00019232952035963535
92,0.00017392041627317667
93,0.0002955961972475052
94,-0.0003147164825350046
95,-0.00019217340741306543
96,0.0002960384590551257
97,0.0004174966597929597
98,-0.00007107027340680361
99,0.0005388869903981686
100,0.000659913057461381
101,-0.0003169340780004859
102,-0.0008041985565796494
103,0.000050984323024749756
104,-0.000802817870862782
105,-0.001533141010440886
106,-0.0000668505672365427
107,0.000665064319036901
108,0.0005419461522251368
109,0.0001751217059791088
110,0.0004187577869743109
111,-0.0003137348685413599
112,0.0002966547617688775
113,0.000418112613260746
114,-0.00043634127359837294
115,-0.0008014297345653176
116,-0.0010439067846164107
117,-0.00018829444888979197
118,-0.0003098960733041167
119,-0.00018735777121037245
120,0.00017888715956360102
121,0.00005663407500833273
122,-0.00018736429046839476
123,0.0005447663133963943
124,0.00042186270002275705
125,0.00017721473705023527
126,-0.0004328847862780094
127,-0.00031012867111712694
128,-0.0004315142286941409
129,0.0005449735326692462
130,-0.00006577756721526384
131,-0.0001875970046967268
132,-0.0001872378634288907
133,0.00017900648526847363
134,-0.00006520911119878292
135,0.00017885689157992601
136,-0.0003092826809734106
137,-0.0005526305176317692
138,0.000058187288232147694
139,0.000058110919781029224
140,-0.0005517742829397321
141,0.00005904247518628836
142,-0.0001849578693509102
143,0.00030324608087539673
144,0.0005466591101139784
145,0.0003017914714291692
146,0.00042324373498559
147,0.00030055618844926357
148,0.000056123826652765274
149,0.0005438969237729907
150,-0.00031077791936695576
151,-0.0005541250575333834
152,0.00005669379606842995
153,0.0006664281245321035
154,-0.00006650190334767103
155,0.00017756444867700338
156,-0.00018861214630305767
157,0.00017763313371688128
158,0.0011530367191880941
159,0.00005335535388439894
160,0.00041916826739907265
161,-0.00043528724927455187
162,0.00017531728371977806
163,0.00041895220056176186
164,0.000052344053983688354
165,0.0006620819913223386
166,-0.00031476840376853943
167,-0.00007026467937976122
168,0.00017380446661263704
169,-0.0009241402149200439
170,0.0002971414942294359
171,-0.0003131735138595104
172,-0.00006867176853120327
173,0.00029735814314335585
174,0.000052928226068615913
175,-0.000678915181197226
176,-0.00006787781603634357
177,0.0006640373030677438
178,0.0006628800183534622
179,0.000539761851541698
180,0.0002948995679616928
181,0.00029439583886414766
182,-0.00043787958566099405
183,-0.00019315839745104313
184,-0.0005586810875684023
185,0.00005214102566242218
186,-0.00043577817268669605
187,-0.0001910589635372162
188,0.000053225900046527386
189,0.000784924253821373
190,0.00041766557842493057
191,0.00005105813033878803
192,-0.0011686318321153522
193,0.00005308364052325487
194,0.0006628204137086868
195,0.000051854876801371574
196,0.00017374474555253983
197,0.0001734563848003745
198,0.0006610158598050475
199,-0.00019387213978916407
200,-0.000315470970235765
201,-0.0000709673622623086
202,-0.00043670739978551865
203,-0.00031394942197948694
204,-0.00006944756023585796
205,0.0001746207708492875
206,0.000052369432523846626
207,-0.0004355505807325244
208,0.0009068251820281148
209,0.00017346360255032778
210,-0.00031467259395867586
211,-0.0003140935441479087
212,0.00005237036384642124
213,0.00041818362660706043
214,-0.0004362724721431732
215,-0.0008013626793399453
216,-0.0004340322921052575
217,-0.001530896290205419
218,-0.000064610387198627
219,0.0005453388439491391
220,-0.00006541470065712929
221,-0.00030919816344976425
222,0.000057261670008301735
223,-0.0001867394894361496
224,-0.00018638279289007187
225,-0.00006406474858522415
226,-0.0003078493755310774
227,0.00030253268778324127
228,-0.00018582690972834826
229,0.00018041441217064857
230,-0.000429689884185791
231,0.0003028704086318612
232,-0.00018548918887972832
233,0.00018075143452733755
234,0.000058494508266448975
235,-0.00018550781533122063
236,-0.00042907625902444124
237,0.0005474071949720383
238,0.0001805748324841261
239,0.00018027995247393847
240,-0.00006393913645297289
241,0.00030208518728613853
242,0.0004235354717820883
243,-0.0003089640522375703
244,0.00005749473348259926
245,0.00017937913071364164
246,0.00042300857603549957
247,-0.00006556673906743526
248,0.0003004589816555381
249,0.00017798645421862602
250,-0.00043211609590798616
251,0.00005652208346873522
252,0.00042233068961650133
253,0.0004216035595163703
254,0.00042087724432349205
255,-0.0001896582543849945
0,-0.0003112617414444685
1,-0.0004326488124206662
2,-0.0003098956076428294
3,0.00030048738699406385
4,0.00005605269689112902
5,-0.0003099094610661268
6,-0.00006541225593537092
7,0.0003006128827109933
8,-0.0005536312237381935
9,0.000057184952311217785
10,0.000057107419706881046
11,-0.00030885636806488037
12,-0.0004302456509321928
13,0.00005839054938405752
14,-0.0005514979129657149
15,-0.00018460734281688929
16,-0.0001842539058998227
17,0.000060023157857358456
18,0.000181904761120677
19,-0.0006721261888742447
20,-0.0005489436443895102
21,0.00018382992129772902
22,0.00006156903691589832
23,0.0009152201237156987
24,-0.0001840359764173627
25,-0.000427606632001698
26,0.00006102677434682846
27,0.00030486879404634237
28,0.00030435400549322367
29,-0.0005498941754922271
30,0.00030484236776828766
31,0.0004262888105586171
32,0.0004255574895069003
33,0.00018090277444571257
34,-0.000185279524885118
35,-0.00042884936556220055
36,-0.00042806274723261595
37,-0.0003053141990676522
38,-0.00030474597588181496
39,-0.000060253660194575787
40,0.0004277279367670417
41,0.0006709188455715775
42,0.0004258292028680444
43,-0.0011604063911363482
44,0.00006129918619990349
45,-0.0000607447000220418
46,-0.00042649602983146906
47,-0.0005476733203977346
48,-0.0001807870576158166
49,0.0003074097912758589
50,-0.000180955627001822
51,0.00006331782788038254
52,0.00006323342677205801
53,-0.00018077436834573746
54,-0.0003023870522156358
55,-0.000057897414080798626
56,-0.00005776586476713419
57,0.0003082514740526676
58,0.0005516563542187214
59,0.00018481898587197065
60,-0.0005472530610859394
61,-0.0011560629354789853
62,-0.00005632301326841116
63,0.0005536165554076433
64,0.00018677732441574335
65,0.0001864745281636715
66,-0.0004236375680193305
67,0.00006499188020825386
68,0.000430791056714952
69,0.00018613110296428204
70,-0.0001800566678866744
71,0.00006421515718102455
72,0.00018609152175486088
73,0.00006382749415934086
74,0.000185703975148499
75,0.0003073636908084154
76,-0.00005904003046452999
77,-0.000668717548251152
78,-0.0006675017066299915
79,-0.0004223634023219347
80,-0.0002996213734149933
81,0.00018878886476159096
82,0.00043240771628916264
83,0.0007975553162395954
84,-0.0003014893736690283
85,-0.0003009253414347768
86,-0.00030036165844649076
87,-0.0009096079738810658
88,0.0003116572042927146
89,0.0005550584755837917
90,-0.00042159250006079674
91,0.00043291994370520115
92,0.0004321810556575656
93,0.0012851761421188712
94,-0.00018062139861285686
95,-0.00030223489739000797
96,-0.0000577468890696764
97,0.00043023121543228626
98,0.0005514565855264664
99,0.00030658021569252014
100,-0.00030374794732779264
101,0.0009164370130747557
102,0.00018306332640349865
103,-0.00006116088479757309
104,-0.00018298905342817307
105,-0.00018263945821672678
106,-0.0005481751868501306
107,0.00006263365503400564
108,0.0004284342285245657
109,0.00006181339267641306
110,-0.0004261184949427843
111,0.00042839732486754656
112,0.0009155096486210823
113,0.00054802221711725
114,0.00005922466516494751
115,0.00005914259236305952
116,0.00018102233298122883
117,0.00042464735452085733
118,-0.0004298182902857661
119,-0.00042903225403279066
120,-0.0006721710087731481
121,-0.00006114388816058636
122,0.0007927223341539502
123,0.000669376109726727
124,-0.00006356183439493179
125,-0.0004293121164664626
126,-0.0005504891742020845
127,0.00006032153032720089
128,-0.0003056473797187209
129,-0.00006115669384598732
130,-0.00030494772363454103
131,-0.0000604577362537384
132,-0.0003042494645342231
133,-0.0005476077785715461
134,-0.00018072337843477726
135,-0.00005841453094035387
136,-0.0004241695860400796
137,0.0003083819756284356
138,-0.000058024656027555466
139,-0.0004237801767885685
140,0.0005526948953047395
141,0.0004297778941690922
142,0.0005510030314326286
143,0.0000622021034359932
144,-0.0009135785512626171
145,-0.0003021208103746176
146,-0.0003015573602169752
147,-0.000300994492135942
148,-0.000422394135966897
149,0.0004321176093071699
150,-0.000056469347327947617
151,0.00030954473186284304
152,0.0009188316762447357
153,-0.00030239264015108347
154,0.00030798022635281086
155,-0.00042431207839399576
156,-0.000057646422646939754
157,0.0005522922147065401
158,0.00030741363298147917
159,-0.0005468400195240974
160,-0.0004238809924572706
161,-0.000057215685956180096
162,0.00030879827681928873
163,-0.000057608820497989655
164,-0.00005748018156737089
165,0.00006461050361394882
166,-0.0003013631794601679
167,0.0004309701034799218
168,-0.00017957808449864388
169,0.0003086149226874113
170,0.00018613145221024752
171,0.00006386474706232548
172,-0.00005818484351038933
173,0.00042979198042303324
174,-0.000790564576163888
175,-0.000057363416999578476
176,-0.0003011587541550398
177,0.0006750981556251645
178,-0.00005784595850855112
179,-0.00017967901658266783
180,-0.000057371798902750015
181,0.00018668011762201786
182,0.0006742223631590605
183,0.0006730502936989069
184,-0.0001818537712097168
185,-0.00018150685355067253
186,-0.00030312174931168556
187,0.00006332714110612869
188,0.00042912515345960855
189,0.00030642561614513397
190,0.00006198172923177481
191,0.0005497429519891739
192,-0.0000610200222581625
193,-0.0006706981221213937
194,-0.00042555935215204954
195,-0.0005467409500852227
196,0.0001860263291746378
197,-0.00018016435205936432
198,-0.0003017808776348829
199,-0.00005729519762098789
200,0.00006479420699179173
201,0.0001866673119366169
202,0.0007961710216477513
203,0.0003069340018555522
204,0.00018445122987031937
205,-0.0001817384036257863
206,-0.0006692393217235804
207,-0.00005821674130856991
208,-0.0003020120784640312
209,-0.00005752651486545801
210,-0.00005739869084209204
211,-0.0006670807488262653
212,0.000553749967366457
213,0.0005527919856831431
214,0.00006398838013410568
215,-0.00018002430442720652
216,-0.0001796793658286333
217,0.0006743983831256628
218,0.00018537789583206177
219,-0.00030277471523731947
220,0.0003075969871133566
221,0.00006315112113952637
222,0.0003069868544116616
223,0.0006723508704453707
224,-0.00030451558995991945
225,-0.0003039516741409898
226,-0.0000594649463891983
227,-0.00018129777163267136
228,-0.0003029139479622245
229,0.00018549570813775063
230,0.0003071526298299432
231,0.0006725159473717213
232,0.0004274207167327404
233,0.00030472176149487495
234,-0.00006168370600789785
235,-0.00030547648202627897
236,-0.00042687414679676294
237,-0.00018216995522379875
238,-0.00005986157339066267
239,-0.0005475799553096294
240,0.000307149370200932
241,0.00018466543406248093
242,0.0005502460990101099
243,0.0003053677501156926
244,-0.000914771924726665
245,-0.0009131244150921702
246,-0.0005455930950120091
247,-0.000056751188822090626
248,0.00018729886505752802
249,-0.00005693221464753151
250,0.0003090798854827881
251,-0.00005732977297157049
252,-0.00017916515935212374
253,-0.0004227453609928489
254,-0.0009098165901377797
255,0.00018948293291032314
0,-0.00029867375269532204
1,0.00006776966620236635
2,0.00006767676677554846
3,0.0004334694240242243
4,-0.00042100693099200726
5,0.0003115392755717039
6,0.0003110127290710807
7,0.0010422582272440195
8,-0.00042311043944209814
9,-0.00005644839257001877
10,0.00030956300906836987
11,0.0005529621848836541
12,-0.000057805213145911694
13,-0.0007894500158727169
14,-0.000056251417845487595
15,0.00030975963454693556
16,0.0001872724387794733
17,0.00006500305607914925
18,0.0005527596222236753
19,0.0005518015241250396
20,-0.0009126978693529963
21,-0.00030124373733997345
22,0.000065201660618186
23,-0.00030077528208494186
24,0.0001876315800473094
25,0.0003092848928645253
26,0.00018679851200431585
27,0.0005523762665688992
28,0.00006357126403599977
29,0.000307405018247664
30,0.003355929162353277
31,-0.0003088690573349595
32,-0.0006741886027157307
33,0.0006686078850179911
34,-0.000308256596326828
35,0.00042408041190356016
36,0.0003013832028955221
37,0.0003008649218827486
38,-0.00018750003073364496
39,-0.00018715031910687685
40,0.0010328179923817515
41,-0.0004325427580624819
42,-0.002870996482670307
43,0.0018906359327957034
44,-0.0012837124522775412
45,-0.003354765707626939
46,0.0004320350708439946
47,0.0007971776649355888
48,0.00006401422433555126
49,-0.00030196201987564564
50,0.00030840723775327206
51,0.0001859208568930626
52,0.00006365159060806036
53,0.0006733705522492528
54,-0.0003034983528777957
55,-0.000059013720601797104
56,-0.00018084852490574121
57,-0.0001805048668757081
58,-0.00042408553417772055
59,-0.0001793854171410203
60,-0.00005708134267479181
61,0.00030892970971763134
62,-0.0004233669023960829
63,0.00018721818923950195
64,0.00030887138564139605
65,0.00043030804954469204
66,0.00006368092726916075
67,0.0001855521695688367
68,-0.0006684884428977966
69,-0.0006672783056274056
70,-0.0006660692160949111
71,0.00018887186888605356
72,0.0003105234354734421
73,-0.00029981276020407677
74,0.0003105538198724389
75,0.0001880651107057929
76,0.0006756029324606061
77,0.0003085408825427294
78,-0.00005787028931081295
79,-0.00017970625776797533
80,-0.00042328820563852787
81,-0.0005444746930152178
82,0.00018828792963176966
83,0.0000660159857943654
84,0.00030984648037701845
85,0.0004312819801270962
86,0.0004305390175431967
87,0.0005517586832866073
88,-0.000059008714742958546
89,0.0005509268958121538
90,-0.00005983992014080286
91,-0.00042559881694614887
92,0.00018498790450394154
93,0.0003066422650590539
94,-0.00005976739339530468
95,0.0006721309619024396
96,0.0007929191924631596
97,-0.00006220361683517694
98,-0.0004279605345800519
99,0.0003045900957658887
100,0.00006014422979205847
101,0.0005479035899043083
102,0.00018106272909790277
103,0.00005879695527255535
104,0.00005870976019650698
105,-0.0003072628751397133
106,0.0009129195241257548
107,0.0006673911120742559
108,0.00017837376799434423
109,0.00005610985681414604
110,-0.00043182214722037315
111,0.0005446551367640495
112,-0.00043199246283620596
113,-0.00018728594295680523
114,0.0000569857656955719
115,0.00005690031684935093
116,0.000544662238098681
117,0.0005437099607661366
118,0.000054910662584006786
119,-0.00031105882953852415
120,-0.0004324541660025716
121,-0.0004316715057939291
122,-0.0010406987275928259
123,-0.0010388337541371584
124,0.0003046103520318866
125,0.0006699736695736647
126,0.0005468390882015228
127,0.0000580373452976346
128,0.0006677601486444473
129,-0.0005530293565243483
130,-0.00030810735188424587
131,0.00018030393403023481
132,0.00005803827662020922
133,0.000057951430790126324
134,0.00005786493420600891
135,0.0011554351076483727
136,0.0006655503530055285
137,0.0006643818924203515
138,0.00041929061990231276
139,0.000662481295876205
140,-0.00043634139001369476
141,-0.00043555558659136295
142,-0.0009226180845871568
143,-0.0004331188974902034
144,-0.0000664503313601017
145,0.000055643729865550995
146,0.000543406349606812
147,0.00042049307376146317
148,0.00005387293640524149
149,-0.0009219052735716105
150,-0.0012861404102295637
151,-0.000795993022620678
152,-0.0005506391171365976
153,-0.0005496430676430464
154,-0.00006080081220716238
155,0.0003052117535844445
156,0.000670574139803648
157,0.00018155318684875965
158,0.00018124806229025126
159,0.00018094293773174286
160,-0.00018524716142565012
161,-0.00030686368700116873
162,-0.0006721869576722383
163,-0.0004270510980859399
164,-0.00018235028255730867
165,0.0003058405127376318
166,0.0010370878735557199
167,0.0009133017156273127
168,-0.0001859611365944147
169,-0.0007954244501888752
170,-0.00018418522085994482
171,0.0004259690176695585
172,0.0001813056878745556
173,0.0004249243065714836
174,0.00018026214092969894
175,-0.000307890004478395
176,0.0005464062560349703
177,-0.0007961293449625373
178,-0.00018488988280296326
179,0.000059379381127655506
180,-0.00006267137359827757
181,0.0003033428220078349
182,-0.00006306520663201809
183,0.0003029489889740944
184,0.00018046516925096512
185,0.00005819881334900856
186,0.00030203466303646564
187,-0.00018633378203958273
188,-0.0005518733523786068
189,0.0003028562059625983
190,-0.00018551305402070284
191,-0.00018516764976084232
192,-0.0001848222455009818
193,-0.00042840116657316685
194,-0.00030566100031137466
195,0.0005486326990649104
196,0.0006696376949548721
197,0.00030257890466600657
198,0.000058133271522819996
199,0.00005804572720080614
200,0.0003018815768882632
201,-0.0000645252875983715
202,0.0005454139318317175
203,-0.00018731201998889446
204,0.00017892057076096535
205,0.00005665526259690523
206,0.00005656864959746599
207,0.0004223678261041641
208,0.0001777075231075287
209,0.00017740472685545683
210,-0.00006682111416012049
211,0.0006650815485045314
212,0.00017606467008590698
213,0.00005380180664360523
214,-0.00006824405863881111
215,0.00029777397867292166
216,0.00029725651256740093
217,-0.00043503218330442905
218,-0.0005562101723626256
219,0.0004204845754429698
220,-0.0003120220499113202
221,0.00005442975088953972
222,-0.00006761704571545124
223,0.00005447689909487963
224,0.000420277938246727
225,0.0006634666351601481
226,0.0001744512701407075
227,-0.00006977270822972059
228,-0.00006963859777897596
229,0.00029638083651661873
230,-0.00019198330119252205
231,0.0006621007341891527
232,-0.00007083709351718426
233,-0.0005585498875007033
234,-0.0008014721097424626
235,-0.00006826641038060188
236,0.00005382776726037264
237,0.000053743598982691765
238,0.0005415069172158837
239,0.0000527077354490757
240,-0.00019129901193082333
241,0.00017493660561740398
242,-0.003118335152976215
243,0.00042411196045577526
244,-0.00006447441410273314
245,0.0007893881993368268
246,0.0007879995973780751
247,0.0005426888819783926
248,-0.0006778825772926211
249,-0.0007986283162608743
250,-0.00043131120037287474
251,0.0003012401284649968
252,-0.00018712866585701704
253,0.0003010653890669346
254,0.00017858273349702358
255,0.00017827877309173346
0,0.000787784461863339
1,0.0001765881897881627
2,-0.00018959958106279373
3,-0.00043317500967532396
4,0.00017741613555699587
5,-0.00031073426362127066
6,-0.00018820806872099638
7,-0.0004317846614867449
8,-0.0004310042131692171
9,0.0003015465335920453
10,0.0010327964555472136
11,0.00005527969915419817
12,-0.0003106920048594475
13,0.00005575781688094139
14,-0.00006629026029258966
15,0.00017776386812329292
16,-0.00031038711313158274
17,-0.0003098233137279749
18,-0.00018729758448898792
19,-0.000552837154828012
20,0.00005796831101179123
21,0.0005457275547087193
22,0.0001788862282410264
23,0.00042250577826052904
24,-0.00018804124556481838
25,0.0003001531586050987
26,-0.00018821482080966234
27,0.00005605549085885286
28,-0.00006599293556064367
29,0.0004219843540340662
30,0.0006651709554716945
31,0.0005420391680672765
32,-0.0001906846882775426
33,0.00017555023077875376
34,-0.00031259888783097267
35,0.0007856239099055529
36,-0.00043538061436265707
37,-0.0016542163211852312
38,-0.00018772354815155268
39,0.0006663560634478927
40,0.0007871466223150492
41,0.00017595046665519476
42,0.00005368643905967474
43,-0.0001903220545500517
44,-0.0006778212264180183
45,0.0002990893553942442
46,-0.0006771255284547806
47,0.00042174593545496464
48,0.000055123353376984596
49,-0.00006692495662719011
50,0.0005430149612948298
51,0.00005421426612883806
52,-0.0004337189020588994
53,-0.00031097535975277424
54,0.00005547422915697098
55,-0.000310497940517962
56,0.00017791346181184053
57,0.00017760938499122858
58,0.0002992678200826049
59,0.0006646333495154977
60,0.0006634634919464588
61,-0.0000694766640663147
62,-0.0003132676938548684
63,-0.00031270168256014585
64,-0.000556059880182147
65,-0.00006721389945596457
66,-0.0006768924649804831
67,-0.0006756784860044718
68,0.000057306140661239624
69,0.00005721778143197298
70,0.00017909135203808546
71,0.0005446717841550708
72,-0.0003100164467468858
73,-0.000431415275670588
74,-0.0004306358750909567
75,0.0006677997298538685
76,-0.00006514438427984715
77,-0.00006501597817987204
78,-0.0006746966391801834
79,0.0003022104501724243
80,0.0003016877453774214
81,0.0006670508300885558
82,-0.00030981656163930893
83,0.00005663209594786167
84,-0.0006752274930477142
85,-0.00043009116780012846
86,-0.00030735123436897993
87,0.00018105714116245508
88,0.00018074980471283197
89,0.0004243671428412199
90,0.00005774141754955053
91,-0.0001862713834270835
92,0.00042388250585645437
93,-0.0004305901238694787
94,0.0004239211557433009
95,0.00017925782594829798
96,-0.0007967427372932434
97,0.00005841953679919243
98,-0.00018559431191533804
99,0.0004245591117069125
100,0.0005457806400954723
101,0.0005448245210573077
102,0.00005602114833891392
103,-0.0006758375093340874
104,-0.000674624927341938
105,0.0006681678351014853
106,-0.0001867390237748623
107,-0.0004303178284317255
108,-0.00018561643082648516
109,0.0006684608524665236
110,0.00005747727118432522
111,0.00017935014329850674
112,0.000666891923174262
113,-0.0003099754685536027
114,0.0001784345367923379
115,0.0007879391778260469
116,0.0005426269490271807
117,0.00041971122846007347
118,0.0001750511582940817
119,0.0009065205231308937
120,-0.00019273837096989155
121,0.0001734970137476921
122,0.00017319642938673496
123,0.0004168199375271797
124,0.00005020073149353266
125,0.0002940415870398283
126,0.00004960177466273308
127,-0.00031636632047593594
128,-0.0010475694434717298
129,0.0029790408443659544
130,0.0005345171084627509
131,0.00016768474597483873
132,-0.00007653445936739445
133,-0.0003203203668817878
134,0.0002900609979405999
135,0.0006554339779540896
136,0.0004103475948795676
137,-0.00032215157989412546
138,0.00016626925207674503
139,-0.00007794878911226988
140,0.0007759238360449672
141,0.0007745460607111454
142,0.00040728377643972635
143,0.0005285203224048018
144,-0.00032615428790450096
145,-0.001667157979682088
146,-0.0008104646112769842
147,-0.0005651001119986176
148,0.0002896387595683336
149,0.0005330505082383752
150,0.0005321052158251405
151,0.0007750843651592731
152,-0.0004459116607904434
153,-0.0023965102154761553
154,0.000046986155211925507
155,0.000046906410716474056
156,-0.0003190593561157584
157,-0.00019652675837278366
158,0.0005355977918952703
159,0.00004680256824940443
160,0.0004126084968447685
161,0.0004118784563615918
162,0.00004526355769485235
163,-0.0008085481822490692
164,-0.00019729998894035816
165,0.00041286367923021317
166,0.0005340953357517719
167,-0.00044254609383642673
168,-0.00044175784569233656
169,-0.00007508404087275267
170,0.00029093818739056587
171,0.0007782726315781474
172,0.0004110069712623954
173,0.000044392538256943226
174,-0.0005654945271089673
175,-0.00007664109580218792
176,-0.0003204263048246503
177,0.00016799266450107098
178,0.000045734806917607784
179,0.00041154189966619015
180,0.000532774836756289
181,-0.00019994191825389862
182,-0.00044350919779390097
183,0.0005329749546945095
184,-0.0004436654271557927
185,-0.0005648378282785416
186,-0.0004418703028932214
187,-0.0001971587771549821
188,0.000047118752263486385
189,0.00004703877493739128
190,0.00029088230803608894
191,0.0005342927761375904
192,-0.00044234900269657373
193,-0.0005635225679725409
194,0.000047291163355112076
195,0.00016917299944907427
196,0.0007786853238940239
197,0.00004553340841084719
198,-0.00032043084502220154
199,-0.00031985912937670946
200,0.0002905211877077818
201,0.0005339318886399269
202,0.00028906192164868116
203,-0.0006871451623737812
204,-0.0005639606388285756
205,-0.0006849180208519101
206,0.00017003598622977734
207,-0.00007418578024953604
208,0.0000479123555123806
209,0.0006576405139639974
210,0.0007784382905811071
211,-0.00032059906516224146
212,-0.0006859131390228868
213,-0.0004407678497955203
214,-0.0006839047418907285
215,-0.00019483768846839666
216,0.00029336148872971535
217,0.00017088372260332108
218,-0.000317262252792716
219,-0.0003166936803609133
220,0.0006595697486773133
221,0.0001705557806417346
222,-0.0006834756350144744
223,-0.0001944086980074644
224,-0.00019405782222747803
225,0.00017217861022800207
226,0.00041580270044505596
227,0.00017114588990807533
228,0.00004888512194156647
229,0.0006586131639778614
230,0.000779409077949822
231,0.00041214271914213896
232,-0.00044232048094272614
233,-0.00007564655970782042
234,-0.00031943328212946653
235,0.00004702317528426647
236,0.00041282852180302143
237,0.000168174272403121
238,0.000533763668499887
239,0.0006547796074301004
240,-0.00007815414573997259
241,0.00016590929590165615
242,-0.00007830874528735876
243,0.0002877165097743273
244,-0.0002006420399993658
245,-0.0004442090867087245
246,0.0004103138344362378
247,-0.0008100331760942936
248,-0.00019878358580172062
249,0.0008992282673716545
250,0.0007756702834740281
251,0.000042520929127931595
252,0.000286368653178215
253,-0.000689835986122489
254,-0.0002007639268413186
255,0.0002874404890462756
0,-0.00032287940848618746
1,-0.0002003442496061325
2,0.00028785993345081806
3,0.0001653869403526187
4,-0.00020079233217984438
5,0.00004348799120634794
6,-0.0005663984920829535
7,-0.0001995061757043004
8,-0.0008089599432423711
9,0.0007779835723340511
10,-0.0008089006878435612
11,-0.0005635381676256657
12,-0.0003186101093888283
13,0.0006576548330485821
14,0.00004668068140745163
15,0.0000466005876660347
16,0.0009002542356029153
17,-0.00044292397797107697
18,-0.00019821140449494123
19,0.00004606693983078003
20,-0.0001979363150894642
21,-0.00031954399310052395
22,0.0004127980209887028
23,0.0018756104400381446
24,-0.00020107242744415998
25,-0.0004446394741535187
26,-0.00019992550369352102
27,0.0001663161674514413
28,0.000044059474021196365
29,0.000409867730922997
30,-0.00044459314085543156
31,-0.00032184168230742216
32,-0.00032126845326274633
33,-0.00007677287794649601
34,0.000045327236875891685
35,0.0006550579564645886
36,0.0006538956658914685
37,0.000042924657464027405
38,-0.0005669613601639867
39,-0.00044399232137948275
40,0.0001666066236793995
41,0.00041023583617061377
42,0.0006534309359267354
43,0.0005303084617480636
44,0.00004151766188442707
45,-0.0005683670751750469
46,-0.0003234349424019456
47,-0.0006887466879561543
48,0.00004424841608852148
49,0.0005320183699950576
50,-0.00007873575668781996
51,0.00040925166103988886
52,-0.0006891327211633325
53,-0.0004439848707988858
54,-0.0001992714824154973
55,-0.0004428398096933961
56,0.00004579604137688875
57,0.00004571699537336826
58,-0.0003202478401362896
59,0.0008999424753710628
60,-0.00007734959945082664
61,-0.0001991728786379099
62,-0.00019881746266037226
63,0.0002893849741667509
64,0.0004108342109248042
65,0.00016618194058537483
66,0.00016588729340583086
67,-0.00020029244478791952
68,-0.00032189826015383005
69,-0.0001993635669350624
70,-0.00019900815095752478
71,-0.0001986529678106308
72,0.0002895492361858487
73,0.0004109988221898675
74,0.0006541934562847018
75,0.0005310699343681335
76,-0.000567530863918364
77,-0.0003225994296371937
78,-0.0009318357333540916
79,-0.00032036949414759874
80,-0.000319798244163394
81,-0.00044118950609117746
82,0.000535292667336762
83,0.0006563070928677917
84,-0.0001985898707062006
85,-0.0008080446859821677
86,-0.0012944539776071906
87,-0.0006823408184573054
88,-0.0003152372082695365
89,0.00066102494020015
90,0.0001720093423500657
91,0.00017170957289636135
92,-0.0004383992636576295
93,0.00041611853521317244
94,0.00004949921276420355
95,-0.00019450695253908634
96,-0.00007219414692372084
97,-0.00043794570956379175
98,0.00005068595055490732
99,0.00005060236435383558
100,0.00029444252140820026
101,0.00029392552096396685
102,0.000537332845851779
103,0.0004144215490669012
104,0.000657613156363368
105,-0.00007532280869781971
106,-0.00019714818336069584
107,0.00004712888039648533
108,-0.0001968753058463335
109,-0.0006843698211014271
110,-0.0003172642318531871
111,0.0000491895480081439
112,0.00017106952145695686
113,0.0002927320310845971
114,0.00029221654403954744
115,-0.00007418403401970863
116,-0.00019601022358983755
117,-0.0006835055537521839
118,-0.00007247715257108212
119,0.0004155045608058572
120,0.00004888582043349743
121,-0.00007315818220376968
122,-0.00019498530309647322
123,0.00017125182785093784
124,0.0002929143374785781
125,-0.0012931057717651129
126,0.00017273938283324242
127,-0.0003154088044539094
128,-0.0003148420946672559
129,0.00041749526280909777
130,0.0002947987522929907
131,-0.00031552824657410383
132,0.00017288618255406618
133,0.0005384711548686028
134,0.0001716346014291048
135,-0.000560436281375587
136,0.00017233623657375574
137,-0.0011695449938997626
138,-0.0008015749044716358
139,0.00005359028000384569
140,-0.0001904197270050645
141,0.00041973672341555357
142,0.00029703823383897543
143,0.00029651878867298365
144,0.0005399235524237156
145,-0.0005586856277659535
146,-0.0008016099454835057
147,-0.00006840645801275969
148,0.0002976094838231802
149,0.0005410133162513375
150,0.00029613636434078217
151,-0.00019222963601350784
152,0.00017400446813553572
153,0.00017370283603668213
154,0.0004173250636085868
155,-0.00007125770207494497
156,-0.0003150483826175332
157,-0.000680368160828948
158,0.00017458142247051
159,0.0002962407888844609
160,0.00029572180937975645
161,-0.00043656793422997
162,-0.00043578550685197115
163,0.00017480598762631416
164,0.0005403890972957015
165,-0.00007037317845970392
166,-0.0000702408142387867
167,0.00029577617533504963
168,-0.0008023990085348487
169,0.000052766758017241955
170,-0.0003132049459964037
171,0.00017520738765597343
172,-0.0018984479829668999
173,0.0005441717803478241
174,0.0007871396373957396
175,0.00029790319968014956
176,-0.00006850261706858873
177,-0.00031229632440954447
178,-0.00043369445484131575
179,-0.0004329149378463626
180,-0.0004321356536820531
181,-0.00006547162774950266
182,0.000056617893278598785
183,0.0009102614130824804
184,0.0007866933010518551
185,-0.00031235208734869957
186,-0.00006786489393562078
187,-0.0004336207639425993
188,-0.00018891727086156607
189,0.00005535176023840904
190,-0.00018865999300032854
191,-0.0006761625409126282
192,-0.0006749504245817661
193,0.000667841057293117
194,-0.00043099047616124153
195,0.00017959624528884888
196,-0.00030855846125632524
197,-0.00018603657372295856
198,0.00018019229173660278
199,-0.0009177726460620761
200,-0.00018435786478221416
201,0.00005990720819681883
202,0.0003037386341020465
203,0.0006690981099382043
204,0.0004239988047629595
205,-0.000430475571192801
206,0.00005814863834530115
207,-0.0006737138610333204
208,-0.0001846567029133439
209,0.0001815706491470337
210,0.0005471473559737206
211,0.00018030242063105106
212,-0.0004298147978261113
213,0.0003027324564754963
214,0.0005461311666294932
215,-0.0003085603239014745
216,-0.0006738859228789806
217,-0.0009166001109406352
218,-0.0005490725161507726
219,0.00018368917517364025
220,-0.000304469489492476
221,-0.000059989746659994125
222,-0.00005986716132611036
223,0.00006221677176654339
224,0.00006212189327925444
225,0.0001839889446273446
226,-0.00006024586036801338
227,-0.0006699332734569907
228,-0.000790689024142921
229,-0.000545343616977334
230,-0.0001784713240340352
231,-0.00017813558224588633
232,0.0006759333191439509
233,0.0003088655648753047
234,-0.00017951312474906445
235,0.00030867126770317554
236,-0.000057745142839848995
237,-0.0009113586274906993
238,-0.0002999118296429515
239,-0.00029936025384813547
240,-0.0005427325377240777
241,0.00019002321641892195
242,-0.000054217525757849216
243,0.00031178491190075874
244,0.0004332131939008832
245,0.00018853950314223766
246,0.00006626162212342024
247,-0.0007875702576711774
248,-0.0001763422042131424
249,0.0009216483449563384
250,-0.00017762603238224983
251,-0.000055329641327261925
252,-0.00005521217826753855
253,-0.00029901834204792976
254,-0.0001765056513249874
255,-0.00005421019159257412
0,0.00031179189682006836
1,0.00018929620273411274
2,0.00043290352914482355
3,0.00006626779213547707
4,-0.00017775478772819042
5,0.00006650341674685478
6,0.0004322899039834738
7,0.0007974262116476893
8,0.0009179890621453524
9,-0.00018128252122551203
10,0.00030690268613398075
11,-0.00005951256025582552
12,-0.0004252772778272629
13,-0.000058620586059987545
14,0.00018542353063821793
15,0.00042903388384729624
16,-0.00030348391737788916
17,-0.000180967734195292
18,0.0005511411000043154
19,-0.00018159393221139908
20,-0.0001812560949474573
21,-0.00018091883976012468
22,-0.000058619771152734756
23,0.0004293479723855853
24,0.0005505629815161228
25,-0.00030413351487368345
26,-0.00030357856303453445
27,0.00006286171264946461
28,0.00006276508793234825
29,0.00018463097512722015
30,-0.00018156797159463167
31,-0.00005926797166466713
32,-0.0009128811070695519
33,0.001771918497979641
34,-0.0004265281604602933
35,-0.000181832117959857
36,0.00006242911331355572
37,0.0006721428362652659
38,0.0005490011535584927
39,-0.00006177043542265892
40,-0.0005494951037690043
41,-0.00079242920037359
42,-0.00018119777087122202
43,-0.0005467463051900268
44,-0.000545759336091578
45,0.0000650361180305481
46,0.00018689967691898346
47,0.00043050828389823437
48,0.00055172189604491
49,-0.000546899507753551
50,0.00042978255078196526
51,-0.0004246985772624612
52,-0.000911775860004127
53,0.0003094793064519763
54,0.00018698489293456078
55,0.000552555313333869
56,-0.0004241052083671093
57,-0.00042333570308983326
58,0.00006528070662170649
59,0.0014067625161260366
60,-0.00018122501205652952
61,0.00006303575355559587
62,0.00006293877959251404
63,0.00006284192204475403
64,0.00018470711074769497
65,0.00006243167445063591
66,-0.0005474742501974106
67,-0.0004245248856022954
68,-0.000057869707234203815
69,0.00006421119906008244
70,0.00030803680419921875
71,0.00030750525183975697
72,-0.00005891139153391123
73,0.00006316998042166233
74,0.00030699651688337326
75,-0.0000594195444136858
76,0.00006266217678785324
77,-0.00005939637776464224
78,0.00042857101652771235
79,-0.000060023157857358456
80,0.00018402072601020336
81,-0.0003041396848857403
82,0.00006230012513697147
83,0.00018416543025523424
84,-0.0005479190731421113
85,-0.00018104573246091604
86,-0.00042463315185159445
87,-0.00017994001973420382
88,0.00030824297573417425
89,0.00006378721445798874
90,0.0001856512390077114
91,0.00006337463855743408
92,-0.00018064689356833696
93,0.0007953842869028449
94,0.00006221455987542868
95,0.00042800360824912786
96,0.0005492187337949872
97,0.00018237007316201925
98,-0.0003057891735807061
99,0.0011583090526983142
100,-0.0006731654284521937
101,-0.00042803469114005566
102,-0.0001833384158089757
103,0.0003048473736271262
104,-0.00006156752351671457
105,-0.0001834075665101409
106,0.00030477787367999554
107,0.00018228718545287848
108,0.000060013262555003166
109,-0.00018400512635707855
110,0.00030418101232498884
111,-0.0005500806728377938
112,-0.0034761768765747547
113,-0.000298977829515934
114,-0.0005423520924523473
115,-0.0005413703620433807
116,0.00006942066829651594
117,0.0005571648944169283
118,0.0005561948055401444
119,0.0003113015554845333
120,-0.000055119046010077
121,-0.0006648129783570766
122,0.00006815779488533735
123,-0.00017586827743798494
124,0.00006838678382337093
125,-0.00017563952133059502
126,-0.00017530843615531921
127,0.00006894604302942753
128,0.0005566907348111272
129,-0.00005408900324255228
130,-0.00017593614757061005
131,-0.0001756048295646906
132,-0.00017527397722005844
133,-0.00017494324129074812
134,0.00006931065581738949
135,-0.0006625640671700239
136,-0.0013931385474279523
137,0.00007290090434253216
138,0.0005606415215879679
139,-0.0002940654521808028
140,0.00019432662520557642
141,-0.00004992028698325157
142,0.0000721524702385068
143,0.0005598937859758735
144,0.0004369588568806648
145,-0.000417530070990324
146,-0.0005387297132983804
147,0.00007205852307379246
148,-0.0005378574132919312
149,0.00019489170517772436
150,0.0004384916974231601
151,-0.00029403658118098974
152,-0.0000495685962960124
153,0.00007250334601849318
154,-0.00041545077692717314
155,0.00031708076130598783
156,0.0003165400121361017
157,0.0009258092613890767
158,0.0006802616408094764
159,0.00019122567027807236
160,-0.00041890470311045647
161,-0.002369531663134694
162,-0.00004802504554390907
163,-0.00016987859271466732
164,-0.000779362628236413
165,-0.0006559919565916061
166,-0.00016695389058440924
167,0.00032121618278324604
168,0.0004426332889124751
169,0.00019794865511357784
170,-0.0001682637957856059
171,-0.0004118641372770071
172,-0.00016718311235308647
173,0.0003209866117686033
174,0.0004424040671437979
175,-0.00016816623974591494
176,0.000198042718693614
177,0.00031967752147465944
178,0.0005630579544231296
179,-0.00004772841930389404
180,-0.00029154412914067507
181,-0.0007788504008203745
182,-0.0006554805440828204
183,0.00032140419352799654
184,0.00019889709074050188
185,0.00032053119502961636
186,0.0005639102309942245
187,0.0005629326915368438
188,-0.00016981526277959347
189,-0.00029145251028239727
190,0.00044086005073040724
191,-0.00016970944125205278
192,0.00019650079775601625
193,0.000805984134785831
194,0.0003167269751429558
195,-0.0007814713753759861
196,-0.00004829023964703083
197,0.0005616274429485202
198,0.0005606516497209668
199,0.00019379134755581617
200,-0.000050456495955586433
201,-0.00017230829689651728
202,-0.0009037532145157456
203,0.0003174925222992897
204,-0.000170897226780653
205,0.0004392374539747834
206,-0.0004152543842792511
207,0.00007335236296057701
208,-0.0000487184152007103
209,-0.0007803814951330423
210,-0.0001691632205620408
211,-0.00029080151580274105
212,-0.0002902614651247859
213,0.0003200875362381339
214,-0.0005341903306543827
215,0.00007659220136702061
216,-0.00016744330059736967
217,-0.0001671214122325182
218,0.0003210479626432061
219,-0.00004538334906101227
220,-0.0001672402722761035
221,0.0000770053593441844
222,-0.0001670306082814932
223,0.0005650623934343457
224,-0.0001676884712651372
225,-0.0007771758828312159
226,-0.00028792291413992643
227,0.00007850001566112041
228,0.0004442721838131547
229,0.00019958452321588993
230,-0.000166630488820374
231,-0.001629852456972003
232,0.00020249735098332167
233,0.0000802032882347703
234,-0.0005297212628647685
235,-0.0006507146172225475
236,-0.00028364453464746475
237,0.00008277432061731815
238,0.0000826569739729166
239,0.0004484248347580433
240,0.000325695495121181
241,-0.0004066264955326915
242,0.00008197186980396509
243,-0.0006499162409454584
244,-0.0005267710657790303
245,-0.0008916909573599696
246,0.0002075812080875039
247,-0.0011343365767970681
248,-0.00003463239409029484
249,0.00020938634406775236
250,-0.0005227237707003951
251,0.00021000939887017012
252,-0.00003425357863306999
253,-0.0001561212120577693
254,-0.0006436578696593642
255,-0.0006424800958484411
0,-0.0010071892756968737
1,-0.00002966832835227251
2,-0.000029578106477856636
3,0.00009247357957065105
4,-0.000029614893719553947
5,-0.0001514870673418045
6,0.000580591382458806
7,0.0004576349165290594
8,0.00009097298607230186
9,-0.0005189625080674887
10,-0.00027408020105212927
11,0.000092328991740942
12,-0.000029759947210550308
13,-0.00039555539842695
14,0.00021499372087419033
15,0.00009268766734749079
16,-0.0006392113864421844
17,-0.000028228736482560635
18,0.0002157832495868206
19,0.0003374002408236265
20,-0.0005168949719518423
21,-0.001491634058766067
22,0.00009655940812081099
23,0.0002183903707191348
24,-0.0011235382407903671
25,-0.0002677683951333165
26,-0.000023326952941715717
27,0.00009871867951005697
28,-0.00014533824287354946
29,0.0004647716414183378
30,0.00009810226038098335
31,0.00034189329016953707
32,0.0007072128355503082
33,0.00021814927458763123
34,-0.000026122434064745903
35,0.0000959254102781415
36,0.0008275657892227173
37,0.0004602485569193959
38,0.0004594686906784773
39,-0.0010048531694337726
40,-0.0005151833174750209
41,0.0003395036328583956
42,0.00009501550812274218
43,-0.00027100066654384136
44,0.0004612905904650688
45,0.0002165858168154955
46,-0.00014964689034968615
47,0.00009458058048039675
48,-0.00014947354793548584
49,-0.000758979469537735
50,-0.000391707057133317
51,0.0005847231950610876
52,-0.00014804734382778406
53,-0.00026970740873366594
54,-0.000025265035219490528
55,0.00009678094647824764
56,0.0007064579986035824
57,0.0002173945540562272
58,-0.00014883943367749453
59,-0.00014853698667138815
60,0.00021765101701021194
61,0.00009534077253192663
62,0.00021717115305364132
63,-0.0006369099719449878
64,0.00033995427656918764
65,-0.001612001215107739
66,0.0003422918962314725
67,0.00046368595212697983
68,0.0004629021277651191
69,0.00021819467656314373
70,0.00046176963951438665
71,0.00021706323605030775
72,0.0003386769676581025
73,0.000460074283182621
74,0.00033733120653778315
75,0.0005806913832202554
76,-0.00003011466469615698
77,-0.0001519884681329131
78,-0.000029722112230956554
79,0.00009232747834175825
80,0.0000921980245038867
81,0.00021403096616268158
82,0.00033564656041562557
83,0.00009116076398640871
84,0.00033495610114187
85,0.00021243246737867594
86,-0.00015379814431071281
87,0.0008222033502534032
88,-0.0005208058282732964
89,-0.00015396310482174158
90,-0.0017391617875546217
91,-0.00027249555569142103
92,0.00009390967898070812
93,0.0003377023385837674
94,-0.0008824809920042753
95,-0.0006369537441059947
96,-0.00014793779700994492
97,0.00046217208728194237
98,0.0004613886121660471
99,0.0002166818594560027
100,-0.00027151452377438545
101,0.0005827371496707201
102,0.0009476235136389732
103,0.0008240132592618465
104,-0.0003970362013205886
105,-0.00039629777893424034
106,-0.0008834080072119832
107,-0.0005159183638170362
108,-0.0002710423432290554
109,0.00009536091238260269
110,0.00009522831533104181
111,0.0008268664823845029
112,0.0005815097829326987
113,0.00009266368579119444
114,0.00009253306780010462
115,-0.0000295593636110425
116,-0.0008832064922899008
117,-0.0001498316414654255
118,-0.00027149205561727285
119,-0.001002745470032096
120,-0.00026915641501545906
121,0.0007070546271279454
122,0.0003399503184482455
123,0.00009545893408358097
124,0.0004612113116309047
125,-0.00039330555591732264
126,0.00033920002169907093
127,-0.0005151000805199146
128,-0.0034412347013130784
129,-0.00038603541906923056
130,-0.0006292315665632486
131,0.0002256619045510888
132,0.0008351139258593321
133,-0.0001420225016772747
134,-0.0005076141096651554
135,-0.0001407846575602889
136,-0.0001404916401952505
137,0.0009574576979503036
138,0.0010777609422802925
139,-0.00002176966518163681
140,-0.000021691201254725456
141,0.0002223108895123005
142,0.0005878413794562221
143,0.0005868365988135338
144,-0.0008777104085311294
145,-0.00014434161130338907
146,-0.0002660078462213278
147,0.00034431356471031904
148,-0.0002660680329427123
149,0.0001003296347334981
150,0.00046607665717601776
151,0.0011970590567216277
152,0.00046319933608174324
153,0.00009652716107666492
154,-0.00002556992694735527
155,-0.0005133365048095584
156,-0.00039042625576257706
157,0.0004640377592295408
158,0.00021932669915258884
159,-0.0002688739914447069
160,0.00009752577170729637
161,0.00046327500604093075
162,0.00021856441162526608
163,0.0007060595089569688
164,0.0013146495912224054
165,-0.000029232935048639774
166,-0.00039503443986177444
167,-0.00039430009201169014
168,0.00033820525277405977
169,-0.00002824794501066208
170,0.00045968289487063885
171,0.0007028230465948582
172,-0.00015212723519653082
173,0.0007019080221652985
174,-0.00015304121188819408
175,-0.0001527387648820877
176,-0.00027439859695732594
177,0.0000920057063922286
178,-0.000030088238418102264
179,-0.000273927696980536
180,0.00021443830337375402
181,0.00033605052158236504
182,-0.0001523627433925867
183,0.0005797103513032198
184,-0.0008848317665979266
185,-0.000639305217191577
186,-0.0017357947072014213
187,-0.0005130583886057138
188,0.00034162180963903666
189,-0.0002687585074454546
190,0.0004635259974747896
191,0.0002188143553212285
192,0.0005843464750796556
193,-0.00027039041742682457
194,-0.0005137996049597859
195,-0.0005128521006554365
196,-0.0002679817844182253
197,0.00022037827875465155
198,0.00022002286277711391
199,-0.00026817957405000925
200,-0.000023743370547890663
201,0.00009829690679907799
202,0.0003420822322368622
203,0.00021954835392534733
204,0.00009723193943500519
205,-0.0000248677097260952
206,-0.00014675024431198835
207,-0.0003903780598193407
208,-0.00014572532381862402
209,-0.000023468630388379097
210,-0.000145352678373456
211,0.0008306370582431555
212,-0.000024535926058888435
213,-0.00039034290239214897
214,-0.00002372823655605316
215,-0.0008773838635534048
216,-0.0011197123676538467
217,-0.000020028441213071346
218,0.00034593185409903526
219,-0.00026445346884429455
220,-0.0006298308726400137
221,-0.00001886312384158373
222,-0.000018789665773510933
223,0.00010324548929929733
224,-0.000018859864212572575
225,-0.00026271073147654533
226,-0.00038416578900069
227,-0.000017557060346007347
228,-0.00013944727834314108
229,-0.0006270059384405613
230,-0.00013800314627587795
231,-0.0005036015063524246
232,-0.00025874050334095955
233,0.0003515718271955848
234,-0.0001368571538478136
235,-0.000136571004986763
236,0.00022960046771913767
237,0.00022923597134649754
238,-0.0003809380577877164
239,-0.0003802183782681823
240,-0.000013613956980407238
241,0.0002303781220689416
242,0.0003519742749631405
243,-0.0003803791478276253
244,0.00023014936596155167
245,-0.0005019877571612597
246,0.00010875717271119356
247,0.000352531555108726
248,-0.0005017846124246716
249,-0.0003788876347243786
250,-0.0009879798162728548
251,-0.00013244606088846922
252,0.00047764473129063845
253,0.0002329186536371708
254,-0.00001137342769652605
255,-0.00025523186195641756
0,0.0003550767432898283
1,0.0004764528712257743
2,-0.0002561198780313134
3,-0.00037758226972073317
4,-0.00013294292148202658
5,-0.00013266096357256174
6,-0.0004982654936611652
7,-0.00025341042783111334
8,-0.00025291345082223415
9,-0.00013045512605458498
10,-0.00013017572928220034
11,0.00011402671225368977
12,-0.0007398610468953848
13,-0.0003726133145391941
14,-0.00024994031991809607
15,0.0003603625809773803
16,-0.000006113667041063309
17,-0.0009817486861720681
18,-0.0011019166558980942
19,-0.0002461746335029602
20,0.0004860868211835623
21,0.000485275755636394
22,-0.0002473056083545089
23,-0.00000289140734821558
24,-0.0003687199205160141
25,0.00048572022933512926
26,0.00048490939661860466
27,-0.000369634130038321
28,-0.00036892632488161325
29,-0.0007341051241382957
30,-0.001342558185569942
31,0.00024538568686693907
32,0.0000010810326784849167
33,0.0002450577449053526
34,0.0006105628563091159
35,0.0007314940448850393
36,0.00036436179652810097
37,-0.00024604296777397394
38,-0.0004894775338470936
39,-0.00036659359466284513
40,-3.725290298461914e-9
41,-0.0002438739174976945
42,-0.0003653487656265497
43,-0.00012072199024260044
44,0.0003673947649076581
45,0.0001228725304827094
46,7.46455043554306e-7
47,0.0004886463284492493
48,-0.0002439392264932394
49,-0.00012149079702794552
50,0.0003666261909529567
51,1.4260876923799515e-7
52,1.9546132534742355e-7
53,-0.0007315231487154961
54,-0.00024232245050370693
55,-0.0003637992776930332
56,0.0006125968648120761
57,0.0002456775400787592
58,-0.00012059009168297052
59,-0.00012032233644276857
60,0.0002458313247188926
61,0.0006113344570621848
62,4.924368113279343e-7
63,0.0006103537743911147
64,-0.0004883349174633622
65,-0.00048741523642092943
66,0.0000013513490557670593
67,-0.00012055947445333004
68,-0.00024225376546382904
69,-0.0006076550344005227
70,-0.0002406358253210783
71,0.0000037708086892962456
72,0.000003819586709141731
73,-0.00011809403076767921
74,-0.0010935236932709813
75,0.00037201785016804934
76,0.0006153377471491694
77,0.000004491535946726799
78,-0.0004833085695281625
79,0.00012741575483232737
80,-0.0003606016980484128
81,0.000005980953574180603
82,-0.00023789657279849052
83,-0.0006033027311787009
84,-0.0004802113398909569
85,0.0001305097248405218
86,0.0006181842181831598
87,0.0004951823502779007
88,0.00012847455218434334
89,-0.00048150646034628153
90,-0.00035863195080310106
91,0.0002518723485991359
92,0.000129520776681602
93,-0.00035849912092089653
94,-0.00023584277369081974
95,0.00013051996938884258
96,0.00000838481355458498
97,0.000252351863309741
98,-0.0004798098234459758
99,-0.0004788993392139673
100,-0.0003560276236385107
101,0.000010549789294600487
102,-0.0001113709295168519
103,0.0002547726035118103
104,-0.00023346778471022844
105,0.0006207400001585484
106,0.000985582359135151
107,0.00013015675358474255
108,-0.00011394103057682514
109,-0.0002356428885832429
110,-0.00035712867975234985
111,0.0002533731749281287
112,0.000009057577699422836
113,0.000131061184220016
114,-0.00011303729843348265
115,0.0004970306763425469
116,0.000496205291710794
117,0.00037341879215091467
118,-0.0007248455658555031
119,-0.00047957769129425287
120,-0.00011278281453996897
121,-0.0006003723246976733
122,-0.00011140003334730864
123,0.00037670438177883625
124,0.000010207993909716606
125,0.0003761341795325279
126,0.0007414096035063267
127,0.0002523023867979646
128,-0.00011397502385079861
129,0.00025216909125447273
130,0.000007853726856410503
131,0.00037378142587840557
132,0.0004951348528265953
133,0.00025038665626198053
134,0.0008598058484494686
135,0.0012242173543199897
136,0.0003683617105707526
137,0.0008556055836379528
138,-0.00024352176114916801
139,-0.00024303991813212633
140,-0.00036452081985771656
141,0.0004899102495983243
142,0.0001232039649039507
143,0.0000010730000212788582
144,-0.0003647656412795186
145,0.000001817941665649414
146,0.00036775018088519573
147,-0.000364624778740108
148,0.0000019583385437726974
149,-0.0008517284877598286
150,0.000491415848955512
151,0.0000027460046112537384
152,0.00024671561550348997
153,0.00036828930024057627
154,0.0004896469181403518
155,0.0002449025632813573
156,0.00024451606441289186
157,0.0002441297983750701
158,0.0003657056950032711
159,0.00036510347854346037
160,-0.000001384061761200428
161,-0.0000013350509107112885
162,-0.0003671720623970032
163,-0.00036647310480475426
164,0.00024403445422649384
165,0.00036561046727001667
166,0.0007308934582397342
167,0.0004857174353674054
168,-0.00024687149561941624
169,0.00036342127714306116
170,0.00024085876066237688
171,-0.0004912964068353176
172,-0.0008562643779441714
173,-9.649666026234627e-7
174,0.00036496890243142843
175,0.00036436645314097404
176,0.0007296503754332662
177,0.00011858937796205282
178,-0.0001255011884495616
179,-0.0006130820838734508
180,-0.0002460627583786845
181,0.00024226692039519548
182,0.0006077673751860857
183,-0.0006128866225481033
184,-0.0004897916223853827
185,-0.00036691443528980017
186,-0.00036621640902012587
187,-0.0002435576170682907
188,-0.00024307775311172009
189,-0.00012063654139637947
190,-0.0003642984665930271
191,0.000124244368635118
192,0.00024603400379419327
193,0.00024564494378864765
194,-0.00024259136989712715
195,0.0007335824193432927
196,-0.0002433686750009656
197,-0.0002428893931210041
198,-0.00048633455298841
199,-0.00011953723151236773
200,-0.000729086110368371
201,0.0004918769700452685
202,0.00012516684364527464
203,-0.0006067783106118441
204,0.000004158238880336285
205,0.0004920478677377105
206,0.0003692610189318657
207,0.0002466915175318718
208,0.0000023775501176714897
209,-0.00011954072397202253
210,0.00012464320752769709
211,-0.0006073015974834561
212,-0.0002402891404926777
213,0.000004110857844352722
214,0.0001261141151189804
215,0.00012593914289027452
216,0.0007355737034231424
217,0.0006123535567894578
218,-0.00036438240204006433
219,-0.00036368833389133215
220,-0.0001190712209790945
221,-0.00024077354464679956
222,-0.0008501072879880667
223,0.00012714683543890715
224,0.0002489325124770403
225,0.0002485396107658744
226,0.0007359943119809031
227,0.0007347352802753448
228,0.0004895530873909593
229,-0.0003650038270279765
230,-0.0002423478290438652
231,0.0002459767274558544
232,-0.00024226156529039145
233,-0.00011982303112745285
234,-0.00036348740104585886
235,0.00024701468646526337
236,0.0004905469249933958
237,0.000367760076187551
238,-0.0006085427012294531
239,-0.00011956808157265186
240,0.0000026528723537921906
241,0.00036858045496046543
242,0.0006118958117440343
243,0.0006108544766902924
244,-0.00036588101647794247
245,-0.00012126297224313021
246,0.0004888068651780486
247,0.0009758304804563522
248,0.00012040720321238041
249,-0.00024564960040152073
250,-0.0004890947602689266
251,-0.00012229697313159704
252,-0.00012203608639538288
253,-0.00036569905932992697
254,0.0006106897490099072
255,0.00012180162593722343
0,0.0007314380491152406
1,0.00024233420845121145
2,0.0001199835678562522
3,0.0003637360641732812
4,0.001094902865588665
5,-0.000004659057594835758
6,0.00011735060252249241
7,-0.00012674240861088037
8,0.00023940741084516048
9,0.000848831026814878
10,0.00048147595953196287
11,-0.000007189926691353321
12,-0.0012267589336261153
13,-0.000614732620306313
14,-0.0002477155067026615
15,-0.0000033117830753326416
16,0.00036261987406760454
17,0.0007279014680534601
18,0.00011683825869113207
19,0.0007264782907441258
20,0.0010911113349720836
21,0.000357437995262444
22,-0.0009847426554188132
23,0.0003586231032386422
24,0.00011409830767661333
25,-0.000008030328899621964
26,-0.0004958281060680747
27,0.0003588221734389663
28,0.0004801828181371093
29,0.00011347944382578135
30,0.000479198875837028
31,0.0006003438029438257
32,0.0008432351751253009
33,-0.0012315822532400489
34,0.0007220284314826131
35,0.0003548935055732727
36,-0.00013355189003050327
37,-0.000011320342309772968
38,0.00035461760126054287
39,0.00035401980858296156
40,0.000475384178571403
41,0.000596532947383821
42,-0.00013626820873469114
43,-0.0002579583087936044
44,0.0004743012832477689
45,-0.00001435901504009962
46,-0.0003801898565143347
47,-0.00037948437966406345
48,-0.00013485632371157408
49,0.00023129954934120178
50,0.00010895763989537954
51,0.000962527934461832
52,0.00010711455252021551
53,-0.0003808948677033186
54,0.00022962037473917007
55,-0.0006244918331503868
56,0.00010841828770935535
57,-0.00013566832058131695
58,-0.0003793211653828621
59,0.0007190397009253502
60,0.0005958307301625609
61,0.0005948012694716454
62,0.00010592478793114424
63,-0.00013815960846841335
64,0.0004719229182228446
65,0.00022718787658959627
66,-0.0006269222358241677
67,0.0003499134909361601
68,0.00034931907430291176
69,0.0009585347725078464
70,0.00034704827703535557
71,-0.000019429251551628113
72,-0.00001937081106007099
73,-0.00014127371832728386
74,-0.000019036466255784035
75,0.0007127933204174042
76,0.00010174186900258064
77,-0.0003862633602693677
78,-0.0007514390163123608
79,-0.000262232031673193
80,0.00034806819166988134
81,0.0007133613107725978
82,0.0003462324384599924
83,0.00010171753820031881
84,0.00022352172527462244
85,-0.00014273810666054487
86,-0.0005083470605313778
87,0.00046827434562146664
88,0.000711389584466815
89,0.00022230111062526703
90,0.00034388969652354717
91,0.0002213384723290801
92,-0.0008766909595578909
93,-0.0005092264618724585
94,-0.000020451960153877735
95,-0.0013619734672829509
96,-0.00026187312323600054
97,-0.00026138266548514366
98,-0.000016968930140137672
99,0.0005928968312218785
100,0.0008357927436009049
101,-0.00014136265963315964
102,-0.00014108791947364807
103,-0.0006286604329943657
104,-0.00013967184349894524
105,-0.0002613604301586747
106,-0.000016946694813668728
107,0.00034899485763162374
108,-0.00026140897534787655
109,-0.0005048433085903525
110,-0.000016072764992713928
111,-0.00038190349005162716
112,-0.00025923619978129864
113,-0.0013564055552706122
114,0.00023153703659772873
115,0.0003531171241775155
116,-0.00013532873708754778
117,0.00023082608822733164
118,0.00023044482804834843
119,0.00010810187086462975
120,-0.00037990964483469725
121,-0.0005011684261262417
122,-0.0008661350002512336
123,-0.0006206422112882137
124,0.00047814834397286177
125,0.00023340678308159113
126,0.00047694670502096415
127,0.0002322059590369463
128,0.0003537848824635148
129,0.0001092621823772788
130,0.00047498231288045645
131,0.0004741672892123461
132,0.00010746682528406382
133,-0.0007464302470907569
134,0.00010865693911910057
135,0.0003524157218635082
136,0.00022985553368926048
137,-0.000014449236914515495
138,-0.000014396151527762413
139,-0.000014343415386974812
140,0.00035159499384462833
141,-0.00013684993609786034
142,-0.000014618504792451859
143,-0.000258489279076457
144,-0.0008678124286234379
145,0.00035337614826858044
146,-0.0001350707607343793
147,0.00035304506309330463
148,0.00047440791968256235
149,-0.00025817868299782276
150,0.0002301547210663557
151,-0.000258074258454144
152,-0.0006234742468222976
153,-0.0011101863346993923
154,0.002916557597927749
155,0.00035020499490201473
156,-0.0005041249096393585
157,0.00035052921157330275
158,-0.000015953206457197666
159,0.00022802408784627914
160,0.0007154915947467089
161,0.00010443583596497774
162,-0.00038357358425855637
163,-0.0005048300372436643
164,-0.0003819465637207031
165,0.00010660488624125719
166,-0.00025944458320736885
167,-0.000015034107491374016
168,-0.0002589053474366665
169,-0.0006243048701435328
170,0.00023056427016854286
171,0.00010822003241628408
172,-0.00013586890418082476
173,0.00010832317639142275
174,0.00023011933080852032
175,0.0005956230452284217
176,-0.000137180439196527
177,-0.0005027963779866695
178,0.000351856229826808
179,0.00010733341332525015
180,-0.00013675482477992773
181,-0.000014524091966450214
182,-0.000014472287148237228
183,-0.00025834422558546066
184,-0.00013589707668870687
185,0.0001082948874682188
186,-0.0002577565610408783
187,0.0005964613519608974
188,-0.000014381133951246738
189,0.00010763236787170172
190,0.00022942887153476477
191,-0.00013683829456567764
192,-0.0002585315378382802
193,0.00010783923789858818
194,0.00047355948481708765
195,0.0005947056924924254
196,0.00022778857965022326
197,-0.000016515841707587242
198,0.00034942314960062504
199,-0.0002609833609312773
200,-0.00026049616280943155
201,-0.00038197124376893044
202,-0.00038126809522509575
203,-0.0003805655287578702
204,-0.00025790208019316196
205,-0.0003793796058744192
206,-0.00037867866922169924
207,-0.0009877883130684495
208,-0.0004981575766578317
209,0.0006004141177982092
210,0.00023349130060523748
211,-0.0002547423355281353
212,-0.00001033698208630085
213,0.00011167221236974001
214,0.0003554268041625619
215,-0.000011061783879995346
216,-0.0007427848177030683
217,-0.0002535891253501177
218,-0.0002531085629016161
219,0.00035718048457056284
220,0.0004785379860550165
221,-0.00025405408814549446
222,-0.00037553522270172834
223,-0.0004968005232512951
224,-0.00013000192120671272
225,0.0001141837565228343
226,-0.000007950002327561378
227,-0.00037379085551947355
228,-0.00037309550680220127
229,-0.00012847722973674536
230,-0.00025017885491251945
231,-0.00012774020433425903
232,-0.00037140422500669956
233,0.00011713628191500902
234,0.00011696142610162497
235,-0.0001271367073059082
236,-0.0004927638219669461
237,-0.0007357783615589142
238,-0.0000026655616238713264
239,0.0007291458314284682
240,0.0007278851699084044
241,-0.000005145673640072346
242,-0.00024902739096432924
243,0.00023929576855152845
244,-0.0012246390106156468
245,-0.00012477266136556864
246,-0.0002464780118316412
247,-0.00012404308654367924
248,-0.00036771094892174006
249,-0.0000011362135410308838
250,0.0009745972929522395
251,-0.0000027937348932027817
252,-0.00036863971035927534
253,-0.00024598801974207163
254,0.00012037029955536127
255,-0.0000017703277990221977
0,0.00012023048475384712
1,-0.00012387149035930634
2,-0.00024557800497859716
3,-0.000123143894597888
4,0.0003649578429758549
5,0.0006082693580538034
6,0.00024133839178830385
7,-0.0002469037426635623
8,-0.0003683926770463586
9,-0.0001237797550857067
10,0.0003643231466412544
11,-0.00024609884712845087
12,0.00012025900650769472
13,0.0003640044014900923
14,0.00011946843005716801
15,-0.0004905187524855137
16,-0.0002456891816109419
17,-0.0006111032562330365
18,-1.7241109162569046e-7
19,0.00036574993282556534
20,-7.497146725654602e-7
21,-0.0001226741587743163
22,0.0004873886937275529
23,0.0003645966062322259
24,-0.0000019016442820429802
25,0.0003640218637883663
26,-0.0002464002463966608
27,-0.00024592806585133076
28,0.0006082765758037567
29,-0.00012454111129045486
30,-0.00024624785874038935
31,-0.0001238143304362893
32,-0.0003674834733828902
33,-9.103678166866302e-7
34,0.0007308978820219636
35,0.0006076721474528313
36,0.00011877878569066525
37,0.00048448622692376375
38,-0.0006139986217021942
39,0.0002408575965091586
40,-0.00012542284093797207
41,0.00011875643394887447
42,0.00036250229459255934
43,0.00048385257832705975
44,-0.00037070841062813997
45,0.0003617530455812812
46,-0.0007365146884694695
47,-0.0012230222346261144
48,-0.00012315926142036915
49,-0.00012290570884943008
50,-6.908085197210312e-7
51,0.00012130732648074627
52,-0.00012279744260013103
53,0.0003653033636510372
54,-0.0000011968659237027168
55,-0.0002450841711834073
56,-0.0007324618054553866
57,-0.0008530875202268362
58,0.00024612166453152895
59,0.0006116068689152598
60,-0.00012121442705392838
61,9.987270459532738e-7
62,-0.00012092909310013056
63,0.0006110935937613249
64,0.0003661197843030095
65,-0.000122343422845006
66,-0.0003660147776827216
67,-0.00012140581384301186
68,8.074566721916199e-7
69,-0.00012112036347389221
70,0.0003669781144708395
71,-0.00024344772100448608
72,-0.00036494166124612093
73,0.0002455521607771516
74,0.00024515169207006693
75,8.280621841549873e-7
76,8.621718734502792e-7
77,0.00024481979198753834
78,-0.00048735132440924644
79,0.0008551307255402207
80,-0.00024401023983955383
81,-0.0006094278069213033
82,0.0003673853352665901
83,0.0008546155877411366
84,0.0004872464342042804
85,-0.0006112427217885852
86,-0.0003661992959678173
87,-0.0003655146574601531
88,-0.00024286843836307526
89,0.00012348417658358812
90,0.00012330012395977974
91,0.0008548877667635679
92,-3.294553607702255e-7
93,0.00012166693340986967
94,0.00036540860310196877
95,0.0001208687899634242
96,0.0003646109253168106
97,-0.000001889653503894806
98,-0.00036773981992155313
99,0.00012079370208084583
100,-0.0007331210654228926
101,0.0002439094241708517
102,-0.000244337716139853
103,0.00048790161963552237
104,0.00024314457550644875
105,0.00036470708437263966
106,0.00036409194581210613
107,0.00024151522666215897
108,-0.0002467299345880747
109,-0.0001242983853444457
110,-0.000002084067091345787
111,-0.000002048560418188572
112,0.00036387238651514053
113,0.00011933373752981424
114,0.0008509245235472918
115,-0.0006140995537862182
116,-0.0012227880069985986
117,-0.0009766601724550128
118,-0.00012115889694541693
119,-0.00024287134874612093
120,-0.0003643676172941923
121,-0.00011976121459156275
122,0.00012441049329936504
123,0.0008559963898733258
124,0.00024470093194395304
125,-0.00012158567551523447
126,0.0004884733352810144
127,-0.0003660942893475294
128,-0.0006093345582485199
129,0.0004894391167908907
130,7.561175152659416e-7
131,-0.0001211734488606453
132,-0.0004868099931627512
133,0.0004897841718047857
134,-0.0002428228035569191
135,-0.00048628123477101326
136,0.000124426675029099
137,0.000002278713509440422
138,0.0000023095635697245598
139,-0.00024158332962542772
140,-0.00024111929815262556
141,-0.00011869356967508793
142,0.00024743867106735706
143,0.0006129202665761113
144,0.0004899046616628766
145,-0.0007305506151169538
146,-0.0007292184745892882
147,-0.00048396410420536995
148,-0.0003611061256378889
149,0.0002493819920346141
150,0.00012701400555670261
151,-0.00011709844693541527
152,-0.00011685374192893505
153,-0.00036053278017789125
154,0.00012799259275197983
155,-0.00023808307014405727
156,0.00012826337479054928
157,0.00000611133873462677
158,0.0002500618575140834
159,0.0002496552187949419
160,-0.0001166369765996933
161,0.0006153786089271307
162,-0.0006052970420569181
163,-0.0002382997190579772
164,-0.0003598012262955308
165,-0.0002371621085330844
166,-0.0008465124992653728
167,-0.0003571223933249712
168,-0.00011252390686422586
169,-0.00011228385847061872
170,-0.0005998915294185281
171,-0.00035486090928316116
172,0.0003775825025513768
173,0.001108724856749177
174,0.0006189484847709537
175,0.00037396454717963934
176,-0.00011450902093201876
177,-0.0004801526665687561
178,-0.00011337571777403355
179,0.0002527508186176419
180,-0.0002355067990720272
181,-0.00023504928685724735
182,0.0002532551297917962
183,-0.00023500272072851658
184,0.000253301695920527
185,-0.0003569183172658086
186,-0.00023428304120898247
187,-0.00023382669314742088
188,-0.00011140946298837662
189,0.0004986387211829424
190,-0.0001120162196457386
191,0.00037607026752084494
192,0.00025348016060888767
193,0.0007409167010337114
194,0.00012982951011508703
195,0.00012963695917278528
196,0.0002514059888198972
197,0.0006168822292238474
198,-0.00035987200681120157
199,-0.00023723440244793892
200,-0.0007246236782521009
201,-0.00011348933912813663
202,-0.00011324963998049498
203,0.0002528759650886059
204,0.000008541042916476727
205,0.00025248806923627853
206,-0.00011380820069462061
207,0.000008393544703722
208,-0.00011354510206729174
209,0.000008656526915729046
210,0.000008678995072841644
211,0.00013066374231129885
212,-0.0006013016682118177
213,0.0007413855055347085
214,0.0009840305428951979
215,-0.00035926129203289747
216,-0.0007244725711643696
217,-0.0006011866498738527
218,-0.0007220421684905887
219,0.000011051190085709095
220,0.000011071562767028809
221,0.00013305339962244034
222,-0.00023302878253161907
223,0.00025527249090373516
224,0.0007427067030221224
225,0.00013161671813577414
226,-0.0008442739490419626
227,-0.00035488768480718136
228,-0.00047617917880415916
229,0.0001345167402178049
230,-0.00035352911800146103
231,0.0002569491043686867
232,0.0005004575941711664
233,0.0006215708563104272
234,-0.0004771505482494831
235,-0.0005982255097478628
236,-0.00035319896414875984
237,-0.00023056846112012863
238,-0.00010815542191267014
239,0.0007458116160705686
240,0.00025668065063655376
241,0.0002562650479376316
242,-0.00011003599502146244
243,0.0006219707429409027
244,0.0004989438457414508
245,-0.0004775990964844823
246,-0.0001108263386413455
247,-0.00035451422445476055
248,-0.00047580699902027845
249,0.00013488810509443283
250,-0.0003531589172780514
251,-0.00023052922915667295
252,-0.0007179261883720756
253,-0.00022876157891005278
254,0.00013757299166172743
255,0.0006252189632505178
0,0.0005021884571760893
1,0.00037937553133815527
2,0.00013481813948601484
3,0.0002565805334597826
4,-0.0008414925541728735
5,-0.00035210989881306887
6,0.0003803279250860214
7,0.0008675411809235811
8,0.0006221161456778646
9,-0.00011072121560573578
10,0.0000114756403490901
11,-0.00047635368537157774
12,0.000012379023246467113
13,0.0005002440884709358
14,-0.0008421865059062839
15,-0.00035280396696180105
16,-0.00023017509374767542
17,0.0002581218723207712
18,0.00025770405773073435
19,0.0009890578221529722
20,0.0004994923947378993
21,-0.0003550901310518384
22,-0.00011049758177250624
23,0.00037758436519652605
24,0.00025498983450233936
25,0.00001065072137862444
26,0.00025459297467023134
27,0.0008639871375635266
28,0.0004966030828654766
29,0.0007396800210699439
30,0.001714095240458846
31,-0.00024030776694417
32,-0.0003618114860728383
33,-0.00036113744135946035
34,-0.00011653988622128963
35,0.0006154710426926613
36,0.00037048605736345053
37,0.0006137829041108489
38,0.000490761362016201
39,0.0002459955867379904
40,-0.000364221865311265
41,-0.0008513933280482888
42,-0.00024004117585718632
43,-0.0003615457098931074
44,-0.0009706814307719469
45,-0.001090886420570314
46,-0.00023518118541687727
47,0.00037508108653128147
48,0.0012281832750886679
49,0.000006416579708456993
50,-0.0003594477893784642
51,0.000007109600119292736
52,0.0003730161115527153
53,-0.0002374227624386549
54,0.00012891762889921665
55,0.000006759772077202797
56,0.0001287427730858326
57,0.0003724705893546343
58,0.000005955924279987812
59,0.000859710737131536
60,0.00024840550031512976
61,-0.0003618145128712058
62,-0.0006050647934898734
63,-0.0004819965688511729
64,-0.00011522241402417421
65,-0.0003589086700230837
66,0.00037353334482759237
67,0.000982712721452117
68,0.0001272654626518488
69,-0.00011685281060636044
70,0.0001273095840588212
71,0.000371038680896163
72,-0.00036136130802333355
73,0.0003710831515491009
74,-0.00011739297769963741
75,-0.00023911567404866219
76,-0.00023865990806370974
77,0.0003716044593602419
78,0.0006148995598778129
79,-0.00036185758654028177
80,0.0003705867566168308
81,-0.0007276982069015503
82,0.000005395966582000256
83,0.0002493413630872965
84,0.0006148149259388447
85,0.00012590538244694471
86,0.0002476731315255165
87,0.00036922446452081203
88,0.0002466354053467512
89,0.0002462255069985986
90,-0.00024203152861446142
91,-0.00024157355073839426
92,-0.00085092568770051
93,0.000004348345100879669
94,0.00012633216101676226
95,0.0004920231876894832
96,0.0002472546184435487
97,0.0004907677648589015
98,0.0003679622896015644
99,-0.000608359114266932
100,-0.0007292128866538405
101,0.0004917300539091229
102,0.00012499967124313116
103,0.0007346154889091849
104,0.00012352876365184784
105,-0.00048647343646734953
106,0.0000022656749933958054
107,0.0004901370266452432
108,0.0007332171080633998
109,1.698499545454979e-7
110,-0.00060961430426687
111,0.00012326601427048445
112,0.00012307381257414818
113,0.0006107288645580411
114,-0.0001221013953909278
115,-0.0006097066216170788
116,-0.00036467378959059715
117,-0.00024203769862651825
118,0.0002462675329297781
119,0.0003678187495097518
120,0.0006111162947490811
121,-0.0003656386397778988
122,-0.000608887174166739
123,0.0004898782353848219
124,-0.0012184319784864783
125,-0.0003625073004513979
126,0.00012601283378899097
127,0.0009795509977266192
128,0.0006119527388364077
129,0.00012304505798965693
130,-0.00024303351528942585
131,0.0002452718326821923
132,0.00036682409700006247
133,0.00012227415572851896
134,-0.00012184155639261007
135,-0.0009753333870321512
136,-0.00048572709783911705
137,0.0006128199165686965
138,0.0004897965118288994
139,0.00012306706048548222
140,0.00036679801996797323
141,-0.00024363771080970764
142,0.0001227060565724969
143,-0.00048729602713137865
144,-0.00024248124100267887
145,-0.00036398612428456545
146,-0.0004852748243138194
147,0.000125424237921834
148,0.0000032669631764292717
149,-0.0007284823805093765
150,-0.0008491224143654108
151,-0.00023777491878718138
152,-0.0003592843422666192
153,0.0003731558099389076
154,0.00025056186132133007
155,0.00025014684069901705
156,0.00024973240215331316
157,0.0004932417068630457
158,0.0006143564824014902
159,0.0000034836120903491974
160,0.00024742865934967995
161,0.00012505438644438982
162,-0.0007288740016520023
163,0.0004920670762658119
164,-0.00011858891230076551
165,-0.00024031277280300856
166,-0.00011789635755121708
167,0.0009799980325624347
168,0.0004904367960989475
169,0.0004895918536931276
170,0.0002448231680318713
171,4.896428436040878e-7
172,-0.0007312583038583398
173,0.0008555704262107611
174,0.00012230407446622849
175,-0.0002437744988128543
176,-0.00012135563883930445
177,0.0008545800810679793
178,0.0008530858904123306
179,0.0003637459594756365
180,-0.0007345358608290553
181,-0.0010990946320816875
182,-0.00048730941489338875
183,0.0000014285324141383171
184,0.00024537474382668734
185,0.0003669257275760174
186,0.0002443364355713129
187,0.00048785016406327486
188,0.00048700685147196054
189,-0.0000016834819689393044
190,-0.0001236198004335165
191,0.00012054550461471081
192,0.00024231569841504097
193,0.0004858310567215085
194,-0.0001248200424015522
195,-0.00012457731645554304
196,0.0003635131288319826
197,0.0007287742337211967
198,0.00036161416210234165
199,-0.0006147038657218218
200,0.00011817889753729105
201,-0.0007357440190389752
202,-0.0004904929082840681
203,0.000486095086671412
204,-0.00012455659452825785
205,-0.0006121614715084434
206,-0.0004890906857326627
207,-3.5157427191734314e-7
208,-0.00024425145238637924
209,0.00036601489409804344
210,-4.979083314538002e-7
211,0.00036541162990033627
212,-0.0000011007068678736687
213,0.0009746188297867775
214,-0.00012474821414798498
215,-0.0000025437911972403526
216,-0.0002464421559125185
217,0.00024186435621231794
218,0.0007293031085282564
219,0.0003621424548327923
220,-0.0006141766207292676
221,0.00011870567686855793
222,-0.00012540898751467466
223,0.00011875759810209274
224,-0.00012535706628113985
225,-0.0007349236402660608
226,-0.000367711647413671
227,-0.00012311339378356934
228,0.0006088989321142435
229,-0.00012393237557262182
230,-0.0007335003465414047
231,-0.00024432805366814137
232,-0.001097604283131659
233,0.0003679116489365697
234,0.00012335879728198051
235,0.0000012016389518976212
236,0.000367108965292573
237,0.0002445188583806157
238,0.0006099931197240949
239,0.00012108439113944769
240,-0.000488918274641037
241,-0.0008539133705198765
242,-0.0001206020824611187
243,0.0003674837062135339
244,0.00012293108738958836
245,0.00024469790514558554
246,-0.00048748496919870377
247,0.0001232135109603405
248,0.0004889039555564523
249,0.00012217299081385136
250,0.00036590220406651497
251,-0.0003664966206997633
252,-0.0004877854371443391
253,0.00012291339226067066
254,-0.0007310148794203997
255,0.0002460022224113345
0,0.0004895131569355726
1,0.000976514769718051
2,0.00024303107056766748
3,-0.0006111126858741045
4,-0.00048804376274347305
5,-0.00012126844376325607
6,0.00024485564790666103
7,0.0001224817242473364
8,0.0002442486584186554
9,-0.00048793444875627756
10,-0.0006090068491175771
11,-0.0004859399050474167
12,0.00036868080496788025
13,-0.00036372116301208735
14,-0.00011912698391824961
15,-0.0004847763339057565
16,-0.0007278139237314463
17,-0.0004825711948797107
18,0.000006160931661725044
19,0.0004940249491482973
20,0.00012728862930089235
21,0.00012708920985460281
22,0.0007366990903392434
23,0.000003645196557044983
24,-0.000606146058999002
25,-0.0006050433730706573
26,0.00024979107547551394
27,0.00012741237878799438
28,0.000249174190685153
29,0.00012679619248956442
30,0.0003705205162987113
31,0.0004918498452752829
32,0.0000031533418223261833
33,0.0001251342473551631
34,0.00024689792189747095
35,-0.00024136388674378395
36,0.000003012595698237419
37,0.0001249933848157525
38,-0.00024109019432216883
39,0.000003286288119852543
40,0.00012526661157608032
41,0.0003689922159537673
42,0.000368360779248178
43,0.00024576776195317507
44,-0.0007303410675376654
45,0.0000027511268854141235
46,0.00036865565925836563
47,0.0003680241061374545
48,0.0001234698574990034
49,0.0002452345797792077
50,8.979113772511482e-7
51,9.181676432490349e-7
52,0.0003668242134153843
53,-0.00012165319640189409
54,-0.00012141535989940166
55,-0.00024313980247825384
56,0.0001231996575370431
57,0.0000010414514690637589
58,0.00012302340473979712
59,-0.00012109719682484865
60,0.0004889495903626084
61,0.0008539884584024549
62,0.0003646442200988531
63,-0.0003677548374980688
64,0.00024272757582366467
65,0.0001203540014103055
66,-0.0008555352687835693
67,0.0002436613431200385
68,0.00012128718663007021
69,-0.0003667554119601846
70,-0.00024412141647189856
71,0.0004881040658801794
72,0.0009751054458320141
73,-0.0003681877860799432
74,0.0006081803003326058
75,-0.00036857614759355783
76,0.00011994480155408382
77,0.0001197506207972765
78,-0.00012436718679964542
79,0.00036372023168951273
80,0.00024113059043884277
81,0.0006066062487661839
82,0.0002396602649241686
83,0.00023925118148326874
84,0.000360804726369679
85,-0.00037159211933612823
86,-0.0006148394895717502
87,-0.000003921450115740299
88,-0.00012585928197950125
89,-0.0000036562560126185417
90,0.0003622531658038497
91,-0.0002481830306351185
92,-0.0004916486795991659
93,-0.0008566436590626836
94,0.00012059195432811975
95,-0.0001235269010066986
96,0.00012063549365848303
97,0.00036436424124985933
98,-0.0000021497253328561783
99,-0.0000021274900063872337
100,-0.0001240667188540101
101,0.0008518670219928026
102,0.000850372132845223
103,-0.00024877896066755056
104,-0.000004396773874759674
105,-0.00024829653557389975
106,-0.0008576479740440845
107,-0.0000023740576580166817
108,-0.000368237029761076
109,-0.0009773739147931337
110,-0.00036580872256308794
111,0.0006105569191277027
112,0.0002436068607494235
113,0.0001212322385981679
114,0.0006088836817070842
115,-0.00036787393037229776
116,-0.0001232783542945981
117,0.00012088380753993988
118,0.0001206881133839488
119,-0.0000014692777767777443
120,0.00024247600231319666
121,0.000607949448749423
122,0.0006068875081837177
123,-0.000247906893491745
124,-0.001101182890124619
125,-0.0006113613490015268
126,0.0004874004516750574
127,0.00024263036902993917
128,-0.00024562980979681015
129,-0.0000012508826330304146
130,-0.00012319162487983704
131,-9.922077879309654e-7
132,0.00012099044397473335
133,-0.0012207861291244626
134,-0.00048682664055377245
135,-0.00012005481403321028
136,0.0000021420419216156006
137,0.00036804541014134884
138,0.00036741304211318493
139,0.0006107052322477102
140,-0.00012213096488267183
141,6.775371730327606e-8
142,-0.00024383654817938805
143,-0.00024338357616215944
144,-0.00012096879072487354
145,-0.00024269497953355312
146,-0.00012028112541884184
147,0.0000019154977053403854
148,-0.0003639522474259138
149,-0.0009730933234095573
150,-0.00023957097437232733
151,0.000614611548371613
152,0.0006135429721325636
153,0.0002465898869559169
154,-0.0007295216200873256
155,-0.00011839414946734905
156,0.000003800727427005768
157,-0.00024010695051401854
158,-0.0007275050738826394
159,-0.000482264906167984
160,-0.00023746001534163952
161,0.0002508347388356924
162,0.0003723764093592763
163,-0.00023806968238204718
164,-0.00011566036846488714
165,-0.0010911250719800591
166,-0.0014550464693456888
167,-0.00023281504400074482
168,-0.0003543341299518943
169,-0.00023171294014900923
170,0.00013461452908813953
171,0.0002563674934208393
172,0.00025594199541956186
173,0.000011593103408813477
174,-0.0001103599788621068
175,0.0004996751667931676
176,-0.0004768787184730172
177,-0.00035404053051024675
178,-0.0003533816197887063
179,0.000013161683455109596
180,0.0005010167369619012
181,0.0009880043799057603
182,0.000864316476508975
183,-0.0006007339106872678
184,-0.002429068088531494
185,-0.00047333305701613426
186,-0.00010657485108822584
187,0.0002595329424366355
188,0.0001371423713862896
189,0.000014968798495829105
190,-0.00035091140307486057
191,0.0005034771747887135
192,0.0005026148864999413
193,-0.0007178654195740819
194,-0.0005945971934124827
195,-0.00010566064156591892
196,-0.00022740184795111418
197,-0.0002269649412482977
198,-0.00022652768529951572
199,0.00062764179892838
200,0.00026067474391311407
201,0.0001382830087095499
202,-0.00034977751784026623
203,0.0001387238735333085
204,-0.00010541302617639303
205,-0.0003491166280582547
206,-0.00010453944560140371
207,0.0005054895300418139
208,-0.0008369558490812778
209,0.0006281073438003659
210,0.000261139590293169
211,0.00013874704018235207
212,0.00026049523148685694
213,-0.0001058204798027873
214,0.000016361242160201073
215,0.0003822504077106714
216,0.00001571793109178543
217,0.00025964551605284214
218,0.000015292083844542503
219,-0.00047255121171474457
220,0.00001616764348000288
221,0.0002600944135338068
222,0.0005035882350057364
223,0.000014877528883516788
224,0.00013684388250112534
225,-0.0001072925515472889
226,-0.0005949184997007251
227,-0.001081678201444447
228,-0.0008358003105968237
229,-0.0008342816727235913
230,-0.00034491659607738256
231,0.0003875038819387555
232,0.0005088135367259383
233,0.00026402168441563845
234,-0.0002242597984150052
235,-0.00010186468716710806
236,-0.00034557224716991186
237,-0.0003449228825047612
238,0.00014357361942529678
239,0.00014335464220494032
240,0.0006309838499873877
241,0.0009957841830328107
242,0.0002622778993099928
243,0.000017921440303325653
244,0.00013988453429192305
245,0.0005055544897913933
246,0.0002607648493722081
247,0.0009921047603711486
248,0.000014678109437227249
249,0.0007464531809091568
250,-0.0002305385423824191
251,-0.0002301002386957407
252,0.0002581853186711669
253,-0.00010812946129590273
254,0.00013601523824036121
255,-0.00010812084656208754
0,-0.00035182363353669643
1,0.0003806023159995675
2,-0.00022985402029007673
3,0.0006243169773370028
4,0.0005012750625610352
5,0.00037845096085220575
6,0.0004997679498046637
7,0.00001105933915823698
8,0.000254990067332983
9,-0.0003552467096596956
10,0.0006211057770997286
11,0.00013218086678534746
12,0.00001000962220132351
13,0.00025394116528332233
14,-0.0010880661429837346
15,0.0003774354699999094
16,0.00037679087836295366
17,0.0004981093807145953
18,0.00037528760731220245
19,-0.00011320237535983324
20,0.0004968325374647975
21,0.0006179355550557375
22,-0.0006027581403031945
23,-0.00011381693184375763
24,-0.00011359131895005703
25,0.0004964435938745737
26,0.0007395087741315365
27,0.00012840807903558016
28,0.00012820155825465918
29,-0.0007257376564666629
30,-0.0002365791006013751
31,0.000007787602953612804
32,-0.00011416501365602016
33,0.000008022412657737732
34,0.00012999307364225388
35,0.0007395948050543666
36,0.0003724173875525594
37,-0.0004819558234885335
38,0.00025069317780435085
39,-0.0006034638499841094
40,-0.0003584461519494653
41,-0.00023582472931593657
42,-0.00011342077050358057
43,0.00037465139757841825
44,0.0002520474372431636
45,0.0007394701242446899
46,0.00025033089332282543
47,-0.0001159782987087965
48,-0.0002377132186666131
49,0.00025057815946638584
50,0.0008599637076258659
51,0.0002486472949385643
52,-0.00011766073293983936
53,0.0003704153932631016
54,0.0004917385522276163
55,0.0007348074577748775
56,0.0013433293206617236
57,-0.0006104311905801296
58,-0.00024344585835933685
59,9.264331310987473e-7
60,0.0002448649611324072
61,0.00036640779580920935
62,0.00012184889055788517
63,-0.0001222760183736682
64,0.00024384178686887026
65,0.0003653859021142125
66,0.0004867131356149912
67,-0.0006117945304140449
68,-0.00024480780120939016
69,-0.00036632013507187366
70,-0.0003656543558463454
71,0.0007326682098209858
72,-3.891764208674431e-7
73,-0.00024429732002317905
74,-0.00048777193296700716
75,0.0007327288622036576
76,0.0003655573818832636
77,0.00012099894229322672
78,-0.0003670494770631194
79,0.00048735004384070635
80,-0.0003672343445941806
81,-0.0003665678668767214
82,-0.00024393980856984854
83,-0.00024349126033484936
84,0.00012284261174499989
85,0.0012202973011881113
86,0.0006083347834646702
87,0.0008511914638802409
88,0.00011791998986154795
89,-0.00012620165944099426
90,-0.0004918519407510757
91,0.0007286528125405312
92,-0.0002483254065737128
93,0.00048389879520982504
94,0.00011716433800756931
95,0.00023892882745712996
96,0.000726362457498908
97,0.0007250816561281681
98,0.0003579163458198309
99,0.00023532670456916094
100,0.0006008011987432837
101,0.00011189293581992388
102,0.00035562366247177124
103,0.0008428453002125025
104,-0.00013434258289635181
105,0.0005976713728159666
106,0.0004746519261971116
107,-0.000014036428183317184
108,-0.0006238182540982962
109,-0.00013485969975590706
110,0.0008410785812884569
111,0.0009615494636818767
112,-0.0002597759012132883
113,0.00010657228995114565
114,-0.00038146355655044317
115,-0.000014898949302732944
116,0.0003510148962959647
117,-0.000015493016690015793
118,0.00010649778414517641
119,-0.000015652389265596867
120,0.0007161478279158473
121,0.0007148761069402099
122,-0.0006279750959947705
123,0.0003488346701487899
124,-0.00001767126377671957
125,-0.000017640646547079086
126,-0.0001395718427374959
127,0.0003485227935016155
128,-0.00001798267476260662
129,0.00034793384838849306
130,-0.0006283804541453719
131,0.0009582390775904059
132,-0.00014112156350165606
133,-0.00026283448096364737
134,0.00010351603850722313
135,0.000469216494821012
136,0.0007123047253116965
137,-0.000020734965801239014
138,0.00010126037523150444
139,0.0005889245076104999
140,0.000343950348906219
141,0.0000994107685983181
142,-0.000632542185485363
143,-0.0008753474103286862
144,-0.000020062783733010292
145,0.0009556651348248124
146,0.00046611635480076075
147,0.0003433218225836754
148,-0.0002671030815690756
149,0.00022121367510408163
150,-0.00038899423088878393
151,-0.000022422638721764088
152,-0.00002238794695585966
153,0.00022157072089612484
154,-0.0006325611611828208
155,-0.0002655566204339266
156,0.00010079680941998959
157,-0.00026527163572609425
158,0.0003450049553066492
159,-0.00014345906674861908
160,-0.00014320819173008204
161,-0.0003868814092129469
162,-0.0002642354229465127
163,-0.00001984555274248123
164,0.0002241111360490322
165,0.0004676340613514185
166,0.0007107235724106431
167,-0.0003882000455632806
168,-0.0008753623114898801
169,0.0007116934284567833
170,-0.0005091929342597723
171,0.00034544127993285656
172,-0.0003869471838697791
173,-0.00014233915135264397
174,-0.00038601330015808344
175,0.00022447924129664898
176,0.00046800205018371344
177,0.00010128214489668608
178,0.00046698423102498055
179,-0.0003875821130350232
180,-0.00014297408051788807
181,0.0004670859780162573
182,-0.00014355708844959736
183,-0.00002134393434971571
184,-0.00014327187091112137
185,-0.00014302111230790615
186,-0.0006306183058768511
187,-0.0008734246948733926
188,-0.0001401035115122795
189,0.00022603000979870558
190,0.00010366574861109257
191,0.0005913279019296169
192,-0.00014149572234600782
193,-0.0006290939636528492
194,-0.0003840542631223798
195,0.00010447471868246794
196,0.00022625038400292397
197,-0.0002619995502755046
198,-0.000017611426301300526
199,-0.0005054280627518892
200,-0.0002606066409498453
201,-0.0006260289810597897
202,-0.0005029540043324232
203,-0.000014210701920092106
204,-0.00025810685474425554
205,0.0007180493557825685
206,0.0008387381676584482
207,0.0005933255888521671
208,-0.0006273472681641579
209,-0.0006262329407036304
210,-0.000015309778973460197
211,0.0005945279262959957
212,0.0002275874139741063
213,0.00034914538264274597
214,0.00010460114572197199
215,0.0002263771602883935
216,0.00022597401402890682
217,-0.0005061995470896363
218,-0.0002613775432109833
219,-0.0002609135117381811
220,-0.0001384878996759653
221,0.00034960603807121515
222,-0.00013886194210499525
223,0.00022727041505277157
224,0.0007147145224735141
225,-0.00001832714769989252
226,0.0005915135843679309
227,-0.000019348226487636566
228,-0.0012389348121359944
229,-0.001480658771470189
230,-0.0001364469062536955
231,0.0008394931210204959
232,0.0005940798437222838
233,-0.00001678441185504198
234,-0.0001387160737067461
235,0.0005933017237111926
236,0.0004702861187979579
237,0.0013231829507276416
238,0.000467096921056509
239,0.00010037783067673445
240,-0.0005096141248941422
241,0.0007109061116352677
242,0.0007096391636878252
243,0.0008303355425596237
244,-0.00002487911842763424
245,-0.00002484186552464962
246,0.00046304287388920784
247,0.00021828943863511086
248,-0.0003919157898053527
249,-0.00002534163650125265
250,-0.0007570753805339336
251,-0.00002396572381258011
252,-0.0009996243752539158
253,-0.0002660827012732625
254,-0.0001436527818441391
255,0.00022248458117246628
0,0.0008318944601342082
1,0.0003425643080845475
2,-0.000267859548330307
3,-0.00014542753342539072
4,-0.00002321286592632532
5,0.00009878468699753284
6,-0.0003892438253387809
7,0.0002212519757449627
8,0.00034281553234905005
9,-0.000023684464395046234
10,0.0007081229705363512
11,0.0003409732598811388
12,-0.00002552545629441738
13,0.0000964743085205555
14,0.00034021935425698757
15,-0.00014824036043137312
16,-0.0002699469914659858
17,0.00021837244275957346
18,0.0007058244664222002
19,0.0002167146885767579
20,-0.000027603120543062687
21,-0.00039344874676316977
22,0.00021705066319555044
23,0.00009469431824982166
24,-0.0005152922822162509
25,-0.00014849973376840353
26,-0.000758053851313889
27,-0.00014690507669001818
28,0.0003411967772990465
29,0.0007064694073051214
30,0.0007052067667245865
31,-0.000027826172299683094
32,-0.00014974793884903193
33,0.00009443273302167654
34,-0.0006375154480338097
35,-0.00014854420442134142
36,-0.00014828843995928764
37,0.0000958908349275589
38,-0.00027017295360565186
39,0.0005840323865413666
40,0.00021710142027586699
41,-0.0001491785515099764
42,0.00021696346811950207
43,-0.0014908970333635807
44,-0.0006345231086015701
45,-0.0001455545425415039
46,-0.0003892249660566449
47,-0.000022652908228337765
48,0.0005871924804523587
49,0.0009520297171548009
50,0.0005844467086717486
51,-0.0002703322097659111
52,-0.00026985991280525923
53,-0.00014742591883987188
54,-0.0008789421990513802
55,-0.00014561577700078487
56,-0.000023400760255753994
57,-0.000023364322260022163
58,0.000586481299251318
59,0.0007073958404362202
60,0.0009500562446191907
61,0.00021658919285982847
62,-0.000027727801352739334
63,-0.00039357354398816824
64,-0.00014895934145897627
65,0.00033914472442120314
66,-0.00002735189627856016
67,-0.00027123582549393177
68,-0.000026838737539947033
69,0.0005830103764310479
70,0.0003380420384928584
71,0.00045939418487250805
72,0.00021464424207806587
73,-0.0001516331685706973
74,-0.00015137461014091969
75,-0.000029153889045119286
76,-0.00027303630486130714
77,0.000581171945668757
78,0.0005801293300464749
79,0.0003351642517372966
80,0.0007004422368481755
81,-0.00039847148582339287
82,-0.0003977766027674079
83,0.00009076530113816261
84,-0.00003136997111141682
85,0.00009063584730029106
86,0.00021242443472146988
87,-0.00027581292670220137
88,0.00009055039845407009
89,0.0005782250082120299
90,0.00008933746721595526
91,-0.00039868184830993414
92,-0.00003210129216313362
93,-0.00003205658867955208
94,0.0003338732058182359
95,0.00008934352081269026
96,-0.0001547519350424409
97,-0.0002764523960649967
98,-0.0003979356260970235
99,0.0005784539971500635
100,-0.0005202429601922631
101,-0.0016169884474948049
102,-0.00027254584711045027
103,-0.000394033151678741
104,0.00009450595825910568
105,0.00021629128605127335
106,0.0003378605470061302
107,-0.0002725585363805294
108,-0.0005160071887075901
109,-0.0002711755223572254
110,0.00046106951776891947
111,-0.0003934908891096711
112,0.00046093319542706013
113,-0.0006375507218763232
114,-0.0005144645692780614
115,0.000340175349265337
116,-0.0006361309206113219
117,0.0002187252976000309
118,0.00046225416008383036
119,0.0004614258650690317
120,0.0004605986177921295
121,-0.00002807553391903639
122,-0.0006378442049026489
123,-0.0007586812134832144
124,-0.0003914550179615617
125,-0.00039076595567166805
126,-0.00014615384861826897
127,-0.00014589924830943346
128,-0.00038956908974796534
129,0.00034288980532437563
130,0.0005862000398337841
131,0.0004631913034245372
132,-0.000025485060177743435
133,-0.0003913319669663906
134,-0.0006345668807625771
135,-0.000023635104298591614
136,0.00009836337994784117
137,-0.0003896632697433233
138,0.0007086810655891895
139,0.00009760784450918436
140,-0.00014649482909590006
141,0.00021964567713439465
142,0.000341211911290884
143,-0.0002692097332328558
144,0.00009714800398796797
145,-0.00014695432037115097
146,-0.0003906227648258209
147,0.00009791308548301458
148,0.0009514674311503768
149,0.0007058472838252783
150,0.00021673855371773243
151,-0.00014954002108424902
152,0.00021660292986780405
153,-0.0002716375747695565
154,-0.00014920125249773264
155,0.000582827371545136
156,0.0007037456380203366
157,0.00009267718996852636
158,-0.0007612305926159024
159,-0.0012477352283895016
160,-0.0001478694612160325
161,-0.0003915372071787715
162,-0.00014692393597215414
163,-0.00026863045059144497
164,-0.0003901207819581032
165,0.0005862624384462833
166,0.00034129235427826643
167,0.00009675638284534216
168,-0.000025383196771144867
169,0.0005844648694619536
170,0.0005834201583638787
171,-0.0002713568974286318
172,0.00033892656210809946
173,-0.00014953070785850286
174,-0.00014927319716662169
175,0.0005827556597068906
176,-0.0001500590005889535
177,-0.000027839094400405884
178,0.00046004983596503735
179,0.0007031478453427553
180,0.0008238509763032198
181,-0.00015331839676946402
182,0.00045675213914364576
183,0.00021200545597821474
184,-0.00015426892787218094
185,0.000333840842358768
186,-0.000032650306820869446
187,-0.00015456671826541424
188,-0.00027626624796539545
189,0.0005779458442702889
190,0.0006988686509430408
191,0.00008780451025813818
192,0.00008763489313423634
193,-0.00027842039708048105
194,0.00008794572204351425
195,-0.000034185824915766716
196,-0.00003413902595639229
197,0.0005757173057645559
198,0.00033075676765292883
199,0.0008180020377039909
200,0.0008165332255885005
201,-0.00028259120881557465
202,0.0000837789848446846
203,0.00020557467360049486
204,0.00044911575969308615
205,0.00020437606144696474
206,-0.0001618912210687995
207,-0.00040554581210017204
208,-0.0005268054082989693
209,0.0009376554517075419
210,0.000326163019053638
211,0.00008164066821336746
212,-0.0004063706146553159
213,-0.00040566769894212484
214,-0.00028300355188548565
215,0.0003272911999374628
216,0.0002047303132712841
217,-0.0005274227587506175
218,-0.0008923894492909312
219,0.00032879807986319065
220,0.00008427398279309273
221,-0.00028177816420793533
222,-0.00003737001679837704
223,-0.00003731984179466963
224,-0.0005251173861324787
225,-0.0001583142438903451
226,-0.0008898198138922453
227,0.0003313656197860837
228,0.0005746870301663876
229,0.000451689469628036
230,0.0006947957444936037
231,0.00020569749176502228
232,0.00020531530026346445
233,-0.0006488000508397818
234,0.00032803043723106384
235,0.00044939329382032156
236,0.00008269189856946468
237,-0.0004053205484524369
238,0.00020519178360700607
239,0.0006926573114469647
240,0.0003255230840295553
241,0.00020296406000852585
242,-0.000041339313611388206
243,0.00008067640010267496
244,0.00008051388431340456
245,0.00032427499536424875
246,-0.0005300540942698717
247,-0.0002852084580808878
248,0.0005690123653039336
249,0.00032405846286565065
250,0.0008113104850053787
251,0.0003220008220523596
252,0.00019944505766034126
253,-0.0002887790324166417
254,-0.0004102499224245548
255,0.00020026671700179577
0,-0.00016599602531641722
1,0.00020016275811940432
2,-0.00004413782153278589
3,0.0005657284054905176
4,0.00007685401942580938
5,0.00007669487968087196
6,0.0000765359727665782
7,0.00007637729868292809
8,0.0005640664603561163
9,0.0008069645846262574
10,-0.0004141120007261634
11,-0.00016947719268500805
12,0.00019668496679514647
13,0.000684158643707633
14,0.0006829185876995325
15,-0.0000500919995829463
16,-0.0007818009471520782
17,-0.0002925905864685774
18,0.00007378950249403715
19,0.0005614813417196274
20,-0.00004935113247483969
21,0.0004385582869872451
22,-0.00005009456072002649
23,0.00007193011697381735
24,0.00007177575025707483
25,-0.00017230201046913862
26,0.0005597488489001989
27,-0.00005108187906444073
28,-0.00017297989688813686
29,-0.0002946618478745222
30,-0.00017220317386090755
31,-0.0004158472875133157
32,0.0001946749398484826
33,0.00043822743464261293
34,0.00043742277193814516
35,-0.00041711435187608004
36,-0.0006603241199627519
37,-0.0002932912902906537
38,-0.000658681383356452
39,0.0003181594656780362
40,-0.00029223947785794735
41,0.00044002674985677004
42,0.00043922080658376217
43,0.0006823391886427999
44,0.0008030631579458714
45,-0.0001740856096148491
46,-0.00017380411736667156
47,-0.00005156057886779308
48,0.0003143892390653491
49,0.00006987969391047955
50,0.00019168993458151817
51,-0.00005260237958282232
52,-0.00017449900042265654
53,0.00043559272307902575
54,0.0005567530170083046
55,0.00006788736209273338
56,-0.00005422416143119335
57,0.0000678044743835926
58,-0.000420192489400506
59,0.0001903338124975562
60,-0.00005395652260631323
61,0.00031199585646390915
62,0.00018945068586617708
63,0.0009208556730300188
64,0.0006752659101039171
65,0.00006422505248337984
66,0.0001860406482592225
67,0.0005515634547919035
68,0.0000627030385658145
69,0.0006723674014210701
70,-0.0003045561024919152
71,-0.0003040494630113244
72,0.00030626601073890924
73,0.00030568824149668217
74,-0.00018273701425641775
75,0.00006147695239633322
76,-0.00018259056378155947
77,-0.000426224316470325
78,-0.00018157740123569965
79,0.00006263575050979853
80,0.00006249104626476765
81,-0.00005961500573903322
82,0.00018438114784657955
83,0.00006205833051353693
84,0.0003058383008465171
85,-0.0005484723951667547
86,0.00018423947039991617
87,-0.00030396878719329834
88,0.00006242317613214254
89,-0.00018164445646107197
90,-0.000059393118135631084
91,0.0011602985905483365
92,0.000060546561144292355
93,0.00018236611504107714
94,0.00030396925285458565
95,-0.00018445379100739956
96,0.00018172431737184525
97,-0.00042844354175031185
98,-0.0007936035981401801
99,-0.00042634212877601385
100,-0.0007915036985650659
101,0.00042948860209435225
102,0.00030673190485686064
103,0.0006720401579514146
104,0.00030492700170725584
105,-0.00042742001824080944
106,-0.0011584660969674587
107,-0.0006685935659334064
108,0.00006433401722460985
109,0.00006418873090296984
110,-0.0003018417628481984
111,-0.0001793745905160904
112,-0.0006669339491054416
113,0.00018795416690409184
114,-0.00017829460557550192
115,0.0001878783805295825
116,0.0007973244646564126
117,0.0001860687043517828
118,-0.0004241022979840636
119,0.0005523152649402618
120,-0.0001804680796340108
121,-0.0010339115979149938
122,0.0005533990915864706
123,0.00043042434845119715
124,-0.00018018018454313278
125,0.00006403285078704357
126,-0.0006678833160549402
127,-0.0004228029865771532
128,0.00006576627492904663
129,0.0005534677766263485
130,-0.00017931615002453327
131,-0.00017902778927236795
132,0.0005530321504920721
133,0.000673981849104166
134,0.0007947154808789492
135,0.0005493483040481806
136,-0.00006147043313831091
137,-0.0004272803198546171
138,-0.00018263061065226793
139,0.00018354691565036774
140,0.00006122642662376165
141,0.0000610848655924201
142,-0.000304942368529737
143,0.0021348047303035855
144,0.00005762581713497639
145,0.000057487981393933296
146,-0.0000646121334284544
147,-0.0004304188769310713
148,0.00005815748590976
149,0.0004239047411829233
150,-0.00006473157554864883
151,-0.00018661445938050747
152,0.0001795669086277485
153,0.0007890218403190374
154,0.0002997360425069928
155,-0.00006671948358416557
156,0.00017728551756590605
157,-0.0007987625431269407
158,-0.00006560899782925844
159,-0.0003094529965892434
160,-0.0007967868587002158
161,0.0003022500313818455
162,0.0001797165023162961
163,0.0011550572235137224
164,-0.00006664986722171307
165,-0.00031049258541315794
166,0.00005590752698481083
167,-0.0005540376296266913
168,-0.00006524217315018177
169,0.0006666092667728662
170,-0.00006638257764279842
171,-0.00006630143616348505
172,0.00017770344857126474
173,0.00029931298922747374
174,0.0002987440675497055
175,0.00005425233393907547
176,0.00054196547716856
177,-0.0015323879197239876
178,-0.0012857792899012566
179,-0.0001858738251030445
180,-0.0004295014077797532
181,0.0005469225579872727
182,0.0006678795907646418
183,0.0006666581612080336
184,0.0009093619883060455
185,-0.00043387117329984903
186,0.00017667142674326897
187,0.000054358853958547115
188,0.0002981484867632389
189,0.00017561938147991896
190,-0.0003125781659036875
191,-0.0006779467221349478
192,-0.00018893193919211626
193,0.00029921485111117363
194,0.0010304180905222893
195,0.00017481681425124407
196,0.0005403532413765788
197,-0.0001924170646816492
198,0.000051809241995215416
199,-0.0001922458177432418
200,0.00005198025610297918
201,-0.00043599866330623627
202,0.0001745463814586401
203,0.0002961597638204694
204,0.00017363287042826414
205,-0.0004365243948996067
206,-0.0005577498814091086
207,-0.00031287362799048424
208,-0.0006782412528991699
209,0.0006645075045526028
210,0.0000534809660166502
211,-0.00006861332803964615
212,-0.000434414716437459
213,-0.00031171785667538643
214,-0.00006727688014507294
215,-0.0003111173864454031
216,-0.0003106003860011697
217,0.0001777637517079711
218,-0.00031043507624417543
219,0.00005596701521426439
220,-0.0003100527683272958
221,0.000300272717140615
222,0.0002997043775394559
223,0.0013967942213639617
224,0.00029661913868039846
225,-0.0003137547755613923
226,-0.0006791211199015379
227,-0.00006814231164753437
228,-0.0003119814209640026
229,0.0002983460435643792
230,-0.000190067570656538
231,-0.00079957558773458
232,-0.0006762287812307477
233,0.0004225950688123703
234,0.00029984861612319946
235,0.000055357348173856735
236,0.000055224052630364895
237,0.00005509122274816036
238,-0.0007987752323970199
239,0.000056342571042478085
240,-0.00043163890950381756
241,-0.00006502063479274511
242,0.00017898587975651026
243,0.0009104058844968677
244,0.0002989451168105006
245,0.000054454896599054337
246,-0.0006774485809728503
247,-0.0001884325174614787
248,0.00017775362357497215
249,-0.00018848199397325516
250,-0.0003101432230323553
251,-0.00043158826883882284
252,-0.000796740292571485
253,0.0004242616705596447
254,0.0009113233536481857
255,-0.0006758328527212143
0,-0.00030878011602908373
1,-0.0018937686691060662
2,-0.0003049306105822325
3,0.00006146775558590889
4,0.0005491774063557386
5,-0.0007934082532301545
6,-0.000426142243668437
7,0.0005502817220985889
8,-0.00018249545246362686
9,-0.0007920091738924384
10,0.0003070269012823701
11,0.00018449267372488976
12,0.00006217497866600752
13,0.00018399860709905624
14,-0.00018224213272333145
15,-0.00030390836764127016
16,0.0005503371357917786
17,0.0004273696104064584
18,0.0004265818279236555
19,0.0003038328140974045
20,-0.00006262259557843208
21,0.0001813822891563177
22,0.00030299159698188305
23,0.00018046097829937935
24,0.000180109404027462
25,-0.0003080894239246845
26,-0.00006364937871694565
27,0.00018035667017102242
28,0.0009117762092500925
29,0.0005442394176498055
30,-0.00018853170331567526
31,-0.00018823042046278715
32,0.0005438425578176975
33,0.000420881318859756
34,-0.000189709709957242
35,-0.00043333088979125023
36,-0.00043259491212666035
37,0.0004218737594783306
38,-0.0000667559215798974
39,-0.00018863286823034286
40,0.00029951706528663635
41,0.000055027659982442856
42,0.0002988205524161458
43,-0.0003115538274869323
44,-0.00031103380024433136
45,-0.0009203242370858788
46,0.00005697330925613642
47,0.0001788027584552765
48,-0.00006547058001160622
49,-0.0009191192220896482
50,-0.00006378465332090855
51,-0.00006370141636580229
52,0.00018030533101409674
53,0.00017995457164943218
54,-0.00018628127872943878
55,-0.0003079427406191826
56,-0.0005513499490916729
57,0.0001813714625313878
58,0.0006688672583550215
59,0.0005456875078380108
60,-0.0003090458922088146
61,-0.000064604333601892
62,0.0003013653913512826
63,0.00042276130989193916
64,-0.00006586895324289799
65,-0.0003097074804827571
66,-0.00006526499055325985
67,0.000056781573221087456
68,0.00030057330150157213
69,-0.00006587768439203501
70,0.0005440171808004379
71,0.0002990949433296919
72,0.00005460716784000397
73,-0.00018944661132991314
74,-0.0006769904866814613
75,0.00017791311256587505
76,0.00029952707700431347
77,0.0011526963207870722
78,0.0006627676775678992
79,0.00041763181798160076
80,-0.0003149169497191906
81,0.00005149224307388067
82,-0.0003145200898870826
83,0.0002958128461614251
84,0.0002952518407255411
85,0.00005076813977211714
86,0.00005064171273261309
87,0.00029443949460983276
88,0.00004995637573301792
89,0.00017179292626678944
90,0.000049489084631204605
91,0.00004936405457556248
92,0.000049239606596529484
93,0.0005369625287130475
94,-0.00019580067601054907
95,-0.0008052998455241323
96,-0.00019409693777561188
97,0.00041602097917348146
98,0.0006591693963855505
99,0.00029207533225417137
100,0.000779366004280746
101,0.00004617136437445879
102,0.000411935499869287
103,-0.00044256949331611395
104,-0.0000759373651817441
105,-0.0008076133672147989
106,0.00029143947176635265
107,0.0002908833557739854
108,0.0010220991680398583
109,-0.00007741327863186598
110,-0.0003212402807548642
111,0.00016713759396225214
112,-0.00032104714773595333
113,0.000289292773231864
114,0.00016677670646458864
115,-0.00019944529049098492
116,-0.00019913155119866133
117,0.0002890296746045351
118,0.0002884763525798917
119,-0.00007796275895088911
120,0.0005319446790963411
121,0.00004311103839427233
122,0.000042992993257939816
123,-0.00020104891154915094
124,-0.00007877114694565535
125,0.00004328915383666754
126,0.000043171108700335026
127,0.0008967863395810127
128,0.0006512274267151952
129,0.00004021800123155117
130,0.000040102400816977024
131,-0.0002039363607764244
132,-0.0005695036379620433
133,-0.00044657301623374224
134,-0.00032386044040322304
135,0.0001645208103582263
136,0.0005300724878907204
137,0.00040712696500122547
138,0.0002843989059329033
139,0.000039926497265696526
140,-0.0008139214478433132
141,-0.000324671040289104
142,0.0001637107925489545
143,0.00016337819397449493
144,0.0002850074088200927
145,0.00016249669715762138
146,-0.00044764450285583735
147,0.0007727266056463122
148,0.0005273872520774603
149,0.0005264063365757465
150,0.0002815023763105273
151,-0.00020689063239842653
152,0.000037354882806539536
153,-0.0003286426654085517
154,-0.0006939899176359177
155,-0.00020495394710451365
156,-0.0004485571989789605
157,-0.00008191820234060287
158,-0.00020377710461616516
159,0.000040465849451720715
160,0.00004035164602100849
161,0.00028416106943041086
162,-0.0005701195914298296
163,-0.00008130201604217291
164,-0.00020316126756370068
165,0.000041081453673541546
166,0.0001629285980015993
167,0.00004063569940626621
168,0.0004064069362357259
169,0.0002836809726431966
170,-0.0006925611523911357
171,-0.0008133355295285583
172,-0.00020212249364703894
173,-0.0002018042141571641
174,-0.001299142837524414
175,0.0005325541133061051
176,-0.00044412538409233093
177,-0.0001994512276723981
178,0.0001667506294324994
179,-0.00019946927204728127
180,0.00004477077163755894
181,-0.0004431941779330373
182,-0.00044244423042982817
183,-0.00019777147099375725
184,-0.00007549463771283627
185,-0.00007539684884250164
186,0.0004125487757846713
187,0.00004589406307786703
188,-0.0006859955610707402
189,-0.00044088915456086397
190,-0.00044014141894876957
191,0.0005363011732697487
192,-0.0008062671404331923
193,-0.00019505969248712063
194,-0.002512022852897644
195,-0.00043423986062407494
196,0.0002982737496495247
197,0.0006636002799496055
198,-0.00006937957368791103
199,-0.0008010580204427242
200,-0.00018985499627888203
201,0.00017633894458413124
202,0.00017599703278392553
203,-0.0000682686222717166
204,0.00017574743833392859
205,0.00017540599219501019
206,0.0002970268251374364
207,0.0005403929390013218
208,0.00041744078043848276
209,0.0006605914095416665
210,0.00004957651253789663
211,0.0000494557898491621
212,0.0004152207402512431
213,0.00004856451414525509
214,-0.000317441183142364
215,0.00004897511098533869
216,0.00004885497037321329
217,0.0002926589222624898
218,0.0006579911569133401
219,0.0002909023314714432
220,0.00004642701242119074
221,-0.0006854621460661292
222,-0.00031839346047490835
223,-0.00031786179170012474
224,0.00029247882775962353
225,0.00004800211172550917
226,0.00004788313526660204
227,0.0004136499483138323
228,0.00029091909527778625
229,-0.0004414035938680172
230,-0.00044065399561077356
231,0.00029186601750552654
232,0.0010230852058157325
233,-0.00007642374839633703
234,-0.00032024725805968046
235,0.0005340194329619408
236,0.0006549974204972386
237,0.00016595004126429558
238,0.0005315039306879044
239,-0.001298906048759818
240,0.00004494504537433386
241,0.000166791258379817
242,-0.0008092363132163882
243,-0.00019802490714937449
244,0.00041210162453353405
245,0.0005332964938133955
246,0.0004103514365851879
247,0.0005315479356795549
248,0.00004271895159035921
249,0.00004260544665157795
250,0.00016445398796349764
251,-0.0002017618389800191
252,-0.00007947906851768494
253,-0.00032329943496733904
254,-0.00020080071408301592
255,-0.00007851875852793455
0,-0.0003223397070541978
1,0.00077585328835994
2,0.0008964005392044783
3,-0.000446810619905591
4,-0.0003240937367081642
5,-0.000201593735255301
6,0.00040853640530258417
7,0.000651697046123445
8,0.00016265339218080044
9,-0.00008159840945154428
10,-0.00044737791176885366
11,0.000041225459426641464
12,0.000041113817133009434
13,-0.00008095940575003624
14,-0.00008085393346846104
15,-0.0004466341342777014
16,-0.00007999304216355085
17,-0.0008116594981402159
18,-0.000566330854780972
19,0.00016641116235405207
20,-0.00007784389890730381
21,-0.0004436264280229807
22,-0.00019894971046596766
23,-0.00007666891906410456
24,0.0001673570368438959
25,0.00004506355617195368
26,0.00041083444375544786
27,-0.00007777754217386246
28,-0.0008094459772109985
29,-0.0014178516576066613
30,-0.0012934040278196335
31,0.00017240573652088642
32,0.000903841108083725
33,0.0005363194504752755
34,-0.00007447402458637953
35,-0.00007437402382493019
36,0.0005355357425287366
37,0.00016866694204509258
38,0.00016833411063998938
39,0.00004604039713740349
40,0.0001678873086348176
41,0.0005334413144737482
42,0.0006544218631461263
43,0.00004341488238424063
44,-0.00044454517774283886
45,-0.0005657525034621358
46,0.00016698951367288828
47,0.0007764683105051517
48,0.00004328333307057619
49,0.00004317064303904772
50,0.0005309063708409667
51,-0.0004457681206986308
52,0.0002867593429982662
53,0.000042290426790714264
54,-0.0002017446095123887
55,-0.0006892697419971228
56,0.00004369055386632681
57,0.00016554014291614294
58,-0.0006885221228003502
59,0.000288361799903214
60,-0.00020003248937427998
61,0.0006540219765156507
62,0.0007747872732579708
63,-0.00020231958478689194
64,-0.0009337679948657751
65,-0.00044429709669202566
66,-0.00044354191049933434
67,-0.00007690209895372391
68,-0.0005646460922434926
69,-0.00019778974819928408
70,0.00029037706553936005
71,0.00028982898220419884
72,-0.00044248951599001884
73,-0.00007585040293633938
74,-0.0005635949783027172
75,-0.000074777752161026
76,0.00004728580825030804
77,0.00041305646300315857
78,0.00004640570841729641
79,0.0004121775273233652
80,0.00016748940106481314
81,0.00016715913079679012
82,0.000288791605271399
83,0.0002882452681660652
84,0.00016573804896324873
85,0.00016540952492505312
86,0.0005309671396389604
87,-0.00007982039824128151
88,-0.0005675610154867172
89,-0.0005665876669809222
90,-0.0005656147841364145
91,0.0008988997433334589
92,0.0002874606288969517
93,0.0004088775021955371
94,-0.0006895400583744049
95,-0.0005663877818733454
96,-0.00019952934235334396
97,0.0002886399161070585
98,0.0006539799505844712
99,-0.00032291014213114977
100,-0.0003223705571144819
101,-0.0003218314377591014
102,-0.0003212925512343645
103,0.0004110174486413598
104,-0.00019955472089350224
105,0.00028861500322818756
106,-0.00032173970248550177
107,0.00004468485713005066
108,-0.0004432746209204197
109,0.0001672904472798109
110,0.0005328471306711435
111,0.0005318681942299008
112,0.0008967756293714046
113,-0.0005683943163603544
114,-0.0003234954783692956
115,-0.0006888402858749032
116,0.00028804538305848837
117,0.00004357704892754555
118,-0.0011761522619053721
119,-0.0010521331569179893
120,0.00004736229311674833
121,0.00041313422843813896
122,0.00041237042751163244
123,-0.0006860499270260334
124,-0.00044093781616538763
125,-0.0004401839105412364
126,-0.0001955069601535797
127,0.0005365832475945354
128,0.00029167754109948874
129,-0.00031867914367467165
130,0.00004774343688040972
131,0.0006574388826265931
132,0.000778203597292304
133,0.00016698113176971674
134,0.00028861488681286573
135,-0.0005656630964949727
136,-0.00044272770173847675
137,-0.0006858960259705782
138,-0.00019685958977788687
139,-0.0003185012610629201
140,0.00016988336574286222
141,0.0006574004655703902
142,0.0006562033668160439
143,-0.0004426497034728527
144,0.00041183934081345797
145,-0.0005646179197356105
146,0.0004120499361306429
147,0.0004112876486033201
148,-0.0010530168656259775
149,-0.0005633289692923427
150,0.00004745216574519873
151,-0.00007462280336767435
152,0.0002913669450208545
153,0.00004689651541411877
154,-0.0005630257073789835
155,0.000047755660489201546
156,0.0001696040853857994
157,0.0002912362106144428
158,0.00016872817650437355
159,-0.0006853339727967978
160,-0.0005621835589408875
161,0.00017055857460945845
162,0.0001702281879261136
163,0.0005357835907489061
164,-0.00007500604260712862
165,-0.0008066727314144373
166,0.00004846544470638037
167,0.0002922756830230355
168,0.000047805020585656166
169,-0.00007426971569657326
170,0.000047796289436519146
171,0.000535530736669898
172,0.0006565132644027472
173,-0.0009301871759817004
174,0.00016909348778426647
175,-0.00019712152425199747
176,0.00016908615361899137
177,-0.00007516669575124979
178,0.00004690024070441723
179,0.0002907123416662216
180,-0.00007571873720735312
181,-0.00007561291567981243
182,0.0004123400431126356
183,-0.00019823084585368633
184,-0.0004418318858370185
185,-0.0001971519086509943
186,-0.00019683013670146465
187,0.0002913393545895815
188,-0.0012947109062224627
189,-0.0005606667837128043
190,-0.00007184920832514763
191,0.00017217709682881832
192,0.0004157695220783353
193,0.0012687385315075517
194,-0.00019708520267158747
195,-0.001172458054497838
196,-0.00007274525705724955
197,-0.00019460381008684635
198,-0.0001942837843671441
199,0.00017192144878208637
200,-0.00031625665724277496
201,0.0002940892009064555
202,0.000537465326488018
203,0.00004863704089075327
204,0.00029244821052998304
205,-0.00019594549667090178
206,-0.00019562419038265944
207,-0.0004392266273498535
208,-0.00019454886205494404
209,-0.0005601141601800919
210,0.0004165511345490813
211,0.00017186265904456377
212,-0.0006822012364864349
213,-0.0006810138002038002
214,-0.0004359041340649128
215,0.0002966189058497548
216,0.00029606930911540985
217,0.000295520294457674
218,-0.0009246474364772439
219,-0.00031321856658905745
220,0.00029712519608438015
221,0.00005265150684863329
222,0.0005403830436989665
223,0.0004174383357167244
224,0.00017274951096624136
225,0.00005045672878623009
226,0.00005034264177083969
227,-0.00043761858250945807
228,0.00005098222754895687
229,0.00029479176737368107
230,-0.0000716416398063302
231,0.00029434741009026766
232,-0.0003160096239298582
233,0.0002943368162959814
234,-0.0000720958923920989
235,0.0002938933903351426
236,0.0005372704472392797
237,-0.0003174426965415478
238,-0.0004388660890981555
239,-0.0004381114849820733
240,-0.0000714717898517847
241,0.00041647907346487045
242,0.000049829366616904736
243,-0.0005600930890068412
244,-0.0005591223016381264
245,-0.0006801140261813998
246,-0.00031304266303777695
247,-0.000312507851049304
248,0.000053912168368697166
249,-0.00019012822303920984
250,-0.000555696664378047
251,-0.0003108057426288724
252,0.0007873838767409325
253,0.0004200799157842994
254,-0.00031245837453752756
255,-0.0003119239117950201
0,-0.0005553142400458455
1,0.00017742428462952375
2,-0.0004327197093516588
3,0.0001778394216671586
4,-0.0005542668513953686
5,-0.0001874150475487113
6,-0.00030906195752322674
7,0.00005735503509640694
8,-0.00006472610402852297
9,-0.0003085521748289466
10,-0.00042998301796615124
11,0.00018057366833090782
12,-0.0005515348166227341
13,0.00030316191259771585
14,-0.00030720175709575415
15,0.0006690233713015914
16,-0.00030787638388574123
17,-0.0009171550627797842
18,-0.0006716179195791483
19,-0.0006704386323690414
20,0.0003064339980483055
21,0.0004278387641534209
22,-0.0006705914856866002
23,0.00006235786713659763
24,-0.0006695371121168137
25,0.0000634114257991314
26,0.0003072109539061785
27,-0.00018119451124221087
28,-0.000058922916650772095
29,-0.00030275422614067793
30,0.00006365799345076084
31,-0.00018039043061435223
32,0.00018580409232527018
33,0.0003074245760217309
34,-0.00018098100554198027
35,-0.00030263327062129974
36,-0.000302107073366642
37,-0.00030158169101923704
38,0.0001867914106696844
39,-0.00017943698912858963
40,-0.0001791282556951046
41,-0.0003007823834195733
42,-0.0006661436054855585
43,0.0003107257653027773
44,-0.0002996443072333932
45,0.0004326504422351718
46,0.0007977585773915052
47,-0.00005740136839449406
48,-0.0006671196315437555
49,-0.00030005862936377525
50,0.0003102746559306979
51,0.0001877526519820094
52,0.0005532951327040792
53,-0.00030143081676214933
54,-0.00017894385382533073
55,0.0006750973407179117
56,0.0009178116451948881
57,0.00018439837731420994
58,-0.0006696748314425349
59,0.00030719779897481203
60,0.00030664040241390467
61,0.0004280451685190201
62,-0.00030449917539954185
63,-0.00249928527045995
64,0.00006634334567934275
65,0.00031014031264930964
66,0.0003095803549513221
67,0.00030902086291462183
68,-0.0007891950663179159
69,-0.0009097646689042449
70,-0.0002983476733788848
71,-0.00017586303874850273
72,-0.0001755577977746725
73,0.00006867141928523779
74,0.0004344282206147909
75,0.00043364951852709055
76,0.00006698595825582743
77,0.000310782459564507
78,0.0003102219197899103
79,0.00030966184567660093
80,-0.000666592619381845
81,0.0004322394961491227
82,-0.0005442326655611396
83,0.00006653473246842623
84,-0.0004214392974972725
85,0.0003110723337158561
86,0.00018854986410588026
87,0.00018820620607584715
88,-0.00029998435638844967
89,-0.000299460138194263
90,0.00006694928742945194
91,0.0005546697648242116
92,0.00006582844071090221
93,-0.0006660688668489456
94,-0.00005508458707481623
95,0.0005548143526539207
96,0.0000659731449559331
97,-0.000056115095503628254
98,-0.0004219099646434188
99,-0.00017724500503391027
100,0.00031090935226529837
101,0.0001883871154859662
102,-0.0005437275394797325
103,0.00006703950930386782
104,0.0003108363598585129
105,0.0005541997961699963
106,0.0007971301674842834
107,0.000185895012691617
108,-0.00005836982745677233
109,-0.0007900482742115855
110,-0.0004227692261338234
111,-0.00017810380086302757
112,-0.0002997580450028181
113,-0.000055309850722551346
114,0.0001887038815766573
115,0.0006762082921341062
116,0.0010408839443698525
117,0.00006332946941256523
118,-0.0004246416501700878
119,0.00006394961383193731
120,-0.00042402208782732487
121,-0.000057393335737288
122,0.0004305463517084718
123,0.0005517331883311272
124,0.0007946660043671727
125,0.0010371662210673094
126,-0.000306270201690495
127,-0.0003057402791455388
128,0.00006067520007491112
129,0.000548401614651084
130,-0.00018435786478221416
131,0.000669688917696476
132,-0.00006328651215881109
133,-0.0005510367918759584
134,-0.00006222468800842762
135,0.0009135670261457562
136,0.0006680057849735022
137,-0.00043085357174277306
138,-0.00006421899888664484
139,0.0004237270914018154
140,0.000057072960771620274
141,0.000300878775306046
142,-0.00006555777508765459
143,-0.00006545847281813622
144,0.00042248889803886414
145,0.0005436833016574383
146,0.0005426999414339662
147,0.00017583125736564398
148,-0.0005562714068219066
149,0.000054507399909198284
150,0.0005422396352514625
151,0.00017537164967507124
152,0.0001750407973304391
153,0.0004186334554105997
154,0.00029590807389467955
155,0.00041732320096343756
156,0.00041656079702079296
157,-0.0000720492098480463
158,0.0004159043310210109
159,-0.00043859053403139114
160,-0.00007194839417934418
161,-0.0008036140352487564
162,-0.0006802461575716734
163,-0.00019121065270155668
164,-0.0003128522075712681
165,0.0005414171610027552
166,0.0005404362455010414
167,-0.00019231531769037247
168,-0.00019199424423277378
169,-0.00019167340360581875
170,0.00041845650412142277
171,0.0007835787255316973
172,0.0005382421659305692
173,0.00029333983547985554
174,-0.00007308949716389179
175,0.0006587884854525328
176,0.000657594995573163
177,0.0004124788101762533
178,-0.00019808858633041382
179,0.00004616111982613802
180,0.00004605436697602272
181,-0.000563862849958241
182,-0.0008068097522482276
183,-0.0005614766851067543
184,-0.0004385402426123619
185,0.0009037975687533617
186,0.000902169500477612
187,-0.00007515179459005594
188,-0.0003189666895195842
189,-0.0004403862403705716
190,0.000536067527718842
191,-0.0003186414251103997
192,0.00004778627771884203
193,0.0002916017547249794
194,0.00004713598173111677
195,0.0006568377139046788
196,0.0007776077836751938
197,-0.0006873417878523469
198,-0.00032026111148297787
199,0.00004616822116076946
200,0.0002899852115660906
201,0.00004552118480205536
202,-0.00019850896205753088
203,-0.00032014353200793266
204,-0.0004415616858750582
205,0.000047046225517988205
206,0.00041282386519014835
207,0.0006559904431924224
208,0.00016695214435458183
209,-0.00032121792901307344
210,-0.0005645966157317162
211,0.0023634666576981544
212,0.0001639277907088399
213,0.00016360823065042496
214,0.0002852508332580328
215,0.000528638600371778
216,0.0004057080950587988
217,-0.0003268143627792597
218,0.00003962137270718813
219,-0.00044832704588770866
220,-0.0005695223808288574
221,-0.00020265404600650072
222,-0.00032428454142063856
223,0.00016411091201007366
224,0.0006516390712931752
225,0.0011383004020899534
226,0.00003859121352434158
227,-0.00008347025141119957
228,-0.0008151242509484291
229,-0.000813706312328577
230,-0.00044640444684773684
231,0.000042208353988826275
232,0.00004210567567497492
233,-0.00032388244289904833
234,0.0000425511971116066
235,0.00016441009938716888
236,0.0001640907721593976
237,-0.0000801522983238101
238,-0.00020199944265186787
239,-0.0008114776574075222
240,-0.0003222156083211303
241,0.00028814072720706463
242,-0.0005661302711814642
243,-0.00007730280049145222
244,0.0007765429327264428
245,0.00004336645361036062
246,-0.00007869862020015717
247,-0.00007858523167669773
248,-0.00020043354015797377
249,-0.00020010326988995075
250,0.00004415016155689955
251,0.00016600824892520905
252,-0.0005660835886374116
253,-0.0004431415582075715
254,-0.00032041699159890413
255,0.00016797601711004972
0,0.00016765366308391094
1,-0.00007659196853637695
2,-0.00007647986058145761
3,0.00016755564138293266
4,0.00004527205601334572
5,0.00028909125830978155
6,0.0005324770463630557
7,-0.0009320370154455304
8,-0.00019863457418978214
9,0.0001675799721851945
10,0.00028922013007104397
11,0.00016672024503350258
12,0.00028836133424192667
13,-0.0004439472686499357
14,-0.0009310310706496239
15,-0.00007566798012703657
16,-0.00031947996467351913
17,-0.00007501163054257631
18,0.00016902305651456118
19,-0.0003191470168530941
20,0.00004728313069790602
21,0.0002911008195951581
22,-0.00019728613551706076
23,0.00029088929295539856
24,0.0001683882437646389
25,-0.0001978196669369936
26,-0.00044141465332359076
27,0.0004130804445594549
28,-0.00007552362512797117
29,0.000656359363347292
30,0.0006551706464961171
31,0.0000441728625446558
32,-0.0004437774186953902
33,-0.00019908987451344728
34,0.00016712560318410397
35,0.00016680487897247076
36,0.00004452257417142391
37,-0.0006873520324006677
38,-0.0005641928873956203
39,0.00016855797730386257
40,0.0000462742755189538
41,-0.00019775412511080503
42,0.0001684599556028843
43,-0.00007578532677143812
44,0.00016825064085423946
45,0.00016792910173535347
46,-0.0009300492238253355
47,-0.00019664806313812733
48,-0.0005622055614367127
49,0.0006583911599591374
50,0.00029131502378731966
51,-0.00007510965224355459
52,0.000046963803470134735
53,0.0001688204938545823
54,-0.0014170057838782668
55,-0.00019489089027047157
56,-0.0003165261587128043
57,0.000049902708269655704
58,-0.0004380525788292289
59,0.0005384018877521157
60,0.000659388373605907
61,0.00004838791210204363
62,-0.00019564200192689896
63,-0.00031727668829262257
64,0.0005370003636926413
65,-0.00007378298323601484
66,0.00004828942473977804
67,-0.000805549556389451
68,-0.0006821767892688513
69,0.00017274997662752867
70,-0.00007149891462177038
71,-0.0005592376692220569
72,-0.00019237655214965343
73,-0.0008018610533326864
74,0.00005328014958649874
75,0.0000531697878614068
76,0.00017502123955637217
77,-0.00031315337400883436
78,-0.0005565364845097065
79,-0.00006771576590836048
80,0.0002982756122946739
81,0.00005380692891776562
82,0.000053696450777351856
83,0.00017554732039570808
84,0.00017522030975669622
85,-0.0014106115559116006
86,-0.0004324252950027585
87,-0.0006755943177267909
88,0.0005452124169096351
89,0.0005442316178232431
90,0.0009091371903195977
91,0.0002976985415443778
92,0.00005323067307472229
93,0.00029704428743571043
94,0.0007843482308089733
95,0.000051166978664696217
96,-0.0006807127501815557
97,-0.00006971065886318684
98,0.0004182443954050541
99,0.0013931801076978445
100,0.0006589157273992896
101,0.000047916313633322716
102,0.000657620606943965
103,0.00004662212450057268
104,-0.0009291768074035645
105,-0.0001957757631316781
106,-0.0005613332614302635
107,-0.0003164313966408372
108,0.0013915786985307932
109,0.0007792781107127666
110,0.0004119873046875
111,0.00016730965580791235
112,0.000045028398744761944
113,0.000288849463686347
114,0.000654199393466115
115,0.000043204170651733875
116,-0.00020082015544176102
117,0.0004093217430636287
118,0.0002866089344024658
119,0.0004080368671566248
120,0.00004140113014727831
121,0.0005291495472192764
122,-0.00020358781330287457
123,-0.0005691380938515067
124,0.00016361859161406755
125,0.0007731120567768812
126,0.00003994139842689037
127,-0.00008211832027882338
128,-0.001545541686937213
129,0.0004085685359314084
130,0.0005297799361869693
131,-0.00008099549449980259
132,-0.00020283926278352737
133,0.00004141929093748331
134,0.0004072062438353896
135,-0.00044727593194693327
136,-0.00032454507891088724
137,0.000041891937144100666
138,0.00016375468112528324
139,0.00016343919560313225
140,0.0008948948234319687
141,-0.00032633962109684944
142,-0.0005697103915736079
143,-0.00032480014488101006
144,-0.00020228663925081491
145,-0.0000799897825345397
146,-0.0006896815029904246
147,-0.00020063272677361965
148,-0.00007833738345652819
149,0.0005315883317962289
150,0.00016473501455038786
151,-0.00020146684255450964
152,0.0000427906634286046
153,-0.00020123249851167202
154,-0.00007893657311797142
155,0.00040902767796069384
156,-0.00020153168588876724
157,-0.00032315938733518124
158,-0.0005665323697030544
159,0.0004101464292034507
160,-0.00020041398238390684
161,-0.00007811863906681538
162,-0.00007800222374498844
163,-0.0003218097845092416
164,-0.0034922693157568574
165,-0.0006809612968936563
166,-0.0011676150606945157
167,-0.00006789772305637598
168,0.00005417130887508392
169,0.0002979858545586467
170,0.00041940470691770315
171,-0.00019116373732686043
172,-0.00019083835650235415
173,0.0004192960914224386
174,0.00005265150684863329
175,0.00005254358984529972
176,-0.0004354118136689067
177,-0.00043465266935527325
178,-0.0003119325265288353
179,0.00005449459422379732
180,0.0005422323010861874
181,0.00017537036910653114
182,0.0004189687315374613
183,0.00005232449620962143
184,0.0002961404388770461
185,-0.00031420972663909197
186,-0.00043562857899814844
187,0.00017494044732302427
188,-0.00043519376777112484
189,0.00005341263022273779
190,0.0007850759429857135
191,-0.00019202835392206907
192,-0.0008015114581212401
193,0.00005363184027373791
194,0.0004194087814539671
195,0.00029668805655092
196,0.0005400702357292175
197,0.0000512485858052969
198,0.0004170278552919626
199,-0.0000715763308107853
200,0.0002944202860817313
201,-0.00019396643619984388
202,-0.0004375620046630502
203,-0.000558762694709003
204,-0.0000699374359101057
205,0.0001740959705784917
206,0.00017377210315316916
207,0.0002954103983938694
208,-0.00007101520895957947
209,0.0005389046855270863
210,0.0005379316862672567
211,0.0005369592690840364
212,0.0002920642727985978
213,-0.00019632047042250633
214,-0.00043991347774863243
215,0.0004145832499489188
216,-0.00007401849143207073
217,0.00004805694334208965
218,-0.00007400836329907179
219,0.0006578763714060187
220,-0.00007508182898163795
221,0.00004699442069977522
222,0.0005347394617274404
223,0.00016788486391305923
224,0.0002895285142585635
225,-0.0006867011543363333
226,-0.0008074629586189985
227,0.00004768557846546173
228,0.0004134684568271041
229,0.0004127155989408493
230,0.000533925136551261
231,-0.00044273841194808483
232,0.000045875669457018375
233,-0.0001981494715437293
234,0.00041199265979230404
235,0.0002892791526392102
236,-0.00032106461003422737
237,-0.0005644380580633879
238,-0.00019756949041038752
239,-0.00007527554407715797
240,0.000534648890607059
241,-0.00032005319371819496
242,0.000168343773111701
243,-0.0004417839227244258
244,-0.0006849420024082065
245,-0.00007393350824713707
246,-0.00007381988689303398
247,-0.0004395918222144246
248,-0.0004388276720419526
249,0.0001717448467388749
250,0.00017142377328127623
251,-0.00019478262402117252
252,0.0000494709238409996
253,-0.0001945568947121501
254,-0.0000722657423466444
255,-0.00007215281948447227
0,0.000049921334721148014
1,0.00017177884001284838
2,0.00041538174264132977
3,0.0006585513474419713
4,0.0006573640275746584
5,-0.000685402425006032
6,0.00004756823182106018
7,-0.00044038170017302036
8,-0.00019569287542253733
9,0.00029248534701764584
10,-0.00043982244096696377
11,0.00017075147479772568
12,0.0006582789355888963
13,0.0004131685709580779
14,0.00029045483097434044
15,0.00028991978615522385
16,-0.0004423855571076274
17,-0.0003196566831320524
18,-0.0006849931087344885
19,-0.0003179082414135337
20,0.00029244902543723583
21,0.0005358366761356592
22,0.0004129052395001054
23,0.000534115475602448
24,0.0005331479478627443
25,0.00016629521269351244
26,-0.0005657918518409133
27,0.0002889264142140746
28,-0.00007749232463538647
29,-0.0003212986048310995
30,0.00016710034105926752
31,0.000044821761548519135
32,-0.00007723935414105654
33,0.0002887638984248042
34,0.0006541167385876179
35,-0.00007883727084845304
36,-0.0006885277107357979
37,-0.0006873251404613256
38,-0.0005641618045046926
39,-0.00019729218911379576
40,0.000046964152716100216
41,-0.0003190224524587393
42,-0.000562397064641118
43,0.0009021279402077198
44,0.0007785465568304062
45,0.00016733561642467976
46,-0.00007690431084483862
47,-0.00044267287012189627
48,-0.0011736764572560787
49,0.00029193353839218616
50,-0.00019644922576844692
51,-0.00007415539585053921
52,0.000291845528408885
53,0.00041327206417918205
54,0.0009003682062029839
55,0.0001669788034632802
56,-0.0008090318879112601
57,-0.0009295757627114654
58,-0.0003181321080774069
59,0.00004830211400985718
60,-0.00007376167923212051
61,0.00029223866295069456
62,0.00016974157188087702
63,0.0005353088490664959
64,0.0005343408556655049
65,0.00041141186375170946
66,0.00004477601032704115
67,-0.0005651320097967982
68,-0.00044218474067747593
69,-0.0001974938204512
70,-0.00031912222038954496
71,-0.00007464864756911993
72,0.0004133146721869707
73,0.000778449117206037
74,0.00028920068871229887
75,0.0002886683214455843
76,-0.00019971129950135946
77,-0.000931147369556129
78,-0.0004416642477735877
79,-0.0006848209304735065
80,-0.0023910871241241693
81,-0.00019153987523168325
82,-0.00031317363027483225
83,0.0004191425396129489
84,0.00017446244601160288
85,0.000052178394980728626
86,0.000295997248031199
87,-0.00019238865934312344
88,-0.00019205966964364052
89,-0.0008015405619516969
90,-0.00043424253817647696
91,-0.0001895579043775797
92,0.0005425398703664541
93,0.0005415658233687282
94,0.0007845163345336914
95,0.00017330085393041372
96,-0.000314867589622736
97,0.00017352623399347067
98,0.0006610527634620667
99,-0.0019013348501175642
100,-0.0004344271728768945
101,0.0002981051802635193
102,0.00005364115349948406
103,0.000053535099141299725
104,0.00041931471787393093
105,0.00041855848394334316
106,-0.0004359300946816802
107,-0.0004351676907390356
108,-0.0003124442882835865
109,-0.00018993800040334463
110,-0.00031157280318439007
111,0.00042074196971952915
112,0.00041998480446636677
113,0.0007851136615499854
114,0.0004178218077868223
115,-0.0008025517454370856
116,-0.0008011384634301066
117,0.000054006814025342464
118,-0.00031198502983897924
119,0.000054444302804768085
120,0.0002982616424560547
121,0.0002977214753627777
122,0.00005325803067535162
123,0.0006629619747400284
124,0.00005196325946599245
125,-0.00007010309491306543
126,-0.0005578382406383753
127,-0.00019097328186035156
128,0.00005327886901795864
129,-0.0011664460180327296
130,0.000055235112085938454
131,0.00042101333383470774
132,0.0004202560521662235
133,0.0005414611659944057
134,0.0006624500965699553
135,0.0010271472856402397
136,-0.0004382332554087043
137,-0.001657087472267449
138,-0.0003125752555206418
139,-0.0000681065721437335
140,-0.00006799609400331974
141,0.00017603859305381775
142,0.00029767758678644896
143,0.00029713823460042477
144,-0.00031320995185524225
145,-0.0008005124982446432
146,0.00005463289562612772
147,0.00042041181586682796
148,0.00029769318643957376
149,0.0001751921372488141
150,-0.0003129775868728757
151,0.00005345314275473356
152,0.00005334755405783653
153,0.00029716629069298506
154,-0.00019122043158859015
155,-0.0009226629044860601
156,-0.0003112244885414839
157,0.0002991283545270562
158,0.000054664211347699165
159,0.0005424052942544222
160,-0.000312301330268383
161,-0.00018979492597281933
162,0.0001764183398336172
163,0.0004200190305709839
164,0.0006631867727264762
165,0.0002961118007078767
166,0.00005165033508092165
167,-0.0003143391804769635
168,-0.00019183079712092876
169,-0.00019150145817548037
170,-0.0003131340490654111
171,-0.0001906268298625946
172,0.00041951099410653114
173,0.0009066029451787472
174,0.000417133211158216
175,-0.00019342952873557806
176,0.00017278664745390415
177,-0.0003153803991153836
178,0.0002949765184894204
179,-0.00031536968890577555
180,-0.0003148219548165798
181,0.00017357291653752327
182,-0.00007067143451422453
183,0.0006612135330215096
184,0.0007819883758202195
185,0.00004881410859525204
186,-0.0006830582860857248
187,-0.0003159731859341264
188,-0.00007150101009756327
189,0.00017253682017326355
190,0.00017221772577613592
191,-0.00019398704171180725
192,0.0002941919956356287
193,-0.00019419135060161352
194,0.0007818354060873389
195,0.0001706236507743597
196,0.00017030583694577217
197,0.00004802702460438013
198,-0.00007403525523841381
199,0.000048043206334114075
200,-0.00031794258393347263
201,-0.0008052400080487132
202,0.00004990980960428715
203,0.0009035413386300206
204,-0.00007377262227237225
205,-0.00019561825320124626
206,0.0002925626467913389
207,-0.00019581918604671955
208,0.000048437854275107384
209,0.00004833773709833622
210,-0.0003176485188305378
211,0.00029271107632666826
212,0.00017021491657942533
213,0.0001698979176580906
214,0.0004135051276534796
215,0.00004686950705945492
216,-0.0009289246518164873
217,-0.0009272897150367498
218,-0.00007192243356257677
219,-0.00031573139131069183
220,-0.0005591067019850016
221,-0.0005581252044066787
222,-0.00043518259190022945
223,-0.00006853439845144749
224,0.0007853112183511257
225,-0.0000698271906003356
226,0.00005224766209721565
227,0.0004180297255516052
228,-0.00007057143375277519
229,0.0006613136501982808
230,-0.00019360624719411135
231,0.0004165350692346692
232,0.0002938206307590008
233,0.000049361842684447765
234,-0.0001946628326550126
235,-0.00031629204750061035
236,-0.000559666776098311
237,0.00005112471990287304
238,0.00017298420425504446
239,0.00005070306360721588
240,0.00005060096736997366
241,-0.00007146259304136038
242,-0.0000713481567800045
243,-0.0003151568816974759
244,-0.00031460891477763653
245,-0.0003140612971037626
246,0.00029629538767039776
247,0.00017379666678607464
248,0.0001734766410663724
249,-0.00007076642941683531
250,-0.000436537666246295
251,-0.0005577352130785584
252,-0.0010446024825796485
253,0.0002988253254443407
254,0.0006641716463491321
255,0.00005317328032106161
0,-0.0008006641874089837
1,-0.0005553271621465683
2,-0.0004323867615312338
3,-0.00018770224414765835
4,-0.00018737534992396832
5,-0.00018704915419220924
6,0.00017916259821504354
7,0.0001788382651284337
8,-0.00043129525147378445
9,-0.00018661178182810545
10,0.0003015616675838828
11,0.0001790582900866866
12,-0.00006518990267068148
13,-0.0000650802394375205
14,-0.0010406658984720707
15,-0.0006729371380060911
16,-0.00018389802426099777
17,0.0004262346774339676
18,0.001035283668898046
19,-0.00043010280933231115
20,-0.0007952296873554587
21,-0.0006718592485412955
22,0.0006709118606522679
23,0.00005990779027342796
24,-0.0005500118713825941
25,-0.0011588471243157983
26,-0.0003030574880540371
27,0.00006336590740829706
28,0.0001852146815508604
29,0.00018488499335944653
30,-0.00018133001867681742
31,0.00042880047112703323
32,-0.0005476574879139662
33,0.00006312364712357521
34,0.000916744233109057
35,0.00018334283959120512
36,0.000548900687135756
37,0.000425960635766387
38,0.000059314537793397903
39,0.00005920534022152424
40,-0.0009165994124487042
41,0.001036415807902813
42,-0.0005509336479008198
43,-0.00006211129948496819
44,0.00005995761603116989
45,-0.00030603818595409393
46,0.0001823495840653777
47,0.0005479081301018596
48,0.0001810454996302724
49,-0.0004290899960324168
50,-0.0001844081562012434
51,-0.00018408405594527721
52,0.000060163321904838085
53,0.0005479007959365845
54,0.0001810378162190318
55,-0.0003071354003623128
56,-0.00006267044227570295
57,0.00030332268215715885
58,0.00042474165093153715
59,-0.0004297507693991065
60,-0.00006310653407126665
61,0.0001809250097721815
62,-0.00018528616055846214
63,-0.0004288855707272887
64,-0.0004281273577362299
65,0.001402058289386332
66,0.00017994490917772055
67,0.00005765794776380062
68,0.0005453976336866617
69,0.00017853709869086742
70,0.00005625165067613125
71,0.000300068873912096
72,-0.0006761663826182485
73,-0.00018712424207478762
74,-0.001040531205944717
75,-0.00006299279630184174
76,0.0001810390967875719
77,0.0009124843636527658
78,0.0006669344147667289
79,0.0002998579293489456
80,-0.0009203008376061916
81,-0.0004308251664042473
82,-0.0004300653235986829
83,-0.00030734448228031397
84,0.0004249686608090997
85,0.0005461713299155235
86,0.0000573483994230628
87,0.00042312638834118843
88,0.0006662927335128188
89,-0.0005545166786760092
90,-0.0006755004869773984
91,-0.00006449688225984573
92,-0.00018634984735399485
93,0.00005789985880255699
94,-0.00006417010445147753
95,0.00017986271996051073
96,-0.00006438593845814466
97,0.0007894564187154174
98,0.0005441245157271624
99,-0.0003105823416262865
100,-0.00031003751792013645
101,-0.000797340995632112
102,0.00017976469825953245
103,0.00017944024875760078
104,-0.000430693500675261
105,0.0009116469882428646
106,-0.0006754827918484807
107,0.0003014063695445657
108,0.0009106749203056097
109,-0.00031056825537234545
110,-0.000919833080843091
111,-0.0009182048961520195
112,0.00042500218842178583
113,-0.00018556660506874323
114,0.000058682519011199474
115,-0.0004292735829949379
116,-0.0007944006938487291
117,0.0012803596910089254
118,0.000668272259645164
119,-0.00006469117943197489
120,-0.0007963529787957668
121,-0.0009169051190838218
122,-0.0005493940552696586
123,-0.0006703822873532772
124,-0.0004252687795087695
125,-0.0001805899664759636
126,0.0003075783606618643
127,0.0009168413234874606
128,0.0005493261851370335
129,-0.0006712708855047822
130,-0.0003041946329176426
131,0.000062229810282588
132,0.0000621182844042778
133,0.0004278923152014613
134,-0.0007924882229417562
135,-0.00018127216026186943
136,0.0009167060488834977
137,0.001037038629874587
138,-0.00006246310658752918
139,0.00018156797159463167
140,-0.0004285674076527357
141,-0.0005497717065736651
142,0.0005488597089424729
143,0.00018199614714831114
144,0.0009134415304288268
145,0.0003020050935447216
146,-0.00043030758388340473
147,-0.00030758604407310486
148,-0.0000631201546639204
149,-0.0004288976779207587
150,-0.00030617741867899895
151,-0.00030563666950911283
152,-0.0005490200128406286
153,-0.0006700087105855346
154,-0.0004248956684023142
155,0.00018566858489066362
156,0.0007951486622914672
157,-0.0001819597091525793
158,0.00018424808513373137
159,-0.000669813365675509
160,-0.0005466624861583114
161,-0.000301767373457551
162,0.00018661702051758766
163,0.0007960962830111384
164,-0.00030297483317553997
165,-0.0004243985749781132
166,0.0005520506529137492
167,0.00018518476281315088
168,0.0009166267700493336
169,-0.00018265936523675919
170,-0.0006701843813061714
171,-0.000912918709218502
172,0.00006439827848225832
173,-0.00017963885329663754
174,-0.00042324268724769354
175,-0.0001785655040293932
176,0.00043156289029866457
177,0.0005527602043002844
178,0.0007957026828080416
179,-0.0005472914781421423
180,-0.00018043408636003733
181,0.00006381049752235413
182,-0.000058264355175197124
183,-0.00018012255895882845
184,-0.0011554972734302282
185,0.00006617594044655561
186,0.0006758705712854862
187,0.00018682389054447412
188,0.0004304172471165657
189,-0.0016436987789347768
190,0.00006668909918516874
191,0.00018853542860597372
192,0.00018820317927747965
193,-0.0002999763237312436
194,-0.00042140274308621883
195,-0.00017672742251306772
196,-0.0001764100743457675
197,0.0006776404334232211
198,0.000432516448199749
199,-0.00005609705112874508
200,-0.0007877665339037776
201,-0.00042047840543091297
202,0.00019008142407983541
203,0.000433672103099525
204,0.00018898118287324905
205,-0.0004211609484627843
206,-0.00029844767414033413
207,0.0001899339258670807
208,0.0006774479988962412
209,0.0004323241300880909
210,-0.0005441369721665978
211,0.00006664183456450701
212,-0.0007872070418670774
213,0.00031185150146484375
214,0.0003113015554845333
215,0.00031075149308890104
216,0.0006760881515219808
217,0.001162736676633358
218,0.00006301479879766703
219,-0.0007908308180049062
220,-0.0005455019418150187
221,-0.0003006082260981202
222,0.0003097373992204666
223,0.0009189982665702701
224,-0.0004242141731083393
225,-0.000179536291398108
226,0.00018666917458176613
227,0.00018633855506777763
228,0.0006738561205565929
229,0.00030677299946546555
230,-0.000669467612169683
231,-0.00005846959538757801
232,-0.0004242513095960021
233,0.00006435031536966562
234,-0.00017968681640923023
235,-0.00017936690710484982
236,0.0004307621857151389
237,0.0007958837086334825
238,-0.000181225361302495
239,0.0001849817344918847
240,-0.00030319509096443653
241,-0.000546580646187067
242,-0.00017972372006624937
243,0.0003084437921643257
244,-0.00030191277619451284
245,0.0006743191042914987
246,0.0006731218891218305
247,0.0005499634426087141
248,-0.00006082444451749325
249,-0.0004266041796654463
250,-0.00005996227264404297
251,0.00018406659364700317
252,-0.00006018509157001972
253,0.0000618818448856473
254,-0.00018215319141745567
255,0.00006209290586411953
0,0.00018394296057522297
1,0.0004275387618690729
2,0.0006707011489197612
3,-0.0005501121049746871
4,-0.00042717577889561653
5,-0.00030445714946836233
6,-0.000059994286857545376
7,0.00042795855551958084
8,-0.00006065052002668381
9,-0.00030446855816990137
10,-0.00006000546272844076
11,0.0003059853333979845
12,-0.0004263307200744748
13,-0.00030361313838511705
14,0.0017702776240184903
15,0.000059664598666131496
16,0.0003034789115190506
17,0.00018097436986863613
18,-0.00030719873029738665
19,0.00018119090236723423
20,0.0006687123095616698
21,-0.0017717179143801332
22,0.0003047777572646737
23,-0.00018361350521445274
24,-0.0005491758929565549
25,0.0004274928942322731
26,0.0001828076783567667
27,-0.0005492905620485544
28,-0.00018243142403662205
29,-0.00042603269685059786
30,-0.0005472387420013547
31,0.0010392377153038979
32,0.000671505113132298
33,-0.00030538474675267935
34,-0.0006707303691655397
35,-0.0006695406045764685
36,-0.0006683514220640063
37,-0.00030127831269055605
38,0.0001871059648692608
39,-0.00005714874714612961
40,0.0009186492534354329
41,0.00018524646293371916
42,0.00006295554339885712
43,-0.00005911861080676317
44,0.00006294785998761654
45,0.00018479744903743267
46,0.00018446880858391523
47,0.0003061016323044896
48,-0.0007921002106741071
49,0.00006303901318460703
50,0.00018488860223442316
51,0.0006724072154611349
52,0.0006712116301059723
53,-0.0005496022058650851
54,0.00006118149030953646
55,0.00030499440617859364
56,0.00018248858395963907
57,0.00006019999273121357
58,-0.00030579580925405025
59,-0.00006133131682872772
60,0.0007925083627924323
61,0.0009130596881732345
62,0.0001796620199456811
63,-0.00116224295925349
64,-0.0000625258544459939
65,0.000059543526731431484
66,0.0005472820485010743
67,0.0006682679522782564
68,-0.0006745050195604563
69,-0.0006733116460964084
70,-0.00030623364727944136
71,0.00018215482123196125
72,0.00018182839266955853
73,-0.0003063454059883952
74,-0.0004277661209926009
75,-0.0007928946288302541
76,0.00006224552635103464
77,-0.0004257134860381484
78,-0.00005907239392399788
79,0.0001849562395364046
80,0.0001846269005909562
81,0.0004282223526388407
82,0.0005494224606081843
83,-0.00042725098319351673
84,-0.000914341420866549
85,-0.00005898508243262768
86,-0.00042476633097976446
87,-0.0003020496806129813
88,-0.00030151219107210636
89,-0.0004229373298585415
90,-0.00017826072871685028
91,0.00043186789844185114
92,0.0006750264437869191
93,-0.0003018666757270694
94,-0.000057405559346079826
95,0.00043054495472460985
96,-0.00018002837896347046
97,0.00006421585567295551
98,-0.0003017829731106758
99,-0.00042320811189711094
100,-0.000056568882428109646
101,0.0007972666062414646
102,0.0010397756705060601
103,0.00018419499974697828
104,-0.00030398089438676834
105,-0.0011571749346330762
106,0.0003084233030676842
107,0.0005518002435564995
108,0.00018493446987122297
109,-0.00005931849591434002
110,-0.0007909847190603614
111,0.00018611550331115723
112,0.0007955949986353517
113,0.0000624100212007761
114,-0.0001816251315176487
115,-0.00018130347598344088
116,-0.00005902000702917576
117,-0.00042480125557631254
118,0.0003077250439673662
119,-0.000790478428825736
120,0.00018662132788449526
121,0.00043021468445658684
122,-0.00005839637015014887
123,-0.0001802545739337802
124,-0.0005458192899823189
125,-0.00017896306235343218
126,0.00006528000812977552
127,-0.0005446434952318668
128,0.0003100592875853181
129,0.00006558699533343315
130,-0.0005443370901048183
131,-0.0006653296295553446
132,-0.00005433510523289442
133,-0.00017619645223021507
134,-0.0001758793368935585
135,-0.0004194866633042693
136,0.0003130347467958927
137,0.00006856000982224941
138,-0.0005413668695837259
139,-0.00017451460007578135
140,0.00031364860478788614
141,0.0011668300721794367
142,0.0003110283287242055
143,-0.00005540682468563318
144,-0.00017726724036037922
145,-0.0005428350996226072
146,0.00018990423996001482
147,0.00018957082647830248
148,0.00006727559957653284
149,-0.00042068783659487963
150,0.00006791041232645512
151,0.0005556415999308228
152,0.0009205435635522008
153,-0.000056784600019454956
154,-0.0005445295246317983
155,0.00018821097910404205
156,-0.0001780062448233366
157,-0.00029964966233819723
158,-0.000055190990678966045
159,-0.000420975498855114
160,0.0005554709350690246
161,0.0006764490390196443
162,-0.000422406941652298
163,-0.0002996927360072732
164,-0.000055233947932720184
165,-0.00017709459643810987
166,0.00018910877406597137
167,-0.00017710949759930372
168,-0.00005483010318130255
169,0.00018919433932751417
170,0.00006689969450235367
171,0.000676593161188066
172,0.0006753940833732486
173,-0.00005757599137723446
174,-0.00005747273098677397
175,0.0003085158532485366
176,0.00030796893406659365
177,0.00006349803879857063
178,-0.00042446202132850885
179,0.0003080634633079171
180,-0.002009759424254298
181,0.0010428597452118993
182,0.00043120014015585184
183,0.00006454973481595516
184,-0.0005453734192997217
185,-0.0011542128631845117
186,-0.0002984268357977271
187,0.0007997641805559397
188,-0.00017734791617840528
189,-0.000420953962020576
190,-0.0011519744293764234
191,0.00019165757112205029
192,0.0005572080845013261
193,0.00031229923479259014
194,0.00006782473064959049
195,0.0005555559182539582
196,-0.00017719937022775412
197,-0.000054919510148465633
198,-0.00054266641382128
199,-0.00017581309657543898
200,-0.00005353451706469059
201,0.000800298061221838
202,0.0004329944495111704
203,-0.00017758121248334646
204,-0.0009090345120057464
205,-0.000785454292781651
206,0.00006967899389564991
207,0.0004354465054348111
208,0.00019075395539402962
209,-0.0006633136654272676
210,0.00019160285592079163
211,0.0006791152991354465
212,0.000555951613932848
213,0.00006712018512189388
214,0.00031092751305550337
215,-0.0004213930806145072
216,-0.00005475606303662062
217,0.0001892683794721961
218,0.00006697326898574829
219,-0.0005429522134363651
220,0.0004337106365710497
221,-0.000054903794080019
222,0.0005550062051042914
223,-0.0001777481520548463
224,0.00006649363785982132
225,-0.0002995077520608902
226,0.00031083670910447836
227,-0.0005434463964775205
228,-0.0005424778209999204
229,0.00043418456334620714
230,0.00006753136403858662
231,0.0003113385755568743
232,-0.000055096810683608055
233,-0.0013965769903734326
234,0.00006945058703422546
235,-0.000052629620768129826
236,-0.0001744928304105997
237,-0.00029613974038511515
238,-0.000905417138710618
239,-0.0005379166686907411
240,0.00019481778144836426
241,0.000682327663525939
242,0.00031523697543889284
243,-0.00017316406592726707
244,-0.0009046212071552873
245,-0.0004151597386226058
246,-0.000048528192564845085
247,0.0003174523590132594
248,-0.0005368362180888653
249,-0.00029195030219852924
250,-0.00016946031246334314
251,0.00031869777012616396
252,0.00007421756163239479
253,0.0003180184867233038
254,-0.0002923468127846718
255,-0.0006577041931450367
0,-0.0006565264193341136
1,0.0003203456290066242
2,0.00019782560411840677
3,0.0011731800623238087
4,0.0000734482891857624
5,0.00007332663517445326
6,0.00007320439908653498
7,-0.00041476485785096884
8,-0.0009018670534715056
9,-0.0002904459834098816
10,-0.0002899199025705457
11,-0.00004546984564512968
12,0.0005644314223900437
13,-0.00041225552558898926
14,-0.0002895505167543888
15,0.0006866700714454055
16,0.0003195756580680609
17,0.0006849037017673254
18,-0.0005359224742278457
19,-0.00041299930308014154
20,-0.000534217688255012
21,0.0003204751992598176
22,-0.00028989254496991634
23,-0.00041132885962724686
24,0.00007726100739091635
25,0.0006869449280202389
26,0.0005637737922370434
27,0.000196896493434906
28,0.00044048018753528595
29,-0.0007799121085554361
30,-0.0006565556395798922
31,-0.000045569613575935364
32,-0.00016743945889174938
33,-0.0006549785612151027
34,-0.0002879176754504442
35,0.0010541870724409819
36,0.0009303644765168428
37,-0.0004128585569560528
38,-0.00016819150187075138
39,-0.0002898444654420018
40,-0.00016735692042857409
41,0.0003207994159311056
42,-0.00041153118945658207
43,-0.0001668651821091771
44,0.00019932840950787067
45,0.00019898568280041218
46,0.00007668160833418369
47,0.0001985181588679552
48,-0.0005335949826985598
49,-0.0006545979995280504
50,-0.00004361371975392103
51,0.0006882476154714823
52,0.0003211512230336666
53,0.00007666810415685177
54,0.00007654272485524416
55,-0.0002894678618758917
56,0.0003208663547411561
57,0.00019834551494568586
58,0.00007604167331010103
59,0.00007591699250042439
60,-0.00004616950172930956
61,-0.00041196309030056
62,0.00019858870655298233
63,0.00019824644550681114
64,0.0001979047665372491
65,0.0005634485278278589
66,-0.00016931397840380669
67,0.00007491954602301121
68,-0.0004130518063902855
69,-0.00016838486772030592
70,-0.0001680757850408554
71,-0.00004580512177199125
72,-0.000411599176004529
73,0.00019895192235708237
74,-0.000655123614706099
75,-0.00028806307818740606
76,0.001541889039799571
77,0.00007561827078461647
78,0.0003194175660610199
79,-0.00029094982892274857
80,0.0005633097607642412
81,-0.00041337707079946995
82,-0.0000467479694634676
83,0.0006851158104836941
84,0.0006839076522737741
85,-0.000292994431219995
86,0.0008051906479522586
87,0.00019395770505070686
88,0.0003155816812068224
89,-0.00029478268697857857
90,0.0003155565354973078
91,0.00007107807323336601
92,-0.00005100469570606947
93,-0.0004167938604950905
94,-0.0005380096845328808
95,0.00043864781036973
96,-0.00004997209180146456
97,-0.0004157627699896693
98,-0.0001710935030132532
99,0.00019510358106344938
100,0.0003167258109897375
101,-0.0004156009526923299
102,0.00019495340529829264
103,-0.000049309106543660164
104,0.0005605944897979498
105,0.00031568179838359356
106,0.0005590503569692373
107,0.0003141389461234212
108,-0.00005230004899203777
109,-0.0006620127242058516
110,0.00007093977183103561
111,0.00031474290881305933
112,0.00031418888829648495
113,-0.0000522504560649395
114,-0.0004180390387773514
115,0.00019251788035035133
116,0.0004361046012490988
117,-0.0002964372979477048
118,-0.0006617918843403459
119,-0.0006606113165616989
120,-0.00029354612343013287
121,-0.00017105566803365946
122,-0.00029270676895976067
123,-0.00029217905830591917
124,0.00019619520753622055
125,0.0009276265045627952
126,-0.00004970945883542299
127,-0.0006594241131097078
128,-0.0007802073378115892
129,0.00019688194151967764
130,0.0003185025416314602
131,-0.0001699022250249982
132,-0.0004135160706937313
133,0.00007507461123168468
134,0.00019691209308803082
135,0.0010503041557967663
136,0.0001947128912433982
137,0.00019437377341091633
138,0.00019403500482439995
139,-0.00005022762343287468
140,-0.00248937017749995
141,-0.0002896261867135763
142,-0.000654987059533596
143,0.00032188266050070524
144,-0.000044563901610672474
145,0.00032141210976988077
146,0.0005647755460813642
147,-0.0002899507526308298
148,0.0006862691370770335
149,-0.0007784828776493669
150,-0.00016728113405406475
151,0.0001989123411476612
152,-0.00004535471089184284
153,-0.0005331115098670125
154,-0.0002882300177589059
155,0.00007817905861884356
156,0.00032197521068155766
157,0.00007749081123620272
158,-0.00004459789488464594
159,0.00032137765083462
160,0.0004427792737260461
161,0.0006859267596155405
162,0.00007490778807550669
163,-0.0007789500523358583
164,0.00019813794642686844
165,0.00044171896297484636
166,0.00044094352051615715
167,-0.0007794504053890705
168,-0.0011439429363235831
169,-0.0007760149892419577
170,0.00020107009913772345
171,0.0005666108336299658
172,-0.000044193584471940994
173,-0.0004099899670109153
174,-0.0006531740073114634
175,-0.0005300395423546433
176,0.0004466105019673705
177,0.00044583017006516457
178,-0.00016475864686071873
179,-0.0005303393118083477
180,-0.000773307983763516
181,0.0002037746598944068
182,-0.0005283444188535213
183,0.000326341949403286
184,0.0003257771022617817
185,0.0008130602072924376
186,0.000811629113741219
187,-0.0006533431587740779
188,-0.0008960943669080734
189,-0.0006505657220259309
190,0.0005702232010662556
191,-0.0001625465229153633
192,0.0002036419464275241
193,-0.0005284770159050822
194,-0.000405561993829906
195,0.0008147924672812223
196,0.0010572836035862565
197,-0.0002861620159819722
198,0.0009339777752757072
199,-0.0007751354714855552
200,-0.00028589903376996517
201,0.0005683549679815769
202,-0.000286375405266881
203,-0.0006517396541312337
204,-0.00004075956530869007
205,0.0005691362312063575
206,-0.00028559460770338774
207,0.00008081132546067238
208,0.00008068117313086987
209,0.0006903604371473193
210,-0.000042625004425644875
211,0.00020138663239777088
212,-0.00016484479419887066
213,-0.00016454001888632774
214,0.00007968780118972063
215,0.0005674060666933656
216,0.0004444480873644352
217,0.00007778394501656294
218,-0.00028822990134358406
219,-0.00016574515029788017
220,-0.000043477863073349
221,0.0003224961692467332
222,0.00007801048923283815
223,-0.00016604142729192972
224,-0.0013853547861799598
225,0.00032458454370498657
226,0.001055791974067688
227,0.00007823319174349308
228,-0.0002877806546166539
229,-0.0004092206945642829
230,0.00020132714416831732
231,0.0008107906905934215
232,0.00007758988067507744
233,-0.0001664614537730813
234,-0.00028811756055802107
235,0.0006881002336740494
236,-0.00016684539150446653
237,-0.0002885011490434408
238,0.00007790746167302132
239,-0.00041006854735314846
240,0.00007851840928196907
241,-0.000043572159484028816
242,-0.000043484033085405827
243,0.00007856613956391811
244,0.0006882470333948731
245,-0.00016669882461428642
246,0.0003214549506083131
247,-0.0004108778666704893
248,-0.0002881761174649
249,-0.00016569194849580526
250,-0.00040931080002337694
251,-0.00016464863438159227
252,0.00020154123194515705
253,-0.0011403860989958048
254,0.0003251949092373252
255,0.0004465918755158782
0,0.0009336586808785796
1,-0.0008974169613793492
2,-0.0004079638747498393
3,-0.0002852650359272957
4,-0.00016278389375656843
5,-0.00016248133033514023
6,-0.00028414104599505663
7,0.0002042250707745552
8,0.00020387605763971806
9,0.0009352986235171556
10,-0.00016400672029703856
11,-0.000041741528548300266
12,-0.0005295028677210212
13,0.00020322180353105068
14,0.0000809116754680872
15,-0.00040706677827984095
16,-0.00028436898719519377
17,-0.0005277739837765694
18,0.0003269107546657324
19,0.000814191997051239
20,0.00020294950809329748
21,-0.0005291696870699525
22,0.00008159247227013111
23,-0.00016246282029896975
24,-0.00016216107178479433
25,0.0004479503259062767
26,0.00020324357319623232
27,-0.00028495199512690306
28,-0.00028443289920687675
29,0.00020393310114741325
30,0.0003255462506785989
31,-0.00040679064113646746
32,0.00008179270662367344
33,-0.00016226328443735838
34,-0.0004058853955939412
35,0.0005705443909391761
36,0.0003256206400692463
37,0.0000811317004263401
38,0.0002029617317020893
39,0.00044653762597590685
40,0.00032379443291574717
41,-0.00028657889924943447
42,-0.000042135012336075306
43,-0.00016401067841798067
44,-0.0006515550194308162
45,0.00020334788132458925
46,0.00020299945026636124
47,0.00020265113562345505
48,0.00008034124039113522
49,-0.000529599143192172
50,0.00008116313256323338
51,-0.0005287779495120049
52,0.00008198374416679144
53,-0.00223542470484972
54,0.0004517227644100785
55,-0.00003691099118441343
56,-0.0004027151735499501
57,0.00008586421608924866
58,-0.0006460429867729545
59,0.0004527786513790488
60,0.0002080678241327405
61,-0.00003620912320911884
62,-0.0001580899115651846
63,-0.0002797544002532959
64,0.00008664524648338556
65,-0.0002793774474412203
66,-0.0006447490304708481
67,-0.00027770025189965963
68,0.0000886975321918726
69,0.00008855899795889854
70,0.0003323442069813609
71,-0.0007658847607672215
72,-0.0005205818451941013
73,0.0005780198844149709
74,-0.00003279640804976225
75,0.00021120475139468908
76,0.0005767345428466797
77,-0.00003408081829547882
78,-0.00015596405137330294
79,0.00008825515396893024
80,0.0006979260360822082
81,0.00033081870060414076
82,0.0005741714267060161
83,0.00032924406696110964
84,0.00020671263337135315
85,-0.0002814867766574025
86,0.0003288376610726118
87,0.0005721925990656018
88,0.0004492283333092928
89,0.0010582535760477185
90,0.0009344242280349135
91,0.00032296578865498304
92,-0.0004093693569302559
93,-0.000042746891267597675
94,0.00020126334857195616
95,0.00020091584883630276
96,-0.00028727902099490166
97,-0.00016479671467095613
98,0.00007942982483655214
99,0.00007929920684546232
100,-0.00004279345739632845
101,-0.00040859286673367023
102,-0.000041970983147621155
103,-0.00040777132380753756
104,-0.00016311160288751125
105,-0.00016281078569591045
106,0.0005692620761692524
107,-0.0005293946014717221
108,-0.00016255711670964956
109,0.00008166756015270948
110,0.00020349654369056225
111,-0.0004066623514518142
112,-0.0007718134438619018
113,-0.00003865815233439207
114,0.0013030051486566663
115,-0.00004087761044502258
116,0.00020313018467277288
117,0.00008081924170255661
118,0.0002026488073170185
119,-0.000041623832657933235
120,-0.000041538733057677746
121,-0.0004073397722095251
122,-0.0001626808661967516
123,-0.0002843418624252081
124,0.00032598478719592094
125,-0.0005283155478537083
126,-0.000527364551089704
127,-0.0005264147184789181
128,-0.0006474275141954422
129,0.0000855091493576765
130,0.0004512579180300236
131,-0.00003737595397979021
132,-0.000525142764672637
133,-0.00040223298128694296
134,-0.0008893501944839954
135,0.00045382732059806585
136,-0.0004006949020549655
137,-0.00027800421230494976
138,-0.00015553063713014126
139,0.0002106489846482873
140,0.0009420643327757716
141,-0.00015724904369562864
142,0.00020893209148198366
143,-0.00027926976326853037
144,0.00008712813723832369
145,-0.00003497197758406401
146,0.00020903046242892742
147,-0.0002791717415675521
148,0.00008722604252398014
149,0.00045297329779714346
150,0.0009400327689945698
151,-0.00003731739707291126
152,0.00020668713841587305
153,-0.00003758945968002081
154,0.00045033893547952175
155,0.0002056289231404662
156,0.0006931244861334562
157,-0.00028378935530781746
158,0.00008261273615062237
159,0.00032640225253999233
160,0.00020387244876474142
161,-0.00016236351802945137
162,0.00008186022751033306
163,-0.000650044996291399
164,0.00008289306424558163
165,0.00032668246421962976
166,-0.0002836949424818158
167,0.00008270656690001488
168,0.00044845801312476397
169,0.0005696348380297422
170,0.00044667255133390427
171,-0.00028588215354830027
172,-0.00040732568595558405
173,0.00020321784541010857
174,-0.00004105595871806145
175,-0.00004097237251698971
176,-0.000040888553485274315
177,0.00008115696255117655
178,-0.000040938262827694416
179,-0.000040854793041944504
180,-0.00004077109042555094
181,-0.00016264943405985832
182,-0.00028431136161088943
183,-0.000039871083572506905
184,-0.000405674334615469
185,0.00008290610276162624
186,-0.00016115244943648577
187,-0.00016085384413599968
188,0.00044925417751073837
189,0.00008258293382823467
190,0.00020440993830561638
191,-0.00016182695981115103
192,0.00020435801707208157
193,-0.0008936502272263169
194,-0.0001602791016921401
195,0.00008394243195652962
196,-0.00016011716797947884
197,0.0005719519685953856
198,-0.000038860831409692764
199,0.0005710303084924817
200,-0.00003978156019002199
201,-0.00028362288139760494
202,0.00020474032498896122
203,0.00020438863430172205
204,-0.0002838103100657463
205,-0.00016133254393935204
206,0.00044877571053802967
207,-0.00016181927639991045
208,0.0003263273974880576
209,0.00020379724446684122
210,0.0005693320417776704
211,-0.00028540194034576416
212,-0.0005288086831569672
213,0.00008195103146135807
214,-0.000040145241655409336
215,-0.000040062819607555866
216,0.0002039436949416995
217,-0.0008940648986026645
218,-0.00016069330740720034
219,0.00020549003966152668
220,0.0010588709264993668
221,0.0002032681368291378
222,0.00008095568045973778
223,-0.0002850636374205351
224,-0.0002845468698069453
225,0.00032577908132225275
226,0.00020324916113168
227,0.00008093670476227999
228,-0.00004115875344723463
229,-0.00004107551649212837
230,0.0006907791830599308
231,-0.000530057237483561
232,-0.0006510678213089705
233,-0.00004009157419204712
234,0.0003258765209466219
235,-0.00040646293200552464
236,-0.00040572998113930225
237,0.00020481192041188478
238,0.00008249771781265736
239,0.0006921723252162337
240,0.0003250675508752465
241,0.0002025385620072484
242,-0.0004076211480423808
243,-0.00016296340618282557
244,0.000569107593037188
245,0.00044614472426474094
246,0.00020143762230873108
247,-0.00016479729674756527
248,-0.000042534200474619865
249,0.00007951201405376196
250,-0.00016454409342259169
251,0.00007968069985508919
252,-0.000042413827031850815
253,-0.0004082153318449855
254,-0.00004159542731940746
255,0.0004463356453925371
0,-0.000408181338571012
1,-0.00016352313105016947
2,0.00032462424132972956
3,0.0003240572987124324
4,0.0009333000052720308
5,0.000809688470326364
6,-0.0004113622708246112
7,-0.0002886630827561021
8,-0.00041010568384081125
9,0.00007847801316529512
10,-0.00028753955848515034
11,-0.0002870208118110895
12,-0.0005304262740537524
13,0.0009340672986581922
14,0.0004445691592991352
15,0.00007790140807628632
16,0.00019973213784396648
17,0.00019938405603170395
18,-0.0004107728600502014
19,-0.000044150627218186855
20,-0.0005319127812981606
21,0.00007884914521127939
22,0.00032264087349176407
23,0.00044403690844774246
24,0.00044325541239231825
25,0.00019855063874274492
26,-0.000289643881842494
27,-0.0001671615755185485
28,-0.00041078217327594757
29,0.0006876112893223763
30,0.00019854854326695204
31,0.00007623969577252865
32,-0.0004117374774068594
33,0.00044273294042795897
34,-0.00004589534364640713
35,0.00007615366484969854
36,-0.00004593818448483944
37,-0.00004585110582411289
38,0.00019815971609205008
39,0.00007585086859762669
40,-0.00016820209566503763
41,0.00007602549158036709
42,0.0009296291973441839
43,0.0005620965966954827
44,0.00031717761885374784
45,-0.0004151546163484454
46,-0.0001704904716461897
47,-0.0005360700888559222
48,0.0004405810032039881
49,-0.0006578548345714808
50,-0.0004127584397792816
51,-0.0004120204830542207
52,0.00032048847060650587
53,-0.0004118467913940549
54,0.00007673806976526976
55,-0.00041123980190604925
56,-0.00004461756907403469
57,-0.00028845551423728466
58,-0.000044012791477143764
59,-0.0001658891560509801
60,-0.000043625710532069206
61,0.00007842143531888723
62,0.0003222130471840501
63,-0.00004423782229423523
64,0.000565656810067594
65,0.0004426967352628708
66,-0.00028985540848225355
67,0.00007655064109712839
68,0.00007642037235200405
69,-0.000045671709813177586
70,-0.000045585096813738346
71,0.00044234900269657373
72,0.00044156855437904596
73,0.0006847124313935637
74,0.00007369043305516243
75,-0.0004142849938943982
76,0.00044018751941621304
77,-0.0001704005990177393
78,0.0001957908971235156
79,0.00007348426152020693
80,-0.0006584145594388247
81,-0.0005352797452360392
82,-0.00029040093068033457
83,0.0001979675143957138
84,0.0006854685489088297
85,0.000318369478918612
86,0.00007388356607407331
87,0.00007375574205070734
88,-0.0005361818475648761
89,0.00007458345498889685
90,0.00031837879214435816
91,0.0009276262717321515
92,-0.0006595238810405135
93,-0.00041442597284913063
94,-0.0004136868519708514
95,0.00007489952258765697
96,0.00019673246424645185
97,-0.000047536916099488735
98,0.0003184369998052716
99,0.00007395108696073294
100,-0.001145796151831746
101,-0.0004119850927963853
102,0.0004424853250384331
103,0.00019778055138885975
104,-0.00029041338711977005
105,-0.00004596891812980175
106,-0.0006556916050612926
107,-0.00028863560874015093
108,0.0001997313229367137
109,-0.00028846447821706533
110,-0.0005318694747984409
111,-0.00028699368704110384
112,0.0002013716148212552
113,0.000566907343454659
114,0.00020002201199531555
115,-0.00016621220856904984
116,-0.00016591022722423077
117,-0.00016560859512537718
118,0.0003225402906537056
119,-0.0005317587638273835
120,-0.0005308070685714483
121,-0.0004078939091414213
122,0.00008068687748163939
123,0.0008123242296278477
124,0.00020107999444007874
125,0.00020073039922863245
126,0.0003223431995138526
127,-0.0004099939251318574
128,0.00032251246739178896
129,0.0005658701993525028
130,-0.0007767091738060117
131,0.00007841014303267002
132,0.0005661254981532693
133,0.0006870880024507642
134,0.00019802560564130545
135,-0.0006560547044500709
136,0.0006866968469694257
137,0.000441558426246047
138,0.0003188163973391056
139,-0.00016959384083747864
140,-0.0013889080146327615
141,-0.0007766264025121927
142,0.00020045449491590261
143,0.0002001055981963873
144,0.001297413487918675
145,-0.0004123521503061056
146,-0.0008994623785838485
147,-0.0006539351306855679
148,0.0006888143252581358
149,-0.00016613549087196589
150,0.00007808988448232412
151,0.0004438434261828661
152,-0.00028870999813079834
153,0.0006875039543956518
154,0.0003204029053449631
155,-0.00041193258948624134
156,-0.0001672718208283186
157,-0.00016696949023753405
158,-0.000044705113396048546
159,-0.0006544291973114014
160,-0.0006532601546496153
161,-0.00028620660305023193
162,0.0002021577674895525
163,0.000689654378220439
164,0.0005664752097800374
165,-0.003215343109332025
166,-0.001014308538287878
167,-0.0006466092308983207
168,-0.00015759957022964954
169,0.0003305418649688363
170,0.0005738923791795969
171,-0.0004028088878840208
172,0.00032969110179692507
173,-0.000036767334677278996
174,0.000939006102271378
175,-0.00016030692495405674
176,-0.0002819724613800645
177,-0.0004034216981381178
178,0.00020711706019937992
179,0.00032872334122657776
180,-0.000037733931094408035
181,0.00020626885816454887
182,-0.00028193334583193064
183,0.00008446502033621073
184,0.00008432706817984581
185,-0.00015973474364727736
186,-0.000037477235309779644
187,-0.00015936035197228193
188,-0.0002810268197208643
189,-0.0001585532445460558
190,-0.0010119919897988439
191,-0.000888218404725194
192,0.000576917314901948
193,0.0003319844836369157
194,0.0005753333680331707
195,0.00020843977108597755
196,0.0002080834237858653
197,-0.0001581590622663498
198,0.00020802090875804424
199,0.00008570263162255287
200,-0.00028032215777784586
201,0.00008607422932982445
202,0.0000859348801895976
203,0.0005736425518989563
204,-0.0015007159672677517
205,-0.0001564561389386654
206,-0.0004000872140750289
207,0.00008848600555211306
208,0.0005761920474469662
209,0.000453221146017313
210,-0.0005232652183622122
211,-0.0005223213229328394
212,0.00021039252169430256
213,0.00021003372967243195
214,0.0005755613092333078
215,0.0003306290600448847
216,-0.00015779223758727312
217,-0.0007673082873225212
218,-0.00015612191054970026
219,0.00008809426799416542
220,0.00008795235771685839
221,0.0003317347727715969
222,0.00033115968108177185
223,0.0008184328908100724
224,0.00032914418261498213
225,-0.00003731413744390011
226,-0.0004031216958537698
227,0.00008545420132577419
228,0.00032923847902566195
229,0.0003286655992269516
230,0.0004500551149249077
231,-0.0001605427823960781
232,-0.000282208900898695
233,0.00045007478911429644
234,0.000327324029058218
235,-0.000039132311940193176
236,-0.00016101496294140816
237,-0.00028268061578273773
238,-0.00028216803912073374
239,-0.00015969364903867245
240,-0.0008911701152101159
241,-0.00040172727312892675
242,0.0003307708539068699
243,0.0005741200875490904
244,0.0004511511651799083
245,-0.000525333802215755
246,-0.0002804648829624057
247,-0.0014995732344686985
248,0.00033253279980272055
249,0.0003319567767903209
250,0.00008745759259909391
251,-0.0002785696415230632
252,0.00020978681277483702
253,0.0004533519968390465
254,0.0005745223024860024
255,-0.00003629480488598347
0,0.00008574372623115778
1,-0.0007681295974180102
2,0.0003309048479422927
3,0.0004522918025031686
4,-0.00015830830670893192
5,-0.001133709796704352
6,-0.0007657968671992421
7,0.0003332353662699461
8,0.00045462045818567276
9,0.0003318657400086522
10,-0.0004004813963547349
11,-0.0005217178259044886
12,-0.000032928772270679474
13,0.0003330305917188525
14,0.00033245410304516554
15,0.00045383977703750134
16,-0.000400685821659863
17,0.0002098489785566926
18,0.00020949030295014381
19,0.0002091315109282732
20,0.0003307354636490345
21,-0.0002796490443870425
22,-0.0004011013079434633
23,0.00020943384151905775
24,0.00020907539874315262
25,-0.000035206438042223454
26,0.0004527163691818714
27,-0.00015788432210683823
28,0.00008633197285234928
29,-0.0006455797702074051
30,-0.0004004966467618942
31,-0.0006436952389776707
32,-0.0003986133961006999
33,0.0002119196578860283
34,0.0004554825136438012
35,-0.0005210068775340915
36,-0.00003221840597689152
37,0.0011874728370457888
38,0.00020968308672308922
39,0.00020932417828589678
40,-0.0002788821002468467
41,-0.0004003356443718076
42,0.00008823710959404707
43,0.0004539800575003028
44,-0.00015662238001823425
45,0.0003315168432891369
46,-0.0004008302930742502
47,0.0006975521100685
48,0.0003304403508082032
49,0.000695751397870481
50,0.00008471717592328787
51,-0.00015934614930301905
52,-0.0006469000363722444
53,-0.00015789177268743515
54,0.0002082865685224533
55,0.00008596689440310001
56,0.000329749658703804
57,0.0003291754983365536
58,-0.000281207961961627
59,-0.0007685447344556451
60,0.00008656526915729046
61,0.00008642394095659256
62,0.0004521682858467102
63,0.0003294147318229079
64,-0.0001590066822245717
65,-0.00015871308278292418
66,-0.00015842006541788578
67,0.0009395299712195992
68,0.0006939482409507036
69,0.0003268391592428088
70,-0.0005274655995890498
71,-0.000526519725099206
72,0.0005720823537558317
73,0.0008149996865540743
74,0.0003257130738347769
75,0.0004471039865165949
76,0.0003243550891056657
77,0.00032378535252064466
78,-0.00028659298550337553
79,0.00007980759255588055
80,0.00007967196870595217
81,-0.00004242546856403351
82,0.0003235416952520609
83,-0.0006527224322780967
84,-0.0008954806253314018
85,0.00044769805390387774
86,0.0004469105042517185
87,0.0004461233038455248
88,0.00020141340792179108
89,0.0009328325977548957
90,-0.00041040044743567705
91,0.0008099519181996584
92,0.00019870768301188946
93,0.00007639615796506405
94,0.00019822537433356047
95,0.0008076855447143316
96,0.00019644328858703375
97,0.0005619814619421959
98,0.0005609837826341391
99,0.00007213931530714035
100,-0.0005377988563850522
101,-0.000658805831335485
102,-0.0002917491365224123
103,0.0004405414219945669
104,0.00007387471850961447
105,0.00031766819301992655
106,-0.00041466718539595604
107,-0.00004804448690265417
108,0.0005618511931970716
109,0.0004388920497149229
110,0.0000722263939678669
111,-0.00004986440762877464
112,0.0003161089261993766
113,0.00007162289693951607
114,0.0006813040236011147
115,-0.0002956031821668148
116,0.00019276747480034828
117,0.000314384582452476
118,0.0008016715291887522
119,-0.00017545116133987904
120,-0.0006629906129091978
121,-0.0009057399583980441
122,-0.0005382474046200514
123,0.0006823270814493299
124,-0.00005065719597041607
125,-0.000294492463581264
126,-0.00005004671402275562
127,0.0008037748048081994
128,0.00031449797097593546
129,0.00019197503570467234
130,-0.000052292365580797195
131,-0.0005400499794632196
132,0.00007071648724377155
133,0.0003145127557218075
134,-0.00017389561980962753
135,0.0004362202016636729
136,0.00031348085030913353
137,0.0006788064492866397
138,0.000189749407581985
139,-0.00017647829372435808
140,-0.00029813137371093035
141,-0.0004195679211989045
142,-0.0001749024959281087
143,-0.0002965570893138647
144,0.000191814498975873
145,0.00043539481703191996
146,-0.00017519143875688314
147,0.0005568877095356584
148,0.0004339327570050955
149,-0.0000546902883797884
150,-0.00017656013369560242
151,-0.0002982128644362092
152,-0.00029768748208880424
153,0.00006872310768812895
154,-0.0002972882939502597
155,0.00043500761967152357
156,0.0004342314787209034
157,0.00031149364076554775
158,0.0009207448456436396
159,0.0003092943225055933
160,-0.0009108808590099216
161,-0.000787307508289814
162,0.0003117432352155447
163,-0.0002986247418448329
164,-0.0002980991266667843
165,0.00019027420785278082
166,0.0003118939930573106
167,0.0006772208726033568
168,0.0014077842934057117
169,0.00018565740901976824
170,-0.00042448972817510366
171,0.0003080274909734726
172,-0.0004242988070473075
173,0.00018625659868121147
174,0.00006395613308995962
175,-0.0005459748208522797
176,-0.00017912662588059902
177,0.00043099396862089634
178,0.0005521834827959538
179,0.00006334716454148293
180,0.00006322609260678291
181,0.00006310571916401386
182,0.00042887055315077305
183,0.0007939857896417379
184,0.00006079394370317459
185,-0.00006128638051450253
186,-0.00030511210206896067
187,0.0006711150053888559
188,0.0005479502724483609
189,0.00042500358540564775
190,0.00018031266517937183
191,-0.0010396393481642008
192,0.00030377600342035294
193,0.0005471487529575825
194,0.00042420276440680027
195,-0.00006441143341362476
196,-0.0005521575221791863
197,-0.00018530385568737984
198,0.0007907082326710224
199,0.00030144350603222847
200,-0.00006499106530100107
201,0.00042295793537050486
202,-0.0005535022355616093
203,-0.0003086088690906763
204,-0.00018611212726682425
205,0.00030205317307263613
206,0.0009113132255151868
207,0.000421833130531013
208,0.000421068980358541
209,-0.00018950423691421747
210,-0.0033601922914385796
211,-0.0003051892854273319
212,0.00030515226535499096
213,-0.00006128521636128426
214,-0.00018314877524971962
215,0.00030501431319862604
216,0.0005483858985826373
217,0.000913286698050797
218,0.0005457667866721749
219,0.00005693687126040459
220,-0.0009188732365146279
221,-0.000673330039717257
222,-0.00018429802730679512
223,0.000059942249208688736
224,0.0003037485294044018
225,-0.000062687904573977
226,-0.00018454971723258495
227,0.00018165248911827803
228,0.0009130899561569095
229,-0.000674048438668251
230,-0.00006305391434580088
231,-0.00018491537775844336
232,-0.00018459849525243044
233,-0.0001842814963310957
234,-0.0004278888227418065
235,0.0006705180276185274
236,-0.00006245530676096678
237,0.00018156867008656263
238,0.00018123502377420664
239,-0.0006728316657245159
240,0.000304047716781497
241,0.0000595729798078537
242,0.0005473037017509341
243,0.0005463201086968184
244,0.00005748961120843887
245,-0.00030851096380501986
246,0.00017987180035561323
247,-0.00006438395939767361
248,0.00005767960101366043
249,-0.0004302829038351774
250,-0.0004295307444408536
251,0.0003029914805665612
252,0.00005851814057677984
253,0.0005462497938424349
254,0.0001793815754354
255,-0.0003087973454967141
0,-0.0000643380917608738
1,-0.00018619804177433252
2,-0.00042980327270925045
3,-0.0004290518118068576
4,0.00042543257586658
5,0.00030270381830632687
6,0.00030215433798730373
7,0.00017964374274015427
8,0.00030127365607768297
9,-0.00006515998393297195
10,0.0000569045078009367
11,0.0003007141640409827
12,-0.00018768117297440767
13,-0.00018736114725470543
14,0.00017884420230984688
15,-0.00006541050970554352
16,0.0003005779581144452
17,0.0005439544329419732
18,0.0004210119368508458
19,-0.00018955999985337257
20,-0.001896705012768507
21,0.0005458890227600932
22,0.0005449064774438739
23,-0.00018784590065479279
24,0.000056397984735667706
25,-0.0003096010768786073
26,0.0005446688737720251
27,-0.00006612157449126244
28,-0.0006758272647857666
29,-0.0004307163180783391
30,-0.0006738870870321989
31,0.0004249553894624114
32,0.0006681130034849048
33,0.0006669143913313746
34,-0.00006605498492717743
35,-0.00018791318871080875
36,-0.000675440183840692
37,0.00017947994638234377
38,0.00030111067462712526
39,0.0005444868002086878
40,0.0002995826071128249
41,0.00042099819984287024
42,0.000054349773563444614
43,-0.00043360923882573843
44,-0.0004328537033870816
45,0.0004216341767460108
46,0.0005428333533927798
47,0.00029793044086545706
48,-0.00006850005593150854
49,-0.0004342794418334961
50,-0.00031156151089817286
51,0.0004207487218081951
52,0.0005419485969468951
53,0.00029704661574214697
54,-0.00019134464673697948
55,0.0001748645445331931
56,0.0001745377667248249
57,0.00005224894266575575
58,-0.00006982206832617521
59,-0.00019167677965015173
60,-0.00019135256297886372
61,-0.0004349529044702649
62,0.0002975757233798504
63,-0.0001908161211758852
64,0.00017539272084832191
65,0.00005310389678925276
66,0.00041887920815497637
67,-0.00006972847040742636
68,0.0012719595106318593
69,-0.0006817071698606014
70,-0.00019266677554696798
71,0.00005158223211765289
72,0.00029539724346250296
73,0.0002948550973087549
74,-0.0000715720234438777
75,-0.0006812723586335778
76,-0.00031419412698596716
77,-0.00006972870323807001
78,0.0000523407943546772
79,-0.00006973044946789742
80,0.00005233928095549345
81,0.0005400775698944926
82,0.0009049871005117893
83,-0.00019429554231464863
84,-0.00043789250776171684
85,-0.0005590945947915316
86,0.00029561470728367567
87,0.00017311074770987034
88,0.0006606336683034897
89,-0.00007232930511236191
90,-0.0005600666627287865
91,0.0001726814080029726
92,0.0009041285375133157
93,0.00041465647518634796
94,0.00016997649800032377
95,-0.0006840786663815379
96,-0.00007307366468012333
97,-0.0001949247671291232
98,-0.00007263512816280127
99,0.00041532283648848534
100,0.0005365281831473112
101,0.0006575171137228608
102,-0.0001974042970687151
103,-0.0003190364222973585
104,0.0002913189819082618
105,0.000046857516281306744
106,0.0001687153708189726
107,0.00016839487943798304
108,-0.00031977309845387936
109,-0.0008070735493674874
110,-0.000195850501768291
111,0.0002923252759501338
112,0.00016982480883598328
113,0.00016950350254774094
114,0.0007789917290210724
115,0.00004581583198159933
116,0.00028963678050786257
117,0.0002891004551202059
118,-0.00019928289111703634
119,-0.00007698906119912863
120,0.00004508730489760637
121,0.00004498532507568598
122,0.0005327307153493166
123,0.00004391465336084366
124,-0.00020011060405522585
125,0.00016610801685601473
126,-0.0006879431894049048
127,-0.00044281978625804186
128,-0.0005640166345983744
129,-0.0009289212757721543
130,-0.00031748111359775066
131,0.0000489500816911459
132,0.0006586540257558227
133,0.00004765554331243038
134,0.0000475514680147171
135,-0.000440400093793869
136,-0.00092748471070081
137,-0.00031604606192559004
138,-0.00007157761137932539
139,-0.00019342952873557806
140,0.0005386689445003867
141,0.0004157333169132471
142,0.00017105299048125744
143,-0.00019515457097440958
144,-0.0004387499066069722
145,-0.00043798808474093676
146,0.00017258268781006336
147,0.0002942208666354418
148,-0.0003161279018968344
149,-0.00019362173043191433
150,0.0002945528831332922
151,0.0001720512518659234
152,0.00004976650234311819
153,0.000537508400157094
154,-0.0003171974094584584
155,-0.00007272814400494099
156,-0.00043850229121744633
157,-0.00031577865593135357
158,0.000050651258789002895
159,0.00005054462235420942
160,0.00017240038141608238
161,-0.00019380822777748108
162,0.00017240492161363363
163,0.0005379681242629886
164,0.0004150330787524581
165,0.00029231607913970947
166,0.0005357018671929836
167,0.0005347311962395906
168,-0.0010517433984205127
169,-0.0001961613306775689
170,0.00029201596044003963
171,0.0006573643768206239
172,0.0007781387539580464
173,0.00004496471956372261
174,-0.0009308314183726907
175,-0.0004413509741425514
176,0.00004726112820208073
177,0.00004715810064226389
178,-0.0005627544596791267
179,0.00041392166167497635
180,0.000291205826215446
181,0.0009004786843433976
182,0.000411011278629303
183,0.000044374377466738224
184,-0.00044357357546687126
185,0.0005328879924491048
186,0.00016603432595729828
187,0.0005316032329574227
188,-0.0005670204991474748
189,0.0005316213937476277
190,0.0002867308212444186
191,0.00016423664055764675
192,-0.00020196428522467613
193,0.000042294966988265514
194,0.000042196596041321754
195,-0.0005677110748365521
196,-0.0000788781326264143
197,-0.00044464587699621916
198,0.00004396936856210232
199,0.0004097552737221122
200,-0.00007884216029196978
201,0.00016519951168447733
202,0.0004088075365871191
203,0.00016413466073572636
204,-0.0004459897754713893
205,-0.00020129652693867683
206,0.00028688611928373575
207,0.0007742014713585377
208,-0.0002028921153396368
209,-0.00008059409447014332
210,-0.00032439816277474165
211,-0.00007992156315594912
212,0.0002860832028090954
213,-0.00008033367339521646
214,-0.00044610025361180305
215,-0.00020140688866376877
216,-0.0003230334259569645
217,-0.0000785578740760684
218,0.00028744584415107965
219,0.0001649513142183423
220,0.0004085599211975932
221,0.00016388774383813143
222,-0.00032427406404167414
223,-0.0000797969987615943
224,-0.00032360211480408907
225,0.000042836531065404415
226,0.0002866616705432534
227,-0.00007975543849170208
228,-0.00044552190229296684
229,-0.00020082888659089804
230,-0.0006883412133902311
231,0.000044631888158619404
232,0.0006543416529893875
233,0.00016531080473214388
234,-0.00020089023746550083
235,-0.0004444783553481102
236,0.0006539468886330724
237,0.00016491650603711605
238,0.0002865635324269533
239,-0.0004457390168681741
240,0.0006526877405121922
241,0.00040758191607892513
242,0.0006507589714601636
243,-0.0009359257528558373
244,-0.00032447732519358397
245,0.0001639239490032196
246,0.00004164793062955141
247,0.00016351346857845783
248,-0.00008072389755398035
249,0.0005292061250656843
250,-0.0003254904877394438
251,0.0007727209012955427
252,0.00016151508316397667
253,0.000039241742342710495
254,-0.0005706620868295431
255,0.00028406037017703056
0,-0.0003262776881456375
1,0.0008938966784626245
2,-0.0002053725766018033
3,-0.00020503310952335596
4,0.0006490399828180671
5,0.0005258996970951557
6,0.0005249397363513708
7,-0.00008582917507737875
8,-0.0004515895852819085
9,-0.0004508141428232193
10,0.00015977013390511274
11,-0.00020642532035708427
12,-0.0003280462697148323
13,0.000038396683521568775
14,-0.0003275820054113865
15,0.00003886024933308363
16,0.000038767000660300255
17,0.0005265205400064588
18,-0.00020621088333427906
19,-0.00008390843868255615
20,-0.00044967024587094784
21,0.00003895128611475229
22,0.00028278131503611803
23,0.000770102022215724
24,0.0008906701114028692
25,0.0001572899054735899
26,-0.00033086456824094057
27,-0.0006961901672184467
28,-0.0006949803791940212
29,-0.0004498476628214121
30,0.00016073614824563265
31,0.0006482739700004458
32,-0.00045056012459099293
33,-0.00008389912545681
34,-0.00020573707297444344
35,0.00028245116118341684
36,0.0006478106370195746
37,-0.00008513708598911762
38,-0.00008501159027218819
39,0.000037075369618833065
40,-0.000694787479005754
41,0.00003819284029304981
42,-0.0000838615233078599
43,0.000282148364931345
44,0.0002816227497532964
45,0.0006469824584200978
46,0.00015795964282006025
47,-0.0005741186905652285
48,0.00003668398130685091
49,-0.0003292923793196678
50,-0.00008480960968881845
51,0.00040316348895430565
52,0.00028045999351888895
53,-0.00045183568727225065
54,0.00015875021927058697
55,-0.00032940495293587446
56,0.0004029260016977787
57,0.00003629887942224741
58,0.000036208308301866055
59,-0.00008584384340792894
60,-0.00045160308945924044
61,-0.00008494104258716106
62,-0.001304434146732092
63,-0.00008252204861491919
64,0.00016152544412761927
65,0.00028317724354565144
66,0.00040461274329572916
67,0.0004038700135424733
68,0.00028116628527641296
69,-0.0000852441880851984
70,0.00015880586579442024
71,0.00015849829651415348
72,0.00003622937947511673
73,-0.00020778446923941374
74,0.0002804065588861704
75,0.0004018446197733283
76,0.0004011045675724745
77,0.0005223270272836089
78,-0.00033236132003366947
79,-0.0002098368713632226
80,0.00015639443881809711
81,-0.0002097967080771923
82,0.00027839664835482836
83,-0.00033193454146385193
84,-0.0005752962315455079
85,0.0004013946745544672
86,-0.0003311162581667304
87,-0.0003305544378235936
88,0.00003589258994907141
89,0.000035803066566586494
90,0.00015767582226544619
91,0.0002793316962197423
92,-0.0005749242845922709
93,-0.00020804302766919136
94,0.0004021107451990247
95,0.00052333262283355
96,0.0001564911799505353
97,0.00003422447480261326
98,-0.0003317489754408598
99,-0.00033118645660579205
100,-0.0008184717735275626
101,-0.00020723359193652868
102,-0.0008166994666680694
103,-0.0003274247283115983
104,0.0000390196219086647
105,-0.00044891959987580776
106,0.0004055887693539262
107,-0.0004488870035856962
108,-0.00020418805070221424
109,0.000284000881947577
110,-0.00008241110481321812
111,-0.00044817232992500067
112,-0.0011791688157245517
113,-0.00007943727541714907
114,0.000042646657675504684
115,-0.00007941038347780704
116,-0.0004451738204807043
117,0.0007752173114567995
118,-0.0006897216662764549
119,-0.0006885153707116842
120,0.0005323088262230158
121,-0.00020042608957737684
122,-0.00044401176273822784
123,-0.0005652023246511817
124,-0.0005642152391374111
125,0.0006563904462382197
126,0.00016736076213419437
127,-0.00007687718607485294
128,-0.00032068078871816397
129,0.000045758206397295
130,0.00028958474285900593
131,0.0004110155859962106
132,-0.0000775789376348257
133,-0.0004433441208675504
134,-0.000564534799195826
135,0.0002901849802583456
136,0.0007775014964863658
137,-0.00032155343797057867
138,0.00016684853471815586
139,-0.00007738859858363867
140,-0.00007726799231022596
141,0.00016677624080330133
142,-0.0003213845193386078
143,-0.00032083026599138975
144,0.00028953305445611477
145,0.00041096413042396307
146,0.00004433188587427139
147,0.000044235959649086
148,-0.0005656694993376732
149,0.0006549378158524632
150,0.0002878716913983226
151,-0.00032246659975498915
152,-0.0008097589015960693
153,-0.0008083372376859188
154,-0.00019710732158273458
155,-0.0003187337424606085
156,0.0005355518078431487
157,0.00004673830699175596
158,-0.00007532129529863596
159,0.000046759494580328465
160,0.00041254726238548756
161,0.0002898374805226922
162,0.0007771544624119997
163,0.00004398636519908905
164,-0.00007807114161550999
165,0.0002879360690712929
166,0.00040936912409961224
167,-0.00044510920997709036
168,-0.00007845053914934397
169,0.00004363327752798796
170,0.0002874620258808136
171,0.00028693361673504114
172,0.00004248239565640688
173,0.0004082741215825081
174,0.000041644321754574776
175,0.0004074370954185724
176,0.0004066936671733856
177,0.00040595128666609526
178,0.0002832475584000349
179,0.0001607610611245036
180,0.00003849214408546686
181,-0.0004494456807151437
182,-0.00008278293535113335
183,-0.0006924665067344904
184,-0.00020340923219919205
185,0.00040674174670130014
186,0.0006499233422800899
187,-0.0003269471926614642
188,-0.0005703112110495567
189,0.00016245304141193628
190,0.00004018272738903761
191,-0.00032579456456005573
192,-0.0003252356545999646
193,-0.0008125248132273555
194,-0.00032325240317732096
195,0.0005310375709086657
196,0.0004081146325916052
197,0.00004148529842495918
198,0.00016335491091012955
199,0.00016304547898471355
200,-0.00044707267079502344
201,-0.00032433553133159876
202,-0.0004457400646060705
203,-0.0002010418102145195
204,0.00016518321353942156
205,0.0010186061263084412
206,0.0005289308028295636
207,-0.0002037993399426341
208,0.00016242836136370897
209,0.00040604418609291315
210,0.0010151121532544494
211,0.0002815164625644684
212,-0.00020685337949544191
213,-0.0008163177408277988
214,0.0002827678108587861
215,0.00016028271056711674
216,0.00028193858452141285
217,-0.00008446990977972746
218,-0.00020630366634577513
219,-0.0008157682605087757
220,-0.00032649270724505186
221,0.00040583882946521044
222,0.00016117398627102375
223,0.0001608673483133316
224,-0.00020532496273517609
225,0.0005267903907224536
226,0.000647795619443059
227,-0.0002071105409413576
228,-0.0002067646710202098
229,-0.0002064193831756711
230,0.00028177350759506226
231,-0.0004505203105509281
232,-0.0005717033054679632
233,-0.000326784560456872
234,0.00028358527924865484
235,0.00028306152671575546
236,-0.00008334731683135033
237,0.00003874208778142929
238,0.00028257654048502445
239,-0.00008383195381611586
240,0.000038258032873272896
241,-0.00008379307109862566
242,-0.0003275886410847306
243,0.00016082008369266987
244,-0.00008340971544384956
245,0.0005265274085104465
246,0.00028164766263216734
247,-0.000572607503272593
248,-0.0006935733836144209
249,-0.0005703999195247889
250,0.0005282512865960598
251,0.00016140809748321772
252,0.000039139529690146446
253,0.00016101228538900614
254,0.00028266781009733677
255,0.000038221594877541065
0,0.00016009504906833172
1,-0.0002060960978269577
2,0.0013797539286315441
3,-0.0009399947011843324
4,-0.0004504994722083211
5,-0.00032775825820863247
6,-0.00032719632145017385
7,-0.00032663485035300255
8,0.0006496211281046271
9,0.0004045239184051752
10,0.000037899124436080456
11,-0.0003280746750533581
12,-0.00008358852937817574
13,0.0002824255498126149
14,0.0005258269375190139
15,0.000158986309543252
16,0.00003672053571790457
17,-0.0005731759592890739
18,-0.00020629342179745436
19,0.000159938121214509
20,0.00003767141606658697
21,-0.00032830180134624243
22,-0.00032773916609585285
23,-0.00032717722933739424
24,0.0006490796804428101
25,0.00052594521548599
26,-0.00008481938857585192
27,0.0005251197144389153
28,0.00040220364462584257
29,0.00040146708488464355
30,-0.00008711626287549734
31,-0.00008698448073118925
32,-0.0002088147448375821
33,0.00015741901006549597
34,-0.00008680683095008135
35,0.0002792102750390768
36,-0.0006970034446567297
37,-0.00008597841951996088
38,-0.00045173324178904295
39,-0.00045095221139490604
40,-0.0003282100660726428
41,-0.0006935327546671033
42,-0.0005703580100089312
43,-0.001301134703680873
44,-0.0006890307413414121
45,-0.00044389802496880293
46,-0.00019920035265386105
47,-0.000442784046754241
48,0.00004583667032420635
49,0.00016770418733358383
50,0.0008991645881906152
51,0.0002877437509596348
52,0.000043293810449540615
53,-0.00007876020390540361
54,-0.00020059756934642792
55,0.00004366785287857056
56,0.0006533848354592919
57,-0.00044544809497892857
58,-0.0003227109555155039
59,-0.00007822853513062
60,0.000409743282943964
61,-0.0003227705601602793
62,0.00040955888107419014
63,0.00028685457073152065
64,0.0006522148614749312
65,-0.00008073134813457727
66,-0.00008060468826442957
67,0.0007732551312074065
68,0.0002840169472619891
69,0.000039570266380906105
70,0.0002834056504070759
71,-0.00044888793490827084
72,-0.0006920323939993978
73,-0.00008101132698357105
74,0.00040696340147405863
75,0.000040337443351745605
76,0.000040248385630548
77,0.00040604500100016594
78,-0.00032646593172103167
79,-0.00020394171588122845
80,0.000162288430146873
81,-0.0003258648794144392
82,0.00016254407819360495
83,-0.00008168583735823631
84,-0.00008155778050422668
85,0.0002844552509486675
86,0.000527856289409101
87,-0.000448794336989522
88,0.0005276799201965332
89,0.0002828006399795413
90,0.0002822794485837221
91,-0.00008412706665694714
92,0.00040385080501437187
93,-0.0006945433560758829
94,-0.0003274433547630906
95,0.0002829290460795164
96,0.00003848422784358263
97,-0.00008356478065252304
98,-0.00020539690740406513
99,0.0005267205415293574
100,0.000037918565794825554
101,0.0004037177423015237
102,0.00015905685722827911
103,-0.0003290930762887001
104,0.0005252045812085271
105,0.0008901372784748673
106,-0.0006969696842133999
107,0.0000360183184966445
108,0.00015789561439305544
109,0.0006454414688050747
110,0.00040034973062574863
111,0.0003996160812675953
112,-0.00008896447252482176
113,-0.0009425629395991564
114,0.00003478431608527899
115,0.0002786241238936782
116,0.00003418349660933018
117,0.00015606218948960304
118,-0.00008816109038889408
119,0.0002778586931526661
120,0.0003993045538663864
121,0.0003985718358308077
122,0.00003195437602698803
123,0.00015383551362901926
124,0.0001535378396511078
125,-0.00009068322833627462
126,-0.0007003562059253454
127,0.0000326354056596756
128,-0.00008940801490098238
129,0.0005205367924645543
130,-0.00021218264009803534
131,0.0002760175848379731
132,-0.00033430615440011024
133,-0.00008981255814433098
134,-0.00008967635221779346
135,0.00003242108505219221
136,-0.000455507542937994
137,0.000033126212656497955
138,0.0006428540218621492
139,0.0007636506343260407
140,-0.00009146356023848057
141,-0.00009132595732808113
142,0.00003077322617173195
143,-0.0004571537720039487
144,-0.0008222515461966395
145,0.00039880420081317425
146,0.0008859203662723303
147,-0.0005792201263830066
148,-0.0002123299054801464
149,0.0006417566910386086
150,-0.0005790262948721647
151,-0.0005780216306447983
152,-0.00008917064405977726
153,-0.0003329586470499635
154,0.00015545799396932125
155,0.00015515973791480064
156,0.000276823528110981
157,0.00015434715896844864
158,0.00039797357749193907
159,0.00027528125792741776
160,-0.0003350412007421255
161,-0.00021250813733786345
162,-0.00021215446759015322
163,-0.0004557244246825576
164,-0.00008905224967747927
165,-0.0003328399034217
166,-0.0005761946085840464
167,0.00015657918993383646
168,0.00027824181597679853
169,0.0006436118856072426
170,0.0008863704279065132
171,-0.00009092234540730715
172,-0.00045667029917240143
173,0.00003196496982127428
174,0.0005197328282520175
175,0.0010066335089504719
176,-0.00021479802671819925
177,0.000029481598176062107
178,0.000029404181987047195
179,0.00039521243888884783
180,0.0001505608670413494
181,0.00015026750043034554
182,-0.00033787311986088753
183,0.00015054852701723576
184,0.0006381027633324265
185,-0.00033875275403261185
186,0.00027163198683410883
187,0.00002719892654567957
188,0.0006369327893480659
189,-0.00009599712211638689
190,0.00039199262391775846
191,0.0002693065907806158
192,-0.00034101016353815794
193,-0.0004623949062079191
194,-0.00033963960595428944
195,-0.00033906358294188976
196,0.0001493592280894518
197,-0.0003387801116332412
198,0.00027160439640283585
199,0.000758943147957325
200,0.00014775828458368778
201,-0.0011941130505874753
202,-0.00009436206892132759
203,0.00002774130553007126
204,0.00014962779823690653
205,0.0005152213852852583
206,0.00014839379582554102
207,0.00039202673360705376
208,-0.0010722402948886156
209,0.000027294154278934002
210,0.0007589907618239522
211,-0.0003400413552299142
212,-0.0004614265635609627
213,0.00014917575754225254
214,0.000026922556571662426
215,-0.0004609995521605015
216,0.0003935262793675065
217,0.0008806486148387194
218,0.0001472859876230359
219,-0.00009692762978374958
220,-0.00021874532103538513
221,-0.0004623084096238017
222,-0.0005834761541336775
223,0.00014930509496480227
224,0.000514899380505085
225,0.000026110676117241383
226,-0.00033984845504164696
227,-0.00021730968728661537
228,-0.00033891189377754927
229,0.0007593212649226189
230,0.0011238318402320147
231,0.00014611275400966406
232,0.0002677864395081997
233,-0.0007084137760102749
234,-0.0003412982914596796
235,-0.00021875789389014244
236,-0.00009643496014177799
237,-0.00021825265139341354
238,0.0001479939091950655
239,0.00002574198879301548
240,0.000025669345632195473
241,0.0007573679322376847
242,0.000024223816581070423
243,-0.00009780970867723227
244,-0.00034158816561102867
245,0.00014683871995657682
246,-0.0009511068928986788
247,-0.0005835591582581401
248,0.0003931468818336725
249,0.0005143845919519663
250,0.0011232540709897876
251,-0.0002203499898314476
252,-0.00046391086652874947
253,0.00002473290078341961
254,-0.0000973007408902049
255,0.00039069249760359526
0,-0.0005857243668287992
1,-0.0002188259968534112
2,0.00039134512189775705
3,0.002098089549690485
4,0.0005088287871330976
5,-0.00010191579349339008
6,0.00002019584644585848
7,0.000020128441974520683
8,0.00002006138674914837
9,0.00038587988819926977
10,0.0002632007235661149
11,-0.0005910322070121765
12,-0.00010216678492724895
13,-0.00046790263149887323
14,0.00002074532676488161
15,0.00026460166554898024
16,-0.0004676708485931158
17,-0.00010098505299538374
18,-0.0004667217144742608
19,0.00038781086914241314
20,-0.00034467934165149927
21,0.0005096365930512547
22,0.0001428156392648816
23,0.0002644933992996812
24,-0.00022385490592569113
25,-0.0009552594274282455
26,-0.00034378282725811005
27,-0.00046516302973032
28,0.0006332920165732503
29,0.0003882152959704399
30,-0.0007101608207449317
31,-0.00046500435564666986
32,0.00014560320414602757
33,0.0005112024955451488
34,0.00026634219102561474
35,-0.00010004534851759672
36,0.000022065243683755398
37,-0.0004658503457903862
38,-0.0004650515038520098
39,-0.0005862150574102998
40,-0.0007071626605466008
41,-0.0005839705700054765
42,-0.000460996525362134
43,0.0002715699374675751
44,0.00002713967114686966
45,-0.00009489455260336399
46,0.0006370209157466888
47,0.00002605537883937359
48,0.0002699077595025301
49,-0.0005843304097652435
50,-0.0007052794098854065
51,-0.00033816497307270765
52,0.00015026028268039227
53,0.0007597795920446515
54,0.00027055852115154266
55,0.000026129302568733692
56,0.00026998191606253386
57,0.0002694773720577359
58,-0.0019263410940766335
59,-0.00021547707729041576
60,0.00002880697138607502
61,-0.0003371521597728133
62,0.0006391196511685848
63,0.0005160002037882805
64,0.0005150602664798498
65,-0.000827459734864533
66,-0.00033816590439528227
67,-0.00021562643814831972
68,0.000028657959774136543
69,0.00027250824496150017
70,0.00039396353531628847
71,-0.0018020733259618282
72,-0.0008231991669163108
73,0.0002759003546088934
74,0.000031466828659176826
75,0.00027531490195542574
76,-0.00009107973892241716
77,-0.0002128999913111329
78,0.000031382194720208645
79,0.00003130652476102114
80,-0.0008225021883845329
81,-0.000333212548866868
82,0.00003324670251458883
83,0.0003990551922470331
84,0.00003244238905608654
85,0.00015432771760970354
86,-0.00033381255343556404
87,-0.0004552005557343364
88,-0.0005763715598732233
89,0.00040032982360571623
90,0.00003371597267687321
91,0.00027756253257393837
92,0.0003990135155618191
93,0.000520248431712389
94,0.0008851907914504409
95,-0.00021405855659395456
96,0.0006400342099368572
97,-0.0005807428387925029
98,0.0002740011550486088
99,0.00002956995740532875
100,-0.00009246577974408865
101,0.000639449106529355
102,0.00039436807855963707
103,0.00002775946632027626
104,0.00002768775448203087
105,0.0002715399023145437
106,0.0001490727299824357
107,0.00002682290505617857
108,0.00039263733197003603
109,0.000026030815206468105
110,-0.0005838487995788455
111,-0.0004608734743669629
112,0.0002716941526159644
113,0.00027118867728859186
114,0.00014872208703309298
115,0.00014843465760350227
116,-0.00009577639866620302
117,-0.00021759152878075838
118,-0.00009526649955660105
119,-0.0004610061878338456
120,-0.00046020967420190573
121,-0.0005813762545585632
122,0.00027336878702044487
123,0.0006387478206306696
124,0.00014974421355873346
125,-0.0002164298202842474
126,-0.0005819530924782157
127,-0.000093093141913414
128,-0.0003368728794157505
129,0.000273514655418694
130,-0.00021483947057276964
131,0.00015140720643103123
132,0.00027307949494570494
133,0.00015061162412166595
134,0.00015032279770821333
135,-0.00021585135255008936
136,-0.00033745134714990854
137,-0.00021491083316504955
138,0.000029373914003372192
139,-0.0007024700753390789
140,-0.00009143247734755278
141,0.0003965582000091672
142,-0.00033593690022826195
143,0.00003052549436688423
144,0.0001524141989648342
145,-0.0002137618139386177
146,-0.00045732513535767794
147,-0.00021260802168399096
148,0.00003167521208524704
149,-0.00009036145638674498
150,-0.0007000281475484371
151,-0.00008899299427866936
152,0.00015507207717746496
153,0.00027674133889377117
154,0.0003981945337727666
155,0.0002755074528977275
156,0.000031076022423803806
157,-0.0005788075504824519
158,0.000519859604537487
159,-0.00033481535501778126
160,-0.0005781624931842089
161,-0.00045519100967794657
162,-0.0005763613153249025
163,0.0005223037442192435
164,0.0005213600816205144
165,0.0002764933742582798
166,-0.0000899008009582758
167,-0.00008975854143500328
168,-0.00021157832816243172
169,-0.0003331813495606184
170,-0.0016741871368139982
171,-0.0004516093758866191
172,0.0005248745437711477
173,0.00003608118277043104
174,0.0002799268113449216
175,-0.00045235559809952974
176,-0.00020764244254678488
177,0.00003663660027086735
178,-0.0005732510471716523
179,-0.00032832229044288397
180,-0.0008155987598001957
181,-0.0015459323767572641
182,0.00004230870399624109
183,0.0010179204400628805
184,0.0000404078746214509
185,-0.00020359770860522985
186,-0.000325207831338048
187,0.000041246297769248486
188,-0.00020275975111871958
189,-0.0003243708051741123
190,0.000529930111952126
191,-0.00032475334592163563
192,-0.00008026172872632742
193,0.00004183442797511816
194,0.0004076369805261493
195,-0.0002029055031016469
196,0.00028529344126582146
197,0.0004067390691488981
198,-0.0002038023667410016
199,-0.00008148839697241783
200,-0.0009350866312161088
201,-0.00020166300237178802
202,0.00028653466142714024
203,0.00016405584756284952
204,0.0004076798213645816
205,0.0004069467540830374
206,-0.00044751877430826426
207,-0.0006906571798026562
208,0.00040821812581270933
209,0.000773370498791337
210,0.00004021578934043646
211,-0.00008182716555893421
212,0.000650079338811338
213,0.00028302869759500027
214,0.00016055325977504253
215,0.0017457610229030252
216,0.0005230280803516507
217,-0.000697534647770226
218,-0.00045238633174449205
219,0.000036251149140298367
220,0.00015813542995601892
221,0.00015784113202244043
222,0.0002795085310935974
223,0.0005229216767475009
224,-0.00033175479620695114
225,-0.0003311806358397007
226,0.00003527908120304346
227,-0.0002087213797494769
228,0.00027948268689215183
229,-0.0004527989076450467
230,-0.0010618179803714156
231,-0.00045013485942035913
232,0.0006483099423348904
233,0.0006471467204391956
234,0.0006459845462813973
235,-0.0002089097397401929
236,-0.0006964006461203098
237,0.000036594574339687824
238,0.00015847873874008656
239,0.0002801460213959217
240,-0.0005740982014685869
241,-0.00020720565225929022
242,-0.0004507738631218672
243,0.0006476719863712788
244,-0.00020722381304949522
245,-0.0003288302104920149
246,-0.00032825826201587915
247,-0.0006935723358765244
248,-0.00020450318697839975
249,0.000039773876778781414
250,0.0007714644307270646
251,0.0000383125152438879
252,0.0011358902556821704
253,-0.0005736059974879026
254,0.0001591717591509223
255,0.00003691483289003372
0,0.0005246844375506043
1,0.0005237397272139788
2,0.0010106433182954788
3,0.0001550999004393816
4,-0.0004550009034574032
5,-0.00045420799870043993
6,-0.00008753035217523575
7,0.0008883060654625297
8,0.0005208273651078343
9,-0.00008992338553071022
10,-0.00021174224093556404
11,-0.000577267725020647
12,-0.0006982199847698212
13,0.000034777214750647545
14,-0.00008726050145924091
15,-0.00045300519559532404
16,0.000401519238948822
17,0.00015686859842389822
18,0.0010103093227371573
19,-0.0005770050920546055
20,0.0001557762734591961
21,-0.0003323631826788187
22,-0.0004537493223324418
23,0.000034890021197497845
24,-0.00008714769501239061
25,-0.0003309304593130946
26,-0.00008643220644444227
27,0.00040155567694455385
28,0.0008886767318472266
29,-0.00021057354751974344
30,-0.000332175986841321
31,-0.00020963884890079498
32,-0.00020928005687892437
33,0.00015696301124989986
34,-0.00020921486429870129
35,0.00015702866949141026
36,-0.00008718750905245543
37,0.00040080107282847166
38,0.0002781134098768234
39,-0.0004541664384305477
40,-0.00033141218591481447
41,-0.00033083721064031124
42,0.0005234708078205585
43,-0.00020924396812915802
44,-0.0009406571043655276
45,-0.0006950751412659883
46,-0.0010597375221550465
47,0.0002837160136550665
48,0.0004051643190905452
49,0.0005263966741040349
50,-0.00020632031373679638
51,-0.000449888757430017
52,0.00003874779213219881
53,0.00028259260579943657
54,0.00016011856496334076
55,0.00040374696254730225
56,-0.00020679051522165537
57,0.0011351460125297308
58,0.00040134647861123085
59,0.00003473460674285889
60,0.000034659518860280514
61,0.0002785078249871731
62,-0.00008788635022938251
63,0.0002781414659693837
64,0.0001556712668389082
65,0.0002773422747850418
66,0.0002768344711512327
67,0.00015436566900461912
68,0.00003211398143321276
69,0.0005198885919526219
70,0.00003110163379460573
71,0.0002749530831351876
72,0.00039641011971980333
73,-0.0004580450477078557
74,-0.0003352867206558585
75,-0.00021274597384035587
76,0.00003153935540467501
77,0.0008852005703374743
78,0.0010055728489533067
79,-0.0003378124674782157
80,-0.001190964481793344
81,-0.0005790573777630925
82,0.0002756884787231684
83,-0.00021266506519168615
84,0.0003975061699748039
85,0.0005187455099076033
86,0.0000299595994874835
87,0.0019812792306765914
88,-0.00021757325157523155
89,0.00027064024470746517
90,0.00027013919316232204
91,0.0006355238147079945
92,-0.0007072072476148605
93,-0.0003400868736207485
94,-0.00033950351644307375
95,-0.00046088232193142176
96,0.0002716879826039076
97,0.0005151098594069481
98,0.000392212881706655
99,-0.00009635207243263721
100,-0.0002181638265028596
101,-0.0004617206286638975
102,0.00039281242061406374
103,0.0002701329067349434
104,0.0006355177611112595
105,-0.00034132762812078
106,0.0000251430319622159
107,-0.00021884683519601822
108,0.00039132998790591955
109,0.0002686517545953393
110,0.0002681529149413109
111,0.000023730099201202393
112,-0.00022025802172720432
113,0.00038992008194327354
114,-0.0003425660543143749
115,-0.0007078658090904355
116,0.000025141052901744843
117,0.0005129229975864291
118,0.0002680665347725153
119,-0.00009831762872636318
120,0.000023796572349965572
121,-0.00022019143216311932
122,-0.0007076703477650881
123,-0.00046251050662249327
124,-0.0004617096856236458
125,0.000026938505470752716
126,0.000270795077085495
127,0.0006361801642924547
128,0.0002691439585760236
129,0.00014668283984065056
130,-0.0020489130401983857
131,-0.00045978871639817953
132,0.000028857612051069736
133,0.000028788927011191845
134,0.0001506818225607276
135,0.000028435024432837963
136,0.0001503282692283392
137,0.0003939670277759433
138,0.000027363188564777374
139,0.00014925759751349688
140,-0.00009495031554251909
141,-0.0005826479755342007
142,-0.0003377078101038933
143,-0.00021516380365937948
144,0.0003950104583054781
145,0.0002723297802731395
146,0.0003937899600714445
147,0.000027186237275600433
148,-0.0002168045612052083
149,-0.00021643820218741894
150,0.0002717758761718869
151,0.0001493125455453992
152,0.0001490286085754633
153,-0.0004610643954947591
154,0.000271507422439754
155,0.00002708262763917446
156,0.0000270158052444458
157,0.0001489110291004181
158,-0.00009529618546366692
159,-0.0002171079395338893
160,-0.0004606647416949272
161,-0.00045986450277268887
162,0.0002727062674239278
163,-0.0008254526183009148
164,-0.00033615564461797476
165,0.00003031129017472267
166,0.0003961273469030857
167,0.000029521994292736053
168,0.0006392627255991101
169,0.00015026249457150698
170,0.00002801627852022648
171,0.000027948408387601376
172,0.00014984328299760818
173,0.00027152092661708593
174,0.000514944433234632
175,-0.0007056079339236021
176,0.0000273978803306818
177,0.0002712549176067114
178,0.0008805642137303948
179,0.00026917108334600925
180,-0.0007070222636684775
181,-0.0008277479792013764
182,-0.0000945250503718853
183,-0.0003382987342774868
184,0.00027209415566176176
185,-0.00009429268538951874
186,-0.00046002818271517754
187,0.000028619426302611828
188,0.0002724751830101013
189,-0.00009391154162585735
190,-0.00033768557477742434
191,-0.000581026659347117
192,-0.001189820235595107
193,0.00027582154143601656
194,-0.00033449206966906786
195,0.000031973584555089474
196,-0.00021202058997005224
197,0.0005201136227697134
198,0.00027525227051228285
199,-0.0003350609913468361
200,-0.000456441892310977
201,-0.00021172116976231337
202,-0.0013090154388919473
203,-0.0008188547799363732
204,-0.00020760111510753632
205,-0.00008528027683496475
206,-0.00008513790089637041
207,0.000036965939216315746
208,0.00015885289758443832
209,0.0001585615100339055
210,0.00028023193590343
211,-0.00033008528407663107
212,0.00015833880752325058
213,0.000036085955798625946
214,-0.0006957596633583307
215,0.00040312425699084997
216,-0.00020741100888699293
217,0.0002807959681376815
218,0.0005242114420980215
219,0.0004013081779703498
220,-0.0009409961057826877
221,-0.0003295253263786435
222,0.00015889795031398535
223,0.00040253030601888895
224,-0.00008604186587035656
225,0.0005239106249064207
226,-0.00008683977648615837
227,-0.0027698578778654337
228,-0.00020374590530991554
229,0.00028445746283978224
230,-0.00008193973917514086
231,0.00028408539947122335
232,0.00003965059295296669
233,-0.0004482739605009556
234,-0.00020356022287160158
235,-0.00032516627106815577
236,0.00004129169974476099
237,0.0004070989089086652
238,0.00040637003257870674
239,-0.0002041670959442854
240,-0.00008184905163943768
241,-0.0008134811650961637
242,-0.0006900795269757509
243,-0.0005668958183377981
244,-0.00044393015559762716
245,0.00028862745966762304
246,0.0006539979949593544
247,0.0006528333760797977
248,-0.0002020635874941945
249,-0.00032367114908993244
250,-0.0015427188482135534
251,-0.0005642859032377601
252,0.00029044889379292727
253,0.00016797042917460203
254,-0.00007625261787325144
255,0.00016780535224825144
0,0.0004114301409572363
1,0.0005326593527570367
2,0.0005317108007147908
3,0.00016487773973494768
4,-0.00032326672226190567
5,-0.00032269605435431004
6,-0.00044408778194338083
7,0.0006543555064126849
8,-0.00032250466756522655
9,0.0005317986942827702
10,-0.0003228820860385895
11,0.0007753450190648437
12,0.000530040473677218
13,0.000041246647015213966
14,0.00028509204275906086
15,0.0005285040242597461
16,-0.0005700979381799698
17,-0.0013008622918277979
18,-0.0011765941744670272
19,-0.00019881152547895908
20,0.0006552733248099685
21,0.0006541076581925154
22,0.00040901917964220047
23,-0.0003234825562685728
24,-0.00007898767944425344
25,0.0004089964786544442
26,-0.0004454667214304209
27,-0.00044467905536293983
28,0.000043955398723483086
29,-0.0008098584366962314
30,-0.0005644981283694506
31,0.0007780842715874314
32,0.000532777514308691
33,-0.000443866360001266
34,-0.0004430800909176469
35,-0.0009301418904215097
36,0.00004720478318631649
37,0.00041300710290670395
38,0.00016834947746247053
39,-0.00007587380241602659
40,0.0002901457482948899
41,0.0006555155850946903
42,0.00016650184988975525
43,0.00041012780275195837
44,-0.00020041305106133223
45,-0.00007809791713953018
46,-0.0003218854544684291
47,0.00016653165221214294
48,-0.00019965204410254955
49,0.00016658613458275795
50,0.00004432618152350187
51,0.0004101309459656477
52,-0.0004443336511030793
53,-0.0000776610104367137
54,0.00004443642683327198
55,-0.00019956822507083416
56,0.000044707790948450565
57,-0.00007733539678156376
58,-0.0010528949787840247
59,-0.0004412165144458413
60,0.0005352628650143743
61,0.000656273914501071
62,0.00041118357330560684
63,-0.0005652436520904303
64,-0.000686202896758914
65,-0.0012947942595928907
66,-0.0009266072884202003
67,-0.00031514931470155716
68,0.00017326197121292353
69,0.000050996080972254276
70,0.0004167949082329869
71,0.0009039052529260516
72,0.000048568821512162685
73,-0.0003174017183482647
74,-0.00007291242945939302
75,-0.00019474269356578588
76,-0.00043831823859363794
77,0.00005031051114201546
78,0.00005022413097321987
79,0.0002940618433058262
80,0.00041550397872924805
81,0.0005367299309000373
82,-0.00007403152994811535
83,-0.000561746652238071
84,-0.0005607471102848649
85,-0.001169558148831129
86,-0.00006981997285038233
87,0.0004181567346677184
88,0.000051532406359910965
89,-0.00019247864838689566
90,-0.00007017073221504688
91,0.00017388223204761744
92,0.0005394632462412119
93,-0.0005591482622548938
94,-0.0009240370709449053
95,-0.0004345427732914686
96,0.0002980063436552882
97,0.0004194451030343771
98,0.0002967437030747533
99,0.00017425965052098036
100,-0.0004358547739684582
101,0.0009065050398930907
102,0.0002950900234282017
103,-0.00019327830523252487
104,-0.0003148935502395034
105,-0.0008021778194233775
106,0.0013945660321041942
107,-0.0006812593201175332
108,0.00005172588862478733
109,0.00005163822788745165
110,0.0002954744268208742
111,0.00005102972500026226
112,0.000050942529924213886
113,-0.0009248396381735802
114,0.00005250261165201664
115,0.00005241401959210634
116,0.000540173496119678
117,0.00017333251889795065
118,-0.0004367814399302006
119,0.0004177319351583719
120,0.000051108188927173615
121,0.0001729826908558607
122,0.00041660305578261614
123,-0.00019394373521208763
124,0.000050327274948358536
125,-0.0004376065917313099
126,0.00029494520276784897
127,-0.00007146107964217663
128,-0.0006811404600739479
129,-0.00031404115725308657
130,0.00005240680184215307
131,0.0005401662783697248
132,0.0005392107414081693
133,-0.0005594005342572927
134,0.00005140609573572874
135,-0.0020220335572957993
136,-0.0009207793045789003
137,-0.0010410979157313704
138,-0.0006733537884429097
139,0.0001815862488001585
140,0.000547160510905087
141,0.0010340464068576694
142,0.0009102568728849292
143,-0.0003109712852165103
144,-0.0009202214423567057
145,0.00030104059260338545
146,0.00017855246551334858
147,0.0005441294051706791
148,-0.00006663938984274864
149,0.00042133405804634094
150,-0.0006770646432414651
151,0.0002998409327119589
152,0.0001773536205291748
153,-0.00018883985467255116
154,0.000055426498875021935
155,0.0004212211351841688
156,-0.0005552156362682581
157,-0.00006637477781623602
158,0.0004215984372422099
159,0.00005497061647474766
160,0.0000548800453543663
161,0.000054789124988019466
162,0.0005425462732091546
163,0.0001757029676809907
164,0.0000534342834725976
165,0.00005334487650543451
166,-0.00006870622746646404
167,0.000053382827900350094
168,0.0004191792104393244
169,0.00041843962389975786
170,-0.00007014709990471601
171,-0.00019198027439415455
172,0.00029621273279190063
173,-0.0005580426659435034
174,-0.0003131232224404812
175,-0.00019059993792325258
176,0.0004195536021143198
177,0.000296851503662765
178,-0.00019151857122778893
179,-0.0005570591893047094
180,0.0005415925988927484
181,0.0007845594082027674
182,0.0005392463644966483
183,-0.00019348005298525095
184,0.00005079049151390791
185,-0.0001932205632328987
186,-0.0006807219469919801
187,-0.0001916610635817051
188,-0.00006935454439371824
189,0.00005273544229567051
190,0.00017460831440985203
191,-0.0004355069249868393
192,0.00041900493670254946
193,0.0002963034203276038
194,0.00029578106477856636
195,-0.0004365118220448494
196,0.00005211494863033295
197,0.00017398851923644543
198,-0.0000702408142387867
199,0.00017381191719323397
200,0.0005393924657255411
201,0.0012702089734375477
202,-0.00043951196130365133
203,0.00029304088093340397
204,0.00017055997159332037
205,0.0002922198036685586
206,0.0006575867300853133
207,-0.000197314890101552
208,-0.0005628506187349558
209,0.00016992050223052502
210,0.00041354296263307333
211,0.0007786938222125173
212,0.0005333856679499149
213,-0.0006871827645227313
214,-0.0005640024319291115
215,0.00004680815618485212
216,0.00016868615057319403
217,0.0009001571452245116
218,-0.00007713865488767624
219,-0.00019896577578037977
220,-0.00117430929094553
221,0.00029131805058568716
222,0.000534724211320281
223,0.00016788789071142673
224,0.0006554356077685952
225,-0.0004433878930285573
226,0.0005330926505848765
227,-0.000687475549057126
228,-0.0003203710075467825
229,-0.00019784155301749706
230,0.00041231850627809763
231,0.00041158462408930063
232,0.000532813835889101
233,-0.00019990676082670689
234,0.00016633118502795696
235,-0.00007789081428200006
236,0.000044206506572663784
237,-0.0005656842840835452
238,-0.0006866439944133162
239,-0.00031954003497958183
240,0.0005347599508240819
241,0.0005338095361366868
242,0.0005328594706952572
243,-0.000443784985691309
244,-0.00019907543901354074
245,0.00016716192476451397
246,0.0005327485268935561
247,-0.00007801002357155085
248,-0.0003217981429770589
249,0.00016661814879626036
250,0.00041024363599717617
251,0.00028754991944879293
252,0.00028703571297228336
253,0.0000425978796556592
254,-0.0006892533274367452
255,-0.00007822329644113779
0,0.0004097601631656289
1,0.00004314293619245291
2,-0.0000788993202149868
3,0.0006530086975544691
4,-0.00032385089434683323
5,-0.0005672037368640304
6,-0.0004442380741238594
7,-0.0005654138512909412
8,-0.00007656414527446032
9,0.0002894558710977435
10,0.00028894003480672836
11,-0.00007746112532913685
12,-0.0005651738028973341
13,-0.00007632432971149683
14,0.0002896958030760288
15,0.0008989889174699783
16,-0.0003222294617444277
17,0.0012638445477932692
18,-0.0006897945422679186
19,-0.0006885734619572759
20,0.00004441814962774515
21,0.0002882602857425809
22,0.00016578345093876123
23,-0.00020039989612996578
24,-0.0005659328307956457
25,-0.0006868919590488076
26,0.0010217931121587753
27,0.00041016668546944857
28,-0.0004442981444299221
29,-0.00032154994551092386
30,0.00041078997310251
31,0.00016613432671874762
32,-0.00032201141584664583
33,-0.000199480215087533
34,-0.00007716636173427105
35,-0.00007703120354562998
36,0.000045065185986459255
37,0.00004498334601521492
38,0.000044901156798005104
39,0.00016678147949278355
40,0.00028844457119703293
41,0.00028792954981327057
42,-0.0005663181655108929
43,-0.00019942945800721645
44,0.00004484620876610279
45,-0.00007719732820987701
46,0.00041078508365899324
47,-0.00007779453881084919
48,-0.0001996210776269436
49,0.000044655054807662964
50,0.0002884971909224987
51,0.00028798182029277086
52,0.0002874676138162613
53,-0.00020089419558644295
54,-0.00020054075866937637
55,-0.00020018790382891893
56,-0.00032179709523916245
57,-0.0005651520332321525
58,0.00004565971903502941
59,-0.0006861940491944551
60,0.000046795234084129333
61,0.00016867369413375854
62,-0.0004414360737428069
63,-0.00019672850612550974
64,-0.00007441698107868433
65,0.00016963935922831297
66,0.00016933842562139034
67,-0.0004407720407471061
68,0.00004785868804901838
69,0.00004777451977133751
70,-0.0005621196469292045
71,0.00017065147403627634
72,-0.0003174982266500592
73,-0.00007300951983779669
74,0.00029300793539732695
75,0.0006583743961527944
76,0.0004132817266508937
77,-0.0009290330344811082
78,-0.00043953536078333855
79,-0.00019482930656522512
80,-0.00019448157399892807
81,-0.00007217191159725189
82,-0.00031596526969224215
83,-0.0005593249807134271
84,-0.000558328116312623
85,-0.00006948458030819893
86,-0.0001913183368742466
87,-0.0003129353281110525
88,-0.00006845046300441027
89,-0.0005561704747378826
90,0.00029855663888156414
91,-0.00006785301957279444
92,-0.00018968828953802586
93,0.00017654069233685732
94,-0.00006769038736820221
95,-0.0003114874707534909
96,0.0005428054137155414
97,-0.00031188561115413904
98,0.00005456036888062954
99,0.00042035558726638556
100,0.00041961483657360077
101,-0.0000689727021381259
102,-0.00031276885420084
103,0.0005415253108367324
104,0.0006625304231420159
105,0.0009052815148606896
106,0.00004994345363229513
107,-0.00019406666979193687
108,-0.0005596056580543518
109,-0.0009244941174983978
110,-0.0017765810480341315
111,0.0002999331336468458
112,0.00042136991396546364
113,-0.00018918118439614773
114,0.0001770472154021263
115,0.00042066327296197414
116,0.00017599842976778746
117,-0.0001901941141113639
118,0.00029799703042954206
119,-0.00006841227877885103
120,-0.00006828515324741602
121,0.00041968934237957
122,-0.00031282228883355856
123,0.00029754836577922106
124,0.0002970247296616435
125,-0.00006938353180885315
126,-0.000069255824200809
127,-0.0003130516270175576
128,-0.00019052904099225998
129,0.00005373894236981869
130,0.00005364883691072464
131,-0.00019036466255784035
132,0.0002978264819830656
133,-0.00031250633765012026
134,0.00005393975879997015
135,-0.00031203601974993944
136,-0.00018951401580125093
137,-0.0003111328696832061
138,-0.00018861156422644854
139,0.00005565444007515907
140,0.00017752463463693857
141,0.0002991779474541545
142,-0.0004331181989982724
143,-0.0007982274983078241
144,-0.00018699269276112318
145,0.0009110050741583109
146,0.0007874328875914216
147,-0.0000676924828439951
148,-0.000189528102055192
149,-0.0005550713976845145
150,-0.000432116212323308
151,0.00017846818082034588
152,-0.00030968862120062113
153,0.0001787171931937337
154,-0.00018747826106846333
155,0.0003007102059200406
156,-0.0003096252912655473
157,-0.0007969150319695473
158,-0.0009174526203423738
159,-0.00018404098227620125
160,0.00006022036541253328
161,0.00006012467201799154
162,-0.000549780554138124
163,0.0005488641327247024
164,-0.000549756339751184
165,0.000061041209846735
166,0.00030486821196973324
167,-0.0006713570328429341
168,-0.0006701525999233127
169,0.00006282201502472162
170,0.00006272352766245604
171,-0.00018129823729395866
172,-0.0007907723775133491
173,-0.0006673915777355433
174,0.00006558035966008902
175,0.00043136533349752426
176,0.000674538197927177
177,0.00018550676759332418
178,-0.0005465801805257797
179,-0.00017970951739698648
180,-0.0009111473336815834
181,-0.00042166560888290405
182,-0.0004208998288959265
183,-0.00029817328322678804
184,0.0003121837507933378
185,0.00006772298365831375
186,0.0005554677918553352
187,0.00018861261196434498
188,-0.00017759203910827637
189,-0.0004211838822811842
190,-0.0011521901469677687
191,-0.0005403158720582724
192,-0.0001734511461108923
193,0.0001927628181874752
194,0.00007047830149531364
195,0.00007037294562906027
196,0.0010459625627845526
197,-0.0002974573289975524
198,-0.0001749488292261958
199,-0.00041854334995150566
200,0.0008018381195142865
201,0.0005565087776631117
202,0.00006769003812223673
203,0.00006758712697774172
204,0.00006748386658728123
205,-0.0006643901579082012
206,0.00006857863627374172
207,-0.0006632964359596372
208,-0.000540137873031199
209,-0.0001732734963297844
210,0.00043686339631676674
211,-0.0005395880434662104
212,-0.0006605715025216341
213,-0.0010252633364871144
214,-0.00029164855368435383
215,0.0005626257043331861
216,0.00019576342310756445
217,-0.000048485700972378254
218,-0.0002923014108091593
219,0.00007412594277411699
220,0.00007401709444820881
221,-0.000048054149374365807
222,0.00007401569746434689
223,-0.00017001712694764137
224,0.00044011662248522043
225,0.00043935736175626516
226,-0.000049249385483562946
227,-0.00041502597741782665
228,0.00019554223399609327
229,-0.000048707122914493084
230,0.0005612104432657361
231,0.00019434920977801085
232,-0.00004989898297935724
233,-0.0002937136450782418
234,-0.00004924729000777006
235,0.00007282337173819542
236,-0.0004151324974372983
237,0.00019543548114597797
238,0.0000731482869014144
239,-0.0002928460016846657
240,-0.00017034262418746948
241,-0.00017001782543957233
242,-0.0011453891638666391
243,0.00044217368122190237
244,0.0003194495802745223
245,0.00044086750131100416
246,-0.00029166473541408777
247,-0.0013887811219319701
248,0.0001992144389078021
249,0.00019888486713171005
250,0.0005644417833536863
251,-0.0001683082664385438
252,-0.000046024215407669544
253,-0.00028984248638153076
254,0.00007658195681869984
255,0.0008082411950454116
0,0.0005629051011055708
1,0.00007407984230667353
2,0.00007396982982754707
3,-0.000048101646825671196
4,-0.0007797657744958997
5,-0.000046587083488702774
6,0.0001974423648789525
7,0.000319076469168067
8,0.00044049392454326153
9,0.00019580952357500792
10,-0.0002923646243289113
11,0.00031798542477190495
12,0.00031744211446493864
13,-0.00029291026294231415
14,-0.000048445421271026134
15,-0.0002922620624303818
16,-0.0006576073355972767
17,0.00019731628708541393
18,0.0008067979943007231
19,0.0009273482719436288
20,-0.0002938975812867284
21,-0.0006592413410544395
22,-0.0005360879004001617
23,-0.00041315227281302214
24,0.00044133723713457584
25,-0.0007790434174239635
26,0.00007609627209603786
27,-0.00016793969552963972
28,0.0004421914927661419
29,0.0006853524828329682
30,0.0006841571303084493
31,0.00007315329276025295
32,-0.0006587276002392173
33,-0.0011453841580078006
34,-0.0005335177993401885
35,-0.000044699059799313545
36,-0.0004104811232537031
37,0.000444005592726171
38,0.00019931735005229712
39,0.00019898719619959593
40,0.0005645428318530321
41,-0.00053409393876791
42,0.00007668742910027504
43,0.0003204980166628957
44,-0.0002898577367886901
45,0.00007656577508896589
46,0.00019841489847749472
47,-0.00004583864938467741
48,-0.0001676962710916996
49,0.0006863578455522656
50,0.0005631991662085056
51,0.00019633478950709105
52,0.00019600673113018274
53,-0.00029216823168098927
54,-0.0001696667168289423
55,-0.000291306059807539
56,-0.0002907670568674803
57,-0.00029022886883467436
58,0.0000761949922889471
59,0.00032000569626688957
60,0.00007553596515208483
61,-0.00029046228155493736
62,0.00007596146315336227
63,0.000441734679043293
64,-0.0000468759099021554
65,0.00019715295638889074
66,-0.0004129857989028096
67,0.0003195410827174783
68,0.00007507111877202988
69,0.00007495936006307602
70,0.0003187708789482713
71,-0.00016962166409939528
72,0.00007462385110557079
73,-0.00029137334786355495
74,-0.00029083469416946173
75,0.00019755109678953886
76,0.00019722140859812498
77,0.0000749307218939066
78,0.00019678031094372272
79,0.00044037564657628536
80,0.0005615755217149854
81,0.00007274991367012262
82,-0.00017128395847976208
83,-0.0006588082760572433
84,-0.0005356564652174711
85,0.00007512536831200123
86,-0.00004694890230894089
87,0.0003190411953255534
88,0.0001965333940461278
89,0.0006840522401034832
90,0.0005608951905742288
91,-0.000537739833816886
92,-0.00004891795106232166
93,-0.0005366596160456538
94,0.0004400084726512432
95,0.0005612085806205869
96,-0.00004957884084433317
97,0.0006822991417720914
98,0.0006811051862314343
99,0.0009238360216841102
100,0.0003124010981991887
101,0.00031186093110591173
102,0.00006739748641848564
103,-0.00005467049777507782
104,0.0003113264683634043
105,0.0005547109758481383
106,0.0003098146989941597
107,-0.00005660892929881811
108,0.00006546557415276766
109,-0.00005660031456500292
110,0.00006547418888658285
111,-0.00030051555950194597
112,0.0003098398447036743
113,0.00018733995966613293
114,-0.000056904624216258526
115,-0.000056791817769408226
116,-0.00017864105757325888
117,-0.00017831148579716682
118,0.0004318271530792117
119,0.0005530340131372213
120,0.0003081391332671046
121,-0.00018024491146206856
122,-0.00005795224569737911
123,-0.00042372429743409157
124,-0.0007888460531830788
125,0.00006630050484091043
126,-0.0006655757315456867
127,-0.0007863423088565469
128,0.00031272589694708586
129,0.0009219944477081299
130,0.00018859910778701305
131,0.00043220072984695435
132,-0.00017836422193795443
133,-0.0004219588590785861
134,-0.0007870823610574007
135,-0.00041978503577411175
136,-0.00029706291388720274
137,-0.00005259632598608732
138,0.0004353600088506937
139,0.0003126399824395776
140,0.000312098884023726
141,-0.0006641362560912967
142,-0.0005409808363765478
143,-0.0001741189043968916
144,-0.000051831710152328014
145,0.0003141618799418211
146,-0.00017422798555344343
147,0.00031394476536661386
148,0.0006792882923036814
149,0.0001902485964819789
150,0.0005558107513934374
151,-0.0001769347582012415
152,0.0003112406702712178
153,0.00018873880617320538
154,-0.0002994316164404154
155,-0.00005496281664818525
156,-0.00042073812801390886
157,-0.00005409133154898882
158,0.000433865818195045
159,0.0011648802319541574
160,0.0006749755702912807
161,-0.0004238695837557316
162,-0.0007889919215813279
163,0.00006615440361201763
164,0.00043193460442125797
165,0.00030921725556254387
166,-0.0003011302324011922
167,0.00006530142854899168
168,-0.00017872708849608898
169,-0.0005442837718874216
170,0.00043239013757556677
171,0.00006574834696948528
172,0.00043152901344001293
173,0.00006488792132586241
174,-0.000057178433053195477
175,0.00030881993006914854
176,-0.00042348948772996664
177,-0.0003007645718753338
178,0.00030959059949964285
179,0.0005529758054763079
180,0.0004300420405343175
181,0.00006340246181935072
182,-0.0001806245418265462
183,-0.0007901034550741315
184,-0.003349889535456896
185,0.0001929698046296835
186,-0.0004171663895249367
187,-0.0001724855974316597
188,-0.00005020026583224535
189,0.0006816772511228919
190,0.00007067329715937376
191,-0.0004172839689999819
192,0.000071320915594697
193,0.00007121055386960506
194,-0.0009045947808772326
195,-0.0001711997902020812
196,-0.000292839715257287
197,0.00019554630853235722
198,0.0005611026426777244
199,0.0001942379167303443
200,-0.00017197569832205772
201,-0.0002936149248853326
202,-0.0006589619442820549
203,-0.00041384948417544365
204,0.00019671430345624685
205,-0.0001695016399025917
206,0.00019670405890792608
207,-0.00041343551129102707
208,0.00019712746143341064
209,0.0008066063746809959
210,-0.000658350414596498
211,0.000440494273789227
212,0.00019580707885324955
213,-0.00017040863167494535
214,0.0003177601611241698
215,-0.000048672198317945004
216,-0.0006583769572898746
217,-0.00041326554492115974
218,0.000685144797898829
219,0.0011717943707481027
220,0.0005599211435765028
221,-0.0005387143464758992
222,-0.000537741114385426
223,-0.00004892144352197647
224,-0.00017077906522899866
225,0.0006832755170762539
226,0.0005601170705631375
227,-0.0005385185359045863
228,-0.0001716600963845849
229,0.0006823950679972768
230,0.0008031608304008842
231,0.0003139020409435034
232,0.00006943487096577883
233,-0.00041852169670164585
234,0.00007008353713899851
235,0.00019193580374121666
236,0.00019160902593284845
237,-0.00005264091305434704
238,0.00019139028154313564
239,-0.001516402349807322
240,-0.000050151022151112556
241,-0.0001720075961202383
242,-0.00017168582417070866
243,0.0005604074103757739
244,0.0008033518679440022
245,-0.00005179282743483782
246,-0.0006614959565922618
247,0.00007146585267037153
248,0.00007135432679206133
249,0.0004371290560811758
250,0.0006802914431318641
251,-0.00029659795109182596
252,-0.0002960569690912962
253,-0.0001735548721626401
254,0.0003146157832816243
255,0.0004360337043181062
0,0.00019134930334985256
1,0.00019102299120277166
2,0.0006785447476431727
3,0.0007993137696757913
4,0.00043201970402151346
5,0.0003093008417636156
6,-0.00017908622976392508
7,-0.00005679624155163765
8,0.0005531242350116372
9,0.0001862653298303485
10,0.0004298674175515771
11,0.00006322632543742657
12,0.0005509699694812298
13,-0.0003037344431504607
14,-0.000059263547882437706
15,-0.00018111243844032288
16,-0.00042470660991966724
17,-0.00018001999706029892
18,0.00006423238664865494
19,-0.0001797964796423912
20,0.00006445578765124083
21,-0.0011552684009075165
22,0.00018837465904653072
23,0.0009198219049721956
24,0.001040159841068089
25,0.00006262538954615593
26,-0.00005944026634097099
27,-0.00042521278373897076
28,-0.0011562211439013481
29,-0.00030042463913559914
30,-0.0002998808631673455
31,-0.000055413576774299145
32,0.0000666577834635973
33,0.0007983216783031821
34,0.00018710445147007704
35,-0.00030106562189757824
36,0.00043124984949827194
37,-0.000545201706700027
38,0.00006558594759553671
39,0.00043136521708220243
40,-0.000057239201851189137
41,-0.00005712825804948807
42,-0.0003009409410879016
43,0.0007972602033987641
44,0.0005519295809790492
45,-0.0003027756465598941
46,-0.00018026819452643394
47,-0.00017993932124227285
48,0.00043019838631153107
49,0.00018551887478679419
50,-0.00042461208067834377
51,-0.00005796400364488363
52,0.00018607138190418482
53,0.00042967312037944794
54,-0.00005892955232411623
55,-0.0003027410712093115
56,-0.00042415724601596594
57,0.00006445241160690784
58,-0.0006674244068562984
59,-0.00017838214989751577
60,-0.0007878645556047559
61,0.0001892406726256013
62,0.00006695382762700319
63,0.0010425413493067026
64,0.0004308900097385049
65,-0.0007894855225458741
66,-0.0004221879644319415
67,-0.0001775040291249752
68,-0.00017717794980853796
69,0.00043295719660818577
70,0.00006631319411098957
71,-0.000055756187066435814
72,-0.0006654560565948486
73,-0.00017641554586589336
74,0.00018979515880346298
75,-0.00029837770853191614
76,-0.0005417600041255355
77,0.0001909859711304307
78,-0.00029718782752752304
79,-0.0005405712872743607
80,-0.0005395978223532438
81,0.0005590321961790323
82,0.0005580533761531115
83,0.0009229611605405807
84,0.0006774099310860038
85,-0.0002994778333231807
86,-0.0005428587319329381
87,-0.0010297308908775449
88,-0.00017415580805391073
89,-0.0002957950346171856
90,0.00007062987424433231
91,-0.00005144334863871336
92,0.0001925859833136201
93,-0.000051666516810655594
94,0.0010460965568199754
95,-0.00017536780796945095
96,0.00006887991912662983
97,-0.0009069254156202078
98,-0.0002954916562885046
99,-0.000051029142923653126
100,0.0005588852800428867
101,0.00031398271676152945
102,0.00031343777664005756
103,-0.000052991556003689766
104,0.00031300075352191925
105,0.0004344185581430793
106,0.00006777327507734299
107,0.00018962565809488297
108,-0.00005462381523102522
109,0.00043333193752914667
110,-0.000055274926126003265
111,-0.000664975494146347
112,0.00018994975835084915
113,0.0005555093521252275
114,0.00006668572314083576
115,0.00031050131656229496
116,-0.000055925920605659485
117,0.00006614497397094965
118,-0.0011535815428942442
119,-0.00005386502016335726
120,-0.0010294528910890222
121,0.0003139690961688757
122,0.00031342427246272564
123,0.00043484207708388567
124,-0.00041965197306126356
125,-0.0004188945749774575
126,-0.000784023548476398
127,-0.0009045792976394296
128,0.0001946995034813881
129,-0.0002934784861281514
130,0.00019490555860102177
131,0.00031653710175305605
132,0.00007206585723906755
133,0.0004378387238830328
134,0.00019315117970108986
135,-0.000416987226344645
136,-0.00005034683272242546
137,-0.000050242990255355835
138,0.00019378471188247204
139,-0.00005046883597970009
140,-0.00017232680693268776
141,0.0008036888903006911
142,0.0001924658427014947
143,0.0006799846887588501
144,0.0001909418497234583
145,-0.00029723322950303555
146,-0.000540616805665195
147,0.00007016549352556467
148,0.00043593929149210453
149,0.00031321565620601177
150,0.00006874767132103443
151,0.000678446376696229
152,-0.00017648108769208193
153,-0.0001761567546054721
154,0.0005559384590014815
155,0.00006711401510983706
156,0.0006768142338842154
157,0.0001877741888165474
158,0.00018744950648397207
159,0.0001871250569820404
160,-0.0003010464133694768
161,0.000309305964037776
162,0.0006746505387127399
163,0.0003075741697102785
164,0.0004289965145289898
165,-0.00030353059992194176
166,0.00018486217595636845
167,0.00042846379801630974
168,0.00006182282231748104
169,0.00018368044402450323
170,-0.0003044885816052556
171,-0.0005478659877553582
172,-0.00030296342447400093
173,0.00006346753798425198
174,-0.00018056249246001244
175,-0.0004241582937538624
176,-0.00017947389278560877
177,-0.0005450329044833779
178,0.0001877150498330593
179,0.0003093521809205413
180,-0.000057074823416769505
181,-0.00005696516018360853
182,-0.0003007798222824931
183,0.0004315346013754606
184,0.00043077627196907997
185,0.00006413320079445839
186,-0.00017989706248044968
187,-0.00017957051750272512
188,0.00030860421247780323
189,0.00006413948722183704
190,-0.00030185270588845015
191,-0.0007891565328463912
192,-0.0006657845806330442
193,0.0004330645315349102
194,0.0005542668513953686
195,0.0000654436880722642
196,-0.00017858820501714945
197,-0.0004221861017867923
198,0.00006642041262239218
199,-0.000055650132708251476
200,0.0001883815275505185
201,0.00018805614672601223
202,0.0006755786016583443
203,0.0005524246953427792
204,0.0000636029290035367
205,-0.0005463126581162214
206,-0.00042337330523878336
207,-0.000300651416182518
208,0.0005536241224035621
209,0.0005526490276679397
210,-0.0004240204580128193
211,-0.00030129821971058846
212,0.00030905415769666433
213,0.0005524366861209273
214,0.0004295008257031441
215,0.00030678242910653353
216,-0.00018160464242100716
217,-0.0005471616750583053
218,0.00018558779265731573
219,0.00030722643714398146
220,0.0000627631088718772
221,0.00030658114701509476
222,0.0007938897470012307
223,0.0004265985917299986
224,0.0003038826398551464
225,-0.00030646356754004955
226,0.0007917409529909492
227,0.00018052791710942984
228,0.00005824735853821039
229,-0.00006381631828844547
230,-0.00030762481037527323
231,-0.0026243521133437753
232,-0.0001804482890293002
233,0.0004296884872019291
234,0.00006304588168859482
235,-0.00018098391592502594
236,0.00006326776929199696
237,-0.00005880033131688833
238,0.00018523400649428368
239,-0.00018097448628395796
240,0.0003072007093578577
241,-0.00030314852483570576
242,-0.00030260381754487753
243,0.0005516732344403863
244,0.0005506997695192695
245,-0.0009138156892731786
246,-0.0011561105493456125
247,-0.000666201813146472
248,0.0001887233229354024
249,0.00006643554661422968
250,0.0005541740683838725
251,0.00006535043939948082
252,0.00006524240598082542
253,-0.00005682744085788727
254,0.00043112889397889376
255,-0.000789248151704669
0,-0.0009098001755774021
1,-0.0006642511580139399
2,-0.00017521309200674295
3,-0.00029685243498533964
4,-0.00017435208428651094
5,0.0001918555935844779
6,0.0004354499978944659
7,-0.00005315954331308603
8,0.0005567553453147411
9,-0.00005403230898082256
10,-0.00029784999787807465
11,-0.000297310296446085
12,0.0003130382392555475
13,0.0004344549961388111
14,0.00006780808325856924
15,0.00018965965136885643
16,-0.00005459121894091368
17,-0.000054484582506120205
18,0.0001895457971841097
19,-0.00029862893279641867
20,-0.000420050579123199
21,-0.00017537036910653114
22,0.00019083789084106684
23,0.00019050959963351488
24,-0.00029766594525426626
25,-0.0001751644304022193
26,-0.00017484265845268965
27,0.0000694032059982419
28,0.0009230241412296891
29,0.00006766198202967644
30,0.0003114753635600209
31,0.0004328934010118246
32,-0.000055714393965899944
33,-0.0007873784052208066
34,-0.0001761607127264142
35,0.00043397152330726385
36,0.0001892865402624011
37,0.0009207309922203422
38,0.00018733262550085783
39,-0.0000569166149944067
40,-0.00030073162633925676
41,-0.0003001898294314742
42,-0.0002996482653543353
43,-0.00005518365651369095
44,0.00006688537541776896
45,-0.000055186450481414795
46,0.00043276778887957335
47,0.000310045899823308
48,0.0003095031715929508
49,0.0001869992120191455
50,0.0004305979236960411
51,-0.0004238937981426716
52,-0.0011549051851034164
53,0.0001887349644675851
54,0.00006644648965448141
55,0.00006633694283664227
56,0.00006622751243412495
57,0.00043200375512242317
58,0.0010410535614937544
59,-0.0004243316361680627
60,0.0003081999020650983
61,-0.0001801889156922698
62,-0.0005457483930513263
63,-0.0004228103207424283
64,0.0005536434473469853
65,0.0000648200511932373
66,0.0007964831311255693
67,0.0004291888326406479
68,0.00006254622712731361
69,-0.00054736970923841
70,-0.000790315680205822
71,-0.00017909600865095854
72,0.00043103890493512154
73,0.000552241806872189
74,-0.0003024662146344781
75,-0.0001799610909074545
76,0.000552136218175292
77,0.0009170471457764506
78,0.0006714991759508848
79,0.00030442443676292896
80,-0.00006199907511472702
81,-0.00042777194175869226
82,-0.00018308532889932394
83,-0.0004266803152859211
84,-0.0006698421202600002
85,-0.00030276167672127485
86,0.000063667306676507
87,0.0005514076910912991
88,0.00030650978442281485
89,0.00006204622332006693
90,0.00018390221521258354
91,0.0003055417910218239
92,-0.00042676879093050957
93,-0.00006012106314301491
94,-0.0006698193028569221
95,-0.0006686245324090123
96,0.00006434042006731033
97,0.00018619431648403406
98,0.0003078316804021597
99,0.0003072906984016299
100,0.0001847880193963647
101,-0.0001814207062125206
102,0.00042871583718806505
103,-0.0005477359518408775
104,-0.00005891057662665844
105,-0.0009125340729951859
106,-0.000301097403280437
107,0.000553177553229034
108,0.0005522018764168024
109,-0.00018054444808512926
110,0.00006370572373270988
111,0.00018556020222604275
112,-0.0001806496875360608
113,0.0005514483200386167
114,-0.0005471830954775214
115,0.00006360386032611132
116,0.0000634961761534214
117,-0.00042445852886885405
118,0.0000641488004475832
119,0.00006404111627489328
120,-0.00042391405440866947
121,-0.0009110027458518744
122,-0.00005564361345022917
123,-0.00017749855760484934
124,-0.00017717492301017046
125,0.00006707198917865753
126,0.0006767709273844957
127,0.0006755770882591605
128,0.0005524220177903771
129,-0.0006681719096377492
130,-0.00017913163173943758
131,0.00018707907292991877
132,-0.00030109414365142584
133,-0.00005662837065756321
134,-0.00030044454615563154
135,-0.00017794128507375717
136,-0.00029957934748381376
137,0.00006684660911560059
138,0.00006673624739050865
139,-0.0004212214844301343
140,-0.0004204647848382592
141,-0.0004197087837383151
142,-0.0001750291557982564
143,0.00043510133400559425
144,-0.0001754708355292678
145,-0.0000531874829903245
146,-0.000662892241962254
147,0.000923800515010953
148,0.000556284561753273
149,0.00018941995222121477
150,-0.0002987552434206009
151,-0.00005429214797914028
152,0.0000677754869684577
153,-0.0006641072686761618
154,-0.00041899411007761955
155,-0.0011500109685584903
156,0.00007166247814893723
157,-0.000050414237193763256
158,0.0003155735321342945
159,-0.0002947842003777623
160,-0.000050324597395956516
161,-0.00005022261757403612
162,0.0003157650353386998
163,0.00007129274308681488
164,-0.0007825552020221949
165,-0.00017134309746325016
166,0.00031682243570685387
167,0.0001943110255524516
168,0.000315940473228693
169,-0.000050493632443249226
170,-0.0001723538152873516
171,-0.0001720351865515113
172,-0.00004975474439561367
173,0.00007230823393911123
174,0.00007219274993985891
175,-0.0002938082907348871
176,0.0004384977510198951
177,0.000559693668037653
178,0.0003147877287119627
179,0.00019227806478738785
180,-0.00017393834423273802
181,-0.0007834277348592877
182,-0.0007820244645699859
183,-0.000048851012252271175
184,-0.00041463645175099373
185,0.0006837713299319148
186,0.0003166845999658108
187,0.00043809693306684494
188,0.00019340706057846546
189,-0.0004167337901890278
190,-0.0009038293501362205
191,0.00007348461076617241
192,-0.000048594316467642784
193,0.00007346784695982933
194,0.00007335084956139326
195,-0.00017068954184651375
196,0.00043943687342107296
197,0.0008045552531257272
198,-0.0002945183077827096
199,-0.0006598689360544086
200,-0.0006586838280782104
201,-0.0007794618140906096
202,-0.00004629092290997505
203,-0.00004619313403964043
204,0.00031979044433683157
205,0.0006851233774796128
206,0.0006839212728664279
207,0.0008046817965805531
208,-0.0004163539269939065
209,0.00019420706667006016
210,0.0005597600247710943
211,-0.00017299375031143427
212,0.0004371341783553362
213,-0.00005147838965058327
214,-0.00041726185008883476
215,-0.00029454741161316633
216,-0.00029401236679404974
217,0.0005602554883807898
218,0.0006812340579926968
219,0.0005580733995884657
220,-0.0006625271635130048
221,-0.0002954540541395545
222,0.0001929291756823659
223,-0.0006611355347558856
224,-0.000537988031283021
225,-0.0007809435483068228
226,-0.0006575811421498656
227,-0.00041247461922466755
228,0.00032004457898437977
229,-0.00029031792655587196
230,-0.00028978660702705383
231,-0.0005331797292456031
232,-0.000166330486536026
233,-0.0002879798412322998
234,-0.0007752981036901474
235,-0.0001640933332964778
236,-0.00016378285363316536
237,-0.00016347237396985292
238,0.0003246848937124014
239,0.00020216568373143673
240,-0.00004209810867905617
241,-0.0002859281376004219
242,-0.000285401358269155
243,-0.00040683639235794544
244,-0.00040609389543533325
245,-0.00028338958509266376
246,-0.00016090308781713247
247,0.00020529015455394983
248,0.0002049473114311695
249,-0.0008930526673793793
250,-0.0005255588330328465
251,-0.000036754412576556206
252,-0.00040255149360746145
253,0.00020799681078642607
254,-0.00040215824265033007
255,-0.00015749619342386723
0,0.0006965416250750422
1,0.00045140483416616917
2,-0.00015918363351374865
3,-0.0004028015537187457
4,-0.0006459864089265466
5,-0.0006448148051276803
6,-0.0008875676430761814
7,0.00021169229876250029
8,-0.00039846613071858883
9,0.00045600219164043665
10,-0.00003262853715568781
11,0.0003333421191200614
12,-0.0002770331921055913
13,-0.00039847625885158777
14,-0.00003185600508004427
15,-0.00039765762630850077
16,0.0007007336243987083
17,-0.0002761787036433816
18,-0.0006415469106286764
19,0.00021335401106625795
20,0.00009104108903557062
21,0.0002128692576661706
22,0.00033448077738285065
23,-0.0008857048815116286
24,0.00021355296485126019
25,-0.0002746457466855645
26,0.00009175622835755348
27,0.00021358358208090067
28,-0.0007624628487974405
29,-0.0005171559751033783
30,-0.0003942459588870406
31,0.0005821798695251346
32,0.0007031380664557219
33,0.0002140704309567809
34,0.00021371885668486357
35,0.00045729102566838264
36,0.0005784680834040046
37,-0.00027626578230410814
38,0.0003340609837323427
39,-0.00003239163197577
40,0.0003335777437314391
41,0.00021104945335537195
42,0.00033266213722527027
43,0.00045405805576592684
44,-0.0006443809252232313
45,-0.0006432116497308016
46,-0.0002761575160548091
47,0.0004561307141557336
48,-0.00003250082954764366
49,0.00045543035957962275
50,0.0005766089307144284
51,0.0008195334812626243
52,-0.00003563228528946638
53,-0.0011332026915624738
54,-0.00027743238024413586
55,-0.0002769144484773278
56,-0.00027639721520245075
57,0.0004558913642540574
58,0.0003331453772261739
59,0.00021061708685010672
60,0.0004541914677247405
61,0.000819294829852879
62,0.001061786082573235
63,0.00008422695100307465
64,-0.000647673150524497
65,-0.0004025776870548725
66,0.00008600729051977396
67,-0.00015804683789610863
68,-0.00003578199539333582
69,0.0003301899414509535
70,0.00008570216596126556
71,0.0006953813135623932
72,0.00045024394057691097
73,-0.000038383062928915024
74,-0.00016025640070438385
75,-0.0002819133223965764
76,-0.00028139178175479174
77,0.00008501461707055569
78,-0.00028100062627345324
79,-0.00015851808711886406
80,0.0004515947075560689
81,0.0004508142592385411
82,0.0008159199496731162
83,-0.00028316653333604336
84,-0.00003872043453156948
85,-0.0005264794453978539
86,-0.00015963835176080465
87,-0.00003737222868949175
88,0.00020663870964199305
89,0.00032825442031025887
90,0.0002057296223938465
91,0.0003273460315540433
92,0.00020482204854488373
93,-0.0001614084467291832
94,-0.0004050265997648239
95,-0.00040428759530186653
96,-0.0001596255460754037
97,0.0008163736201822758
98,0.0003270957386121154
99,0.0002045721048489213
100,0.0005701130721718073
101,-0.00040657666977494955
102,-0.00003995094448328018
103,0.00008210039231926203
104,-0.000649798777885735
105,-0.0004047020338475704
106,-0.0001600396353751421
107,0.00020615023095160723
108,0.00044972775503993034
109,0.00020502484403550625
110,-0.0019906347151845694
111,-0.000035687931813299656
112,0.0006961686303839087
113,-0.000158779788762331
114,0.0000854468671604991
115,-0.00015860737767070532
116,0.0005734666483476758
117,-0.0005251881666481495
118,-0.00028031086549162865
119,-0.00027979142032563686
120,0.0003305367426946759
121,0.0005738951731473207
122,0.0005728965625166893
123,-0.00028183392714709044
124,-0.0011350467102602124
125,-0.00040123809594661
126,0.00008734466973692179
127,0.0003311356995254755
128,-0.001132973120547831
129,0.00021064316388219595
130,0.0000883305910974741
131,0.0006980064790695906
132,0.0003309035673737526
133,-0.00003554788418114185
134,-0.0006452727830037475
135,-0.0007660661358386278
136,-0.00039879640098661184
137,-0.000032178242690861225
138,-0.00015405833255499601
139,0.0002121258294209838
140,0.0003337353700771928
141,-0.000520566594786942
142,-0.0007635410875082016
143,-0.0005182356107980013
144,0.0003364444710314274
145,-0.0001519741490483284
146,0.00045813166070729494
147,0.0002134203677996993
148,-0.0006406665779650211
149,-0.00039557868149131536
150,0.00009299826342612505
151,0.0008246314246207476
152,0.00009142153430730104
153,-0.0008844103431329131
154,-0.000029080198146402836
155,-0.0007607726147398353
156,0.0005821872036904097
157,0.0003372565843164921
158,-0.00027312489692121744
159,0.0005811207229271531
160,0.0002142289886251092
161,0.0010676078964024782
162,-0.00003192049916833639
163,-0.00027576356660574675
164,0.00021259835921227932
165,0.0003342070849612355
166,0.00033363746479153633
167,0.00045503012370318174
168,0.00008835922926664352
169,0.0009419579291716218
170,0.00045245885848999023
171,0.0005736373132094741
172,0.00045067642349749804
173,-0.0007697241380810738
174,-0.00271972781047225
175,0.00009024864993989468
176,0.000699921976774931
177,-0.00015503109898418188
178,-0.0005206186324357986
179,-0.00003182259388267994
180,0.00021218170877546072
181,0.0008216380374506116
182,0.0010641253320500255
183,-0.0002793243620544672
184,-0.0005227311048656702
185,-0.000887666828930378
186,-0.0002762578660622239
187,-0.00039770558942109346
188,-0.00003108917735517025
189,0.00021291431039571762
190,0.000456484267488122
191,-0.0025933505967259407
192,0.00021640537306666374
193,0.00009408628102391958
194,0.00009394611697643995
195,-0.00027207937091588974
196,0.0004602022236213088
197,-0.0003943216288462281
198,-0.0008814416360110044
199,-0.00027003861032426357
200,0.0002183172618970275
201,0.0005838441429659724
202,0.00046087312512099743
203,0.0004600817337632179
204,-0.0006383657455444336
205,-0.0001493575982749462
206,-0.0002710268599912524
207,0.00009536836296319962
208,-0.00039262103382498026
209,-0.0003918955335393548
210,-0.00014724675565958023
211,-0.0002689179964363575
212,-0.000024487031623721123
213,-0.000024413689970970154
214,-0.000024340813979506493
215,-0.000024267821572721004
216,0.0005856148200109601
217,-0.0001471674768254161
218,0.00034097034949809313
219,-0.0005133395316079259
220,0.0008291820995509624
221,-0.00026991916820406914
222,0.0007062839576974511
223,-0.00014867621939629316
224,0.00021750119049102068
225,0.00009518046863377094
226,0.00021700048819184303
227,0.0005825274856761098
228,-0.000028290203772485256
229,0.0002157097915187478
230,0.0003373142099007964
231,0.0008245880017057061
232,-0.00003058568108826876
233,-0.000152469496242702
234,0.00021371105685830116
235,0.0002133550588041544
236,-0.0003968096571043134
237,0.0013113853055983782
238,-0.000032501877285540104
239,-0.0002763459924608469
240,-0.00015387125313282013
241,0.0010660438565537333
242,0.00045436236541718245
243,0.00008769042324274778
244,0.0005754022859036922
245,-0.00003540969919413328
246,-0.00003532739356160164
247,-0.0006450549699366093
248,-0.000034079886972904205
249,0.0005758105544373393
250,0.0005748077528551221
251,0.0005738056497648358
252,0.0004508426645770669
253,-0.00003778852988034487
254,-0.0004035902675241232
255,0.00020695372950285673
0,-0.00028124405071139336
1,0.000451044412329793
2,-0.00015954882837831974
3,-0.00003728631418198347
4,0.0005726066883653402
5,0.0005716063315048814
6,0.0005706071387976408
7,-0.00016216258518397808
8,0.0004479493945837021
9,0.00020324462093412876
10,0.00008093577343970537
11,0.00008080562110990286
12,0.0002026379806920886
13,-0.0002855563070625067
14,-0.00016307353507727385
15,0.00044703949242830276
16,0.0008121446007862687
17,0.00007894332520663738
18,-0.00016510870773345232
19,-0.00004284130409359932
20,0.00032313261181116104
21,0.00007864669896662235
22,0.00020048068836331367
23,0.000078174052760005
24,0.0005658939480781555
25,0.0006868613418191671
26,0.0008076127851381898
27,-0.0011452034814283252
28,-0.0004113890463486314
29,0.00007719930727034807
30,0.00007707241456955671
31,0.00019890768453478813
32,-0.000045359483920037746
33,0.0003206165274605155
34,-0.0004117145435884595
35,0.0001988358562812209
36,-0.00004543119575828314
37,-0.00028926448430866003
38,0.00044303061440587044
39,0.00007636810187250376
40,0.0006860509747639298
41,-0.0001688917400315404
42,-0.0006564309587702155
43,0.00007651536725461483
44,0.0001983513357117772
45,0.0003199699567630887
46,0.0009292201139032841
47,0.00043972977437078953
48,-0.0002928158501163125
49,-0.00041425053495913744
50,-0.00041350768879055977
51,-0.0005347270052880049
52,0.0000760410912334919
53,-0.0002899706596508622
54,0.0003203633241355419
55,0.0004417652962729335
56,0.0003190272254869342
57,0.00019650673493742943
58,-0.0002916821977123618
59,0.000074729323387146
60,-0.000047357636503875256
61,-0.00016922736540436745
62,-0.00004695681855082512
63,-0.00016882724594324827
64,0.000197366694919765
65,0.0006848718039691448
66,0.00007385364733636379
67,-0.00004823249764740467
68,-0.0004140252713114023
69,0.00007456506136804819
70,0.00031836400739848614
71,0.0001958439825102687
72,0.0000735411886125803
73,0.00031734094955027103
74,-0.0004149876767769456
75,-0.0013899392215535045
76,-0.0002898050006479025
77,-0.0002892811316996813
78,0.00007712817750871181
79,-0.00016692280769348145
80,0.00007730757351964712
81,0.0004430660046637058
82,-0.000045559252612292767
83,0.0005643407348543406
84,-0.0004123483086004853
85,-0.00004572118632495403
86,-0.00041151675395667553
87,-0.00041077600326389074
88,0.00019977299962192774
89,0.0000774669460952282
90,0.0001993008190765977
91,0.00007699511479586363
92,0.000442753778770566
93,0.00007609045132994652
94,-0.000045997556298971176
95,-0.000045907218009233475
96,0.0003200689097866416
97,0.00031950895208865404
98,-0.00016889767721295357
99,0.00007533363532274961
100,0.0003191319992765784
101,-0.0018767412984743714
102,0.0003219157224521041
103,0.00019939220510423183
104,0.00019904784858226776
105,0.0008085131412371993
106,0.0005631620297208428
107,-0.000047640176489949226
108,-0.00016951037105172873
109,-0.0001692016376182437
110,0.0001969924196600914
111,-0.00041315972339361906
112,0.00019739195704460144
113,0.00007508706767112017
114,0.0005628091748803854
115,0.0006837786640971899
116,-0.0001711630029603839
117,-0.0002928149187937379
118,-0.0005362123483791947
119,-0.0001693671802058816
120,-0.00016905891243368387
121,-0.0001687508774921298
122,0.00019744271412491798
123,0.00007513782475143671
124,0.0014165930915623903
125,0.0000725021818652749
126,0.00019434094429016113
127,-0.00004992296453565359
128,-0.0001717910636216402
129,0.0001944052055478096
130,-0.0004157446091994643
131,-0.000658924225717783
132,-0.00004793819971382618
133,-0.0002917698584496975
134,0.00007464096415787935
135,0.00031843979377299547
136,0.000439842464402318
137,-0.0004146653227508068
138,-0.0024872745852917433
139,-0.00040949578396975994
140,-0.0006526809884235263
141,-0.0004075861070305109
142,-0.00016292568761855364
143,0.000569147989153862
144,0.0005681498441845179
145,0.0003232287708669901
146,0.0005665894132107496
147,0.00007774564437568188
148,-0.000166306272149086
149,-0.00016600091475993395
150,-0.0004096196498721838
151,-0.00040888122748583555
152,0.00020166579633951187
153,0.00007935741450637579
154,0.0005670749815180898
155,0.0009319643722847104
156,0.0004424706567078829
157,-0.0004120399244129658
158,-0.0010211089393123984
159,-0.0006533997366204858
160,-0.0004083045059815049
161,0.0005681277252733707
162,-0.00016464118380099535
163,0.0000795865198597312
164,0.00032338022720068693
165,0.0009326263098046184
166,0.0011749034747481346
167,-0.0002907179296016693
168,-0.0002901935949921608
169,-0.0011434032348915935
170,-0.0007754773832857609
171,-0.00028624129481613636
172,-0.0004076829645782709
173,-0.0001630227779969573
174,0.00032512692268937826
175,0.0004465240053832531
176,0.0003237806959077716
177,-0.0004085545660927892
178,0.00020199234131723642
179,-0.0000422789016738534
180,-0.00004219252150505781
181,-0.00028602953534573317
182,-0.00040747178718447685
183,-0.0006506594363600016
184,0.0004481663927435875
185,0.0006913073593750596
186,0.00032420619390904903
187,-0.00016420579049736261
188,-0.00004194071516394615
189,-0.0007736259140074253
190,0.0000814938684925437
191,0.0003252857131883502
192,-0.00016312743537127972
193,-0.00016282475553452969
194,-0.00016252335626631975
195,0.00020366418175399303
196,-0.00016257050447165966
197,0.00020361656788736582
198,0.00020326790399849415
199,-0.00040689040906727314
200,-0.00016223103739321232
201,0.00008199387229979038
202,-0.0005279480246827006
203,-0.00003914930857717991
204,-0.000039065489545464516
205,0.00008297967724502087
206,0.0005706936353817582
207,0.000081846141256392
208,-0.0005280959885567427
209,0.0002046265872195363
210,0.00020427699200809002
211,-0.00016195874195545912
212,-0.0004055814351886511
213,0.0005708476528525352
214,0.00044788524974137545
215,0.0005690644029527903
216,0.0005680652102455497
217,-0.0005305897211655974
218,-0.00040767446625977755
219,-0.0002849764423444867
220,0.0004473131848499179
221,-0.00004131684545427561
222,-0.00016319379210472107
223,0.00008103216532617807
224,-0.0002849854063242674
225,-0.0000405431492254138
226,0.00044738873839378357
227,0.00008072052150964737
228,-0.000041373190470039845
229,0.00008067407179623842
230,-0.0005292670102789998
231,-0.0002843912225216627
232,-0.0002838732907548547
233,0.00044841517228633165
234,0.00008174625691026449
235,0.00020357524044811726
236,0.0009349973406642675
237,-0.0005301948403939605
238,-0.00016335619147866964
239,-0.0006509020458906889
240,-0.0017473904881626368
241,-0.0006466151680797338
242,-0.0005234887357801199
243,-0.00015665602404624224
244,0.0005754112498834729
245,0.00045244430657476187
246,-0.000036190380342304707
247,0.00008585164323449135
248,-0.0007680178387090564
249,-0.0002787896664813161
250,0.0004534943727776408
251,0.0006966298678889871
252,-0.00003636267501860857
253,-0.00040216767229139805
254,0.00045229599345475435
255,0.0006954321870580316
0,0.00032832694705575705
1,-0.00016008969396352768
2,-0.0007696003885939717
3,-0.00040233274921774864
4,0.00008624547626823187
5,0.0006959177553653717
6,0.0004507735138759017
7,0.00044998747762292624
8,0.0003272400936111808
9,0.0002047104062512517
10,0.00008239771705120802
11,-0.00016165978740900755
12,-0.0008931310148909688
13,-0.00028172170277684927
14,-0.00015924463514238596
15,-0.00028090900741517544
16,-0.0007682419382035732
17,0.00020883360411971807
18,0.0006963267223909497
19,0.0008170674555003643
20,0.000571706797927618
21,0.00008285720832645893
22,-0.000405124737881124
23,-0.0008922392735257745
24,-0.0004027924733236432
25,0.0003297094954177737
26,0.0002071774797514081
27,-0.0001590615138411522
28,0.0005730072734877467
29,0.0008159278659150004
30,0.000570568023249507
31,-0.0002841663081198931
32,-0.00040561147034168243
33,-0.0004048782866448164
34,-0.0006480693118646741
35,-0.0002810185542330146
36,0.0003293051850050688
37,-0.00015911262016743422
38,-0.00028077722527086735
39,0.00045150809455662966
40,0.00020679703447967768
41,0.00020644394680857658
42,-0.0001597941154614091
43,0.0003283512778580189
44,0.0002058199606835842
45,0.0002054676879197359
46,-0.00040469353552907705
47,-0.00003807549364864826
48,0.0005718150641769171
49,0.00044885079842060804
50,-0.00028370541986078024
51,-0.0006490751402452588
52,-0.00040398503188043833
53,-0.0006471775704994798
54,0.0004516439512372017
55,0.0003288945881649852
56,0.00020636268891394138
57,0.00008404790423810482
58,0.0005717599997296929
59,0.0006927192443981767
60,-0.00016223255079239607
61,0.00032591470517218113
62,0.0003253475297242403
63,0.0003247803542762995
64,-0.0001636334927752614
65,0.0000805914169177413
66,0.00044634402729570866
67,0.00032359943725168705
68,-0.000774623011238873
69,-0.00016342790331691504
70,-0.0001631269697099924
71,-0.0004067501286044717
72,-0.00040601647924631834
73,0.000204525887966156
74,0.0009359462419524789
75,-0.000041400548070669174
76,-0.0002852403558790684
77,-0.0007725704926997423
78,-0.0002833390608429909
79,0.0004489478887990117
80,0.00093601003754884
81,0.0003245491534471512
82,0.00008005881682038307
83,0.0005677740555256605
84,-0.0004089203430339694
85,-0.00028622301761060953
86,0.00008018093649297953
87,0.00008004822302609682
88,0.0003238394856452942
89,0.0006891593802720308
90,0.0010538295609876513
91,-0.0007774634286761284
92,-0.0006541135953739285
93,-0.0008968674810603261
94,-0.00040741718839854
95,0.0003250882728025317
96,-0.00028528820257633924
97,-0.00028477085288614035
98,0.0004475167952477932
99,0.000324771273881197
100,-0.001505224034190178
101,-0.0004048821283504367
102,-0.00016022671479731798
103,0.00008399493526667356
104,-0.000038103084079921246
105,-0.0004039080813527107
106,-0.00015925324987620115
107,-0.0005248422967270017
108,0.000329837785102427
109,0.0003292663022875786
110,0.0008165428880602121
111,0.00008333451114594936
112,-0.00040464894846081734
113,0.0003278539516031742
114,-0.000038601341657340527
115,-0.00003852020017802715
116,-0.00016040122136473656
117,-0.0010138369398191571
118,-0.000036327168345451355
119,0.00008571369107812643
120,0.0009393091313540936
121,-0.0001600024988874793
122,-0.00040362949948757887
123,-0.00015897501725703478
124,-0.00003671692684292793
125,-0.00040252343751490116
126,0.00032997748348861933
127,0.00008548202458769083
128,-0.00003661750815808773
129,-0.00003653846215456724
130,0.00032942614052444696
131,0.00032885512337088585
132,-0.00028152531012892723
133,-0.0004029734991490841
134,0.0003295274218544364
135,-0.0002808535937219858
136,0.00020750705152750015
137,-0.00003677164204418659
138,0.0005731172859668732
139,0.0004501508083194494
140,0.0004493637243285775
141,-0.0001612320775166154
142,0.0003269134322181344
143,-0.00040542695205658674
144,0.00008315232116729021
145,0.00008301634807139635
146,-0.0002830050652846694
147,-0.000038566417060792446
148,0.0003273996990174055
149,0.0006927156355232
150,0.000325610744766891
151,-0.00028476701118052006
152,-0.0007720983121544123
153,-0.0006487536011263728
154,-0.00015974149573594332
155,-0.0001594448694959283
156,-0.000037186662666499615
157,0.0004507402190938592
158,0.0006938762962818146
159,0.00044873205479234457
160,0.0006918698782101274
161,-0.0001630823826417327
162,0.00020310294348746538
163,-0.00028509553521871567
164,0.00008130655623972416
165,0.00008117174729704857
166,-0.0010166192660108209
167,-0.00016106979455798864
168,0.0005709995748475194
169,0.0009358817478641868
170,0.0006903059547767043
171,-0.00028660683892667294
172,-0.0006519749294966459
173,-0.000406883773393929
174,0.0005695440340787172
175,0.0006905043264850974
176,0.00032340071629732847
177,-0.00004305131733417511
178,-0.0004088525893166661
179,0.00020169152412563562
180,0.0006891890661790967
181,0.0004440487828105688
182,0.0004432668210938573
183,0.00007659976836293936
184,0.00007646926678717136
185,-0.00016758462879806757
186,-0.0004112051101401448
187,0.0001993406331166625
188,-0.000044930726289749146
189,0.00019907904788851738
190,0.0003206931287422776
191,0.000198167166672647
192,-0.00004610337782651186
193,-0.0006558259483426809
194,-0.00041073153261095285
195,-0.0000441097654402256
196,-0.0002879482926800847
197,0.00032237975392490625
198,0.00007789034862071276
199,0.0008095299126580358
200,0.0006861365400254726
201,-0.000046849134378135204
202,-0.0002906854497268796
203,-0.00041212618816643953
204,0.0005643062759190798
205,0.00007546134293079376
206,-0.00016859173774719238
207,-0.0002902497071772814
208,-0.00004580535460263491
209,-0.00016768078785389662
210,0.00032047030981630087
211,-0.0006557888118550181
212,-0.0004106945125386119
213,-0.000531920581124723
214,-0.000043121050111949444
215,-0.000043036649003624916
216,0.00044489488936960697
217,0.00020018825307488441
218,0.0005657251458615065
219,0.0008086502784863114
220,0.0005632953252643347
221,-0.00016947288531810045
222,-0.00004720594733953476
223,-0.00016907998360693455
224,0.00007514795288443565
225,-0.0005347906844690442
226,-0.0007777599385008216
227,-0.0005324488738551736
228,0.0004441987257450819
229,0.0003214546013623476
230,0.00007696566171944141
231,-0.0002890507457777858
232,-0.00041049334686249495
233,-0.0006536815781146288
234,-0.00016466539818793535
235,-0.000042403233237564564
236,0.00044552795588970184
237,0.00020082062110304832
238,0.00020047102589160204
239,0.0006879694992676377
240,-0.0001669792691245675
241,-0.0006545245414599776
242,-0.0004094315227121115
243,-0.00028673489578068256
244,-0.00016425561625510454
245,-0.000041993800550699234
246,-0.0002858346560969949
247,-0.00016335619147866964
248,0.00044675241224467754
249,0.0004459676565602422
250,0.0006891071097925305
251,0.00007808103691786528
252,-0.0005318605108186603
253,-0.00016502314247190952
254,0.0004450873238965869
255,0.00032234168611466885
0,0.00019981421064585447
1,0.00007750361692160368
2,0.0004432573914527893
3,-0.000045371707528829575
4,0.00032059988006949425
5,-0.00028977415058761835
6,0.00007663154974579811
7,-0.0001674231607466936
8,0.00019876554142683744
9,-0.0006553155835717916
10,-0.00041022198274731636
11,-0.00004360126331448555
12,0.0004443306243047118
13,0.000931395567022264
14,0.0008077846141532063
15,-0.00016934133600443602
16,-0.00041296076960861683
17,-0.0009000705322250724
18,0.00007722864393144846
19,0.00007709686178714037
20,0.000320889288559556
21,0.00007640128023922443
22,0.00007626996375620365
23,-0.00028974609449505806
24,-0.00016726425383239985
25,-0.00016696203965693712
26,0.0009309975430369377
27,-0.0015098891453817487
28,-0.00004365888889878988
29,0.002151739550754428
30,-0.00004739162977784872
31,0.00007465784437954426
32,-0.00004743330646306276
33,-0.0001693075755611062
34,0.0006847298936918378
35,-0.00017021631356328726
36,-0.0009016827680170536
37,-0.00041222956497222185
38,-0.0001675691455602646
39,0.00007665739394724369
40,-0.00004543561954051256
41,-0.00016731151845306158
42,0.0003208382986485958
43,0.0003202736843377352
44,0.0005636330461129546
45,-0.00004717323463410139
46,-0.0002910100156441331
47,-0.0004124509869143367
48,-0.0005336758913472295
49,0.00007708673365414143
50,-0.00004500662907958031
51,0.00019900244660675526
52,0.0006865020841360092
53,0.0006852872902527452
54,0.0005621116142719984
55,-0.000414579757489264
56,-0.0005358024500310421
57,-0.0005348477279767394
58,-0.001143702887929976
59,-0.000409894622862339
60,0.00007868779357522726
61,-0.000043406966142356396
62,0.00007863901555538177
63,0.0002004678826779127
64,0.0005660040769726038
65,0.00032108090817928314
66,-0.000655179494060576
67,-0.0007759719155728817
68,-0.00004281534347683191
69,0.0005670771934092045
70,0.00007822935003787279
71,0.00044398242607712746
72,0.00007731420919299126
73,0.00044306775089353323
74,0.00056424830108881
75,0.00019736448302865028
76,-0.000046906061470508575
77,-0.00004681933205574751
78,0.00031915365252643824
79,-0.0004131814930588007
80,-0.000168520025908947
81,0.00019766902551054955
82,0.0008071314077824354
83,0.0005617771530523896
84,-0.0001709901262074709
85,-0.00041460804641246796
86,0.0003179018385708332
87,0.00007341580931097269
88,-0.00029259826987981796
89,-0.001023847726173699
90,-0.0005341781070455909
91,0.00044247054029256105
92,0.00007580348756164312
93,0.0010513680754229426
94,0.0005616561975330114
95,-0.001146805938333273
96,-0.0009008424822241068
97,-0.00028942886274307966
98,0.00007697625551372766
99,0.0005646919598802924
100,0.00019780790898948908
101,-0.00016842491459101439
102,-0.000046159722842276096
103,0.00007588823791593313
104,0.0006855671526864171
105,0.00019650545436888933
106,-0.0001697263214737177
107,-0.0006572696147486567
108,0.0003195966128259897
109,0.00031903269700706005
110,0.0004404311766847968
111,-0.0001701577566564083
112,-0.000047891284339129925
113,0.00031808216590434313
114,-0.000048366026021540165
115,0.00019564596004784107
116,-0.00017058523371815681
117,-0.0006581275956705213
118,-0.00029107031878083944
119,0.0004412217531353235
120,0.00031847949139773846
121,0.0000739928800612688
122,0.00019582570530474186
123,0.000927251297980547
124,0.00031579635106027126
125,-0.00017261202447116375
126,-0.000050343107432127
127,-0.0009039865108206868
128,0.00019527762196958065
129,-0.000048991525545716286
130,-0.0002928262110799551
131,0.00043946702498942614
132,-0.000293083256110549
133,0.00043921044562011957
134,0.0005603937897831202
135,-0.00029433402232825756
136,-0.0005377345951274037
137,-0.00017089233733713627
138,-0.00017058709636330605
139,0.00031756574753671885
140,-0.00041476800106465816
141,-0.00029206706676632166
142,0.00031826377380639315
143,0.00019573885947465897
144,-0.00029245391488075256
145,0.00007395329885184765
146,-0.00004813750274479389
147,-0.00017001153901219368
148,0.000074216746725142
149,-0.0002917979145422578
150,-0.0009010861394926906
151,0.00007621326949447393
152,0.00044196820817887783
153,0.0001972629688680172
154,0.0004408399108797312
155,0.00007417413871735334
156,-0.000047916779294610023
157,-0.00041371502447873354
158,0.000684679951518774
159,0.00007365667261183262
160,0.0003174522425979376
161,-0.000048995716497302055
162,0.0005609022919088602
163,0.0003159831976518035
164,-0.00005046278238296509
165,0.00055943604093045
166,0.000314518460072577
167,-0.0001738885184749961
168,0.0000703432597219944
169,0.00031414127442985773
170,-0.0004181895637884736
171,0.00019236223306506872
172,0.0001920193899422884
173,0.00067952461540699
174,0.0000685063423588872
175,-0.00017554161604493856
176,-0.002370546222664416
177,-0.00004905974492430687
178,-0.000048971036449074745
179,0.000682888668961823
180,-0.000050094444304704666
181,0.00043784279841929674
182,0.00007117970380932093
183,-0.0000509088858962059
184,0.00007114338222891092
185,0.0005588645581156015
186,0.00007002346683293581
187,0.0000698980875313282
188,0.0005576203111559153
189,0.0001907421974465251
190,0.00006843951996415854
191,0.00006831507198512554
192,-0.00005377084016799927
193,0.00006828410550951958
194,0.0005560076097026467
195,-0.0001767545472830534
196,-0.0006642915541306138
197,-0.00041919026989489794
198,0.0000693997135385871
199,-0.0002966106403619051
200,-0.00005216163117438555
201,-0.00029599363915622234
202,0.00007041660137474537
203,0.0004361765459179878
204,-0.0001744088949635625
205,-0.00005213834811002016
206,0.00019187666475772858
207,0.00031349656637758017
208,0.0001909760758280754
209,-0.0001752509269863367
210,-0.0004188654711470008
211,-0.000174199347384274
212,0.0006798421964049339
213,0.0008005950367078185
214,0.0005552464863285422
215,-0.000543400994502008
216,-0.0005424394039437175
217,-0.002858754713088274
218,0.0005612561944872141
219,0.00007241335697472095
220,0.0003162092762067914
221,0.0003156486200168729
222,0.00007116433698683977
223,0.0005588852800428867
224,0.0004359300946816802
225,-0.00029661692678928375
226,0.00006979412864893675
227,-0.00041817850433290005
228,-0.0000515511492267251
229,0.00031442567706108093
230,-0.00005201948806643486
231,-0.00029585196170955896
232,-0.0002953270450234413
233,0.00031500670593231916
234,-0.00005143880844116211
235,-0.0000513480044901371
236,-0.00017321913037449121
237,0.0001929741119965911
238,-0.00029521691612899303
239,0.00007119332440197468
240,0.00043695257045328617
241,0.00007028994150459766
242,0.0003140883054584265
243,0.0008013767655938864
244,-0.00029770599212497473
245,-0.0002971793292090297
246,-0.0004186151782050729
247,-0.00017394928727298975
248,0.000314206350594759
249,0.0003136470913887024
250,-0.0004186826990917325
251,-0.000295978388749063
252,-0.00041741563472896814
253,0.0006809829501435161
254,0.0005578106502071023
255,0.00031289446633309126
0,-0.00005354906897991896
1,0.00006850541103631258
2,-0.00017554231453686953
3,-0.0005411185557022691
4,-0.00041819713078439236
5,0.0006802015705034137
6,0.00006918294820934534
7,0.0005569057539105415
8,0.00031199061777442694
9,-0.000054452335461974144
10,0.0004334888653829694
11,0.00006682949606329203
12,0.0005545546300709248
13,-0.00005624431651085615
14,-0.002861272543668747
15,-0.00017303088679909706
16,0.00043708609882742167
17,0.00043630925938487053
18,0.0005574952811002731
19,-0.0004191918997094035
20,-0.000540410983376205
21,-0.0006614141166210175
22,-0.00005042972043156624
23,0.0001935840118676424
24,0.0003152022836729884
25,0.00043660425581038
26,0.0008017137879505754
27,0.0006783260032534599
28,-0.0004205385921522975
29,-0.0004197946982458234
30,-0.00041905115358531475
31,-0.0005402708193287253
32,0.000314421602524817
33,-0.00005202332977205515
34,-0.00005193217657506466
35,-0.00005184055771678686
36,-0.0001737113343551755
37,0.0011681775795295835
38,0.00006844394374638796
39,-0.0009073750115931034
40,-0.001759498380124569
41,-0.00041479163337498903
42,0.0006836042739450932
43,0.0005604299949482083
44,-0.0005382216768339276
45,-0.00029334076680243015
46,-0.00041478022467345
47,0.00043969228863716125
48,0.0001949891448020935
49,-0.0002932031638920307
50,-0.0004146422725170851
51,-0.0004139036173000932
52,-0.0002912036143243313
53,-0.00029068300500512123
54,-0.0004121246747672558
55,0.00032038334757089615
56,0.00019785691983997822
57,0.0000755474902689457
58,0.00044130312744528055
59,-0.00004732515662908554
60,-0.0002911613555625081
61,-0.0001686791656538844
62,-0.000046413508243858814
63,0.00019759649876505136
64,0.0009290206944569945
65,0.00007364025805145502
66,0.000317435129545629
67,0.0006827589822933078
68,0.0005595852853730321
69,0.00019270589109510183
70,-0.0007833322742953897
71,-0.0012697884812951088
72,0.00007404969073832035
73,-0.0006578507600352168
74,-0.0006566790398210287
75,-0.00004569895099848509
76,0.0001983102411031723
77,0.0008077721577137709
78,0.0006843789014965296
79,-0.00017056765500456095
80,-0.0004141859244555235
81,-0.00029148615431040525
82,0.00031884422060102224
83,0.0005622049793601036
84,0.00019532290752977133
85,-0.00004894623998552561
86,0.0005609520012512803
87,0.0006819188129156828
88,0.0006807076279073954
89,-0.0004181591793894768
90,0.00007042998913675547
91,-0.000051657785661518574
92,0.00007039529737085104
93,0.000558116938918829
94,0.00031320040579885244
95,-0.000053243362344801426
96,-0.0004190367180854082
97,-0.00005240843165665865
98,0.0005574927199631929
99,-0.000053308671340346336
100,-0.00005321623757481575
101,-0.00017508585005998611
102,0.00031307083554565907
103,-0.0002972965594381094
104,-0.000052846851758658886
105,0.0003131311386823654
106,0.0006784582510590553
107,0.0005552885122597218
108,0.00043233647011220455
109,-0.00030020729172974825
110,-0.0006655644392594695
111,-0.0005424238042905927
112,0.00019030796829611063
113,-0.00029788026586174965
114,-0.0001753917895257473
115,-0.00005312042776495218
116,0.0005567814223468304
117,0.0011655994458124042
118,0.00006586802192032337
119,-0.0001781773753464222
120,0.0004319438012316823
121,-0.00030059937853366137
122,0.0001877772156149149
123,-0.0003004090394824743
124,-0.00042184186168015003
125,0.00018871284555643797
126,-0.000055550248362123966
127,-0.0001774175325408578
128,0.0005546651082113385
129,0.0005536755779758096
130,-0.00005712255369871855
131,0.00006493518594652414
132,-0.0005449948366731405
133,-0.0005440321983769536
134,0.0003106634831055999
135,-0.00005577830597758293
136,0.00006627850234508514
137,-0.0002997290575876832
138,0.00006668467540293932
139,-0.0002993231173604727
140,0.0003110141260549426
141,-0.0004213132197037339
142,0.00006727874279022217
143,0.00006715604104101658
144,-0.0005427759606391191
145,-0.00029789144173264503
146,-0.00029736454598605633
147,0.000800818670541048
148,0.0009213557932525873
149,0.00006598199252039194
150,-0.0001780632883310318
151,-0.000543637084774673
152,-0.0006646370748057961
153,-0.00017561193089932203
154,0.00006862147711217403
155,0.0005563452141359448
156,0.00006750656757503748
157,0.00006738386582583189
158,-0.0007864725776016712
159,-0.0004191927146166563
160,0.00031332194339483976
161,0.00019080168567597866
162,0.00006849877536296844
163,0.00019033695571124554
164,-0.00017588934861123562
165,-0.0001755793346092105
166,0.000312577816657722
167,0.0007998679066076875
168,0.00018863461446017027
169,-0.0005434759659692645
170,-0.00017662823665887117
171,-0.00017631810624152422
172,0.00006791634950786829
173,-0.0001761309104040265
174,-0.0004197442904114723
175,-0.00017507723532617092
176,0.00043504161294549704
177,0.0004342668689787388
178,0.0005554547533392906
179,0.00043250294402241707
180,-0.0009098504669964314
181,-0.00042039027903229
182,-0.0000537605956196785
183,-0.00017562927678227425
184,0.00006860413122922182
185,-0.00017544347792863846
186,0.0008005612762644887
187,-0.00017655827105045319
188,-0.0002982097212225199
189,-0.0001757206628099084
190,-0.00005344871897250414
191,0.00019056780729442835
192,0.00019022717606276274
193,0.0001898868940770626
194,-0.000786148477345705
195,-0.0002969068009406328
196,-0.0005403044633567333
197,0.0001924261450767517
198,0.0009238548809662461
199,-0.000053482712246477604
200,-0.0005412372993305326
201,-0.00017439201474189758
202,0.00031376455444842577
203,0.0005571298534050584
204,0.00006829050835222006
205,-0.0006636044709011912
206,-0.0002965416060760617
207,0.00006986968219280243
208,0.0003136683953925967
209,-0.0001747374190017581
210,0.0001914571039378643
211,-0.0001747698988765478
212,-0.0002964227460324764
213,0.0003139121690765023
214,0.0001913917949423194
215,-0.000052873510867357254
216,0.00006918085273355246
217,0.0003129802644252777
218,-0.00005346303805708885
219,-0.00029729411471635103
220,-0.00029676768463104963
221,-0.00005231797695159912
222,-0.0004181116819381714
223,-0.00041736976709216833
224,-0.0005385901313275099
225,-0.0005376324988901615
226,0.0004390190588310361
227,0.0004382410552352667
228,0.00007157772779464722
229,-0.00041639641858637333
230,-0.0005376175977289677
231,-0.0006586227100342512
232,0.00019628286827355623
233,0.0004398610908538103
234,-0.00029268942307680845
235,-0.00004824309144169092
236,-0.000292078941129148
237,0.0004402145277708769
238,0.00019551150035113096
239,-0.002244071802124381
240,0.00019915634766221046
241,-0.00028903933707624674
242,-0.00016655854415148497
243,0.00019962876103818417
244,0.0004432038404047489
245,-0.00028934923466295004
246,0.0005649029044434428
247,0.00019801920279860497
248,-0.00041213794611394405
249,0.0004423323553055525
250,0.00007566541898995638
251,-0.00016838847659528255
252,0.00007583852857351303
253,0.00007570814341306686
254,-0.00016834610141813755
255,-0.00016804272308945656
0,0.0003201079089194536
1,0.0004415055736899376
2,-0.00016908440738916397
3,-0.00041270419023931026
4,0.0003198044141754508
5,0.0004412023117765784
6,0.0004404220962896943
7,0.0003176808822900057
8,-0.00017072877380996943
9,-0.0009021949954330921
10,-0.00029077997896820307
11,-0.00004633539356291294
12,-0.00016821117606014013
13,-0.0007777170976623893
14,-0.0002884829882532358
15,0.00007792073301970959
16,-0.0001661351416260004
17,-0.0002877956721931696
18,-0.0005312018329277635
19,-0.0016279078554362059
20,-0.00040538853500038385
21,0.00020515185315161943
22,0.0003267595311626792
23,0.0008140370482578874
24,-0.00028505665250122547
25,-0.00040650309529155493
26,-0.0008936191443353891
27,-0.0000382883008569479
28,0.0003276767674833536
29,0.0004490675637498498
30,0.0006922041065990925
31,0.0009349077008664608
32,-0.00016440206672996283
33,-0.000529987970367074
34,-0.00016315258108079433
35,0.00032499339431524277
36,0.0005683485651388764
37,0.0004453846486285329
38,-0.0007750181248411536
39,-0.0005297106690704823
40,-0.0004067993722856045
41,-0.000040181796066462994
42,-0.00016206305008381605
43,-0.00003980356268584728
44,0.00020420062355697155
45,-0.00016203825362026691
46,-0.0002837027423083782
47,-0.0002831887686625123
48,-0.0006485610501840711
49,0.00045025930739939213
50,0.0005714324070140719
51,0.0008143514860421419
52,0.0009348762687295675
53,-0.00028639519587159157
54,-0.00016391731332987547
55,0.0003242293605580926
56,0.00007973751053214073
57,0.0003235270269215107
58,0.00007903540972620249
59,0.0008106733439490199
60,0.00044335343409329653
61,0.00019864749629050493
62,0.00019829883240163326
63,-0.000045972876250743866
64,0.00007607473526149988
65,0.00007594376802444458
66,0.0004416987067088485
67,-0.0005347777623683214
68,-0.0002899002283811569
69,-0.0005333047593012452
70,0.0003213806776329875
71,0.0005647388752549887
72,0.0008076636586338282
73,-0.0001694627571851015
74,-0.0007789682131260633
75,-0.0007775812409818172
76,0.00007753819227218628
77,0.0006872154772281647
78,0.00044207542669028044
79,0.00007540849037468433
80,0.00007527798879891634
81,-0.0006566238589584827
82,0.0004422032507136464
83,-0.0001683874288573861
84,-0.00016808498185127974
85,0.00044202746357768774
86,-0.0006564111681655049
87,0.0005643776385113597
88,-0.0002903540153056383
89,-0.00016787240747362375
90,-0.00028953212313354015
91,0.00019883434288203716
92,0.00032044772524386644
93,0.0003198826452717185
94,0.00007539440412074327
95,-0.0005345456302165985
96,-0.00016770674847066402
97,0.00019848113879561424
98,-0.0001677528489381075
99,-0.00041137426160275936
100,0.0005650563398376107
101,0.0006860188441351056
102,0.0003189182607457042
103,0.0005622784374281764
104,0.00031735782977193594
105,-0.0004149756859987974
106,-0.000048351590521633625
107,0.0001956599298864603
108,-0.0001705713802948594
109,-0.0000483047915622592
110,-0.00004821724724024534
111,0.0006836418760940433
112,0.0006824289448559284
113,0.00007140752859413624
114,-0.0006604909431189299
115,-0.0005373555468395352
116,0.00019537180196493864
117,-0.000048897694796323776
118,0.00007315247785300016
119,-0.0002928617177531123
120,-0.0000484163174405694
121,-0.0001702903537079692
122,0.00019589962903410196
123,0.00007359194569289684
124,-0.0006583086214959621
125,-0.00004732748493552208
126,0.0006845304742455482
127,0.00007350742816925049
128,-0.0006583930226042867
129,-0.00029133562929928303
130,0.00007507053669542074
131,0.000928673311136663
132,0.00007329287473112345
133,0.00043904955964535475
134,0.00007238506805151701
135,0.00031618087086826563
136,0.0006815051892772317
137,-0.000051477225497365
138,-0.00005138642154633999
139,-0.00005129643250256777
140,-0.00041709188371896744
141,0.00007149646990001202
142,0.00043725501745939255
143,-0.000295293633826077
144,0.0001930778380483389
145,0.0001927342964336276
146,0.00007042905781418085
147,0.000436188536696136
148,-0.0005402828101068735
149,0.000558332190848887
150,0.0005573391681537032
151,-0.0004193482454866171
152,-0.001394301070831716
153,-0.0009039777796715498
154,0.00007332419045269489
155,-0.00017072854097932577
156,-0.0004143472760915756
157,0.00019620009697973728
158,0.00007389183156192303
159,0.0003176862373948097
160,0.00007320009171962738
161,-0.0002928144531324506
162,0.0006834022933617234
163,0.0001943421084433794
164,-0.0001718882704153657
165,0.00007234129589051008
166,0.00019417516887187958
167,-0.0002940164413303137
168,-0.00029349420219659805
169,0.0005607615457847714
170,0.000437804264947772
171,0.0010468359105288982
172,0.0006790893385186791
173,0.0004339565057307482
174,-0.000054665026254951954
175,-0.0009083052864298224
176,-0.0005408090073615313
177,-0.00029592658393085003
178,0.00007048365660011768
179,-0.00041749037336558104
180,0.00019306025933474302
181,-0.00017316942103207111
182,0.00031498551834374666
183,-0.00005146046169102192
184,0.00007059192284941673
185,-0.0001734581310302019
186,0.00007077283225953579
187,-0.0006611250573769212
188,-0.0006599508924409747
189,-0.00017093017231673002
190,-0.0005365111865103245
191,0.0001962153473868966
192,0.0008056783117353916
193,0.0005603248719125986
194,-0.00017244135960936546
195,-0.0009039065334945917
196,-0.00017052842304110527
197,0.0005615473492071033
198,0.0003166276728734374
199,0.0000721421092748642
200,-0.0005377951310947537
201,-0.00004899129271507263
202,0.0003169825067743659
203,-0.00029338907916098833
204,-0.0004148287698626518
205,-0.0004140903474763036
206,-0.00041335239075124264
207,0.0005630796076729894
208,-0.00041361257899552584
209,-0.0002909136237576604
210,-0.0002903933636844158
211,0.0001979735679924488
212,0.0005635111592710018
213,-0.0001692578662186861
214,-0.000534839928150177
215,-0.00016800081357359886
216,-0.00004573678597807884
217,-0.0000456514535471797
218,0.00032031978480517864
219,0.0003197547048330307
220,0.00031918997410684824
221,0.001294321264140308
222,0.00019436667207628489
223,-0.000903635285794735
224,-0.0007800671737641096
225,0.0000750543549656868
226,0.0000749238533899188
227,0.0005626411875709891
228,-0.000170127023011446
229,-0.00016982329543679953
230,0.00019636668730527163
231,-0.000047903857193887234
232,0.0010498405899852514
233,0.00007228180766105652
234,-0.000293731689453125
235,-0.0006590950069949031
236,0.0008056199876591563
237,-0.0009032764937728643
238,-0.0004138228250667453
239,0.00007476215250790119
240,0.00019659404642879963
241,0.0004401709884405136
242,0.00019546726252883673
243,-0.0004146882565692067
244,-0.0001700258580967784
245,0.00019616365898400545
246,-0.00017006811685860157
247,0.0003180834464728832
248,-0.00017032725736498833
249,-0.00017002271488308907
250,0.0009279382647946477
251,0.00031648180447518826
252,0.0008037679363042116
253,0.00019252998754382133
254,-0.00029566045850515366
255,0.00031467294320464134
0,0.0009239225182682276
1,-0.00005341588985174894
2,-0.00005332380533218384
3,0.00019069190602749586
4,-0.0002974970266222954
5,0.0004347998183220625
6,0.0003120630281046033
7,0.00006758118979632854
8,0.000067457789555192
9,0.00018929550424218178
10,-0.00042085384484380484
11,-0.00017618655692785978
12,0.00006804685108363628
13,0.00006792275235056877
14,-0.00029808690305799246
15,0.00031224871054291725
16,-0.00005419470835477114
17,-0.0005419494118541479
18,-0.000662951497361064
19,0.0004358812002465129
20,0.00006921938620507717
21,0.00006909423973411322
22,-0.0005408405559137464
23,0.00006992777343839407
24,0.00043568748515099287
25,0.00019098806660622358
26,0.0004345700144767761
27,-0.0012736713979393244
28,-0.0006616017781198025
29,-0.0004165034042671323
30,0.0004379696911200881
31,0.0004371918039396405
32,-0.00029535708017647266
33,-0.0005387566052377224
34,0.00031593325547873974
35,0.0009251817828044295
36,0.0009235372999683022
37,0.00043404707685112953
38,-0.0006643845699727535
39,-0.000663207727484405
40,0.00019170145969837904
41,0.00006939726881682873
42,0.00019123370293527842
43,0.0003128540702164173
44,0.0005562191363424063
45,0.00006738037336617708
46,0.0004331424133852124
47,-0.00017744058277457952
48,-0.00029909168370068073
49,0.00031124509405344725
50,0.00018872611690312624
51,-0.0004214229993522167
52,-0.00005479285027831793
53,0.0000672624446451664
54,0.0007989105070009828
55,0.0003096392611041665
56,0.00043104542419314384
57,-0.00005757377948611975
58,-0.0005453256890177727
59,0.0003093709237873554
60,0.00006489153020083904
61,0.00030869420152157545
62,-0.0006675556069239974
63,0.00018735765479505062
64,-0.00042279018089175224
65,0.0005536505486816168
66,0.00018677557818591595
67,-0.0005453334888443351
68,-0.0006663324311375618
69,0.00018857966642826796
70,0.00018823996651917696
71,-0.000056022778153419495
72,-0.00029985210858285427
73,-0.00029932393226772547
74,0.000311013194732368
75,0.00006653263699263334
76,0.0007981815142557025
77,-0.000056974939070641994
78,-0.00017884117551147938
79,-0.0006663767853751779
80,0.00006657384801656008
81,-0.00042139668948948383
82,-0.00017672847025096416
83,0.0005553533555939794
84,0.0005543628940358758
85,0.00006552599370479584
86,-0.0001785197528079152
87,-0.00042213150300085545
88,-0.00029942451510578394
89,-0.000054972944781184196
90,0.0004329682560637593
91,0.00006630946882069111
92,-0.00017773685976862907
93,-0.00005546363536268473
94,-0.00005536933895200491
95,0.0009204199304804206
96,0.0004309325013309717
97,-0.0004235722590237856
98,-0.00017890206072479486
99,-0.0004225134616717696
100,0.0006758890813216567
101,-0.0006668977439403534
102,-0.0001778705045580864
103,0.00018832646310329437
104,0.00006602564826607704
105,-0.000056058517657220364
106,0.00043188384734094143
107,-0.000422621495090425
108,-0.0005438380176201463
109,-0.0004209141479805112
110,-0.0009080177405849099
111,-0.0004185594152659178
112,0.00019199191592633724
113,-0.0004181597614660859
114,0.00031435315031558275
115,-0.00017405359540134668
116,-0.00005178397987037897
117,-0.0002956164535135031
118,-0.00029509200248867273
119,0.00007131765596568584
120,0.00031511462293565273
121,0.00007063080556690693
122,-0.00017341924831271172
123,0.0006806217133998871
124,0.0011672589462250471
125,-0.00005443533882498741
126,-0.00005434232298284769
127,-0.00017621065489947796
128,0.00006802310235798359
129,0.0004337849095463753
130,0.00043301109690219164
131,0.00018831389024853706
132,-0.0004218342946842313
133,-0.0017626702319830656
134,-0.0002959991106763482
135,0.0001923734089359641
136,0.00019203091505914927
137,0.0003136501181870699
138,0.00006916781421750784
139,-0.00041880470234900713
140,-0.00005217664875090122
141,0.0005577243864536285
142,-0.0006628870032727718
143,0.00007006037048995495
144,0.0005577823612838984
145,0.00031286629382520914
146,0.00006838422268629074
147,0.00006826047319918871
148,0.00006813614163547754
149,0.00006801262497901917
150,0.0007996599888429046
151,0.00018842658028006554
152,-0.00017779809422791004
153,-0.00017748679965734482
154,0.00006674800533801317
155,0.0003105495125055313
156,0.0006758789531886578
157,0.0004307494964450598
158,0.0000640930375084281
159,-0.00042387505527585745
160,0.00006471946835517883
161,-0.00017932523041963577
162,-0.0006668595597147942
163,0.00006609107367694378
164,0.0003098932793363929
165,0.0006752231856808066
166,0.0006740182870998979
167,0.00006300467066466808
168,0.00006288569420576096
169,0.000062766601331532
170,0.0005504949949681759
171,0.000915394863113761
172,-0.0001838973257690668
173,-0.00018358021043241024
174,-0.00018326356075704098
175,0.00030490022618323565
176,-0.00006153620779514313
177,-0.00006143632344901562
178,0.0003045494668185711
179,0.0006698842626065016
180,0.000058874720707535744
181,-0.0005510500632226467
182,-0.00042811979074031115
183,-0.0009152166312560439
184,0.0001840576296672225
185,0.0007935318863019347
186,0.0005481898551806808
187,-0.00042848894372582436
188,-0.00018381408881396055
189,-0.0007933062734082341
190,-0.00006013456732034683
191,0.0004278115229681134
192,-0.00006080395542085171
193,-0.00006070476956665516
194,-0.0001825673971325159
195,0.0000616726465523243
196,0.0003054782282561064
197,-0.00006095843855291605
198,-0.00042674446012824774
199,-0.00018207088578492403
200,-0.0001817556330934167
201,-0.00042536400724202394
202,0.00006323214620351791
203,0.0006729223532602191
204,0.0005497579695656896
205,0.00030484923627227545
206,0.0005482224514707923
207,-0.0004284563474357128
208,-0.0004277047701179981
209,-0.0001830307301133871
210,-0.00006075215060263872
211,0.0000613091979175806
212,0.0003051155945286155
213,0.00006064120680093765
214,0.0009142577182501554
215,0.0003028141800314188
216,-0.0003075437853112817
217,-0.0004289700882509351
218,0.0003035531844943762
219,-0.00018484401516616344
220,0.00042528402991592884
221,-0.00006332981865853071
222,0.00005873432382941246
223,-0.0004292282974347472
224,-0.0006724001141265035
225,-0.00006140570621937513
226,-0.0001832671696320176
227,-0.00018295051995664835
228,-0.00042655772995203733
229,-0.0003038459690287709
230,-0.00005938997492194176
231,-0.000059291371144354343
232,0.00042865448631346226
233,0.0001839621691033244
234,0.00018362747505307198
235,0.0007931028958410025
236,0.00005991372745484114
237,0.000547645497135818
238,-0.0001851087436079979
239,0.00018109544180333614
240,0.00030272570438683033
241,-0.0006735180504620075
242,-0.00042840815149247646
243,-0.00006177090108394623
244,-0.00006167031824588776
245,0.00091412547044456
246,0.000424644211307168
247,-0.0003078922163695097
248,0.000058529782108962536
249,-0.00030747056007385254
250,0.0004248365294188261
251,0.00018014770466834307
252,0.00005785480607300997
253,-0.000795992324128747
254,0.0000591442221775651
255,0.0006688387366011739
0,0.0009115638677030802
1,0.00017816131003201008
2,-0.0001880534691736102
3,0.00005619169678539038
4,0.0003000030992552638
5,0.00005553336814045906
6,-0.0006763496203348041
7,-0.00006535137072205544
8,0.00017867633141577244
9,0.0005442326655611396
10,0.00029932940378785133
11,0.00017682230100035667
12,0.0001764943590387702
13,-0.0007995282066985965
14,-0.0006761596305295825
15,0.0001787621295079589
16,-0.00043137650936841965
17,0.00005722534842789173
18,0.00030103593599051237
19,0.00030048959888517857
20,0.0004219051916152239
21,-0.000798475812189281
22,0.000056663062423467636
23,0.00030047446489334106
24,0.00042189029045403004
25,0.00017720414325594902
26,-0.0003109712852165103
27,-0.00006650830619037151
28,0.000055558979511260986
29,0.0002993708476424217
30,0.0001768643269315362
31,0.00005457480438053608
32,0.0004203496500849724
33,-0.000434144283644855
34,-0.0003114251885563135
35,0.0002989238128066063
36,0.00042034138459712267
37,0.00017565686721354723
38,-0.00006859353743493557
39,0.002004865906201303
40,0.00029382214415818453
41,0.000049358466640114784
42,-0.0000727091683074832
43,0.000049363356083631516
44,0.0005371052538976073
45,0.00004828488454222679
46,-0.0005616294220089912
47,-0.00007280276622623205
48,0.0004151557805016637
49,0.0005363619420677423
50,0.00041342806071043015
51,-0.00019713584333658218
52,-0.0003187676193192601
53,-0.0003182211657986045
54,0.0001701724249869585
55,0.00004788918886333704
56,-0.00007417704910039902
57,0.000047897337935864925
58,0.000047792913392186165
59,0.000047688838094472885
60,-0.00007437693420797586
61,-0.00019622629042714834
62,-0.00007393502164632082
63,0.0001701010623946786
64,-0.00007414375431835651
65,-0.00007403118070214987
66,-0.00031784235034137964
67,-0.0003172962460666895
68,-0.00007282744627445936
69,0.0009029796347022057
70,0.0000476236455142498
71,-0.00007444212678819895
72,-0.0001962909009307623
73,0.00016992422752082348
74,0.000047641806304454803
75,0.0001694998936727643
76,-0.0005625919438898563
77,-0.0004396500298753381
78,0.00029288430232554674
79,-0.00007353979162871838
80,-0.00007342721801251173
81,-0.00019527727272361517
82,-0.0006827957695350051
83,-0.00007179041858762503
84,-0.0001936418702825904
85,-0.0005591997178271413
86,-0.00007037469185888767
87,0.00017365871462970972
88,0.0007831441471353173
89,0.00041585112921893597
90,0.000537057057954371
91,-0.0004396098665893078
92,-0.00007296132389456034
93,-0.00043873500544577837
94,-0.00007208704482764006
95,-0.00031589961145073175
96,0.00029445451218634844
97,-0.00007197074592113495
98,0.00041598803363740444
99,0.0005371941952034831
100,-0.0001955492189154029
101,0.00017066614236682653
102,0.00029230653308331966
103,-0.0003180401399731636
104,0.00017035403288900852
105,0.00041395716834813356
106,0.000047317356802523136
107,-0.0004406329244375229
108,0.0002919022226706147
109,0.000047441571950912476
110,0.0001693002413958311
111,-0.0005627906648442149
112,0.00041388545650988817
113,0.0000472458777949214
114,0.0004130289889872074
115,-0.00019753375090658665
116,0.00004672165960073471
117,-0.0005631899693980813
118,0.0006574102444574237
119,0.0009001475991681218
120,0.0007765662157908082
121,0.0004092794843018055
122,0.0000426445621997118
123,-0.000323339831084013
124,-0.00007886416278779507
125,0.0005310627166181803
126,-0.0003236363409087062
127,-0.00007916032336652279
128,0.0005307670217007399
129,0.0007737252162769437
130,0.0005284029757604003
131,-0.0005702173803001642
132,-0.0011790390126407146
133,-0.0008110823109745979
134,-0.00032181607093662024
135,-0.0008091127965599298
136,0.00016799941658973694
137,0.00016768125351518393
138,0.0002893253695219755
139,0.00041075306944549084
140,0.0000441170996055007
141,-0.00019990629516541958
142,-0.0011752673890441656
143,0.00016838125884532928
144,0.00029002479277551174
145,0.000289489864371717
146,0.000045032124035060406
147,-0.00019899208564311266
148,0.0005331129068508744
149,-0.00007766438648104668
150,-0.0000775469234213233
151,-0.00032135366927832365
152,-0.0003208029083907604
153,0.00004563236143440008
154,0.00028945598751306534
155,0.00016695971135050058
156,0.00041056692134588957
157,-0.00019999255891889334
158,0.0004101512022316456
159,0.000043516047298908234
160,0.00004341732710599899
161,-0.00020060501992702484
162,0.0001656155800446868
163,-0.00020058557856827974
164,0.00028759718406945467
165,0.0004090266302227974
166,-0.00020153098739683628
167,-0.00007923319935798645
168,0.00004284747410565615
169,-0.00007921201176941395
170,0.00004286866169422865
171,0.0000427707564085722
172,0.0001646348973736167
173,-0.0003235271433368325
174,0.00004291150253266096
175,0.00016477564349770546
176,-0.0004453483270481229
177,0.00016523059457540512
178,0.0001649158075451851
179,0.0011402962263673544
180,0.00016255304217338562
181,-0.000569530762732029
182,-0.00044658046681433916
183,-0.0002018859377130866
184,-0.00032351119443774223
185,-0.00032295845448970795
186,0.00028740393463522196
187,-0.0000790134072303772
188,0.00016502966172993183
189,0.0004086386179551482
190,0.0006518148584291339
191,0.00016278703697025776
192,-0.00020341097842901945
193,-0.0005689588142558932
194,-0.0004460087511688471
195,-0.0006891617085784674
196,0.00004381255712360144
197,-0.00020020944066345692
198,0.000287973671220243
199,0.0005313655128702521
200,0.00016451498959213495
201,0.00004223920404911041
202,-0.00007981923408806324
203,-0.00044558465015143156
204,0.00004303280729800463
205,0.0002868595765903592
206,-0.00007955718319863081
207,0.00016448693349957466
208,0.00016417307779192924
209,0.00016385968774557114
210,0.00004158518277108669
211,-0.0008122444851323962
212,-0.0005668989615514874
213,0.000043896958231925964
214,0.0006536084692925215
215,0.000042617437429726124
216,-0.00044532702304422855
217,0.0005311383865773678
218,-0.00007963518146425486
219,0.00004244677256792784
220,0.00004235026426613331
221,-0.00020166998729109764
222,-0.0002013330813497305
223,-0.00007903401274234056
224,0.0005308953113853931
225,-0.00044576392974704504
226,0.0005307019455358386
227,0.0002858145162463188
228,0.00004136119969189167
229,0.000041265739127993584
230,-0.0003247151616960764
231,0.000041725579649209976
232,-0.00044621771667152643
233,-0.0008113319054245949
234,0.0007755935657769442
235,-0.000201499555259943
236,0.0005306090461090207
237,0.00004179798997938633
238,0.0007734737591817975
239,0.0004061918007209897
240,-0.0006922096945345402
241,-0.0009349264437332749
242,-0.0002015159698203206
243,-0.00020117859821766615
244,-0.00020084145944565535
245,-0.00020050443708896637
246,0.00004375574644654989
247,0.00004365865606814623
248,-0.00007840071339160204
249,0.0002876049838960171
250,0.0002870743628591299
251,0.00016458227764815092
252,-0.00044553994666785
253,-0.0011765402741730213
254,-0.0003207357367500663
255,-0.00044214597437530756
0,-0.0004413777496665716
1,0.000047237263061106205
2,0.000047137378714978695
3,0.00016899907495826483
4,-0.00007524131797254086
5,-0.00019708590116351843
6,-0.00007479067426174879
7,-0.0003185971872881055
8,-0.00019608542788773775
9,-0.00019575248006731272
10,-0.0005613055545836687
11,0.0002934104995802045
12,0.000048950896598398685
13,0.00004884973168373108
14,-0.00043909926898777485
15,0.00017147569451481104
16,-0.0008045380236580968
17,-0.0003152749268338084
18,-0.0004366894718259573
19,-0.000192002160474658
20,-0.00043559656478464603
21,-0.00006894790567457676
22,0.0001750874798744917
23,0.00017476559150964022
24,-0.00043536536395549774
25,-0.0006785268196836114
26,-0.0007992932805791497
27,-0.0005539583507925272
28,-0.00006513460539281368
29,-0.0001869880361482501
30,-0.000064701191149652
31,0.000057368772104382515
32,-0.00030862551648169756
33,0.00005780160427093506
34,-0.0001862312201410532
35,0.00017997866962105036
36,-0.0003081946633756161
37,-0.0003076535649597645
38,-0.00030711281578987837
39,-0.0005504963919520378
40,-0.0004275612300261855
41,-0.0004268056945875287
42,0.00018375879153609276
43,-0.00030441791750490665
44,0.0000620054779574275
45,-0.00018203107174485922
46,-0.0004256343236193061
47,-0.00005899451207369566
48,0.00006307032890617847
49,-0.00042489077895879745
50,-0.0003021757584065199
51,-0.00005771615542471409
52,0.0000643476378172636
53,0.0003081567119807005
54,-0.00042416295036673546
55,-0.0006673340685665607
56,-0.0006661486113443971
57,-0.00029907841235399246
58,0.00031126406975090504
59,-0.00005517271347343922
60,-0.000055072945542633533
61,-0.0002988971536979079
62,-0.0016399449668824673
63,0.00019240030087530613
64,0.0004359867889434099
65,-0.00017459294758737087
66,0.00006964500062167645
67,-0.00017439830116927624
68,-0.00066193169914186
69,-0.0009046751074492931
70,-0.00004932854790240526
71,0.0009264607215300202
72,0.0008028594311326742
73,0.0004355523269623518
74,0.0001908584963530302
75,-0.0002973247319459915
76,-0.0006626787362620234
77,0.00007027387619018555
78,0.00019211543258279562
79,-0.00005214533302932978
80,-0.00041793379932641983
81,-0.0000513013219460845
82,0.0003146806266158819
83,0.0005580501165241003
84,0.0006790251936763525
85,-0.00041983521077781916
86,-0.0009069339139387012
87,0.00007037620525807142
88,0.0006800652481615543
89,0.0004349377704784274
90,0.0004341679159551859
91,-0.00029837165493518114
92,0.00031197001226246357
93,-0.0000544677022844553
94,0.0005554411327466369
95,0.0004324939800426364
96,0.00006584101356565952
97,0.00030964857432991266
98,-0.00005678681191056967
99,-0.00042257143650203943
100,-0.0027390964096412063
101,-0.00041695183608680964
102,0.00019360368605703115
103,0.00007130356971174479
104,0.0006809919141232967
105,0.0003139013424515724
106,0.000313348020426929
107,0.00006887083873152733
108,-0.000053209951147437096
109,-0.00017507420852780342
110,-0.000052797491662204266
111,-0.000296624144539237
112,0.0004356780555099249
113,0.00031294592190533876
114,0.00043435534462332726
115,-0.0002981852740049362
116,-0.0005415767664089799
117,0.0001911597792059183
118,0.00031278550159186125
119,0.0001902710646390915
120,0.0004338594153523445
121,0.0003111290279775858
122,0.0004325398476794362
123,-0.000056075165048241615
124,0.000553834717720747
125,-0.0005448058946058154
126,-0.0005438379012048244
127,-0.00005502300336956978
128,0.00043292378541082144
129,-0.00005569146014750004
130,-0.0002995154354721308
131,0.0005547513719648123
132,0.00043180491775274277
133,0.00030907627660781145
134,0.00006460328586399555
135,-0.00017943582497537136
136,0.00043069187086075544
137,0.00030796427745372057
138,-0.0003023936878889799
139,-0.000911666895262897
140,0.00018760887905955315
141,0.0003092382103204727
142,0.0004306501941755414
143,0.0005518468096852303
144,0.0003069409867748618
145,-0.00005949207115918398
146,-0.0004252743674442172
147,-0.000058635370805859566
148,0.00042931479401886463
149,0.0005505123408511281
150,0.00018364598508924246
151,-0.0003045309567824006
152,0.00018385425209999084
153,0.0004274484235793352
154,0.000304723740555346
155,0.00030417810194194317
156,0.00005970976781100035
157,-0.0003062869654968381
158,0.0004260237328708172
159,0.0003033003304153681
160,-0.0003070533275604248
161,-0.00030651327688246965
162,0.00005991198122501373
163,0.0006696104537695646
164,0.0005464537534862757
165,0.0003015530528500676
166,0.0003010106738656759
167,-0.00006541737820953131
168,0.0004225389566272497
169,0.0005437423242256045
170,0.0001768824877217412
171,0.00017655885312706232
172,0.00017623568419367075
173,0.000053951283916831017
174,0.0002977693220600486
175,-0.0005565030733123422
176,-0.00031160085927695036
177,0.00017679110169410706
178,0.00017646781634539366
179,0.0001761451130732894
180,0.00005386036355048418
181,-0.0007999785011634231
182,-0.00006679526995867491
183,0.00042116211261600256
184,-0.0003113663988187909
185,0.0002989873755723238
186,-0.00006743846461176872
187,-0.0004332136595621705
188,-0.00043245276901870966
189,-0.00043169292621314526
190,-0.00018700934015214443
191,0.0005450869211927056
192,0.00030018785037100315
193,0.0006655325414612889
194,-0.0005552774528041482
195,-0.0004323379835113883
196,-0.0000656922347843647
197,0.0003003026358783245
198,0.000055837444961071014
199,-0.000676040886901319
200,-0.0004309237701818347
201,0.0004235683009028435
202,0.0006667328998446465
203,0.0009094648994505405
204,0.000541954766958952
205,-0.0004347129724919796
206,-0.0012876838445663452
207,-0.0005536340177059174
208,0.00017911382019519806
209,-0.0005529825575649738
210,-0.0007959306240081787
211,0.00042509648483246565
212,0.0005462981062009931
213,0.0003013978712260723
214,0.00005693209823220968
215,-0.00018709979485720396
216,-0.00006481260061264038
217,-0.00018666579853743315
218,-0.0004302642773836851
219,-0.00006362050771713257
220,-0.00018547498621046543
221,-0.00042907462920993567
222,0.00030345399864017963
223,-0.00030689931008964777
224,0.0006693360628560185
225,0.00018029473721981049
226,0.00030193047132343054
227,-0.00006449769716709852
228,-0.000430275104008615
229,-0.00006363086868077517
230,0.00005843816325068474
231,0.0005461764521896839
232,0.0005452004261314869
233,0.0004222630523145199
234,-0.000066341832280159
235,0.00017769145779311657
236,0.00029932986944913864
237,-0.00018905755132436752
238,0.00005519308615475893
239,-0.00018883671145886183
240,-0.00006654777098447084
241,0.00005552428774535656
242,-0.00006654439494013786
243,0.000543375383131206
244,-0.0004332935204729438
245,-0.000676455907523632
246,-0.0003093763953074813
247,0.0005448994925245643
248,-0.000431770458817482
249,-0.0000651251757517457
250,0.0004228318575769663
251,0.00030011136550456285
252,0.000543494476005435
253,-0.0004331741947680712
254,-0.00031045114155858755
255,-0.0004318695282563567
0,0.000056738266721367836
1,0.00005663058254867792
2,0.00017848494462668896
3,-0.00030968699138611555
4,0.0000567419920116663
5,0.00030055781826376915
6,0.0005439408123493195
7,0.00005511939525604248
8,-0.00018891075160354376
9,-0.0005544689483940601
10,-0.0003095678985118866
11,0.000056860619224607944
12,0.00017871498130261898
13,-0.000553380697965622
14,-0.00018651853315532207
15,-0.0001861931523308158
16,0.0006678651552647352
17,-0.0003090223763138056
18,0.00017936748918145895
19,-0.0005527285393327475
20,0.00042394245974719524
21,-0.0006744737038388848
22,-0.00018543365877121687
23,-0.0004290329525247216
24,-0.0001843515783548355
25,0.0001818577293306589
26,-0.0003063172334805131
27,-0.00006185285747051239
28,0.000060215010307729244
29,0.00018206669483333826
30,0.00005977728869765997
31,0.00018162897322326899
32,-0.00018458347767591476
33,-0.0007940693758428097
34,-0.000304814544506371
35,0.00042749568819999695
36,0.00018280965741723776
37,0.0005483678542077541
38,-0.00018438161350786686
39,-0.0006719055818393826
40,-0.0005487531889230013
41,0.0001839902251958847
42,0.00018366146832704544
43,-0.0007923623779788613
44,-0.00018114701379090548
45,0.00042898289393633604
46,0.0005501816049218178
47,-0.00018256937619298697
48,-0.00006028532516211271
49,-0.0003041042946279049
50,0.0001842814963310957
51,-0.0005478189559653401
52,-0.00030292337760329247
53,-0.00030238647013902664
54,0.0003079602029174566
55,0.00042937451507896185
56,0.0003066487843170762
57,-0.0004256685497239232
58,0.00006293365731835365
59,0.000184782431460917
60,0.0003064149059355259
61,0.00018390698824077845
62,-0.000670155044645071
63,0.0004286905750632286
64,0.0005498894024640322
65,0.0005489104660227895
66,0.00018204643856734037
67,-0.00018416624516248703
68,0.0001820427132770419
69,0.0001817154698073864
70,-0.00006253516767174006
71,-0.0009161611087620258
72,-0.00018276588525623083
73,0.00006148009561002254
74,-0.00006059336010366678
75,0.0003053975524380803
76,0.0003048521466553211
77,0.0001823460916057229
78,0.00030398054514080286
79,0.000059512793086469173
80,-0.00030648265965282917
81,-0.00018398032989352942
82,-0.0004275811370462179
83,-0.00006093864794820547
84,0.0005489762406796217
85,-0.0010375065030530095
86,0.00018395273946225643
87,-0.00006029999349266291
88,0.0003056909190490842
89,0.0004271073266863823
90,-0.0006713110487908125
91,-0.0004261976573616266
92,-0.0003034803085029125
93,-0.00042490463238209486
94,-0.00005826458800584078
95,-0.00042404711712151766
96,0.0003084774361923337
97,0.0004298917483538389
98,0.00030716555193066597
99,0.00006269535515457392
100,-0.0001813411945477128
101,-0.0007908295374363661
102,0.00018626987002789974
103,-0.0007897559553384781
104,0.00006538082379847765
105,0.0004311511293053627
106,-0.0005453090416267514
107,-0.00005649193190038204
108,0.00018753355834633112
109,-0.00017868413124233484
110,-0.00030032743234187365
111,0.00043197895865887403
112,-0.0001785962376743555
113,0.0003095695283263922
114,-0.00005686457734555006
115,-0.00017872464377433062
116,0.0004314036341384053
117,0.0005525997839868069
118,-0.0003021147567778826
119,-0.0003015779657289386
120,-0.00005711824633181095
121,-0.0003009396605193615
122,-0.0004223660798743367
123,-0.00029965233989059925
124,-0.00017715618014335632
125,-0.00005487666931003332
126,0.00043307081796228886
127,0.00043230410665273666
128,-0.0004221956478431821
129,0.00018836604431271553
130,0.00018803298007696867
131,-0.00017818505875766277
132,-0.000055904965847730637
133,0.00018811982590705156
134,0.00006582541391253471
135,-0.0000562518835067749
136,0.0012854301603510976
137,0.0016490330453962088
138,0.0005484451539814472
139,-0.0003062663599848747
140,-0.0009155350271612406
141,-0.00042606412898749113
142,0.0004284242168068886
143,0.0001837378367781639
144,-0.00030443829018622637
145,-0.0004258616827428341
146,0.0000627406407147646
147,0.0011602852027863264
148,0.0006703742546960711
149,0.00018133223056793213
150,-0.00006291805766522884
151,-0.0001847725361585617
152,0.000669284607283771
153,-0.00018564192578196526
154,-0.00006335531361401081
155,-0.0003071713726967573
156,-0.0003066301578655839
157,0.0001817578449845314
158,0.00018143130000680685
159,-0.00030674273148179054
160,-0.0004281640285626054
161,-0.0003054450498893857
162,0.0003049038350582123
163,0.00030435947701334953
164,-0.0006718797376379371
165,0.00006108207162469625
166,0.0005488182650879025
167,0.001035687979310751
168,-0.00006381317507475615
169,0.00042414257768541574
170,-0.0006742734694853425
171,0.00030261429492384195
172,0.00030207179952412844
173,-0.000552203506231308
174,-0.0004292657831683755
175,-0.000428508035838604
176,0.000304020824842155
177,-0.00030633225105702877
178,0.00018205586820840836
179,-0.00018415669910609722
180,-0.0000618714839220047
181,-0.00006176484748721123
182,-0.0007934300228953362
183,-0.0004261374706402421
184,0.0007942368974909186
185,0.00006105261854827404
186,-0.00018298195209354162
187,-0.00006069790106266737
188,0.00018333166372030973
189,0.0001830034889280796
190,0.0007924851961433887
191,0.000303226406686008
192,0.0003026833292096853
193,-0.0007955161854624748
194,-0.00042822188697755337
195,-0.00042746448889374733
196,-0.0001827842788770795
197,0.0009151949780061841
198,0.00030375714413821697
199,-0.0004285578615963459
200,-0.0003058384172618389
201,-0.00030529825016856194
202,0.0003050509840250015
203,0.000060582300648093224
204,-0.00030541373416781425
205,-0.00018291210290044546
206,-0.00018258963245898485
207,0.0004275421379134059
208,0.0005487422458827496
209,0.0005477644735947251
210,-0.00042890768963843584
211,-0.0009159974288195372
212,0.0004272075602784753
213,-0.0010370968375355005
214,0.00030632433481514454
215,0.00030577857978641987
216,0.00006130977999418974
217,-0.0001827251398935914
218,-0.0003043650649487972
219,-0.0005477498052641749
220,-0.00005893036723136902
221,-0.00005882629193365574
222,0.0004291249206289649
223,-0.0005473330384120345
224,-0.00030243792571127415
225,-0.00017993885558098555
226,0.0006741142133250833
227,0.0009168405085802078
228,0.0005493249045684934
229,0.00030442269053310156
230,-0.0001839690376073122
231,0.00018224038649350405
232,0.0011576083488762379
233,0.0003018145216628909
234,0.00017931091133505106
235,-0.00018689921125769615
236,0.00030127447098493576
237,-0.0003090760437771678
238,-0.00043049489613622427
239,0.00005811196751892567
240,-0.0004298437852412462
241,-0.00006319954991340637
242,0.00005887041334062815
243,-0.00006320071406662464
244,0.0005467168521136045
245,0.0001798552693799138
246,-0.00043027906212955713
247,0.0007900987984612584
248,0.0001788806403055787
249,0.00030051846988499165
250,0.0002999779535457492
251,-0.0003103712806478143
252,-0.00030982703901827335
253,-0.00043124519288539886
254,-0.00006459944415837526
255,0.00017943372949957848
0,0.0007889186963438988
1,0.00029966316651552916
2,-0.0014083427377045155
3,-0.00030819070525467396
4,-0.0007954956963658333
5,-0.0003062393516302109
6,0.0003041108138859272
7,-0.00030624226201325655
8,-0.00018373958300799131
9,-0.0006712637841701508
10,0.00006169802509248257
11,0.00042747193947434425
12,0.0006706343265250325
13,-0.00006233144085854292
14,0.00030366156715899706
15,-0.00006276706699281931
16,-0.00006265961565077305
17,-0.0010382472537457943
18,0.00006125122308731079
19,0.0006709496956318617
20,0.00030386936850845814
21,0.0007911736611276865
22,0.000667802058160305
23,-0.0005530087510123849
24,-0.00006418430712074041
25,-0.0003079993184655905
26,0.00030235270969569683
27,0.00005788670387119055
28,0.00005777878686785698
29,-0.0004301765002310276
30,0.000058430247008800507
31,-0.0000636400654911995
32,-0.00018549349624663591
33,-0.0001851684646680951
34,0.00030300405342131853
35,-0.0003073479747399688
36,0.0001810411922633648
37,-0.00018516986165195704
38,-0.00006288324948400259
39,-0.00018473737873136997
40,0.00018147274386137724
41,0.00030310836154967546
42,0.00005864235572516918
43,-0.00042931386269629
44,-0.0001846315572038293
45,-0.0004282310837879777
46,0.00042626005597412586
47,-0.00006234808824956417
48,0.00042560696601867676
49,0.0005468092858791351
50,0.00005798577331006527
51,-0.00006408407352864742
52,-0.00006397534161806107
53,-0.00006386637687683105
54,-0.00018571957480162382
55,0.00042441533878445625
56,-0.00006419094279408455
57,-0.0005519294645637274
58,-0.000550953671336174
59,0.0003037545830011368
60,-0.00030659756157547235
61,0.0009135621367022395
62,0.0005460500251501799
63,-0.00006473460234701633
64,-0.0001865869853645563
65,-0.00018626078963279724
66,0.00030191277619451284
67,0.00005744746886193752
68,-0.00018658360932022333
69,0.00017962825950235128
70,-0.00006462004967033863
71,0.0005452990299090743
72,0.000666286563500762
73,-0.0007984464755281806
74,-0.0009189964039251208
75,-0.000551483710296452
76,-0.0001846221275627613
77,-0.0003062598407268524
78,-0.0000617949990555644
79,0.00006027391646057367
80,0.0004260496934875846
81,0.00018136610742658377
82,0.0007908494444563985
83,0.00005766912363469601
84,-0.0007961718365550041
85,-0.0005508381873369217
86,0.0004258318804204464
87,-0.00042866100557148457
88,-0.000549864606000483
89,-0.0004269287455826998
90,0.0001836374867707491
91,-0.00006061431486159563
92,0.000671262969262898
93,-0.0004275883547961712
94,0.0009147494565695524
95,-0.0001845351653173566
96,0.00018167495727539062
97,0.000059387064538896084
98,-0.00018464610911905766
99,-0.00006235926412045956
100,0.00005971011705696583
101,-0.00006236101035028696
102,0.001157365390099585
103,-0.00006431352812796831
104,-0.00006420409772545099
105,-0.0007958665955811739
106,-0.00042857101652771235
107,-0.00006192736327648163
108,0.0007919131312519312
109,0.00018069345969706774
110,0.00030233035795390606
111,0.000057864817790687084
112,0.00017971917986869812
113,0.0003013567766174674
114,0.000178854214027524
115,-0.000553240766748786
116,0.0001795081188902259
117,-0.0003086637007072568
118,-0.00006419653072953224
119,0.0005457219667732716
120,0.00005689985118806362
121,0.0010324883041903377
122,0.00042083824519068
123,-0.00018972635734826326
124,0.0005423740949481726
125,-0.0003123306669294834
126,0.000298025319352746
127,-0.00006839795969426632
128,-0.0003122086636722088
129,-0.0005555860698223114
130,0.0006650122813880444
131,0.0004198997048661113
132,0.00017522135749459267
133,-0.0005568700144067407
134,-0.0007998131914064288
135,-0.0006764380959793925
136,0.000056528602726757526
137,-0.0001875015441328287
138,-0.00006521213799715042
139,0.0001788218505680561
140,0.00017849844880402088
141,0.00017817551270127296
142,0.00017785269301384687
143,-0.00018835533410310745
144,0.00029982009436935186
145,0.00005535746458917856
146,0.0001772140385583043
147,-0.00018899340648204088
148,-0.00018866464961320162
149,-0.00018833659123629332
150,0.00017787772230803967
151,0.00017755490262061357
152,0.0002991949440911412
153,-0.0004331150557845831
154,-0.000310390954837203
155,-0.0004318077117204666
156,-0.00018712272867560387
157,-0.0006746433209627867
158,-0.0011612967355176806
159,-0.0006713898619636893
160,0.00006157264579087496
161,0.00030538567807525396
162,0.0009146510856226087
163,-0.0012822899734601378
164,0.00006156624294817448
165,-0.00030443002469837666
166,0.0005498428363353014
167,0.000061017461121082306
168,0.00006090709939599037
169,-0.00030508835334330797
170,0.00006133760325610638
171,0.00042711291462183
172,-0.00006149534601718187
173,-0.0006711977766826749
174,-0.000548045034520328
175,0.00006273738108575344
176,0.0001845875522121787
177,-0.00005966448225080967
178,-0.00042544445022940636
179,-0.00042468891479074955
180,0.0006737229414284229
181,0.0011603741440922022
182,0.0003045785706490278
183,-0.0005496978992596269
184,-0.00079264712985605
185,-0.000303392531350255
186,0.0004289174685254693
187,0.0001842317869886756
188,-0.00006002036388963461
189,0.0004279334098100662
190,-0.00018263759557157755
191,0.0005494570359587669
192,0.0003045555204153061
193,0.00042597437277436256
194,-0.0007944043027237058
195,0.0007925090612843633
196,-0.0003065584460273385
197,0.00018183095380663872
198,0.0004254290834069252
199,0.00005878403317183256
200,-0.0009170192060992122
201,-0.0015252024168148637
202,0.0005508578615263104
203,0.00018399336840957403
204,0.00006170349661260843
205,-0.000426254584454
206,-0.0003035360714420676
207,-0.0006688830908387899
208,0.00030800083186477423
209,0.00030745461117476225
210,0.0006727944128215313
211,0.00006178964395076036
212,0.0003056024434044957
213,-0.00018278928473591805
214,0.00018341990653425455
215,-0.00018279312644153833
216,-0.0001824697246775031
217,0.00018373888451606035
218,-0.0001824740320444107
219,0.00006177241448312998
220,0.00006166181992739439
221,0.0010372460819780827
222,-0.00006225507240742445
223,0.00005981454160064459
224,-0.0004281420260667801
225,0.00018242548685520887
226,-0.0006716339848935604
227,0.00006132840644568205
228,-0.00018270558211952448
229,0.00018350337632000446
230,-0.0001827095402404666
231,0.0005493852077051997
232,-0.0005492494674399495
233,0.00006153387948870659
234,-0.00018250010907649994
235,0.0003056705463677645
236,-0.00018272141460329294
237,-0.001158093218691647
238,0.00018554471898823977
239,0.00018521538004279137
240,0.0003068487858399749
241,0.0006721890531480312
242,-0.00006077717989683151
243,-0.00018263270612806082
244,-0.00018230942077934742
245,-0.00018198660109192133
246,0.0004281458677724004
247,-0.00042634899728000164
248,-0.00005970674101263285
249,0.00030628452077507973
250,0.00006181607022881508
251,0.0006715147756040096
252,0.00018247286789119244
253,0.0021335366182029247
254,-0.0004314570687711239
255,-0.00030873389914631844
0,0.0003016191767528653
1,-0.00006480724550783634
2,0.000179226859472692
3,-0.0004309059586375952
4,-0.0003081834875047207
5,0.0005460928659886122
6,0.00030119437724351883
7,0.0003006543265655637
8,0.0006660005310550332
9,-0.0003108843229711056
10,-0.00006641470827162266
11,-0.0005541505524888635
12,-0.0005531721981242299
13,0.000423500663600862
14,-0.0003090281970798969
15,0.0003013255773112178
16,-0.000309024122543633
17,-0.00018651853315532207
18,0.00005773233715444803
19,0.0009113580454140902
20,0.00029992510098963976
21,0.00029938563238829374
22,-0.00043292390182614326
23,-0.0006760853575542569
24,0.00017884327098727226
25,0.0005444060079753399
26,0.00042147107888013124
27,-0.00018909364007413387
28,-0.0009205361129716039
29,-0.0006749830208718777
30,-0.000185940763913095
31,-0.000429538544267416
32,0.0005469161551445723
33,-0.00030779209919273853
34,-0.0007950967410579324
35,0.00030396971851587296
36,-0.0001844202633947134
37,0.0006696379277855158
38,-0.00018528790678828955
39,0.00005896179936826229
40,0.000058853765949606895
41,0.0000587457325309515
42,-0.0006731332978233695
43,0.0005476783262565732
44,0.000668664462864399
45,0.0004235489759594202
46,0.0004227918107062578
47,0.0001781117171049118
48,-0.0003100581234320998
49,0.000056372606195509434
50,0.00005626666825264692
51,0.0003000851720571518
52,0.0002995462855324149
53,-0.00006687815766781569
54,0.00017715815920382738
55,-0.00006708712317049503
56,0.0005428346339613199
57,0.00029793952126055956
58,-0.00031240680254995823
59,0.00017598760314285755
60,-0.0001902183284983039
61,-0.00006792624481022358
62,-0.00006781273987144232
63,-0.0003116235602647066
64,-0.00006715336348861456
65,0.0011525782756507397
66,0.0007846374064683914
67,-0.00007049879059195518
68,-0.00043626874685287476
69,0.00005234428681433201
70,-0.0003136431332677603
71,-0.00006917119026184082
72,0.000540752662345767
73,0.0002958594122901559
74,0.0007831720868125558
75,0.0005378465866670012
76,-0.00031685340218245983
77,0.00004958338104188442
78,0.00017144600860774517
79,0.0001711297081783414
80,0.0009025854524224997
81,0.00004723621532320976
82,-0.0004407087108120322
83,-0.0005619007861241698
84,0.0002928180620074272
85,0.0002922859275713563
86,0.0005356777692213655
87,0.0000468655489385128
88,-0.0004410790279507637
89,-0.00007442315109074116
90,0.00016961980145424604
91,0.000047343550249934196
92,0.00041313201654702425
93,0.00004649884067475796
94,0.0001683640293776989
95,-0.00007587275467813015
96,0.0002901336411014199
97,0.0002896036021411419
98,0.00004515075124800205
99,-0.0003208303824067116
100,0.00028953421860933304
101,0.0000450813677161932
102,0.000044986139982938766
103,0.0001668530749157071
104,0.0008983125444501638
105,0.0008967006579041481
106,-0.00044649047777056694
107,-0.0005676773143932223
108,-0.0006886479677632451
109,-0.0003215553006157279
110,0.00028881023172289133
111,-0.0005654515698552132
112,-0.0001985764829441905
113,0.000045685446821153164
114,0.0002895138459280133
115,0.0008987941546365619
116,0.000287372968159616
117,-0.0002010019961744547
118,-0.0006885089678689837
119,0.00028839323204010725
120,-0.00032194412779062986
121,-0.00044334959238767624
122,0.0005331180291250348
123,-0.0004435391165316105
124,-0.00019884237553924322
125,0.00004542001988738775
126,0.0006551340920850635
127,0.00016610801685601473
128,0.00028775911778211594
129,0.00040919380262494087
130,0.00040845025796443224
131,-0.000446025631390512
132,0.000042596831917762756
133,0.000042504514567554
134,0.0006522214971482754
135,0.000651045236736536
136,0.00040594651363790035
137,-0.0008144128369167447
138,-0.0002031755866482854
139,0.0005289383698254824
140,0.0007719043642282486
141,0.0001607039012014866
142,-0.0003274494083598256
143,-0.0002049256581813097
144,0.0005271895788609982
145,0.0005262334598228335
146,0.000281353946775198
147,-0.00008505291771143675
148,-0.0004508089041337371
149,0.000037818215787410736
150,0.00015969201922416687
151,-0.00008453626651316881
152,0.000037554651498794556
153,0.000159428920596838
154,-0.00020676117856055498
155,0.00003750855103135109
156,0.00003742112312465906
157,-0.0006944380002096295
158,0.00003854662645608187
159,0.0005263057537376881
160,-0.0004503447562456131
161,-0.0003276036586612463
162,-0.0003270413726568222
163,0.0002833297476172447
164,0.00016084499657154083
165,0.000892310868948698
166,0.000036972109228372574
167,-0.0003290006425231695
168,-0.0003284369595348835
169,-0.0009376837406307459
170,0.0006494672270491719
171,0.0012581035261973739
172,-0.0003296567592769861
173,0.0005246405489742756
174,0.003206848632544279
175,0.0008838513167575002
176,0.00002852058969438076
177,-0.0003374445950612426
178,-0.0004588355077430606
179,0.00039568496868014336
180,0.0005169167416170239
181,-0.0003377632237970829
182,0.000638503348454833
183,-0.000826202449388802
184,0.00015093176625669003
185,0.00015063537284731865
186,0.0005162255838513374
187,0.0003933175466954708
188,-0.000583105836994946
189,-0.0003381755668669939
190,0.0001502439845353365
191,-0.00033789908047765493
192,-0.00021536520216614008
193,0.0001508750719949603
194,0.0006384268635883927
195,-0.0000945073552429676
196,-0.000338291865773499
197,0.001125822775065899
198,-0.0007056345930323005
199,0.0001493225572630763
200,0.0010027614189311862
201,0.00014721695333719254
202,-0.0007068088743835688
203,-0.00021773611661046743
204,-0.00009541749022901058
205,0.000514532090164721
206,0.0002696644514799118
207,0.000025231274776160717
208,-0.00009680620860308409
209,-0.0005845124833285809
210,-0.0003395805833861232
211,0.0002708028769120574
212,0.000026368536055088043
213,-0.0003395936219021678
214,0.0002707898383960128
215,0.0005142033332958817
216,0.000025412533432245255
217,-0.0003405484603717923
218,0.00002591172233223915
219,-0.00034004938788712025
220,0.0002703344216570258
221,-0.00021802284754812717
222,-0.00009570328984409571
223,0.0002703230129554868
224,0.0008796229958534241
225,0.00002429680898785591
226,0.00026814627926796675
227,-0.00009824673179537058
228,-0.00022006582003086805
229,0.0002681417390704155
230,0.0005115577951073647
231,-0.0002211543032899499
232,0.0005109782796353102
233,0.0001441524364054203
234,0.00026582530699670315
235,0.0008751297136768699
236,-0.00034607795532792807
237,-0.0002235358115285635
238,-0.00010121066588908434
239,0.00014285917859524488
240,-0.0002233140403404832
241,-0.0018084559123963118
242,-0.00021977094002068043
243,0.000146474689245224
244,0.00026814581360667944
245,0.00038960075471550226
246,-0.00022093206644058228
247,-0.0010743042221292853
248,-0.0009504642803221941
249,-0.00021703355014324188
250,0.0003931334940716624
251,-0.0011930972104892135
252,-0.00045923423022031784
253,-0.00045844423584640026
254,0.0005180399166420102
255,0.0008829798316583037
0,0.0002715752925723791
1,-0.0005826677661389112
2,-0.0005816598422825336
3,0.0005170040531083941
4,0.0005160594591870904
5,0.0006370778428390622
6,0.0018555369460955262
7,-0.00046506489161401987
8,0.000023577711544930935
9,-0.00022041855845600367
10,0.0005117137916386127
11,-0.00009903532918542624
12,0.0002669950481504202
13,-0.00022135779727250338
14,0.000022927881218492985
15,0.0002667797962203622
16,-0.0005874586058780551
17,0.00014532508794218302
18,0.0006328842137008905
19,0.0005097665125504136
20,-0.0002229424426332116
21,-0.0007104265969246626
22,-0.00022134871687740088
23,0.0003888228675350547
24,-0.00009974604472517967
25,-0.000099600525572896
26,-0.0007092641899362206
27,-0.0000982251949608326
28,0.0006336903898045421
29,0.0005105730379000306
30,0.00038767256774008274
31,-0.0008326667593792081
32,-0.002172799897380173
33,-0.0003395413514226675
34,-0.00009504135232418776
35,-0.00009489955846220255
36,-0.00009475764818489552
37,0.0001493078889325261
38,-0.00009490759111940861
39,-0.000704575446434319
40,-0.0007033497095108032
41,-0.00009231595322489738
42,0.00015174760483205318
43,-0.00045835552737116814
44,0.000030281837098300457
45,-0.0002137194387614727
46,-0.0003353251377120614
47,-0.00009082909673452377
48,0.0003971571568399668
49,0.0005183905595913529
50,0.00027352210599929094
51,0.00039497343823313713
52,0.00027228519320487976
53,0.00014981406275182962
54,-0.00021636357996612787
55,-0.00009404309093952179
56,0.00027198425959795713
57,0.00014951336197555065
58,0.0012468789936974645
59,0.0003909035585820675
60,0.0002682190388441086
61,-0.00009817210957407951
62,-0.00009802670683711767
63,-0.00009788142051547766
64,0.00026814930606633425
65,0.0005115680396556854
66,0.000022782012820243835
67,-0.00009924988262355328
68,0.00014482007827609777
69,0.0005104185547679663
70,0.000021633924916386604
71,0.0005094122607260942
72,-0.0004672188078984618
73,-0.00022249657195061445
74,0.00014375359751284122
75,-0.00010045606177300215
76,-0.0001003084471449256
77,0.0006316107464954257
78,0.0009963434422388673
79,-0.002054506097920239
80,-0.00034342147409915924
81,-0.0005867645377293229
82,0.0002679819008335471
83,-0.00009840831626206636
84,0.00038958550430834293
85,-0.0004648688482120633
86,-0.00034210982266813517
87,0.0005122028524056077
88,0.0006332267075777054
89,0.00038814882282167673
90,-0.0003443419700488448
91,-0.00009983684867620468
92,-0.00022165116388350725
93,-0.00046521041076630354
94,0.0001453963341191411
95,-0.00022077630273997784
96,-0.000586298294365406
97,-0.00046332308556884527
98,0.0035622154828161
99,-0.0012006558245047927
100,0.0005089119076728821
101,0.0000201293732970953
102,-0.00046778516843914986
103,0.000020862207747995853
104,0.000020794454030692577
105,-0.0009549680398777127
106,-0.0000995685113593936
107,-0.00046530633699148893
108,0.0005111867794767022
109,0.0003882879391312599
110,0.00038756884168833494
111,-0.00034492090344429016
112,-0.0004663001745939255
113,0.00026627012994140387
114,0.000143806217238307
115,0.00002155883703380823
116,-0.00034439447335898876
117,-0.00009988853707909584
118,0.0007539931684732437
119,0.0008745860541239381
120,0.000507115968503058
121,-0.00022558844648301601
122,-0.0003471814561635256
123,-0.0007124823750928044
124,0.0005083713913336396
125,-0.00010237190872430801
126,-0.00022418319713324308
127,-0.0003457777202129364
128,0.0005085396114736795
129,-0.000833975151181221
130,-0.000100752804428339
131,0.0005092064384371042
132,0.00026434811297804117
133,0.00014188652858138084
134,0.000019641593098640442
135,-0.0005902337143197656
136,-0.0003452918026596308
137,0.00038706324994564056
138,0.0012400790583342314
139,0.0002621500752866268
140,0.00026165239978581667
141,-0.0007145402487367392
142,0.000018468010239303112
143,-0.00022551999427378178
144,0.000628582201898098
145,-0.0004702233709394932
146,-0.0003474581753835082
147,-0.00010294828098267317
148,0.00038505089469254017
149,0.0005062978016212583
150,0.000505366362631321
151,-0.0007151828613132238
152,-0.0007139451336115599
153,-0.0003468224313110113
154,-0.00046819914132356644
155,-0.0009552446426823735
156,-0.0008316150633618236
157,-0.0007082030642777681
158,0.000878533348441124
159,0.0007549845613539219
160,-0.0007099270587787032
161,-0.00022084556985646486
162,-0.0007083283271640539
163,-0.00046317209489643574
164,0.00039135850965976715
165,0.00014671427197754383
166,0.00026839005295187235
167,-0.00021996023133397102
168,-0.00009763368871062994
169,-0.0003414098173379898
170,0.000025057001039385796
171,-0.0004628602182492614
172,-0.0009499102598056197
173,0.00014941033441573381
174,0.0002710839034989476
175,-0.0003392305225133896
176,0.00014919647946953773
177,-0.0005828631110489368
178,-0.00021596485748887062
179,0.00015028216876089573
180,0.00027195492293685675
181,0.00039341114461421967
182,-0.0008269292302429676
183,-0.00021567405201494694
184,0.000028611160814762115
185,0.00002853886689990759
186,0.0005163138266652822
187,-0.00021639664191752672
188,-0.00009407300967723131
189,0.00014999578706920147
190,0.0000277453800663352
191,-0.0002162500750273466
192,0.00014999730046838522
193,-0.0009479480795562267
194,0.00027333328034728765
195,-0.00033698277547955513
196,0.00015144236385822296
197,-0.00021473306696861982
198,0.000029551447369158268
199,0.0005173260578885674
200,0.00015050009824335575
201,0.00002824945840984583
202,-0.00021574599668383598
203,-0.0008251938270404935
204,0.00027390813920646906
205,-0.00009248428978025913
206,0.0003955070860683918
207,-0.00009306345600634813
208,0.0002729665720835328
209,0.00039442244451493025
210,-0.0005819948855787516
211,0.0001507890410721302
212,-0.00021538569126278162
213,-0.00009306229185312986
214,-0.001434498350135982
215,-0.0011880462989211082
216,0.0000336657976731658
217,0.00015555100981146097
218,0.00003329629544168711
219,0.000399105716496706
220,-0.0003333918284624815
221,-0.00021085480693727732
222,-0.00008853536564856768
223,0.00003356731031090021
224,-0.0005763184744864702
225,0.00015646067913621664
226,-0.0010634522186592221
227,0.00028000271413475275
228,0.0008893002523109317
229,0.00039985752664506435
230,-0.00033264048397541046
231,-0.0004540280206128955
232,-0.0015508942306041718
233,0.00028127478435635567
234,0.00015879992861300707
235,0.000036542536690831184
236,-0.00008549820631742477
237,-0.000573207507841289
238,0.0005254545249044895
239,0.0007684315787628293
240,-0.0003306044964119792
241,-0.0004519936628639698
242,-0.0004512048326432705
243,-0.0008163023740053177
244,0.0006486783968284726
245,0.00003770459443330765
246,-0.00008433684706687927
247,0.0008914954960346222
248,-0.00008579646237194538
249,0.0006461134180426598
250,0.0005229893140494823
251,-0.00020972604397684336
252,0.0002784784883260727
253,-0.00008791731670498848
254,0.0000341848935931921
255,0.00003410852514207363
0,0.000034032389521598816
1,0.0003998418105766177
2,0.0008869630983099341
3,0.0001535988412797451
4,-0.00009061547461897135
5,0.00027541304007172585
6,0.0001529440050944686
7,-0.00021323200780898333
8,0.0003969380632042885
9,-0.0004575190832838416
10,-0.0005786864785477519
11,0.000032133073545992374
12,0.000885792076587677
13,0.0005183150060474873
14,0.00027345132548362017
15,-0.0008247109362855554
16,-0.0005793417803943157
17,-0.00021244504023343325
18,0.0005196861457079649
19,0.0002748215338215232
20,-0.00021353294141590595
21,-0.00033513386733829975
22,0.0003972151316702366
23,0.0002745289821177721
24,0.00015206134412437677
25,0.0002737337490543723
26,-0.0014342379290610552
27,0.0003977195592597127
28,-0.00021281372755765915
29,-0.0002124535385519266
30,0.0005196778802201152
31,0.00027481350116431713
32,0.0006401926511898637
33,-0.00009273493196815252
34,-0.00021455157548189163
35,-0.00045811315067112446
36,0.00015249126590788364
37,0.0003961259499192238
38,0.000029517803341150284
39,-0.00009251560550183058
40,-0.0003362941788509488
41,0.0000301700783893466
42,-0.00021382549311965704
43,0.00015242130029946566
44,0.00003017042763531208
45,-0.0005797112826257944
46,-0.0005786992842331529
47,-0.0005776885664090514
48,0.00027705496177077293
49,-0.0003332629567012191
50,0.0002771227154880762
51,0.00015465286560356617
52,0.000032400013878941536
53,0.0006421353900805116
54,-0.000822564703412354
55,-0.0005771967116743326
56,-0.000576186808757484
57,-0.00020929251331835985
58,-0.00020893476903438568
59,-0.0004525011172518134
60,-0.0004517105408012867
61,-0.00008503533899784088
62,-0.00008489610627293587
63,-0.00008475733920931816
64,-0.0005724665243178606
65,-0.0005714604631066322
66,0.0004052391741424799
67,-0.0000833385856822133
68,0.0004046466201543808
69,-0.0002058924874290824
70,0.00016034790314733982
71,0.000038090161979198456
72,0.0008917448576539755
73,0.0007681869901716709
74,-0.00008692406117916107
75,0.00003517884761095047
76,0.00015706440899521112
77,-0.0004530377918854356
78,0.00003560108598321676
79,0.00015748641453683376
80,0.00027915521059185266
81,-0.0000872401287779212
82,0.0005227107321843505
83,0.00015588209498673677
84,-0.00045421894174069166
85,0.00003442075103521347
86,0.00027826952282339334
87,0.0001557987416163087
88,0.00015550723765045404
89,-0.0002106697065755725
90,-0.0006981578189879656
91,-0.000087122549302876
92,0.000522828078828752
93,0.0006438472773879766
94,0.000032879295758903027
95,-0.00021111860405653715
96,0.00003316509537398815
97,0.0001550527522340417
98,0.00003280013334006071
99,-0.00021119730081409216
100,-0.00021083722822368145
101,-0.0004544018302112818
102,0.00040012423414736986
103,0.0010092086158692837
104,0.000031705363653600216
105,-0.0000903295585885644
106,-0.0004560706438496709
107,-0.00033331476151943207
108,-0.0000888138310983777
109,0.00015525275375694036
110,0.00015496194828301668
111,0.0002766333054751158
112,0.00039808847941458225
113,0.000031479401513934135
114,-0.0004564407281577587
115,-0.0005776075413450599
116,-0.0005765968235209584
117,-0.00008773943409323692
118,0.000156326568685472
119,0.0005219203885644674
120,-0.00021079229190945625
121,-0.0003323943819850683
122,0.00003406743053346872
123,0.00003399304114282131
124,0.00015588023234158754
125,-0.00021029647905379534
126,-0.0003318989183753729
127,-0.0005752468714490533
128,-0.00020835234317928553
129,0.0001578910741955042
130,0.00015759840607643127
131,-0.0003305418649688363
132,0.0004018039908260107
133,0.0005230398382991552
134,0.0002781737130135298
135,0.0001557037467136979
136,-0.0005763585213571787
137,-0.00033142452593892813
138,-0.0003308492014184594
139,0.00015757337678223848
140,0.00040120480116456747
141,-0.0003312920453026891
142,-0.0003307168371975422
143,0.00027966778725385666
144,-0.0006965366192162037
145,0.00015842181164771318
146,-0.00045168085489422083
147,-0.0003289279993623495
148,-0.00008443091064691544
149,-0.0004501770017668605
150,-0.00008350156713277102
151,0.0004044844536110759
152,0.001989260665141046
153,0.0006441343575716019
154,0.000033166841603815556
155,-0.00021083059255033731
156,0.00003345392178744078
157,0.00027730350848287344
158,0.00015483517199754715
159,-0.00045526446774601936
160,0.0001553393667563796
161,-0.0003327984595671296
162,0.00015562609769403934
163,-0.00008858810178935528
164,0.0006433266680687666
165,0.00027628347743302584
166,-0.00033403164707124233
167,-0.0006993393180891871
168,0.0006434693932533264
169,-0.00033338298089802265
170,0.00015504250768572092
171,0.0000327905872836709
172,0.0006425270112231374
173,0.0002754851011559367
174,0.0002749800914898515
175,-0.0005792580777779222
176,0.00027548824436962605
177,-0.00009090278763324022
178,0.0007629762403666973
179,-0.0000921288738027215
180,0.000029979855753481388
181,-0.0002140142023563385
182,0.0007620442193001509
183,0.0006387117318809032
184,0.00002774922177195549
185,-0.0009480142034590244
186,-0.00045850046444684267
187,-0.0004577032523229718
188,0.00015290291048586369
189,-0.00009130837861448526
190,-0.0009448955534026027
191,-0.0005773465381935239
192,0.0008872074540704489
193,0.0006416934775188565
194,-0.0024085091426968575
195,-0.0005748167168349028
196,-0.0006957692094147205
197,-0.00032865838147699833
198,0.000037801219150424004
199,-0.0009379709372296929
200,0.0001613436033949256
201,0.000039086444303393364
202,0.000039008562453091145
203,0.00016089249402284622
204,0.0000386358005926013
205,-0.0002053652424365282
206,-0.0003269712906330824
207,-0.0006922846660017967
208,-0.00008125300519168377
209,-0.0002030775649473071
210,-0.0006905707996338606
211,0.00004242092836648226
212,-0.0004455074667930603
213,0.000043126288801431656
214,-0.00007891713175922632
215,0.0000431800726801157
216,-0.00007886323146522045
217,-0.00020069011952728033
218,0.0002875096397474408
219,-0.00044477719347923994
220,-0.0004439917393028736
221,-0.0005651686806231737
222,0.00004564190749078989
223,0.0005334055749699473
224,0.00028853118419647217
225,-0.0003217944176867604
226,-0.00007730291690677404
227,-0.00007716869004070759
228,0.00016688881441950798
229,0.00004462699871510267
230,0.00041042990051209927
231,0.0005316587630659342
232,0.00028678623493760824
233,-0.00032353796996176243
234,-0.000444930512458086
235,-0.00020022084936499596
236,-0.00032183120492845774
237,-0.00019930151756852865
238,0.0007767445640638471
239,-0.0008101435378193855
240,0.0005328725092113018
241,-0.00019984878599643707
242,0.00004442653153091669
243,0.00041022920049726963
244,0.00028753478545695543
245,-0.0005667137447744608
246,-0.0006876734551042318
247,-0.00032056926283985376
248,-0.00007607857696712017
249,-0.00007594574708491564
250,-0.00007581280078738928
251,0.00004628149326890707
252,0.00029012118466198444
253,0.0006554893916472793
254,0.00028843642212450504
255,-0.0005658130394294858
0,-0.00007696379907429218
1,-0.000808601500466466
2,-0.0003193200100213289
3,-0.00019679206889122725
4,0.0005353278247639537
5,-0.0006852434016764164
6,0.0004136298084631562
7,0.00004700850695371628
8,-0.00019700010307133198
9,0.0005351200234144926
10,0.0002902442356571555
11,0.0005336503963917494
12,-0.0005649576196447015
13,-0.0005639564478769898
14,-0.00019707088358700275
15,-0.00019672221969813108
16,0.0005353977903723717
17,0.000046598026528954506
18,-0.00019741011783480644
19,-0.0001970611046999693
20,-0.0011724072974175215
21,-0.00007266772445291281
22,0.0002933478681370616
23,-0.00031698227394372225
24,0.000049467431381344795
25,-0.00019454350695014
26,-0.00007223489228636026
27,0.00017181853763759136
28,-0.00019437132868915796
29,-0.00019402476027607918
30,-0.0005595643306151032
31,-0.0009244540706276894
32,-0.00019103719387203455
33,-0.00019069353584200144
34,0.00041945907287299633
35,-0.00006912939716130495
36,-0.00006900273729115725
37,-0.00031279982067644596
38,-0.0004342016763985157
39,-0.00018950167577713728
40,0.0004206497687846422
41,-0.00031186314299702644
42,0.00017654336988925934
43,-0.0006774981738999486
44,-0.00031040352769196033
45,0.0005438880762085319
46,0.0007868517423048615
47,0.00041957374196499586
48,0.000052946736104786396
49,-0.00019106687977910042
50,-0.0005566091276705265
51,-0.00006776850204914808
52,0.00017628108616918325
53,0.00017597281839698553
54,0.00005370308645069599
55,0.00029753614217042923
56,0.0007848592940717936
57,0.00005169748328626156
58,0.0006614176090806723
59,0.00005043565761297941
60,-0.00019357621204108
61,0.0001726549817249179
62,0.00029431201983243227
63,0.00017182878218591213
64,-0.00007239915430545807
65,-0.00007226958405226469
66,0.0004157073562964797
67,0.0002930078189820051
68,0.00004856404848396778
69,0.000048477668315172195
70,0.00004839140456169844
71,0.0004141908138990402
72,0.0002914929063990712
73,-0.0003188358386978507
74,-0.00044023210648447275
75,0.00017035880591720343
76,0.00029201782308518887
77,0.0002914984943345189
78,-0.00019686808809638023
79,0.00004740443546324968
80,0.000047318870201706886
81,-0.00044061371590942144
82,0.00004801573231816292
83,0.0001698918640613556
84,0.00016958941705524921
85,0.0004132109461352229
86,-0.0000753720523789525
87,0.00016868405509740114
88,-0.00031946483068168163
89,-0.0004408610984683037
90,-0.0004400789039209485
91,-0.00007341185119003057
92,0.0007804520428180695
93,0.0004131793975830078
94,-0.0000754036009311676
95,0.00004669057670980692
96,-0.00019731756765395403
97,0.0007787261856719851
98,-0.0004422778729349375
99,0.000046353088691830635
100,0.0001682305010035634
101,-0.0005638415459543467
102,0.00029089138843119144
103,-0.000441398355178535
104,0.00016919372137635946
105,0.0007787012727931142
106,-0.00019837915897369385
107,0.0002898183884099126
108,0.00016733910888433456
109,-0.00032080861274152994
110,-0.0003202413208782673
111,0.00016817264258861542
112,0.0007776812417432666
113,-0.00044332188554108143
114,-0.0001986140850931406
115,0.000045659951865673065
116,0.0008993096416816115
117,0.0006537849549204111
118,-0.0002011139877140522
119,-0.0006886093178763986
120,0.00041026691906154156
121,-0.00020027521532028913
122,-0.0003218855708837509
123,-0.00007739383727312088
124,-0.00032118347007781267
125,-0.00019865413196384907
126,0.0005334675079211593
127,0.00016663107089698315
128,-0.00007759197615087032
129,-0.00019941944628953934
130,-0.000564954592846334
131,-0.0009298390941694379
132,-0.0000744557473808527
133,-0.0008060956606641412
134,-0.00043877819553017616
135,0.00004984973929822445
136,0.0007815338904038072
137,0.0005362221272662282
138,0.00029134564101696014
139,0.0005347505211830139
140,-0.00044189614709466696
141,-0.00044111290480941534
142,-0.00007444503717124462
143,0.0002915723016485572
144,-0.0004407180240377784
145,-0.0008058216189965606
146,0.0006591527489945292
147,0.00017013470642268658
148,-0.00007409160025417805
149,0.0002919251564890146
150,-0.00007447961252182722
151,-0.0005621958989650011
152,-0.00031727354507893324
153,-0.00043867132626473904
154,0.0005378038622438908
155,0.0005368497222661972
156,0.000535896047949791
157,0.000534943537786603
158,0.00004614389035850763
159,-0.0005637496942654252
160,-0.00044078787323087454
161,0.0006576513405889273
162,0.00016863469500094652
163,0.00004637124948203564
164,0.0004121727542951703
165,-0.0005642566829919815
166,0.00004655309021472931
167,0.0006562781054526567
168,-0.0003205849789083004
169,-0.00032001803629100323
170,-0.0006853372324258089
171,-0.00031823560129851103
172,-0.0003176706377416849
173,-0.00019514421001076698
174,0.0002930505434051156
175,0.00004860654007643461
176,-0.00007344153709709644
177,0.00017061270773410797
178,0.00004834809806197882
179,0.000048261950723826885
180,-0.000805557006970048
181,-0.0006821638671681285
182,-0.00007114093750715256
183,0.00005094963125884533
184,0.00005086115561425686
185,0.00005077302921563387
186,0.0006604943191632628
187,0.00017147522885352373
188,0.00004920933861285448
189,-0.00043872464448213577
190,-0.0005599065916612744
191,0.00005089945625513792
192,0.0006606206297874451
193,-0.00007232266943901777
194,-0.0005600405856966972
195,0.00005076534580439329
196,0.0009044106118381023
197,-0.0000728898448869586
198,-0.00007275980897247791
199,-0.00007262977305799723
200,-0.00007249985355883837
201,0.0005374392494559288
202,0.0004145235288888216
203,-0.00007406086660921574
204,-0.00007392943371087313
205,-0.00031772220972925425
206,-0.00019519589841365814
207,0.00017103692516684532
208,0.000658581149764359
209,-0.00019632233306765556
210,-0.0000740123214200139
211,-0.00043976667802780867
212,0.0007806331850588322
213,-0.0006842961302027106
214,0.00004869024269282818
215,0.0001705661416053772
216,0.0006581105990335345
217,0.00016909337136894464
218,-0.00007513177115470171
219,0.00004696182440966368
220,0.0001688390038907528
221,0.00041246158070862293
222,-0.00019808264914900064
223,-0.0004416565643623471
224,-0.0005628357175737619
225,0.000291896634735167
226,0.0009011868387460709
227,0.0012654704041779041
228,0.0002875237260013819
229,-0.0006886865012347698
230,-0.0008094293298199773
231,-0.00044210872147232294
232,0.0005343696102499962
233,-0.00007639103569090366
234,0.0006555134896188974
235,-0.0008091964991763234
236,-0.00019795226398855448
237,0.0007780924206599593
238,0.00016689824406057596
239,0.00004463666118681431
240,0.00016651616897433996
241,-0.00007770699448883533
242,-0.0019070010166615248
243,-0.00031811080407351255
244,-0.00043950823601335287
245,-0.00007284095045179129
246,0.0005370980361476541
247,0.0009020305005833507
248,-0.00019723002333194017
249,-0.0008066900772973895
250,-0.00031741010025143623
251,-0.0004388081142678857
252,0.000293743796646595
253,-0.0001946242991834879
254,-0.00019427796360105276
255,0.0001719543943181634
0,0.00004968827124685049
1,-0.00019432243425399065
2,-0.0016575190238654613
3,-0.00019102892838418484
4,0.00005323824007064104
5,0.00029707164503633976
6,0.0005404717521741986
7,0.0002955914242193103
8,-0.00007081660442054272
9,-0.00043657422065734863
10,0.0005398994544520974
11,0.00041698117274791
12,0.00017231889069080353
13,0.0002939762780442834
14,-0.00043831602670252323
15,-0.0011693076230585575
16,-0.0005574180977419019
17,0.00041927106212824583
18,0.0000526446383446455
19,0.0005404028343036771
20,0.0010272932704538107
21,0.00041566125582903624
22,-0.00019488588441163301
23,0.0000493848929181695
24,-0.000072664231993258
25,0.000049427966587245464
26,0.00017130293417721987
27,0.00017099932301789522
28,-0.0006830376805737615
29,-0.00019397551659494638
30,0.000660103396512568
31,-0.00007283908780664206
32,0.00017121457494795322
33,-0.00031693640630692244
34,0.0000495128333568573
35,0.0001713878009468317
36,0.0001710839569568634
37,-0.00043902883771806955
38,-0.0005602099699899554
39,-0.00031528971157968044
40,-0.00019276561215519905
41,0.0005393507890403271
42,0.00005054741632193327
43,0.0004163449630141258
44,0.00017168326303362846
45,0.00004941737279295921
46,0.00029325427021831274
47,-0.0005609994987025857
48,-0.0006819639820605516
49,0.00017298245802521706
50,-0.00007124652620404959
51,0.000416729599237442
52,-0.00019381812307983637
53,0.00017241318710148335
54,-0.000559662701562047
55,-0.0005586665356531739
56,-0.0008015951607376337
57,-0.0006782052805647254
58,-0.0005550336791202426
59,-0.00006619410123676062
60,0.000665701343677938
61,0.00005471531767398119
62,-0.000311262090690434
63,-0.00043266499415040016
64,-0.00030992866959422827
65,0.00042240030597895384
66,-0.0009199241176247597
67,-0.00030847336165606976
68,-0.00006399350240826607
69,-0.0005517189856618643
70,0.00018104142509400845
71,0.0003026910126209259
72,-0.00018568546511232853
73,0.00005857681389898062
74,-0.0001854420406743884
75,0.00005881977267563343
76,-0.00030716112814843655
77,-0.0006724920822307467
78,-0.00018343981355428696
79,0.000060820719227194786
80,-0.00006123865023255348
81,0.000304766814224422
82,-0.00042753538582473993
83,-0.00030480348505079746
84,-0.00018228881526738405
85,-0.000181953189894557
86,0.00018426752649247646
87,0.0003059140872210264
88,-0.0011581607395783067
89,-0.00005843385588377714
90,0.00042953051161020994
91,0.0007946661207824945
92,0.00042738078627735376
93,-0.00030513887759298086
94,-0.0000606621615588665
95,-0.0007923145312815905
96,0.00030676182359457016
97,-0.0005475042853504419
98,-0.000302595435641706
99,-0.00018008286133408546
100,0.0005520216654986143
101,0.0003071306273341179
102,-0.0005471358308568597
103,-0.0010339987929910421
104,0.0000655089970678091
105,-0.00017851649317890406
106,0.000797510496340692
107,0.0006741463439539075
108,0.0003070761449635029
109,0.00042850489262491465
110,0.000549717340618372
111,0.0005487515591084957
112,-0.000305945985019207
113,0.00018245505634695292
114,0.000060178921557962894
115,-0.00006187998224049807
116,0.00018216355238109827
117,-0.0005499215330928564
118,-0.0007928585400804877
119,0.00006229407154023647
120,0.0004280811408534646
121,-0.000060515827499330044
122,-0.00018235913012176752
123,-0.00006006215699017048
124,-0.0007917153416201472
125,-0.0005463731940835714
126,0.00006441993173211813
127,-0.0004235286032781005
128,-0.00030080031137913465
129,-0.0004222139250487089
130,-0.000055563170462846756
131,0.00031043647322803736
132,-0.0000559856416657567
133,-0.0002997948322445154
134,-0.0006651328876614571
135,-0.0005419736262410879
136,0.00006881542503833771
137,0.00006871041841804981
138,0.00006860564462840557
139,-0.00005346117541193962
140,0.0008003842085599899
141,-0.00005475431680679321
142,-0.0004205269506201148
143,0.00019004580099135637
144,-0.000298122875392437
145,-0.000053653260692954063
146,0.00031234475318342447
147,-0.000054079340770840645
148,-0.0002978907432407141
149,-0.0002973449882119894
150,-0.000052875722758471966
151,-0.000052764429710805416
152,0.0003132326528429985
153,-0.0004190782783553004
154,0.00019149330910295248
155,0.0000692086759954691
156,0.0005569505738094449
157,-0.00029775488656014204
158,0.000678485375829041
159,-0.00042036024387925863
160,0.0008000213420018554
161,0.0009205781389027834
162,0.000796995242126286
163,-0.00005814060568809509
164,0.00018589920364320278
165,-0.000058342469856143
166,0.0037225920241326094
167,0.00017909402959048748
168,-0.0000651415903121233
169,0.0004228276666253805
170,0.00030012126080691814
171,0.000787440687417984
172,-0.00006768677849322557
173,0.0004202849231660366
174,0.000053656636737287045
175,-0.00006839737761765718
176,0.00041957502253353596
177,-0.0011666719801723957
178,-0.00018890073988586664
179,0.000055363401770591736
180,0.00029919377993792295
181,0.00042062881402671337
182,-0.00043384789023548365
183,-0.0001891495194286108
184,-0.00031077058520168066
185,0.00005567166954278946
186,-0.00018834567163139582
187,0.000299841514788568
188,-0.00006657186895608902
189,0.00005551334470510483
190,-0.00006654229946434498
191,0.00005554279778152704
192,-0.00043239828664809465
193,-0.0005535872187465429
194,-0.0009184831287711859
195,0.00030277413316071033
196,0.00005832023452967405
197,0.00018018600530922413
198,-0.00030797452200204134
199,-0.0004293820820748806
200,0.0001811981201171875
201,-0.0004289251519367099
202,0.0001816545845940709
203,0.0003033021930605173
204,0.00018080964218825102
205,0.000058533973060548306
206,0.00018039962742477655
207,-0.0007956087356433272
208,-0.00006241630762815475
209,0.0003035888075828552
210,0.001156790996901691
211,0.0004229719052091241
212,-0.0003095449646934867
213,-0.0003089891979470849
214,0.00017941358964890242
215,-0.00043070840183645487
216,-0.00006405101157724857
217,-0.000795701751485467
218,-0.000672318390570581
219,-0.00042719184421002865
220,0.0004273101221770048
221,0.0007924464298412204
222,0.00018123816698789597
223,0.000058962032198905945
224,-0.0006729060551151633
225,-0.0004277790430933237
226,0.0005486853187903762
227,0.00018183374777436256
228,0.0009132908890023828
229,0.0001799045130610466
230,0.0007894012378528714
231,0.00017819530330598354
232,-0.00006603961810469627
233,-0.00006591726560145617
234,0.0005440142704173923
235,-0.0006765660364180803
236,0.000056412070989608765
237,-0.000553492340259254
238,-0.00006465543992817402
239,0.00005742744542658329
240,0.00017929368186742067
241,0.000057019409723579884
242,-0.0006748471641913056
243,-0.00018579442985355854
244,-0.000429381150752306
245,0.00018119823653250933
246,0.0006687322165817022
247,-0.000795991625636816
248,-0.0003067225916311145
249,-0.0006720555247738957
250,0.0001828803215175867
251,0.00018256483599543571
252,0.000060287537053227425
253,-0.0004276583204045892
254,-0.0003049277001991868
255,-0.0006702621467411518
0,0.00018467206973582506
1,0.00018435483798384666
2,-0.00030380976386368275
3,-0.001035030698403716
4,0.00006447627674788237
5,0.0003082981565967202
6,-0.000180085189640522
7,0.00006417091935873032
8,-0.0003018169663846493
9,0.00201600743457675
10,-0.00030483852606266737
11,-0.0007921353681012988
12,0.00006301584653556347
13,-0.001034742221236229
14,0.00018672645092010498
15,0.0003083692863583565
16,0.0001858716132119298
17,-0.0006681800587102771
18,-0.00030109542421996593
19,-0.00017858576029539108
20,-0.00005629367660731077
21,0.00030970561783760786
22,0.00006524485070258379
23,0.0001871038693934679
24,0.0003087457735091448
25,0.00018624786753207445
26,0.00006396719254553318
27,0.00018582690972834826
28,-0.0003023390891030431
29,-0.00005786656402051449
30,0.0004300955915823579
31,-0.0009122375631704926
32,-0.0005447195144370198
33,-0.00042177666909992695
34,0.0005546814063563943
35,0.0007976336637511849
36,-0.00017946551088243723
37,0.000064789317548275
38,0.00030861026607453823
39,-0.0005456593353301287
40,-0.0003007537452504039
41,0.00030960270669311285
42,-0.000544667593203485
43,0.00031004624906927347
44,0.0003095087595283985
45,0.0006748572923243046
46,0.00006386125460267067
47,0.00018572097178548574
48,-0.0005463690031319857
49,-0.00005753955338150263
50,0.0004304223693907261
51,-0.00042406399734318256
52,-0.000301336869597435
53,-0.000056865857914090157
54,0.00043109559919685125
55,0.00018641783390194178
56,-0.00017978681717067957
57,0.00006446789484471083
58,-0.0003015204565599561
59,0.00030883646104484797
60,-0.00017954758368432522
61,-0.000057254801504313946
62,0.0001867826795205474
63,0.000552348792552948
64,-0.00005843059625476599
65,-0.0005461635300889611
66,-0.00042321986984461546
67,-0.00030049390625208616
68,-0.0002999473363161087
69,-0.000543324975296855
70,-0.0001764602493494749
71,-0.00042005558498203754
72,-0.0004192946944385767
73,-0.00029657245613634586
74,0.0005577040137723088
75,0.0005567293846979737
76,0.0005557555705308914
77,-0.0007867980748414993
78,-0.0011512718629091978
79,-0.0002954774536192417
80,-0.00041689735371619463
81,-0.00041613937355577946
82,0.000316389836370945
83,-0.00017200142610818148
84,0.0000722463009878993
85,0.00031606003176420927
86,0.00019355479162186384
87,-0.00029461889062076807
88,-0.00041603948920965195
89,-0.000659206067211926
90,-0.00029213016387075186
91,-0.0009014009265229106
92,0.0001978784566745162
93,0.00044147204607725143
94,0.0008065943839028478
95,0.00007341033779084682
96,-0.000658472185023129
97,-0.0009012067457661033
98,-0.0001678133849054575
99,0.00007643026765435934
100,0.00032023992389440536
101,0.0006855783285573125
102,-0.0004132756730541587
103,0.00007532630115747452
104,0.00031913723796606064
105,0.00007466692477464676
106,-0.0005352548323571682
107,-0.0001683977898210287
108,0.00007584597915410995
109,0.00044161826372146606
110,0.0006847783224657178
111,0.00019573408644646406
112,0.00019540556240826845
113,-0.0004147319123148918
114,-0.00004809058737009764
115,0.00007397588342428207
116,-0.000779869151301682
117,0.00019723107106983662
118,0.00007493933662772179
119,-0.00041302095633000135
120,-0.0004122670507058501
121,-0.00016758975107222795
122,0.00007665343582630157
123,0.00032046250998973846
124,0.00044187670573592186
125,-0.000412620953284204
126,-0.0006557911401614547
127,0.00007716682739555836
128,0.0003209752030670643
129,0.0004423889331519604
130,0.0005635858979076147
131,0.00031868135556578636
132,-0.00004775065463036299
133,-0.0004135323688387871
134,-0.000046892440877854824
135,0.00007517286576330662
136,0.00019702129065990448
137,-0.0000472324900329113
138,0.0000748330494388938
139,-0.00029116589576005936
140,0.00019721896387636662
141,-0.0006568448152393103
142,-0.00041173386853188276
143,-0.000654904986731708
144,0.00007805158384144306
145,0.0004438209580257535
146,0.00044305482879281044
147,0.00019836530555039644
148,0.0001980336382985115
149,0.0003196647157892585
150,-0.000046768924221396446
151,-0.0011443229159340262
152,-0.00016657414380460978
153,0.00019962922669947147
154,0.0006871442310512066
155,0.0005639826413244009
156,0.0001971155870705843
157,0.0004407085943967104
158,-0.0006577123422175646
159,-0.0005345626268535852
160,0.00019817834254354239
161,-0.000046076951548457146
162,-0.0002898984821513295
163,0.0000765225850045681
164,0.0005642551695927978
165,-0.00029046041890978813
166,-0.0002899239771068096
167,-0.0008991981158033013
168,-0.00016580813098698854
169,-0.0002874530619010329
170,0.0002009277231991291
171,-0.00004333036486059427
172,0.000200693029910326
173,0.00007839722093194723
174,0.00044416566379368305
175,0.00007751269731670618
176,-0.0004104507388547063
177,-0.00016577658243477345
178,-0.00016545993275940418
179,0.0003227040870115161
180,0.0004441149067133665
181,0.00007746205665171146
182,-0.0026058158837258816
183,0.0005698456661775708
184,0.0005688581150025129
185,0.00032394775189459324
186,-0.0002864139387384057
187,-0.0002858818043023348
188,-0.0006512360414490104
189,-0.00016220728866755962
190,0.0004479156341403723
191,-0.0005285508232191205
192,0.00020418467465788126
193,-0.0005279246252030134
194,-0.00016107549890875816
195,0.0003270840970799327
196,0.00032652891241014004
197,0.0005698980530723929
198,-0.0004067848203703761
199,0.000081809819675982
200,0.00008168909698724747
201,-0.00004039320629090071
202,0.00008166499901562929
203,0.0006913540419191122
204,-0.0005294692236930132
205,0.000813076039776206
206,0.0003238075878471136
207,0.0004452170105651021
208,-0.00028732314240187407
209,-0.0011405239347368479
210,-0.00016277993563562632
211,-0.0006503142649307847
212,-0.00003932463005185127
213,0.0006925417110323906
214,0.0006913363467901945
215,0.0005681698676198721
216,0.00007933576125651598
217,0.0005670646205544472
218,0.0003221551887691021
219,0.0005655275890603662
220,0.0008084671571850777
221,-0.0005345307290554047
222,0.00019820919260382652
223,0.00044180010445415974
224,0.000562995788641274
225,0.00044005177915096283
226,-0.00004856032319366932
227,-0.000414342968724668
228,-0.00016966601833701134
229,0.0003185009118169546
230,0.0004399141762405634
231,0.00043914990965276957
232,-0.00004946161061525345
233,0.0001945659751072526
234,-0.000049687689170241356
235,0.00007237819954752922
236,-0.0010253915097564459
237,-0.0007796302670612931
238,-0.0005343033699318767
239,0.00019843585323542356
240,0.00007614039350301027
241,-0.0002898613456636667
242,0.00032048195134848356
243,0.0003199318889528513
244,0.000807229895144701
245,0.00007404200732707977
246,0.00019588961731642485
247,0.00019555841572582722
248,-0.001512239221483469
249,0.00031989323906600475
250,0.000685228849761188
251,-0.0001697038533166051
252,0.0005623860051855445
253,0.00019551836885511875
254,0.00031714956276118755
255,0.0004385638749226928
0,-0.0015135901048779488
1,-0.0005351898726075888
2,-0.0004122599493712187
3,-0.00041150872129946947
4,0.0003210128052160144
5,-0.000167385907843709
6,0.0004427400417625904
7,0.0004419725155457854
8,0.0003192438744008541
9,0.00019673246424645185
10,0.00007443828508257866
11,-0.00016960047651082277
12,-0.000901053543202579
13,-0.00028962548822164536
14,-0.00004516832996159792
15,-0.0004109547007828951
16,-0.0004102053353562951
17,-0.00004357052966952324
18,0.0006882986053824425
19,0.0005651341052725911
20,-0.00004566041752696037
21,0.00019836309365928173
22,0.0005639150040224195
23,-0.00016884040087461472
24,0.00007540115620940924
25,-0.00016863911878317595
26,0.00007560185622423887
27,0.0005633331602439284
28,0.00007450208067893982
29,0.00044027226977050304
30,0.00019558263011276722
31,0.00019525119569152594
32,-0.0006588133983314037
33,-0.000413703266531229
34,0.00044078147038817406
35,-0.00004783214535564184
36,0.00007423106580972672
37,-0.00016980816144496202
38,0.0005622814642265439
39,0.00019541289657354355
40,0.0003170433919876814
41,-0.00004939024802297354
42,0.00007267424371093512
43,0.00031648389995098114
44,0.00007201277185231447
45,-0.0012696818448603153
46,-0.000535639701411128
47,-0.00004682410508394241
48,0.0003191621508449316
49,0.00044057401828467846
50,0.00031784584280103445
51,-0.00004858884494751692
52,-0.0005363343516364694
53,0.00019640557002276182
54,0.0000741112744435668
55,-0.0000479663722217083
56,0.0005619442090392113
57,-0.00004884751979261637
58,0.0003171399002894759
59,-0.0002932178322225809
60,-0.0005366055993363261
61,0.0001961344387382269
62,-0.000048121786676347256
63,0.00007394165731966496
64,0.0003177495673298836
65,0.0003172007855027914
66,0.00031665212009102106
67,-0.00017174333333969116
68,-0.0006592714926227927
69,-0.000048276036977767944
70,-0.0005360221257433295
71,-0.002608406008221209
72,-0.000042554340325295925
73,0.00007950363215059042
74,0.00007938302587717772
75,-0.000042699393816292286
76,0.0003232829039916396
77,0.0005666522774845362
78,0.0008095891680568457
79,0.001174054923467338
80,0.0003182532964274287
81,0.00019574130419641733
82,-0.00004851468838751316
83,0.00043943431228399277
84,0.00019474467262625694
85,-0.00017147243488579988
86,-0.00041507743299007416
87,-0.00029236346017569304
88,-0.000047904904931783676
89,0.0006839670240879059
90,-0.00004900421481579542
91,0.00007305946201086044
92,-0.00029294146224856377
93,0.00007347948849201202
94,0.0004392495611682534
95,0.00043848378118127584
96,0.0005596805131062865
97,0.0003147756215184927
98,0.0010460001649335027
99,-0.00005350378341972828
100,-0.0009071313543245196
101,-0.0001737372949719429
102,-0.0000514547573402524
103,0.00007061101496219635
104,0.0010461928322911263
105,0.0001906125107780099
106,-0.0005414871266111732
107,-0.00029659050051122904
108,0.00019179517403244972
109,0.00019146606791764498
110,0.00006917491555213928
111,-0.000174860586412251
112,0.00019134662579745054
113,-0.00005290587432682514
114,-0.0005406487034633756
115,-0.0006616389146074653
116,-0.0005384894320741296
117,-0.00004967185668647289
118,0.0004382774932309985
119,0.00007162685506045818
120,0.0000715124187991023
121,0.00019336037803441286
122,-0.0004167800070717931
123,0.0001937828492373228
124,-0.000050472328439354897
125,-0.0005382172530516982
126,0.0000725617865100503
127,-0.0002934391377493739
128,0.00031690543983131647
129,0.0003163565415889025
130,0.00007188448216766119
131,0.000071769580245018
132,-0.000660116202197969
133,-0.0005369680002331734
134,-0.000048152520321309566
135,-0.00004805182106792927
136,0.00007401034235954285
137,0.0000738934613764286
138,0.0008055485086515546
139,-0.00017156347166746855
140,-0.0005371306324377656
141,-0.00017027684953063726
142,-0.00029192131478339434
143,-0.00016942585352808237
144,0.00019677623640745878
145,0.000562327797524631
146,-0.0004143511177971959
147,-0.0006575245643034577
148,-0.00004653132054954767
149,-0.00029035634361207485
150,-0.003094947780482471
151,0.00020354019943624735
152,-0.00004072359297424555
153,0.00020329339895397425
154,-0.0001629319740459323
155,-0.00004065968096256256
156,-0.000040566432289779186
157,0.00020345102529972792
158,0.000690957996994257
159,-0.002603219705633819
160,-0.0008911071345210075
161,-0.0008894994389265776
162,-0.0002780838403850794
163,0.00045420858077704906
164,0.0003314667847007513
165,-0.00003498140722513199
166,0.00045295432209968567
167,0.0005741372006013989
168,0.0005731424316763878
169,0.0005721483612433076
170,0.0009370406623929739
171,-0.00016225886065512896
172,-0.00003998749889433384
173,0.000204028794541955
174,0.0006915350677445531
175,-0.0001634056679904461
176,-0.00016309518832713366
177,0.00008113868534564972
178,-0.00016290857456624508
179,-0.00004063697997480631
180,-0.0006503533804789186
181,-0.00016132928431034088
182,-0.000039058737456798553
183,0.000204956391826272
184,0.0004485381068661809
185,0.00008187710773199797
186,-0.00028413301333785057
187,0.0006920881569385529
188,0.0003249938599765301
189,0.0004463987424969673
190,-0.000530070043168962
191,-0.00028518529143184423
192,-0.000406620092689991
193,0.00044785579666495323
194,-0.000040766200982034206
195,-0.0007724451133981347
196,-0.0006490899249911308
197,-0.00003810529597103596
198,-0.00003801507409662008
199,0.00020599912386387587
200,0.0003276175120845437
201,-0.00003882788587361574
202,-0.00016069889534264803
203,0.0003274561604484916
204,0.00008297280874103308
205,-0.00028303859289735556
206,0.00008337164763361216
207,-0.00016067817341536283
208,-0.00003840913996100426
209,0.00044952938333153725
210,-0.000648904824629426
211,-0.0001598823582753539
212,-0.00040349934715777636
213,-0.0002807978307828307
214,0.0004514962201938033
215,-0.00028105394449084997
216,0.00032927829306572676
217,-0.00015913078095763922
218,0.0008168702479451895
219,0.00044955615885555744
220,-0.00016103021334856749
221,0.0004490866558626294
222,-0.00040542276110500097
223,-0.00040468189399689436
224,-0.000038055237382650375
225,0.00020595802925527096
226,0.0003275764174759388
227,0.00008309236727654934
228,0.00044885161332786083
229,0.0006919988663867116
230,0.00008098047692328691
231,0.0003247795393690467
232,-0.00040754966903477907
233,0.00020300294272601604
234,-0.000041262246668338776
235,-0.0004070552531629801
236,-0.00016238901298493147
237,-0.00028404255863279104
238,0.00032629177439957857
239,0.000325732515193522
240,-0.00004071206785738468
241,-0.00004062021616846323
242,0.00020339526236057281
243,0.00008109130430966616
244,0.00020292866975069046
245,-0.0007731079822406173
246,0.00008201820310205221
247,-0.0007718410342931747
248,0.0002052459167316556
249,0.00044882623478770256
250,-0.00016176013741642237
251,0.00008247129153460264
252,-0.00003961683250963688
253,0.00032635952811688185
254,0.00044776173308491707
255,0.0005689477548003197
0,-0.00004185375291854143
1,-0.00028568494599312544
2,-0.000041235354728996754
3,-0.00028506689704954624
4,-0.00040650356095284224
5,-0.0001618380192667246
6,0.0006922027096152306
7,-0.00016274070367217064
8,0.00008149154018610716
9,-0.00040648155845701694
10,-0.0005277020391076803
11,-0.00028282077983021736
12,0.00032751215621829033
13,-0.00028285838197916746
14,0.00008355081081390381
15,-0.000404424499720335
16,-0.0001597608206793666
17,0.00008446816354990005
18,0.0006941494066268206
19,-0.0004047197289764881
20,0.0004497534828260541
21,-0.0001608340535312891
22,-0.00016052788123488426
23,0.0006935113342478871
24,-0.0002833952894434333
25,-0.00016090983990579844
26,-0.0005264891078695655
27,-0.000037685385905206203
28,0.00008436490315943956
29,-0.00040361087303608656
30,0.0006947846850380301
31,0.00032768608070909977
32,0.00008320098277181387
33,0.00020503520499914885
34,-0.00064904207829386
35,-0.00028198305517435074
36,-0.00015949911903589964
37,-0.00015919411089271307
38,0.00008503417484462261
39,0.00008490483742207289
40,0.0003286997089162469
41,-0.0005255962023511529
42,0.0000851685181260109
43,-0.00015888491179794073
44,-0.0006464283214882016
45,-0.00015740981325507164
46,0.0003307405859231949
47,0.0003301762044429779
48,0.00032961193937808275
49,-0.00003683706745505333
50,0.00008521205745637417
51,0.00008508237078785896
52,-0.000037008896470069885
53,0.0008168114582076669
54,0.00020557211246341467
55,-0.0005265442887321115
56,-0.00028166465926915407
57,0.00020670413505285978
58,0.00008439621888101101
59,0.0002062291605398059
60,0.0003278452204540372
61,0.00032728316728025675
62,-0.00016112602315843105
63,-0.000282782013528049
64,-0.00016029796097427607
65,0.00044981634709984064
66,0.00008315162267535925
67,-0.00028286222368478775
68,-0.00016037782188504934
69,-0.0007698823465034366
70,-0.00003672263119369745
71,0.00008532602805644274
72,0.0006950055249035358
73,0.00008398236241191626
74,-0.00016007048543542624
75,-0.00015976571012288332
76,-0.0005253471899777651
77,0.0017928830347955227
78,0.0004481375217437744
79,-0.0001624496653676033
80,-0.00004018086474388838
81,-0.00016205350402742624
82,0.0002041385741904378
83,0.0006916418205946684
84,0.0005684690549969673
85,-0.0002862573601305485
86,-0.0002857322106137872
87,-0.0006510937819257379
88,0.0003257758216932416
89,0.00020325323566794395
90,0.00032487150747328997
91,-0.00004157423973083496
92,0.00008047826122492552
93,0.0006901618326082826
94,-0.001628324156627059
95,-0.0001618717797100544
96,-0.00003960425965487957
97,-0.0006493247346952558
98,0.00008361914660781622
99,0.000571337528526783
100,0.00020445592235773802
101,0.00044803484342992306
102,0.0004472570726647973
103,0.0005684414645656943
104,-0.00016432336997240782
105,0.00007990864105522633
106,-0.00016414106357842684
107,-0.00028579530771821737
108,-0.0002852710895240307
109,-0.000040823593735694885
110,-0.00016269565094262362
111,0.00008153426460921764
112,0.0008131784852594137
113,0.00020194100216031075
114,-0.0008960587438195944
115,-0.0022360309958457947
116,-0.0005245738429948688
117,-0.0000357732642441988
118,0.00033019762486219406
119,0.00020767038222402334
120,-0.00015856313984841108
121,-0.00015826057642698288
122,0.0006957750301808119
123,-0.0015007543843239546
124,-0.0007662958232685924
125,-0.00039902585558593273
126,-0.0005202547181397676
127,0.0005783512024208903
128,0.0000895010307431221
129,-0.00039848126471042633
130,-0.0001538252690806985
131,0.0004562824033200741
132,0.0008213823894038796
133,0.00033209926914423704
134,-0.0004002393689006567
135,-0.0008873529732227325
136,-0.0007637912640348077
137,-0.00039652339182794094
138,0.00009205436799675226
139,-0.00015200674533843994
140,0.00009221339132636786
141,-0.00039577146526426077
142,0.0005806531989946961
143,0.00045768648851662874
144,0.00009101326577365398
145,0.0004567626165226102
146,0.00009009009227156639
147,0.0006997641175985336
148,-0.00003322656266391277
149,-0.00003314437344670296
150,0.0004547853022813797
151,-0.00027777114883065224
152,0.0005764785455539823
153,0.0006974386051297188
154,-0.00040143553633242846
155,0.0003310700412839651
156,-0.00027930596843361855
157,0.0005749446572735906
158,-0.0004017507890239358
159,-0.0002790541620925069
160,0.00008734851144254208
161,0.00045310077257454395
162,0.00045231718104332685
163,0.0005734958685934544
164,-0.00040319841355085373
165,-0.0002805005060508847
166,0.00020786537788808346
167,0.00020751624833792448
168,0.0003291293978691101
169,0.0003285639686509967
170,0.0005719230975955725
171,-0.0005267317174002528
172,-0.000037930323742330074
173,0.0003280413802713156
174,0.00044943857938051224
175,0.00008277245797216892
176,-0.00016128120478242636
177,-0.0001609771279618144
178,0.00032717385329306126
179,-0.0006490849191322923
180,-0.00003810471389442682
181,0.0004498286871239543
182,0.0000831622164696455
183,0.0006928413640707731
184,-0.00016210577450692654
185,0.0003260463709011674
186,-0.00028432602994143963
187,-0.00016184255946427584
188,0.00020434707403182983
189,-0.0001618847018107772
190,0.00032626709435135126
191,0.0006915894336998463
192,0.0010562625247985125
193,0.0000787052558735013
194,-0.0006531922845169902
195,-0.00016417086590081453
196,-0.00016386457718908787
197,-0.000041596824303269386
198,0.00008045381400734186
199,-0.00004163605626672506
200,-0.0007733183447271585
201,0.00020376581232994795
202,0.000081458012573421
203,-0.00016259495168924332
204,0.00008163368329405785
205,-0.00016241928096860647
206,-0.00040603848174214363
207,0.00044843240175396204
208,0.00032569014001637697
209,-0.0007725296309217811
210,-0.0006491794483736157
211,0.0003276861971244216
212,0.0006930071394890547
213,0.000935716787353158
214,-0.00040751101914793253
215,-0.00016284827142953873
216,0.00044726592022925615
217,-0.00028528471011668444
218,0.0003250465961173177
219,-0.0007731729419901967
220,-0.00028393662068992853
221,-0.00040537770837545395
222,-0.00016071728896349669
223,0.00008350913412868977
224,-0.00003858376294374466
225,-0.000038498081266880035
226,-0.00016037409659475088
227,0.0003277757205069065
228,0.00044917291961610317
229,0.0009362389100715518
230,-0.000650912756100297
231,-0.00016189366579055786
232,-0.00016159017104655504
233,-0.0004052107688039541
234,-0.0005264360224828124
235,-0.0004035214660689235
236,-0.000036900630220770836
237,-0.00003681692760437727
238,0.0003291531465947628
239,0.00008466292638331652
240,0.00045041635166853666
241,-0.0002821375383064151
242,0.00032819039188325405
243,0.00008370133582502604
244,-0.0007701636059209704
245,-0.0005248540546745062
246,0.00020786840468645096
247,0.000817327294498682
248,0.00020608457271009684
249,-0.0006479977164417505
250,-0.0001589811872690916
251,0.00008524314034730196
252,-0.0005246992222964764
253,0.0003299847012385726
254,-0.0004023538203909993
255,-0.0004016202874481678
0,-0.0008887348230928183
1,-0.00027732597663998604
2,0.00033299741335213184
3,-0.000033458112739026546
4,0.00021054607350379229
5,0.00021019356790930033
6,0.0009416119428351521
7,0.0008179971482604742
8,-0.0004030561540275812
9,-0.00028036022558808327
10,-0.00113357650116086
11,-0.00027781003154814243
12,0.00008858996443450451
13,0.00021041568834334612
14,-0.00039974681567400694
15,0.00021079357247799635
16,0.0009422119474038482
17,0.0008185962215065956
18,-0.000158534268848598
19,-0.0012558911694213748
20,-0.0002779460046440363
21,0.0003323779674246907
22,-0.00003407755866646767
23,-0.0005218441365286708
24,0.00033283664379268885
25,-0.00027754297479987144
26,0.00008885678835213184
27,0.00008871965110301971
28,-0.00039926450699567795
29,-0.00015461049042642117
30,-0.000032352167181670666
31,0.00021165062207728624
32,-0.00003262725658714771
33,-0.0001545099075883627
34,0.0005775575991719961
35,-0.0005211043171584606
36,-0.00027623341884464025
37,-0.0002757210750132799
38,-0.0011289423564448953
39,-0.000639065750874579
40,-0.0005159439751878381
41,-0.000027154223062098026
42,-0.000027079833671450615
43,-0.0003928912337869406
44,-0.00039216678123921156
45,0.0007062139920890331
46,0.00021713890600949526
47,-0.000027144677005708218
48,-0.0005149180069565773
49,-0.0006359387189149857
50,-0.000878705526702106
51,-0.00026730657555162907
52,-0.00014484033454209566
53,-0.00014455360360443592
54,-0.0003881904995068908
55,-0.0009972797706723213
56,-0.0005076292436569929
57,-0.00038473319727927446
58,-0.0007499019848182797
59,-0.00026068801525980234
60,-0.000016265781596302986
61,0.00010576006025075912
62,0.0002275692531839013
63,0.0003491620300337672
64,-0.0001392714912071824
65,-0.00026095134671777487
66,0.0007152418838813901
67,0.0005920438561588526
68,-0.00026270782109349966
69,-0.0002622083993628621
70,-0.000017785117961466312
71,-0.00001771992538124323
72,-0.0011153118684887886
73,-0.00025956262834370136
74,-0.000015142490155994892
75,-0.0005029271123930812
76,0.0002297739265486598
77,-0.000014521530829370022
78,-0.0002583832247182727
79,-0.0002578876446932554
80,-0.0006232783198356628
81,-0.0011099809780716896
82,-0.0007420844631269574
83,-0.000618763966485858
84,-0.000007813679985702038
85,-0.000007757800631225109
86,0.000602107378654182
87,-0.00025265361182391644
88,-0.000374125549569726
89,-0.0006173430010676384
90,-0.00037227978464215994
91,0.0002382340608164668
92,-0.00024999293964356184
93,-0.0003714675549417734
94,-0.0001268397318199277
95,-0.0007363794138655066
96,-0.00036914064548909664
97,0.0004852942656725645
98,0.00011859240476042032
99,-0.00024745857808738947
100,-0.0003689355216920376
101,-0.0003682341193780303
102,0.00048619997687637806
103,-0.0003683507675305009
104,-0.00012372632045298815
105,-0.00012345972936600447
106,-0.0000012314412742853165
107,0.0002427415456622839
108,-0.0010992237366735935
109,-0.00048741407226771116
110,-0.00036453770007938147
111,-0.00024187879171222448
112,0.00024644844233989716
113,-0.0004857107996940613
114,-0.00048479775432497263
115,-0.00023996189702302217
116,0.00012640119530260563
117,0.0003701521782204509
118,0.0001256217947229743
119,0.0002474116627126932
120,-0.00048474909272044897
121,0.000004010740667581558
122,0.0002479777904227376
123,0.000003664754331111908
124,0.0000037086429074406624
125,0.0002476765075698495
126,0.00012532505206763744
127,0.0004910383140668273
128,0.000002368236891925335
129,-0.00024151068646460772
130,0.000612701172940433
131,0.0000018524006009101868
132,-0.0013396828435361385
133,-0.0008494058856740594
134,-0.0006039217114448547
135,0.00012897467240691185
136,0.0006166464881971478
137,0.0011034508934244514
138,-0.0006059246370568871
139,-0.00011695025023072958
140,-0.0007265005260705948
141,-0.0003592727007344365
142,0.00012926582712680101
143,0.00012908922508358955
144,-0.0007248205365613103
145,-0.00011367048136889935
146,-0.0007232240168377757
147,0.0004977340577170253
148,0.0002529806224629283
149,0.000374547322280705
150,0.000008050003089010715
151,-0.00023583474103361368
152,-0.0006012481171637774
153,0.000009683310054242611
154,0.00025364477187395096
155,-0.0003565610386431217
156,-0.0002339114435017109
157,0.00013244478031992912
158,-0.0004775447305291891
159,-0.00011075555812567472
160,0.00013342068996280432
161,0.0007430488476529717
162,0.0002539362758398056
163,-0.0006001935107633471
164,-0.0004771110834553838
165,0.0004994870396330953
166,0.00013276946265250444
167,-0.0012089925585314631
168,0.000012829783372581005
169,-0.0007189076859503984
170,-0.0008395351469516754
171,-0.0005940617993474007
172,0.0005047102458775043
173,0.00025994947645813227
174,0.000381508725695312
175,0.000015003839507699013
176,-0.00047281209845095873
177,-0.0002279897453263402
178,-0.000349487760104239
179,-0.0002268452662974596
180,-0.00010442058555781841
181,-0.0003480983432382345
182,0.000018466264009475708
183,0.000018494552932679653
184,0.00014048442244529724
185,-0.00010362814646214247
186,0.000140540418215096
187,0.0001403515925630927
188,-0.00022572290617972612
189,0.000018662307411432266
190,-0.00010327191557735205
191,0.000018934253603219986
192,-0.0005908480379730463
193,-0.0011995465029031038
194,0.000022265594452619553
195,0.00026621390134096146
196,0.0006316897924989462
197,0.0009965163189917803
198,0.0001410741824656725
199,-0.00046892522368580103
200,-0.00034606968984007835
201,-0.0005893169436603785
202,0.000631410744972527
203,0.00014250387903302908
204,-0.00010161148384213448
205,-0.0001013695728033781
206,0.00014279596507549286
207,0.000020641949959099293
208,0.00014262855984270573
209,-0.0003454107791185379
210,-0.0005886596627533436
211,-0.0011973610380664468
212,0.000268372124992311
213,-0.0007077350746840239
214,0.00014731998089700937
215,0.0005130093777552247
216,0.0010000100592151284
217,0.00038848770782351494
218,-0.00022194930352270603
219,-0.00022149283904582262
220,0.00002288701944053173
221,0.0006327185546979308
222,0.00002184754703193903
223,-0.00034401542507112026
224,-0.0007092279847711325
225,-0.00022005767095834017
226,0.0003902061143890023
227,0.00002369075082242489
228,0.00002371193841099739
229,0.00026765652000904083
230,-0.0000986418453976512
231,-0.00034232751931995153
232,-0.00021969457156956196
233,0.00002468307502567768
234,0.00014666456263512373
235,0.0005123531445860863
236,0.0002675823634490371
237,0.00014520762488245964
238,0.00002304953522980213
239,-0.00009889109060168266
240,-0.00022061553318053484
241,0.00014572427608072758
242,-0.0002203581389039755
243,-0.000585789792239666
244,-0.0004627244779840112
245,0.0002699329052120447
246,0.0006354027427732944
247,0.0002684516366571188
248,-0.0004637337988242507
249,0.000025000073947012424
250,0.00039090425707399845
251,0.00014634884428232908
252,-0.00009777257218956947
253,0.00014638714492321014
254,0.00002422730904072523
255,0.00014620821457356215
0,-0.00009791331831365824
1,0.00039016990922391415
2,-0.0003422326408326626
3,-0.00021960120648145676
4,-0.00009718711953610182
5,-0.0002189141232520342
6,-0.00009650085121393204
7,0.00026961893308907747
8,-0.00009668280836194754
9,-0.00021841039415448904
10,-0.0007058072369545698
11,0.000027281232178211212
12,-0.000460550538264215
13,0.00015014130622148514
14,0.00039386283606290817
15,-0.0000946196960285306
16,0.000027574016712605953
17,0.00039347459096461535
18,0.00039283966179937124
19,0.0002702426863834262
20,0.0005137493135407567
21,-0.00021887291222810745
22,-0.00046234612818807364
23,-0.0008273484418168664
24,-0.0007038534386083484
25,0.0005170799558982253
26,0.0006381883285939693
27,0.000027308589778840542
28,-0.0004605241119861603
29,0.000028204871341586113
30,0.0005160660948604345
31,0.0010030606063082814
32,-0.00009631610009819269
33,-0.0008278547320514917
34,-0.0003384742885828018
35,-0.00009388627950102091
36,0.00015026796609163284
37,-0.00009385938756167889
38,-0.0003375532105565071
39,-0.00021492771338671446
40,0.00015140383038669825
41,-0.0008244961500167847
42,-0.00021315726917237043
43,0.00027513469103723764
44,0.00015274970792233944
45,0.00003058149013668299
46,-0.00009136961307376623
47,-0.00033506599720567465
48,-0.00045636738650500774
49,0.000032357173040509224
50,0.0005202136235311627
51,0.0006413172231987119
52,0.00015239580534398556
53,0.000030227587558329105
54,0.0002741615753620863
55,0.0001517770579084754
56,-0.0005802002269774675
57,-0.0005791056901216507
58,-0.0004560500383377075
59,0.0002765972167253494
60,0.001007943064905703
61,0.0006403320003300905
62,0.0005172961391508579
63,0.000028592301532626152
64,0.00015056587290018797
65,0.0010040937922894955
66,-0.00033920968417078257
67,-0.00009462248999625444
68,0.00002756842877715826
69,-0.00009438139386475086
70,0.0006376185920089483
71,0.0005145850591361523
72,-0.0003400028217583895
73,-0.00046130071859806776
74,-0.0007043448276817799
75,-0.00009322317782789469
76,-0.00021495763212442398
77,-0.00009255181066691875
78,0.0007614081259816885
79,0.0001503080129623413
80,0.0012477588606998324
81,0.0010016788728535175
82,-0.00009769934695214033
83,-0.00034139235503971577
84,-0.00034072797279804945
85,0.0001477834302932024
86,0.0003915030974894762
87,0.00002498005051165819
88,0.0002689171815291047
89,-0.00009738875087350607
90,0.0002687274245545268
91,0.00014634523540735245
92,-0.00021974346600472927
93,0.000024627894163131714
94,0.00026856502518057823
95,0.00026814499869942665
96,0.000023801112547516823
97,-0.00022010831162333488
98,0.0002681863261386752
99,0.0005116903921589255
100,0.0005108368350192904
101,0.00038802262861281633
102,-0.00022242183331400156
103,-0.0004658965626731515
104,0.00026675721164792776
105,0.00026633800007402897
106,0.000021995743736624718
107,-0.0005877988878637552
108,-0.0005867000436410308
109,-0.0000977549934759736
110,0.00014639890287071466
111,-0.0003416527761146426
112,-0.00009706593118607998
113,-0.0003407606855034828
114,-0.0003400983987376094
115,0.00014841044321656227
116,0.0007580138044431806
117,0.0003908387152478099
118,-0.0003415710525587201
119,0.00002497702371329069
120,0.00014695106074213982
121,0.0002687075175344944
122,-0.00046348513569682837
123,0.00039112719241529703
124,-0.0003412831574678421
125,0.000025264802388846874
126,-0.00009668606799095869
127,-0.00009645777754485607
128,0.0002696552546694875
129,-0.0005845006089657545
130,-0.00021752039901912212
131,0.0005146947223693132
132,-0.001925401040352881
133,0.00015142979100346565
134,-0.00009270384907722473
135,0.00027340592350810766
136,-0.0000929064117372036
137,-0.0004585679853335023
138,0.00015211536083370447
139,0.0002738669281825423
140,0.00002951605711132288
141,0.0002734462032094598
142,0.00015105772763490677
143,-0.0007028854452073574
144,0.000030193710699677467
145,0.00015216122847050428
146,0.0003958741435781121
147,-0.00021457963157445192
148,0.00039566983468830585
149,0.0006389495683833957
150,0.0002719865879043937
151,0.00002763676457107067
152,0.00014960637781769037
153,-0.0002164881443604827
154,-0.000581932719796896
155,0.000028968090191483498
156,-0.00009298755321651697
157,-0.000336688244715333
158,-0.0002140699652954936
159,-0.0002136308467015624
160,0.00027465494349598885
161,0.0003961878828704357
162,0.00039554282557219267
163,0.000029012211598455906
164,0.0003949037054553628
165,-0.0003375117667019367
166,-0.00045881711412221193
167,-0.00009205867536365986
168,-0.0002137989504262805
169,-0.00045728415716439486
170,0.0010071293218061328
171,0.00039558939170092344
172,-0.0000929033849388361
173,-0.000580528867430985
174,-0.0000915920827537775
175,0.0007623620331287384
176,0.0007610652828589082
177,0.00027192244306206703
178,0.00027149508241564035
179,0.00002714386209845543
180,0.0002710748231038451
181,0.00039260974153876305
182,0.00027000473346561193
183,0.000269578886218369
184,-0.00034065614454448223
185,-0.00046195974573493004
186,0.0007585340645164251
187,0.00014743080828338861
188,0.0006350696785375476
189,0.00014614628162235022
190,0.0005118241533637047
191,0.00026704242918640375
192,-0.0008310382254421711
193,-0.00009773962665349245
194,-0.00009751401375979185
195,-0.00009728909935802221
196,-0.00021902599837630987
197,0.0001473014708608389
198,-0.00034075556322932243
199,0.0019771786173805594
200,0.0009980223840102553
201,0.00026452704332768917
202,-0.0003457041457295418
203,0.00014280551113188267
204,-0.00022328563500195742
205,0.000021082931198179722
206,0.0002650177339091897
207,0.00014263344928622246
208,-0.0002234580460935831
209,0.00026483461260795593
210,0.0005083356518298388
211,0.0003855181857943535
212,-0.00046885316260159016
213,-0.0005899355746805668
214,-0.0008327641990035772
215,0.0001444588415324688
216,-0.00009967212099581957
217,-0.00009944604244083166
218,0.00014470366295427084
219,0.000022534048184752464
220,0.0007543143583461642
221,0.00014321354683488607
222,0.0018504733452573419
223,0.0011154611129313707
224,-0.0004719812422990799
225,-0.0008369849529117346
226,-0.0005915298825129867
227,-0.00022454815916717052
228,0.0001417825696989894
229,0.0009953104890882969
230,0.0008716256124898791
231,0.0011140451533719897
232,0.00038033712189644575
233,-0.00010814529377967119
234,-0.0002298738108947873
235,0.0006243085954338312
236,-0.0004744163015857339
237,-0.00010764738544821739
238,0.00001454702578485012
239,0.0005024099955335259
240,0.000013710814528167248
241,-0.00010823493357747793
242,0.00013592152390629053
243,0.0002576826373115182
244,-0.0004745062906295061
245,0.000502072274684906
246,0.0003792585339397192
247,-0.0001092228339985013
248,0.00013493432197719812
249,0.0002566959010437131
250,0.00037824083119630814
251,0.00013368402142077684
252,-0.0007202487904578447
253,0.0001348024234175682
254,0.000012640375643968582
255,0.00013461883645504713
0,0.0003783423453569412
1,0.0001337849535048008
2,-0.00011033832561224699
3,-0.00011010433081537485
4,0.0002560151042416692
5,0.0002555985702201724
6,-0.0004765890771523118
7,-0.00035374274011701345
8,0.000012809759937226772
9,0.00025674980133771896
10,-0.00035347731318324804
11,0.00001307495404034853
12,0.0005009383894503117
13,0.000012239557690918446
14,0.00098795082885772
15,0.0006203475641086698
16,0.00025339622516185045
17,-0.00011290446855127811
18,0.0001312552485615015
19,-0.00023482833057641983
20,0.00000954815186560154
21,-0.00011239550076425076
22,0.000009801704436540604
23,0.0003757057711482048
24,0.0003750738687813282
25,-0.00011340540368109941
26,0.000008792500011622906
27,0.0003746974980458617
28,0.0003740659449249506
29,0.00012951146345585585
30,-0.00011460913810878992
31,-0.0003582958597689867
32,0.000008260132744908333
33,-0.0014552633510902524
34,0.0002548235934227705
35,0.00025440671015530825
36,-0.0005997425178065896
37,-0.0003547174856066704
38,-0.0003540507750585675
39,0.0001344630727544427
40,-0.00047554762568324804
41,0.00013514410238713026
42,0.00013494212180376053
43,0.0002567020710557699
44,0.0001343217445537448
45,0.00025608204305171967
46,0.000011740252375602722
47,-0.00023216765839606524
48,0.00013416714500635862
49,-0.00023192004300653934
50,-0.00010950909927487373
51,0.00013464654330164194
52,0.0006222919328138232
53,-0.00011054810602217913
54,0.0002555700484663248
55,0.0006210380233824253
56,-0.00047768675722181797
57,-0.001330536208115518
58,-0.00035244086757302284
59,-0.00010785309132188559
60,-0.00010762305464595556
61,0.000014568911865353584
62,-0.0005952281644567847
63,-0.00047216948587447405
64,-0.0002273669233545661
65,0.000017000827938318253
66,-0.0003488741349428892
67,-0.00047017529141157866
68,-0.00046929868403822184
69,-0.0004684225423261523
70,-0.0004675475647673011
71,-0.0008325588423758745
72,-0.0004651492927223444
73,0.00026749412063509226
74,0.00014510296750813723
75,0.00038881495129317045
76,0.00038816931191831827
77,0.00002163869794458151
78,0.000021644867956638336
79,-0.0008320825872942805
80,-0.0007085977122187614
81,-0.0003414072562009096
82,-0.00021879177074879408
83,-0.00034031772520393133
84,0.000636029988527298
85,0.0005129857454448938
86,-0.00021964986808598042
87,-0.00009725149720907211
88,0.0007567013381049037
89,0.0009993271669372916
90,0.0005097492830827832
91,-0.00022288376931101084
92,-0.00010048283729702234
93,-0.00022222218103706837
94,0.0008758731419220567
95,0.0003865133039653301
96,-0.0004678639816120267
97,-0.00034502882044762373
98,-0.00034437247086316347
99,-0.00022175535559654236
100,-0.0003432792145758867
101,0.0002671844558790326
102,0.00002283079084008932
103,-0.00009912706445902586
104,0.0003889409126713872
105,0.000510255922563374
106,-0.00010041613131761551
107,-0.0009539277525618672
108,-0.0007082655793055892
109,-0.0029022759990766644
110,-0.0005797964986413717
111,0.0000310937175527215
112,0.0003969757817685604
113,-0.00009152607526630163
114,0.00027457287069410086
115,0.0006400216370820999
116,0.000029125134460628033
117,-0.00033676286693662405
118,0.000029770657420158386
119,0.00002976751420646906
120,-0.0005800446961075068
121,-0.0003350403858348727
122,0.00027541525196284056
123,0.0005189006915315986
124,0.0013717628316953778
125,0.0011254509445279837
126,0.00014780391938984394
127,-0.00021829851903021336
128,-0.0002178647555410862
129,0.0005143396556377411
130,0.000025625107809901237
131,0.0003915104316547513
132,0.00002497481182217598
133,0.0003908611834049225
134,0.00026824965607374907
135,0.0005117411492392421
136,0.0008767612744122744
137,0.00026543682906776667
138,-0.00034480250906199217
139,-0.0005880722310394049
140,0.0012424433371052146
141,0.0003865447361022234
142,-0.00046783476136624813
143,-0.00010107713751494884
144,0.0005089527694508433
145,0.0003861277364194393
146,-0.00046825152821838856
147,0.00014242983888834715
148,0.0001422170316800475
149,0.000751814222894609
150,0.0003846322651952505
151,-0.00034778343979269266
152,-0.0005910511827096343
153,-0.0008338855113834143
154,0.0016068737022578716
155,0.00026247825007885695
156,0.00001812668051570654
157,0.00014009408187121153
158,-0.00022600218653678894
159,0.000018360908143222332
160,0.00026229023933410645
161,0.0006277482025325298
162,0.00026078440714627504
163,0.000016434001736342907
164,0.0008701742626726627
165,-0.00047291640657931566
166,0.00013776833657175303
167,-0.0002283264184370637
168,0.00025996239855885506
169,-0.00035027344711124897
170,-0.0003496153512969613
171,0.0002608512295410037
172,-0.00010546145495027304
173,0.0006265334086492658
174,0.0005034944042563438
175,0.0003806732129305601
176,0.0002580691361799836
177,-0.00023020338267087936
178,-0.0007176080252975225
179,0.00001547217834740877
180,-0.0002284439979121089
181,0.000015920842997729778
182,-0.00010603433474898338
183,0.0003820372512564063
184,0.0008692413102835417
185,0.0012336168438196182
186,-0.00023208442144095898
187,0.0011099401162937284
188,-0.00011161924339830875
189,-0.00035531457979232073
190,0.0001331946114078164
191,0.00025495095178484917
192,0.00013256666716188192
193,0.0003762849373742938
194,0.000009760609827935696
195,0.00037565839011222124
196,0.00000913452822715044
197,0.0004969949368387461
198,0.00037417863495647907
199,-0.00023626780603080988
200,0.000008103437721729279
201,-0.00035776884760707617
202,0.0013503612717613578
203,0.000006409129127860069
204,0.0003723094705492258
205,0.00012775033246725798
206,0.0002495108637958765
207,-0.00023875455372035503
208,0.000005618436262011528
209,0.0006154434522613883
210,-0.00011739612091332674
211,-0.0007269727066159248
212,0.000006115413270890713
213,0.00012809212785214186
214,0.0006157378666102886
215,0.0004927072441205382
216,0.000004008645191788673
217,-0.00036186014767736197
218,-0.0010929646668955684
219,0.000006659072823822498
220,-0.00011528818868100643
221,0.0004947517300024629
222,0.0004938988713547587
223,0.000005199224688112736
224,-0.00023870915174484253
225,-0.00011629820801317692
226,0.0012255143374204636
227,-0.0002401811070740223
228,-0.00011776899918913841
229,0.0003703116672113538
230,0.0000037918798625469208
231,0.0000038081780076026917
232,-0.00024009880144149065
233,-0.0007274963427335024
234,0.0004934391472488642
235,0.0006145488005131483
236,-0.0006061380263417959
237,-0.00036111415829509497
238,-0.00011652451939880848
239,-0.0006041402230039239
240,-0.00035911810118705034
241,-0.0003584540681913495
242,-0.0004797527799382806
243,-0.00011298747267574072
244,0.0011068598832935095
245,0.00086099689360708
246,-0.00023816421162337065
247,-0.0008475256618112326
248,-0.0008459943346679211
249,0.0001312305685132742
250,-0.00035682227462530136
251,0.000497572822496295
252,0.00013083068188279867
253,0.0008623971370980144
254,0.00037304405122995377
255,0.0000065211206674575806
0,-0.0003593509318307042
1,-0.00011476338841021061
2,0.0002513519721105695
3,0.00037289317697286606
4,-0.00023755338042974472
5,-0.000115144532173872
6,0.0002509711775928736
7,0.000860359868966043
8,0.000736894435249269
9,0.0001257989788427949
10,0.0004914837190881371
11,-0.00011917704250663519
12,0.0004908661358058453
13,0.0006119773024693131
14,0.0004889488918706775
15,0.00012221431825309992
16,-0.00024386937730014324
17,-0.00048734061419963837
18,0.00036727834958583117
19,-0.00012120185419917107
20,-0.00012096692807972431
21,0.00109888706356287
22,-0.00012266484554857016
23,0.00012149533722549677
24,0.00024325971025973558
25,-0.00012303993571549654
26,0.00012112059630453587
27,0.00036484701558947563
28,-0.0012212877627462149
29,0.0002444422570988536
30,-0.0006097056902945042
31,-0.0004866415401920676
32,-0.00036379508674144745
33,0.0004906054819002748
34,0.00012386904563754797
35,-0.0003641782095655799
36,0.0002462986158207059
37,0.0004898057086393237
38,0.0008548410842195153
39,0.0004874560981988907
40,-0.0000012397067621350288
41,-0.0008549530757591128
42,-0.0003655686741694808
43,-0.0001209763577207923
44,-0.00024270382709801197
45,-0.0003642145311459899
46,-0.00011962384451180696
47,0.0007343429606407881
48,0.0004891348071396351
49,0.000976132694631815
50,0.00024264538660645485
51,0.00024223141372203827
52,-0.00036799150984734297
53,0.0006083742482587695
54,0.000119462376460433
55,-0.00012465729378163815
56,0.00048538960982114077
57,0.0001186575973406434
58,0.00048434757627546787
59,0.00023957854136824608
60,0.0004830908728763461
61,0.0003602844662964344
62,0.0003596573369577527
63,-0.00012881634756922722
64,-0.000006613670848309994
65,-0.0007383604533970356
66,-0.00024918862618505955
67,-0.00012677034828811884
68,0.0009711261373013258
69,0.0004815667634829879
70,-0.0001290859654545784
71,-0.0003727684961631894
72,0.00011575361713767052
73,0.00035948422737419605
74,-0.000007027643732726574
75,-0.0009826982859522104
76,-0.00012720702216029167
77,-0.000005005276761949062
78,-0.00012694497127085924
79,0.000727027771063149
80,0.00048182555474340916
81,0.00035902054514735937
82,-0.000007491325959563255
83,0.00011449505109339952
84,-0.0006174680311232805
85,-0.0004943977110087872
86,-0.000005659530870616436
87,-0.0003715220373123884
88,0.00011699867900460958
89,-0.000005157548002898693
90,-0.0006149443797767162
91,-0.00024795252829790115
92,0.0001183883287012577
93,-0.0000037692952901124954
94,0.00048409972805529833
95,-0.0003704794216901064
96,-0.00024784530978649855
97,-0.00012542842887341976
98,0.000484618591144681
99,0.0010935820173472166
100,0.0004818430170416832
101,0.00011511379852890968
102,-0.0004948887508362532
103,-0.0001281118020415306
104,0.0003599753836169839
105,-0.000128498999401927
106,0.00035958876833319664
107,0.00048092356882989407
108,-0.00000776688102632761
109,0.00023618165869265795
110,-0.00037403672467917204
111,0.0001144858542829752
112,-0.00012963020708411932
113,-0.0000074267154559493065
114,-0.0003732884069904685
115,-0.0003726137802004814
116,-0.0007378255249932408
117,0.0001172312768176198
118,0.0004829218378290534
119,0.0006040388252586126
120,0.00011513044591993093
121,0.00011493719648569822
122,0.00011474464554339647
123,-0.0007391816470772028
124,-0.0000060856109485030174
125,-0.00024998653680086136
126,-0.0007373773260042071
127,0.00036160252057015896
128,0.0013366688508540392
129,-0.000007274327799677849
130,-0.0004950977163389325
131,-0.0011040165554732084
132,-0.0012240041978657246
133,0.0003636890323832631
134,0.0003630582941696048
135,0.00036242802161723375
136,0.00011787458788603544
137,0.00023964070715010166
138,0.0002392285969108343
139,-0.000370992929674685
140,0.00011752685531973839
141,-0.0003705160925164819
142,-0.0002478823298588395
143,0.0001184574794024229
144,0.00048414699267596006
145,-0.000004547066055238247
146,0.0007272458169609308
147,0.0009698903886601329
148,0.00035836955066770315
149,-0.0006179520860314369
150,-0.0007388053927570581
151,0.00011625175829976797
152,0.00011605722829699516
153,0.0003597869072109461
154,-0.00012868817429989576
155,-0.000006486312486231327
156,-0.0002503873547539115
157,0.0008477263618260622
158,0.0003583841025829315
159,0.00011383392848074436
160,-0.00013028224930167198
161,0.0006017305422574282
162,-0.000009138369932770729
163,0.00011284870561212301
164,0.0006005048053339124
165,-0.00037624838296324015
166,-0.0030587336514145136
167,0.00048360577784478664
168,-0.000005088048055768013
169,0.00023885746486485004
170,0.0001164835412055254
171,0.0003602126380428672
172,0.0002376224147155881
173,-0.0004945594118908048
174,0.00011613988317549229
175,-0.0003719022497534752
176,0.00011661811731755733
177,0.00048230879474431276
178,0.0007253874791786075
179,-0.0003735473146662116
180,-0.0004948351997882128
181,-0.0006159069016575813
182,-0.0007367627695202827
183,-0.0000036692945286631584
184,0.0003622362855821848
185,-0.000004279310815036297
186,0.00011770345736294985
187,0.00036143092438578606
188,0.000726687372662127
189,-0.00012832495849579573
190,-0.0002500476548448205
191,-0.0001276298426091671
192,0.0002384945983067155
193,0.0004820063477382064
194,0.0007250853814184666
195,0.0002359601203352213
196,-0.002569573000073433
197,-0.0001257592812180519
198,0.0007282110163941979
199,-0.00037072680424898863
200,-0.000004169763997197151
201,-0.0002480729017406702
202,-0.0004915429744869471
203,-0.000490655773319304
204,-0.0004897696198895574
205,-0.0000010366784408688545
206,0.00012094294652342796
207,0.0003646676195785403
208,0.00036403536796569824
209,0.0004853650461882353
210,-0.000369216431863606
211,-0.0006124699721112847
212,-0.000123519916087389
213,0.0006084861233830452
214,0.0003634965978562832
215,-0.00012498279102146626
216,-0.000368670211173594
217,0.00036376994103193283
218,0.0007290241774171591
219,0.0009716663043946028
220,0.00011621951125562191
221,-0.0006157474126666784
222,0.0019465581281110644
223,0.00023564428556710482
224,0.00023523496929556131
225,-0.000009098206646740437
226,0.00011288828682154417
227,0.0003566197119653225
228,0.0007218800019472837
229,-0.0006209760904312134
230,-0.0006198660703375936
231,0.00011301436461508274
232,-0.000009140116162598133
233,0.00011284637730568647
234,-0.0003751931944862008
235,-0.000008632894605398178
236,-0.000008608447387814522
237,0.0006012249505147338
238,0.00035624136216938496
239,0.0004775780253112316
240,0.00011085066944360733
241,-0.0003771872725337744
242,-0.0004984724801033735
243,-0.0003756179939955473
244,-0.0007408284582197666
245,-0.000007732072845101357
246,-0.000007709022611379623
247,0.00048016197979450226
248,0.0006012797821313143
249,-0.0004974369658157229
250,-0.00013065931852906942
251,-0.000008456874638795853
252,0.00023549061734229326
253,0.0004790050443261862
254,0.0007220854749903083
255,0.0005988480988889933
0,-0.0001339807640761137
1,0.00047607230953872204
2,0.0002313082804903388
3,0.0003528641536831856
4,-0.00013560615479946136
5,-0.00001339893788099289
6,-0.0006231801817193627
7,-0.0003781446721404791
8,0.0004762657918035984
9,-0.0002563458401709795
10,0.0004758862778544426
11,0.0004750459920614958
12,0.0005961685674265027
13,-0.0003805819433182478
14,-0.0005018643569201231
15,-0.0014766640961170197
16,0.00035539327654987574
17,0.0003547682426869869
18,0.0005980681162327528
19,0.00010916322935372591
20,-0.0006227971753105521
21,-0.0001338381553068757
22,0.00047621456906199455
23,0.00023145030718296766
24,0.0005969296908006072
25,-0.00025785970501601696
26,-0.0007452450226992369
27,0.0003537404118105769
28,0.00035311724059283733
29,0.00035249453503638506
30,-0.0002579373540356755
31,0.00010841048788279295
32,0.00035214575473219156
33,-0.0002582855522632599
34,-0.0001358616864308715
35,0.00023026950657367706
36,0.00022986391559243202
37,0.00035142095293849707
38,-0.00025900942273437977
39,-0.0006244324613362551
40,0.000596299534663558
41,0.000717205461114645
42,0.00022808671928942204
43,0.0003496450372040272
44,-0.00013882224448025227
45,-0.001724079018458724
46,-0.0006233566673472524
47,-0.00013439718168228865
48,-0.00013415352441370487
49,-0.000011947820894420147
50,-0.000011921045370399952
51,-0.00013385654892772436
52,-0.0008653843542560935
53,0.00011185428593307734
54,0.000721472199074924
55,-0.00025549845304340124
56,-0.00013307668268680573
57,-0.000010872376151382923
58,0.00023307744413614273
59,-0.000011254334822297096
60,-0.0001331903040409088
61,0.0004768621874973178
62,0.00035405869130045176
63,0.0003534351708367467
64,0.00047477392945438623
65,-0.0005017605144530535
66,-0.0008667509537190199
67,-0.00037735875230282545
68,0.00011116534005850554
69,0.00023293588310480118
70,0.0005984138697385788
71,0.0008412798633798957
72,0.0004739040741696954
73,0.0001071797451004386
74,-0.0006247790297493339
75,-0.000013856915757060051
76,-0.000013828510418534279
77,0.00010816159192472696
78,0.0008397442288696766
79,0.0004723698366433382
80,0.00047153246123343706
81,0.00010481011122465134
82,0.0007144341943785548
83,-0.0002625302877277136
84,-0.00014010234735906124
85,0.0010797653812915087
86,0.0001021514181047678
87,-0.0003858795389533043
88,0.00010265177115797997
89,0.00010246853344142437
90,0.00022424652706831694
91,0.000833656289614737
92,0.0002223632764071226
93,-0.0003878445131704211
94,-0.0006310829194262624
95,0.00010180717799812555
96,0.0003455481491982937
97,-0.000508801662363112
98,0.0005897569935768843
99,-0.000874835648573935
100,0.0008341827197000384
101,0.0005887752631679177
102,0.0007096880581229925
103,0.00022057536989450455
104,-0.0001457070466130972
105,-0.00014545302838087082
106,-0.00014519982505589724
107,0.0005868250736966729
108,0.00009792996570467949
109,-0.00002421101089566946
110,0.00009778805542737246
111,0.0010733039816841483
112,0.00033961981534957886
113,0.0002170465886592865
114,0.00009469140786677599
115,-0.00039333279710263014
116,-0.0005146040348336101
117,-0.00014781171921640635
118,0.0003402917645871639
119,-0.00014816748443990946
120,0.0007058221381157637
121,0.00046063680201768875
122,-0.0011256944853812456
123,-0.0014895884087309241
124,-0.0006332152988761663
125,-0.0005101325223222375
126,0.00022254150826483965
127,-0.00014374253805726767
128,0.00022239540703594685
129,-0.00014388863928616047
130,0.00010028737597167492
131,0.0005879536038264632
132,-0.000022904016077518463
133,-0.00014482950791716576
134,-0.0003885001642629504
135,-0.0007536993362009525
136,-0.0003864777972921729
137,-0.000019907369278371334
138,0.0021754405461251736
139,-0.0006335505750030279
140,-0.0005104679148644209
141,0.00034416874404996634
142,0.00009962997864931822
143,0.00046533485874533653
144,0.00009861856233328581
145,0.00009843846783041954
146,-0.0003895887639373541
147,0.00034287001471966505
148,-0.000389514840207994
149,0.00034294393844902515
150,0.00009840610437095165
151,0.00034215045161545277
152,0.0005854612682014704
153,-0.000025394256226718426
154,0.00021856848616153002
155,0.0002181738382205367
156,-0.0006359540857374668
157,0.00021890236530452967
158,-0.000025416607968509197
159,0.00021854601800441742
160,0.00021815113723278046
161,0.0005836427444592118
162,0.0003386744065210223
163,-0.000027820933610200882
164,-0.000881513231433928
165,-0.0006360312690958381
166,0.0002188251819461584
167,0.0005843158578500152
168,0.0007052329601719975
169,0.0018016293179243803
170,-0.0006408186163753271
171,0.0002140419092029333
172,0.000457575311884284
173,-0.000031096162274479866
174,-0.00015301420353353024
175,-0.00039667694363743067
176,0.0005797115154564381
177,-0.0007629096508026123
178,-0.0005176414269953966
179,-0.000028883921913802624
180,0.00009311980102211237
181,0.0007027547108009458
182,-0.000030275085009634495
183,-0.0005180792650207877
184,-0.0003952072001993656
185,0.00021529500372707844
186,0.00009294156916439533
187,0.0004586526192724705
188,0.00021390418987721205
189,-0.0005182576132938266
190,-0.00051734724547714
191,0.00045925762970000505
192,0.00045843247789889574
193,0.0004576080245897174
194,-0.0001530249137431383
195,-0.0002747259568423033
196,-0.0008840581867843866
197,-0.0005166117334738374
198,0.00021606858354061842
199,0.00021567638032138348
200,-0.00027256307657808065
201,0.0007036075694486499
202,-0.0003953082486987114
203,-0.00039461522828787565
204,0.00033784820698201656
205,0.00021527765784412622
206,0.00009292422328144312
207,-0.00015117391012609005
208,0.00021497125271707773
209,-0.0011270008981227875
210,-0.000027350266464054585
211,0.0004605379654094577
212,0.0009475598344579339
213,0.00009213387966156006
214,-0.0001519633224233985
215,-0.00027366518042981625
216,-0.0003951505059376359
217,0.0005812374874949455
218,0.00021431001368910074
219,0.0000919577432796359
220,0.00009178463369607925
221,-0.00039623642805963755
222,0.000946038169786334
223,0.0005784619133919477
224,-0.000032386742532253265
225,-0.0002762650838121772
226,-0.00015382433775812387
227,-0.00027552421670407057
228,-0.00027504609897732735
229,0.00009131769184023142
230,-0.0000308171147480607
231,0.00033511302899569273
232,0.0007003922946751118
233,0.00008932710625231266
234,0.00008915632497519255
235,0.000454871216788888
236,-0.000643606879748404
237,0.00008929532486945391
238,0.00021108647342771292
239,0.00021069881040602922
240,0.0006981593323871493
241,0.00045298191253095865
242,0.000452163047157228
243,-0.0002804268151521683
244,-0.0006458298303186893
245,-0.00027881120331585407
246,0.00020951766055077314
247,0.00008716981392353773
248,-0.00003496080171316862
249,-0.00027883658185601234
250,0.00020949263125658035
251,-0.0011324741644784808
252,0.000333067262545228
253,-0.0001553843030706048
254,-0.00003315904177725315
255,-0.00015507417265325785
0,-0.0005206967471167445
1,0.0005778736667707562
2,-0.0001549361040815711
3,0.0003331748303025961
4,-0.0007650862680748105
5,-0.00015392981003969908
6,0.00021221826318651438
7,-0.00027601723559200764
8,0.00033427111338824034
9,0.00008974270895123482
10,-0.0007641619304195046
11,-0.0005188912618905306
12,-0.00039601780008524656
13,0.00021448603365570307
14,0.0000921336468309164
15,0.0003358848625794053
16,0.0004572401521727443
17,0.0005783796077594161
18,0.00033341720700263977
19,-0.0006428819615393877
20,-0.0006417518015950918
21,-0.0001527746208012104
22,-0.0005183988250792027
23,-0.0019810302183032036
24,-0.000026128371246159077
25,0.00009587418753653765
26,0.0007055073510855436
27,0.0004603236448019743
28,-0.00015031080693006516
29,-0.0006378990365192294
30,-0.0002708875108510256
31,0.0003393968800082803
32,0.0004607493756338954
33,-0.00002792361192405224
34,-0.00039376714266836643
35,0.0005826203851029277
36,-0.00015019334387034178
37,0.00009398988913744688
38,0.0003377393586561084
39,-0.00015071628149598837
40,-0.0002724183723330498
41,0.0003378672990947962
42,-0.0005164737813174725
43,0.0003381693968549371
44,-0.0006381339626386762
45,0.00009476358536630869
46,0.00046047428622841835
47,0.00045964925084263086
48,0.00009293877519667149
49,-0.000029196147806942463
50,-0.000029153074137866497
51,0.0004587379517033696
52,0.00021399068646132946
53,0.0002136013936251402
54,-0.0006405211752280593
55,-0.0001515449257567525
56,0.0005804870743304491
57,-0.0003962484188377857
58,0.00021425611339509487
59,0.00009190430864691734
60,-0.00015219161286950111
61,0.0007018026662990451
62,0.00045662245247513056
63,0.0004558010259643197
64,-0.00015482923481613398
65,0.0003332816995680332
66,0.0006985638756304979
67,0.00008750101551413536
68,0.00008733232971280813
69,-0.0001567596336826682
70,-0.00040041806641966105
71,-0.0001557957148179412
72,-0.0002774931490421295
73,-0.0010087833506986499
74,0.00033457844983786345
75,0.0006998593453317881
76,0.0008205670164898038
77,0.00008732557762414217
78,-0.00015676626935601234
79,-0.00015650095883756876
80,-0.00015623564831912518
81,-0.0005218564765527844
82,-0.0001550557790324092
83,-0.00015479186549782753
84,-0.0007643377175554633
85,0.00021270487923175097
86,0.001188012189231813
87,0.0002101951977238059
88,0.0008196192793548107
89,0.00008637877181172371
90,0.00020817341282963753
91,0.00020778970792889595
92,0.0004513297462835908
93,0.00020658946596086025
94,0.00020620727445930243
95,0.0004497487097978592
96,0.0005708953831344843
97,0.00032594066578894854
98,-0.00040642754174768925
99,0.0005699718603864312
100,-0.000528715318068862
101,-0.0004058321937918663
102,-0.00040512869600206614
103,-0.00016050145495682955
104,-0.0001602324191480875
105,0.000571807730011642
106,0.0009366614976897836
107,0.00032517104409635067
108,-0.000407196581363678
109,-0.0002845294075086713
110,-0.00016207958105951548
111,0.0004480000352486968
112,-0.0002845844719558954
113,-0.00028409657534211874
114,0.0003262001555413008
115,-0.000040282029658555984
116,0.0006915433332324028
117,-0.00004147482104599476
118,0.00008054252248257399
119,0.00008038070518523455
120,-0.001505285152234137
121,-0.0005269338143989444
122,-0.00028208992443978786
123,-0.001013375585898757
124,-0.00015785638242959976
125,0.000940067577175796
126,0.0006944597698748112
127,0.00008340144995599985
128,0.0003271613968536258
129,0.00008263997733592987
130,-0.0013810658128932118
131,-0.0025982470251619816
132,-0.000764215481467545
133,-0.0003969821846112609
134,0.00021352374460548162
135,0.000579021405428648
136,0.0008219073060899973
137,0.00045455119106918573
138,0.00020980869885534048
139,-0.00015646161045879126
140,0.00045361369848251343
141,0.0004527958808466792
142,0.0008178642019629478
143,0.0000846261391416192
144,-0.00040338642429560423
145,-0.000036798533983528614
146,0.00045110040809959173
147,0.0002063610590994358
148,-0.00040383031591773033
149,-0.00040312728378921747
150,0.00020738400053232908
151,0.00020700180903077126
152,0.0005725054070353508
153,0.0002055878285318613
154,0.0008150167996063828
155,0.0010574765037745237
156,-0.00004207703750580549
157,-0.000407906249165535
158,-0.0006511237006634474
159,0.00008178676944226027
160,-0.00016229902394115925
161,0.0002038576640188694
162,0.00008151726797223091
163,0.0004472406581044197
164,0.00020250503439456224
165,0.0002021270338445902
166,-0.00016413582488894463
167,-0.0004077865742146969
168,-0.00028511835262179375
169,-0.0005285528022795916
170,0.00008217873983085155
171,-0.00016190751921385527
172,0.00044817314483225346
173,-0.0005283345235511661
174,-0.00003956514410674572
175,-0.00016147270798683167
176,-0.0005270874826237559
177,-0.0004042045911774039
178,-0.0005254632560536265
179,-0.00028061994817107916
180,-0.00064602040220052
181,-0.00015703774988651276
182,-0.0000348089961335063
183,-0.0002786825643852353
184,-0.0000342752318829298
185,0.00045362196397036314
186,-0.000400928664021194
187,-0.0004002280766144395
188,-0.0003995278384536505
189,-0.0003988286480307579
190,0.00008971767965704203
191,0.0008213201072067022
192,0.0002100412966683507
193,-0.0011319232871755958
194,-0.000885999295860529
195,0.00045714667066931725
196,0.0002124024322256446
197,-0.00003190734423696995
198,-0.0007636310765519738
199,-0.0006403211737051606
200,-0.0007611529435962439
201,-0.0005158833228051662
202,-0.00002712442073971033
203,-0.0003929665545001626
204,-0.0014899300877004862
205,-0.0011214005062356591
206,-0.0003876383416354656
207,-0.000021063489839434624
208,-0.00026494928169995546
209,0.00010140787344425917
210,-0.0003866186598315835
211,-0.0005078926915302873
212,0.0001028209226205945
213,0.00010264059528708458
214,-0.00026342528872191906
215,0.0008347018156200647
216,0.00034537329338490963
217,-0.0013627057196572423
218,-0.000018702587112784386
219,0.00022525712847709656
220,0.00010289764031767845
221,-0.00026316847652196884
222,0.00010318704880774021
223,-0.00014091748744249344
224,-0.000506550190038979
225,-0.0001397615997120738
226,0.0007142235990613699
227,0.00034707237500697374
228,-0.0005072751082479954
229,-0.000750295352190733
230,-0.0008709209505468607
231,-0.000381521531380713
232,0.0002289713593199849
233,0.00047249416820704937
234,0.0004716600524261594
235,0.0004708267515525222
236,0.00010410870891064405
237,0.0003478506114333868
238,-0.00038453564047813416
239,0.00010399834718555212
240,-0.00014010723680257797
241,-0.0002618166618049145
242,-0.000017424579709768295
243,0.00047045794781297445
244,0.0003476638812571764
245,0.00010312511585652828
246,-0.000019017490558326244
247,-0.00014094298239797354
248,-0.00014069059398025274
249,0.000469371909275651
250,0.0003465785412117839
251,0.0005898884264752269
252,-0.0002648914232850075
253,-0.00026442017406225204
254,-0.000629834714345634
255,0.00046894303523004055
0,-0.0001416974700987339
1,-0.00001948210410773754
2,0.00010251638013869524
3,-0.00001962576061487198
4,-0.00026351260021328926
5,-0.00001911900471895933
6,-0.0002630065428093076
7,0.000469234655611217
8,-0.00014140608254820108
9,0.00034669460728764534
10,0.00010215700604021549
11,-0.0002639087615534663
12,-0.0003853999078273773
13,-0.000018827617168426514
14,-0.0002627152716740966
15,0.00034756329841911793
16,0.0002249866956844926
17,0.0005904751596972346
18,-0.00014234369155019522
19,0.0005896817892789841
20,0.0004666732857003808
21,-0.0002659270539879799
22,-0.00014349271077662706
23,0.00010068586561828852
24,-0.00038734031841158867
25,0.0003451195079833269
26,-0.00026530236937105656
27,0.00022301683202385902
28,0.00046654476318508387
29,0.0007096397457644343
30,0.000830340082757175
31,0.00046297721564769745
32,0.00009626580867916346
33,-0.0012454896932467818
34,-0.0022189751034602523
35,-0.00038560526445508003
36,-0.00014099443797022104
37,-0.0007505508838221431
38,-0.00013940513599663973
39,0.0003486938076093793
40,0.0003480779705569148
41,0.0002255011349916458
42,-0.000018820748664438725
43,0.0003471007803454995
44,-0.0002633229596540332
45,0.0003469563089311123
46,-0.0005073908250778913
47,-0.0001406017690896988
48,-0.000018387450836598873
49,0.00010360998567193747
50,-0.00014049513265490532
51,-0.00014024251140654087
52,0.0005917808739468455
53,0.00022484664805233479
54,0.00010248739272356033
55,0.00010230718180537224
56,0.0004680126439779997
57,-0.00026458874344825745
58,-0.0000201942166313529
59,-0.00014211854431778193
60,0.00034598272759467363
61,-0.00026444043032824993
62,0.00022387842182070017
63,-0.000020442181266844273
64,0.00010155700147151947
65,0.0003453013487160206
66,0.0008325363742187619
67,-0.000022675958462059498
68,-0.0001445988891646266
69,0.00009958096779882908
70,0.0003433271776884794
71,-0.0000231695594266057
72,0.00022079399786889553
73,-0.0001454857410863042
74,0.00009869493078440428
75,-0.0005112913204357028
76,-0.00038842251524329185
77,-0.0003877332201227546
78,-0.000021158368326723576
79,-0.00014308246318250895
80,0.00034501974005252123
81,-0.000021478510461747646
82,-0.000265363953076303
83,-0.0007527396082878113
84,-0.0007514015305787325
85,-0.00014025508426129818
86,-0.0002619646256789565
87,-0.0007493437733501196
88,-0.00013819884043186903
89,0.0005938229151070118
90,0.0009586580563336611
91,0.00010322511661797762
92,0.00022500602062791586
93,-0.0002632387913763523
94,-0.00001884566154330969
95,0.0008349238196387887
96,0.00010167085565626621
97,-0.0009961656760424376
98,-0.0005065466975793242
99,-0.00013975834008306265
100,-0.0003834306262433529
101,0.000470987637527287
102,0.00022623117547482252
103,0.00034779426641762257
104,0.0002252175472676754
105,0.00010285770986229181
106,0.00010267703328281641
107,-0.00001946510747075081
108,-0.002458666916936636
109,0.0002288662362843752
110,0.00010650313924998045
111,-0.0006254517938941717
112,-0.0002584498142823577
113,-0.00001406052615493536
114,0.00047381885815411806
115,0.00010709755588322878
116,0.000350837130099535
117,0.0005941430572420359
118,-0.0003826030297204852
119,0.0009596621384844184
120,-0.000017733662389218807
121,0.00010426295921206474
122,-0.0002618046710267663
123,0.0005923970602452755
124,0.00010350008960813284
125,0.00022528087720274925
126,-0.0002629647497087717
127,-0.000384457060135901
128,-0.00001788581721484661
129,0.0003480351297184825
130,0.000713305315002799
131,-0.00014169292990118265
132,0.00022444583009928465
133,0.00022404873743653297
134,0.00010168994776904583
135,-0.0000204513780772686
136,-0.0005082619609311223
137,-0.0006293195765465498
138,-0.0003842756850644946
139,0.00022621930111199617
140,-0.0006279128137975931
141,-0.0005048318998888135
142,-0.0005039309617131948
143,0.00010677892714738846
144,0.00047248019836843014
145,0.00022772210650146008
146,-0.00013856368605047464
147,-0.00013831304386258125
148,0.0001058606430888176
149,0.00047156307846307755
150,0.00047072942834347486
151,0.00022597296629101038
152,-0.000018349383026361465
153,-0.0001402759226039052
154,0.0001038997434079647
155,0.0003476417623460293
156,-0.0005067064194008708
157,-0.0002618799917399883
158,-0.00013944983948022127
159,0.00034864910412579775
160,0.001201766193844378
161,0.0004678623517975211
162,0.0003450701478868723
163,0.00046641926746815443
164,-0.00026618107222020626
165,0.00010017678141593933
166,-0.0001439255429431796
167,-0.000021708314307034016
168,0.00010029168333858252
169,0.0009538463782519102
170,0.00034234137274324894
171,-0.00026807840913534164
172,-0.0000236808555200696
173,0.00046420679427683353
174,-0.00014642986934632063
175,0.0005855991039425135
176,-0.0006350632756948471
177,0.0011954903602600098
178,-0.00039214116986840963
179,0.0007062084041535854
180,0.0009488732321187854
181,0.0007032582070678473
182,0.0003361164126545191
183,-0.0001523359678685665
184,0.00009185064118355513
185,0.00021364144049584866
186,-0.0002745937090367079
187,-0.0002741139614954591
188,-0.0003955966094508767
189,0.0004588324809446931
190,0.0000921245664358139
191,0.00021391536574810743
192,0.00009156542364507914
193,0.00009139487519860268
194,0.00033514807000756264
195,0.00045650615356862545
196,-0.0000321617117151618
197,-0.0005199614679440856
198,-0.0003970850957557559
199,0.00033538334537297487
200,0.0005787031259387732
201,-0.000519990804605186
202,-0.00076299998909235
203,-0.0001518431818112731
204,0.00021430500783026218
205,-0.00003000709693878889
206,-0.0001519231591373682
207,0.0005801109364256263
208,-0.0008844701806083322
209,0.0016782933380454779
210,0.0006996090523898602
211,0.00008854665793478489
212,-0.0002775068860501051
213,-0.00027702434454113245
214,0.00021130545064806938
215,0.00021092011593282223
216,0.00008857320062816143
217,0.00021036725956946611
218,-0.00015590304974466562
219,0.0003322106786072254
220,-0.00027819955721497536
221,0.00033209274988621473
222,0.00008756841998547316
223,0.0003313251072540879
224,-0.00015712250024080276
225,-0.0002788173733279109
226,0.00045343791134655476
227,-0.004669778747484088
228,0.00033894588705152273
229,-0.0007593182381242514
230,0.00009575951844453812
231,-0.0006361861014738679
232,-0.0002691738773137331
233,-0.0002686987863853574
234,0.00034158583730459213
235,0.0005849002627655864
236,0.0009497436694800854
237,-0.0000276429345831275
238,-0.0005154465325176716
239,0.0003391973441466689
240,0.00021662854123860598
241,-0.0005155329126864672
242,0.0008269590325653553
243,-0.000028248177841305733
244,-0.00015016552060842514
245,0.00033794320188462734
246,0.00009341328404843807
247,0.0008250129176303744
248,-0.00015215470921248198
249,-0.00015189172700047493
250,0.00009229488205164671
251,-0.0002737616887316108
252,-0.000029358314350247383
253,-0.00015127495862543583
254,0.00021487323101609945
255,0.0005803704261779785
0,-0.00015243887901306152
1,0.0005795956822112203
2,0.0003346344456076622
3,0.0005779552739113569
4,0.0011867289431393147
5,-0.00015697057824581861
6,-0.00027866510208696127
7,-0.00027818139642477036
8,0.00045407365541905165
9,0.00045325595419853926
10,-0.000523255905136466
11,-0.00015645206440240145
12,0.0005755863385275006
13,-0.00015721889212727547
14,0.0005748203257098794
15,-0.00015798420645296574
16,-0.0008894870989024639
17,-0.00015614752192050219
18,-0.00039980432484298944
19,0.0005765907699242234
20,-0.000034253112971782684
21,0.00008775864262133837
22,-0.0001563316909596324
23,0.0003317830851301551
24,-0.00027862691786140203
25,-0.00015618093311786652
26,0.0003319334937259555
27,0.000331333139911294
28,-0.0005230001406744123
29,0.00008772755973041058
30,0.00020952289924025536
31,-0.0007665554294362664
32,-0.0005212804535403848
33,0.00021140719763934612
34,0.0004549460718408227
35,-0.00015568139497190714
36,-0.000033452874049544334
37,0.0003324823919683695
38,-0.00027792772743850946
39,0.0003323653945699334
40,-0.0013757020933553576
41,-0.00039757241029292345
42,0.000090973568148911
43,0.00033472792711108923
44,-0.00015372259076684713
45,-0.0008852289756760001
46,-0.00039581628516316414
47,0.00009272806346416473
48,-0.00015136681031435728
49,-0.0006389513146132231
50,-0.0001499743666499853
51,-0.00027167482767254114
52,-0.000027272733859717846
53,0.0004606187576428056
54,-0.000028051435947418213
55,-0.0005158542189747095
56,0.00009486696217209101
57,-0.000027267495170235634
58,-0.0002711473498493433
59,0.00021717790514230728
60,0.00033875019289553165
61,0.0003381440183147788
62,0.00045950012281537056
63,0.0003367164172232151
64,0.0009459214052185416
65,-0.00015342305414378643
66,-0.00015315820928663015
67,-0.0007627034792676568
68,-0.000029584276489913464
69,0.00009242421947419643
70,-0.0005175558617338538
71,-0.00015075679402798414
72,-0.00039441813714802265
73,-0.0003937224391847849
74,0.0005826673004776239
75,0.0010694755474105477
76,0.0002138365525752306
77,-0.0008842071983963251
78,-0.001004604622721672
79,0.00021679385099560022
80,0.000704251928254962
81,0.0007029962725937366
82,-0.00027395400684326887
83,0.00045829801820218563
84,0.00009159150067716837
85,0.00033534574322402477
86,-0.00003114307764917612
87,0.0003347900928929448
88,0.00009026413317769766
89,-0.0003977520391345024
90,-0.0007629389874637127
91,0.00009214249439537525
92,0.0000919724116101861
93,0.00009180244524031878
94,0.0009453657548874617
95,0.0004558312939479947
96,-0.0002767582191154361
97,-0.00015431363135576248
98,0.000089875771664083
99,0.00033363152761012316
100,0.0002110681962221861
101,0.00008872232865542173
102,-0.0003992924466729164
103,-0.00003270665183663368
104,-0.00003265729174017906
105,-0.000032608164474368095
106,-0.000398444477468729
107,0.0003340262919664383
108,-0.0002763849915936589
109,0.00033390719909220934
110,0.0006991912377998233
111,0.00021009240299463272
112,-0.0006440239958465099
113,0.0004547672579064965
114,0.0005759121850132942
115,0.0008188023930415511
116,0.0004514508182182908
117,0.00008475093636661768
118,0.0003285112325102091
119,-0.00040385685861110687
120,0.00008469517342746258
121,0.0004504177486523986
122,0.00032764230854809284
123,0.00008312251884490252
124,0.00032688467763364315
125,0.00008236558642238379
126,-0.00040564313530921936
127,-0.0005268988898023963
128,-0.0002820530207827687
129,0.00032824405934661627
130,-0.00028216151986271143
131,-0.0006475591799244285
132,-0.000158573966473341
133,0.0008173907408490777
134,0.0006939648883417249
135,-0.0004049387061968446
136,-0.0005261953920125961
137,-0.0011350829154253006
138,-0.0007671929197385907
139,-0.00015603099018335342
140,0.00008816062472760677
141,-0.00003396766260266304
142,0.0005758927436545491
143,0.0006968217203393579
144,-0.000036198412999510765
145,-0.0004020313499495387
146,-0.00003544252831488848
147,0.0004524568794295192
148,-0.00015816721133887768
149,-0.00015789782628417015
150,-0.0004015520680695772
151,0.00008699786849319935
152,0.00033075676765292883
153,0.0006960440659895539
154,0.0005728341639041901
155,-0.00003800529520958662
156,-0.00028187467250972986
157,0.00008449889719486237
158,-0.0012572442647069693
159,-0.0005232515977695584
160,-0.00015644659288227558
161,-0.0000342164421454072
162,0.00020975840743631124
163,0.000575261889025569
164,0.000696191331371665
165,0.0008169054053723812
166,-0.00016025349032133818
167,-0.0018674484454095364
168,-0.0002786379773169756
169,0.00033165677450597286
170,0.00033105805050581694
171,0.0003304592100903392
172,0.00008593790698796511
173,0.0009395070374011993
174,0.0006939024897292256
175,-0.00028303859289735556
176,-0.00003862578887492418
177,0.00020535348448902369
178,0.0004488991107791662
179,0.0003261255333200097
180,-0.0002842776011675596
181,-0.0004057491896674037
182,-0.000039156991988420486
183,0.0013024798827245831
184,0.0003244559047743678
185,-0.0006518312729895115
186,-0.00040676561184227467
187,-0.0008939052931964397
188,-0.00016056012827903032
189,-0.0004042118089273572
190,-0.0000376205425709486
191,-0.00015952810645103455
192,0.00045055290684103966
193,0.0006936637219041586
194,0.0009363422868773341
195,0.0000809311168268323
196,-0.0007729611825197935
197,-0.00016179366502910852
198,-0.0001615199726074934
199,0.00020463857799768448
200,0.00020426127593964338
201,-0.0006498490693047643
202,-0.0006487083155661821
203,0.0002061644336208701
204,-0.0002820619847625494
205,-0.0002815731568261981
206,0.00020676269195973873
207,0.0002063835272565484
208,-0.0005257667507976294
209,0.00032888841815292835
210,0.00008436886128038168
211,-0.00040364067535847425
212,0.0003288354491814971
213,0.0003282398683950305
214,0.0002056824741885066
215,-0.00040450517553836107
216,-0.0002818371867761016
217,-0.0002813488245010376
218,0.00008502532728016376
219,0.00008486257866024971
220,0.00020666234195232391
221,0.00008432136382907629
222,-0.0007695736130699515
223,-0.0005242942133918405
224,-0.0002794497413560748
225,0.00008692278061062098
226,0.0004526441916823387
227,-0.00015797943342477083
228,0.00020817643962800503
229,0.00020779622718691826
230,-0.000402393052354455
231,-0.00040168873965740204
232,-0.00040098524186760187
233,-0.0010100915096700191
234,0.0008211227832362056
235,0.00008788495324552059
236,0.00020968203898519278
237,-0.0002785472897812724
238,0.0002097863471135497
239,-0.00015648093540221453
240,0.000331635819748044
241,-0.0008885815041139722
242,-0.0005211259704083204
243,0.00033352558966726065
244,0.0004548877477645874
245,0.00008818600326776505
246,-0.00027786463033407927
247,-0.0003993415739387274
248,-0.0005206014029681683
249,0.0003340492257848382
250,-0.0002763601951301098
251,-0.00039783818647265434
252,-0.00015321397222578526
253,0.0011886331485584378
254,0.000576705439016223
255,0.0000878253486007452
0,0.00008766062092036009
1,0.001063191331923008
2,-0.00040224974509328604
3,0.0003302257973700762
4,-0.00003625662066042423
5,0.00008575932588428259
6,-0.00015832739882171154
7,0.0003297911025583744
8,0.0006950804963707924
9,0.0006938343867659569
10,0.0005706275114789605
11,-0.00004020880442112684
12,-0.00016211322508752346
13,0.00032600865233689547
14,0.00008149188943207264
15,-0.00004062883090227842
16,0.00008139084093272686
17,0.000325156026519835
18,0.000812411424703896
19,0.00044506730046123266
20,0.00020033656619489193
21,-0.00016592210158705711
22,0.00032220338471233845
23,0.0008094614604488015
24,-0.00028965133242309093
25,-0.0007770030060783029
26,0.0005659405142068863
27,0.0004429561085999012
28,0.0004421509802341461
29,-0.00029042456299066544
30,-0.0007777750724926591
31,-0.00028856447897851467
32,-0.00041003082878887653
33,0.00007852830458432436
34,-0.00028751324862241745
35,-0.00016505701933056116
36,0.0004450294654816389
37,0.0004442229401320219
38,0.0006873407401144505
39,0.0003202164079993963
40,0.00007570500019937754
41,-0.00004641036503016949
42,-0.00004634656943380833
43,0.00019764050375670195
44,-0.0001686151372268796
45,0.0001975512132048607
46,0.0006850288482382894
47,0.0004398684250190854
48,0.00019514269661158323
49,-0.0005369964055716991
50,-0.0004141012905165553
51,-0.0009012335212901235
52,-0.0001678804401308298
53,0.000198285561054945
54,0.00007595296483486891
55,-0.00016812386456876993
56,0.00007607985753566027
57,0.0008076980011537671
58,0.0015380155527964234
59,0.0005595673574134707
60,0.00019266526214778423
61,0.0001922999508678913
62,0.00019193487241864204
63,0.00019157060887664557
64,-0.0001746795605868101
65,0.00006953044794499874
66,-0.000052578747272491455
67,-0.0006623188965022564
68,0.0006804149597883224
69,-0.0006623978260904551
70,-0.0006612446159124374
71,-0.0007820542668923736
72,-0.0004148004809394479
73,0.00007376365829259157
74,-0.00029227312188595533
75,-0.0006576594896614552
76,-0.00004670082125812769
77,0.0011729823891073465
78,0.0006830320926383138
79,-0.00017193565145134926
80,0.00007227237801998854
81,0.00007212278433144093
82,0.00007197330705821514
83,0.00007182406261563301
84,-0.0004161729011684656
85,-0.0004154545022174716
86,-0.0005366993136703968
87,0.0005618915893137455
88,0.000438911491073668
89,-0.0001716981641948223
90,-0.00029337615706026554
91,-0.0006587608950212598
92,0.00019612221512943506
93,-0.0002920927945524454
94,0.0008060637628659606
95,-0.0002930449554696679
96,-0.00029254460241645575
97,0.00019580323714762926
98,0.00031739729456603527
99,0.00043877551797777414
100,0.0001940516522154212
101,-0.000050237635150551796
102,0.0000717920484021306
103,0.00007164326962083578
104,-0.00017242890316992998
105,0.00043766514863818884
106,-0.0009047143394127488
107,-0.00029331876430660486
108,0.0008048389572650194
109,-0.0006601538043469191
110,-0.0005370401777327061
111,-0.0007800295716151595
112,-0.0001688533229753375
113,0.0005632002139464021
114,-0.0000476279528811574
115,0.0001963617978617549
116,-0.00041381537448614836
117,0.0006845582975074649
118,0.00031743745785206556
119,0.0008047017036005855
120,-0.0004163673147559166
121,0.00007219903636723757
122,-0.0006597207393497229
123,0.00007320207078009844
124,-0.0005367568228393793
125,0.00019594852346926928
126,0.00007361988537013531
127,0.00007346994243562222
128,0.00031724385917186737
129,0.00019469880498945713
130,0.00007237086538225412
131,-0.00004973961040377617
132,0.0004381762119010091
133,0.00019345316104590893
134,-0.000050835078582167625
135,0.0005590432556346059
136,0.00007018144242465496
137,0.00007003452628850937
138,-0.000174035900272429
139,-0.00017374870367348194
140,-0.00041738583240658045
141,-0.00090451305732131
142,-0.000049193622544407845
143,0.0003167599206790328
144,-0.00017167010810226202
145,-0.00029334682039916515
146,-0.00017088348977267742
147,0.0008050960022956133
148,0.0005597226554527879
149,-0.00005110201891511679
150,0.00007092964369803667
151,0.00007078249473124743
152,-0.00029525021091103554
153,-0.0001727846683934331
154,0.0000714251073077321
155,-0.00005068420432507992
156,-0.0001725767506286502
157,-0.0001722907181829214
158,0.0003158428007736802
159,0.0003152614226564765
160,-0.00017316685989499092
161,0.0006808529142290354
162,0.0004356984281912446
163,0.00031294033396989107
164,-0.000053524039685726166
165,0.0005563576705753803
166,-0.00029838760383427143
167,-0.000053956988267600536
168,0.00006807711906731129
169,-0.000297952676191926
170,-0.0012731418246403337
171,-0.0007830546237528324
172,0.00031597341876477003
173,0.0005593157839030027
174,0.0005583018064498901
175,0.00006944069173187017
176,0.00043518119491636753
177,0.0010441954946145415
178,0.000798393040895462
179,0.0003091023536399007
180,-0.0005452060140669346
181,-0.0005442630499601364
182,-0.0007872449932619929
183,-0.00029802287463098764
184,0.0000683693215250969
185,0.00019018701277673244
186,0.00006786442827433348
187,0.0005555682582780719
188,0.0005545580061152577
189,-0.00017822335939854383
190,0.0003099163295701146
191,0.0003093405393883586
192,0.00006484217010438442
193,0.0004305867478251457
194,0.00006391003262251616
195,-0.0001801534090191126
196,-0.0004237840184941888
197,0.00006479048170149326
198,0.00006464985199272633
199,-0.0009111858671531081
200,-0.0012754779309034348
201,0.00019030703697353601
202,0.0005558321718126535
203,0.00006697396747767925
204,0.00006683170795440674
205,-0.00005527259781956673
206,0.00018872541841119528
207,0.0009201378561556339
208,-0.000057216151617467403
209,-0.00042302580550312996
210,-0.0006662231171503663
211,-0.0007870254339650273
212,0.0000680828234180808
213,-0.0004199080867692828
214,-0.00005329865962266922
215,-0.00005322578363120556
216,0.00019077106844633818
217,0.0005562960868701339
218,0.0006772471824660897
219,0.00006621144711971283
220,-0.00005589181091636419
221,-0.0001777784200385213
222,-0.00005552463699132204
223,0.0007982838433235884
224,0.00006507034413516521
225,0.0003088535740971565
226,0.0004302418092265725
227,0.00006356625817716122
228,-0.00018049648497253656
229,0.00018568371888250113
230,-0.00018055783584713936
231,-0.00005830102600157261
232,-0.0003021473530679941
233,0.00006424961611628532
234,-0.000057851895689964294
235,-0.0004236599197611213
236,-0.0003009703941643238
237,0.0006752347107976675
238,0.00018616323359310627
239,-0.00030204036738723516
240,-0.00005760567728430033
241,-0.0003014518879354
242,-0.0009107504738494754
243,-0.00017738528549671173
244,-0.0015186736127361655
245,-0.00017441692762076855
246,-0.0023694413248449564
247,0.00031791115179657936
248,0.00019536796025931835
249,0.0000730419997125864
250,-0.00029299070592969656
251,-0.00017052539624273777
252,-0.00004827731754630804
253,0.00019571580924093723
254,-0.0007803434273228049
255,-0.00016916426829993725
0,0.0005628925282508135
1,0.00031795294489711523
2,0.0005612955428659916
3,0.0005602814489975572
4,0.0008031919132918119
5,0.0001919363858178258
6,0.0009233473101630807
7,0.00043383880984038115
8,0.0003110840916633606
9,-0.0002993001835420728
10,-0.0006646764231845737
11,0.0004341393942013383
12,0.0007992327446117997
13,0.00030994287226349115
14,-0.0009102500043809414
15,-0.0006647318368777633
16,-0.0004196490626782179
17,-0.0002969625638797879
18,-0.002735692891292274
19,0.00019623420666903257
20,-0.0004139395896345377
21,0.0005624754121527076
22,0.0006834222003817558
23,-0.00004957977216690779
24,0.0004383388441056013
25,0.00007165689021348953
26,-0.0001724121393635869
27,0.0004376857541501522
28,-0.0002948809415102005
29,0.0000715102069079876
30,0.00031528924591839314
31,0.0005586342886090279
32,0.0003136994782835245
33,-0.00017472507897764444
34,0.00031341309659183025
35,0.00031283660791814327
36,0.00006833672523498535
37,0.0001901565119624138
38,-0.0009078591829165816
39,-0.0006623432273045182
40,-0.0004172616172581911
41,0.000559156178496778
42,0.0001922593219205737
43,-0.00005202519241720438
44,-0.0005397993372753263
45,-0.00017297337763011456
46,0.00007123977411538363
47,0.00043698097579181194
48,0.00019226258154958487
49,0.0004358262522146106
50,0.00006914685945957899
51,-0.00005295767914503813
52,0.0006788881728425622
53,0.00043373811058700085
54,0.00043294636998325586
55,-0.00017765362281352282
56,-0.0006652077427133918
57,-0.00005423801485449076
58,-0.00017612415831536055
59,0.0001900537172332406
60,-0.0002981518628075719
61,0.00006824277807027102
62,0.0007998726796358824
63,-0.0006651121657341719
64,-0.00029806571546941996
65,-0.0004195186775177717
66,-0.00017486955039203167
67,0.00019130762666463852
68,-0.0002968993503600359
69,-0.0011501240078359842
70,-0.00053829001262784
71,-0.00029342668130993843
72,0.00043884979095309973
73,-0.00004979339428246021
74,0.0000722402473911643
75,-0.00017182843293994665
76,-0.00004957779310643673
77,0.000438341754488647
78,0.00019362254533916712
79,0.0003152234712615609
80,-0.000051239621825516224
81,0.0009245288092643023
82,0.00019109691493213177
83,-0.00017514766659587622
84,-0.00005289388354867697
85,-0.0004187047015875578
86,-0.000052094110287725925
87,-0.00029594358056783676
88,-0.0004173980560153723
89,-0.00017275044228881598
90,0.00007146329153329134
91,-0.00005064241122454405
92,0.00031531613785773516
93,-0.0002950706984847784
94,-0.00017260177992284298
95,0.0001935736509039998
96,-0.00029463472310453653
97,0.00007175735663622618
98,-0.00005034834612160921
99,-0.0002941994462162256
100,-0.000171731342561543
101,0.001657986082136631
102,0.00006951927207410336
103,-0.00017454661428928375
104,-0.0005401407834142447
105,-0.00041723717004060745
106,-0.0004165130667388439
107,-0.00004990410525351763
108,-0.0012694502947852015
109,0.0014159510610625148
110,-0.0004160077078267932
111,0.0001945248804986477
112,0.000316125457175076
113,-0.00005033810157328844
114,-0.0007820363389328122
115,-0.0001708535710349679
116,-0.0004144888371229172
117,-0.00016984320245683193
118,-0.0002915175864472985
119,-0.00016905146185308695
120,0.00007515924517065287
121,0.00044089823495596647
122,0.00019617751240730286
123,-0.000048108864575624466
124,0.0001958860084414482
125,0.00007356167770922184
126,0.00007341650780290365
127,0.000439157010987401
128,-0.0001714478712528944
129,-0.00004919653292745352
130,-0.00004912423901259899
131,-0.00017101422417908907
132,0.0000731984619051218
133,0.0003169773845002055
134,0.00007247540634125471
135,-0.00041551655158400536
136,-0.000048907590098679066
137,-0.00004883564542979002
138,0.00007319811265915632
139,0.001292672473937273
140,-0.0005390682490542531
141,0.0005595301045104861
142,0.0005585195031017065
143,0.00006966257933527231
144,-0.00005244114436209202
145,0.00006959645543247461
146,0.00031337852124124765
147,0.000068879802711308
148,-0.000175184803083539
149,0.0004349173977971077
150,0.00019020261242985725
151,0.0009216169128194451
152,0.0007979980437085032
153,-0.00042305991519242525
154,-0.000056444318033754826
155,-0.00017832708545029163
156,0.0003098160959780216
157,-0.00017860298976302147
158,0.0004315025871619582
159,-0.00017909484449774027
160,0.00030904938466846943
161,0.0005524021107703447
162,0.00042943668086081743
163,-0.0003031209344044328
164,-0.00018064375035464764
165,0.00018553982954472303
166,-0.0003026602789759636
167,0.00018570187967270613
168,-0.00018053629901260138
169,-0.0004241622518748045
170,-0.0001795073039829731
171,-0.00005724816583096981
172,0.0007965652039274573
173,0.0004292423836886883
174,0.00006257067434489727
175,-0.0003034494584426284
176,-0.0005468577146530151
177,-0.00005806121043860912
178,-0.00030190416146069765
179,0.00006449571810662746
180,0.00018632167484611273
181,0.0007957776542752981
182,0.0007943417876958847
183,0.00030505890026688576
184,-0.0006712030153721571
185,0.00042762188240885735
186,0.00030487601179629564
187,0.00018234760500490665
188,0.000060036429204046726
189,-0.00006205763202160597
190,-0.0000619726488366723
191,0.000060073682107031345
192,0.0007917128968983889
193,-0.00006345263682305813
194,0.00018055690452456474
195,0.00042413349729031324
196,0.00042335258331149817
197,-0.00018723669927567244
198,-0.00030889397021383047
199,0.00005751242861151695
200,0.00017934490460902452
201,0.0005448842421174049
202,0.00005604035686701536
203,-0.00018801167607307434
204,-0.00018770620226860046
205,0.0003004464088007808
206,0.0005438079824671149
207,-0.00031092017889022827
208,-0.00043235928751528263
209,-0.00006573426071554422
210,-0.00018760748207569122
211,0.00030054512899369
212,0.00029998307581990957
213,-0.00006646406836807728
214,-0.0005542223807424307
215,-0.0004313045646995306
216,-0.00018664216622710228
217,0.00042347179260104895
218,0.00017876841593533754
219,0.00005646154750138521
220,-0.00006562878843396902
221,0.0007881930796429515
222,0.0005428409203886986
223,0.000053999247029423714
224,-0.0004339743172749877
225,-0.0009210807038471103
226,-0.00018770189490169287
227,0.00042241334449499846
228,0.00042163499165326357
229,0.0005428193835541606
230,0.00029790180269628763
231,0.00041930447332561016
232,0.0004185287980362773
233,-0.00031401694286614656
234,0.0006622044602409005
235,-0.00007077481132000685
236,-0.0008024525595828891
237,-0.0005571346264332533
238,-0.0004342136671766639
239,0.00017633778043091297
240,0.00005403312388807535
241,0.0007856790907680988
242,0.0007842531194910407
243,-0.0000709047308191657
244,-0.0005586581537500024
245,0.0001740739680826664
246,0.00029569538310170174
247,0.0001731767551973462
248,-0.0000710866879671812
249,-0.0009247255511581898
250,-0.0006791905034333467
251,0.000663566985167563
252,0.00041843438521027565
253,0.00029569840990006924
254,0.000051217968575656414
255,0.000051095266826450825
0,0.000050972914323210716
1,-0.0003150353441014886
2,-0.00007058342453092337
3,-0.0001924511743709445
4,0.00005178328137844801
5,0.00041754613630473614
6,0.0005387347191572189
7,0.00041578372474759817
8,0.00004912668373435736
9,-0.00043884129263460636
10,-0.00043809472117573023
11,-0.00043734873179346323
12,0.000051244162023067474
13,0.00029504578560590744
14,-0.00007139588706195354
15,0.0004165471764281392
16,0.0002938134130090475
17,-0.0008043980924412608
18,-0.00043711578473448753
19,0.00029540120158344507
20,-0.00007104047108441591
21,0.000660825869999826
22,-0.00007215084042400122
23,-0.0003159788902848959
24,0.0000504364725202322
25,0.0006601247005164623
26,0.00029303424526005983
27,0.0004144427366554737
28,-0.00019613641779869795
29,0.00004810187965631485
30,0.00016994483303278685
31,0.00016960932407528162
32,-0.0021480018040165305
33,-0.00031479017343372107
34,-0.00019229983445256948
35,0.0002958594122901559
36,0.0005392272723838687
37,0.0005382386734709144
38,0.00017136544920504093
39,-0.00043878075666725636
40,-0.0003160714404657483
41,-0.0005594652611762285
42,-0.00043654022738337517
43,0.0004179383395239711
44,0.00029520445968955755
45,0.0013923062942922115
46,0.0001701823202893138
47,-0.0000740766990929842
48,0.000047983601689338684
49,-0.000439982395619154
50,-0.0005611954256892204
51,0.0009033121168613434
52,0.00004794192500412464
53,-0.00007413816638290882
54,-0.0001960013760253787
55,0.0005360854556784034
56,0.0006570619298145175
57,-0.0006857203552499413
58,0.0024864732986316085
59,0.000042782980017364025
60,-0.0005671398248523474
61,-0.00007832166738808155
62,0.0002876664511859417
63,0.0001651570200920105
64,0.00016482651699334383
65,0.00040842045564204454
66,0.0001637333771213889
67,0.0004073280142620206
68,-0.0004471675492823124
69,-0.0005683733616024256
70,-0.00020151608623564243
71,-0.00032315694261342287
72,0.0004091515438631177
73,0.00004250218626111746
74,0.00004238937981426716
75,0.00040816282853484154
76,0.00040740007534623146
77,0.00016271427739411592
78,-0.0005693848943337798
79,0.00040728342719376087
80,0.0004065216053277254
81,0.000527722411789
82,0.0000388977350667119
83,-0.00020513497292995453
84,0.00016107468400150537
85,0.0006485965568572283
86,0.000037594116292893887
87,-0.00020643731113523245
88,-0.00045003544073551893
89,-0.0009371242485940456
90,0.000040196580812335014
91,0.0004059718921780586
92,0.0005271737463772297
93,0.000038350000977516174
94,-0.00032764405477792025
95,-0.00008317816536873579
96,0.0008926250739023089
97,0.000890999217517674
98,-0.0002082822611555457
99,0.000035969424061477184
100,0.00015782518312335014
101,0.000279464409686625
102,-0.00020892207976430655
103,-0.0005744792288169265
104,-0.0005735007580369711
105,0.0002812100574374199
106,0.00003674591425806284
107,0.00003663962706923485
108,0.0002804568503051996
109,-0.00008596829138696194
110,-0.00008585711475461721
111,0.0005240633618086576
112,-0.00020868086721748114
113,-0.00020835211034864187
114,-0.0002080237027257681
115,-0.0002076956443488598
116,0.00028047978412359953
117,0.00015797850210219622
118,-0.0008180388249456882
119,-0.00045074080117046833
120,-0.0000840944703668356
121,-0.00008398434147238731
122,-0.00008387502748519182
123,-0.0002057269448414445
124,0.000038522994145751
125,0.00003841589204967022
126,0.00040419434662908316
127,0.0001595132052898407
128,0.00015919015277177095
129,0.00003690551966428757
130,-0.0002071239287033677
131,-0.00032875791657716036
132,-0.0004501757211983204
133,0.00003843288868665695
134,0.0013799067819491029
135,-0.00020808912813663483
136,-0.00008579809218645096
137,-0.0002076481468975544
138,0.00015856616664677858
139,0.0002802060917019844
140,0.0004016298335045576
141,-0.00008697225712239742
142,0.00003510259557515383
143,-0.00045284826774150133
144,-0.00020816130563616753
145,0.00028001563623547554
146,0.00040143937803804874
147,-0.0003310858737677336
148,-0.0005744624650105834
149,0.00003632670268416405
150,0.00003622227814048529
151,0.00003611797001212835