timestamp,ch0
0.0,-3.62548828125
0.001953,-4.43115234375
0.003906,-4.833984375
0.005859,-5.23681640625
0.007812,-5.035400390625
0.009766,-7.452392578125
0.011719,-6.84814453125
0.013672,-6.04248046875
0.015625,-5.23681640625
0.017578,-3.22265625
0.019531,-2.215576171875
0.021484,-1.409912109375
0.023438,-0.8056640625
0.025391,-0.40283203125
0.027344,-0.201416015625
0.029297,-0.40283203125
0.03125,-0.8056640625
0.033203,-0.604248046875
0.035156,-1.409912109375
0.037109,-2.215576171875
0.039062,-3.021240234375
0.041016,-4.0283203125
0.042969,2.4169921875
0.044922,1.812744140625
0.046875,1.409912109375
0.048828,1.409912109375
0.050781,1.611328125
0.052734,2.215576171875
0.054688,2.81982421875
0.056641,3.826904296875
0.058594,4.632568359375
0.060547,5.6396484375
0.0625,6.646728515625
0.064453,12.48779296875
0.066406,12.890625
0.068359,13.092041015625
0.070312,13.092041015625
0.072266,12.890625
0.074219,19.134521484375
0.076172,18.5302734375
0.078125,17.523193359375
0.080078,16.51611328125
0.082031,15.71044921875
0.083984,14.703369140625
0.085938,14.09912109375
0.087891,13.6962890625
0.089844,13.494873046875
0.091797,15.911865234375
0.09375,17.926025390625
0.095703,18.5302734375
0.097656,19.3359375
0.099609,20.343017578125
0.101562,21.35009765625
0.103516,23.968505859375
0.105469,25.78125
0.107422,26.385498046875
0.109375,26.5869140625
0.111328,26.788330078125
0.113281,26.385498046875
0.115234,25.982666015625
0.117188,25.177001953125
0.119141,24.371337890625
0.121094,23.3642578125
0.123047,21.148681640625
0.125,20.1416015625
0.126953,19.537353515625
0.128906,18.93310546875
0.130859,18.731689453125
0.132812,18.731689453125
0.134766,19.134521484375
0.136719,19.73876953125
0.138672,20.54443359375
0.140625,20.947265625
0.142578,21.954345703125
0.144531,18.12744140625
0.146484,18.93310546875
0.148438,19.537353515625
0.150391,19.940185546875
0.152344,20.1416015625
0.154297,19.940185546875
0.15625,19.537353515625
0.158203,18.93310546875
0.160156,18.12744140625
0.162109,17.120361328125
0.164062,16.314697265625
0.166016,15.3076171875
0.167969,14.501953125
0.169922,5.23681640625
0.171875,4.833984375
0.173828,4.833984375
0.175781,5.035400390625
0.177734,2.4169921875
0.179688,3.021240234375
0.181641,4.0283203125
0.183594,4.833984375
0.185547,5.841064453125
0.1875,0.40283203125
0.189453,1.007080078125
0.191406,1.611328125
0.193359,1.812744140625
0.195312,1.812744140625
0.197266,1.409912109375
0.199219,0.8056640625
0.201172,0.0
0.203125,-1.812744140625
0.205078,-2.81982421875
0.207031,-5.035400390625
0.208984,-5.841064453125
0.210938,-6.4453125
0.212891,-6.84814453125
0.214844,-7.049560546875
0.216797,-7.2509765625
0.21875,-6.84814453125
0.220703,-6.04248046875
0.222656,-4.0283203125
0.224609,-3.22265625
0.226562,-2.215576171875
0.228516,-1.20849609375
0.230469,-0.40283203125
0.232422,0.201416015625
0.234375,1.007080078125
0.236328,1.007080078125
0.238281,0.8056640625
0.240234,0.201416015625
0.242188,1.409912109375
0.244141,0.40283203125
0.246094,2.81982421875
0.248047,1.812744140625
0.25,1.007080078125
0.251953,0.201416015625
0.253906,-0.201416015625
0.255859,-0.40283203125
0.257812,6.646728515625
0.259766,7.049560546875
0.261719,7.65380859375
0.263672,8.258056640625
0.265625,9.26513671875
0.267578,10.272216796875
0.269531,11.077880859375
0.271484,12.0849609375
0.273438,12.689208984375
0.275391,13.092041015625
0.277344,13.29345703125
0.279297,13.092041015625
0.28125,12.689208984375
0.283203,12.0849609375
0.285156,18.12744140625
0.287109,17.32177734375
0.289062,16.314697265625
0.291016,19.73876953125
0.292969,18.93310546875
0.294922,18.328857421875
0.296875,18.12744140625
0.298828,17.926025390625
0.300781,18.12744140625
0.302734,18.731689453125
0.304688,19.3359375
0.306641,22.357177734375
0.308594,23.162841796875
0.310547,24.57275390625
0.3125,25.37841796875
0.314453,26.18408203125
0.316406,26.5869140625
0.318359,26.98974609375
0.320312,26.788330078125
0.322266,26.5869140625
0.324219,25.982666015625
0.326172,25.177001953125
0.328125,24.169921875
0.330078,22.357177734375
0.332031,21.35009765625
0.333984,20.54443359375
0.335938,19.940185546875
0.337891,18.731689453125
0.339844,10.07080078125
0.341797,10.272216796875
0.34375,10.675048828125
0.345703,11.279296875
0.347656,12.286376953125
0.349609,13.092041015625
0.351562,14.09912109375
0.353516,15.106201171875
0.355469,15.71044921875
0.357422,16.314697265625
0.359375,16.717529296875
0.361328,16.717529296875
0.363281,16.51611328125
0.365234,15.911865234375
0.367188,15.3076171875
0.369141,7.452392578125
0.371094,6.4453125
0.373047,5.438232421875
0.375,4.632568359375
0.376953,3.826904296875
0.378906,3.424072265625
0.380859,-1.812744140625
0.382812,-1.812744140625
0.384766,-1.409912109375
0.386719,-1.007080078125
0.388672,-0.201416015625
0.390625,0.8056640625
0.392578,1.812744140625
0.394531,2.618408203125
0.396484,3.424072265625
0.398438,4.229736328125
0.400391,4.632568359375
0.402344,4.632568359375
0.404297,1.611328125
0.40625,1.20849609375
0.408203,-1.409912109375
0.410156,-2.618408203125
0.412109,-3.424072265625
0.414062,-5.035400390625
0.416016,-5.841064453125
0.417969,-6.646728515625
0.419922,-7.2509765625
0.421875,-7.65380859375
0.423828,-7.65380859375
0.425781,-7.452392578125
0.427734,-6.84814453125
0.429688,-6.243896484375
0.431641,-2.01416015625
0.433594,-1.007080078125
0.435547,0.0
0.4375,0.8056640625
0.439453,1.611328125
0.441406,2.01416015625
0.443359,2.215576171875
0.445312,2.215576171875
0.447266,1.812744140625
0.449219,6.84814453125
0.451172,6.04248046875
0.453125,5.035400390625
0.455078,4.229736328125
0.457031,3.22265625
0.458984,2.4169921875
0.460938,1.812744140625
0.462891,8.45947265625
0.464844,8.45947265625
0.466797,8.45947265625
0.46875,8.8623046875
0.470703,9.66796875
0.472656,10.4736328125
0.474609,11.279296875
0.476562,12.286376953125
0.478516,13.29345703125
0.480469,20.745849609375
0.482422,21.35009765625
0.484375,21.551513671875
0.486328,21.551513671875
0.488281,21.35009765625
0.490234,20.947265625
0.492188,20.1416015625
0.494141,19.3359375
0.496094,23.162841796875
0.498047,22.15576171875
0.5,21.35009765625
0.501953,20.54443359375
0.503906,20.1416015625
0.505859,19.940185546875
0.507812,19.940185546875
0.509766,20.1416015625
0.511719,20.745849609375
0.513672,21.551513671875
0.515625,23.968505859375
0.517578,24.774169921875
0.519531,25.78125
0.521484,26.5869140625
0.523438,27.191162109375
0.525391,25.579833984375
0.527344,25.78125
0.529297,25.579833984375
0.53125,25.177001953125
0.533203,24.57275390625
0.535156,19.3359375
0.537109,18.5302734375
0.539062,17.523193359375
0.541016,16.51611328125
0.542969,15.911865234375
0.544922,15.3076171875
0.546875,14.90478515625
0.548828,14.90478515625
0.550781,15.106201171875
0.552734,15.71044921875
0.554688,16.314697265625
0.556641,17.120361328125
0.558594,18.12744140625
0.560547,12.48779296875
0.5625,13.494873046875
0.564453,14.09912109375
0.566406,14.703369140625
0.568359,14.90478515625
0.570312,14.90478515625
0.572266,14.501953125
0.574219,7.049560546875
0.576172,6.243896484375
0.578125,5.23681640625
0.580078,4.43115234375
0.582031,3.424072265625
0.583984,2.618408203125
0.585938,2.01416015625
0.587891,-3.826904296875
0.589844,-3.826904296875
0.591797,-3.826904296875
0.59375,-3.424072265625
0.595703,-2.618408203125
0.597656,-1.812744140625
0.599609,-1.007080078125
0.601562,0.0
0.603516,1.007080078125
0.605469,1.812744140625
0.607422,-0.40283203125
0.609375,0.0
0.611328,0.0
0.613281,-0.201416015625
0.615234,-0.8056640625
0.617188,-1.409912109375
0.619141,-2.4169921875
0.621094,-3.62548828125
0.623047,-4.632568359375
0.625,-5.438232421875
0.626953,-6.243896484375
0.628906,-6.646728515625
0.630859,-6.84814453125
0.632812,-6.84814453125
0.634766,-6.646728515625
0.636719,-2.4169921875
0.638672,-1.611328125
0.640625,-0.604248046875
0.642578,0.40283203125
0.644531,1.20849609375
0.646484,2.01416015625
0.648438,2.81982421875
0.650391,3.22265625
0.652344,9.66796875
0.654297,9.66796875
0.65625,9.26513671875
0.658203,8.45947265625
0.660156,7.65380859375
0.662109,6.84814453125
0.664062,5.841064453125
0.666016,4.833984375
0.667969,11.279296875
0.669922,10.675048828125
0.671875,10.272216796875
0.673828,10.272216796875
0.675781,10.4736328125
0.677734,10.87646484375
0.679688,11.68212890625
0.681641,12.48779296875
0.683594,19.3359375
0.685547,20.343017578125
0.6875,21.148681640625
0.689453,21.954345703125
0.691406,22.357177734375
0.693359,22.55859375
0.695312,22.55859375
0.697266,22.357177734375
0.699219,21.7529296875
0.701172,20.947265625
0.703125,19.940185546875
0.705078,19.134521484375
0.707031,18.12744140625
0.708984,17.32177734375
0.710938,20.947265625
0.712891,20.745849609375
0.714844,20.54443359375
0.716797,20.745849609375
0.71875,21.148681640625
0.720703,21.7529296875
0.722656,22.760009765625
0.724609,23.565673828125
0.726562,24.57275390625
0.728516,25.579833984375
0.730469,23.76708984375
0.732422,24.371337890625
0.734375,24.57275390625
0.736328,24.57275390625
0.738281,24.371337890625
0.740234,23.968505859375
0.742188,23.162841796875
0.744141,22.357177734375
0.746094,16.717529296875
0.748047,15.71044921875
0.75,14.90478515625
0.751953,14.09912109375
0.753906,13.494873046875
0.755859,13.29345703125
0.757812,13.494873046875
0.759766,13.6962890625
0.761719,7.65380859375
0.763672,8.258056640625
0.765625,9.26513671875
0.767578,10.272216796875
0.769531,11.077880859375
0.771484,12.0849609375
0.773438,12.689208984375
0.775391,13.092041015625
0.777344,13.29345703125
0.779297,6.4453125
0.78125,6.04248046875
0.783203,5.23681640625
0.785156,4.43115234375
0.787109,3.62548828125
0.789062,2.618408203125
0.791016,-3.424072265625
0.792969,-4.229736328125
0.794922,-4.833984375
0.796875,-5.035400390625
0.798828,-5.23681640625
0.800781,-4.833984375
0.802734,-4.43115234375
0.804688,-3.62548828125
0.806641,-2.81982421875
0.808594,-1.812744140625
0.810547,-2.618408203125
0.8125,-1.812744140625
0.814453,-1.007080078125
0.816406,-0.604248046875
0.818359,-0.40283203125
0.820312,-0.40283203125
0.822266,-0.8056640625
0.824219,-1.20849609375
0.826172,-1.20849609375
0.828125,-2.215576171875
0.830078,-3.22265625
0.832031,-4.0283203125
0.833984,-5.035400390625
0.835938,-5.6396484375
0.837891,-6.04248046875
0.839844,-2.01416015625
0.841797,-2.01416015625
0.84375,-1.611328125
0.845703,-0.8056640625
0.847656,0.0
0.849609,0.8056640625
0.851562,1.812744140625
0.853516,9.66796875
0.855469,10.4736328125
0.857422,11.077880859375
0.859375,11.279296875
0.861328,11.480712890625
0.863281,11.077880859375
0.865234,10.675048828125
0.867188,9.869384765625
0.869141,9.063720703125
0.871094,13.29345703125
0.873047,12.286376953125
0.875,11.480712890625
0.876953,10.87646484375
0.878906,10.272216796875
0.880859,10.07080078125
0.882812,10.07080078125
0.884766,16.9189453125
0.886719,17.32177734375
0.888672,18.12744140625
0.890625,19.134521484375
0.892578,20.1416015625
0.894531,20.947265625
0.896484,21.7529296875
0.898438,22.55859375
0.900391,26.98974609375
0.902344,27.191162109375
0.904297,26.98974609375
0.90625,26.5869140625
0.908203,25.982666015625
0.910156,25.177001953125
0.912109,24.169921875
0.914062,23.162841796875
0.916016,22.357177734375
0.917969,20.947265625
0.919922,20.343017578125
0.921875,20.1416015625
0.923828,20.1416015625
0.925781,17.523193359375
0.927734,18.12744140625
0.929688,18.731689453125
0.931641,19.73876953125
0.933594,20.745849609375
0.935547,21.551513671875
0.9375,22.55859375
0.939453,23.162841796875
0.941406,23.76708984375
0.943359,23.968505859375
0.945312,23.968505859375
0.947266,23.565673828125
0.949219,22.96142578125
0.951172,22.15576171875
0.953125,15.911865234375
0.955078,14.90478515625
0.957031,13.897705078125
0.958984,13.092041015625
0.960938,12.48779296875
0.962891,12.0849609375
0.964844,4.833984375
0.966797,5.035400390625
0.96875,5.438232421875
0.970703,6.04248046875
0.972656,6.84814453125
0.974609,7.855224609375
0.976562,8.8623046875
0.978516,9.66796875
0.980469,4.229736328125
0.982422,4.833984375
0.984375,5.23681640625
0.986328,5.23681640625
0.988281,5.035400390625
0.990234,4.43115234375
0.992188,3.826904296875
0.994141,2.81982421875
0.996094,-3.424072265625
0.998047,-4.229736328125
1.0,-5.23681640625
1.001953,-5.841064453125
1.003906,-6.4453125
1.005859,-6.646728515625
1.007812,-6.646728515625
1.009766,-6.243896484375
1.011719,-5.841064453125
1.013672,-5.035400390625
1.015625,-4.229736328125
1.017578,-3.22265625
1.019531,-2.215576171875
1.021484,-1.409912109375
1.023438,-0.8056640625
1.025391,-0.40283203125
1.027344,1.409912109375
1.029297,1.20849609375
1.03125,0.8056640625
1.033203,0.201416015625
1.035156,-0.604248046875
1.037109,-1.611328125
1.039062,-2.4169921875
1.041016,-3.424072265625
1.042969,-4.229736328125
1.044922,-4.833984375
1.046875,-5.035400390625
1.048828,-5.23681640625
1.050781,-4.833984375
1.052734,-4.43115234375
1.054688,-0.40283203125
1.056641,0.604248046875
1.058594,1.409912109375
1.060547,9.063720703125
1.0625,10.07080078125
1.064453,10.675048828125
1.066406,11.279296875
1.068359,11.480712890625
1.070312,11.480712890625
1.072266,11.077880859375
1.074219,17.32177734375
1.076172,16.51611328125
1.078125,15.509033203125
1.080078,14.501953125
1.082031,13.6962890625
1.083984,12.890625
1.085938,12.0849609375
1.087891,11.68212890625
1.089844,15.911865234375
1.091797,17.926025390625
1.09375,18.328857421875
1.095703,18.93310546875
1.097656,19.73876953125
1.099609,20.745849609375
1.101562,21.7529296875
1.103516,22.55859375
1.105469,26.788330078125
1.107422,27.392578125
1.109375,27.593994140625
1.111328,27.79541015625
1.113281,27.593994140625
1.115234,26.98974609375
1.117188,26.385498046875
1.119141,25.37841796875
1.121094,23.76708984375
1.123047,22.760009765625
1.125,21.7529296875
1.126953,21.148681640625
1.128906,20.54443359375
1.130859,20.343017578125
1.132812,20.343017578125
1.134766,20.745849609375
1.136719,16.717529296875
1.138672,17.523193359375
1.140625,18.5302734375
1.142578,19.537353515625
1.144531,20.343017578125
1.146484,21.148681640625
1.148438,21.954345703125
1.150391,22.357177734375
1.152344,22.357177734375
1.154297,22.357177734375
1.15625,21.954345703125
1.158203,21.148681640625
1.160156,20.343017578125
1.162109,19.537353515625
1.164062,18.5302734375
1.166016,4.833984375
1.167969,4.0283203125
1.169922,3.424072265625
1.171875,3.22265625
1.173828,3.021240234375
1.175781,3.22265625
1.177734,3.826904296875
1.179688,4.43115234375
1.181641,5.438232421875
1.183594,0.201416015625
1.185547,1.20849609375
1.1875,2.01416015625
1.189453,2.618408203125
1.191406,3.22265625
1.193359,3.424072265625
1.195312,3.424072265625
1.197266,3.021240234375
1.199219,2.4169921875
1.201172,-2.4169921875
1.203125,-3.424072265625
1.205078,-4.43115234375
1.207031,-5.23681640625
1.208984,-6.243896484375
1.210938,-6.84814453125
1.212891,-7.2509765625
1.214844,-7.65380859375
1.216797,-7.452392578125
1.21875,-7.049560546875
1.220703,-6.4453125
1.222656,-5.6396484375
1.224609,-4.632568359375
1.226562,-3.62548828125
1.228516,-2.81982421875
1.230469,-2.01416015625
1.232422,2.215576171875
1.234375,2.4169921875
1.236328,2.618408203125
1.238281,2.215576171875
1.240234,1.812744140625
1.242188,1.007080078125
1.244141,0.201416015625
1.246094,-0.8056640625
1.248047,-1.611328125
1.25,-2.618408203125
1.251953,-3.22265625
1.253906,-3.826904296875
1.255859,-4.0283203125
1.257812,-4.0283203125
1.259766,1.611328125
1.261719,9.26513671875
1.263672,10.07080078125
1.265625,10.87646484375
1.267578,11.883544921875
1.269531,12.890625
1.271484,13.6962890625
1.273438,14.300537109375
1.275391,14.703369140625
1.277344,14.90478515625
1.279297,21.7529296875
1.28125,21.35009765625
1.283203,20.745849609375
1.285156,19.940185546875
1.287109,18.93310546875
1.289062,17.926025390625
1.291016,17.120361328125
1.292969,16.314697265625
1.294922,18.731689453125
1.296875,18.328857421875
1.298828,18.328857421875
1.300781,18.5302734375
1.302734,18.93310546875
1.304688,19.73876953125
1.306641,20.54443359375
1.308594,21.551513671875
1.310547,24.371337890625
1.3125,25.177001953125
1.314453,25.982666015625
1.316406,24.57275390625
1.318359,24.774169921875
1.320312,24.774169921875
1.322266,24.371337890625
1.324219,23.76708984375
1.326172,23.162841796875
1.328125,22.15576171875
1.330078,21.148681640625
1.332031,20.343017578125
1.333984,19.3359375
1.335938,18.731689453125
1.337891,18.328857421875
1.339844,18.12744140625
1.341797,18.328857421875
1.34375,15.509033203125
1.345703,16.314697265625
1.347656,17.120361328125
1.349609,17.926025390625
1.351562,18.93310546875
1.353516,19.940185546875
1.355469,20.745849609375
1.357422,21.148681640625
1.359375,14.90478515625
1.361328,14.90478515625
1.363281,14.703369140625
1.365234,14.09912109375
1.367188,13.494873046875
1.369141,12.48779296875
1.371094,11.68212890625
1.373047,10.675048828125
1.375,2.81982421875
1.376953,2.01416015625
1.378906,1.611328125
1.380859,1.20849609375
1.382812,1.409912109375
1.384766,1.611328125
1.386719,2.215576171875
1.388672,-2.81982421875
1.390625,-1.812744140625
1.392578,-0.8056640625
1.394531,0.0
1.396484,1.007080078125
1.398438,1.611328125
1.400391,2.01416015625
1.402344,2.01416015625
1.404297,2.01416015625
1.40625,-1.812744140625
1.408203,-2.4169921875
1.410156,-3.424072265625
1.412109,-4.229736328125
1.414062,-5.23681640625
1.416016,-6.243896484375
1.417969,-6.84814453125
1.419922,-7.452392578125
1.421875,-7.855224609375
1.423828,-7.452392578125
1.425781,-7.2509765625
1.427734,-6.646728515625
1.429688,-6.04248046875
1.431641,-5.035400390625
1.433594,-4.229736328125
1.435547,-3.22265625
1.4375,-2.4169921875
1.439453,2.81982421875
1.441406,3.424072265625
1.443359,3.62548828125
1.445312,3.62548828125
1.447266,3.22265625
1.449219,2.618408203125
1.451172,1.812744140625
1.453125,6.84814453125
1.455078,6.04248046875
1.457031,5.035400390625
1.458984,4.229736328125
1.460938,3.62548828125
1.462891,3.22265625
1.464844,3.021240234375
1.466797,3.22265625
1.46875,10.675048828125
1.470703,11.480712890625
1.472656,12.286376953125
1.474609,13.092041015625
1.476562,14.09912109375
1.478516,15.106201171875
1.480469,15.911865234375
1.482422,16.314697265625
1.484375,16.717529296875
1.486328,16.717529296875
1.488281,22.55859375
1.490234,22.15576171875
1.492188,21.35009765625
1.494141,20.54443359375
1.496094,19.537353515625
1.498047,18.5302734375
1.5,17.724609375
1.501953,16.9189453125
1.503906,19.73876953125
1.505859,19.537353515625
1.507812,19.537353515625
1.509766,19.940185546875
1.511719,21.7529296875
1.513672,22.55859375
1.515625,23.3642578125
1.517578,24.371337890625
1.519531,25.37841796875
1.521484,26.18408203125
1.523438,26.788330078125
1.525391,27.191162109375
1.527344,27.392578125
1.529297,27.191162109375
1.53125,24.57275390625
1.533203,23.968505859375
1.535156,23.162841796875
1.537109,22.15576171875
1.539062,21.148681640625
1.541016,20.343017578125
1.542969,19.537353515625
1.544922,18.93310546875
1.546875,13.29345703125
1.548828,13.29345703125
1.550781,13.494873046875
1.552734,13.897705078125
1.554688,14.703369140625
1.556641,15.509033203125
1.558594,16.51611328125
1.560547,17.523193359375
1.5625,11.68212890625
1.564453,12.48779296875
1.566406,12.890625
1.568359,13.092041015625
1.570312,13.092041015625
1.572266,12.890625
1.574219,12.286376953125
1.576172,11.480712890625
1.578125,10.4736328125
1.580078,9.66796875
1.582031,8.660888671875
1.583984,7.855224609375
1.585938,7.2509765625
1.587891,0.0
1.589844,-5.23681640625
1.591797,-5.035400390625
1.59375,-4.632568359375
1.595703,-4.0283203125
1.597656,-3.22265625
1.599609,-2.215576171875
1.601562,-1.409912109375
1.603516,-0.40283203125
1.605469,0.40283203125
1.607422,1.007080078125
1.609375,-0.604248046875
1.611328,-1.409912109375
1.613281,-1.611328125
1.615234,-2.01416015625
1.617188,-2.81982421875
1.619141,-3.62548828125
1.621094,-4.632568359375
1.623047,-4.229736328125
1.625,-5.23681640625
1.626953,-5.841064453125
1.628906,-6.4453125
1.630859,-6.646728515625
1.632812,-6.646728515625
1.634766,-6.243896484375
1.636719,-5.6396484375
1.638672,-4.833984375
1.640625,1.007080078125
1.642578,2.01416015625
1.644531,3.021240234375
1.646484,3.826904296875
1.648438,4.43115234375
1.650391,4.833984375
1.652344,5.035400390625
1.654297,4.833984375
1.65625,10.87646484375
1.658203,10.07080078125
1.660156,9.26513671875
1.662109,8.45947265625
1.664062,7.452392578125
1.666016,6.4453125
1.667969,5.841064453125
1.669922,10.4736328125
1.671875,10.07080078125
1.673828,10.07080078125
1.675781,10.272216796875
1.677734,10.675048828125
1.679688,11.480712890625
1.681641,12.286376953125
1.683594,13.29345703125
1.685547,14.300537109375
1.6875,15.106201171875
1.689453,21.7529296875
1.691406,22.357177734375
1.693359,22.55859375
1.695312,22.357177734375
1.697266,22.15576171875
1.699219,21.551513671875
1.701172,20.745849609375
1.703125,19.940185546875
1.705078,22.96142578125
1.707031,22.55859375
1.708984,21.7529296875
1.710938,21.148681640625
1.712891,20.745849609375
1.714844,20.54443359375
1.716797,20.745849609375
1.71875,21.148681640625
1.720703,21.7529296875
1.722656,22.55859375
1.724609,23.565673828125
1.726562,24.57275390625
1.728516,25.37841796875
1.730469,26.18408203125
1.732422,26.788330078125
1.734375,27.191162109375
1.736328,23.76708984375
1.738281,23.565673828125
1.740234,23.162841796875
1.742188,22.357177734375
1.744141,21.551513671875
1.746094,20.54443359375
1.748047,14.300537109375
1.75,13.29345703125
1.751953,12.689208984375
1.753906,12.0849609375
1.755859,11.883544921875
1.757812,11.883544921875
1.759766,12.286376953125
1.761719,12.890625
1.763672,13.6962890625
1.765625,7.452392578125
1.767578,8.45947265625
1.769531,9.466552734375
1.771484,10.272216796875
1.773438,10.87646484375
1.775391,11.279296875
1.777344,11.480712890625
1.779297,11.279296875
1.78125,4.0283203125
1.783203,3.424072265625
1.785156,2.4169921875
1.787109,1.611328125
1.789062,0.604248046875
1.791016,-0.40283203125
1.792969,-1.007080078125
1.794922,-1.611328125
1.796875,-6.646728515625
1.798828,-6.646728515625
1.800781,-6.4453125
1.802734,-6.04248046875
1.804688,-5.23681640625
1.806641,-4.43115234375
1.808594,-3.424072265625
1.810547,-2.4169921875
1.8125,-1.611328125
1.814453,-1.20849609375
1.816406,-0.604248046875
1.818359,-0.40283203125
1.820312,-0.604248046875
1.822266,-0.8056640625
1.824219,-1.409912109375
1.826172,-2.215576171875
1.828125,-1.611328125
1.830078,-1.812744140625
1.832031,-2.81982421875
1.833984,-3.62548828125
1.835938,-4.229736328125
1.837891,-4.632568359375
1.839844,-4.833984375
1.841797,-4.632568359375
1.84375,0.40283203125
1.845703,1.007080078125
1.847656,1.812744140625
1.849609,2.81982421875
1.851562,3.826904296875
1.853516,4.632568359375
1.855469,5.438232421875
1.857422,6.04248046875
1.859375,13.092041015625
1.861328,13.092041015625
1.863281,12.890625
1.865234,12.48779296875
1.867188,11.68212890625
1.869141,10.87646484375
1.871094,9.869384765625
1.873047,8.8623046875
1.875,15.106201171875
1.876953,14.501953125
1.878906,13.897705078125
1.880859,13.6962890625
1.882812,13.897705078125
1.884766,14.09912109375
1.886719,14.703369140625
1.888672,15.509033203125
1.890625,20.745849609375
1.892578,21.7529296875
1.894531,22.760009765625
1.896484,23.565673828125
1.898438,24.169921875
1.900391,24.57275390625
1.902344,27.392578125
1.904297,27.392578125
1.90625,26.98974609375
1.908203,26.18408203125
1.910156,25.37841796875
1.912109,24.57275390625
1.914062,23.565673828125
1.916016,22.55859375
1.917969,21.7529296875
1.919922,21.148681640625
1.921875,20.745849609375
1.923828,20.54443359375
1.925781,20.947265625
1.927734,21.35009765625
1.929688,22.15576171875
1.931641,22.96142578125
1.933594,23.968505859375
1.935547,24.774169921875
1.9375,21.7529296875
1.939453,22.55859375
1.941406,22.96142578125
1.943359,23.3642578125
1.945312,23.162841796875
1.947266,22.96142578125
1.949219,22.357177734375
1.951172,21.551513671875
1.953125,20.54443359375
1.955078,13.092041015625
1.957031,12.0849609375
1.958984,11.279296875
1.960938,10.675048828125
1.962891,10.272216796875
1.964844,10.07080078125
1.966797,10.272216796875
1.96875,3.826904296875
1.970703,4.43115234375
1.972656,5.23681640625
1.974609,6.243896484375
1.976562,7.049560546875
1.978516,8.056640625
1.980469,8.8623046875
1.982422,9.466552734375
1.984375,3.22265625
1.986328,3.22265625
1.988281,3.021240234375
1.990234,2.4169921875
1.992188,1.812744140625
1.994141,0.8056640625
1.996094,0.0
1.998047,-1.007080078125
2.0,-4.833984375
2.001953,-5.6396484375
2.003906,-6.04248046875
2.005859,-6.243896484375
2.007812,-6.243896484375
2.009766,-5.841064453125
2.011719,-5.23681640625
2.013672,-4.632568359375
2.015625,-3.62548828125
2.017578,-4.0283203125
2.019531,-3.424072265625
2.021484,-2.618408203125
2.023438,-1.812744140625
2.025391,-1.409912109375
2.027344,-1.409912109375
2.029297,-1.409912109375
2.03125,1.812744140625
2.033203,1.20849609375
2.035156,0.40283203125
2.037109,-0.604248046875
2.039062,-1.409912109375
2.041016,-2.4169921875
2.042969,-3.22265625
2.044922,-3.826904296875
2.046875,1.20849609375
2.048828,1.20849609375
2.050781,1.409912109375
2.052734,2.01416015625
2.054688,2.618408203125
2.056641,3.62548828125
2.058594,4.43115234375
2.060547,5.438232421875
2.0625,6.4453125
2.064453,14.300537109375
2.066406,14.703369140625
2.068359,14.90478515625
2.070312,14.90478515625
2.072266,14.501953125
2.074219,14.09912109375
2.076172,13.29345703125
2.078125,12.286376953125
2.080078,17.724609375
2.082031,16.717529296875
2.083984,15.911865234375
2.085938,15.3076171875
2.087891,14.90478515625
2.089844,14.703369140625
2.091797,14.90478515625
2.09375,15.3076171875
2.095703,21.148681640625
2.097656,22.96142578125
2.099609,23.968505859375
2.101562,24.9755859375
2.103516,25.78125
2.105469,26.5869140625
2.107422,27.191162109375
2.109375,27.593994140625
2.111328,27.593994140625
2.113281,27.392578125
2.115234,26.788330078125
2.117188,26.18408203125
2.119141,25.37841796875
2.121094,24.371337890625
2.123047,23.3642578125
2.125,22.55859375
2.126953,21.7529296875
2.128906,21.35009765625
2.130859,20.947265625
2.132812,21.148681640625
2.134766,21.35009765625
2.136719,21.954345703125
2.138672,18.5302734375
2.140625,17.523193359375
2.142578,18.5302734375
2.144531,19.537353515625
2.146484,20.343017578125
2.148438,20.947265625
2.150391,21.35009765625
2.152344,21.551513671875
2.154297,21.35009765625
2.15625,20.947265625
2.158203,13.6962890625
2.160156,12.890625
2.162109,11.883544921875
2.164062,10.87646484375
2.166016,10.07080078125
2.167969,9.26513671875
2.169922,8.660888671875
2.171875,8.258056640625
2.173828,1.20849609375
2.175781,1.409912109375
2.177734,2.01416015625
2.179688,2.618408203125
2.181641,3.424072265625
2.183594,4.43115234375
2.185547,5.438232421875
2.1875,6.243896484375
2.189453,1.409912109375
2.191406,2.01416015625
2.193359,2.215576171875
2.195312,2.215576171875
2.197266,1.812744140625
2.199219,1.20849609375
2.201172,0.604248046875
2.203125,-0.40283203125
2.205078,-4.43115234375
2.207031,-5.438232421875
2.208984,-6.243896484375
2.210938,-6.84814453125
2.212891,-7.2509765625
2.214844,-7.452392578125
2.216797,-7.2509765625
2.21875,-6.84814453125
2.220703,-5.23681640625
2.222656,-4.43115234375
2.224609,-3.424072265625
2.226562,-2.4169921875
2.228516,-1.611328125
2.230469,-0.8056640625
2.232422,-0.201416015625
2.234375,0.201416015625
2.236328,0.201416015625
2.238281,0.0
2.240234,-0.604248046875
2.242188,-1.20849609375
2.244141,-2.215576171875
2.246094,-3.021240234375
2.248047,-0.604248046875
2.25,4.632568359375
2.251953,3.826904296875
2.253906,3.424072265625
2.255859,3.22265625
2.257812,3.22265625
2.259766,3.62548828125
2.261719,4.229736328125
2.263672,4.833984375
2.265625,5.841064453125
2.267578,11.883544921875
2.269531,14.703369140625
2.271484,15.509033203125
2.273438,16.11328125
2.275391,16.51611328125
2.277344,16.717529296875
2.279297,16.51611328125
2.28125,16.11328125
2.283203,20.343017578125
2.285156,19.537353515625
2.287109,18.5302734375
2.289062,17.523193359375
2.291016,16.717529296875
2.292969,20.1416015625
2.294922,19.537353515625
2.296875,19.134521484375
2.298828,19.134521484375
2.300781,19.3359375
2.302734,19.940185546875
2.304688,20.54443359375
2.306641,21.551513671875
2.308594,22.357177734375
2.310547,23.3642578125
2.3125,24.371337890625
2.314453,24.9755859375
2.316406,27.593994140625
2.318359,27.79541015625
2.320312,27.79541015625
2.322266,27.392578125
2.324219,26.788330078125
2.326172,26.18408203125
2.328125,25.177001953125
2.330078,21.551513671875
2.332031,20.54443359375
2.333984,19.73876953125
2.335938,19.134521484375
2.337891,18.731689453125
2.339844,18.5302734375
2.341797,18.731689453125
2.34375,19.134521484375
2.345703,19.73876953125
2.347656,20.54443359375
2.349609,21.551513671875
2.351562,22.55859375
2.353516,23.3642578125
2.355469,24.169921875
2.357422,19.3359375
2.359375,19.73876953125
2.361328,19.73876953125
2.363281,19.537353515625
2.365234,19.134521484375
2.367188,11.68212890625
2.369141,10.87646484375
2.371094,9.869384765625
2.373047,2.215576171875
2.375,1.409912109375
2.376953,0.604248046875
2.378906,0.201416015625
2.380859,-0.201416015625
2.382812,0.0
2.384766,0.201416015625
2.386719,0.8056640625
2.388672,1.611328125
2.390625,-2.81982421875
2.392578,-2.01416015625
2.394531,-1.007080078125
2.396484,-0.201416015625
2.398438,0.40283203125
2.400391,0.8056640625
2.402344,1.007080078125
2.404297,0.8056640625
2.40625,-1.007080078125
2.408203,3.826904296875
2.410156,-5.23681640625
2.412109,-13.6962890625
2.414062,-23.565673828125
2.416016,-25.579833984375
2.417969,-22.55859375
2.419922,-9.063720703125
2.421875,-3.826904296875
2.423828,-38.067626953125
2.425781,58.612060546875
2.427734,-56.396484375
2.429688,2.81982421875
2.431641,-54.180908203125
2.433594,-36.2548828125
2.435547,-11.480712890625
2.4375,70.8984375
2.439453,61.834716796875
2.441406,-58.0078125
2.443359,47.332763671875
2.445312,36.65771484375
2.447266,-51.96533203125
2.449219,71.7041015625
2.451172,-15.3076171875
2.453125,-80.56640625
2.455078,-48.138427734375
2.457031,-7.65380859375
2.458984,91.644287109375
2.460938,108.160400390625
2.462891,15.911865234375
2.464844,12.0849609375
2.466797,89.4287109375
2.46875,-152.069091796875
2.470703,41.89453125
2.472656,83.587646484375
2.474609,31.4208984375
2.476562,-12.689208984375
2.478516,-54.78515625
2.480469,-57.60498046875
2.482422,-46.124267578125
2.484375,97.686767578125
2.486328,-5.438232421875
2.488281,37.8662109375
2.490234,-24.169921875
2.492188,-64.05029296875
2.494141,-20.1416015625
2.496094,154.083251953125
2.498047,60.82763671875
2.5,46.728515625
2.501953,6.646728515625
2.503906,-0.8056640625
2.505859,65.057373046875
2.507812,-18.328857421875
2.509766,52.3681640625
2.511719,32.427978515625
2.513672,90.032958984375
2.515625,10.07080078125
2.517578,-10.272216796875
2.519531,4.833984375
2.521484,2.01416015625
2.523438,87.41455078125
2.525391,58.41064453125
2.527344,62.237548828125
2.529297,38.671875
2.53125,-39.4775390625
2.533203,64.654541015625
2.535156,83.7890625
2.537109,20.343017578125
2.539062,-23.565673828125
2.541016,-18.731689453125
2.542969,-0.604248046875
2.544922,-39.678955078125
2.546875,24.774169921875
2.548828,-4.0283203125
2.550781,-23.968505859375
2.552734,27.191162109375
2.554688,8.258056640625
2.556641,-7.855224609375
2.558594,31.4208984375
2.560547,55.389404296875
2.5625,29.00390625
2.564453,40.887451171875
2.566406,-9.063720703125
2.568359,11.480712890625
2.570312,8.258056640625
2.572266,45.9228515625
2.574219,-7.049560546875
2.576172,11.279296875
2.578125,7.65380859375
2.580078,-32.830810546875
2.582031,22.15576171875
2.583984,14.300537109375
2.585938,-18.12744140625
2.587891,16.717529296875
2.589844,-6.646728515625
2.591797,9.063720703125
2.59375,-53.173828125
2.595703,-7.65380859375
2.597656,18.328857421875
2.599609,20.745849609375
2.601562,-30.010986328125
2.603516,-4.0283203125
2.605469,-12.0849609375
2.607422,14.90478515625
2.609375,-75.933837890625
2.611328,22.96142578125
2.613281,19.537353515625
2.615234,29.00390625
2.617188,-63.848876953125
2.619141,-49.1455078125
2.621094,63.043212890625
2.623047,-35.44921875
2.625,9.466552734375
2.626953,-6.04248046875
2.628906,-6.646728515625
2.630859,-28.1982421875
2.632812,-66.064453125
2.634766,-20.343017578125
2.636719,25.579833984375
2.638672,-51.361083984375
2.640625,-9.869384765625
2.642578,-15.3076171875
2.644531,-95.47119140625
2.646484,-23.3642578125
2.648438,8.258056640625
2.650391,20.54443359375
2.652344,34.844970703125
2.654297,-10.272216796875
2.65625,-5.035400390625
2.658203,-5.438232421875
2.660156,15.106201171875
2.662109,-11.077880859375
2.664062,-52.972412109375
2.666016,-6.04248046875
2.667969,68.682861328125
2.669922,-45.721435546875
2.671875,57.403564453125
2.673828,160.931396484375
2.675781,53.173828125
2.677734,84.5947265625
2.679688,-45.318603515625
2.681641,87.01171875
2.683594,-25.579833984375
2.685547,81.77490234375
2.6875,17.32177734375
2.689453,84.99755859375
2.691406,64.251708984375
2.693359,58.41064453125
2.695312,81.976318359375
2.697266,44.71435546875
2.699219,41.49169921875
2.701172,-66.064453125
2.703125,46.124267578125
2.705078,61.029052734375
2.707031,-92.449951171875
2.708984,-110.980224609375
2.710938,67.071533203125
2.712891,88.018798828125
2.714844,89.02587890625
2.716797,50.152587890625
2.71875,-11.480712890625
2.720703,45.52001953125
2.722656,59.619140625
2.724609,69.488525390625
2.726562,88.018798828125
2.728516,168.988037109375
2.730469,-20.947265625
2.732422,-27.392578125
2.734375,-3.424072265625
2.736328,10.07080078125
2.738281,46.527099609375
2.740234,-25.579833984375
2.742188,-49.54833984375
2.744141,-96.881103515625
2.746094,124.8779296875
2.748047,-86.60888671875
2.75,28.399658203125
2.751953,-5.6396484375
2.753906,-27.593994140625
2.755859,-133.33740234375
2.757812,-15.3076171875
2.759766,-55.99365234375
2.761719,71.30126953125
2.763672,8.056640625
2.765625,101.312255859375
2.767578,40.68603515625
2.769531,99.700927734375
2.771484,-86.004638671875
2.773438,42.901611328125
2.775391,21.35009765625
2.777344,5.23681640625
2.779297,-9.466552734375
2.78125,-44.110107421875
2.783203,-17.926025390625
2.785156,-21.35009765625
2.787109,-34.6435546875
2.789062,-8.258056640625
2.791016,35.247802734375
2.792969,-73.71826171875
2.794922,8.258056640625
2.796875,93.05419921875
2.798828,60.4248046875
2.800781,-49.346923828125
2.802734,-22.96142578125
2.804688,-24.9755859375
2.806641,75.933837890625
2.808594,14.300537109375
2.810547,-40.484619140625
2.8125,-1.007080078125
2.814453,9.869384765625
2.816406,-0.8056640625
2.818359,-8.056640625
2.820312,47.13134765625
2.822266,67.474365234375
2.824219,-25.579833984375
2.826172,-11.279296875
2.828125,-22.96142578125
2.830078,-2.215576171875
2.832031,13.494873046875
2.833984,58.8134765625
2.835938,-25.177001953125
2.837891,2.81982421875
2.839844,-48.944091796875
2.841797,-13.6962890625
2.84375,-8.258056640625
2.845703,-50.7568359375
2.847656,3.22265625
2.849609,-50.7568359375
2.851562,48.541259765625
2.853516,-9.063720703125
2.855469,-4.43115234375
2.857422,27.593994140625
2.859375,25.579833984375
2.861328,-0.604248046875
2.863281,-15.106201171875
2.865234,47.5341796875
2.867188,-13.092041015625
2.869141,31.219482421875
2.871094,-54.38232421875
2.873047,7.65380859375
2.875,30.21240234375
2.876953,73.3154296875
2.878906,51.763916015625
2.880859,2.215576171875
2.882812,-6.84814453125
2.884766,34.039306640625
2.886719,58.41064453125
2.888672,9.26513671875
2.890625,-4.43115234375
2.892578,-25.982666015625
2.894531,0.201416015625
2.896484,2.01416015625
2.898438,18.12744140625
2.900391,39.276123046875
2.902344,-25.982666015625
2.904297,12.286376953125
2.90625,44.915771484375
2.908203,-12.890625
2.910156,13.6962890625
2.912109,-10.07080078125
2.914062,30.010986328125
2.916016,-23.565673828125
2.917969,14.300537109375
2.919922,-4.632568359375
2.921875,32.427978515625
2.923828,13.494873046875
2.925781,42.29736328125
2.927734,20.343017578125
2.929688,4.0283203125
2.931641,-0.8056640625
2.933594,25.78125
2.935547,48.33984375
2.9375,37.46337890625
2.939453,60.4248046875
2.941406,17.523193359375
2.943359,8.45947265625
2.945312,-1.611328125
2.947266,-8.660888671875
2.949219,69.085693359375
2.951172,4.43115234375
2.953125,4.632568359375
2.955078,-36.053466796875
2.957031,-36.2548828125
2.958984,27.996826171875
2.960938,-7.049560546875
2.962891,35.44921875
2.964844,4.632568359375
2.966797,44.915771484375
2.96875,-3.22265625
2.970703,-6.4453125
2.972656,2.01416015625
2.974609,41.693115234375
2.976562,77.74658203125
2.978516,-65.66162109375
2.980469,-13.494873046875
2.982422,-4.43115234375
2.984375,-41.49169921875
2.986328,-58.8134765625
2.988281,-10.675048828125
2.990234,-39.07470703125
2.992188,-17.724609375
2.994141,-81.573486328125
2.996094,5.035400390625
2.998047,-18.731689453125
3.0,-34.844970703125
3.001953,-45.52001953125
3.003906,-78.350830078125
3.005859,14.90478515625
3.007812,-66.8701171875
3.009766,16.314697265625
3.011719,18.5302734375
3.013672,-44.3115234375
3.015625,-15.509033203125
3.017578,-49.1455078125
3.019531,9.26513671875
3.021484,37.060546875
3.023438,-61.63330078125
3.025391,51.763916015625
3.027344,-41.89453125
3.029297,-53.778076171875
3.03125,-69.891357421875
3.033203,-74.725341796875
3.035156,63.446044921875
3.037109,-3.424072265625
3.039062,-8.056640625
3.041016,49.54833984375
3.042969,14.90478515625
3.044922,-69.287109375
3.046875,46.929931640625
3.048828,139.78271484375
3.050781,70.8984375
3.052734,-11.077880859375
3.054688,-31.219482421875
3.056641,-29.00390625
3.058594,-53.173828125
3.060547,-24.57275390625
3.0625,-55.18798828125
3.064453,19.940185546875
3.066406,20.1416015625
3.068359,58.612060546875
3.070312,-16.9189453125
3.072266,118.231201171875
3.074219,97.08251953125
3.076172,163.348388671875
3.078125,-102.117919921875
3.080078,-55.18798828125
3.082031,2.81982421875
3.083984,15.106201171875
3.085938,-80.56640625
3.087891,56.597900390625
3.089844,28.802490234375
3.091797,-0.604248046875
3.09375,-50.152587890625
3.095703,-8.45947265625
3.097656,60.626220703125
3.099609,87.615966796875
3.101562,-18.731689453125
3.103516,18.731689453125
3.105469,21.7529296875
3.107422,45.52001953125
3.109375,26.98974609375
3.111328,-36.2548828125
3.113281,-40.081787109375
3.115234,101.91650390625
3.117188,30.816650390625
3.119141,-128.50341796875
3.121094,42.7001953125
3.123047,-11.883544921875
3.125,-29.00390625
3.126953,113.5986328125
3.128906,104.937744140625
3.130859,-54.78515625
3.132812,-51.763916015625
3.134766,93.255615234375
3.136719,95.8740234375
3.138672,-0.8056640625
3.140625,-78.753662109375
3.142578,33.0322265625
3.144531,25.982666015625
3.146484,80.364990234375
3.148438,-68.07861328125
3.150391,71.7041015625
3.152344,58.612060546875
3.154297,-31.622314453125
3.15625,25.982666015625
3.158203,-32.62939453125
3.160156,29.8095703125
3.162109,-32.427978515625
3.164062,-50.555419921875
3.166016,-5.6396484375
3.167969,-19.73876953125
3.169922,-71.905517578125
3.171875,-4.632568359375
3.173828,-7.452392578125
3.175781,24.9755859375
3.177734,-7.452392578125
3.179688,-1.007080078125
3.181641,-54.986572265625
3.183594,-2.01416015625
3.185547,42.29736328125
3.1875,-17.926025390625
3.189453,6.84814453125
3.191406,24.57275390625
3.193359,40.887451171875
3.195312,-36.456298828125
3.197266,64.251708984375
3.199219,72.10693359375
3.201172,-30.413818359375
3.203125,-28.60107421875
3.205078,-15.3076171875
3.207031,-16.11328125
3.208984,-43.90869140625
3.210938,29.608154296875
3.212891,-36.65771484375
3.214844,-68.88427734375
3.216797,-59.619140625
3.21875,-49.1455078125
3.220703,17.32177734375
3.222656,-27.191162109375
3.224609,-5.438232421875
3.226562,-20.745849609375
3.228516,4.632568359375
3.230469,40.887451171875
3.232422,-62.43896484375
3.234375,28.802490234375
3.236328,15.3076171875
3.238281,45.318603515625
3.240234,31.82373046875
3.242188,-22.357177734375
3.244141,-0.8056640625
3.246094,36.2548828125
3.248047,3.826904296875
3.25,4.0283203125
3.251953,38.067626953125
3.253906,24.57275390625
3.255859,-42.29736328125
3.257812,-39.88037109375
3.259766,18.12744140625
3.261719,-2.618408203125
3.263672,4.0283203125
3.265625,-14.90478515625
3.267578,-5.841064453125
3.269531,-7.452392578125
3.271484,4.833984375
3.273438,42.498779296875
3.275391,20.947265625
3.277344,-7.65380859375
3.279297,43.90869140625
3.28125,21.551513671875
3.283203,-24.57275390625
3.285156,25.37841796875
3.287109,36.65771484375
3.289062,37.261962890625
3.291016,55.792236328125
3.292969,-16.51611328125
3.294922,-15.106201171875
3.296875,45.9228515625
3.298828,64.453125
3.300781,-3.62548828125
3.302734,-3.826904296875
3.304688,-12.286376953125
3.306641,81.170654296875
3.308594,-35.650634765625
3.310547,117.626953125
3.3125,-9.869384765625
3.314453,65.460205078125
3.316406,-39.276123046875
3.318359,-21.551513671875
3.320312,-3.424072265625
3.322266,106.549072265625
3.324219,-20.343017578125
3.326172,-1.812744140625
3.328125,90.838623046875
3.330078,-29.40673828125
3.332031,-15.509033203125
3.333984,0.604248046875
3.335938,116.015625
3.337891,66.8701171875
3.339844,95.672607421875
3.341797,14.703369140625
3.34375,-44.915771484375
3.345703,47.332763671875
3.347656,-55.389404296875
3.349609,74.9267578125
3.351562,109.771728515625
3.353516,12.286376953125
3.355469,-111.785888671875
3.357422,23.3642578125
3.359375,129.913330078125
3.361328,154.486083984375
3.363281,0.8056640625
3.365234,62.237548828125
3.367188,-30.615234375
3.369141,-25.177001953125
3.371094,29.205322265625
3.373047,-3.424072265625
3.375,57.000732421875
3.376953,113.397216796875
3.378906,21.148681640625
3.380859,-12.890625
3.382812,76.739501953125
3.384766,-35.85205078125
3.386719,18.93310546875
3.388672,146.429443359375
3.390625,-25.579833984375
3.392578,-33.837890625
3.394531,86.004638671875
3.396484,-33.0322265625
3.398438,104.33349609375
3.400391,169.390869140625
3.402344,-50.35400390625
3.404297,-132.12890625
3.40625,-16.51611328125
3.408203,-37.060546875
3.410156,64.05029296875
3.412109,-39.88037109375
3.414062,-7.049560546875
3.416016,-49.749755859375
3.417969,-21.35009765625
3.419922,-48.541259765625
3.421875,35.85205078125
3.423828,60.82763671875
3.425781,-101.312255859375
3.427734,-24.57275390625
3.429688,-63.848876953125
3.431641,43.90869140625
3.433594,3.021240234375
3.435547,-18.731689453125
3.4375,41.89453125
3.439453,-34.442138671875
3.441406,-75.732421875
3.443359,23.76708984375
3.445312,-54.38232421875
3.447266,81.976318359375
3.449219,-35.247802734375
3.451172,55.389404296875
3.453125,75.732421875
3.455078,-67.474365234375
3.457031,-10.272216796875
3.458984,-3.826904296875
3.460938,-13.897705078125
3.462891,-10.4736328125
3.464844,40.887451171875
3.466797,61.63330078125
3.46875,-31.219482421875
3.470703,16.51611328125
3.472656,53.57666015625
3.474609,97.08251953125
3.476562,-30.21240234375
3.478516,-2.81982421875
3.480469,-4.833984375
3.482422,-47.93701171875
3.484375,16.11328125
3.486328,15.106201171875
3.488281,63.446044921875
3.490234,2.01416015625
3.492188,-29.40673828125
3.494141,9.466552734375
3.496094,97.08251953125
3.498047,31.4208984375
3.5,51.361083984375
3.501953,36.65771484375
3.503906,66.265869140625
3.505859,-28.802490234375
3.507812,53.375244140625
3.509766,2.01416015625
3.511719,33.0322265625
3.513672,92.24853515625
3.515625,6.04248046875
3.517578,-19.134521484375
3.519531,40.887451171875
3.521484,-3.62548828125
3.523438,35.247802734375
3.525391,55.792236328125
3.527344,27.996826171875
3.529297,63.24462890625
3.53125,-1.812744140625
3.533203,-49.346923828125
3.535156,62.0361328125
3.537109,33.837890625
3.539062,29.00390625
3.541016,31.82373046875
3.542969,13.897705078125
3.544922,32.025146484375
3.546875,-40.484619140625
3.548828,10.87646484375
3.550781,84.5947265625
3.552734,15.911865234375
3.554688,-5.23681640625
3.556641,11.480712890625
3.558594,13.29345703125
3.560547,53.57666015625
3.5625,5.6396484375
3.564453,10.675048828125
3.566406,11.279296875
3.568359,11.480712890625
3.570312,11.480712890625
3.572266,11.077880859375
3.574219,10.4736328125
3.576172,9.66796875
3.578125,8.8623046875
3.580078,7.855224609375
3.582031,0.604248046875
3.583984,-0.201416015625
3.585938,-0.8056640625
3.587891,-1.20849609375
3.589844,-1.409912109375
3.591797,-1.20849609375
3.59375,-0.8056640625
3.595703,-0.201416015625
3.597656,-4.229736328125
3.599609,-3.22265625
3.601562,-2.4169921875
3.603516,-1.409912109375
3.605469,-0.604248046875
3.607422,0.0
3.609375,0.201416015625
3.611328,0.40283203125
3.613281,0.0
3.615234,-1.611328125
3.617188,-2.215576171875
3.619141,-3.22265625
3.621094,-4.0283203125
3.623047,-5.035400390625
3.625,-6.04248046875
3.626953,-6.646728515625
3.628906,-5.6396484375
3.630859,-5.841064453125
3.632812,-5.841064453125
3.634766,-5.438232421875
3.636719,-4.833984375
3.638672,-4.229736328125
3.640625,-3.22265625
3.642578,-2.215576171875
3.644531,-1.409912109375
3.646484,5.035400390625
3.648438,5.6396484375
3.650391,6.04248046875
3.652344,6.243896484375
3.654297,6.04248046875
3.65625,5.6396484375
3.658203,5.035400390625
3.660156,11.077880859375
3.662109,10.272216796875
3.664062,9.26513671875
3.666016,8.258056640625
3.667969,7.65380859375
3.669922,7.049560546875
3.671875,6.646728515625
3.673828,6.646728515625
3.675781,6.84814453125
3.677734,14.501953125
3.679688,15.106201171875
3.681641,16.11328125
3.683594,16.9189453125
3.685547,17.926025390625
3.6875,18.93310546875
3.689453,19.537353515625
3.691406,24.9755859375
3.693359,25.177001953125
3.695312,25.177001953125
3.697266,24.774169921875
3.699219,24.169921875
3.701172,23.565673828125
3.703125,22.55859375
3.705078,21.551513671875
3.707031,20.745849609375
3.708984,21.7529296875
3.710938,21.148681640625
3.712891,20.745849609375
3.714844,20.54443359375
3.716797,20.745849609375
3.71875,21.148681640625
3.720703,21.7529296875
3.722656,22.55859375
3.724609,21.7529296875
3.726562,22.760009765625
3.728516,23.76708984375
3.730469,24.371337890625
3.732422,24.9755859375
3.734375,25.37841796875
3.736328,25.37841796875
3.738281,21.35009765625
3.740234,20.745849609375
3.742188,20.1416015625
3.744141,19.3359375
3.746094,18.328857421875
3.748047,17.32177734375
3.75,16.51611328125
3.751953,15.71044921875
3.753906,15.3076171875
3.755859,8.45947265625
3.757812,8.45947265625
3.759766,8.8623046875
3.761719,9.466552734375
3.763672,10.07080078125
3.765625,11.077880859375
3.767578,12.0849609375
3.769531,12.890625
3.771484,13.897705078125
3.773438,14.501953125
3.775391,14.90478515625
3.777344,15.106201171875
3.779297,14.90478515625
3.78125,9.26513671875
3.783203,8.660888671875
3.785156,5.6396484375
3.787109,0.604248046875
3.789062,-0.40283203125
3.791016,-1.409912109375
3.792969,-2.215576171875
3.794922,-2.618408203125
3.796875,-3.021240234375
3.798828,-3.021240234375
3.800781,-2.81982421875
3.802734,-6.646728515625
3.804688,-6.04248046875
3.806641,-5.035400390625
3.808594,-4.229736328125
3.810547,-3.22265625
3.8125,-2.4169921875
3.814453,-1.611328125
3.816406,-1.20849609375
3.818359,-0.201416015625
3.820312,-0.40283203125
3.822266,-0.604248046875
3.824219,-1.20849609375
3.826172,-2.01416015625
3.828125,-2.81982421875
3.830078,-3.826904296875
3.832031,-4.833984375
3.833984,-5.6396484375
3.835938,-3.826904296875
3.837891,-4.229736328125
3.839844,-4.43115234375
3.841797,-4.229736328125
3.84375,-3.826904296875
3.845703,-3.22265625
3.847656,-2.4169921875
3.849609,4.632568359375
3.851562,5.438232421875
3.853516,6.4453125
3.855469,13.897705078125
3.857422,14.501953125
3.859375,14.90478515625
3.861328,14.90478515625
3.863281,14.703369140625
3.865234,14.300537109375
3.867188,13.494873046875
3.869141,12.689208984375
3.871094,11.68212890625
3.873047,10.675048828125
3.875,9.869384765625
3.876953,9.063720703125
3.878906,8.660888671875
3.880859,8.45947265625
3.882812,8.45947265625
3.884766,8.660888671875
3.886719,9.26513671875
3.888672,10.07080078125
3.890625,11.077880859375
3.892578,11.883544921875
3.894531,23.3642578125
3.896484,24.371337890625
3.898438,24.9755859375
3.900391,25.37841796875
3.902344,25.579833984375
3.904297,25.37841796875
3.90625,24.9755859375
3.908203,24.371337890625
3.910156,23.3642578125
3.912109,22.55859375
3.914062,23.162841796875
3.916016,22.15576171875
3.917969,21.35009765625
3.919922,20.745849609375
3.921875,20.54443359375
3.923828,20.54443359375
3.925781,20.745849609375
3.927734,21.148681640625
3.929688,20.54443359375
3.931641,21.35009765625
3.933594,22.357177734375
3.935547,23.3642578125
3.9375,24.169921875
3.939453,24.9755859375
3.941406,25.37841796875
3.943359,25.579833984375
3.945312,20.1416015625
3.947266,19.73876953125
3.949219,19.134521484375
3.951172,18.328857421875
3.953125,17.523193359375
3.955078,16.51611328125
3.957031,15.509033203125
3.958984,14.703369140625
3.960938,14.09912109375
3.962891,6.646728515625
3.964844,6.646728515625
3.966797,6.646728515625
3.96875,7.2509765625
3.970703,7.855224609375
3.972656,8.660888671875
3.974609,9.66796875
3.976562,10.4736328125
3.978516,4.229736328125
3.980469,5.035400390625
3.982422,5.6396484375
3.984375,6.04248046875
3.986328,6.04248046875
3.988281,5.841064453125
3.990234,5.23681640625
3.992188,4.632568359375
3.994141,3.826904296875
3.996094,2.81982421875
3.998047,1.812744140625
4.0,1.007080078125
4.001953,0.201416015625
4.003906,-0.201416015625
4.005859,-7.65380859375
4.007812,-7.65380859375
4.009766,-7.2509765625
4.011719,-6.646728515625
4.013672,-5.841064453125
4.015625,-5.035400390625
4.017578,-4.0283203125
4.019531,-3.021240234375
4.021484,-2.215576171875
4.023438,-1.611328125
4.025391,-0.201416015625
4.027344,0.0
4.029297,-0.201416015625
4.03125,-0.604248046875
4.033203,-1.20849609375
4.035156,-2.01416015625
4.037109,-3.021240234375
4.039062,-3.826904296875
4.041016,0.0
4.042969,-0.8056640625
4.044922,-1.409912109375
4.046875,-1.611328125
4.048828,-1.611328125
4.050781,5.035400390625
4.052734,5.6396484375
4.054688,6.243896484375
4.056641,7.2509765625
4.058594,8.056640625
4.060547,9.063720703125
4.0625,10.07080078125
4.064453,10.675048828125
4.066406,11.279296875
4.068359,11.480712890625
4.070312,11.279296875
4.072266,11.077880859375
4.074219,17.523193359375
4.076172,16.717529296875
4.078125,15.911865234375
4.080078,14.90478515625
4.082031,13.897705078125
4.083984,13.092041015625
4.085938,12.48779296875
4.087891,16.11328125
4.089844,15.911865234375
4.091797,16.11328125
4.09375,16.51611328125
4.095703,17.120361328125
4.097656,17.926025390625
4.099609,18.93310546875
4.101562,19.940185546875
4.103516,20.745849609375
4.105469,21.551513671875
4.107422,22.15576171875
4.109375,27.191162109375
4.111328,27.191162109375
4.113281,26.98974609375
4.115234,26.5869140625
4.117188,26.385498046875
4.119141,24.774169921875
4.121094,23.76708984375
4.123047,22.760009765625
4.125,21.954345703125
4.126953,21.148681640625
4.128906,20.745849609375
4.130859,20.343017578125
4.132812,17.523193359375
4.134766,17.724609375
4.136719,18.328857421875
4.138672,19.134521484375
4.140625,19.940185546875
4.142578,20.947265625
4.144531,21.954345703125
4.146484,22.760009765625
4.148438,17.926025390625
4.150391,18.328857421875
4.152344,18.328857421875
4.154297,18.328857421875
4.15625,17.926025390625
4.158203,17.120361328125
4.160156,16.314697265625
4.162109,8.45947265625
4.164062,7.65380859375
4.166016,6.646728515625
4.167969,5.841064453125
4.169922,5.23681640625
4.171875,5.035400390625
4.173828,4.833984375
4.175781,5.23681640625
4.177734,5.6396484375
4.179688,-0.604248046875
4.181641,0.40283203125
4.183594,1.20849609375
4.185547,2.215576171875
4.1875,3.021240234375
4.189453,3.826904296875
4.191406,4.229736328125
4.193359,4.632568359375
4.195312,0.604248046875
4.197266,0.201416015625
4.199219,-0.40283203125
4.201172,-1.007080078125
4.203125,-2.01416015625
4.205078,-3.021240234375
4.207031,-3.826904296875
4.208984,-4.833984375
4.210938,-5.438232421875
4.212891,-5.841064453125
4.214844,-6.04248046875
4.216797,-5.841064453125
4.21875,-6.4453125
4.220703,-5.6396484375
4.222656,-4.833984375
4.224609,-4.0283203125
4.226562,-1.812744140625
4.228516,-1.007080078125
4.230469,-0.201416015625
4.232422,0.40283203125
4.234375,0.8056640625
4.236328,0.8056640625
4.238281,0.604248046875
4.240234,0.0
4.242188,-0.604248046875
4.244141,0.8056640625
4.246094,8.056640625
4.248047,7.049560546875
4.25,6.243896484375
4.251953,5.438232421875
4.253906,5.035400390625
4.255859,4.833984375
4.257812,4.833984375
4.259766,5.23681640625
4.261719,5.841064453125
4.263672,6.4453125
4.265625,7.452392578125
4.267578,8.45947265625
4.269531,9.26513671875
4.271484,10.272216796875
4.273438,10.87646484375
4.275391,18.328857421875
4.277344,18.328857421875
4.279297,18.328857421875
4.28125,17.926025390625
4.283203,17.120361328125
4.285156,16.314697265625
4.287109,15.509033203125
4.289062,20.745849609375
4.291016,18.93310546875
4.292969,16.11328125
4.294922,14.501953125
4.296875,16.314697265625
4.298828,20.745849609375
4.300781,15.509033203125
4.302734,19.134521484375
4.304688,11.077880859375
4.306641,37.8662109375
4.308594,28.399658203125
4.310547,3.021240234375
4.3125,39.4775390625
4.314453,43.505859375
4.316406,10.07080078125
4.318359,10.87646484375
4.320312,59.417724609375
4.322266,38.470458984375
4.324219,6.646728515625
4.326172,10.07080078125
4.328125,26.385498046875
4.330078,-21.35009765625
4.332031,41.290283203125
4.333984,-16.314697265625
4.335938,118.4326171875
4.337891,4.0283203125
4.339844,32.427978515625
4.341797,74.725341796875
4.34375,9.869384765625
4.345703,59.820556640625
4.347656,-61.834716796875
4.349609,105.13916015625
4.351562,15.509033203125
4.353516,20.745849609375
4.355469,105.5419921875
4.357422,-21.7529296875
4.359375,165.966796875
4.361328,-27.996826171875
4.363281,49.749755859375
4.365234,47.5341796875
4.367188,42.7001953125
4.369141,-20.343017578125
4.371094,-29.205322265625
4.373047,-0.201416015625
4.375,33.837890625
4.376953,-58.41064453125
4.378906,-23.76708984375
4.380859,-51.361083984375
4.382812,-59.014892578125
4.384766,-3.826904296875
4.386719,55.792236328125
4.388672,-62.0361328125
4.390625,-51.5625
4.392578,-83.990478515625
4.394531,-111.9873046875
4.396484,-32.025146484375
4.398438,67.474365234375
4.400391,138.372802734375
4.402344,33.636474609375
4.404297,-78.753662109375
4.40625,46.124267578125
4.408203,12.286376953125
4.410156,-26.5869140625
4.412109,136.358642578125
4.414062,-12.286376953125
4.416016,-25.982666015625
4.417969,-48.33984375
4.419922,51.763916015625
4.421875,-4.0283203125
4.423828,41.89453125
4.425781,44.512939453125
4.427734,79.156494140625
4.429688,-102.117919921875
4.431641,-63.6474609375
4.433594,35.44921875
4.435547,158.31298828125
4.4375,69.488525390625
4.439453,-6.84814453125
4.441406,11.279296875
4.443359,11.68212890625
4.445312,-31.4208984375
4.447266,-55.5908203125
4.449219,93.85986328125
4.451172,-90.838623046875
4.453125,-19.940185546875
4.455078,-51.15966796875
4.457031,86.407470703125
4.458984,76.5380859375
4.460938,-41.0888671875
4.462891,-8.45947265625
4.464844,-50.152587890625
4.466797,-96.075439453125
4.46875,-10.07080078125
4.470703,-3.826904296875
4.472656,-3.826904296875
4.474609,21.35009765625
4.476562,22.96142578125
4.478516,59.21630859375
4.480469,-29.40673828125
4.482422,148.64501953125
4.484375,64.453125
4.486328,44.3115234375
4.488281,38.470458984375
4.490234,21.954345703125
4.492188,26.98974609375
4.494141,-92.047119140625
4.496094,6.243896484375
4.498047,3.62548828125
4.5,63.24462890625
4.501953,-72.509765625
4.503906,-46.32568359375
4.505859,8.056640625
4.507812,24.169921875
4.509766,10.4736328125
4.511719,99.298095703125
4.513672,42.29736328125
4.515625,-2.4169921875
4.517578,29.40673828125
4.519531,73.516845703125
4.521484,29.40673828125
4.523438,66.8701171875
4.525391,1.611328125
4.527344,-4.229736328125
4.529297,-10.675048828125
4.53125,67.67578125
4.533203,10.07080078125
4.535156,47.93701171875
4.537109,8.45947265625
4.539062,48.541259765625
4.541016,11.077880859375
4.542969,-52.972412109375
4.544922,9.869384765625
4.546875,-12.286376953125
4.548828,-24.9755859375
4.550781,63.24462890625
4.552734,-3.826904296875
4.554688,19.537353515625
4.556641,-27.79541015625
4.558594,18.328857421875
4.560547,-0.40283203125
4.5625,-6.84814453125
4.564453,20.1416015625
4.566406,35.04638671875
4.568359,12.890625
4.570312,-60.4248046875
4.572266,-7.049560546875
4.574219,39.4775390625
4.576172,10.272216796875
4.578125,25.982666015625
4.580078,22.55859375
4.582031,-38.671875
4.583984,19.537353515625
4.585938,4.833984375
4.587891,8.056640625
4.589844,11.279296875
4.591797,-16.314697265625
4.59375,-40.081787109375
4.595703,-7.049560546875
4.597656,-12.890625
4.599609,29.40673828125
4.601562,38.067626953125
4.603516,-11.883544921875
4.605469,-6.646728515625
4.607422,27.996826171875
4.609375,4.0283203125
4.611328,29.40673828125
4.613281,-1.409912109375
4.615234,-17.32177734375
4.617188,-22.55859375
4.619141,-66.064453125
4.621094,55.99365234375
4.623047,25.78125
4.625,8.660888671875
4.626953,-35.44921875
4.628906,38.26904296875
4.630859,-55.5908203125
4.632812,5.035400390625
4.634766,26.5869140625
4.636719,18.12744140625
4.638672,5.23681640625
4.640625,-85.198974609375
4.642578,-58.41064453125
4.644531,39.678955078125
4.646484,7.049560546875
4.648438,92.24853515625
4.650391,18.731689453125
4.652344,86.407470703125
4.654297,-38.26904296875
4.65625,-54.986572265625
4.658203,-9.063720703125
4.660156,76.739501953125
4.662109,18.328857421875
4.664062,43.707275390625
4.666016,39.678955078125
4.667969,19.3359375
4.669922,45.721435546875
4.671875,47.332763671875
4.673828,143.81103515625
4.675781,60.82763671875
4.677734,37.46337890625
4.679688,-100.103759765625
4.681641,31.4208984375
4.683594,77.74658203125
4.685547,20.947265625
4.6875,46.124267578125
4.689453,117.828369140625
4.691406,19.537353515625
4.693359,33.43505859375
4.695312,14.703369140625
4.697266,-60.626220703125
4.699219,99.298095703125
4.701172,-69.085693359375
4.703125,81.170654296875
4.705078,-62.43896484375
4.707031,68.280029296875
4.708984,-54.38232421875
4.710938,-53.57666015625
4.712891,-61.431884765625
4.714844,11.883544921875
4.716797,5.438232421875
4.71875,-87.01171875
4.720703,84.5947265625
4.722656,33.837890625
4.724609,15.911865234375
4.726562,8.258056640625
4.728516,35.85205078125
4.730469,-57.403564453125
4.732422,-90.435791015625
4.734375,24.57275390625
4.736328,23.162841796875
4.738281,20.343017578125
4.740234,13.6962890625
4.742188,11.077880859375
4.744141,-71.099853515625
4.746094,2.618408203125
4.748047,-21.35009765625
4.75,20.343017578125
4.751953,60.02197265625
4.753906,-132.12890625
4.755859,30.010986328125
4.757812,-57.60498046875
4.759766,82.781982421875
4.761719,83.990478515625
4.763672,-88.018798828125
4.765625,-1.007080078125
4.767578,79.962158203125
4.769531,-18.328857421875
4.771484,74.12109375
4.773438,-53.9794921875
4.775391,55.99365234375
4.777344,54.78515625
4.779297,-12.689208984375
4.78125,-14.90478515625
4.783203,-75.732421875
4.785156,100.30517578125
4.787109,81.976318359375
4.789062,59.417724609375
4.791016,-35.44921875
4.792969,-85.198974609375
4.794922,-3.424072265625
4.796875,40.283203125
4.798828,18.731689453125
4.800781,-20.54443359375
4.802734,34.442138671875
4.804688,-52.3681640625
4.806641,-17.523193359375
4.808594,-8.8623046875
4.810547,31.219482421875
4.8125,57.60498046875
4.814453,21.954345703125
4.816406,33.43505859375
4.818359,2.215576171875
4.820312,-4.0283203125
4.822266,44.915771484375
4.824219,63.446044921875
4.826172,40.283203125
4.828125,13.29345703125
4.830078,-37.46337890625
4.832031,-15.71044921875
4.833984,12.286376953125
4.835938,28.60107421875
4.837891,58.0078125
4.839844,-14.703369140625
4.841797,-53.173828125
4.84375,-29.608154296875
4.845703,-35.247802734375
4.847656,20.54443359375
4.849609,-23.968505859375
4.851562,-2.01416015625
4.853516,29.00390625
4.855469,-9.869384765625
4.857422,-18.5302734375
4.859375,28.399658203125
4.861328,60.02197265625
4.863281,1.812744140625
4.865234,29.8095703125
4.867188,38.671875
4.869141,-35.247802734375
4.871094,-19.134521484375
4.873047,8.258056640625
4.875,12.890625
4.876953,1.611328125
4.878906,-16.51611328125
4.880859,-63.446044921875
4.882812,-24.774169921875
4.884766,-14.90478515625
4.886719,-16.314697265625
4.888672,24.774169921875
4.890625,51.96533203125
4.892578,3.424072265625
4.894531,11.883544921875
4.896484,41.693115234375
4.898438,112.188720703125
4.900391,0.201416015625
4.902344,2.81982421875
4.904297,34.039306640625
4.90625,24.9755859375
4.908203,25.78125
4.910156,6.04248046875
4.912109,-1.20849609375
4.914062,42.901611328125
4.916016,-3.021240234375
4.917969,-26.788330078125
4.919922,33.636474609375
4.921875,10.07080078125
4.923828,47.13134765625
4.925781,33.233642578125
4.927734,59.014892578125
4.929688,68.280029296875
4.931641,6.243896484375
4.933594,44.3115234375
4.935547,30.413818359375
4.9375,33.233642578125
4.939453,25.177001953125
4.941406,-13.29345703125
4.943359,20.54443359375
4.945312,-35.44921875
4.947266,1.20849609375
4.949219,69.488525390625
4.951172,41.49169921875
4.953125,19.73876953125
4.955078,22.55859375
4.957031,46.32568359375
4.958984,86.2060546875
4.960938,-15.71044921875
4.962891,-13.897705078125
4.964844,-17.926025390625
4.966797,-41.693115234375
4.96875,-33.636474609375
4.970703,-2.01416015625
4.972656,-40.887451171875
4.974609,72.509765625
4.976562,7.452392578125
4.978516,-23.162841796875
4.980469,-66.265869140625
4.982422,-28.60107421875
4.984375,43.90869140625
4.986328,57.403564453125
4.988281,-12.286376953125
4.990234,-40.283203125
4.992188,-55.99365234375
4.994141,26.5869140625
4.996094,-63.848876953125
4.998047,74.322509765625
5.0,61.63330078125
5.001953,-0.8056640625
5.003906,42.901611328125
5.005859,-69.68994140625
5.007812,14.703369140625
5.009766,63.6474609375
5.011719,12.890625
5.013672,44.3115234375
5.015625,35.650634765625
5.017578,43.90869140625
5.019531,29.608154296875
5.021484,6.243896484375
5.023438,17.724609375
5.025391,-44.512939453125
5.027344,-51.763916015625
5.029297,-31.01806640625
5.03125,104.132080078125
5.033203,-43.304443359375
5.035156,44.3115234375
5.037109,-79.962158203125
5.039062,-78.55224609375
5.041016,-28.60107421875
5.042969,-4.833984375
5.044922,-2.618408203125
5.046875,26.788330078125
5.048828,22.96142578125
5.050781,17.724609375
5.052734,128.50341796875
5.054688,-142.6025390625
5.056641,20.745849609375
5.058594,2.215576171875
5.060547,140.185546875
5.0625,-86.2060546875
5.064453,-17.926025390625
5.066406,115.411376953125
5.068359,-61.63330078125
5.070312,77.545166015625
5.072266,66.064453125
5.074219,64.453125
5.076172,-42.7001953125
5.078125,18.731689453125
5.080078,-10.675048828125
5.082031,58.41064453125
5.083984,118.634033203125
5.085938,-8.660888671875
5.087891,58.612060546875
5.089844,73.71826171875
5.091797,-33.43505859375
5.09375,-57.000732421875
5.095703,-19.134521484375
5.097656,63.24462890625
5.099609,86.810302734375
5.101562,162.945556640625
5.103516,72.711181640625
5.105469,-17.523193359375
5.107422,116.619873046875
5.109375,27.392578125
5.111328,48.74267578125
5.113281,110.174560546875
5.115234,56.79931640625
5.117188,76.739501953125
5.119141,-10.87646484375
5.121094,18.12744140625
5.123047,17.120361328125
5.125,38.067626953125
5.126953,28.802490234375
5.128906,88.421630859375
5.130859,5.035400390625
5.132812,35.247802734375
5.134766,56.79931640625
5.136719,41.49169921875
5.138672,-86.810302734375
5.140625,19.3359375
5.142578,-13.897705078125
5.144531,61.63330078125
5.146484,27.996826171875
5.148438,100.103759765625
5.150391,27.191162109375
5.152344,-50.7568359375
5.154297,-13.092041015625
5.15625,-21.954345703125
5.158203,-25.78125
5.160156,78.753662109375
5.162109,-6.243896484375
5.164062,62.0361328125
5.166016,-28.1982421875
5.167969,-64.251708984375
5.169922,33.636474609375
5.171875,-7.049560546875
5.173828,55.99365234375
5.175781,63.6474609375
5.177734,7.049560546875
5.179688,-37.46337890625
5.181641,20.947265625
5.183594,32.427978515625
5.185547,98.895263671875
5.1875,10.675048828125
5.189453,9.26513671875
5.191406,47.93701171875
5.193359,-43.90869140625
5.195312,-9.063720703125
5.197266,3.62548828125
5.199219,-22.357177734375
5.201172,-14.501953125
5.203125,36.456298828125
5.205078,8.45947265625
5.207031,-56.396484375
5.208984,10.87646484375
5.210938,-1.611328125
5.212891,16.314697265625
5.214844,-29.00390625
5.216797,-44.71435546875
5.21875,-6.84814453125
5.220703,-22.760009765625
5.222656,38.671875
5.224609,43.304443359375
5.226562,-19.940185546875
5.228516,3.62548828125
5.230469,-8.660888671875
5.232422,-42.095947265625
5.234375,-27.79541015625
5.236328,16.717529296875
5.238281,-9.063720703125
5.240234,-10.4736328125
5.242188,-22.15576171875
5.244141,13.897705078125
5.246094,6.04248046875
5.248047,-3.62548828125
5.25,1.812744140625
5.251953,23.565673828125
5.253906,-6.243896484375
5.255859,-16.9189453125
5.257812,4.833984375
5.259766,31.219482421875
5.261719,-15.71044921875
5.263672,-17.523193359375
5.265625,-18.731689453125
5.267578,5.841064453125
5.269531,4.229736328125
5.271484,23.76708984375
5.273438,17.926025390625
5.275391,61.834716796875
5.277344,-15.509033203125
5.279297,-19.940185546875
5.28125,2.81982421875
5.283203,40.081787109375
5.285156,47.5341796875
5.287109,32.62939453125
5.289062,40.68603515625
5.291016,57.60498046875
5.292969,-10.07080078125
5.294922,-67.474365234375
5.296875,118.634033203125
5.298828,75.531005859375
5.300781,65.460205078125
5.302734,19.940185546875
5.304688,20.745849609375
5.306641,21.551513671875
5.308594,22.55859375
5.310547,25.177001953125
5.3125,25.982666015625
5.314453,26.5869140625
5.316406,27.191162109375
5.318359,27.392578125
5.320312,27.392578125
5.322266,26.98974609375
5.324219,26.385498046875
5.326172,25.579833984375
5.328125,22.96142578125
5.330078,21.954345703125
5.332031,20.947265625
5.333984,20.1416015625
5.335938,19.537353515625
5.337891,19.134521484375
5.339844,18.93310546875
5.341797,19.134521484375
5.34375,15.509033203125
5.345703,16.11328125
5.347656,16.9189453125
5.349609,17.926025390625
5.351562,18.93310546875
5.353516,19.73876953125
5.355469,20.54443359375
5.357422,14.501953125
5.359375,14.90478515625
5.361328,14.90478515625
5.363281,14.703369140625
5.365234,14.09912109375
5.367188,13.494873046875
5.369141,12.48779296875
5.371094,11.68212890625
5.373047,3.826904296875
5.375,3.021240234375
5.376953,2.215576171875
5.378906,1.812744140625
5.380859,1.611328125
5.382812,1.611328125
5.384766,1.812744140625
5.386719,2.4169921875
5.388672,-2.618408203125
5.390625,-1.611328125
5.392578,-0.604248046875
5.394531,0.201416015625
5.396484,1.20849609375
5.398438,1.812744140625
5.400391,2.215576171875
5.402344,2.4169921875
5.404297,2.215576171875
5.40625,1.812744140625
5.408203,1.20849609375
5.410156,-2.81982421875
5.412109,-3.826904296875
5.414062,-4.833984375
5.416016,-5.6396484375
5.417969,-5.841064453125
5.419922,-6.4453125
5.421875,-6.646728515625
5.423828,-6.646728515625
5.425781,-6.4453125
5.427734,-6.04248046875
5.429688,-5.23681640625
5.431641,-4.43115234375
5.433594,-1.20849609375
5.435547,-0.40283203125
5.4375,0.604248046875
5.439453,1.20849609375
5.441406,1.812744140625
5.443359,2.01416015625
5.445312,2.01416015625
5.447266,1.611328125
5.449219,6.84814453125
5.451172,6.04248046875
5.453125,5.23681640625
5.455078,4.229736328125
5.457031,3.22265625
5.458984,2.4169921875
5.460938,1.812744140625
5.462891,1.409912109375
5.464844,1.20849609375
5.466797,8.45947265625
5.46875,8.8623046875
5.470703,9.466552734375
5.472656,10.4736328125
5.474609,11.279296875
5.476562,12.286376953125
5.478516,13.29345703125
5.480469,20.343017578125
5.482422,20.947265625
5.484375,21.148681640625
5.486328,21.148681640625
5.488281,20.947265625
5.490234,20.54443359375
5.492188,19.73876953125
5.494141,18.93310546875
5.496094,22.760009765625
5.498047,21.7529296875
5.5,20.947265625
5.501953,20.343017578125
5.503906,19.73876953125
5.505859,19.537353515625
5.507812,19.537353515625
5.509766,19.940185546875
5.511719,20.54443359375
5.513672,21.148681640625
5.515625,22.15576171875
5.517578,23.162841796875
5.519531,23.968505859375
5.521484,24.9755859375
5.523438,26.788330078125
5.525391,25.37841796875
5.527344,25.37841796875
5.529297,25.37841796875
5.53125,24.9755859375
5.533203,24.169921875
5.535156,23.3642578125
5.537109,22.55859375
5.539062,21.551513671875
5.541016,20.54443359375
5.542969,19.73876953125
5.544922,13.6962890625
5.546875,13.494873046875
5.548828,13.29345703125
5.550781,13.6962890625
5.552734,14.09912109375
5.554688,14.90478515625
5.556641,15.71044921875
5.558594,9.869384765625
5.560547,10.87646484375
5.5625,11.68212890625
5.564453,12.48779296875
5.566406,12.890625
5.568359,13.092041015625
5.570312,13.092041015625
5.572266,12.890625
5.574219,12.286376953125
5.576172,4.632568359375
5.578125,3.62548828125
5.580078,2.81982421875
5.582031,1.812744140625
5.583984,1.007080078125
5.585938,0.40283203125
5.587891,-0.201416015625
5.589844,-0.201416015625
5.591797,-3.826904296875
5.59375,-3.424072265625
5.595703,-2.81982421875
5.597656,-2.01416015625
5.599609,-1.007080078125
5.601562,0.0
5.603516,0.8056640625
5.605469,-1.20849609375
5.607422,-0.604248046875
5.609375,-0.40283203125
5.611328,-0.40283203125
5.613281,0.0
5.615234,-0.604248046875
5.617188,-1.20849609375
5.619141,-2.01416015625
5.621094,-3.021240234375
5.623047,-4.0283203125
5.625,-4.833984375
5.626953,-5.6396484375
5.628906,-6.04248046875
5.630859,-6.243896484375
5.632812,-6.243896484375
5.634766,-6.04248046875
5.636719,-5.438232421875
5.638672,-1.611328125
5.640625,-0.8056640625
5.642578,0.201416015625
5.644531,1.20849609375
5.646484,2.01416015625
5.648438,2.618408203125
5.650391,3.021240234375
5.652344,9.869384765625
5.654297,9.66796875
5.65625,9.26513671875
5.658203,8.660888671875
5.660156,7.855224609375
5.662109,6.84814453125
5.664062,5.841064453125
5.666016,5.035400390625
5.667969,4.229736328125
5.669922,10.4736328125
5.671875,10.272216796875
5.673828,10.272216796875
5.675781,10.4736328125
5.677734,10.87646484375
5.679688,11.68212890625
5.681641,12.48779296875
5.683594,19.134521484375
5.685547,20.1416015625
5.6875,21.148681640625
5.689453,21.7529296875
5.691406,22.357177734375
5.693359,22.55859375
5.695312,22.55859375
5.697266,22.15576171875
5.699219,21.551513671875
5.701172,22.760009765625
5.703125,24.57275390625
5.705078,23.565673828125
5.707031,22.55859375
5.708984,21.7529296875
5.710938,21.148681640625
5.712891,20.745849609375
5.714844,20.54443359375
5.716797,20.947265625
5.71875,21.35009765625
5.720703,21.954345703125
5.722656,22.760009765625
5.724609,23.76708984375
5.726562,24.774169921875
5.728516,25.579833984375
5.730469,26.385498046875
5.732422,26.98974609375
5.734375,27.191162109375
5.736328,27.392578125
5.738281,23.968505859375
5.740234,23.3642578125
5.742188,22.760009765625
5.744141,21.7529296875
5.746094,18.328857421875
5.748047,15.911865234375
5.75,14.90478515625
5.751953,14.300537109375
5.753906,13.6962890625
5.755859,13.494873046875
5.757812,13.494873046875
5.759766,13.897705078125
5.761719,14.501953125
5.763672,8.258056640625
5.765625,9.26513671875
5.767578,10.272216796875
5.769531,11.077880859375
5.771484,12.0849609375
5.773438,12.689208984375
5.775391,13.092041015625
5.777344,6.4453125
5.779297,6.243896484375
5.78125,5.841064453125
5.783203,5.23681640625
5.785156,4.43115234375
5.787109,3.424072265625
5.789062,2.4169921875
5.791016,1.611328125
5.792969,-4.43115234375
5.794922,-5.035400390625
5.796875,-5.438232421875
5.798828,-5.438232421875
5.800781,-5.23681640625
5.802734,-4.632568359375
5.804688,-4.0283203125
5.806641,-3.021240234375
5.808594,-3.62548828125
5.810547,-2.618408203125
5.8125,-1.812744140625
5.814453,-1.007080078125
5.816406,-0.604248046875
5.818359,-0.40283203125
5.820312,-0.40283203125
5.822266,-0.8056640625
5.824219,-1.20849609375
5.826172,-1.812744140625
5.828125,-2.81982421875
5.830078,-3.62548828125
5.832031,-4.632568359375
5.833984,-5.438232421875
5.835938,-6.04248046875
5.837891,-6.4453125
5.839844,-2.01416015625
5.841797,-2.01416015625
5.84375,-1.611328125
5.845703,-0.8056640625
5.847656,0.0
5.849609,0.8056640625
5.851562,1.812744140625
5.853516,2.81982421875
5.855469,3.424072265625
5.857422,11.077880859375
5.859375,11.279296875
5.861328,11.279296875
5.863281,11.077880859375
5.865234,10.675048828125
5.867188,9.869384765625
5.869141,9.063720703125
5.871094,15.3076171875
5.873047,14.300537109375
5.875,13.494873046875
5.876953,12.689208984375
5.878906,12.286376953125
5.880859,12.0849609375
5.882812,12.0849609375
5.884766,12.48779296875
5.886719,13.092041015625
5.888672,18.328857421875
5.890625,19.940185546875
5.892578,20.745849609375
5.894531,21.7529296875
5.896484,22.55859375
5.898438,23.162841796875
5.900391,23.565673828125
5.902344,23.76708984375
5.904297,26.18408203125
5.90625,26.5869140625
5.908203,25.982666015625
5.910156,25.177001953125
5.912109,24.169921875
5.914062,23.3642578125
5.916016,22.357177734375
5.917969,21.551513671875
5.919922,20.54443359375
5.921875,20.1416015625
5.923828,20.1416015625
5.925781,20.343017578125
5.927734,20.947265625
5.929688,21.551513671875
5.931641,22.55859375
5.933594,23.565673828125
5.935547,24.371337890625
5.9375,21.148681640625
5.939453,21.954345703125
5.941406,22.357177734375
5.943359,22.760009765625
5.945312,22.55859375
5.947266,22.357177734375
5.949219,21.7529296875
5.951172,20.947265625
5.953125,20.1416015625
5.955078,19.134521484375
5.957031,12.286376953125
5.958984,11.480712890625
5.960938,10.87646484375
5.962891,10.4736328125
5.964844,10.272216796875
5.966797,3.021240234375
5.96875,3.424072265625
5.970703,4.229736328125
5.972656,5.035400390625
5.974609,5.841064453125
5.976562,6.84814453125
5.978516,7.855224609375
5.980469,8.660888671875
5.982422,4.43115234375
5.984375,4.833984375
5.986328,4.833984375
5.988281,4.632568359375
5.990234,4.229736328125
5.992188,3.424072265625
5.994141,2.618408203125
5.996094,1.611328125
5.998047,-4.229736328125
6.0,-5.23681640625
6.001953,-5.841064453125
6.003906,-7.65380859375
6.005859,-7.855224609375
6.007812,-7.855224609375
6.009766,-7.65380859375
6.011719,-7.049560546875
6.013672,-6.243896484375
6.015625,-5.23681640625
6.017578,-4.43115234375
6.019531,-3.424072265625
6.021484,-2.618408203125
6.023438,-1.812744140625
6.025391,-1.409912109375
6.027344,-1.409912109375
6.029297,-1.409912109375
6.03125,-1.812744140625
6.033203,-0.201416015625
6.035156,-1.007080078125
6.037109,-2.01416015625
6.039062,-3.021240234375
6.041016,-3.826904296875
6.042969,-4.632568359375
6.044922,-5.23681640625
6.046875,0.0
6.048828,0.0
6.050781,0.201416015625
6.052734,0.8056640625
6.054688,1.409912109375
6.056641,2.4169921875
6.058594,3.22265625
6.060547,4.229736328125
6.0625,5.035400390625
6.064453,5.841064453125
6.066406,6.4453125
6.068359,13.092041015625
6.070312,13.092041015625
6.072266,12.890625
6.074219,12.286376953125
6.076172,18.12744140625
6.078125,17.32177734375
6.080078,16.314697265625
6.082031,15.3076171875
6.083984,14.501953125
6.085938,13.897705078125
6.087891,13.494873046875
6.089844,13.29345703125
6.091797,18.93310546875
6.09375,19.537353515625
6.095703,20.1416015625
6.097656,20.947265625
6.099609,21.954345703125
6.101562,22.760009765625
6.103516,23.76708984375
6.105469,24.57275390625
6.107422,25.177001953125
6.109375,26.385498046875
6.111328,27.392578125
6.113281,27.191162109375
6.115234,26.788330078125
6.117188,25.982666015625
6.119141,25.177001953125
6.121094,24.169921875
6.123047,23.162841796875
6.125,21.148681640625
6.126953,20.54443359375
6.128906,19.940185546875
6.130859,19.73876953125
6.132812,19.73876953125
6.134766,20.1416015625
6.136719,20.745849609375
6.138672,21.551513671875
6.140625,17.926025390625
6.142578,18.93310546875
6.144531,19.73876953125
6.146484,20.54443359375
6.148438,21.35009765625
6.150391,21.7529296875
6.152344,21.7529296875
6.154297,21.7529296875
6.15625,14.501953125
6.158203,13.897705078125
6.160156,13.092041015625
6.162109,12.0849609375
6.164062,11.077880859375
6.166016,10.272216796875
6.167969,9.466552734375
6.169922,8.8623046875
6.171875,8.45947265625
6.173828,1.409912109375
6.175781,1.611328125
6.177734,2.215576171875
6.179688,2.81982421875
6.181641,3.826904296875
6.183594,4.632568359375
6.185547,5.6396484375
6.1875,0.604248046875
6.189453,1.409912109375
6.191406,1.812744140625
6.193359,2.01416015625
6.195312,2.01416015625
6.197266,1.611328125
6.199219,-1.007080078125
6.201172,-1.812744140625
6.203125,-2.81982421875
6.205078,-3.62548828125
6.207031,-4.632568359375
6.208984,-5.438232421875
6.210938,-6.04248046875
6.212891,-6.4453125
6.214844,-6.646728515625
6.216797,-6.4453125
6.21875,-7.2509765625
6.220703,-6.646728515625
6.222656,-5.841064453125
6.224609,-4.833984375
6.226562,-3.826904296875
6.228516,-3.021240234375
6.230469,-2.215576171875
6.232422,-1.611328125
6.234375,2.215576171875
6.236328,2.215576171875
6.238281,2.01416015625
6.240234,1.409912109375
6.242188,0.8056640625
6.244141,-0.201416015625
6.246094,-1.007080078125
6.248047,-2.01416015625
6.25,2.81982421875
6.251953,2.01416015625
6.253906,1.611328125
6.255859,1.20849609375
6.257812,1.409912109375
6.259766,1.611328125
6.261719,2.215576171875
6.263672,3.021240234375
6.265625,11.077880859375
6.267578,12.0849609375
6.269531,13.092041015625
6.271484,13.897705078125
6.273438,14.501953125
6.275391,14.90478515625
6.277344,15.106201171875
6.279297,14.90478515625
6.28125,14.501953125
6.283203,20.343017578125
6.285156,19.537353515625
6.287109,18.5302734375
6.289062,17.523193359375
6.291016,16.717529296875
6.292969,15.911865234375
6.294922,19.3359375
6.296875,18.93310546875
6.298828,18.93310546875
6.300781,19.134521484375
6.302734,19.73876953125
6.304688,20.343017578125
6.306641,21.148681640625
6.308594,22.15576171875
6.310547,23.162841796875
6.3125,26.18408203125
6.314453,26.98974609375
6.316406,27.392578125
6.318359,27.593994140625
6.320312,27.593994140625
6.322266,27.191162109375
6.324219,26.788330078125
6.326172,25.982666015625
6.328125,22.15576171875
6.330078,21.148681640625
6.332031,20.1416015625
6.333984,19.3359375
6.335938,18.731689453125
6.337891,18.328857421875
6.339844,18.12744140625
6.341797,18.328857421875
6.34375,18.731689453125
6.345703,16.314697265625
6.347656,17.120361328125
6.349609,18.12744140625
6.351562,19.134521484375
6.353516,19.940185546875
6.355469,20.745849609375
6.357422,21.35009765625
6.359375,14.90478515625
6.361328,14.90478515625
6.363281,14.703369140625
6.365234,14.300537109375
6.367188,13.494873046875
6.369141,12.689208984375
6.371094,11.68212890625
6.373047,53.375244140625
6.375,73.71826171875
6.376953,-39.276123046875
6.378906,-81.77490234375
6.380859,33.636474609375
6.382812,30.816650390625
6.384766,55.792236328125
6.386719,35.85205078125
6.388672,-7.65380859375
6.390625,61.63330078125
6.392578,39.07470703125
6.394531,-40.081787109375
6.396484,73.3154296875
6.398438,-131.3232421875
6.400391,93.45703125
6.402344,-27.191162109375
6.404297,70.8984375
6.40625,-44.110107421875
6.408203,92.6513671875
6.410156,-293.66455078125
6.412109,128.50341796875
6.414062,106.75048828125
6.416016,192.755126953125
6.417969,-67.27294921875
6.419922,9.26513671875
6.421875,-66.46728515625
6.423828,243.310546875
6.425781,175.836181640625
6.427734,56.79931640625
6.429688,169.9951171875
6.431641,137.164306640625
6.433594,-232.43408203125
6.435547,235.455322265625
6.4375,37.8662109375
6.439453,7.049560546875
6.441406,-206.25
6.443359,-14.90478515625
6.445312,-110.77880859375
6.447266,119.439697265625
6.449219,4.0283203125
6.451172,131.524658203125
6.453125,48.74267578125
6.455078,-41.89453125
6.457031,-274.530029296875
6.458984,-104.33349609375
6.460938,66.668701171875
6.462891,21.35009765625
6.464844,98.895263671875
6.466797,35.650634765625
6.46875,103.9306640625
6.470703,7.65380859375
6.472656,190.9423828125
6.474609,200.006103515625
6.476562,32.2265625
6.478516,-180.87158203125
6.480469,-45.721435546875
6.482422,63.848876953125
6.484375,-150.6591796875
6.486328,168.78662109375
6.488281,151.06201171875
6.490234,109.5703125
6.492188,-20.745849609375
6.494141,62.0361328125
6.496094,102.72216796875
6.498047,-1.007080078125
6.5,103.729248046875
6.501953,56.396484375
6.503906,48.944091796875
6.505859,22.55859375
6.507812,-83.184814453125
6.509766,-183.28857421875
6.511719,-51.15966796875
6.513672,95.672607421875
6.515625,-66.064453125
6.517578,54.78515625
6.519531,59.417724609375
6.521484,13.897705078125
6.523438,-4.632568359375
6.525391,-7.855224609375
6.527344,-72.711181640625
6.529297,-57.000732421875
6.53125,-44.71435546875
6.533203,74.52392578125
6.535156,161.9384765625
6.537109,76.13525390625
6.539062,-116.8212890625
6.541016,-129.107666015625
6.542969,2.81982421875
6.544922,-52.3681640625
6.546875,6.646728515625
6.548828,51.5625
6.550781,24.371337890625
6.552734,4.229736328125
6.554688,-35.44921875
6.556641,-9.466552734375
6.558594,-47.13134765625
6.560547,-24.774169921875
6.5625,-34.844970703125
6.564453,-68.280029296875
6.566406,-30.615234375
6.568359,-3.021240234375
6.570312,9.66796875
6.572266,2.215576171875
6.574219,-62.640380859375
6.576172,-45.1171875
6.578125,101.11083984375
6.580078,-11.68212890625
6.582031,-1.007080078125
6.583984,59.820556640625
6.585938,16.9189453125
6.587891,-12.890625
6.589844,70.8984375
6.591797,-38.873291015625
6.59375,70.0927734375
6.595703,33.837890625
6.597656,91.0400390625
6.599609,110.980224609375
6.601562,-13.494873046875
6.603516,-62.841796875
6.605469,-56.195068359375
6.607422,-54.38232421875
6.609375,-15.106201171875
6.611328,-42.29736328125
6.613281,102.117919921875
6.615234,105.13916015625
6.617188,-94.66552734375
6.619141,15.509033203125
6.621094,-9.063720703125
6.623047,38.26904296875
6.625,14.300537109375
6.626953,-103.9306640625
6.628906,-11.077880859375
6.630859,-14.703369140625
6.632812,-33.837890625
6.634766,111.9873046875
6.636719,43.10302734375
6.638672,-85.80322265625
6.640625,103.52783203125
6.642578,-162.744140625
6.644531,-141.998291015625
6.646484,26.5869140625
6.648438,-105.94482421875
6.650391,60.223388671875
6.652344,97.686767578125
6.654297,34.844970703125
6.65625,-39.88037109375
6.658203,-81.3720703125
6.660156,49.1455078125
6.662109,31.01806640625
6.664062,19.73876953125
6.666016,77.34375
6.667969,64.453125
6.669922,70.49560546875
6.671875,-155.291748046875
6.673828,-31.01806640625
6.675781,182.48291015625
6.677734,70.8984375
6.679688,75.732421875
6.681641,-95.47119140625
6.683594,11.279296875
6.685547,139.581298828125
6.6875,50.35400390625
6.689453,96.881103515625
6.691406,114.605712890625
6.693359,-237.066650390625
6.695312,-221.759033203125
6.697266,37.46337890625
6.699219,22.357177734375
6.701172,-130.718994140625
6.703125,66.064453125
6.705078,256.402587890625
6.707031,96.27685546875
6.708984,73.516845703125
6.710938,-173.822021484375
6.712891,-32.62939453125
6.714844,53.173828125
6.716797,-208.868408203125
6.71875,145.42236328125
6.720703,18.12744140625
6.722656,-7.2509765625
6.724609,64.453125
6.726562,-58.8134765625
6.728516,-44.3115234375
6.730469,-212.091064453125
6.732422,24.57275390625
6.734375,33.636474609375
6.736328,52.166748046875
6.738281,-110.3759765625
6.740234,66.8701171875
6.742188,50.555419921875
6.744141,233.843994140625
6.746094,-83.184814453125
6.748047,1.611328125
6.75,86.2060546875
6.751953,-150.054931640625
6.753906,143.00537109375
6.755859,-200.811767578125
6.757812,-310.986328125
6.759766,74.12109375
6.761719,58.209228515625
6.763672,270.904541015625
6.765625,-104.534912109375
6.767578,-73.516845703125
6.769531,-216.32080078125
6.771484,48.33984375
6.773438,-47.5341796875
6.775391,323.675537109375
6.777344,-87.213134765625
6.779297,-149.0478515625
6.78125,-33.233642578125
6.783203,22.96142578125
6.785156,-64.85595703125
6.787109,-118.83544921875
6.789062,-86.004638671875
6.791016,-35.44921875
6.792969,-131.524658203125
6.794922,-82.781982421875
6.796875,67.877197265625
6.798828,6.84814453125
6.800781,-29.40673828125
6.802734,9.466552734375
6.804688,-245.123291015625
6.806641,19.134521484375
6.808594,-17.120361328125
6.810547,87.41455078125
6.8125,-78.350830078125
6.814453,-33.0322265625
6.816406,-59.417724609375
6.818359,3.021240234375
6.820312,-54.986572265625
6.822266,175.433349609375
6.824219,65.460205078125
6.826172,45.318603515625
6.828125,125.68359375
6.830078,40.081787109375
6.832031,77.74658203125
6.833984,-115.61279296875
6.835938,50.555419921875
6.837891,86.407470703125
6.839844,6.646728515625
6.841797,33.0322265625
6.84375,91.241455078125
6.845703,-34.039306640625
6.847656,-79.156494140625
6.849609,42.29736328125
6.851562,-16.314697265625
6.853516,20.54443359375
6.855469,-68.682861328125
6.857422,33.636474609375
6.859375,52.569580078125
6.861328,87.01171875
6.863281,39.4775390625
6.865234,11.68212890625
6.867188,172.412109375
6.869141,-56.396484375
6.871094,-80.56640625
6.873047,70.697021484375
6.875,-37.8662109375
6.876953,-34.24072265625
6.878906,-58.41064453125
6.880859,43.304443359375
6.882812,-26.788330078125
6.884766,90.032958984375
6.886719,-26.98974609375
6.888672,20.947265625
6.890625,-82.58056640625
6.892578,-10.07080078125
6.894531,13.6962890625
6.896484,44.71435546875
6.898438,66.064453125
6.900391,-9.66796875
6.902344,84.393310546875
6.904297,51.361083984375
6.90625,60.02197265625
6.908203,-95.8740234375
6.910156,99.0966796875
6.912109,86.810302734375
6.914062,120.648193359375
6.916016,51.361083984375
6.917969,-83.7890625
6.919922,52.3681640625
6.921875,-3.22265625
6.923828,-8.660888671875
6.925781,69.488525390625
6.927734,-47.5341796875
6.929688,-3.22265625
6.931641,-58.612060546875
6.933594,-53.173828125
6.935547,82.58056640625
6.9375,78.55224609375
6.939453,40.081787109375
6.941406,17.926025390625
6.943359,-52.3681640625
6.945312,27.191162109375
6.947266,-49.1455078125
6.949219,11.480712890625
6.951172,108.160400390625
6.953125,59.014892578125
6.955078,-113.800048828125
6.957031,-51.15966796875
6.958984,-114.605712890625
6.960938,116.217041015625
6.962891,-40.887451171875
6.964844,61.834716796875
6.966797,200.811767578125
6.96875,-81.976318359375
6.970703,49.1455078125
6.972656,17.120361328125
6.974609,138.775634765625
6.976562,-60.626220703125
6.978516,19.73876953125
6.980469,-37.46337890625
6.982422,-25.579833984375
6.984375,17.926025390625
6.986328,-84.393310546875
6.988281,109.771728515625
6.990234,197.79052734375
6.992188,17.523193359375
6.994141,-104.534912109375
6.996094,101.513671875
6.998047,72.10693359375
7.0,-36.859130859375
7.001953,77.947998046875
7.003906,-125.079345703125
7.005859,-2.215576171875
7.007812,50.152587890625
7.009766,3.424072265625
7.011719,-34.6435546875
7.013672,-84.393310546875
7.015625,-218.3349609375
7.017578,-64.453125
7.019531,21.551513671875
7.021484,-35.04638671875
7.023438,32.025146484375
7.025391,78.753662109375
7.027344,17.926025390625
7.029297,23.76708984375
7.03125,-4.229736328125
7.033203,116.41845703125
7.035156,74.725341796875
7.037109,119.439697265625
7.039062,344.219970703125
7.041016,-27.996826171875
7.042969,-59.820556640625
7.044922,-238.677978515625
7.046875,17.724609375
7.048828,82.9833984375
7.050781,134.5458984375
7.052734,-0.40283203125
7.054688,-221.356201171875
7.056641,-64.05029296875
7.058594,93.255615234375
7.060547,-13.092041015625
7.0625,-122.4609375
7.064453,-41.89453125
7.066406,79.962158203125
7.068359,-226.190185546875
7.070312,43.304443359375
7.072266,-24.57275390625
7.074219,154.083251953125
7.076172,230.01708984375
7.078125,150.457763671875
7.080078,-228.40576171875
7.082031,14.09912109375
7.083984,34.844970703125
7.085938,65.863037109375
7.087891,226.995849609375
7.089844,-101.11083984375
7.091797,21.35009765625
7.09375,170.39794921875
7.095703,-166.168212890625
7.097656,33.43505859375
7.099609,186.712646484375
7.101562,374.835205078125
7.103516,-105.5419921875
7.105469,-184.295654296875
7.107422,-1.409912109375
7.109375,79.962158203125
7.111328,-44.3115234375
7.113281,156.903076171875
7.115234,363.555908203125
7.117188,-202.2216796875
7.119141,160.72998046875
7.121094,-31.01806640625
7.123047,-108.36181640625
7.125,23.968505859375
7.126953,196.98486328125
7.128906,232.43408203125
7.130859,191.748046875
7.132812,-242.5048828125
7.134766,63.24462890625
7.136719,40.081787109375
7.138672,-105.94482421875
7.140625,-48.138427734375
7.142578,-51.361083984375
7.144531,-42.7001953125
7.146484,131.72607421875
7.148438,-38.26904296875
7.150391,54.986572265625
7.152344,47.93701171875
7.154297,124.072265625
7.15625,-109.5703125
7.158203,67.071533203125
7.160156,25.78125
7.162109,96.075439453125
7.164062,-104.736328125
7.166016,108.563232421875
7.167969,-69.891357421875
7.169922,-64.251708984375
7.171875,-73.3154296875
7.173828,206.451416015625
7.175781,6.4453125
7.177734,-36.053466796875
7.179688,131.524658203125
7.181641,52.569580078125
7.183594,120.0439453125
7.185547,-90.63720703125
7.1875,59.820556640625
7.189453,70.294189453125
7.191406,-27.392578125
7.193359,-147.03369140625
7.195312,-125.079345703125
7.197266,83.38623046875
7.199219,70.294189453125
7.201172,0.201416015625
7.203125,13.092041015625
7.205078,-60.4248046875
7.207031,-86.407470703125
7.208984,-137.567138671875
7.210938,168.3837890625
7.212891,125.885009765625
7.214844,66.668701171875
7.216797,-80.767822265625
7.21875,-48.541259765625
7.220703,-71.099853515625
7.222656,36.456298828125
7.224609,-1.409912109375
7.226562,39.678955078125
7.228516,-28.1982421875
7.230469,35.650634765625
7.232422,50.152587890625
7.234375,-91.0400390625
7.236328,47.735595703125
7.238281,153.47900390625
7.240234,4.0283203125
7.242188,-5.841064453125
7.244141,-43.304443359375
7.246094,-12.890625
7.248047,-120.849609375
7.25,85.80322265625
7.251953,42.7001953125
7.253906,15.3076171875
7.255859,-81.77490234375
7.257812,30.010986328125
7.259766,19.940185546875
7.261719,5.6396484375
7.263672,52.166748046875
7.265625,81.170654296875
7.267578,-127.294921875
7.269531,-207.257080078125
7.271484,27.996826171875
7.273438,73.919677734375
7.275391,-23.162841796875
7.277344,112.79296875
7.279297,68.07861328125
7.28125,-71.099853515625
7.283203,144.2138671875
7.285156,131.524658203125
7.287109,32.427978515625
7.289062,6.4453125
7.291016,-0.40283203125
7.292969,10.07080078125
7.294922,85.198974609375
7.296875,61.63330078125
7.298828,25.982666015625
7.300781,-28.399658203125
7.302734,-92.24853515625
7.304688,76.5380859375
7.306641,-59.014892578125
7.308594,-1.611328125
7.310547,62.841796875
7.3125,155.89599609375
7.314453,107.354736328125
7.316406,23.968505859375
7.318359,28.60107421875
7.320312,-22.15576171875
7.322266,159.320068359375
7.324219,27.392578125
7.326172,150.054931640625
7.328125,-138.775634765625
7.330078,11.480712890625
7.332031,-156.903076171875
7.333984,82.177734375
7.335938,273.1201171875
7.337891,129.107666015625
7.339844,-215.91796875
7.341797,-230.82275390625
7.34375,6.4453125
7.345703,54.180908203125
7.347656,64.85595703125
7.349609,168.182373046875
7.351562,-37.261962890625
7.353516,-135.150146484375
7.355469,-162.542724609375
7.357422,-151.86767578125
7.359375,-105.94482421875
7.361328,145.8251953125
7.363281,-190.53955078125
7.365234,95.269775390625
7.367188,95.47119140625
7.369141,-184.09423828125
7.371094,44.3115234375
7.373047,41.89453125
7.375,135.552978515625
7.376953,-95.8740234375
7.378906,-228.0029296875
7.380859,47.5341796875
7.382812,27.392578125
7.384766,-91.0400390625
7.386719,-53.173828125
7.388672,-42.7001953125
7.390625,86.004638671875
7.392578,-64.453125
7.394531,8.056640625
7.396484,-14.09912109375
7.398438,92.24853515625
7.400391,192.352294921875
7.402344,-92.852783203125
7.404297,-104.132080078125
7.40625,11.279296875
7.408203,-177.044677734375
7.410156,-41.0888671875
7.412109,152.67333984375
7.414062,25.78125
7.416016,-109.771728515625
7.417969,-201.81884765625
7.419922,138.57421875
7.421875,48.944091796875
7.423828,143.81103515625
7.425781,-60.626220703125
7.427734,205.84716796875
7.429688,237.6708984375
7.431641,-168.988037109375
7.433594,-38.26904296875
7.435547,133.740234375
7.4375,297.491455078125
7.439453,-75.732421875
7.441406,80.364990234375
7.443359,-90.234375
7.445312,-102.3193359375
7.447266,-179.26025390625
7.449219,164.154052734375
7.451172,-72.711181640625
7.453125,119.23828125
7.455078,-69.287109375
7.457031,-37.060546875
7.458984,85.198974609375
7.460938,171.405029296875
7.462891,-0.40283203125
7.464844,34.844970703125
7.466797,137.969970703125
7.46875,184.295654296875
7.470703,-84.796142578125
7.472656,26.385498046875
7.474609,-14.300537109375
7.476562,-15.911865234375
7.478516,-250.5615234375
7.480469,-36.859130859375
7.482422,69.085693359375
7.484375,86.60888671875
7.486328,19.537353515625
7.488281,23.565673828125
7.490234,6.646728515625
7.492188,-36.2548828125
7.494141,-48.74267578125
7.496094,-17.523193359375
7.498047,306.353759765625
7.5,113.19580078125
7.501953,40.283203125
7.503906,-76.5380859375
7.505859,79.962158203125
7.507812,34.442138671875
7.509766,-198.59619140625
7.511719,86.004638671875
7.513672,106.951904296875
7.515625,-53.173828125
7.517578,-58.8134765625
7.519531,-26.5869140625
7.521484,77.34375
7.523438,24.57275390625
7.525391,22.96142578125
7.527344,65.057373046875
7.529297,53.173828125
7.53125,44.110107421875
7.533203,-113.800048828125
7.535156,-3.62548828125
7.537109,153.680419921875
7.539062,-61.23046875
7.541016,-62.640380859375
7.542969,-68.682861328125
7.544922,21.954345703125
7.546875,-2.4169921875
7.548828,25.177001953125
7.550781,71.905517578125
7.552734,44.71435546875
7.554688,-99.298095703125
7.556641,92.449951171875
7.558594,-11.68212890625
7.560547,-0.40283203125
7.5625,59.014892578125
7.564453,-26.5869140625
7.566406,-71.30126953125
7.568359,17.120361328125
7.570312,19.134521484375
7.572266,38.470458984375
7.574219,-12.286376953125
7.576172,88.421630859375
7.578125,-37.664794921875
7.580078,-59.014892578125
7.582031,25.177001953125
7.583984,13.494873046875
7.585938,87.213134765625
7.587891,-75.32958984375
7.589844,-19.134521484375
7.591797,-76.5380859375
7.59375,-51.763916015625
7.595703,32.62939453125
7.597656,95.47119140625
7.599609,83.990478515625
7.601562,107.958984375
7.603516,12.890625
7.605469,41.693115234375
7.607422,8.258056640625
7.609375,87.41455078125
7.611328,-29.00390625
7.613281,88.018798828125
7.615234,15.3076171875
7.617188,-48.33984375
7.619141,-80.96923828125
7.621094,-10.87646484375
7.623047,83.184814453125
7.625,7.452392578125
7.626953,-9.66796875
7.628906,-157.305908203125
7.630859,-99.49951171875
7.632812,-160.3271484375
7.634766,26.385498046875
7.636719,37.261962890625
7.638672,-17.523193359375
7.640625,-68.280029296875
7.642578,-114.80712890625
7.644531,-69.488525390625
7.646484,-23.968505859375
7.648438,-18.731689453125
7.650391,-60.626220703125
7.652344,-1.812744140625
7.654297,-73.71826171875
7.65625,-61.431884765625
7.658203,-16.51611328125
7.660156,-68.4814453125
7.662109,-89.630126953125
7.664062,91.241455078125
7.666016,99.298095703125
7.667969,49.951171875
7.669922,164.35546875
7.671875,-111.383056640625
7.673828,171.20361328125
7.675781,174.8291015625
7.677734,110.77880859375
7.679688,-218.133544921875
7.681641,85.400390625
7.683594,-31.4208984375
7.685547,198.59619140625
7.6875,-0.201416015625
7.689453,-115.008544921875
7.691406,80.16357421875
7.693359,-80.96923828125
7.695312,-233.038330078125
7.697266,101.11083984375
7.699219,93.658447265625
7.701172,183.69140625
7.703125,-320.25146484375
7.705078,-129.510498046875
7.707031,95.8740234375
7.708984,-122.05810546875
7.710938,59.417724609375
7.712891,-2.01416015625
7.714844,146.22802734375
7.716797,-40.68603515625
7.71875,-281.781005859375
7.720703,-21.954345703125
7.722656,43.304443359375
7.724609,-64.05029296875
7.726562,26.5869140625
7.728516,-25.579833984375
7.730469,-90.234375
7.732422,-105.94482421875
7.734375,-102.117919921875
7.736328,228.80859375
7.738281,137.969970703125
7.740234,-44.915771484375
7.742188,-55.99365234375
7.744141,-120.245361328125
7.746094,123.2666015625
7.748047,21.7529296875
7.75,235.25390625
7.751953,178.45458984375
7.753906,-24.57275390625
7.755859,67.474365234375
7.757812,-95.269775390625
7.759766,257.40966796875
7.761719,87.615966796875
7.763672,66.8701171875
7.765625,-42.498779296875
7.767578,125.482177734375
7.769531,-131.121826171875
7.771484,-28.802490234375
7.773438,125.68359375
7.775391,237.6708984375
7.777344,-76.739501953125
7.779297,-52.569580078125
7.78125,120.0439453125
7.783203,-24.371337890625
7.785156,246.734619140625
7.787109,-232.8369140625
7.789062,-118.4326171875
7.791016,80.56640625
7.792969,-59.820556640625
7.794922,-125.885009765625
7.796875,-60.223388671875
7.798828,304.541015625
7.800781,40.887451171875
7.802734,-10.07080078125
7.804688,45.52001953125
7.806641,-285.406494140625
7.808594,34.442138671875
7.810547,-36.456298828125
7.8125,155.4931640625
7.814453,45.318603515625
7.816406,42.498779296875
7.818359,-78.55224609375
7.820312,-4.833984375
7.822266,52.972412109375
7.824219,41.290283203125
7.826172,-1.611328125
7.828125,62.43896484375
7.830078,-108.7646484375
7.832031,8.45947265625
7.833984,-118.02978515625
7.835938,182.281494140625
7.837891,65.863037109375
7.839844,-56.195068359375
7.841797,-159.11865234375
7.84375,6.04248046875
7.845703,-95.068359375
7.847656,-116.8212890625
7.849609,135.552978515625
7.851562,-86.004638671875
7.853516,110.174560546875
7.855469,-91.241455078125
7.857422,-23.565673828125
7.859375,98.492431640625
7.861328,19.3359375
7.863281,16.9189453125
7.865234,8.056640625
7.867188,-72.509765625
7.869141,39.4775390625
7.871094,-62.237548828125
7.873047,-9.063720703125
7.875,15.911865234375
7.876953,-129.30908203125
7.878906,39.88037109375
7.880859,21.148681640625
7.882812,125.28076171875
7.884766,71.905517578125
7.886719,75.732421875
7.888672,48.33984375
7.890625,18.731689453125
7.892578,18.93310546875
7.894531,8.45947265625
7.896484,60.4248046875
7.898438,57.60498046875
7.900391,29.205322265625
7.902344,13.6962890625
7.904297,-13.29345703125
7.90625,39.678955078125
7.908203,10.272216796875
7.910156,-1.007080078125
7.912109,109.97314453125
7.914062,-25.177001953125
7.916016,26.98974609375
7.917969,-19.134521484375
7.919922,-35.247802734375
7.921875,-7.65380859375
7.923828,19.537353515625
7.925781,40.887451171875
7.927734,18.731689453125
7.929688,-64.05029296875
7.931641,-122.05810546875
7.933594,-46.124267578125
7.935547,-16.314697265625
7.9375,46.124267578125
7.939453,-25.37841796875
7.941406,-106.34765625
7.943359,-101.715087890625
7.945312,25.37841796875
7.947266,-136.358642578125
7.949219,-10.07080078125
7.951172,14.90478515625
7.953125,-32.427978515625
7.955078,-18.93310546875
7.957031,-22.15576171875
7.958984,46.32568359375
7.960938,-19.3359375
7.962891,-6.04248046875
7.964844,-66.8701171875
7.966797,-46.32568359375
7.96875,-7.2509765625
7.970703,-124.072265625
7.972656,64.05029296875
7.974609,270.30029296875
7.976562,-3.22265625
7.978516,58.209228515625
7.980469,128.50341796875
7.982422,-152.67333984375
7.984375,-54.986572265625
7.986328,-61.431884765625
7.988281,61.029052734375
7.990234,-59.820556640625
7.992188,-80.767822265625
7.994141,-224.981689453125
7.996094,35.650634765625
7.998047,78.55224609375
8.0,-127.496337890625
8.001953,-180.06591796875
8.003906,9.869384765625
8.005859,-130.517578125
8.007812,162.945556640625
8.009766,-66.265869140625
8.011719,180.670166015625
8.013672,73.919677734375
8.015625,125.885009765625
8.017578,-157.91015625
8.019531,44.512939453125
8.021484,213.5009765625
8.023438,-22.760009765625
8.025391,126.08642578125
8.027344,-64.453125
8.029297,97.4853515625
8.03125,24.169921875
8.033203,-96.478271484375
8.035156,201.416015625
8.037109,-65.863037109375
8.039062,-88.22021484375
8.041016,-116.217041015625
8.042969,-135.552978515625
8.044922,153.8818359375
8.046875,92.449951171875
8.048828,-19.3359375
8.050781,129.7119140625
8.052734,96.478271484375
8.054688,104.937744140625
8.056641,-257.0068359375
8.058594,170.196533203125
8.060547,126.08642578125
8.0625,-225.18310546875
8.064453,-62.0361328125
8.066406,-152.67333984375
8.068359,322.467041015625
8.070312,-114.202880859375
8.072266,93.05419921875
8.074219,66.668701171875
8.076172,-34.24072265625
8.078125,-141.192626953125
8.080078,-8.660888671875
8.082031,-138.97705078125
8.083984,377.05078125
8.085938,-48.74267578125
8.087891,102.117919921875
8.089844,-80.364990234375
8.091797,75.32958984375
8.09375,-144.818115234375
8.095703,37.060546875
8.097656,111.9873046875
8.099609,82.58056640625
8.101562,-12.890625
8.103516,71.905517578125
8.105469,-103.729248046875
8.107422,45.721435546875
8.109375,240.087890625
8.111328,187.31689453125
8.113281,153.8818359375
8.115234,103.125
8.117188,145.01953125
8.119141,-154.486083984375
8.121094,87.01171875
8.123047,142.401123046875
8.125,403.839111328125
8.126953,-164.154052734375
8.128906,0.604248046875
8.130859,-39.4775390625
8.132812,-124.273681640625
8.134766,-3.826904296875
8.136719,317.431640625
8.138672,58.41064453125
8.140625,233.23974609375
8.142578,-59.619140625
8.144531,-86.60888671875
8.146484,-30.816650390625
8.148438,-41.693115234375
8.150391,-55.99365234375
8.152344,-62.237548828125
8.154297,-73.71826171875
8.15625,-41.0888671875
8.158203,124.676513671875
8.160156,37.060546875
8.162109,10.675048828125
8.164062,135.955810546875
8.166016,8.056640625
8.167969,120.44677734375
8.169922,66.064453125
8.171875,9.063720703125
8.173828,-47.735595703125
8.175781,-4.0283203125
8.177734,3.424072265625
8.179688,-3.62548828125
8.181641,-64.05029296875
8.183594,3.424072265625
8.185547,-28.1982421875
8.1875,43.505859375
8.189453,70.8984375
8.191406,-117.22412109375
8.193359,-49.346923828125
8.195312,97.686767578125
8.197266,43.304443359375
8.199219,-47.93701171875
8.201172,13.29345703125
8.203125,-73.71826171875
8.205078,2.618408203125
8.207031,-120.245361328125
8.208984,-6.84814453125
8.210938,-7.65380859375
8.212891,-8.056640625
8.214844,-8.056640625
8.216797,-8.056640625
8.21875,-7.65380859375
8.220703,-6.84814453125
8.222656,-4.229736328125
8.224609,-3.22265625
8.226562,-2.215576171875
8.228516,-1.409912109375
8.230469,-0.604248046875
8.232422,0.0
8.234375,0.40283203125
8.236328,0.40283203125
8.238281,0.201416015625
8.240234,2.81982421875
8.242188,2.215576171875
8.244141,1.20849609375
8.246094,0.201416015625
8.248047,-0.604248046875
8.25,-1.611328125
8.251953,-2.215576171875
8.253906,-2.81982421875
8.255859,-3.021240234375
8.257812,-3.021240234375
8.259766,3.424072265625
8.261719,4.0283203125
8.263672,4.833984375
8.265625,5.841064453125
8.267578,6.84814453125
8.269531,14.501953125
8.271484,15.3076171875
8.273438,16.11328125
8.275391,16.51611328125
8.277344,16.51611328125
8.279297,16.51611328125
8.28125,16.11328125
8.283203,15.3076171875
8.285156,14.501953125
8.287109,17.120361328125
8.289062,18.5302734375
8.291016,17.523193359375
8.292969,16.717529296875
8.294922,16.11328125
8.296875,15.911865234375
8.298828,15.911865234375
8.300781,16.11328125
8.302734,20.745849609375
8.304688,21.551513671875
8.306641,22.357177734375
8.308594,23.3642578125
8.310547,24.371337890625
8.3125,25.177001953125
8.314453,25.982666015625
8.316406,26.385498046875
8.318359,26.5869140625
8.320312,26.5869140625
8.322266,26.18408203125
8.324219,25.579833984375
8.326172,24.774169921875
8.328125,23.968505859375
8.330078,22.96142578125
8.332031,21.954345703125
8.333984,18.93310546875
8.335938,18.328857421875
8.337891,17.926025390625
8.339844,17.724609375
8.341797,17.926025390625
8.34375,18.328857421875
8.345703,18.93310546875
8.347656,14.09912109375
8.349609,14.90478515625
8.351562,15.911865234375
8.353516,16.9189453125
8.355469,17.724609375
8.357422,18.12744140625
8.359375,18.5302734375
8.361328,18.5302734375
8.363281,18.328857421875
8.365234,17.926025390625
8.367188,17.120361328125
8.369141,16.314697265625
8.371094,15.3076171875
8.373047,14.300537109375
8.375,11.480712890625
8.376953,0.604248046875
8.378906,0.201416015625
8.380859,0.0
8.382812,0.0
8.384766,0.201416015625
8.386719,0.8056640625
8.388672,1.611328125
8.390625,2.618408203125
8.392578,3.424072265625
8.394531,-0.604248046875
8.396484,0.201416015625
8.398438,0.8056640625
8.400391,1.20849609375
8.402344,1.409912109375
8.404297,1.20849609375
8.40625,0.8056640625
8.408203,0.201416015625
8.410156,-3.62548828125
8.412109,-4.43115234375
8.414062,-5.438232421875
8.416016,-6.4453125
8.417969,-7.2509765625
8.419922,-7.855224609375
8.421875,-8.056640625
8.423828,-6.04248046875
8.425781,-5.6396484375
8.427734,-5.23681640625
8.429688,-4.43115234375
8.431641,-3.62548828125
8.433594,-2.618408203125
8.435547,-1.812744140625
8.4375,-0.8056640625
8.439453,-0.201416015625
8.441406,4.632568359375
8.443359,4.833984375
8.445312,4.833984375
8.447266,4.43115234375
8.449219,3.826904296875
8.451172,3.22265625
8.453125,2.215576171875
8.455078,1.20849609375
8.457031,6.84814453125
8.458984,6.04248046875
8.460938,5.23681640625
8.462891,4.833984375
8.464844,4.833984375
8.466797,4.833984375
8.46875,5.23681640625
8.470703,6.04248046875
8.472656,6.84814453125
8.474609,7.855224609375
8.476562,8.660888671875
8.478516,16.717529296875
8.480469,17.523193359375
8.482422,18.12744140625
8.484375,18.5302734375
8.486328,18.5302734375
8.488281,23.565673828125
8.490234,22.96142578125
8.492188,22.357177734375
8.494141,21.35009765625
8.496094,20.54443359375
8.498047,19.537353515625
8.5,18.731689453125
8.501953,17.926025390625
8.503906,17.523193359375
8.505859,20.1416015625
8.507812,20.1416015625
8.509766,20.54443359375
8.511719,21.148681640625
8.513672,21.7529296875
8.515625,22.760009765625
8.517578,23.76708984375
8.519531,24.57275390625
8.521484,25.579833984375
8.523438,26.18408203125
8.525391,26.5869140625
8.527344,26.788330078125
8.529297,26.5869140625
8.53125,26.18408203125
8.533203,25.579833984375
8.535156,24.774169921875
8.537109,19.537353515625
8.539062,18.5302734375
8.541016,17.724609375
8.542969,12.890625
8.544922,12.286376953125
8.546875,12.0849609375
8.548828,12.0849609375
8.550781,12.286376953125
8.552734,12.689208984375
8.554688,13.494873046875
8.556641,14.300537109375
8.558594,15.3076171875
8.560547,16.314697265625
8.5625,17.120361328125
8.564453,17.926025390625
8.566406,18.328857421875
8.568359,11.480712890625
8.570312,11.480712890625
8.572266,11.077880859375
8.574219,10.4736328125
8.576172,9.66796875
8.578125,8.8623046875
8.580078,7.855224609375
8.582031,6.84814453125
8.583984,6.04248046875
8.585938,5.438232421875
8.587891,5.035400390625
8.589844,-1.812744140625
8.591797,-1.611328125
8.59375,-1.20849609375
8.595703,-0.604248046875
8.597656,-4.632568359375
8.599609,-3.62548828125
8.601562,-2.618408203125
8.603516,-1.812744140625
8.605469,-1.007080078125
8.607422,-0.40283203125
8.609375,0.0
8.611328,0.0
8.613281,-1.611328125
8.615234,-2.215576171875
8.617188,-2.81982421875
8.619141,-3.826904296875
8.621094,-4.632568359375
8.623047,-5.6396484375
8.625,-6.4453125
8.626953,-7.2509765625
8.628906,-7.65380859375
8.630859,-6.243896484375
8.632812,-5.6396484375
8.634766,-5.23681640625
8.636719,-4.632568359375
8.638672,-3.826904296875
8.640625,-3.021240234375
8.642578,-2.01416015625
8.644531,-1.007080078125
8.646484,5.035400390625
8.648438,5.841064453125
8.650391,6.243896484375
8.652344,6.243896484375
8.654297,6.243896484375
8.65625,5.841064453125
8.658203,5.035400390625
8.660156,4.229736328125
8.662109,10.272216796875
8.664062,9.26513671875
8.666016,8.258056640625
8.667969,7.65380859375
8.669922,7.049560546875
8.671875,6.646728515625
8.673828,6.646728515625
8.675781,6.84814453125
8.677734,12.689208984375
8.679688,15.106201171875
8.681641,15.911865234375
8.683594,16.9189453125
8.685547,17.926025390625
8.6875,18.731689453125
8.689453,19.537353515625
8.691406,19.940185546875
8.693359,20.1416015625
8.695312,20.1416015625
8.697266,19.73876953125
8.699219,19.3359375
8.701172,23.968505859375
8.703125,22.96142578125
8.705078,21.954345703125
8.707031,23.162841796875
8.708984,22.357177734375
8.710938,21.7529296875
8.712891,21.148681640625
8.714844,21.148681640625
8.716797,21.148681640625
8.71875,21.7529296875
8.720703,22.357177734375
8.722656,23.162841796875
8.724609,22.357177734375
8.726562,23.3642578125
8.728516,24.169921875
8.730469,24.9755859375
8.732422,25.579833984375
8.734375,25.78125
8.736328,25.982666015625
8.738281,21.35009765625
8.740234,20.745849609375
8.742188,20.1416015625
8.744141,19.134521484375
8.746094,18.12744140625
8.748047,17.32177734375
8.75,16.314697265625
8.751953,15.71044921875
8.753906,15.106201171875
8.755859,14.90478515625
8.757812,14.90478515625
8.759766,13.494873046875
8.761719,9.26513671875
8.763672,10.07080078125
8.765625,10.87646484375
8.767578,11.883544921875
8.769531,12.890625
8.771484,8.660888671875
8.773438,9.26513671875
8.775391,9.66796875
8.777344,9.869384765625
8.779297,9.66796875
8.78125,9.26513671875
8.783203,8.660888671875
8.785156,7.855224609375
8.787109,6.84814453125
8.789062,-0.40283203125
8.791016,-1.20849609375
8.792969,-2.01416015625
8.794922,-2.618408203125
8.796875,-3.021240234375
8.798828,-3.021240234375
8.800781,-2.81982421875
8.802734,-2.215576171875
8.804688,-1.611328125
8.806641,-0.604248046875
8.808594,0.201416015625
8.810547,1.20849609375
8.8125,2.01416015625
8.814453,2.81982421875
8.816406,-1.611328125
8.818359,-1.409912109375
8.820312,-1.409912109375
8.822266,-1.611328125
8.824219,-2.215576171875
8.826172,-3.021240234375
8.828125,-4.0283203125
8.830078,-4.833984375
8.832031,-5.841064453125
8.833984,-6.646728515625
8.835938,-3.424072265625
8.837891,-3.826904296875
8.839844,-3.826904296875
8.841797,-3.826904296875
8.84375,-3.424072265625
8.845703,-2.618408203125
8.847656,-1.812744140625
8.849609,4.632568359375
8.851562,5.6396484375
8.853516,6.4453125
8.855469,7.2509765625
8.857422,7.855224609375
8.859375,8.056640625
8.861328,8.258056640625
8.863281,8.056640625
8.865234,7.452392578125
8.867188,13.494873046875
8.869141,12.689208984375
8.871094,11.68212890625
8.873047,10.87646484375
8.875,9.869384765625
8.876953,9.26513671875
8.878906,8.660888671875
8.880859,15.106201171875
8.882812,15.106201171875
8.884766,15.3076171875
8.886719,15.911865234375
8.888672,16.717529296875
8.890625,17.724609375
8.892578,18.5302734375
8.894531,19.537353515625
8.896484,20.343017578125
8.898438,25.37841796875
8.900391,25.78125
8.902344,25.982666015625
8.904297,25.78125
8.90625,25.37841796875
8.908203,24.774169921875
8.910156,23.968505859375
8.912109,22.96142578125
8.914062,21.954345703125
8.916016,21.148681640625
8.917969,20.343017578125
8.919922,19.73876953125
8.921875,20.947265625
8.923828,20.745849609375
8.925781,21.148681640625
8.927734,21.551513671875
8.929688,22.357177734375
8.931641,21.35009765625
8.933594,-2.215576171875
8.935547,58.209228515625
8.9375,62.43896484375
8.939453,-1.007080078125
8.941406,-23.3642578125
8.943359,23.565673828125
8.945312,47.13134765625
8.947266,1.007080078125
8.949219,-39.276123046875
8.951172,25.982666015625
8.953125,44.71435546875
8.955078,-3.62548828125
8.957031,40.283203125
8.958984,29.40673828125
8.960938,90.234375
8.962891,-7.452392578125
8.964844,42.29736328125
8.966797,-89.4287109375
8.96875,85.80322265625
8.970703,14.09912109375
8.972656,60.626220703125
8.974609,-27.191162109375
8.976562,97.88818359375
8.978516,75.732421875
8.980469,-166.973876953125
8.982422,94.866943359375
8.984375,162.744140625
8.986328,-71.502685546875
8.988281,44.512939453125
8.990234,-105.743408203125
8.992188,19.940185546875
8.994141,110.980224609375
8.996094,-28.1982421875
8.998047,-146.429443359375
9.0,143.609619140625
9.001953,10.272216796875
9.003906,-448.7548828125
9.005859,117.828369140625
9.007812,81.170654296875
9.009766,207.861328125
9.011719,54.986572265625
9.013672,229.412841796875
9.015625,453.18603515625
9.017578,89.02587890625
9.019531,-157.305908203125
9.021484,225.5859375
9.023438,-48.33984375
9.025391,132.9345703125
9.027344,-60.626220703125
9.029297,-47.735595703125
9.03125,-270.30029296875
9.033203,-109.5703125
9.035156,-100.103759765625
9.037109,-101.11083984375
9.039062,-235.25390625
9.041016,-219.9462890625
9.042969,82.379150390625
9.044922,161.9384765625
9.046875,-84.393310546875
9.048828,-60.82763671875
9.050781,59.21630859375
9.052734,-21.35009765625
9.054688,-647.75390625
9.056641,-218.3349609375
9.058594,-26.385498046875
9.060547,198.59619140625
9.0625,24.9755859375
9.064453,339.990234375
9.066406,237.066650390625
9.068359,125.885009765625
9.070312,172.613525390625
9.072266,84.393310546875
9.074219,26.788330078125
9.076172,-303.533935546875
9.078125,-297.491455078125
9.080078,354.08935546875
9.082031,55.5908203125
9.083984,350.86669921875
9.085938,-317.633056640625
9.087891,101.312255859375
9.089844,179.26025390625
9.091797,-106.34765625
9.09375,-299.70703125
9.095703,-36.2548828125
9.097656,513.812255859375
9.099609,-60.4248046875
9.101562,-62.841796875
9.103516,-169.390869140625
9.105469,-10.07080078125
9.107422,89.4287109375
9.109375,25.982666015625
9.111328,200.6103515625
9.113281,405.2490234375
9.115234,-116.8212890625
9.117188,-306.55517578125
9.119141,510.38818359375
9.121094,207.659912109375
9.123047,339.58740234375
9.125,42.095947265625
9.126953,64.251708984375
9.128906,-66.668701171875
9.130859,-106.549072265625
9.132812,323.0712890625
9.134766,235.455322265625
9.136719,80.96923828125
9.138672,166.571044921875
9.140625,-419.7509765625
9.142578,-141.192626953125
9.144531,-32.025146484375
9.146484,205.04150390625
9.148438,19.940185546875
9.150391,88.623046875
9.152344,141.796875
9.154297,-119.64111328125
9.15625,-9.869384765625
9.158203,103.52783203125
9.160156,89.227294921875
9.162109,-133.33740234375
9.164062,-471.71630859375
9.166016,-114.202880859375
9.167969,133.941650390625
9.169922,-73.3154296875
9.171875,64.654541015625
9.173828,243.310546875
9.175781,117.626953125
9.177734,-137.969970703125
9.179688,-107.958984375
9.181641,-170.599365234375
9.183594,367.584228515625
9.185547,112.79296875
9.1875,48.138427734375
9.189453,103.52783203125
9.191406,-25.177001953125
9.193359,-251.165771484375
9.195312,-144.415283203125
9.197266,49.54833984375
9.199219,16.314697265625
9.201172,-5.035400390625
9.203125,67.071533203125
9.205078,-166.571044921875
9.207031,-258.416748046875
9.208984,-108.36181640625
9.210938,-47.735595703125
9.212891,106.549072265625
9.214844,-67.877197265625
9.216797,-35.650634765625
9.21875,-10.87646484375
9.220703,60.02197265625
9.222656,-171.807861328125
9.224609,-191.546630859375
9.226562,8.660888671875
9.228516,23.565673828125
9.230469,-115.61279296875
9.232422,-51.361083984375
9.234375,111.181640625
9.236328,48.944091796875
9.238281,-80.767822265625
9.240234,-14.300537109375
9.242188,-229.21142578125
9.244141,-71.7041015625
9.246094,65.863037109375
9.248047,-30.010986328125
9.25,-81.170654296875
9.251953,31.622314453125
9.253906,-20.54443359375
9.255859,46.124267578125
9.257812,99.90234375
9.259766,119.64111328125
9.261719,64.654541015625
9.263672,166.36962890625
9.265625,83.990478515625
9.267578,65.2587890625
9.269531,-65.057373046875
9.271484,-105.340576171875
9.273438,-28.60107421875
9.275391,34.6435546875
9.277344,35.650634765625
9.279297,-130.92041015625
9.28125,30.615234375
9.283203,-44.110107421875
9.285156,102.3193359375
9.287109,94.866943359375
9.289062,-47.735595703125
9.291016,-90.234375
9.292969,-173.2177734375
9.294922,-257.40966796875
9.296875,82.9833984375
9.298828,345.6298828125
9.300781,79.156494140625
9.302734,168.585205078125
9.304688,-69.287109375
9.306641,161.9384765625
9.308594,-101.11083984375
9.310547,47.13134765625
9.3125,89.02587890625
9.314453,18.731689453125
9.316406,-55.18798828125
9.318359,-290.643310546875
9.320312,-28.399658203125
9.322266,-165.362548828125
9.324219,285.205078125
9.326172,124.676513671875
9.328125,-363.153076171875
9.330078,233.038330078125
9.332031,-220.550537109375
9.333984,110.77880859375
9.335938,74.322509765625
9.337891,162.139892578125
9.339844,223.773193359375
9.341797,-68.4814453125
9.34375,-203.631591796875
9.345703,125.28076171875
9.347656,219.54345703125
9.349609,-160.528564453125
9.351562,25.982666015625
9.353516,-376.2451171875
9.355469,27.996826171875
9.357422,225.787353515625
9.359375,174.42626953125
9.361328,254.388427734375
9.363281,257.40966796875
9.365234,-166.571044921875
9.367188,192.352294921875
9.369141,-349.658203125
9.371094,-250.360107421875
9.373047,-35.85205078125
9.375,479.571533203125
9.376953,241.094970703125
9.378906,-178.0517578125
9.380859,-43.304443359375
9.382812,56.597900390625
9.384766,15.509033203125
9.386719,284.3994140625
9.388672,47.332763671875
9.390625,257.40966796875
9.392578,-88.22021484375
9.394531,65.863037109375
9.396484,185.101318359375
9.398438,225.98876953125
9.400391,64.251708984375
9.402344,-306.353759765625
9.404297,-200.006103515625
9.40625,80.96923828125
9.408203,326.495361328125
9.410156,-382.28759765625
9.412109,251.568603515625
9.414062,348.046875
9.416016,102.117919921875
9.417969,-283.392333984375
9.419922,-99.298095703125
9.421875,326.495361328125
9.423828,392.76123046875
9.425781,-201.617431640625
9.427734,-164.75830078125
9.429688,-467.68798828125
9.431641,-254.99267578125
9.433594,-62.0361328125
9.435547,399.20654296875
9.4375,237.872314453125
9.439453,-447.747802734375
9.441406,-552.28271484375
9.443359,56.597900390625
9.445312,175.836181640625
9.447266,220.550537109375
9.449219,-80.364990234375
9.451172,459.832763671875
9.453125,119.64111328125
9.455078,-319.244384765625
9.457031,126.08642578125
9.458984,295.477294921875
9.460938,-13.494873046875
9.462891,90.435791015625
9.464844,134.94873046875
9.466797,41.693115234375
9.46875,-59.014892578125
9.470703,219.9462890625
9.472656,376.849365234375
9.474609,175.433349609375
9.476562,-157.708740234375
9.478516,-267.07763671875
9.480469,-108.36181640625
9.482422,97.283935546875
9.484375,-14.501953125
9.486328,-155.4931640625
9.488281,-233.843994140625
9.490234,187.7197265625
9.492188,38.067626953125
9.494141,-271.91162109375
9.496094,-176.4404296875
9.498047,173.016357421875
9.5,126.4892578125
9.501953,-75.32958984375
9.503906,-134.344482421875
9.505859,0.604248046875
9.507812,-283.392333984375
9.509766,-215.716552734375
9.511719,78.1494140625
9.513672,130.92041015625
9.515625,-193.560791015625
9.517578,6.4453125
9.519531,-8.056640625
9.521484,214.508056640625
9.523438,32.025146484375
9.525391,-50.7568359375
9.527344,36.2548828125
9.529297,115.61279296875
9.53125,-263.04931640625
9.533203,-160.931396484375
9.535156,-2.81982421875
9.537109,67.474365234375
9.539062,-94.66552734375
9.541016,334.149169921875
9.542969,115.814208984375
9.544922,-51.5625
9.546875,-46.32568359375
9.548828,149.0478515625
9.550781,-67.474365234375
9.552734,43.505859375
9.554688,-96.881103515625
9.556641,99.700927734375
9.558594,120.0439453125
9.560547,163.5498046875
9.5625,121.25244140625
9.564453,130.517578125
9.566406,75.531005859375
9.568359,53.57666015625
9.570312,47.5341796875
9.572266,-100.30517578125
9.574219,163.348388671875
9.576172,107.958984375
9.578125,-137.36572265625
9.580078,-44.915771484375
9.582031,5.035400390625
9.583984,-38.873291015625
9.585938,-43.90869140625
9.587891,8.056640625
9.589844,-80.767822265625
9.591797,-46.124267578125
9.59375,23.3642578125
9.595703,-174.42626953125
9.597656,64.251708984375
9.599609,46.124267578125
9.601562,-13.092041015625
9.603516,163.348388671875
9.605469,-30.816650390625
9.607422,-52.569580078125
9.609375,67.67578125
9.611328,-104.534912109375
9.613281,218.73779296875
9.615234,-53.375244140625
9.617188,-55.5908203125
9.619141,-73.919677734375
9.621094,76.13525390625
9.623047,111.383056640625
9.625,71.7041015625
9.626953,68.682861328125
9.628906,26.385498046875
9.630859,-167.578125
9.632812,-191.546630859375
9.634766,110.77880859375
9.636719,-77.142333984375
9.638672,69.891357421875
9.640625,-115.411376953125
9.642578,-47.93701171875
9.644531,-32.025146484375
9.646484,-159.521484375
9.648438,-183.69140625
9.650391,85.80322265625
9.652344,143.206787109375
9.654297,-65.66162109375
9.65625,57.403564453125
9.658203,33.837890625
9.660156,135.75439453125
9.662109,200.811767578125
9.664062,-44.512939453125
9.666016,69.68994140625
9.667969,323.272705078125
9.669922,30.413818359375
9.671875,260.833740234375
9.673828,407.666015625
9.675781,452.581787109375
9.677734,12.48779296875
9.679688,-488.63525390625
9.681641,-55.99365234375
9.683594,47.735595703125
9.685547,-96.478271484375
9.6875,8.056640625
9.689453,-198.59619140625
9.691406,27.593994140625
9.693359,-90.838623046875
9.695312,-308.770751953125
9.697266,299.30419921875
9.699219,-61.029052734375
9.701172,-348.651123046875
9.703125,-422.16796875
9.705078,-188.92822265625
9.707031,45.9228515625
9.708984,-22.96142578125
9.710938,2.618408203125
9.712891,158.111572265625
9.714844,39.07470703125
9.716797,-261.43798828125
9.71875,47.332763671875
9.720703,-39.4775390625
9.722656,-219.342041015625
9.724609,354.693603515625
9.726562,64.05029296875
9.728516,-248.14453125
9.730469,-9.26513671875
9.732422,-100.30517578125
9.734375,372.418212890625
9.736328,116.41845703125
9.738281,-308.770751953125
9.740234,467.28515625
9.742188,-340.39306640625
9.744141,346.435546875
9.746094,197.79052734375
9.748047,-156.903076171875
9.75,-236.663818359375
9.751953,43.707275390625
9.753906,-21.148681640625
9.755859,-146.832275390625
9.757812,4.43115234375
9.759766,239.483642578125
9.761719,233.642578125
9.763672,288.02490234375
9.765625,39.276123046875
9.767578,637.68310546875
9.769531,89.630126953125
9.771484,-118.02978515625
9.773438,408.4716796875
9.775391,-152.471923828125
9.777344,-87.41455078125
9.779297,-69.68994140625
9.78125,-422.57080078125
9.783203,-26.18408203125
9.785156,-83.587646484375
9.787109,-161.1328125
9.789062,28.1982421875
9.791016,100.30517578125
9.792969,-265.869140625
9.794922,226.190185546875
9.796875,299.70703125
9.798828,-202.2216796875
9.800781,123.065185546875
9.802734,-47.332763671875
9.804688,-437.87841796875
9.806641,-160.3271484375
9.808594,-43.10302734375
9.810547,182.684326171875
9.8125,218.536376953125
9.814453,-27.593994140625
9.816406,-1.409912109375
9.818359,-246.331787109375
9.820312,-22.15576171875
9.822266,65.66162109375
9.824219,-439.691162109375
9.826172,6.4453125
9.828125,-154.888916015625
9.830078,136.1572265625
9.832031,-126.4892578125
9.833984,136.56005859375
9.835938,276.74560546875
9.837891,277.349853515625
9.839844,-86.004638671875
9.841797,66.265869140625
9.84375,-125.885009765625
9.845703,50.555419921875
9.847656,105.94482421875
9.849609,-30.010986328125
9.851562,291.046142578125
9.853516,-132.330322265625
9.855469,-186.309814453125
9.857422,121.856689453125
9.859375,105.94482421875
9.861328,210.076904296875
9.863281,213.90380859375
9.865234,16.11328125
9.867188,-80.16357421875
9.869141,87.41455078125
9.871094,-129.510498046875
9.873047,-29.40673828125
9.875,171.405029296875
9.876953,-110.980224609375
9.878906,59.21630859375
9.880859,13.6962890625
9.882812,22.357177734375
9.884766,25.177001953125
9.886719,195.977783203125
9.888672,63.043212890625
9.890625,33.837890625
9.892578,-133.740234375
9.894531,-124.072265625
9.896484,109.368896484375
9.898438,71.30126953125
9.900391,-14.90478515625
9.902344,69.891357421875
9.904297,-20.54443359375
9.90625,42.29736328125
9.908203,-152.67333984375
9.910156,315.41748046875
9.912109,69.085693359375
9.914062,29.00390625
9.916016,4.43115234375
9.917969,62.237548828125
9.919922,-73.71826171875
9.921875,-3.424072265625
9.923828,79.962158203125
9.925781,-92.852783203125
9.927734,325.89111328125
9.929688,-12.689208984375
9.931641,98.69384765625
9.933594,123.065185546875
9.935547,216.32080078125
9.9375,148.2421875
9.939453,-96.881103515625
9.941406,92.852783203125
9.943359,-171.405029296875
9.945312,50.152587890625
9.947266,134.94873046875
9.949219,197.3876953125
9.951172,108.36181640625
9.953125,-36.2548828125
9.955078,-120.849609375
9.957031,29.40673828125
9.958984,166.36962890625
9.960938,7.65380859375
9.962891,-92.852783203125
9.964844,131.3232421875
9.966797,375.03662109375
9.96875,-110.980224609375
9.970703,-71.905517578125
9.972656,131.121826171875
9.974609,-81.3720703125
9.976562,-10.87646484375
9.978516,9.26513671875
9.980469,-115.814208984375
9.982422,-149.853515625
9.984375,243.109130859375
9.986328,286.41357421875
9.988281,276.544189453125
9.990234,281.781005859375
9.992188,-203.631591796875
9.994141,-236.663818359375
9.996094,343.817138671875
9.998047,230.01708984375
10.0,136.56005859375
10.001953,-143.408203125
10.003906,-55.792236328125
10.005859,-1.409912109375
10.007812,-144.818115234375
10.009766,18.93310546875
10.011719,140.9912109375
10.013672,86.2060546875
10.015625,149.853515625
10.017578,-190.338134765625
10.019531,-510.186767578125
10.021484,302.728271484375
10.023438,336.36474609375
10.025391,363.958740234375
10.027344,175.030517578125
10.029297,7.049560546875
10.03125,-295.880126953125
10.033203,-331.93359375
10.035156,-197.79052734375
10.037109,7.452392578125
10.039062,-241.900634765625
10.041016,-289.031982421875
10.042969,-58.612060546875
10.044922,-452.984619140625
10.046875,-37.664794921875
10.048828,69.68994140625
10.050781,-58.41064453125
10.052734,18.328857421875
10.054688,-139.581298828125
10.056641,-135.552978515625
10.058594,34.039306640625
10.060547,-218.939208984375
10.0625,152.67333984375
10.064453,140.185546875
10.066406,-26.5869140625
10.068359,-1.20849609375
10.070312,-415.521240234375
10.072266,260.63232421875
10.074219,226.79443359375
10.076172,-273.1201171875
10.078125,-63.043212890625
10.080078,-162.542724609375
10.082031,-173.016357421875
10.083984,122.05810546875
10.085938,270.703125
10.087891,184.89990234375
10.089844,-51.361083984375
10.091797,-260.430908203125
10.09375,328.912353515625
10.095703,-364.16015625
10.097656,228.204345703125
10.099609,-182.8857421875
10.101562,31.82373046875
10.103516,93.45703125
10.105469,47.5341796875
10.107422,22.760009765625
10.109375,38.671875
10.111328,576.45263671875
10.113281,-15.911865234375
10.115234,-13.494873046875
10.117188,-381.884765625
10.119141,95.47119140625
10.121094,-33.43505859375
10.123047,-269.091796875
10.125,30.21240234375
10.126953,236.663818359375
10.128906,-43.707275390625
10.130859,-68.682861328125
10.132812,-65.863037109375
10.134766,186.51123046875
10.136719,389.739990234375
10.138672,279.96826171875
10.140625,-73.3154296875
10.142578,-391.754150390625
10.144531,46.32568359375
10.146484,-36.456298828125
10.148438,-286.41357421875
10.150391,-112.39013671875
10.152344,314.813232421875
10.154297,-106.75048828125
10.15625,-164.959716796875
10.158203,221.759033203125
10.160156,-5.23681640625
10.162109,283.59375
10.164062,126.287841796875
10.166016,-60.02197265625
10.167969,-108.966064453125
10.169922,-142.803955078125
10.171875,7.452392578125
10.173828,174.8291015625
10.175781,33.837890625
10.177734,22.96142578125
10.179688,32.830810546875
10.181641,-190.338134765625
10.183594,123.065185546875
10.185547,-110.77880859375
10.1875,198.59619140625
10.189453,321.05712890625
10.191406,-23.76708984375
10.193359,-114.404296875
10.195312,-126.4892578125
10.197266,32.427978515625
10.199219,134.5458984375
10.201172,-32.025146484375
10.203125,-15.911865234375
10.205078,-88.22021484375
10.207031,-108.160400390625
10.208984,-167.98095703125
10.210938,123.870849609375
10.212891,170.80078125
10.214844,-41.0888671875
10.216797,117.22412109375
10.21875,-128.90625
10.220703,-135.3515625
10.222656,38.873291015625
10.224609,-119.842529296875
10.226562,62.841796875
10.228516,-17.523193359375
10.230469,-93.658447265625
10.232422,-43.304443359375
10.234375,-36.859130859375
10.236328,118.634033203125
10.238281,-106.75048828125
10.240234,89.630126953125
10.242188,-107.55615234375
10.244141,-51.96533203125
10.246094,-45.52001953125
10.248047,-27.593994140625
10.25,16.717529296875
10.251953,-29.205322265625
10.253906,-58.209228515625
10.255859,-246.13037109375
10.257812,-62.43896484375
10.259766,56.597900390625
10.261719,-19.3359375
10.263672,133.740234375
10.265625,-74.725341796875
10.267578,-63.24462890625
10.269531,85.80322265625
10.271484,165.1611328125
10.273438,76.336669921875
10.275391,207.257080078125
10.277344,-120.0439453125
10.279297,-164.556884765625
10.28125,-65.057373046875
10.283203,-38.470458984375
10.285156,-8.45947265625
10.287109,131.524658203125
10.289062,187.7197265625
10.291016,361.944580078125
10.292969,-16.11328125
10.294922,-77.34375
10.296875,54.38232421875
10.298828,223.370361328125
10.300781,254.18701171875
10.302734,-248.9501953125
10.304688,5.841064453125
10.306641,-69.287109375
10.308594,72.308349609375
10.310547,72.91259765625
10.3125,41.290283203125
10.314453,94.061279296875
10.316406,-82.781982421875
10.318359,-336.968994140625
10.320312,338.37890625
10.322266,188.92822265625
10.324219,15.106201171875
10.326172,108.563232421875
10.328125,-69.891357421875
10.330078,43.505859375
10.332031,-82.781982421875
10.333984,-174.42626953125
10.335938,-21.954345703125
10.337891,-9.063720703125
10.339844,164.556884765625
10.341797,56.79931640625
10.34375,60.02197265625
10.345703,-55.18798828125
10.347656,-107.757568359375
10.349609,-268.2861328125
10.351562,198.59619140625
10.353516,-233.23974609375
10.355469,-203.02734375
10.357422,-206.451416015625
10.359375,386.920166015625
10.361328,245.123291015625
10.363281,-116.619873046875
10.365234,30.413818359375
10.367188,-111.383056640625
10.369141,-240.49072265625
10.371094,-360.9375
10.373047,117.626953125
10.375,151.263427734375
10.376953,-146.429443359375
10.378906,313.4033203125
10.380859,-251.165771484375
10.382812,91.0400390625
10.384766,-175.23193359375
10.386719,-202.62451171875
10.388672,-190.338134765625
10.390625,-62.43896484375
10.392578,-294.671630859375
10.394531,-331.732177734375
10.396484,-250.15869140625
10.398438,28.1982421875
10.400391,523.681640625
10.402344,-201.81884765625
10.404297,-317.230224609375
10.40625,-191.748046875
10.408203,95.47119140625
10.410156,-249.755859375
10.412109,232.43408203125
10.414062,233.23974609375
10.416016,-195.977783203125
10.417969,-198.797607421875
10.419922,390.34423828125
10.421875,-7.2509765625
10.423828,0.40283203125
10.425781,187.921142578125
10.427734,69.085693359375
10.429688,-211.8896484375
10.431641,-171.405029296875
10.433594,-175.634765625
10.435547,202.825927734375
10.4375,1014.73388671875
10.439453,-357.110595703125
10.441406,38.873291015625
10.443359,-84.19189453125
10.445312,166.973876953125
10.447266,-248.54736328125
10.449219,230.419921875
10.451172,300.5126953125
10.453125,81.3720703125
10.455078,-246.331787109375
10.457031,-164.959716796875
10.458984,-95.269775390625
10.460938,449.96337890625
10.462891,-156.500244140625
10.464844,34.442138671875
10.466797,-261.03515625
10.46875,-157.50732421875
10.470703,-211.688232421875
10.472656,-215.716552734375
10.474609,104.132080078125
10.476562,-48.33984375
10.478516,186.9140625
10.480469,-205.4443359375
10.482422,211.285400390625
10.484375,84.5947265625
10.486328,110.980224609375
10.488281,88.824462890625
10.490234,91.44287109375
10.492188,51.96533203125
10.494141,-239.2822265625
10.496094,354.4921875
10.498047,88.22021484375
10.5,272.314453125
10.501953,-191.143798828125
10.503906,214.105224609375
10.505859,19.134521484375
10.507812,29.205322265625
10.509766,-104.132080078125
10.511719,355.096435546875
10.513672,202.020263671875
10.515625,-257.8125
10.517578,261.236572265625
10.519531,-36.859130859375
10.521484,-36.2548828125
10.523438,186.712646484375
10.525391,66.064453125
10.527344,41.49169921875
10.529297,203.8330078125
10.53125,35.04638671875
10.533203,26.18408203125
10.535156,192.5537109375
10.537109,110.77880859375
10.539062,-54.986572265625
10.541016,-28.399658203125
10.542969,-55.18798828125
10.544922,191.949462890625
10.546875,-78.350830078125
10.548828,-62.0361328125
10.550781,90.63720703125
10.552734,131.72607421875
10.554688,149.853515625
10.556641,53.375244140625
10.558594,31.01806640625
10.560547,221.15478515625
10.5625,54.986572265625
10.564453,-61.23046875
10.566406,-105.743408203125
10.568359,72.91259765625
10.570312,-78.55224609375
10.572266,-102.117919921875
10.574219,139.3798828125
10.576172,73.919677734375
10.578125,130.517578125
10.580078,52.77099609375
10.582031,6.04248046875
10.583984,171.6064453125
10.585938,-171.6064453125
10.587891,34.442138671875
10.589844,-116.217041015625
10.591797,187.115478515625
10.59375,-112.79296875
10.595703,-53.778076171875
10.597656,85.400390625
10.599609,37.664794921875
10.601562,76.5380859375
10.603516,131.524658203125
10.605469,86.60888671875
10.607422,-161.53564453125
10.609375,-60.626220703125
10.611328,113.800048828125
10.613281,169.793701171875
10.615234,-36.859130859375
10.617188,-96.6796875
10.619141,-41.0888671875
10.621094,135.552978515625
10.623047,183.489990234375
10.625,171.20361328125
10.626953,128.90625
10.628906,-130.718994140625
10.630859,-254.791259765625
10.632812,-63.043212890625
10.634766,3.021240234375
10.636719,17.523193359375
10.638672,251.165771484375
10.640625,-170.196533203125
10.642578,86.407470703125
10.644531,167.779541015625
10.646484,-93.05419921875
10.648438,-91.241455078125
10.650391,142.19970703125
10.652344,309.77783203125
10.654297,-100.909423828125
10.65625,-293.865966796875
10.658203,-250.96435546875
10.660156,82.58056640625
10.662109,135.552978515625
10.664062,25.579833984375
10.666016,-87.615966796875
10.667969,9.869384765625
10.669922,57.000732421875
10.671875,-89.02587890625
10.673828,334.149169921875
10.675781,116.619873046875
10.677734,-136.56005859375
10.679688,-79.962158203125
10.681641,-38.873291015625
10.683594,136.1572265625
10.685547,-154.28466796875
10.6875,-160.125732421875
10.689453,-188.92822265625
10.691406,-164.75830078125
10.693359,-336.163330078125
10.695312,-294.873046875
10.697266,-123.870849609375
10.699219,319.8486328125
10.701172,-95.8740234375
10.703125,-10.07080078125
10.705078,52.77099609375
10.707031,237.26806640625
10.708984,-396.185302734375
10.710938,275.335693359375
10.712891,574.84130859375
10.714844,-139.3798828125
10.716797,-164.154052734375
10.71875,-68.07861328125
10.720703,135.552978515625
10.722656,-113.19580078125
10.724609,51.15966796875
10.726562,265.869140625
10.728516,-112.591552734375
10.730469,216.7236328125
10.732422,-140.789794921875
10.734375,265.869140625
10.736328,313.604736328125
10.738281,-80.96923828125
10.740234,-133.740234375
10.742188,-304.541015625
10.744141,123.870849609375
10.746094,-426.1962890625
10.748047,-479.77294921875
10.75,240.49072265625
10.751953,-202.825927734375
10.753906,35.85205078125
10.755859,361.944580078125
10.757812,-145.623779296875
10.759766,57.403564453125
10.761719,9.66796875
10.763672,-180.670166015625
10.765625,162.34130859375
10.767578,-10.675048828125
10.769531,-183.087158203125
10.771484,129.30908203125
10.773438,-167.779541015625
10.775391,197.186279296875
10.777344,28.1982421875
10.779297,-120.849609375
10.78125,-27.996826171875
10.783203,-158.917236328125
10.785156,-64.453125
10.787109,-73.71826171875
10.789062,57.000732421875
10.791016,-253.582763671875
10.792969,-379.669189453125
10.794922,-340.191650390625
10.796875,-4.229736328125
10.798828,-108.36181640625
10.800781,2.81982421875
10.802734,-128.704833984375
10.804688,-16.51611328125
10.806641,80.56640625
10.808594,53.57666015625
10.810547,26.788330078125
10.8125,47.5341796875
10.814453,346.435546875
10.816406,-166.7724609375
10.818359,-300.5126953125
10.820312,-44.71435546875
10.822266,-154.6875
10.824219,-81.3720703125
10.826172,75.531005859375
10.828125,-77.947998046875
10.830078,51.96533203125
10.832031,-336.968994140625
10.833984,54.986572265625
10.835938,155.09033203125
10.837891,-3.22265625
10.839844,-60.02197265625
10.841797,-59.417724609375
10.84375,19.3359375
10.845703,-75.32958984375
10.847656,-184.89990234375
10.849609,-141.39404296875
10.851562,64.85595703125
10.853516,0.201416015625
10.855469,-200.20751953125
10.857422,-135.3515625
10.859375,102.923583984375
10.861328,223.974609375
10.863281,-39.07470703125
10.865234,-81.976318359375
10.867188,128.1005859375
10.869141,42.7001953125
10.871094,84.393310546875
10.873047,291.851806640625
10.875,70.294189453125
10.876953,-62.0361328125
10.878906,-88.824462890625
10.880859,-16.9189453125
10.882812,-52.77099609375
10.884766,155.89599609375
10.886719,91.241455078125
10.888672,67.67578125
10.890625,236.46240234375
10.892578,50.958251953125
10.894531,-273.92578125
10.896484,-154.6875
10.898438,-24.774169921875
10.900391,-194.769287109375
10.902344,65.66162109375
10.904297,166.973876953125
10.90625,118.231201171875
10.908203,66.064453125
10.910156,38.671875
10.912109,201.214599609375
10.914062,39.678955078125
10.916016,-160.3271484375
10.917969,-22.15576171875
10.919922,77.142333984375
10.921875,-61.63330078125
10.923828,96.881103515625
10.925781,-88.824462890625
10.927734,-64.85595703125
10.929688,-10.4736328125
10.931641,-143.00537109375
10.933594,-45.318603515625
10.935547,154.888916015625
10.9375,116.8212890625
10.939453,79.962158203125
10.941406,-77.947998046875
10.943359,106.549072265625
10.945312,-15.3076171875
10.947266,-19.134521484375
10.949219,255.194091796875
10.951172,173.419189453125
10.953125,-197.186279296875
10.955078,31.622314453125
10.957031,1.007080078125
10.958984,146.832275390625
10.960938,-39.276123046875
10.962891,338.580322265625
10.964844,62.237548828125
10.966797,-24.57275390625
10.96875,27.191162109375
10.970703,-272.314453125
10.972656,-66.668701171875
10.974609,165.56396484375
10.976562,195.574951171875
10.978516,-188.525390625
10.980469,13.897705078125
10.982422,134.344482421875
10.984375,43.707275390625
10.986328,-317.431640625
10.988281,10.87646484375
10.990234,127.294921875
10.992188,-138.97705078125
10.994141,-363.958740234375
10.996094,19.537353515625
10.998047,111.58447265625
11.0,7.049560546875
11.001953,-176.641845703125
11.003906,-176.03759765625
11.005859,106.75048828125
11.007812,14.90478515625
11.009766,-370.60546875
11.011719,-268.487548828125
11.013672,169.390869140625
11.015625,-180.06591796875
11.017578,-260.833740234375
11.019531,-25.982666015625
11.021484,-103.9306640625
11.023438,359.124755859375
11.025391,-50.555419921875
11.027344,164.556884765625
11.029297,4.43115234375
11.03125,-270.30029296875
11.033203,-151.06201171875
11.035156,137.567138671875
11.037109,221.5576171875
11.039062,86.407470703125
11.041016,-328.7109375
11.042969,-255.999755859375
11.044922,-494.073486328125
11.046875,162.945556640625
11.048828,137.36572265625
11.050781,-33.43505859375
11.052734,-80.56640625
11.054688,-592.1630859375
11.056641,160.3271484375
11.058594,199.200439453125
11.060547,457.415771484375
11.0625,19.3359375
11.064453,-252.57568359375
11.066406,-319.44580078125
11.068359,-131.121826171875
11.070312,-142.19970703125
11.072266,-75.128173828125
11.074219,290.240478515625
11.076172,278.35693359375
11.078125,-115.008544921875
11.080078,-239.2822265625
11.082031,-0.201416015625
11.083984,-91.644287109375
11.085938,44.3115234375
11.087891,217.529296875
11.089844,147.4365234375
11.091797,146.429443359375
11.09375,278.759765625
11.095703,27.996826171875
11.097656,210.479736328125
11.099609,181.072998046875
11.101562,-75.32958984375
11.103516,53.173828125
11.105469,-141.192626953125
11.107422,-536.773681640625
11.109375,200.6103515625
11.111328,105.340576171875
11.113281,-53.375244140625
11.115234,228.80859375
11.117188,-416.93115234375
11.119141,-249.554443359375
11.121094,-151.666259765625
11.123047,-41.0888671875
11.125,47.13134765625
11.126953,-196.783447265625
11.128906,7.65380859375
11.130859,-88.421630859375
11.132812,-72.711181640625
11.134766,33.837890625
11.136719,392.559814453125
11.138672,28.60107421875
11.140625,-122.05810546875
11.142578,116.619873046875
11.144531,353.485107421875
11.146484,4.229736328125
11.148438,-154.083251953125
11.150391,32.427978515625
11.152344,365.167236328125
11.154297,62.43896484375
11.15625,-87.8173828125
11.158203,187.921142578125
11.160156,154.888916015625
11.162109,-124.676513671875
11.164062,18.12744140625
11.166016,-16.314697265625
11.167969,310.784912109375
11.169922,-168.78662109375
11.171875,-158.111572265625
11.173828,234.649658203125
11.175781,-103.52783203125
11.177734,-190.13671875
11.179688,5.6396484375
11.181641,-87.213134765625
11.183594,13.29345703125
11.185547,312.59765625
11.1875,94.866943359375
11.189453,171.002197265625
11.191406,1.409912109375
11.193359,-15.106201171875
11.195312,-117.022705078125
11.197266,140.58837890625
11.199219,281.57958984375
11.201172,-2.01416015625
11.203125,-2.81982421875
11.205078,-3.826904296875
11.207031,-4.833984375
11.208984,-5.6396484375
11.210938,-6.243896484375
11.212891,-6.646728515625
11.214844,-6.84814453125
11.216797,-6.646728515625
11.21875,-6.243896484375
11.220703,-5.6396484375
11.222656,-4.833984375
11.224609,-3.826904296875
11.226562,-2.81982421875
11.228516,-2.4169921875
11.230469,-1.812744140625
11.232422,2.01416015625
11.234375,2.4169921875
11.236328,2.4169921875
11.238281,2.215576171875
11.240234,1.812744140625
11.242188,1.007080078125
11.244141,0.201416015625
11.246094,-0.8056640625
11.248047,2.215576171875
11.25,1.409912109375
11.251953,0.604248046875
11.253906,0.201416015625
11.255859,0.0
11.257812,0.0
11.259766,0.201416015625
11.261719,0.8056640625
11.263672,8.258056640625
11.265625,9.26513671875
11.267578,10.272216796875
11.269531,11.077880859375
11.271484,12.0849609375
11.273438,12.689208984375
11.275391,13.092041015625
11.277344,20.1416015625
11.279297,19.940185546875
11.28125,19.537353515625
11.283203,18.93310546875
11.285156,18.12744140625
11.287109,17.120361328125
11.289062,16.11328125
11.291016,15.3076171875
11.292969,14.501953125
11.294922,18.93310546875
11.296875,18.5302734375
11.298828,18.5302734375
11.300781,18.731689453125
11.302734,19.3359375
11.304688,19.940185546875
11.306641,20.947265625
11.308594,21.954345703125
11.310547,24.371337890625
11.3125,25.177001953125
11.314453,25.982666015625
11.316406,26.385498046875
11.318359,26.5869140625
11.320312,26.5869140625
11.322266,26.385498046875
11.324219,25.78125
11.326172,24.9755859375
11.328125,23.968505859375
11.330078,22.96142578125
11.332031,21.35009765625
11.333984,20.54443359375
11.335938,19.940185546875
11.337891,19.537353515625
11.339844,19.3359375
11.341797,15.3076171875
11.34375,15.911865234375
11.345703,16.51611328125
11.347656,17.32177734375
11.349609,18.328857421875
11.351562,19.134521484375
11.353516,20.1416015625
11.355469,20.947265625
11.357422,21.551513671875
11.359375,14.90478515625
11.361328,15.106201171875
11.363281,14.703369140625
11.365234,14.300537109375
11.367188,13.494873046875
11.369141,12.689208984375
11.371094,11.68212890625
11.373047,10.675048828125
11.375,2.81982421875
11.376953,2.215576171875
11.378906,1.611328125
11.380859,1.409912109375
11.382812,1.409912109375
11.384766,1.812744140625
11.386719,2.4169921875
11.388672,-1.611328125
11.390625,-1.812744140625
11.392578,-0.8056640625
11.394531,0.0
11.396484,0.8056640625
11.398438,1.611328125
11.400391,2.01416015625
11.402344,2.01416015625
11.404297,-0.40283203125
11.40625,-0.8056640625
11.408203,-1.409912109375
11.410156,-2.215576171875
11.412109,-3.22265625
11.414062,-4.229736328125
11.416016,-5.035400390625
11.417969,-5.841064453125
11.419922,-7.452392578125
11.421875,-7.2509765625
11.423828,-7.452392578125
11.425781,-7.049560546875
11.427734,-6.646728515625
11.429688,-5.841064453125
11.431641,-5.035400390625
11.433594,-4.0283203125
11.435547,-3.22265625
11.4375,-2.215576171875
11.439453,-1.611328125
11.441406,-1.007080078125
11.443359,-0.8056640625
11.445312,-0.8056640625
11.447266,2.81982421875
11.449219,2.4169921875
11.451172,8.056640625
11.453125,7.2509765625
11.455078,6.243896484375
11.457031,5.23681640625
11.458984,4.43115234375
11.460938,3.826904296875
11.462891,3.424072265625
11.464844,3.22265625
11.466797,3.424072265625
11.46875,8.8623046875
11.470703,9.466552734375
11.472656,16.9189453125
11.474609,17.926025390625
11.476562,18.93310546875
11.478516,19.73876953125
11.480469,20.54443359375
11.482422,21.148681640625
11.484375,21.551513671875
11.486328,21.551513671875
11.488281,21.35009765625
11.490234,20.745849609375
11.492188,20.1416015625
11.494141,19.134521484375
11.496094,18.328857421875
11.498047,17.32177734375
11.5,16.51611328125
11.501953,20.343017578125
11.503906,19.73876953125
11.505859,19.537353515625
11.507812,19.537353515625
11.509766,19.940185546875
11.511719,20.54443359375
11.513672,21.35009765625
11.515625,23.565673828125
11.517578,24.57275390625
11.519531,25.579833984375
11.521484,26.385498046875
11.523438,26.98974609375
11.525391,27.392578125
11.527344,27.593994140625
11.529297,24.57275390625
11.53125,24.169921875
11.533203,23.3642578125
11.535156,22.55859375
11.537109,21.7529296875
11.539062,20.745849609375
11.541016,19.73876953125
11.542969,18.93310546875
11.544922,18.328857421875
11.546875,18.12744140625
11.548828,18.12744140625
11.550781,18.328857421875
11.552734,18.731689453125
11.554688,19.537353515625
11.556641,20.343017578125
11.558594,9.869384765625
11.560547,10.87646484375
11.5625,11.68212890625
11.564453,12.48779296875
11.566406,12.890625
11.568359,13.092041015625
11.570312,13.092041015625
11.572266,12.890625
11.574219,12.286376953125
11.576172,11.480712890625
11.578125,5.438232421875
11.580078,3.021240234375
11.582031,2.01416015625
11.583984,1.20849609375
11.585938,0.604248046875
11.587891,0.201416015625
11.589844,0.0
11.591797,0.201416015625
11.59375,-3.424072265625
11.595703,-2.618408203125
11.597656,-1.812744140625
11.599609,-1.007080078125
11.601562,0.0
11.603516,1.007080078125
11.605469,1.812744140625
11.607422,-0.8056640625
11.609375,-0.40283203125
11.611328,-0.40283203125
11.613281,-0.604248046875
11.615234,-1.007080078125
11.617188,-1.812744140625
11.619141,-2.618408203125
11.621094,-3.62548828125
11.623047,-4.229736328125
11.625,-5.23681640625
11.626953,-5.841064453125
11.628906,-6.4453125
11.630859,-6.646728515625
11.632812,-6.646728515625
11.634766,-6.243896484375
11.636719,-5.6396484375
11.638672,-1.20849609375
11.640625,-0.201416015625
11.642578,0.604248046875
11.644531,1.611328125
11.646484,2.4169921875
11.648438,3.021240234375
11.650391,3.424072265625
11.652344,3.62548828125
11.654297,3.424072265625
11.65625,3.021240234375
11.658203,2.4169921875
11.660156,1.611328125
11.662109,0.604248046875
11.664062,5.841064453125
11.666016,4.833984375
11.667969,11.077880859375
11.669922,10.4736328125
11.671875,10.272216796875
11.673828,10.07080078125
11.675781,10.4736328125
11.677734,10.87646484375
11.679688,11.68212890625
11.681641,12.48779296875
11.683594,13.494873046875
11.685547,20.343017578125
11.6875,21.35009765625
11.689453,21.954345703125
11.691406,22.55859375
11.693359,22.760009765625
11.695312,22.760009765625
11.697266,22.357177734375
11.699219,21.7529296875
11.701172,24.774169921875
11.703125,23.76708984375
11.705078,22.760009765625
11.707031,21.954345703125
11.708984,20.947265625
11.710938,20.343017578125
11.712891,19.940185546875
11.714844,19.73876953125
11.716797,20.54443359375
11.71875,20.947265625
11.720703,21.551513671875
11.722656,22.357177734375
11.724609,23.3642578125
11.726562,24.371337890625
11.728516,25.177001953125
11.730469,25.982666015625
11.732422,24.169921875
11.734375,24.371337890625
11.736328,24.57275390625
11.738281,24.169921875
11.740234,23.76708984375
11.742188,22.96142578125
11.744141,22.15576171875
11.746094,21.148681640625
11.748047,20.1416015625
11.75,13.29345703125
11.751953,12.689208984375
11.753906,12.0849609375
11.755859,11.883544921875
11.757812,11.883544921875
11.759766,12.286376953125
11.761719,12.890625
11.763672,13.6962890625
11.765625,7.452392578125
11.767578,8.45947265625
11.769531,9.26513671875
11.771484,10.272216796875
11.773438,10.87646484375
11.775391,11.279296875
11.777344,11.480712890625
11.779297,11.279296875
11.78125,5.841064453125
11.783203,3.424072265625
11.785156,2.618408203125
11.787109,1.611328125
11.789062,0.604248046875
11.791016,-0.201416015625
11.792969,-1.007080078125
11.794922,-1.611328125
11.796875,-2.01416015625
11.798828,-6.4453125
11.800781,-9.466552734375
11.802734,-7.452392578125
11.804688,-11.480712890625
11.806641,-18.328857421875
11.808594,-7.65380859375
11.810547,-0.8056640625
11.8125,46.527099609375
11.814453,3.62548828125
11.816406,-35.247802734375
11.818359,24.774169921875
11.820312,23.3642578125
11.822266,29.00390625
11.824219,-7.452392578125
11.826172,1.409912109375
11.828125,37.46337890625
11.830078,1.007080078125
11.832031,-42.29736328125
11.833984,7.049560546875
11.835938,-2.618408203125
11.837891,3.021240234375
11.839844,-30.21240234375
11.841797,-98.089599609375
11.84375,-71.099853515625
11.845703,62.841796875
11.847656,25.982666015625
11.849609,-9.869384765625
11.851562,35.04638671875
11.853516,-7.2509765625
11.855469,-18.93310546875
11.857422,-16.51611328125
11.859375,30.816650390625
11.861328,-24.9755859375
11.863281,12.890625
11.865234,7.855224609375
11.867188,14.300537109375
11.869141,55.99365234375
11.871094,6.243896484375
11.873047,24.371337890625
11.875,30.21240234375
11.876953,-5.6396484375
11.878906,17.724609375
11.880859,-53.57666015625
11.882812,-6.243896484375
11.884766,-4.833984375
11.886719,19.134521484375
11.888672,38.671875
11.890625,-0.8056640625
11.892578,12.48779296875
11.894531,-39.276123046875
11.896484,-28.60107421875
11.898438,49.346923828125
11.900391,95.672607421875
11.902344,57.403564453125
11.904297,-9.063720703125
11.90625,14.300537109375
11.908203,35.85205078125
11.910156,26.5869140625
11.912109,16.51611328125
11.914062,49.749755859375
11.916016,12.890625
11.917969,13.897705078125
11.919922,15.3076171875
11.921875,5.6396484375
11.923828,48.944091796875
11.925781,12.689208984375
11.927734,52.77099609375
11.929688,49.951171875
11.931641,-15.71044921875
11.933594,29.8095703125
11.935547,33.233642578125
11.9375,45.318603515625
11.939453,-12.0849609375
11.941406,-19.537353515625
11.943359,52.77099609375
11.945312,1.611328125
11.947266,50.152587890625
11.949219,78.753662109375
11.951172,23.162841796875
11.953125,8.8623046875
11.955078,18.5302734375
11.957031,-62.841796875
11.958984,32.830810546875
11.960938,-54.38232421875
11.962891,9.66796875
11.964844,-13.29345703125
11.966797,0.604248046875
11.96875,-14.09912109375
11.970703,-39.276123046875
11.972656,9.869384765625
11.974609,45.9228515625
11.976562,-8.258056640625
11.978516,-40.484619140625
11.980469,40.081787109375
11.982422,-16.314697265625
11.984375,-21.954345703125
11.986328,-70.49560546875
11.988281,50.555419921875
11.990234,41.49169921875
11.992188,3.021240234375
11.994141,-23.162841796875
11.996094,0.40283203125
11.998047,68.280029296875
12.0,16.11328125
12.001953,-45.9228515625
12.003906,-67.877197265625
12.005859,-47.5341796875
12.007812,-44.110107421875
12.009766,-22.55859375
12.011719,-5.035400390625
12.013672,-4.229736328125
12.015625,-3.424072265625
12.017578,-4.0283203125
12.019531,-3.22265625
12.021484,-2.4169921875
12.023438,-1.611328125
12.025391,-1.20849609375
12.027344,-1.20849609375
12.029297,1.611328125
12.03125,1.20849609375
12.033203,0.604248046875
12.035156,-0.201416015625
12.037109,-1.20849609375
12.039062,-2.215576171875
12.041016,-3.021240234375
12.042969,-3.826904296875
12.044922,-4.43115234375
12.046875,-0.40283203125
12.048828,-0.40283203125
12.050781,-0.201416015625
12.052734,0.201416015625
12.054688,1.007080078125
12.056641,1.812744140625
12.058594,9.869384765625
12.060547,10.87646484375
12.0625,11.68212890625
12.064453,12.48779296875
12.066406,12.890625
12.068359,13.092041015625
12.070312,13.092041015625
12.072266,12.890625
12.074219,12.286376953125
12.076172,11.480712890625
12.078125,17.724609375
12.080078,16.717529296875
12.082031,15.71044921875
12.083984,14.90478515625
12.085938,14.300537109375
12.087891,13.897705078125
12.089844,13.6962890625
12.091797,13.897705078125
12.09375,14.300537109375
12.095703,14.90478515625
12.097656,15.71044921875
12.099609,16.717529296875
12.101562,17.724609375
12.103516,23.76708984375
12.105469,24.57275390625
12.107422,25.37841796875
12.109375,27.593994140625
12.111328,27.593994140625
12.113281,27.392578125
12.115234,26.788330078125
12.117188,26.18408203125
12.119141,25.177001953125
12.121094,24.371337890625
12.123047,23.3642578125
12.125,21.148681640625
12.126953,20.54443359375
12.128906,19.940185546875
12.130859,19.73876953125
12.132812,19.73876953125
12.134766,20.1416015625
12.136719,20.745849609375
12.138672,21.551513671875
12.140625,17.926025390625
12.142578,18.93310546875
12.144531,19.73876953125
12.146484,20.54443359375
12.148438,21.35009765625
12.150391,21.7529296875
12.152344,21.7529296875
12.154297,21.7529296875
12.15625,16.314697265625
12.158203,15.71044921875
12.160156,14.90478515625
12.162109,13.897705078125
12.164062,12.890625
12.166016,12.0849609375
12.167969,11.279296875
12.169922,10.675048828125
12.171875,3.021240234375
12.173828,3.021240234375
12.175781,3.22265625
12.177734,3.62548828125
12.179688,4.43115234375
12.181641,5.23681640625
12.183594,6.243896484375
12.185547,7.2509765625
12.1875,2.215576171875
12.189453,2.81982421875
12.191406,3.424072265625
12.193359,3.62548828125
12.195312,3.62548828125
12.197266,3.22265625
12.199219,2.618408203125
12.201172,1.812744140625
12.203125,1.007080078125
12.205078,0.0
12.207031,-1.007080078125
12.208984,-1.812744140625
12.210938,-2.4169921875
12.212891,-7.2509765625
12.214844,-7.2509765625
12.216797,-7.855224609375
12.21875,-7.452392578125
12.220703,-6.646728515625
12.222656,-5.841064453125
12.224609,-5.035400390625
12.226562,-4.0283203125
12.228516,-3.021240234375
12.230469,-2.215576171875
12.232422,-1.611328125
12.234375,-1.409912109375
12.236328,2.01416015625
12.238281,1.812744140625
12.240234,1.20849609375
12.242188,0.604248046875
12.244141,-0.40283203125
12.246094,-1.20849609375
12.248047,-2.215576171875
12.25,2.618408203125
12.251953,2.01416015625
12.253906,8.660888671875
12.255859,8.45947265625
12.257812,8.45947265625
12.259766,8.660888671875
12.261719,9.26513671875
12.263672,10.07080078125
12.265625,11.077880859375
12.267578,12.0849609375
12.269531,12.890625
12.271484,13.6962890625
12.273438,14.501953125
12.275391,14.90478515625
12.277344,14.90478515625
12.279297,14.90478515625
12.28125,14.501953125
12.283203,20.1416015625
12.285156,19.3359375
12.287109,18.328857421875
12.289062,17.523193359375
12.291016,16.51611328125
12.292969,15.71044921875
12.294922,15.106201171875
12.296875,14.90478515625
12.298828,18.93310546875
12.300781,19.3359375
12.302734,19.73876953125
12.304688,20.54443359375
12.306641,21.35009765625
12.308594,22.357177734375
12.310547,23.162841796875
12.3125,24.169921875
12.314453,24.774169921875
12.316406,25.37841796875
12.318359,25.579833984375
12.320312,25.579833984375
12.322266,26.385498046875
12.324219,25.78125
12.326172,24.9755859375
12.328125,24.169921875
12.330078,23.162841796875
12.332031,22.15576171875
12.333984,19.3359375
12.335938,18.731689453125
12.337891,18.328857421875
12.339844,18.12744140625
12.341797,18.328857421875
12.34375,14.09912109375
12.345703,14.703369140625
12.347656,15.509033203125
12.349609,16.51611328125
12.351562,17.32177734375
12.353516,18.328857421875
12.355469,19.134521484375
12.357422,19.73876953125
12.359375,19.940185546875
12.361328,17.32177734375
12.363281,13.494873046875
12.365234,16.51611328125
12.367188,6.4453125
12.369141,6.646728515625
12.371094,9.063720703125
12.373047,3.22265625
12.375,-10.272216796875
12.376953,9.66796875
12.378906,-64.453125
12.380859,28.60107421875
12.382812,0.604248046875
12.384766,13.29345703125
12.386719,12.689208984375
12.388672,23.565673828125
12.390625,17.926025390625
12.392578,-122.4609375
12.394531,-43.90869140625
12.396484,21.35009765625
12.398438,6.646728515625
12.400391,70.49560546875
12.402344,-18.12744140625
12.404297,-16.51611328125
12.40625,46.32568359375
12.408203,-39.276123046875
12.410156,-55.99365234375
12.412109,-10.4736328125
12.414062,38.470458984375
12.416016,63.446044921875
12.417969,-113.397216796875
12.419922,-16.314697265625
12.421875,-11.883544921875
12.423828,-92.449951171875
12.425781,-75.732421875
12.427734,11.480712890625
12.429688,-114.404296875
12.431641,-8.660888671875
12.433594,-19.73876953125
12.435547,-35.85205078125
12.4375,52.77099609375
12.439453,-73.516845703125
12.441406,-55.18798828125
12.443359,-42.095947265625
12.445312,129.107666015625
12.447266,4.632568359375
12.449219,77.947998046875
12.451172,134.94873046875
12.453125,71.905517578125
12.455078,-101.312255859375
12.457031,-8.45947265625
12.458984,105.5419921875
12.460938,135.75439453125
12.462891,21.7529296875
12.464844,-7.452392578125
12.466797,32.427978515625
12.46875,-67.67578125
12.470703,63.24462890625
12.472656,35.85205078125
12.474609,-55.5908203125
12.476562,4.229736328125
12.478516,-60.4248046875
12.480469,5.035400390625
12.482422,48.541259765625
12.484375,-53.57666015625
12.486328,16.314697265625
12.488281,-18.93310546875
12.490234,59.21630859375
12.492188,26.5869140625
12.494141,-14.09912109375
12.496094,-45.1171875
12.498047,-25.982666015625
12.5,69.68994140625
12.501953,-14.703369140625
12.503906,-13.494873046875
12.505859,16.314697265625
12.507812,72.711181640625
12.509766,-17.724609375
12.511719,33.837890625
12.513672,8.8623046875
12.515625,67.071533203125
12.517578,2.618408203125
12.519531,0.8056640625
12.521484,5.23681640625
12.523438,41.290283203125
12.525391,17.926025390625
12.527344,47.5341796875
12.529297,16.717529296875
12.53125,10.87646484375
12.533203,-28.1982421875
12.535156,37.060546875
12.537109,21.551513671875
12.539062,-22.15576171875
12.541016,0.604248046875
12.542969,34.6435546875
12.544922,30.21240234375
12.546875,3.021240234375
12.548828,-15.71044921875
12.550781,-6.4453125
12.552734,30.816650390625
12.554688,46.32568359375
12.556641,-37.261962890625
12.558594,33.43505859375
12.560547,-0.604248046875
12.5625,36.859130859375
12.564453,0.201416015625
12.566406,25.78125
12.568359,28.802490234375
12.570312,-18.5302734375
12.572266,36.859130859375
12.574219,50.555419921875
12.576172,3.021240234375
12.578125,-22.15576171875
12.580078,2.81982421875
12.582031,1.812744140625
12.583984,1.007080078125
12.585938,0.40283203125
12.587891,0.0
12.589844,-0.201416015625
12.591797,0.0
12.59375,0.40283203125
12.595703,-3.62548828125
12.597656,-3.22265625
12.599609,-2.215576171875
12.601562,-1.20849609375
12.603516,-0.40283203125
12.605469,0.40283203125
12.607422,1.007080078125
12.609375,1.409912109375
12.611328,-0.604248046875
12.613281,-0.8056640625
12.615234,-1.20849609375
12.617188,-2.01416015625
12.619141,-2.81982421875
12.621094,-3.826904296875
12.623047,-4.833984375
12.625,-5.6396484375
12.626953,-5.23681640625
12.628906,-5.6396484375
12.630859,-5.841064453125
12.632812,-5.841064453125
12.634766,-5.6396484375
12.636719,-5.035400390625
12.638672,-4.229736328125
12.640625,-3.22265625
12.642578,-2.4169921875
12.644531,3.021240234375
12.646484,3.826904296875
12.648438,4.43115234375
12.650391,4.833984375
12.652344,5.035400390625
12.654297,4.833984375
12.65625,10.87646484375
12.658203,10.07080078125
12.660156,9.26513671875
12.662109,8.45947265625
12.664062,7.452392578125
12.666016,6.4453125
12.667969,5.841064453125
12.669922,5.23681640625
12.671875,11.883544921875
12.673828,11.883544921875
12.675781,12.0849609375
12.677734,12.689208984375
12.679688,13.29345703125
12.681641,14.300537109375
12.683594,15.106201171875
12.685547,16.11328125
12.6875,16.9189453125
12.689453,23.3642578125
12.691406,23.968505859375
12.693359,24.169921875
12.695312,23.968505859375
12.697266,23.76708984375
12.699219,23.162841796875
12.701172,22.357177734375
12.703125,21.551513671875
12.705078,23.3642578125
12.707031,22.357177734375
12.708984,21.551513671875
12.710938,20.947265625
12.712891,20.54443359375
12.714844,20.343017578125
12.716797,20.54443359375
12.71875,20.343017578125
12.720703,20.947265625
12.722656,21.7529296875
12.724609,22.760009765625
12.726562,23.76708984375
12.728516,24.57275390625
12.730469,25.37841796875
12.732422,25.982666015625
12.734375,24.169921875
12.736328,24.169921875
12.738281,23.968505859375
12.740234,23.565673828125
12.742188,22.760009765625
12.744141,21.954345703125
12.746094,20.947265625
12.748047,19.940185546875
12.75,19.134521484375
12.751953,18.328857421875
12.753906,17.926025390625
12.755859,17.724609375
12.757812,11.68212890625
12.759766,12.0849609375
12.761719,12.689208984375
12.763672,13.29345703125
12.765625,7.452392578125
12.767578,8.45947265625
12.769531,9.466552734375
12.771484,10.272216796875
12.773438,10.87646484375
12.775391,11.279296875
12.777344,11.480712890625
12.779297,11.279296875
12.78125,10.87646484375
12.783203,4.0283203125
12.785156,3.22265625
12.787109,2.215576171875
12.789062,1.20849609375
12.791016,0.40283203125
12.792969,-0.40283203125
12.794922,-1.007080078125
12.796875,-1.20849609375
12.798828,-5.6396484375
12.800781,-5.438232421875
12.802734,-5.035400390625
12.804688,-4.229736328125
12.806641,-3.424072265625
12.808594,-2.4169921875
12.810547,-1.409912109375
12.8125,-0.604248046875
12.814453,-1.409912109375
12.816406,-0.8056640625
12.818359,-0.604248046875
12.820312,-0.604248046875
12.822266,-1.007080078125
12.824219,-1.611328125
12.826172,-2.4169921875
12.828125,-3.22265625
12.830078,-2.81982421875
12.832031,-3.826904296875
12.833984,-4.632568359375
12.835938,-5.23681640625
12.837891,-5.6396484375
12.839844,-2.618408203125
12.841797,-5.6396484375
12.84375,-3.424072265625
12.845703,0.0
12.847656,-3.021240234375
12.849609,11.279296875
12.851562,3.22265625
12.853516,5.6396484375
12.855469,3.62548828125
12.857422,0.40283203125
12.859375,11.480712890625
12.861328,7.049560546875
12.863281,4.632568359375
12.865234,5.438232421875
12.867188,13.6962890625
12.869141,-4.0283203125
12.871094,13.897705078125
12.873047,36.456298828125
12.875,4.43115234375
12.876953,3.021240234375
12.878906,2.618408203125
12.880859,-2.215576171875
12.882812,-24.57275390625
12.884766,14.90478515625
12.886719,38.067626953125
12.888672,-1.611328125
12.890625,20.947265625
12.892578,4.833984375
12.894531,-29.40673828125
12.896484,2.01416015625
12.898438,33.43505859375
12.900391,10.675048828125
12.902344,18.731689453125
12.904297,44.915771484375
12.90625,9.466552734375
12.908203,11.480712890625
12.910156,28.802490234375
12.912109,65.460205078125
12.914062,62.841796875
12.916016,-12.890625
12.917969,-13.897705078125
12.919922,8.45947265625
12.921875,69.68994140625
12.923828,-20.1416015625
12.925781,64.453125
12.927734,19.537353515625
12.929688,-46.124267578125
12.931641,41.290283203125
12.933594,-2.215576171875
12.935547,9.26513671875
12.9375,39.07470703125
12.939453,23.565673828125
12.941406,11.883544921875
12.943359,47.13134765625
12.945312,-18.5302734375
12.947266,2.618408203125
12.949219,61.431884765625
12.951172,62.0361328125
12.953125,56.79931640625
12.955078,-32.025146484375
12.957031,-69.085693359375
12.958984,40.484619140625
12.960938,-25.177001953125
12.962891,75.531005859375
12.964844,40.68603515625
12.966797,-16.9189453125
12.96875,37.261962890625
12.970703,-17.523193359375
12.972656,-47.735595703125
12.974609,2.81982421875
12.976562,-24.774169921875
12.978516,1.611328125
12.980469,-47.93701171875
12.982422,73.3154296875
12.984375,2.215576171875
12.986328,4.833984375
12.988281,-71.30126953125
12.990234,26.98974609375
12.992188,-29.00390625
12.994141,-22.55859375
12.996094,-41.0888671875
12.998047,34.442138671875
13.0,58.8134765625
13.001953,-31.622314453125
13.003906,-49.346923828125
13.005859,-109.16748046875
13.007812,2.81982421875
13.009766,-19.73876953125
13.011719,-1.611328125
13.013672,57.806396484375
13.015625,-116.41845703125
13.017578,-97.4853515625
13.019531,-3.62548828125
13.021484,125.68359375
13.023438,53.9794921875
13.025391,-25.177001953125
13.027344,98.089599609375
13.029297,-70.697021484375
13.03125,-90.032958984375
13.033203,-23.3642578125
13.035156,50.152587890625
13.037109,111.58447265625
13.039062,-62.841796875
13.041016,-22.15576171875
13.042969,-15.911865234375
13.044922,14.501953125
13.046875,17.32177734375
13.048828,69.488525390625
13.050781,-15.911865234375
13.052734,2.215576171875
13.054688,3.021240234375
13.056641,3.826904296875
13.058594,4.833984375
13.060547,5.841064453125
13.0625,6.646728515625
13.064453,7.452392578125
13.066406,14.703369140625
13.068359,14.90478515625
13.070312,14.90478515625
13.072266,14.501953125
13.074219,13.897705078125
13.076172,13.092041015625
13.078125,12.286376953125
13.080078,11.279296875
13.082031,10.272216796875
13.083984,9.466552734375
13.085938,15.106201171875
13.087891,14.703369140625
13.089844,14.703369140625
13.091797,14.703369140625
13.09375,15.106201171875
13.095703,15.911865234375
13.097656,16.717529296875
13.099609,17.523193359375
13.101562,23.968505859375
13.103516,24.774169921875
13.105469,25.579833984375
13.107422,26.18408203125
13.109375,26.5869140625
13.111328,26.5869140625
13.113281,26.385498046875
13.115234,25.982666015625
13.117188,25.177001953125
13.119141,24.371337890625
13.121094,23.3642578125
13.123047,22.357177734375
13.125,21.551513671875
13.126953,20.745849609375
13.128906,20.343017578125
13.130859,20.1416015625
13.132812,20.745849609375
13.134766,19.3359375
13.136719,19.940185546875
13.138672,20.745849609375
13.140625,21.551513671875
13.142578,22.55859375
13.144531,23.565673828125
13.146484,18.93310546875
13.148438,19.537353515625
13.150391,20.1416015625
13.152344,20.1416015625
13.154297,20.1416015625
13.15625,19.537353515625
13.158203,18.93310546875
13.160156,18.12744140625
13.162109,11.883544921875
13.164062,10.87646484375
13.166016,10.07080078125
13.167969,9.26513671875
13.169922,8.660888671875
13.171875,8.258056640625
13.173828,8.258056640625
13.175781,1.611328125
13.177734,2.01416015625
13.179688,2.81982421875
13.181641,3.62548828125
13.183594,4.632568359375
13.185547,5.438232421875
13.1875,6.4453125
13.189453,7.049560546875
13.191406,7.65380859375
13.193359,7.855224609375
13.195312,7.855224609375
13.197266,7.452392578125
13.199219,1.812744140625
13.201172,1.007080078125
13.203125,0.0
13.205078,-1.007080078125
13.207031,-1.812744140625
13.208984,-2.618408203125
13.210938,-5.438232421875
13.212891,-6.646728515625
13.214844,-6.84814453125
13.216797,-6.646728515625
13.21875,-6.243896484375
13.220703,-5.6396484375
13.222656,-4.833984375
13.224609,-3.424072265625
13.226562,-2.4169921875
13.228516,-1.409912109375
13.230469,0.8056640625
13.232422,-0.604248046875
13.234375,-1.20849609375
13.236328,-3.62548828125
13.238281,3.62548828125
13.240234,3.22265625
13.242188,-2.81982421875
13.244141,2.618408203125
13.246094,3.424072265625
13.248047,1.20849609375
13.25,3.22265625
13.251953,8.45947265625
13.253906,-3.62548828125
13.255859,2.81982421875
13.257812,24.9755859375
13.259766,14.501953125
13.261719,-1.812744140625
13.263672,22.357177734375
13.265625,-35.85205078125
13.267578,20.947265625
13.269531,2.81982421875
13.271484,-1.611328125
13.273438,52.569580078125
13.275391,41.49169921875
13.277344,63.848876953125
13.279297,1.409912109375
13.28125,35.650634765625
13.283203,9.063720703125
13.285156,-6.646728515625
13.287109,5.841064453125
13.289062,30.413818359375
13.291016,48.541259765625
13.292969,-6.04248046875
13.294922,14.703369140625
13.296875,22.96142578125
13.298828,9.466552734375
13.300781,18.93310546875
13.302734,-35.247802734375
13.304688,45.9228515625
13.306641,31.622314453125
13.308594,-29.40673828125
13.310547,41.89453125
13.3125,16.314697265625
13.314453,34.039306640625
13.316406,10.675048828125
13.318359,-11.279296875
13.320312,-7.65380859375
13.322266,19.940185546875
13.324219,35.44921875
13.326172,7.2509765625
13.328125,-28.60107421875
13.330078,11.480712890625
13.332031,-63.446044921875
13.333984,96.881103515625
13.335938,-51.96533203125
13.337891,56.79931640625
13.339844,-6.04248046875
13.341797,-52.3681640625
13.34375,31.622314453125
13.345703,0.8056640625
13.347656,-18.328857421875
13.349609,32.62939453125
13.351562,49.346923828125
13.353516,-11.480712890625
13.355469,-32.2265625
13.357422,46.929931640625
13.359375,108.160400390625
13.361328,58.41064453125
13.363281,-14.703369140625
13.365234,-7.452392578125
13.367188,102.117919921875
13.369141,47.5341796875
13.371094,-38.873291015625
13.373047,88.22021484375
13.375,143.609619140625
13.376953,30.615234375
13.378906,-1.409912109375
13.380859,64.85595703125
13.382812,57.2021484375
13.384766,-119.64111328125
13.386719,-1.611328125
13.388672,-8.8623046875
13.390625,-6.4453125
13.392578,19.537353515625
13.394531,-35.04638671875
13.396484,38.470458984375
13.398438,43.304443359375
13.400391,106.146240234375
13.402344,-81.573486328125
13.404297,-61.63330078125
13.40625,-55.99365234375
13.408203,-7.049560546875
13.410156,72.308349609375
13.412109,-12.689208984375
13.414062,-49.749755859375
13.416016,-119.64111328125
13.417969,-32.025146484375
13.419922,-82.177734375
13.421875,-88.421630859375
13.423828,11.077880859375
13.425781,-32.830810546875
13.427734,-24.9755859375
13.429688,-124.072265625
13.431641,6.84814453125
13.433594,-25.982666015625
13.435547,59.619140625
13.4375,-6.04248046875
13.439453,-90.234375
13.441406,-67.877197265625
13.443359,-96.6796875
13.445312,33.233642578125
13.447266,57.2021484375
13.449219,5.23681640625
13.451172,4.43115234375
13.453125,3.424072265625
13.455078,2.4169921875
13.457031,1.611328125
13.458984,0.8056640625
13.460938,0.0
13.462891,-0.40283203125
13.464844,4.833984375
13.466797,5.035400390625
13.46875,5.438232421875
13.470703,6.04248046875
13.472656,6.84814453125
13.474609,7.855224609375
13.476562,15.911865234375
13.478516,16.9189453125
13.480469,17.724609375
13.482422,18.12744140625
13.484375,18.5302734375
13.486328,18.5302734375
13.488281,18.328857421875
13.490234,17.926025390625
13.492188,22.55859375
13.494141,21.551513671875
13.496094,20.54443359375
13.498047,19.73876953125
13.5,18.731689453125
13.501953,18.12744140625
13.503906,17.523193359375
13.505859,17.32177734375
13.507812,20.947265625
13.509766,21.35009765625
13.511719,21.7529296875
13.513672,22.55859375
13.515625,23.565673828125
13.517578,24.57275390625
13.519531,25.37841796875
13.521484,26.18408203125
13.523438,26.98974609375
13.525391,27.392578125
13.527344,27.392578125
13.529297,27.392578125
13.53125,26.98974609375
13.533203,26.18408203125
13.535156,20.54443359375
13.537109,19.73876953125
13.539062,18.731689453125
13.541016,17.724609375
13.542969,16.9189453125
13.544922,16.51611328125
13.546875,16.11328125
13.548828,16.11328125
13.550781,16.314697265625
13.552734,16.717529296875
13.554688,11.68212890625
13.556641,12.48779296875
13.558594,13.494873046875
13.560547,14.501953125
13.5625,15.3076171875
13.564453,16.11328125
13.566406,16.51611328125
13.568359,16.717529296875
13.570312,11.279296875
13.572266,11.077880859375
13.574219,10.4736328125
13.576172,9.66796875
13.578125,8.660888671875
13.580078,7.855224609375
13.582031,6.84814453125
13.583984,6.04248046875
13.585938,-0.8056640625
13.587891,-1.20849609375
13.589844,-1.409912109375
13.591797,-1.20849609375
13.59375,-0.8056640625
13.595703,-0.201416015625
13.597656,0.604248046875
13.599609,-2.4169921875
13.601562,-2.618408203125
13.603516,-0.604248046875
13.605469,-9.26513671875
13.607422,3.826904296875
13.609375,-7.452392578125
13.611328,0.201416015625
13.613281,9.66796875
13.615234,-4.833984375
13.617188,12.890625
13.619141,-9.26513671875
13.621094,-8.660888671875
13.623047,28.399658203125
13.625,-39.07470703125
13.626953,34.844970703125
13.628906,-16.9189453125
13.630859,-28.399658203125
13.632812,-8.056640625
13.634766,4.632568359375
13.636719,9.466552734375
13.638672,-23.565673828125
13.640625,-23.3642578125
13.642578,-10.272216796875
13.644531,-30.413818359375
13.646484,-13.092041015625
13.648438,27.996826171875
13.650391,76.336669921875
13.652344,5.23681640625
13.654297,28.399658203125
13.65625,-28.399658203125
13.658203,39.678955078125
13.660156,-53.57666015625
13.662109,-48.138427734375
13.664062,-115.008544921875
13.666016,-21.7529296875
13.667969,44.512939453125
13.669922,-38.873291015625
13.671875,28.1982421875
13.673828,94.464111328125
13.675781,0.40283203125
13.677734,-2.215576171875
13.679688,11.68212890625
13.681641,-65.66162109375
13.683594,43.90869140625
13.685547,46.124267578125
13.6875,-66.46728515625
13.689453,23.565673828125
13.691406,-15.509033203125
13.693359,-47.13134765625
13.695312,75.933837890625
13.697266,24.371337890625
13.699219,49.1455078125
13.701172,-22.96142578125
13.703125,107.55615234375
13.705078,46.929931640625
13.707031,34.844970703125
13.708984,-61.834716796875
13.710938,-70.294189453125
13.712891,77.34375
13.714844,18.12744140625
13.716797,-8.8623046875
13.71875,-7.049560546875
13.720703,6.243896484375
13.722656,51.96533203125
13.724609,60.82763671875
13.726562,135.552978515625
13.728516,44.512939453125
13.730469,-78.1494140625
13.732422,-16.717529296875
13.734375,0.40283203125
13.736328,51.96533203125
13.738281,16.11328125
13.740234,88.421630859375
13.742188,81.3720703125
13.744141,21.35009765625
13.746094,-55.5908203125
13.748047,61.431884765625
13.75,-25.579833984375
13.751953,162.34130859375
13.753906,0.201416015625
13.755859,-69.488525390625
13.757812,44.71435546875
13.759766,48.33984375
13.761719,39.4775390625
13.763672,79.156494140625
13.765625,47.5341796875
13.767578,-38.26904296875
13.769531,88.623046875
13.771484,4.43115234375
13.773438,74.52392578125
13.775391,7.65380859375
13.777344,7.855224609375
13.779297,7.65380859375
13.78125,7.2509765625
13.783203,6.646728515625
13.785156,5.841064453125
13.787109,4.833984375
13.789062,3.826904296875
13.791016,-1.409912109375
13.792969,-2.215576171875
13.794922,-2.81982421875
13.796875,-3.22265625
13.798828,-3.22265625
13.800781,-3.021240234375
13.802734,-2.4169921875
13.804688,-5.841064453125
13.806641,-5.035400390625
13.808594,-4.0283203125
13.810547,-3.021240234375
13.8125,-2.215576171875
13.814453,-1.409912109375
13.816406,-1.409912109375
13.818359,-1.20849609375
13.820312,-1.20849609375
13.822266,-1.611328125
13.824219,-2.01416015625
13.826172,-2.81982421875
13.828125,-3.826904296875
13.830078,-4.833984375
13.832031,-5.6396484375
13.833984,-6.4453125
13.835938,-3.62548828125
13.837891,-4.0283203125
13.839844,-4.229736328125
13.841797,-4.0283203125
13.84375,-3.62548828125
13.845703,-3.021240234375
13.847656,-2.215576171875
13.849609,-1.20849609375
13.851562,-0.201416015625
13.853516,0.604248046875
13.855469,1.409912109375
13.857422,2.01416015625
13.859375,2.215576171875
13.861328,2.4169921875
13.863281,8.056640625
13.865234,14.09912109375
13.867188,13.494873046875
13.869141,12.48779296875
13.871094,11.68212890625
13.873047,10.675048828125
13.875,9.869384765625
13.876953,9.063720703125
13.878906,8.660888671875
13.880859,8.258056640625
13.882812,15.3076171875
13.884766,15.71044921875
13.886719,16.11328125
13.888672,16.9189453125
13.890625,17.926025390625
13.892578,18.93310546875
13.894531,19.73876953125
13.896484,20.54443359375
13.898438,25.37841796875
13.900391,25.78125
13.902344,25.982666015625
13.904297,25.78125
13.90625,25.37841796875
13.908203,24.774169921875
13.910156,23.968505859375
13.912109,22.96142578125
13.914062,23.565673828125
13.916016,22.55859375
13.917969,21.7529296875
13.919922,21.35009765625
13.921875,20.947265625
13.923828,20.947265625
13.925781,21.148681640625
13.927734,20.745849609375
13.929688,21.551513671875
13.931641,22.357177734375
13.933594,23.3642578125
13.935547,24.371337890625
13.9375,25.177001953125
13.939453,25.78125
13.941406,26.385498046875
13.943359,26.5869140625
13.945312,21.35009765625
13.947266,21.148681640625
13.949219,20.54443359375
13.951172,19.73876953125
13.953125,18.731689453125
13.955078,17.926025390625
13.957031,16.9189453125
13.958984,16.11328125
13.960938,15.3076171875
13.962891,8.45947265625
13.964844,8.258056640625
13.966797,8.45947265625
13.96875,8.8623046875
13.970703,9.466552734375
13.972656,10.272216796875
13.974609,11.279296875
13.976562,5.035400390625
13.978516,6.04248046875
13.980469,6.84814453125
13.982422,7.452392578125
13.984375,7.65380859375
13.986328,7.855224609375
13.988281,7.452392578125
13.990234,7.049560546875
13.992188,0.604248046875
13.994141,-0.40283203125
13.996094,-1.20849609375
13.998047,-2.215576171875
14.0,-3.021240234375
14.001953,-3.826904296875
14.003906,-4.229736328125
14.005859,-4.632568359375
14.007812,-6.4453125
14.009766,-5.841064453125
14.011719,5.23681640625
14.013672,30.21240234375
14.015625,-1.812744140625
14.017578,-22.357177734375
14.019531,-25.579833984375
14.021484,25.37841796875
14.023438,12.48779296875
14.025391,-5.438232421875
14.027344,-53.57666015625
14.029297,-8.258056640625
14.03125,-25.177001953125
14.033203,-25.37841796875
14.035156,8.660888671875
14.037109,24.9755859375
14.039062,37.261962890625
14.041016,13.494873046875
14.042969,-57.2021484375
14.044922,-33.43505859375
14.046875,7.855224609375
14.048828,30.010986328125
14.050781,45.721435546875
14.052734,-90.234375
14.054688,49.1455078125
14.056641,-2.618408203125
14.058594,-26.788330078125
14.060547,87.213134765625
14.0625,0.0
14.064453,-35.04638671875
14.066406,63.446044921875
14.068359,36.456298828125
14.070312,-108.966064453125
14.072266,0.40283203125
14.074219,40.081787109375
14.076172,117.828369140625
14.078125,-73.71826171875
14.080078,-116.8212890625
14.082031,-19.73876953125
14.083984,92.852783203125
14.085938,74.322509765625
14.087891,-45.9228515625
14.089844,27.996826171875
14.091797,-40.484619140625
14.09375,-22.357177734375
14.095703,63.446044921875
14.097656,94.2626953125
14.099609,125.28076171875
14.101562,-93.658447265625
14.103516,-10.07080078125
14.105469,81.170654296875
14.107422,75.732421875
14.109375,8.258056640625
14.111328,114.80712890625
14.113281,56.195068359375
14.115234,-41.49169921875
14.117188,-36.456298828125
14.119141,-67.67578125
14.121094,83.38623046875
14.123047,185.302734375
14.125,3.021240234375
14.126953,41.89453125
14.128906,78.753662109375
14.130859,3.424072265625
14.132812,-53.9794921875
14.134766,-24.57275390625
14.136719,107.757568359375
14.138672,59.21630859375
14.140625,15.71044921875
14.142578,34.24072265625
14.144531,72.10693359375
14.146484,15.509033203125
14.148438,26.385498046875
14.150391,5.035400390625
14.152344,17.523193359375
14.154297,-28.399658203125
14.15625,-2.215576171875
14.158203,61.431884765625
14.160156,88.824462890625
14.162109,10.272216796875
14.164062,9.26513671875
14.166016,8.258056640625
14.167969,7.65380859375
14.169922,7.049560546875
14.171875,6.646728515625
14.173828,6.646728515625
14.175781,6.84814453125
14.177734,7.2509765625
14.179688,8.056640625
14.181641,2.4169921875
14.183594,3.22265625
14.185547,4.229736328125
14.1875,5.23681640625
14.189453,5.841064453125
14.191406,6.4453125
14.193359,6.646728515625
14.195312,0.8056640625
14.197266,0.40283203125
14.199219,0.0
14.201172,-0.8056640625
14.203125,-1.812744140625
14.205078,-2.81982421875
14.207031,-5.438232421875
14.208984,-6.4453125
14.210938,-7.049560546875
14.212891,-7.452392578125
14.214844,-7.65380859375
14.216797,-7.452392578125
14.21875,-7.049560546875
14.220703,-6.4453125
14.222656,-5.438232421875
14.224609,-4.632568359375
14.226562,-2.215576171875
14.228516,-1.20849609375
14.230469,-0.40283203125
14.232422,0.0
14.234375,0.40283203125
14.236328,0.40283203125
14.238281,0.201416015625
14.240234,-0.201416015625
14.242188,3.021240234375
14.244141,2.215576171875
14.246094,1.20849609375
14.248047,0.201416015625
14.25,-0.604248046875
14.251953,-1.409912109375
14.253906,-1.812744140625
14.255859,-2.01416015625
14.257812,-2.01416015625
14.259766,5.23681640625
14.261719,5.841064453125
14.263672,6.646728515625
14.265625,7.452392578125
14.267578,8.45947265625
14.269531,9.466552734375
14.271484,10.272216796875
14.273438,17.724609375
14.275391,18.12744140625
14.277344,18.328857421875
14.279297,18.12744140625
14.28125,17.724609375
14.283203,17.120361328125
14.285156,16.314697265625
14.287109,15.3076171875
14.289062,14.501953125
14.291016,19.134521484375
14.292969,18.328857421875
14.294922,17.926025390625
14.296875,17.523193359375
14.298828,17.523193359375
14.300781,17.724609375
14.302734,18.12744140625
14.304688,18.93310546875
14.306641,23.162841796875
14.308594,23.968505859375
14.310547,24.9755859375
14.3125,25.982666015625
14.314453,26.5869140625
14.316406,27.191162109375
14.318359,27.392578125
14.320312,26.98974609375
14.322266,26.5869140625
14.324219,26.18408203125
14.326172,25.37841796875
14.328125,24.371337890625
14.330078,23.3642578125
14.332031,22.55859375
14.333984,21.7529296875
14.335938,20.947265625
14.337891,16.314697265625
14.339844,16.11328125
14.341797,16.314697265625
14.34375,16.717529296875
14.345703,17.32177734375
14.347656,18.12744140625
14.349609,19.134521484375
14.351562,15.509033203125
14.353516,16.51611328125
14.355469,17.32177734375
14.357422,17.926025390625
14.359375,18.12744140625
14.361328,18.12744140625
14.363281,17.926025390625
14.365234,17.523193359375
14.367188,16.717529296875
14.369141,7.452392578125
14.371094,6.4453125
14.373047,5.438232421875
14.375,4.632568359375
14.376953,3.826904296875
14.378906,3.424072265625
14.380859,3.22265625
14.382812,3.22265625
14.384766,-1.20849609375
14.386719,-0.604248046875
14.388672,0.201416015625
14.390625,1.007080078125
14.392578,2.01416015625
14.394531,3.021240234375
14.396484,3.826904296875
14.398438,4.43115234375
14.400391,4.833984375
14.402344,0.8056640625
14.404297,0.8056640625
14.40625,0.40283203125
14.408203,-0.40283203125
14.410156,-1.20849609375
14.412109,-2.01416015625
14.414062,-3.021240234375
14.416016,-5.841064453125
14.417969,-6.646728515625
14.419922,-7.2509765625
14.421875,-7.452392578125
14.423828,-7.452392578125
14.425781,-7.2509765625
14.427734,-6.84814453125
14.429688,-6.04248046875
14.431641,-5.23681640625
14.433594,-1.409912109375
14.435547,-0.604248046875
14.4375,0.40283203125
14.439453,1.007080078125
14.441406,1.611328125
14.443359,1.812744140625
14.445312,1.812744140625
14.447266,5.6396484375
14.449219,5.035400390625
14.451172,4.229736328125
14.453125,3.424072265625
14.455078,2.4169921875
14.457031,1.409912109375
14.458984,0.604248046875
14.460938,7.2509765625
14.462891,6.646728515625
14.464844,6.646728515625
14.466797,6.646728515625
14.46875,7.2509765625
14.470703,7.855224609375
14.472656,8.660888671875
14.474609,9.66796875
14.476562,17.32177734375
14.478516,18.328857421875
14.480469,19.134521484375
14.482422,19.73876953125
14.484375,19.940185546875
14.486328,19.940185546875
14.488281,19.73876953125
14.490234,19.3359375
14.492188,18.5302734375
14.494141,21.148681640625
14.496094,20.343017578125
14.498047,19.3359375
14.5,18.328857421875
14.501953,17.724609375
14.503906,17.120361328125
14.505859,16.9189453125
14.507812,16.9189453125
14.509766,17.32177734375
14.511719,17.926025390625
14.513672,18.731689453125
14.515625,19.537353515625
14.517578,23.968505859375
14.519531,24.9755859375
14.521484,25.78125
14.523438,26.385498046875
14.525391,27.191162109375
14.527344,27.191162109375
14.529297,27.191162109375
14.53125,26.788330078125
14.533203,25.982666015625
14.535156,25.177001953125
14.537109,24.371337890625
14.539062,19.73876953125
14.541016,17.926025390625
14.542969,17.120361328125
14.544922,16.51611328125
14.546875,16.11328125
14.548828,16.11328125
14.550781,16.314697265625
14.552734,16.9189453125
14.554688,17.523193359375
14.556641,12.48779296875
14.558594,13.29345703125
14.560547,14.300537109375
14.5625,15.106201171875
14.564453,15.911865234375
14.566406,16.314697265625
14.568359,16.717529296875
14.570312,16.51611328125
14.572266,9.26513671875
14.574219,8.660888671875
14.576172,7.855224609375
14.578125,6.84814453125
14.580078,6.04248046875
14.582031,5.035400390625
14.583984,4.229736328125
14.585938,3.62548828125
14.587891,-2.618408203125
14.589844,-2.81982421875
14.591797,-2.618408203125
14.59375,-2.215576171875
14.595703,-1.611328125
14.597656,-5.23681640625
14.599609,-4.229736328125
14.601562,-3.22265625
14.603516,-2.4169921875
14.605469,-1.611328125
14.607422,-1.007080078125
14.609375,-0.8056640625
14.611328,-0.604248046875
14.613281,-0.8056640625
14.615234,-1.409912109375
14.617188,-2.215576171875
14.619141,-3.021240234375
14.621094,-4.0283203125
14.623047,-4.833984375
14.625,-5.841064453125
14.626953,-6.4453125
14.628906,-7.049560546875
14.630859,-7.049560546875
14.632812,-5.6396484375
14.634766,-3.424072265625
14.636719,-3.021240234375
14.638672,-2.215576171875
14.640625,-1.20849609375
14.642578,-0.201416015625
14.644531,0.604248046875
14.646484,1.409912109375
14.648438,2.215576171875
14.650391,7.855224609375
14.652344,8.056640625
14.654297,7.855224609375
14.65625,7.452392578125
14.658203,6.84814453125
14.660156,5.841064453125
14.662109,5.035400390625
14.664062,4.0283203125
14.666016,10.07080078125
14.667969,9.26513671875
14.669922,8.8623046875
14.671875,8.45947265625
14.673828,8.45947265625
14.675781,8.660888671875
14.677734,9.063720703125
14.679688,9.869384765625
14.681641,17.724609375
14.683594,18.5302734375
14.685547,19.537353515625
14.6875,20.54443359375
14.689453,21.148681640625
14.691406,21.7529296875
14.693359,21.954345703125
14.695312,21.7529296875
14.697266,21.551513671875
14.699219,25.579833984375
14.701172,24.774169921875
14.703125,23.76708984375
14.705078,22.760009765625
14.707031,21.954345703125
14.708984,21.148681640625
14.710938,20.343017578125
14.712891,19.940185546875
14.714844,21.148681640625
14.716797,21.148681640625
14.71875,21.551513671875
14.720703,22.357177734375
14.722656,23.162841796875
14.724609,23.968505859375
14.726562,24.9755859375
14.728516,25.982666015625
14.730469,26.788330078125
14.732422,27.392578125
14.734375,27.593994140625
14.736328,27.593994140625
14.738281,25.177001953125
14.740234,24.57275390625
14.742188,23.968505859375
14.744141,22.96142578125
14.746094,21.954345703125
14.748047,15.911865234375
14.75,15.106201171875
14.751953,14.300537109375
14.753906,13.897705078125
14.755859,13.494873046875
14.757812,13.6962890625
14.759766,13.897705078125
14.761719,9.26513671875
14.763672,10.07080078125
14.765625,11.077880859375
14.767578,11.883544921875
14.769531,12.890625
14.771484,13.6962890625
14.773438,14.300537109375
14.775391,14.703369140625
14.777344,8.056640625
14.779297,7.855224609375
14.78125,7.452392578125
14.783203,6.84814453125
14.785156,6.04248046875
14.787109,5.035400390625
14.789062,4.0283203125
14.791016,-2.215576171875
14.792969,-6.84814453125
14.794922,-7.452392578125
14.796875,-7.855224609375
14.798828,-7.855224609375
14.800781,-7.65380859375
14.802734,-7.2509765625
14.804688,-6.4453125
14.806641,-5.6396484375
14.808594,-4.632568359375
14.810547,-3.62548828125
14.8125,-2.81982421875
14.814453,-2.01416015625
14.816406,-1.611328125
14.818359,-1.409912109375
14.820312,-1.409912109375
14.822266,-1.611328125
14.824219,-0.604248046875
14.826172,-1.409912109375
14.828125,-2.4169921875
14.830078,-3.22265625
14.832031,-4.229736328125
14.833984,-5.035400390625
14.835938,-5.6396484375
14.837891,-6.243896484375
14.839844,-6.243896484375
14.841797,-6.243896484375
14.84375,-5.6396484375
14.845703,-5.035400390625
14.847656,-1.409912109375
14.849609,-0.40283203125
14.851562,0.604248046875
14.853516,7.855224609375
14.855469,8.660888671875
14.857422,9.26513671875
14.859375,9.66796875
14.861328,9.66796875
14.863281,9.466552734375
14.865234,8.8623046875
14.867188,8.258056640625
14.869141,7.2509765625
14.871094,6.243896484375
14.873047,8.8623046875
14.875,11.68212890625
14.876953,10.87646484375
14.878906,10.4736328125
14.880859,10.272216796875
14.882812,10.272216796875
14.884766,10.4736328125
14.886719,16.9189453125
14.888672,17.724609375
14.890625,18.5302734375
14.892578,19.537353515625
14.894531,20.54443359375
14.896484,21.35009765625
14.898438,21.954345703125
14.900391,26.98974609375
14.902344,27.191162109375
14.904297,26.98974609375
14.90625,26.5869140625
14.908203,25.982666015625
14.910156,25.177001953125
14.912109,24.169921875
14.914062,23.3642578125
14.916016,22.357177734375
14.917969,20.947265625
14.919922,20.54443359375
14.921875,20.1416015625
14.923828,20.1416015625
14.925781,20.343017578125
14.927734,20.745849609375
14.929688,21.551513671875
14.931641,22.357177734375
14.933594,21.148681640625
14.935547,22.15576171875
14.9375,22.96142578125
14.939453,23.76708984375
14.941406,24.169921875
14.943359,24.57275390625
14.945312,24.371337890625
14.947266,24.169921875
14.949219,23.565673828125
14.951172,22.760009765625
14.953125,21.7529296875
14.955078,20.947265625
14.957031,19.940185546875
14.958984,19.134521484375
14.960938,7.2509765625
14.962891,6.646728515625
14.964844,6.646728515625
14.966797,6.646728515625
14.96875,7.2509765625
14.970703,7.855224609375
14.972656,8.660888671875
14.974609,9.66796875
14.976562,10.4736328125
14.978516,11.480712890625
14.980469,5.438232421875
14.982422,6.04248046875
14.984375,6.4453125
14.986328,6.4453125
14.988281,0.8056640625
14.990234,0.201416015625
14.992188,-0.40283203125
14.994141,-1.409912109375
14.996094,-2.4169921875
14.998047,-3.22265625
15.0,-4.229736328125
15.001953,-4.833984375
15.003906,-5.438232421875
15.005859,-5.6396484375
15.007812,-5.6396484375
15.009766,-5.23681640625
15.011719,-4.632568359375
15.013672,-5.841064453125
15.015625,-5.035400390625
15.017578,-4.0283203125
15.019531,-3.021240234375
15.021484,-2.215576171875
15.023438,-1.611328125
15.025391,0.8056640625
15.027344,1.007080078125
15.029297,0.8056640625
15.03125,0.40283203125
15.033203,-0.201416015625
15.035156,-1.007080078125
15.037109,-2.01416015625
15.039062,-3.021240234375
15.041016,-3.826904296875
15.042969,-0.604248046875
15.044922,-1.20849609375
15.046875,-1.611328125
15.048828,-1.611328125
15.050781,-1.409912109375
15.052734,-1.007080078125
15.054688,-0.201416015625
15.056641,0.604248046875
15.058594,1.611328125
15.060547,2.618408203125
15.0625,3.424072265625
15.064453,4.229736328125
15.066406,11.077880859375
15.068359,11.480712890625
15.070312,11.279296875
15.072266,18.12744140625
15.074219,17.523193359375
15.076172,16.717529296875
15.078125,15.71044921875
15.080078,14.90478515625
15.082031,13.897705078125
15.083984,13.092041015625
15.085938,12.48779296875
15.087891,12.0849609375
15.089844,17.724609375
15.091797,17.926025390625
15.09375,18.328857421875
15.095703,18.93310546875
15.097656,19.73876953125
15.099609,20.745849609375
15.101562,21.7529296875
15.103516,22.55859375
15.105469,25.982666015625
15.107422,26.5869140625
15.109375,26.98974609375
15.111328,26.98974609375
15.113281,26.788330078125
15.115234,26.18408203125
15.117188,25.579833984375
15.119141,24.57275390625
15.121094,23.76708984375
15.123047,22.357177734375
15.125,21.551513671875
15.126953,20.745849609375
15.128906,20.343017578125
15.130859,19.940185546875
15.132812,20.1416015625
15.134766,20.343017578125
15.136719,17.32177734375
15.138672,18.12744140625
15.140625,18.93310546875
15.142578,19.940185546875
15.144531,20.947265625
15.146484,21.7529296875
15.148438,22.357177734375
15.150391,22.760009765625
15.152344,22.96142578125
15.154297,22.760009765625
15.15625,22.357177734375
15.158203,17.120361328125
15.160156,16.11328125
15.162109,15.3076171875
15.164062,14.300537109375
15.166016,13.29345703125
15.167969,12.689208984375
15.169922,12.0849609375
15.171875,11.68212890625
15.173828,4.833984375
15.175781,5.035400390625
15.177734,5.438232421875
15.179688,6.243896484375
15.181641,7.049560546875
15.183594,-18.328857421875
15.185547,18.731689453125
15.1875,-7.049560546875
15.189453,-3.021240234375
15.191406,14.703369140625
15.193359,-27.996826171875
15.195312,33.43505859375
15.197266,18.93310546875
15.199219,6.4453125
15.201172,-50.958251953125
15.203125,4.0283203125
15.205078,26.98974609375
15.207031,34.442138671875
15.208984,-9.26513671875
15.210938,35.85205078125
15.212891,44.915771484375
15.214844,2.618408203125
15.216797,-73.114013671875
15.21875,114.605712890625
15.220703,12.689208984375
15.222656,48.944091796875
15.224609,31.219482421875
15.226562,19.134521484375
15.228516,-14.300537109375
15.230469,-88.018798828125
15.232422,44.915771484375
15.234375,-13.29345703125
15.236328,61.834716796875
15.238281,53.173828125
15.240234,25.982666015625
15.242188,-72.10693359375
15.244141,-103.125
15.246094,12.0849609375
15.248047,70.294189453125
15.25,-18.731689453125
15.251953,57.403564453125
15.253906,54.180908203125
15.255859,11.68212890625
15.257812,-29.8095703125
15.259766,-42.7001953125
15.261719,-8.258056640625
15.263672,26.98974609375
15.265625,-39.276123046875
15.267578,96.27685546875
15.269531,-35.650634765625
15.271484,-23.76708984375
15.273438,86.004638671875
15.275391,53.375244140625
15.277344,-35.85205078125
15.279297,-53.375244140625
15.28125,32.2265625
15.283203,-2.81982421875
15.285156,-3.424072265625
15.287109,53.57666015625
15.289062,29.608154296875
15.291016,47.735595703125
15.292969,-60.82763671875
15.294922,-35.04638671875
15.296875,112.994384765625
15.298828,22.357177734375
15.300781,126.08642578125
15.302734,80.96923828125
15.304688,-94.061279296875
15.306641,-3.021240234375
15.308594,-6.243896484375
15.310547,-72.308349609375
15.3125,197.186279296875
15.314453,7.049560546875
15.316406,100.103759765625
15.318359,-35.247802734375
15.320312,10.07080078125
15.322266,-75.933837890625
15.324219,31.01806640625
15.326172,142.803955078125
15.328125,25.982666015625
15.330078,36.053466796875
15.332031,36.65771484375
15.333984,-150.860595703125
15.335938,102.520751953125
15.337891,40.283203125
15.339844,-55.389404296875
15.341797,-11.68212890625
15.34375,-30.615234375
15.345703,138.775634765625
15.347656,86.004638671875
15.349609,-48.944091796875
15.351562,127.496337890625
15.353516,9.869384765625
15.355469,-39.88037109375
15.357422,-53.778076171875
15.359375,72.308349609375
15.361328,44.3115234375
15.363281,88.018798828125
15.365234,19.537353515625
15.367188,-212.493896484375
15.369141,73.919677734375
15.371094,-38.26904296875
15.373047,5.23681640625
15.375,16.717529296875
15.376953,7.049560546875
15.378906,-13.6962890625
15.380859,29.40673828125
15.382812,0.201416015625
15.384766,-48.74267578125
15.386719,-30.010986328125
15.388672,246.533203125
15.390625,67.877197265625
15.392578,-64.654541015625
15.394531,101.91650390625
15.396484,184.89990234375
15.398438,108.966064453125
15.400391,98.895263671875
15.402344,-203.631591796875
15.404297,-30.413818359375
15.40625,-87.41455078125
15.408203,139.581298828125
15.410156,-121.6552734375
15.412109,-58.0078125
15.414062,-50.958251953125
15.416016,38.470458984375
15.417969,-44.3115234375
15.419922,-5.841064453125
15.421875,-15.3076171875
15.423828,2.4169921875
15.425781,-6.646728515625
15.427734,-6.84814453125
15.429688,-6.243896484375
15.431641,-5.23681640625
15.433594,-4.229736328125
15.435547,-1.409912109375
15.4375,0.604248046875
15.439453,1.20849609375
15.441406,1.812744140625
15.443359,2.01416015625
15.445312,1.812744140625
15.447266,1.611328125
15.449219,1.007080078125
15.451172,6.243896484375
15.453125,5.23681640625
15.455078,4.43115234375
15.457031,3.424072265625
15.458984,2.618408203125
15.460938,2.01416015625
15.462891,1.409912109375
15.464844,1.409912109375
15.466797,8.45947265625
15.46875,9.063720703125
15.470703,9.66796875
15.472656,10.4736328125
15.474609,11.480712890625
15.476562,12.286376953125
15.478516,13.29345703125
15.480469,14.09912109375
15.482422,14.703369140625
15.484375,14.90478515625
15.486328,14.90478515625
15.488281,14.703369140625
15.490234,14.300537109375
15.492188,13.494873046875
15.494141,19.3359375
15.496094,26.98974609375
15.498047,25.37841796875
15.5,19.537353515625
15.501953,14.300537109375
15.503906,17.120361328125
15.505859,15.3076171875
15.507812,12.48779296875
15.509766,16.9189453125
15.511719,28.802490234375
15.513672,27.191162109375
15.515625,-0.8056640625
15.517578,10.675048828125
15.519531,11.077880859375
15.521484,30.615234375
15.523438,17.120361328125
15.525391,63.043212890625
15.527344,57.403564453125
15.529297,65.460205078125
15.53125,-55.5908203125
15.533203,88.22021484375
15.535156,-5.841064453125
15.537109,22.55859375
15.539062,61.834716796875
15.541016,-76.94091796875
15.542969,26.98974609375
15.544922,15.71044921875
15.546875,-22.357177734375
15.548828,79.35791015625
15.550781,72.509765625
15.552734,35.04638671875
15.554688,21.148681640625
15.556641,11.480712890625
15.558594,81.3720703125
15.560547,52.3681640625
15.5625,-96.27685546875
15.564453,25.982666015625
15.566406,43.505859375
15.568359,59.619140625
15.570312,-36.2548828125
15.572266,8.8623046875
15.574219,39.88037109375
15.576172,55.792236328125
15.578125,-31.219482421875
15.580078,-76.5380859375
15.582031,8.45947265625
15.583984,-25.37841796875
15.585938,7.049560546875
15.587891,74.725341796875
15.589844,76.94091796875
15.591797,34.6435546875
15.59375,-16.11328125
15.595703,77.947998046875
15.597656,-4.0283203125
15.599609,106.146240234375
15.601562,-33.0322265625
15.603516,-95.8740234375
15.605469,-50.35400390625
15.607422,-18.93310546875
15.609375,-42.29736328125
15.611328,-42.095947265625
15.613281,35.247802734375
15.615234,-37.8662109375
15.617188,-11.279296875
15.619141,-70.294189453125
15.621094,-41.0888671875
15.623047,133.740234375
15.625,1.812744140625
15.626953,-68.682861328125
15.628906,71.7041015625
15.630859,-39.88037109375
15.632812,-79.962158203125
15.634766,44.71435546875
15.636719,5.841064453125
15.638672,-95.068359375
15.640625,-109.5703125
15.642578,31.82373046875
15.644531,79.156494140625
15.646484,75.933837890625
15.648438,-17.523193359375
15.650391,-20.947265625
15.652344,54.180908203125
15.654297,-171.20361328125
15.65625,-69.085693359375
15.658203,-36.456298828125
15.660156,104.534912109375
15.662109,30.816650390625
15.664062,-57.60498046875
15.666016,105.94482421875
15.667969,42.498779296875
15.669922,-63.6474609375
15.671875,29.8095703125
15.673828,103.125
15.675781,-41.89453125
15.677734,-39.07470703125
15.679688,-144.818115234375
15.681641,94.2626953125
15.683594,47.332763671875
15.685547,33.233642578125
15.6875,79.156494140625
15.689453,27.191162109375
15.691406,125.482177734375
15.693359,-123.065185546875
15.695312,-5.6396484375
15.697266,136.962890625
15.699219,176.03759765625
15.701172,-98.089599609375
15.703125,-59.820556640625
15.705078,-113.19580078125
15.707031,162.744140625
15.708984,126.690673828125
15.710938,14.90478515625
15.712891,158.111572265625
15.714844,256.201171875
15.716797,47.13134765625
15.71875,21.551513671875
15.720703,29.00390625
15.722656,26.98974609375
15.724609,-5.035400390625
15.726562,41.89453125
15.728516,15.3076171875
15.730469,75.531005859375
15.732422,10.272216796875
15.734375,-27.392578125
15.736328,205.04150390625
15.738281,-112.994384765625
15.740234,19.73876953125
15.742188,-114.80712890625
15.744141,168.3837890625
15.746094,1.007080078125
15.748047,-36.053466796875
15.75,17.523193359375
15.751953,104.33349609375
15.753906,17.724609375
15.755859,33.43505859375
15.757812,12.286376953125
15.759766,14.09912109375
15.761719,14.501953125
15.763672,8.258056640625
15.765625,9.26513671875
15.767578,10.272216796875
15.769531,4.43115234375
15.771484,5.23681640625
15.773438,5.841064453125
15.775391,6.243896484375
15.777344,6.4453125
15.779297,6.243896484375
15.78125,5.841064453125
15.783203,5.23681640625
15.785156,4.43115234375
15.787109,3.424072265625
15.789062,2.4169921875
15.791016,1.611328125
15.792969,0.8056640625
15.794922,0.201416015625
15.796875,-5.035400390625
15.798828,-5.035400390625
15.800781,-4.833984375
15.802734,-4.43115234375
15.804688,-3.62548828125
15.806641,-2.81982421875
15.808594,-1.812744140625
15.810547,-0.8056640625
15.8125,0.0
15.814453,0.8056640625
15.816406,1.20849609375
15.818359,1.409912109375
15.820312,1.409912109375
15.822266,-2.01416015625
15.824219,-2.618408203125
15.826172,-3.424072265625
15.828125,-2.215576171875
15.830078,-3.22265625
15.832031,-4.229736328125
15.833984,-5.035400390625
15.835938,-5.6396484375
15.837891,-6.04248046875
15.839844,-6.243896484375
15.841797,-1.812744140625
15.84375,-1.409912109375
15.845703,-0.8056640625
15.847656,0.0
15.849609,1.007080078125
15.851562,2.01416015625
15.853516,2.81982421875
15.855469,3.62548828125
15.857422,12.48779296875
15.859375,34.844970703125
15.861328,32.62939453125
15.863281,3.424072265625
15.865234,24.9755859375
15.867188,18.731689453125
15.869141,28.399658203125
15.871094,-23.565673828125
15.873047,62.0361328125
15.875,70.49560546875
15.876953,20.54443359375
15.878906,48.74267578125
15.880859,-25.579833984375
15.882812,-41.89453125
15.884766,75.732421875
15.886719,100.103759765625
15.888672,81.3720703125
15.890625,8.8623046875
15.892578,-16.314697265625
15.894531,-119.23828125
15.896484,81.976318359375
15.898438,100.506591796875
15.900391,113.5986328125
15.902344,-58.612060546875
15.904297,34.24072265625
15.90625,-49.346923828125
15.908203,10.87646484375
15.910156,68.682861328125
15.912109,93.255615234375
15.914062,78.55224609375
15.916016,73.71826171875
15.917969,-3.021240234375
15.919922,16.717529296875
15.921875,2.81982421875
15.923828,-58.612060546875
15.925781,-3.826904296875
15.927734,88.018798828125
15.929688,2.618408203125
15.931641,0.201416015625
15.933594,-6.4453125
15.935547,-24.774169921875
15.9375,85.400390625
15.939453,54.986572265625
15.941406,-41.290283203125
15.943359,46.527099609375
15.945312,14.300537109375
15.947266,-127.294921875
15.949219,53.778076171875
15.951172,53.9794921875
15.953125,93.255615234375
15.955078,-29.40673828125
15.957031,-109.97314453125
15.958984,237.6708984375
15.960938,51.763916015625
15.962891,-115.2099609375
15.964844,-52.569580078125
15.966797,-41.693115234375
15.96875,76.5380859375
15.970703,160.3271484375
15.972656,37.46337890625
15.974609,87.213134765625
15.976562,-109.97314453125
15.978516,50.958251953125
15.980469,47.735595703125
15.982422,-43.90869140625
15.984375,-135.150146484375
15.986328,91.644287109375
15.988281,-128.50341796875
15.990234,77.142333984375
15.992188,14.90478515625
15.994141,-22.15576171875
15.996094,-80.56640625
15.998047,42.901611328125
16.0,112.591552734375
16.001953,76.94091796875
16.003906,-64.654541015625
16.005859,-87.01171875
16.007812,154.083251953125
16.009766,-20.947265625
16.011719,-211.285400390625
16.013672,45.52001953125
16.015625,98.492431640625
16.017578,-97.88818359375
16.019531,47.735595703125
16.021484,-82.379150390625
16.023438,-27.392578125
16.025391,82.58056640625
16.027344,-165.765380859375
16.029297,-110.577392578125
16.03125,-169.9951171875
16.033203,-60.82763671875
16.035156,114.00146484375
16.037109,81.170654296875
16.039062,106.951904296875
16.041016,-165.56396484375
16.042969,-0.8056640625
16.044922,-11.279296875
16.046875,4.229736328125
16.048828,11.883544921875
16.050781,-12.890625
16.052734,48.944091796875
16.054688,-2.618408203125
16.056641,-60.02197265625
16.058594,-47.735595703125
16.060547,79.962158203125
16.0625,45.52001953125
16.064453,195.574951171875
16.066406,104.132080078125
16.068359,64.654541015625
16.070312,-60.02197265625
16.072266,-78.955078125
16.074219,108.160400390625
16.076172,35.650634765625
16.078125,251.568603515625
16.080078,185.70556640625
16.082031,118.231201171875
16.083984,211.48681640625
16.085938,41.290283203125
16.087891,44.3115234375
16.089844,-84.796142578125
16.091797,-25.78125
16.09375,-0.604248046875
16.095703,50.555419921875
16.097656,104.937744140625
16.099609,9.66796875
16.101562,31.01806640625
16.103516,34.442138671875
16.105469,9.869384765625
16.107422,26.98974609375
16.109375,27.392578125
16.111328,27.392578125
16.113281,27.191162109375
16.115234,26.788330078125
16.117188,25.982666015625
16.119141,25.177001953125
16.121094,24.169921875
16.123047,22.357177734375
16.125,21.35009765625
16.126953,20.745849609375
16.128906,20.1416015625
16.130859,19.940185546875
16.132812,19.940185546875
16.134766,20.343017578125
16.136719,20.947265625
16.138672,21.7529296875
16.140625,22.55859375
16.142578,23.565673828125
16.144531,24.57275390625
16.146484,25.37841796875
16.148438,21.954345703125
16.150391,22.357177734375
16.152344,16.717529296875
16.154297,16.51611328125
16.15625,16.11328125
16.158203,15.509033203125
16.160156,7.855224609375
16.162109,6.84814453125
16.164062,5.841064453125
16.166016,5.035400390625
16.167969,4.229736328125
16.169922,3.62548828125
16.171875,3.22265625
16.173828,3.22265625
16.175781,3.424072265625
16.177734,4.0283203125
16.179688,4.632568359375
16.181641,5.438232421875
16.183594,6.4453125
16.185547,7.452392578125
16.1875,8.258056640625
16.189453,2.81982421875
16.191406,3.22265625
16.193359,3.62548828125
16.195312,3.424072265625
16.197266,3.22265625
16.199219,2.618408203125
16.201172,1.812744140625
16.203125,2.01416015625
16.205078,-1.20849609375
16.207031,-11.077880859375
16.208984,2.215576171875
16.210938,-22.55859375
16.212891,-18.731689453125
16.214844,-6.04248046875
16.216797,21.7529296875
16.21875,-46.728515625
16.220703,-21.148681640625
16.222656,13.29345703125
16.224609,-10.07080078125
16.226562,-7.049560546875
16.228516,6.04248046875
16.230469,-24.57275390625
16.232422,23.3642578125
16.234375,-36.859130859375
16.236328,48.138427734375
16.238281,96.881103515625
16.240234,25.177001953125
16.242188,-68.682861328125
16.244141,20.947265625
16.246094,54.583740234375
16.248047,59.21630859375
16.25,108.36181640625
16.251953,24.774169921875
16.253906,15.3076171875
16.255859,-107.55615234375
16.257812,-60.626220703125
16.259766,89.4287109375
16.261719,-5.23681640625
16.263672,19.134521484375
16.265625,25.177001953125
16.267578,47.93701171875
16.269531,-104.937744140625
16.271484,-41.49169921875
16.273438,-26.98974609375
16.275391,34.24072265625
16.277344,-0.40283203125
16.279297,-34.6435546875
16.28125,21.551513671875
16.283203,20.54443359375
16.285156,-12.0849609375
16.287109,111.785888671875
16.289062,38.873291015625
16.291016,-48.74267578125
16.292969,-15.911865234375
16.294922,64.85595703125
16.296875,40.484619140625
16.298828,100.506591796875
16.300781,-4.833984375
16.302734,21.35009765625
16.304688,60.223388671875
16.306641,158.31298828125
16.308594,-166.36962890625
16.310547,84.5947265625
16.3125,149.45068359375
16.314453,0.201416015625
16.316406,28.802490234375
16.318359,120.648193359375
16.320312,-79.156494140625
16.322266,101.11083984375
16.324219,20.745849609375
16.326172,-115.411376953125
16.328125,-77.545166015625
16.330078,-93.45703125
16.332031,-205.4443359375
16.333984,-33.233642578125
16.335938,13.092041015625
16.337891,115.814208984375
16.339844,40.283203125
16.341797,93.85986328125
16.34375,47.5341796875
16.345703,-11.480712890625
16.347656,-148.846435546875
16.349609,276.3427734375
16.351562,127.093505859375
16.353516,-51.5625
16.355469,35.85205078125
16.357422,-46.32568359375
16.359375,154.486083984375
16.361328,208.6669921875
16.363281,-136.1572265625
16.365234,201.416015625
16.367188,197.3876953125
16.369141,15.106201171875
16.371094,-31.219482421875
16.373047,-6.84814453125
16.375,2.81982421875
16.376953,5.035400390625
16.378906,-3.021240234375
16.380859,-28.399658203125
16.382812,-12.286376953125
16.384766,3.424072265625
16.386719,13.29345703125
16.388672,88.824462890625
16.390625,40.081787109375
16.392578,86.2060546875
16.394531,91.845703125
16.396484,-203.631591796875
16.398438,-136.962890625
16.400391,183.489990234375
16.402344,29.608154296875
16.404297,57.806396484375
16.40625,-117.022705078125
16.408203,-49.54833984375
16.410156,-61.63330078125
16.412109,-171.807861328125
16.414062,5.438232421875
16.416016,10.675048828125
16.417969,37.46337890625
16.419922,6.243896484375
16.421875,-196.98486328125
16.423828,230.419921875
16.425781,-1.409912109375
16.427734,-70.49560546875
16.429688,-82.781982421875
16.431641,49.54833984375
16.433594,-41.89453125
16.435547,-1.611328125
16.4375,8.056640625
16.439453,-3.826904296875
16.441406,-25.579833984375
16.443359,11.883544921875
16.445312,3.424072265625
16.447266,2.01416015625
16.449219,1.409912109375
16.451172,6.04248046875
16.453125,5.23681640625
16.455078,4.229736328125
16.457031,3.22265625
16.458984,2.4169921875
16.460938,1.812744140625
16.462891,1.409912109375
16.464844,1.20849609375
16.466797,1.409912109375
16.46875,9.063720703125
16.470703,9.66796875
16.472656,10.4736328125
16.474609,11.480712890625
16.476562,12.48779296875
16.478516,13.29345703125
16.480469,14.09912109375
16.482422,14.703369140625
16.484375,19.73876953125
16.486328,19.73876953125
16.488281,19.537353515625
16.490234,18.93310546875
16.492188,18.328857421875
16.494141,17.32177734375
16.496094,22.15576171875
16.498047,21.35009765625
16.5,20.343017578125
16.501953,19.73876953125
16.503906,19.134521484375
16.505859,18.93310546875
16.507812,18.93310546875
16.509766,19.3359375
16.511719,21.148681640625
16.513672,21.954345703125
16.515625,22.760009765625
16.517578,23.76708984375
16.519531,24.774169921875
16.521484,25.579833984375
16.523438,26.18408203125
16.525391,26.5869140625
16.527344,26.788330078125
16.529297,25.982666015625
16.53125,25.37841796875
16.533203,24.774169921875
16.535156,23.968505859375
16.537109,22.96142578125
16.539062,21.954345703125
16.541016,21.148681640625
16.542969,7.049560546875
16.544922,-7.65380859375
16.546875,22.15576171875
16.548828,2.215576171875
16.550781,57.000732421875
16.552734,-29.40673828125
16.554688,-51.96533203125
16.556641,53.375244140625
16.558594,4.229736328125
16.560547,47.332763671875
16.5625,41.290283203125
16.564453,29.8095703125
16.566406,4.833984375
16.568359,23.565673828125
16.570312,-2.4169921875
16.572266,-25.37841796875
16.574219,20.947265625
16.576172,52.166748046875
16.578125,-17.523193359375
16.580078,-28.802490234375
16.582031,-35.247802734375
16.583984,-14.501953125
16.585938,59.820556640625
16.587891,40.887451171875
16.589844,42.901611328125
16.591797,84.393310546875
16.59375,-17.120361328125
16.595703,10.07080078125
16.597656,75.933837890625
16.599609,66.064453125
16.601562,-24.169921875
16.603516,24.774169921875
16.605469,-55.389404296875
16.607422,81.170654296875
16.609375,26.385498046875
16.611328,-29.40673828125
16.613281,90.838623046875
16.615234,-19.3359375
16.617188,-72.509765625
16.619141,23.968505859375
16.621094,-21.551513671875
16.623047,-40.283203125
16.625,-4.229736328125
16.626953,91.0400390625
16.628906,106.75048828125
16.630859,-90.838623046875
16.632812,51.15966796875
16.634766,179.864501953125
16.636719,27.79541015625
16.638672,93.85986328125
16.640625,-39.276123046875
16.642578,-140.386962890625
16.644531,-69.287109375
16.646484,-15.71044921875
16.648438,144.818115234375
16.650391,109.16748046875
16.652344,151.263427734375
16.654297,-105.340576171875
16.65625,87.213134765625
16.658203,105.13916015625
16.660156,168.3837890625
16.662109,9.063720703125
16.664062,90.234375
16.666016,27.79541015625
16.667969,125.28076171875
16.669922,-13.092041015625
16.671875,49.951171875
16.673828,56.79931640625
16.675781,97.4853515625
16.677734,-197.79052734375
16.679688,116.41845703125
16.681641,-10.4736328125
16.683594,87.8173828125
16.685547,-44.512939453125
16.6875,26.18408203125
16.689453,156.903076171875
16.691406,113.397216796875
16.693359,48.33984375
16.695312,-55.389404296875
16.697266,289.63623046875
16.699219,212.091064453125
16.701172,284.197998046875
16.703125,177.044677734375
16.705078,91.845703125
16.707031,-68.88427734375
16.708984,-88.018798828125
16.710938,-96.881103515625
16.712891,145.01953125
16.714844,68.682861328125
16.716797,157.708740234375
16.71875,-80.364990234375
16.720703,56.195068359375
16.722656,49.951171875
16.724609,148.040771484375
16.726562,-184.89990234375
16.728516,-31.219482421875
16.730469,24.774169921875
16.732422,35.04638671875
16.734375,7.452392578125
16.736328,74.725341796875
16.738281,19.537353515625
16.740234,84.5947265625
16.742188,40.484619140625
16.744141,77.545166015625
16.746094,-45.9228515625
16.748047,-67.67578125
16.75,-104.132080078125
16.751953,-47.13134765625
16.753906,81.77490234375
16.755859,155.89599609375
16.757812,51.361083984375
16.759766,29.00390625
16.761719,82.177734375
16.763672,63.24462890625
16.765625,34.24072265625
16.767578,6.243896484375
16.769531,108.966064453125
16.771484,-37.46337890625
16.773438,126.4892578125
16.775391,-23.162841796875
16.777344,-4.229736328125
16.779297,-13.897705078125
16.78125,10.4736328125
16.783203,5.23681640625
16.785156,4.43115234375
16.787109,3.424072265625
16.789062,2.4169921875
16.791016,1.611328125
16.792969,0.8056640625
16.794922,0.201416015625
16.796875,-5.438232421875
16.798828,-5.438232421875
16.800781,-5.23681640625
16.802734,-4.632568359375
16.804688,-4.0283203125
16.806641,-3.021240234375
16.808594,-2.215576171875
16.810547,-1.20849609375
16.8125,-0.40283203125
16.814453,-2.215576171875
16.816406,-1.611328125
16.818359,-1.409912109375
16.820312,-1.409912109375
16.822266,-1.812744140625
16.824219,-2.4169921875
16.826172,-1.007080078125
16.828125,-1.812744140625
16.830078,-2.81982421875
16.832031,-3.826904296875
16.833984,-4.632568359375
16.835938,-5.23681640625
16.837891,-5.6396484375
16.839844,-5.841064453125
16.841797,-2.618408203125
16.84375,-2.215576171875
16.845703,-1.611328125
16.847656,-0.8056640625
16.849609,0.201416015625
16.851562,1.20849609375
16.853516,2.01416015625
16.855469,2.81982421875
16.857422,11.077880859375
16.859375,11.480712890625
16.861328,11.480712890625
16.863281,11.279296875
16.865234,10.675048828125
16.867188,10.07080078125
16.869141,9.063720703125
16.871094,8.258056640625
16.873047,12.689208984375
16.875,11.68212890625
16.876953,11.077880859375
16.878906,10.4736328125
16.880859,10.272216796875
16.882812,10.272216796875
16.884766,10.675048828125
16.886719,11.279296875
16.888672,18.12744140625
16.890625,19.134521484375
16.892578,20.1416015625
16.894531,20.947265625
16.896484,21.7529296875
16.898438,22.55859375
16.900391,22.96142578125
16.902344,22.96142578125
16.904297,22.96142578125
16.90625,22.55859375
16.908203,21.7529296875
16.910156,20.947265625
16.912109,24.371337890625
16.914062,23.3642578125
16.916016,22.357177734375
16.917969,21.954345703125
16.919922,21.35009765625
16.921875,21.148681640625
16.923828,20.947265625
16.925781,21.35009765625
16.927734,21.7529296875
16.929688,22.55859375
16.931641,23.3642578125
16.933594,24.371337890625
16.935547,21.551513671875
16.9375,22.357177734375
16.939453,22.96142578125
16.941406,-13.29345703125
16.943359,36.456298828125
16.945312,11.077880859375
16.947266,47.13134765625
16.949219,20.745849609375
16.951172,46.929931640625
16.953125,6.84814453125
16.955078,-17.926025390625
16.957031,25.982666015625
16.958984,33.0322265625
16.960938,7.65380859375
16.962891,-4.0283203125
16.964844,-26.5869140625
16.966797,-7.049560546875
16.96875,-33.43505859375
16.970703,-47.332763671875
16.972656,30.615234375
16.974609,12.48779296875
16.976562,-58.41064453125
16.978516,-12.286376953125
16.980469,-52.972412109375
16.982422,79.7607421875
16.984375,2.01416015625
16.986328,-62.43896484375
16.988281,12.890625
16.990234,52.3681640625
16.992188,66.46728515625
16.994141,35.650634765625
16.996094,-119.842529296875
16.998047,184.09423828125
17.0,-15.3076171875
17.001953,-10.4736328125
17.003906,-198.797607421875
17.005859,-42.7001953125
17.007812,125.885009765625
17.009766,81.77490234375
17.011719,221.15478515625
17.013672,152.874755859375
17.015625,150.25634765625
17.017578,-54.583740234375
17.019531,-96.6796875
17.021484,-29.8095703125
17.023438,100.506591796875
17.025391,208.26416015625
17.027344,48.138427734375
17.029297,198.9990234375
17.03125,-93.45703125
17.033203,-116.8212890625
17.035156,181.072998046875
17.037109,84.19189453125
17.039062,131.121826171875
17.041016,-173.822021484375
17.042969,118.4326171875
17.044922,135.75439453125
17.046875,302.728271484375
17.048828,-122.86376953125
17.050781,189.3310546875
17.052734,116.015625
17.054688,-80.767822265625
17.056641,-99.0966796875
17.058594,-19.73876953125
17.060547,61.029052734375
17.0625,122.05810546875
17.064453,229.6142578125
17.066406,111.181640625
17.068359,-91.644287109375
17.070312,-158.31298828125
17.072266,-201.01318359375
17.074219,107.757568359375
17.076172,90.63720703125
17.078125,-1.611328125
17.080078,41.290283203125
17.082031,-84.99755859375
17.083984,41.89453125
17.085938,-81.573486328125
17.087891,233.642578125
17.089844,-122.259521484375
17.091797,-105.13916015625
17.09375,17.926025390625
17.095703,21.148681640625
17.097656,18.93310546875
17.099609,-2.81982421875
17.101562,29.8095703125
17.103516,65.66162109375
17.105469,45.721435546875
17.107422,26.5869140625
17.109375,56.79931640625
17.111328,67.27294921875
17.113281,13.897705078125
17.115234,-23.76708984375
17.117188,108.563232421875
17.119141,24.169921875
17.121094,99.0966796875
17.123047,-72.509765625
17.125,56.396484375
17.126953,70.0927734375
17.128906,134.5458984375
17.130859,45.52001953125
17.132812,-20.1416015625
17.134766,-147.235107421875
17.136719,-146.832275390625
17.138672,353.887939453125
17.140625,17.724609375
17.142578,-72.308349609375
17.144531,67.474365234375
17.146484,74.725341796875
17.148438,-285.60791015625
17.150391,159.320068359375
17.152344,-77.74658203125
17.154297,20.947265625
17.15625,165.1611328125
17.158203,17.724609375
17.160156,-13.897705078125
17.162109,-55.5908203125
17.164062,-106.549072265625
17.166016,-34.039306640625
17.167969,-21.148681640625
17.169922,-10.4736328125
17.171875,49.346923828125
17.173828,20.745849609375
17.175781,174.0234375
17.177734,-6.84814453125
17.179688,3.62548828125
17.181641,2.618408203125
17.183594,-19.134521484375
17.185547,-54.78515625
17.1875,33.837890625
17.189453,-4.632568359375
17.191406,16.51611328125
17.193359,1.007080078125
17.195312,7.049560546875
17.197266,3.021240234375
17.199219,2.4169921875
17.201172,1.611328125
17.203125,-3.424072265625
17.205078,-4.229736328125
17.207031,-5.23681640625
17.208984,-6.04248046875
17.210938,-6.646728515625
17.212891,-7.049560546875
17.214844,-7.2509765625
17.216797,-7.049560546875
17.21875,-6.84814453125
17.220703,-6.243896484375
17.222656,-5.438232421875
17.224609,-4.43115234375
17.226562,-3.424072265625
17.228516,-2.618408203125
17.230469,-1.812744140625
17.232422,-1.20849609375
17.234375,-1.007080078125
17.236328,-0.8056640625
17.238281,-1.007080078125
17.240234,1.611328125
17.242188,1.007080078125
17.244141,0.0
17.246094,-0.8056640625
17.248047,-1.812744140625
17.25,-2.618408203125
17.251953,2.01416015625
17.253906,1.611328125
17.255859,1.409912109375
17.257812,1.409912109375
17.259766,1.611328125
17.261719,2.215576171875
17.263672,3.021240234375
17.265625,10.87646484375
17.267578,11.883544921875
17.269531,12.890625
17.271484,13.6962890625
17.273438,14.300537109375
17.275391,14.703369140625
17.277344,14.90478515625
17.279297,14.703369140625
17.28125,20.54443359375
17.283203,19.940185546875
17.285156,19.134521484375
17.287109,18.12744140625
17.289062,17.120361328125
17.291016,16.314697265625
17.292969,15.509033203125
17.294922,14.90478515625
17.296875,10.4736328125
17.298828,50.958251953125
17.300781,23.76708984375
17.302734,16.51611328125
17.304688,12.48779296875
17.306641,49.951171875
17.308594,21.7529296875
17.310547,1.812744140625
17.3125,97.08251953125
17.314453,-0.40283203125
17.316406,-47.332763671875
17.318359,-115.411376953125
17.320312,30.21240234375
17.322266,61.63330078125
17.324219,96.075439453125
17.326172,31.219482421875
17.328125,89.227294921875
17.330078,111.58447265625
17.332031,-172.81494140625
17.333984,-20.947265625
17.335938,129.510498046875
17.337891,24.774169921875
17.339844,-185.302734375
17.341797,-39.07470703125
17.34375,103.52783203125
17.345703,-66.8701171875
17.347656,-174.224853515625
17.349609,65.66162109375
17.351562,157.305908203125
17.353516,-48.74267578125
17.355469,-151.666259765625
17.357422,-78.55224609375
17.359375,-72.308349609375
17.361328,-86.2060546875
17.363281,-144.2138671875
17.365234,-111.785888671875
17.367188,-7.65380859375
17.369141,-143.408203125
17.371094,-249.957275390625
17.373047,26.5869140625
17.375,57.806396484375
17.376953,-33.43505859375
17.378906,-237.066650390625
17.380859,-141.39404296875
17.382812,107.354736328125
17.384766,252.978515625
17.386719,12.890625
17.388672,236.260986328125
17.390625,50.7568359375
17.392578,-323.47412109375
17.394531,-94.866943359375
17.396484,90.032958984375
17.398438,52.77099609375
17.400391,-47.5341796875
17.402344,204.034423828125
17.404297,-34.039306640625
17.40625,-37.8662109375
17.408203,139.3798828125
17.410156,-32.427978515625
17.412109,-209.271240234375
17.414062,104.937744140625
17.416016,120.0439453125
17.417969,24.169921875
17.419922,-273.52294921875
17.421875,-4.632568359375
17.423828,-24.774169921875
17.425781,-135.75439453125
17.427734,8.258056640625
17.429688,-98.492431640625
17.431641,-35.650634765625
17.433594,-82.177734375
17.435547,212.29248046875
17.4375,-24.169921875
17.439453,-123.66943359375
17.441406,-169.793701171875
17.443359,-136.56005859375
17.445312,176.239013671875
17.447266,240.289306640625
17.449219,-216.7236328125
17.451172,41.0888671875
17.453125,134.5458984375
17.455078,-229.21142578125
17.457031,113.800048828125
17.458984,186.712646484375
17.460938,209.674072265625
17.462891,25.177001953125
17.464844,190.740966796875
17.466797,107.1533203125
17.46875,3.62548828125
17.470703,-14.703369140625
17.472656,-0.201416015625
17.474609,12.0849609375
17.476562,-32.830810546875
17.478516,-42.901611328125
17.480469,-9.66796875
17.482422,19.134521484375
17.484375,83.7890625
17.486328,-99.700927734375
17.488281,57.2021484375
17.490234,-22.96142578125
17.492188,-27.996826171875
17.494141,36.859130859375
17.496094,307.965087890625
17.498047,-35.247802734375
17.5,-133.33740234375
17.501953,-38.067626953125
17.503906,-49.54833984375
17.505859,56.195068359375
17.507812,-194.56787109375
17.509766,-121.25244140625
17.511719,-53.9794921875
17.513672,-20.947265625
17.515625,1.409912109375
17.517578,-98.69384765625
17.519531,25.579833984375
17.521484,126.287841796875
17.523438,91.241455078125
17.525391,105.94482421875
17.527344,97.686767578125
17.529297,60.626220703125
17.53125,83.38623046875
17.533203,40.081787109375
17.535156,14.703369140625
17.537109,21.35009765625
17.539062,20.343017578125
17.541016,19.537353515625
17.542969,18.731689453125
17.544922,18.12744140625
17.546875,17.724609375
17.548828,17.724609375
17.550781,13.6962890625
17.552734,14.09912109375
17.554688,14.90478515625
17.556641,15.71044921875
17.558594,16.717529296875
17.560547,17.724609375
17.5625,18.5302734375
17.564453,19.3359375
17.566406,19.73876953125
17.568359,19.940185546875
17.570312,19.940185546875
17.572266,19.537353515625
17.574219,19.134521484375
17.576172,11.480712890625
17.578125,3.62548828125
17.580078,2.618408203125
17.582031,1.812744140625
17.583984,1.007080078125
17.585938,0.201416015625
17.587891,-0.201416015625
17.589844,-0.201416015625
17.591797,-0.201416015625
17.59375,0.201416015625
17.595703,-4.632568359375
17.597656,-3.826904296875
17.599609,-2.81982421875
17.601562,-1.812744140625
17.603516,-1.007080078125
17.605469,-0.201416015625
17.607422,0.40283203125
17.609375,0.604248046875
17.611328,0.8056640625
17.613281,-1.20849609375
17.615234,-1.611328125
17.617188,-2.4169921875
17.619141,-3.22265625
17.621094,-4.229736328125
17.623047,-5.035400390625
17.625,-6.04248046875
17.626953,-6.04248046875
17.628906,-6.646728515625
17.630859,-6.84814453125
17.632812,-6.84814453125
17.634766,-6.4453125
17.636719,-5.841064453125
17.638672,-5.035400390625
17.640625,-4.229736328125
17.642578,-3.22265625
17.644531,2.618408203125
17.646484,3.424072265625
17.648438,4.0283203125
17.650391,4.43115234375
17.652344,4.632568359375
17.654297,4.43115234375
17.65625,4.0283203125
17.658203,3.424072265625
17.660156,26.18408203125
17.662109,-3.021240234375
17.664062,16.9189453125
17.666016,10.675048828125
17.667969,2.618408203125
17.669922,3.424072265625
17.671875,-25.78125
17.673828,-16.11328125
17.675781,-6.04248046875
17.677734,43.90869140625
17.679688,-13.6962890625
17.681641,-34.6435546875
17.683594,-43.90869140625
17.685547,60.4248046875
17.6875,136.761474609375
17.689453,72.10693359375
17.691406,-17.926025390625
17.693359,-83.990478515625
17.695312,-10.07080078125
17.697266,52.569580078125
17.699219,94.464111328125
17.701172,64.654541015625
17.703125,5.035400390625
17.705078,151.06201171875
17.707031,-135.3515625
17.708984,-12.286376953125
17.710938,1.20849609375
17.712891,42.498779296875
17.714844,195.977783203125
17.716797,-135.3515625
17.71875,-99.49951171875
17.720703,-106.549072265625
17.722656,-95.8740234375
17.724609,-175.030517578125
17.726562,13.494873046875
17.728516,65.2587890625
17.730469,243.109130859375
17.732422,49.749755859375
17.734375,337.371826171875
17.736328,-41.693115234375
17.738281,339.788818359375
17.740234,-97.88818359375
17.742188,-83.184814453125
17.744141,-156.500244140625
17.746094,159.722900390625
17.748047,-57.000732421875
17.75,-84.796142578125
17.751953,5.6396484375
17.753906,309.375
17.755859,120.648193359375
17.757812,-91.644287109375
17.759766,135.3515625
17.761719,97.4853515625
17.763672,125.079345703125
17.765625,-198.797607421875
17.767578,111.383056640625
17.769531,7.452392578125
17.771484,2.4169921875
17.773438,6.04248046875
17.775391,16.11328125
17.777344,53.173828125
17.779297,21.954345703125
17.78125,6.243896484375
17.783203,8.056640625
17.785156,-36.053466796875
17.787109,4.0283203125
17.789062,-28.60107421875
17.791016,21.35009765625
17.792969,-10.675048828125
17.794922,94.2626953125
17.796875,-11.077880859375
17.798828,-68.07861328125
17.800781,98.089599609375
17.802734,-43.707275390625
17.804688,21.35009765625
17.806641,-167.779541015625
17.808594,-128.50341796875
17.810547,21.35009765625
17.8125,16.314697265625
17.814453,76.13525390625
17.816406,99.0966796875
17.818359,-18.328857421875
17.820312,-99.298095703125
17.822266,184.4970703125
17.824219,-141.796875
17.826172,107.55615234375
17.828125,239.080810546875
17.830078,54.78515625
17.832031,-83.38623046875
17.833984,-96.478271484375
17.835938,120.849609375
17.837891,-41.89453125
17.839844,-374.23095703125
17.841797,-133.135986328125
17.84375,168.78662109375
17.845703,164.959716796875
17.847656,66.064453125
17.849609,-98.291015625
17.851562,-70.697021484375
17.853516,-30.21240234375
17.855469,178.45458984375
17.857422,4.632568359375
17.859375,-75.32958984375
17.861328,72.711181640625
17.863281,138.97705078125
17.865234,15.3076171875
17.867188,-34.6435546875
17.869141,-26.385498046875
17.871094,98.895263671875
17.873047,3.826904296875
17.875,19.134521484375
17.876953,-20.947265625
17.878906,30.21240234375
17.880859,20.745849609375
17.882812,75.732421875
17.884766,43.505859375
17.886719,-11.480712890625
17.888672,-6.84814453125
17.890625,37.46337890625
17.892578,19.73876953125
17.894531,-23.3642578125
17.896484,33.636474609375
17.898438,26.788330078125
17.900391,21.148681640625
17.902344,26.98974609375
17.904297,24.371337890625
17.90625,24.371337890625
17.908203,23.76708984375
17.910156,22.96142578125
17.912109,21.954345703125
17.914062,20.947265625
17.916016,21.35009765625
17.917969,21.148681640625
17.919922,19.3359375
17.921875,18.93310546875
17.923828,18.93310546875
17.925781,19.134521484375
17.927734,19.73876953125
17.929688,20.343017578125
17.931641,21.35009765625
17.933594,22.15576171875
17.935547,23.162841796875
17.9375,23.968505859375
17.939453,24.774169921875
17.941406,25.37841796875
17.943359,21.7529296875
17.945312,21.7529296875
17.947266,21.35009765625
17.949219,20.745849609375
17.951172,19.940185546875
17.953125,19.134521484375
17.955078,18.12744140625
17.957031,12.0849609375
17.958984,11.279296875
17.960938,10.675048828125
17.962891,10.272216796875
17.964844,10.07080078125
17.966797,10.272216796875
17.96875,10.675048828125
17.970703,11.279296875
17.972656,12.0849609375
17.974609,6.243896484375
17.976562,7.2509765625
17.978516,8.056640625
17.980469,8.8623046875
17.982422,9.466552734375
17.984375,9.66796875
17.986328,9.869384765625
17.988281,3.22265625
17.990234,2.81982421875
17.992188,2.01416015625
17.994141,1.20849609375
17.996094,0.201416015625
17.998047,-0.604248046875
18.0,-1.611328125
18.001953,-2.215576171875
18.003906,-2.81982421875
18.005859,-3.021240234375
18.007812,-6.243896484375
18.009766,-5.841064453125
18.011719,-5.23681640625
18.013672,-4.632568359375
18.015625,-3.62548828125
18.017578,-2.618408203125
18.019531,-1.812744140625
18.021484,-3.62548828125
18.023438,0.40283203125
18.025391,-2.215576171875
18.027344,0.40283203125
18.029297,-1.20849609375
18.03125,-2.4169921875
18.033203,-2.215576171875
18.035156,-5.438232421875
18.037109,7.049560546875
18.039062,-44.71435546875
18.041016,-25.982666015625
18.042969,49.749755859375
18.044922,17.32177734375
18.046875,57.60498046875
18.048828,-40.887451171875
18.050781,34.6435546875
18.052734,-193.963623046875
18.054688,17.724609375
18.056641,69.488525390625
18.058594,-71.502685546875
18.060547,-131.524658203125
18.0625,-21.148681640625
18.064453,156.097412109375
18.066406,-55.18798828125
18.068359,-50.35400390625
18.070312,-102.72216796875
18.072266,-53.375244140625
18.074219,327.301025390625
18.076172,112.39013671875
18.078125,84.393310546875
18.080078,23.565673828125
18.082031,-120.849609375
18.083984,248.14453125
18.085938,6.84814453125
18.087891,-148.443603515625
18.089844,-68.280029296875
18.091797,-150.25634765625
18.09375,-342.81005859375
18.095703,87.01171875
18.097656,121.051025390625
18.099609,62.237548828125
18.101562,73.3154296875
18.103516,-228.204345703125
18.105469,-112.79296875
18.107422,122.4609375
18.109375,-48.138427734375
18.111328,-141.595458984375
18.113281,244.720458984375
18.115234,-63.446044921875
18.117188,-96.27685546875
18.119141,-83.587646484375
18.121094,141.192626953125
18.123047,172.412109375
18.125,-236.865234375
18.126953,62.0361328125
18.128906,188.92822265625
18.130859,155.291748046875
18.132812,-154.083251953125
18.134766,18.93310546875
18.136719,27.593994140625
18.138672,15.106201171875
18.140625,29.205322265625
18.142578,21.148681640625
18.144531,1.611328125
18.146484,3.62548828125
18.148438,10.272216796875
18.150391,20.947265625
18.152344,12.689208984375
18.154297,-33.837890625
18.15625,-48.138427734375
18.158203,30.413818359375
18.160156,-32.2265625
18.162109,-39.07470703125
18.164062,-33.233642578125
18.166016,45.52001953125
18.167969,5.23681640625
18.169922,-91.0400390625
18.171875,-34.6435546875
18.173828,163.5498046875
18.175781,93.85986328125
18.177734,-25.579833984375
18.179688,66.8701171875
18.181641,106.146240234375
18.183594,-50.152587890625
18.185547,-8.056640625
18.1875,169.9951171875
18.189453,44.3115234375
18.191406,69.085693359375
18.193359,54.38232421875
18.195312,11.077880859375
18.197266,31.219482421875
18.199219,-15.3076171875
18.201172,91.845703125
18.203125,-148.846435546875
18.205078,154.888916015625
18.207031,-32.427978515625
18.208984,-220.751953125
18.210938,121.051025390625
18.212891,100.103759765625
18.214844,267.48046875
18.216797,200.811767578125
18.21875,-173.2177734375
18.220703,8.258056640625
18.222656,-124.273681640625
18.224609,62.841796875
18.226562,12.286376953125
18.228516,-223.1689453125
18.230469,119.036865234375
18.232422,-79.35791015625
18.234375,43.90869140625
18.236328,-67.67578125
18.238281,-64.654541015625
18.240234,148.64501953125
18.242188,-100.506591796875
18.244141,-9.26513671875
18.246094,32.62939453125
18.248047,13.897705078125
18.25,-22.15576171875
18.251953,72.10693359375
18.253906,-75.32958984375
18.255859,15.3076171875
18.257812,-18.731689453125
18.259766,7.855224609375
18.261719,55.5908203125
18.263672,7.2509765625
18.265625,4.833984375
18.267578,4.43115234375
18.269531,2.81982421875
18.271484,-6.84814453125
18.273438,14.300537109375
18.275391,16.51611328125
18.277344,16.717529296875
18.279297,16.51611328125
18.28125,16.11328125
18.283203,15.509033203125
18.285156,14.703369140625
18.287109,13.6962890625
18.289062,19.3359375
18.291016,18.5302734375
18.292969,17.724609375
18.294922,17.120361328125
18.296875,16.717529296875
18.298828,16.717529296875
18.300781,16.9189453125
18.302734,17.523193359375
18.304688,22.15576171875
18.306641,22.96142578125
18.308594,24.371337890625
18.310547,25.37841796875
18.3125,26.18408203125
18.314453,26.98974609375
18.316406,27.392578125
18.318359,27.79541015625
18.320312,27.593994140625
18.322266,27.392578125
18.324219,26.788330078125
18.326172,25.982666015625
18.328125,24.9755859375
18.330078,24.169921875
18.332031,23.162841796875
18.333984,22.357177734375
18.335938,21.7529296875
18.337891,21.35009765625
18.339844,21.148681640625
18.341797,21.35009765625
18.34375,21.7529296875
18.345703,22.357177734375
18.347656,23.162841796875
18.349609,14.90478515625
18.351562,15.71044921875
18.353516,16.717529296875
18.355469,17.523193359375
18.357422,18.12744140625
18.359375,18.328857421875
18.361328,18.5302734375
18.363281,18.12744140625
18.365234,17.724609375
18.367188,10.07080078125
18.369141,9.063720703125
18.371094,8.056640625
18.373047,7.2509765625
18.375,6.243896484375
18.376953,5.6396484375
18.378906,5.035400390625
18.380859,4.833984375
18.382812,-1.611328125
18.384766,-1.20849609375
18.386719,-0.604248046875
18.388672,0.201416015625
18.390625,1.007080078125
18.392578,2.01416015625
18.394531,3.021240234375
18.396484,3.826904296875
18.398438,4.43115234375
18.400391,0.8056640625
18.402344,0.8056640625
18.404297,0.8056640625
18.40625,0.40283203125
18.408203,-0.40283203125
18.410156,-1.20849609375
18.412109,-2.01416015625
18.414062,-4.632568359375
18.416016,-5.438232421875
18.417969,-6.243896484375
18.419922,-6.84814453125
18.421875,-7.2509765625
18.423828,-7.2509765625
18.425781,-7.049560546875
18.427734,-6.4453125
18.429688,-4.229736328125
18.431641,-3.424072265625
18.433594,-2.4169921875
18.435547,-1.409912109375
18.4375,-0.604248046875
18.439453,0.201416015625
18.441406,0.604248046875
18.443359,0.8056640625
18.445312,0.8056640625
18.447266,0.40283203125
18.449219,-0.201416015625
18.451172,-0.8056640625
18.453125,1.812744140625
18.455078,1.007080078125
18.457031,0.0
18.458984,6.04248046875
18.460938,5.438232421875
18.462891,5.035400390625
18.464844,4.833984375
18.466797,5.035400390625
18.46875,5.438232421875
18.470703,6.04248046875
18.472656,6.84814453125
18.474609,13.092041015625
18.476562,15.71044921875
18.478516,16.717529296875
18.480469,17.523193359375
18.482422,17.926025390625
18.484375,18.328857421875
18.486328,18.328857421875
18.488281,18.12744140625
18.490234,17.724609375
18.492188,23.162841796875
18.494141,22.15576171875
18.496094,21.148681640625
18.498047,20.343017578125
18.5,19.3359375
18.501953,18.731689453125
18.503906,20.343017578125
18.505859,20.1416015625
18.507812,20.1416015625
18.509766,20.54443359375
18.511719,20.947265625
18.513672,21.7529296875
18.515625,22.760009765625
18.517578,23.76708984375
18.519531,24.57275390625
18.521484,25.37841796875
18.523438,25.982666015625
18.525391,26.385498046875
18.527344,26.5869140625
18.529297,26.385498046875
18.53125,25.982666015625
18.533203,25.37841796875
18.535156,24.371337890625
18.537109,23.565673828125
18.539062,20.1416015625
18.541016,19.3359375
18.542969,18.5302734375
18.544922,17.926025390625
18.546875,17.523193359375
18.548828,17.523193359375
18.550781,17.724609375
18.552734,18.328857421875
18.554688,18.93310546875
18.556641,19.940185546875
18.558594,20.947265625
18.560547,21.7529296875
18.5625,22.760009765625
18.564453,17.724609375
18.566406,11.077880859375
18.568359,11.480712890625
18.570312,11.279296875
18.572266,11.077880859375
18.574219,10.4736328125
18.576172,9.66796875
18.578125,8.8623046875
18.580078,7.855224609375
18.582031,6.84814453125
18.583984,6.04248046875
18.585938,-0.8056640625
18.587891,-1.20849609375
18.589844,-1.409912109375
18.591797,-1.20849609375
18.59375,-0.8056640625
18.595703,-0.201416015625
18.597656,0.604248046875
18.599609,-1.812744140625
18.601562,-3.62548828125
18.603516,1.007080078125
18.605469,-2.81982421875
18.607422,3.62548828125
18.609375,5.035400390625
18.611328,-2.01416015625
18.613281,12.689208984375
18.615234,6.84814453125
18.617188,-56.195068359375
18.619141,2.4169921875
18.621094,33.43505859375
18.623047,79.559326171875
18.625,-23.565673828125
18.626953,-28.60107421875
18.628906,-30.816650390625
18.630859,-94.66552734375
18.632812,-16.9189453125
18.634766,19.134521484375
18.636719,-6.4453125
18.638672,6.243896484375
18.640625,-31.82373046875
18.642578,32.62939453125
18.644531,91.44287109375
18.646484,32.830810546875
18.648438,45.9228515625
18.650391,1.20849609375
18.652344,144.818115234375
18.654297,-45.1171875
18.65625,-238.4765625
18.658203,-24.169921875
18.660156,7.2509765625
18.662109,109.97314453125
18.664062,63.446044921875
18.666016,76.739501953125
18.667969,17.120361328125
18.669922,125.482177734375
18.671875,-106.34765625
18.673828,121.051025390625
18.675781,286.212158203125
18.677734,-171.807861328125
18.679688,-161.737060546875
18.681641,12.286376953125
18.683594,-71.905517578125
18.685547,-46.728515625
18.6875,112.994384765625
18.689453,99.49951171875
18.691406,58.0078125
18.693359,-73.114013671875
18.695312,108.966064453125
18.697266,181.2744140625
18.699219,124.273681640625
18.701172,-51.15966796875
18.703125,31.82373046875
18.705078,20.1416015625
18.707031,-168.78662109375
18.708984,29.608154296875
18.710938,-103.9306640625
18.712891,163.348388671875
18.714844,20.745849609375
18.716797,-102.520751953125
18.71875,-24.57275390625
18.720703,94.061279296875
18.722656,-141.192626953125
18.724609,-287.823486328125
18.726562,7.65380859375
18.728516,76.336669921875
18.730469,192.352294921875
18.732422,-50.152587890625
18.734375,-131.3232421875
18.736328,112.994384765625
18.738281,1.611328125
18.740234,-19.134521484375
18.742188,-119.64111328125
18.744141,93.45703125
18.746094,110.577392578125
18.748047,37.8662109375
18.75,99.49951171875
18.751953,76.13525390625
18.753906,-59.21630859375
18.755859,-337.97607421875
18.757812,-31.219482421875
18.759766,127.899169921875
18.761719,-2.4169921875
18.763672,-35.247802734375
18.765625,8.660888671875
18.767578,135.75439453125
18.769531,-410.284423828125
18.771484,-105.743408203125
18.773438,219.342041015625
18.775391,127.69775390625
18.777344,51.763916015625
18.779297,9.66796875
18.78125,1.007080078125
18.783203,0.201416015625
18.785156,-15.911865234375
18.787109,36.2548828125
18.789062,17.120361328125
18.791016,-7.855224609375
18.792969,-26.385498046875
18.794922,70.49560546875
18.796875,-91.0400390625
18.798828,2.215576171875
18.800781,-189.532470703125
18.802734,-0.604248046875
18.804688,160.72998046875
18.806641,65.057373046875
18.808594,-30.413818359375
18.810547,41.49169921875
18.8125,92.852783203125
18.814453,-131.927490234375
18.816406,242.706298828125
18.818359,156.70166015625
18.820312,-224.7802734375
18.822266,17.32177734375
18.824219,75.732421875
18.826172,-155.09033203125
18.828125,34.24072265625
18.830078,-225.98876953125
18.832031,-9.66796875
18.833984,-22.15576171875
18.835938,28.60107421875
18.837891,101.513671875
18.839844,136.56005859375
18.841797,45.318603515625
18.84375,-74.725341796875
18.845703,84.5947265625
18.847656,-62.43896484375
18.849609,-32.62939453125
18.851562,-6.646728515625
18.853516,10.87646484375
18.855469,3.22265625
18.857422,7.855224609375
18.859375,8.056640625
18.861328,8.258056640625
18.863281,8.056640625
18.865234,7.452392578125
18.867188,13.494873046875
18.869141,12.689208984375
18.871094,11.68212890625
18.873047,10.675048828125
18.875,9.869384765625
18.876953,9.063720703125
18.878906,8.660888671875
18.880859,8.45947265625
18.882812,8.45947265625
18.884766,8.8623046875
18.886719,9.466552734375
18.888672,10.07080078125
18.890625,11.077880859375
18.892578,12.0849609375
18.894531,23.3642578125
18.896484,24.169921875
18.898438,24.774169921875
18.900391,25.37841796875
18.902344,25.37841796875
18.904297,25.37841796875
18.90625,24.774169921875
18.908203,24.169921875
18.910156,23.3642578125
18.912109,22.357177734375
18.914062,22.96142578125
18.916016,22.15576171875
18.917969,21.35009765625
18.919922,20.745849609375
18.921875,20.54443359375
18.923828,20.343017578125
18.925781,20.745849609375
18.927734,21.148681640625
18.929688,20.343017578125
18.931641,21.148681640625
18.933594,22.15576171875
18.935547,23.162841796875
18.9375,23.968505859375
18.939453,24.774169921875
18.941406,25.177001953125
18.943359,25.37841796875
18.945312,21.7529296875
18.947266,21.35009765625
18.949219,20.745849609375
18.951172,20.1416015625
18.953125,19.134521484375
18.955078,18.12744140625
18.957031,17.32177734375
18.958984,16.314697265625
18.960938,8.8623046875
18.962891,8.45947265625
18.964844,8.45947265625
18.966797,8.45947265625
18.96875,8.8623046875
18.970703,9.66796875
18.972656,10.4736328125
18.974609,11.279296875
18.976562,25.982666015625
18.978516,3.62548828125
18.980469,24.774169921875
18.982422,5.438232421875
18.984375,13.092041015625
18.986328,16.717529296875
18.988281,43.304443359375
18.990234,36.65771484375
18.992188,-15.3076171875
18.994141,-31.01806640625
18.996094,-109.368896484375
18.998047,19.73876953125
19.0,113.19580078125
19.001953,-175.030517578125
19.003906,-2.81982421875
19.005859,21.35009765625
19.007812,-75.531005859375
19.009766,110.3759765625
19.011719,-9.26513671875
19.013672,-100.7080078125
19.015625,-14.90478515625
19.017578,-32.2265625
19.019531,-104.33349609375
19.021484,35.44921875
19.023438,62.237548828125
19.025391,16.314697265625
19.027344,-272.71728515625
19.029297,-90.63720703125
19.03125,167.17529296875
19.033203,-216.7236328125
19.035156,59.21630859375
19.037109,185.101318359375
19.039062,62.640380859375
19.041016,-128.704833984375
19.042969,-25.982666015625
19.044922,91.644287109375
19.046875,44.3115234375
19.048828,205.645751953125
19.050781,63.446044921875
19.052734,-143.00537109375
19.054688,-356.103515625
19.056641,-57.000732421875
19.058594,94.66552734375
19.060547,163.751220703125
19.0625,119.439697265625
19.064453,-397.998046875
19.066406,-67.27294921875
19.068359,-175.433349609375
19.070312,68.682861328125
19.072266,301.922607421875
19.074219,166.36962890625
19.076172,-23.565673828125
19.078125,-274.530029296875
19.080078,5.035400390625
19.082031,85.601806640625
19.083984,140.789794921875
19.085938,82.9833984375
19.087891,200.006103515625
19.089844,367.584228515625
19.091797,-20.947265625
19.09375,1.007080078125
19.095703,198.394775390625
19.097656,307.159423828125
19.099609,102.3193359375
19.101562,-71.502685546875
19.103516,-70.697021484375
19.105469,285.809326171875
19.107422,-28.802490234375
19.109375,-24.57275390625
19.111328,-60.223388671875
19.113281,70.49560546875
19.115234,139.581298828125
19.117188,-76.5380859375
19.119141,-48.541259765625
19.121094,-83.587646484375
19.123047,321.4599609375
19.125,-166.7724609375
19.126953,39.4775390625
19.128906,111.785888671875
19.130859,-43.505859375
19.132812,-60.82763671875
19.134766,17.32177734375
19.136719,18.328857421875
19.138672,41.0888671875
19.140625,34.039306640625
19.142578,83.7890625
19.144531,-12.689208984375
19.146484,2.01416015625
19.148438,-16.11328125
19.150391,-2.01416015625
19.152344,30.816650390625
19.154297,48.541259765625
19.15625,162.945556640625
19.158203,13.494873046875
19.160156,46.929931640625
19.162109,8.8623046875
19.164062,100.30517578125
19.166016,-44.71435546875
19.167969,180.46875
19.169922,-5.841064453125
19.171875,-49.54833984375
19.173828,261.236572265625
19.175781,211.48681640625
19.177734,59.014892578125
19.179688,-290.643310546875
19.181641,-238.07373046875
19.183594,96.6796875
19.185547,-121.856689453125
19.1875,-209.674072265625
19.189453,29.00390625
19.191406,31.01806640625
19.193359,-61.23046875
19.195312,13.6962890625
19.197266,37.060546875
19.199219,-14.703369140625
19.201172,17.523193359375
19.203125,34.442138671875
19.205078,-8.8623046875
19.207031,104.937744140625
19.208984,60.626220703125
19.210938,119.64111328125
19.212891,-56.79931640625
19.214844,19.940185546875
19.216797,-96.6796875
19.21875,38.067626953125
19.220703,-21.551513671875
19.222656,0.40283203125
19.224609,-11.480712890625
19.226562,6.84814453125
19.228516,-1.812744140625
19.230469,-1.409912109375
19.232422,-0.8056640625
19.234375,0.0
19.236328,0.8056640625
19.238281,0.604248046875
19.240234,0.201416015625
19.242188,-0.604248046875
19.244141,2.4169921875
19.246094,1.409912109375
19.248047,0.40283203125
19.25,-0.40283203125
19.251953,-1.20849609375
19.253906,-1.611328125
19.255859,-1.812744140625
19.257812,-1.812744140625
19.259766,5.23681640625
19.261719,5.841064453125
19.263672,6.4453125
19.265625,7.452392578125
19.267578,8.45947265625
19.269531,9.26513671875
19.271484,10.272216796875
19.273438,10.87646484375
19.275391,18.12744140625
19.277344,18.328857421875
19.279297,18.12744140625
19.28125,17.724609375
19.283203,17.120361328125
19.285156,21.551513671875
19.287109,20.54443359375
19.289062,19.73876953125
19.291016,18.731689453125
19.292969,17.926025390625
19.294922,17.32177734375
19.296875,17.120361328125
19.298828,16.9189453125
19.300781,17.32177734375
19.302734,17.724609375
19.304688,18.5302734375
19.306641,22.15576171875
19.308594,23.162841796875
19.310547,24.169921875
19.3125,24.9755859375
19.314453,25.78125
19.316406,26.18408203125
19.318359,26.385498046875
19.320312,26.385498046875
19.322266,25.982666015625
19.324219,25.579833984375
19.326172,24.774169921875
19.328125,23.76708984375
19.330078,22.760009765625
19.332031,21.954345703125
19.333984,21.7529296875
19.335938,16.717529296875
19.337891,16.314697265625
19.339844,16.11328125
19.341797,16.51611328125
19.34375,19.537353515625
19.345703,17.523193359375
19.347656,21.148681640625
19.349609,17.120361328125
19.351562,21.551513671875
19.353516,13.092041015625
19.355469,25.177001953125
19.357422,4.632568359375
19.359375,63.24462890625
19.361328,-7.049560546875
19.363281,8.45947265625
19.365234,18.731689453125
19.367188,33.636474609375
19.369141,-37.664794921875
19.371094,-57.000732421875
19.373047,207.0556640625
19.375,132.330322265625
19.376953,-143.00537109375
19.378906,-73.919677734375
19.380859,-15.71044921875
19.382812,-1.20849609375
19.384766,-7.049560546875
19.386719,268.68896484375
19.388672,57.000732421875
19.390625,-29.205322265625
19.392578,86.810302734375
19.394531,-91.0400390625
19.396484,187.31689453125
19.398438,61.431884765625
19.400391,174.627685546875
19.402344,-54.583740234375
19.404297,-79.156494140625
19.40625,163.5498046875
19.408203,-166.571044921875
19.410156,1.611328125
19.412109,309.979248046875
19.414062,-64.453125
19.416016,-141.998291015625
19.417969,-111.383056640625
19.419922,-130.11474609375
19.421875,-71.7041015625
19.423828,12.0849609375
19.425781,-40.484619140625
19.427734,-246.331787109375
19.429688,0.8056640625
19.431641,-207.257080078125
19.433594,51.361083984375
19.435547,154.888916015625
19.4375,33.0322265625
19.439453,-73.71826171875
19.441406,-190.9423828125
19.443359,-15.3076171875
19.445312,228.607177734375
19.447266,23.3642578125
19.449219,5.6396484375
19.451172,0.604248046875
19.453125,-6.243896484375
19.455078,-31.82373046875
19.457031,13.897705078125
19.458984,-11.077880859375
19.460938,-41.89453125
19.462891,-4.229736328125
19.464844,39.4775390625
19.466797,-28.399658203125
19.46875,-60.223388671875
19.470703,44.512939453125
19.472656,10.4736328125
19.474609,2.215576171875
19.476562,124.676513671875
19.478516,11.480712890625
19.480469,34.844970703125
19.482422,-1.611328125
19.484375,-6.04248046875
19.486328,-127.496337890625
19.488281,-2.215576171875
19.490234,-75.531005859375
19.492188,-0.40283203125
19.494141,0.8056640625
19.496094,-101.513671875
19.498047,-105.13916015625
19.5,270.30029296875
19.501953,-3.62548828125
19.503906,-160.3271484375
19.505859,-73.516845703125
19.507812,158.917236328125
19.509766,-65.057373046875
19.511719,-10.87646484375
19.513672,41.0888671875
19.515625,62.640380859375
19.517578,-32.830810546875
19.519531,101.513671875
19.521484,-151.263427734375
19.523438,-200.006103515625
19.525391,108.966064453125
19.527344,54.180908203125
19.529297,92.852783203125
19.53125,-44.71435546875
19.533203,160.3271484375
19.535156,139.78271484375
19.537109,-67.474365234375
19.539062,225.384521484375
19.541016,32.427978515625
19.542969,162.542724609375
19.544922,50.152587890625
19.546875,117.626953125
19.548828,70.0927734375
19.550781,-0.8056640625
19.552734,247.540283203125
19.554688,135.955810546875
19.556641,31.4208984375
19.558594,98.69384765625
19.560547,-74.322509765625
19.5625,-3.826904296875
19.564453,43.505859375
19.566406,-15.71044921875
19.568359,25.579833984375
19.570312,32.830810546875
19.572266,18.93310546875
19.574219,-41.49169921875
19.576172,-25.78125
19.578125,34.6435546875
19.580078,6.84814453125
19.582031,38.671875
19.583984,-3.22265625
19.585938,21.7529296875
19.587891,34.6435546875
19.589844,-53.173828125
19.591797,8.45947265625
19.59375,0.8056640625
19.595703,-6.4453125
19.597656,-5.841064453125
19.599609,-2.01416015625
19.601562,-0.8056640625
19.603516,0.0
19.605469,-0.8056640625
19.607422,-0.40283203125
19.609375,0.0
19.611328,0.0
19.613281,-0.201416015625
19.615234,-0.604248046875
19.617188,-1.409912109375
19.619141,-2.215576171875
19.621094,-3.62548828125
19.623047,-4.632568359375
19.625,-5.438232421875
19.626953,-6.243896484375
19.628906,-6.646728515625
19.630859,-7.049560546875
19.632812,-6.84814453125
19.634766,-6.646728515625
19.636719,-6.04248046875
19.638672,-5.23681640625
19.640625,-4.229736328125
19.642578,-4.0283203125
19.644531,-1.611328125
19.646484,1.611328125
19.648438,-3.021240234375
19.650391,10.675048828125
19.652344,10.87646484375
19.654297,113.5986328125
19.65625,-10.87646484375
19.658203,-20.947265625
19.660156,1.007080078125
19.662109,21.35009765625
19.664062,42.29736328125
19.666016,-26.788330078125
19.667969,-54.986572265625
19.669922,-13.6962890625
19.671875,-82.781982421875
19.673828,9.26513671875
19.675781,147.637939453125
19.677734,-71.099853515625
19.679688,115.411376953125
19.681641,95.47119140625
19.683594,-134.747314453125
19.685547,264.66064453125
19.6875,104.132080078125
19.689453,53.9794921875
19.691406,181.878662109375
19.693359,-103.52783203125
19.695312,7.049560546875
19.697266,226.79443359375
19.699219,184.295654296875
19.701172,68.682861328125
19.703125,23.162841796875
19.705078,-150.25634765625
19.707031,180.06591796875
19.708984,-40.081787109375
19.710938,20.1416015625
19.712891,130.11474609375
19.714844,65.2587890625
19.716797,-124.273681640625
19.71875,52.3681640625
19.720703,-106.146240234375
19.722656,-127.093505859375
19.724609,-163.14697265625
19.726562,201.81884765625
19.728516,-67.877197265625
19.730469,202.62451171875
19.732422,66.668701171875
19.734375,-242.706298828125
19.736328,184.698486328125
19.738281,38.470458984375
19.740234,-16.314697265625
19.742188,8.056640625
19.744141,-50.7568359375
19.746094,52.972412109375
19.748047,-19.537353515625
19.75,230.419921875
19.751953,204.638671875
19.753906,-93.45703125
19.755859,-0.40283203125
19.757812,-73.3154296875
19.759766,-12.48779296875
19.761719,5.23681640625
19.763672,-69.488525390625
19.765625,-53.173828125
19.767578,-188.323974609375
19.769531,-134.94873046875
19.771484,-75.32958984375
19.773438,184.4970703125
19.775391,448.7548828125
19.777344,-128.302001953125
19.779297,-26.385498046875
19.78125,34.844970703125
19.783203,173.822021484375
19.785156,117.22412109375
19.787109,182.48291015625
19.789062,-60.02197265625
19.791016,130.11474609375
19.792969,-119.036865234375
19.794922,-5.23681640625
19.796875,-5.6396484375
19.798828,-1.409912109375
19.800781,6.243896484375
19.802734,-24.774169921875
19.804688,-1.409912109375
19.806641,6.646728515625
19.808594,20.343017578125
19.810547,-7.2509765625
19.8125,-25.982666015625
19.814453,-41.49169921875
19.816406,-19.3359375
19.818359,-21.954345703125
19.820312,139.178466796875
19.822266,86.2060546875
19.824219,59.014892578125
19.826172,-171.6064453125
19.828125,-36.65771484375
19.830078,-94.2626953125
19.832031,-136.962890625
19.833984,91.644287109375
19.835938,265.46630859375
19.837891,113.5986328125
19.839844,-84.796142578125
19.841797,46.929931640625
19.84375,149.652099609375
19.845703,-126.08642578125
19.847656,-110.3759765625
19.849609,-2.618408203125
19.851562,21.7529296875
19.853516,-115.411376953125
19.855469,-277.752685546875
19.857422,-157.708740234375
19.859375,69.287109375
19.861328,-196.98486328125
19.863281,33.43505859375
19.865234,68.4814453125
19.867188,3.826904296875
19.869141,-25.579833984375
19.871094,25.78125
19.873047,-46.32568359375
19.875,-64.251708984375
19.876953,37.46337890625
19.878906,22.96142578125
19.880859,112.994384765625
19.882812,-16.11328125
19.884766,39.88037109375
19.886719,47.735595703125
19.888672,-2.81982421875
19.890625,29.608154296875
19.892578,21.954345703125
19.894531,17.926025390625
19.896484,21.7529296875
19.898438,22.357177734375
19.900391,22.760009765625
19.902344,22.96142578125
19.904297,26.18408203125
19.90625,25.78125
19.908203,24.9755859375
19.910156,24.169921875
19.912109,23.3642578125
19.914062,22.357177734375
19.916016,21.35009765625
19.917969,20.54443359375
19.919922,20.947265625
19.921875,20.54443359375
19.923828,20.54443359375
19.925781,20.745849609375
19.927734,21.35009765625
19.929688,21.954345703125
19.931641,22.96142578125
19.933594,23.968505859375
19.935547,21.35009765625
19.9375,22.15576171875
19.939453,22.96142578125
19.941406,23.3642578125
19.943359,23.565673828125
19.945312,23.565673828125
19.947266,23.162841796875
19.949219,22.760009765625
19.951172,21.954345703125
19.953125,15.71044921875
19.955078,14.703369140625
19.957031,13.6962890625
19.958984,12.890625
19.960938,12.286376953125
19.962891,11.883544921875
19.964844,11.68212890625
19.966797,11.883544921875
19.96875,12.286376953125
19.970703,12.890625
19.972656,13.6962890625
19.974609,7.855224609375
19.976562,8.660888671875
19.978516,9.66796875
19.980469,10.4736328125
19.982422,4.229736328125
19.984375,4.43115234375
19.986328,4.43115234375
19.988281,4.229736328125
19.990234,3.826904296875
19.992188,3.021240234375
19.994141,2.215576171875
19.996094,1.20849609375
19.998047,-3.62548828125
20.0,-4.43115234375
20.001953,-5.035400390625
20.003906,-5.6396484375
20.005859,-5.841064453125
20.007812,-5.841064453125
20.009766,-5.438232421875
20.011719,-4.833984375
20.013672,-4.229736328125
20.015625,-4.833984375
20.017578,-3.826904296875
20.019531,-2.81982421875
20.021484,-2.01416015625
20.023438,-1.409912109375
20.025391,-1.007080078125
20.027344,-0.8056640625
20.029297,-1.007080078125
20.03125,-1.409912109375
20.033203,0.40283203125
20.035156,-0.40283203125
20.037109,-1.409912109375
20.039062,-2.215576171875
20.041016,-3.22265625
20.042969,-4.0283203125
20.044922,-4.632568359375
20.046875,-0.201416015625
20.048828,-0.40283203125
20.050781,0.0
20.052734,0.40283203125
20.054688,1.20849609375
20.056641,2.01416015625
20.058594,3.021240234375
20.060547,4.0283203125
20.0625,11.68212890625
20.064453,12.48779296875
20.066406,19.537353515625
20.068359,19.940185546875
20.070312,19.73876953125
20.072266,19.537353515625
20.074219,18.93310546875
20.076172,18.12744140625
20.078125,17.120361328125
20.080078,16.314697265625
20.082031,15.3076171875
20.083984,14.501953125
20.085938,13.897705078125
20.087891,13.494873046875
20.089844,13.29345703125
20.091797,13.494873046875
20.09375,13.897705078125
20.095703,18.328857421875
20.097656,19.134521484375
20.099609,20.1416015625
20.101562,21.148681640625
20.103516,21.954345703125
20.105469,22.760009765625
20.107422,23.3642578125
20.109375,26.98974609375
20.111328,26.98974609375
20.113281,26.788330078125
20.115234,26.385498046875
20.117188,25.579833984375
20.119141,24.774169921875
20.121094,23.76708984375
20.123047,22.760009765625
20.125,21.35009765625
20.126953,20.745849609375
20.128906,20.1416015625
20.130859,19.940185546875
20.132812,20.1416015625
20.134766,20.343017578125
20.136719,20.947265625
20.138672,21.7529296875
20.140625,18.93310546875
20.142578,19.940185546875
20.144531,20.745849609375
20.146484,21.7529296875
20.148438,22.357177734375
20.150391,22.760009765625
20.152344,22.96142578125
20.154297,22.760009765625
20.15625,16.11328125
20.158203,15.509033203125
20.160156,14.703369140625
20.162109,13.6962890625
20.164062,12.689208984375
20.166016,11.883544921875
20.167969,11.077880859375
20.169922,10.4736328125
20.171875,3.22265625
20.173828,3.22265625
20.175781,3.424072265625
20.177734,3.826904296875
20.179688,4.632568359375
20.181641,5.438232421875
20.183594,6.4453125
20.185547,7.452392578125
20.1875,8.258056640625
20.189453,9.063720703125
20.191406,9.466552734375
20.193359,9.66796875
20.195312,9.66796875
20.197266,9.466552734375
20.199219,2.618408203125
20.201172,-2.4169921875
20.203125,-3.22265625
20.205078,-4.229736328125
20.207031,-5.035400390625
20.208984,-6.04248046875
20.210938,-6.646728515625
20.212891,-7.049560546875
20.214844,-7.2509765625
20.216797,-7.049560546875
20.21875,-6.4453125
20.220703,-5.841064453125
20.222656,-5.035400390625
20.224609,-4.0283203125
20.226562,-3.021240234375
20.228516,-2.215576171875
20.230469,-1.409912109375
20.232422,-0.8056640625
20.234375,2.01416015625
20.236328,2.01416015625
20.238281,1.812744140625
20.240234,1.409912109375
20.242188,0.604248046875
20.244141,-0.201416015625
20.246094,-1.20849609375
20.248047,-2.215576171875
20.25,-3.021240234375
20.251953,2.01416015625
20.253906,1.611328125
20.255859,1.20849609375
20.257812,1.409912109375
20.259766,1.611328125
20.261719,9.466552734375
20.263672,10.272216796875
20.265625,11.077880859375
20.267578,12.0849609375
20.269531,12.890625
20.271484,13.897705078125
20.273438,14.501953125
20.275391,14.90478515625
20.277344,15.106201171875
20.279297,14.90478515625
20.28125,14.501953125
20.283203,20.343017578125
20.285156,19.537353515625
20.287109,18.5302734375
20.289062,17.523193359375
20.291016,16.717529296875
20.292969,15.911865234375
20.294922,15.3076171875
20.296875,14.90478515625
20.298828,14.90478515625
20.300781,15.106201171875
20.302734,15.71044921875
20.304688,16.314697265625
20.306641,17.32177734375
20.308594,18.12744140625
20.310547,24.774169921875
20.3125,25.579833984375
20.314453,26.18408203125
20.316406,26.788330078125
20.318359,26.98974609375
20.320312,26.98974609375
20.322266,26.5869140625
20.324219,25.982666015625
20.326172,25.37841796875
20.328125,24.371337890625
20.330078,22.760009765625
20.332031,21.954345703125
20.333984,21.148681640625
20.335938,20.343017578125
20.337891,19.940185546875
20.339844,19.940185546875
20.341797,19.940185546875
20.34375,20.343017578125
20.345703,17.724609375
20.347656,16.717529296875
20.349609,17.523193359375
20.351562,18.5302734375
20.353516,19.537353515625
20.355469,20.1416015625
20.357422,20.745849609375
20.359375,21.148681640625
20.361328,16.717529296875
20.363281,14.703369140625
20.365234,14.300537109375
20.367188,13.494873046875
20.369141,12.689208984375
20.371094,11.68212890625
20.373047,10.87646484375
20.375,3.021240234375
20.376953,2.4169921875
20.378906,1.812744140625
20.380859,1.611328125
20.382812,1.611328125
20.384766,2.01416015625
20.386719,2.618408203125
20.388672,3.424072265625
20.390625,-2.01416015625
20.392578,-1.007080078125
20.394531,-0.201416015625
20.396484,0.604248046875
20.398438,1.409912109375
20.400391,1.812744140625
20.402344,1.812744140625
20.404297,1.812744140625
20.40625,1.409912109375
20.408203,0.604248046875
20.410156,-0.201416015625
20.412109,-1.007080078125
20.414062,-2.01416015625
20.416016,-5.6396484375
20.417969,-6.4453125
20.419922,-7.2509765625
20.421875,-7.452392578125
20.423828,-7.65380859375
20.425781,-7.2509765625
20.427734,-6.84814453125
20.429688,-6.04248046875
20.431641,-5.23681640625
20.433594,-4.229736328125
20.435547,-3.424072265625
20.4375,24.57275390625
20.439453,39.276123046875
20.441406,16.51611328125
20.443359,3.62548828125
20.445312,37.261962890625
20.447266,8.45947265625
20.449219,-42.095947265625
20.451172,-25.579833984375
20.453125,-90.032958984375
20.455078,-59.619140625
20.457031,-110.980224609375
20.458984,-71.7041015625
20.460938,105.5419921875
20.462891,146.630859375
20.464844,328.106689453125
20.466797,289.031982421875
20.46875,-28.802490234375
20.470703,-100.506591796875
20.472656,36.2548828125
20.474609,-186.51123046875
20.476562,-229.21142578125
20.478516,-180.46875
20.480469,-60.82763671875
20.482422,112.591552734375
20.484375,140.386962890625
20.486328,127.093505859375
20.488281,-12.0849609375
20.490234,79.962158203125
20.492188,61.431884765625
20.494141,-294.47021484375
20.496094,-198.394775390625
20.498047,123.065185546875
20.5,-34.6435546875
20.501953,-164.556884765625
20.503906,-131.121826171875
20.505859,58.8134765625
20.507812,169.59228515625
20.509766,99.298095703125
20.511719,-74.52392578125
20.513672,123.065185546875
20.515625,-227.60009765625
20.517578,14.501953125
20.519531,-79.559326171875
20.521484,155.291748046875
20.523438,-76.13525390625
20.525391,-31.82373046875
20.527344,104.736328125
20.529297,-74.725341796875
20.53125,21.148681640625
20.533203,98.492431640625
20.535156,180.46875
20.537109,144.818115234375
20.539062,-37.261962890625
20.541016,-15.509033203125
20.542969,-22.15576171875
20.544922,-14.703369140625
20.546875,239.483642578125
20.548828,107.1533203125
20.550781,203.228759765625
20.552734,-38.671875
20.554688,98.492431640625
20.556641,66.668701171875
20.558594,68.4814453125
20.560547,316.021728515625
20.5625,23.968505859375
20.564453,-7.855224609375
20.566406,-91.44287109375
20.568359,-14.90478515625
20.570312,-22.55859375
20.572266,-77.74658203125
20.574219,95.47119140625
20.576172,93.45703125
20.578125,-0.604248046875
20.580078,2.618408203125
20.582031,7.049560546875
20.583984,-0.40283203125
20.585938,5.23681640625
20.587891,2.01416015625
20.589844,-6.646728515625
20.591797,-10.87646484375
20.59375,-2.215576171875
20.595703,-61.834716796875
20.597656,-22.357177734375
20.599609,-65.66162109375
20.601562,-5.841064453125
20.603516,-13.29345703125
20.605469,-23.162841796875
20.607422,-41.0888671875
20.609375,15.106201171875
20.611328,41.49169921875
20.613281,-39.678955078125
20.615234,-14.703369140625
20.617188,-2.215576171875
20.619141,-32.025146484375
20.621094,-12.286376953125
20.623047,-2.215576171875
20.625,-35.04638671875
20.626953,-119.036865234375
20.628906,76.5380859375
20.630859,-2.4169921875
20.632812,131.72607421875
20.634766,169.59228515625
20.636719,-116.41845703125
20.638672,108.7646484375
20.640625,37.261962890625
20.642578,-229.010009765625
20.644531,-121.6552734375
20.646484,-84.796142578125
20.648438,-105.94482421875
20.650391,248.14453125
20.652344,237.469482421875
20.654297,18.12744140625
20.65625,-121.6552734375
20.658203,-313.4033203125
20.660156,-21.551513671875
20.662109,25.579833984375
20.664062,-37.261962890625
20.666016,133.941650390625
20.667969,54.78515625
20.669922,69.891357421875
20.671875,-43.707275390625
20.673828,25.579833984375
20.675781,184.89990234375
20.677734,-44.512939453125
20.679688,135.3515625
20.681641,6.04248046875
20.683594,144.415283203125
20.685547,-266.6748046875
20.6875,231.2255859375
20.689453,-23.76708984375
20.691406,35.85205078125
20.693359,-69.68994140625
20.695312,-303.33251953125
20.697266,-328.509521484375
20.699219,-160.3271484375
20.701172,-150.457763671875
20.703125,406.658935546875
20.705078,15.509033203125
20.707031,27.191162109375
20.708984,-249.35302734375
20.710938,-201.01318359375
20.712891,112.591552734375
20.714844,-90.838623046875
20.716797,68.4814453125
20.71875,-204.437255859375
20.720703,161.1328125
20.722656,-130.718994140625
20.724609,218.939208984375
20.726562,-146.026611328125
20.728516,93.85986328125
20.730469,310.784912109375
20.732422,119.64111328125
20.734375,-165.56396484375
20.736328,163.348388671875
20.738281,156.097412109375
20.740234,-231.2255859375
20.742188,-268.68896484375
20.744141,-348.44970703125
20.746094,148.040771484375
20.748047,139.581298828125
20.75,297.2900390625
20.751953,-474.5361328125
20.753906,-379.266357421875
20.755859,-556.109619140625
20.757812,128.90625
20.759766,114.404296875
20.761719,256.805419921875
20.763672,79.559326171875
20.765625,41.693115234375
20.767578,136.358642578125
20.769531,60.82763671875
20.771484,-344.42138671875
20.773438,3.021240234375
20.775391,95.068359375
20.777344,-280.77392578125
20.779297,-215.716552734375
20.78125,-289.031982421875
20.783203,191.748046875
20.785156,286.212158203125
20.787109,-481.585693359375
20.789062,111.9873046875
20.791016,-57.403564453125
20.792969,-109.97314453125
20.794922,-121.25244140625
20.796875,200.006103515625
20.798828,439.48974609375
20.800781,336.968994140625
20.802734,19.134521484375
20.804688,565.97900390625
20.806641,-161.53564453125
20.808594,-64.654541015625
20.810547,-111.383056640625
20.8125,202.62451171875
20.814453,60.4248046875
20.816406,-170.39794921875
20.818359,-156.903076171875
20.820312,-118.231201171875
20.822266,218.939208984375
20.824219,212.493896484375
20.826172,168.78662109375
20.828125,-20.1416015625
20.830078,-51.96533203125
20.832031,-146.832275390625
20.833984,-5.035400390625
20.835938,140.58837890625
20.837891,-36.859130859375
20.839844,50.152587890625
20.841797,36.456298828125
20.84375,49.346923828125
20.845703,130.316162109375
20.847656,208.868408203125
20.849609,199.603271484375
20.851562,-48.541259765625
20.853516,-272.71728515625
20.855469,-122.05810546875
20.857422,-50.958251953125
20.859375,-108.563232421875
20.861328,164.959716796875
20.863281,-0.201416015625
20.865234,-25.37841796875
20.867188,205.645751953125
20.869141,57.806396484375
20.871094,121.856689453125
20.873047,-106.146240234375
20.875,66.668701171875
20.876953,88.22021484375
20.878906,-84.393310546875
20.880859,-76.739501953125
20.882812,-21.954345703125
20.884766,65.057373046875
20.886719,116.41845703125
20.888672,-37.060546875
20.890625,-78.55224609375
20.892578,-136.358642578125
20.894531,-81.976318359375
20.896484,-27.392578125
20.898438,102.72216796875
20.900391,-19.134521484375
20.902344,172.81494140625
20.904297,-1.20849609375
20.90625,-58.612060546875
20.908203,0.604248046875
20.910156,25.37841796875
20.912109,21.148681640625
20.914062,24.9755859375
20.916016,30.21240234375
20.917969,20.947265625
20.919922,42.095947265625
20.921875,-14.300537109375
20.923828,-44.110107421875
20.925781,-4.0283203125
20.927734,8.660888671875
20.929688,2.618408203125
20.931641,22.357177734375
20.933594,152.069091796875
20.935547,-15.509033203125
20.9375,71.099853515625
20.939453,-25.982666015625
20.941406,124.273681640625
20.943359,113.5986328125
20.945312,33.636474609375
20.947266,-82.58056640625
20.949219,74.12109375
20.951172,-46.124267578125
20.953125,129.510498046875
20.955078,-22.760009765625
20.957031,-70.8984375
20.958984,-4.632568359375
20.960938,-14.703369140625
20.962891,-64.85595703125
20.964844,-173.62060546875
20.966797,-134.14306640625
20.96875,-74.12109375
20.970703,-9.063720703125
20.972656,-46.929931640625
20.974609,30.816650390625
20.976562,23.76708984375
20.978516,-13.29345703125
20.980469,-6.4453125
20.982422,-77.545166015625
20.984375,-99.0966796875
20.986328,68.280029296875
20.988281,-22.357177734375
20.990234,-87.01171875
20.992188,109.368896484375
20.994141,104.736328125
20.996094,-69.287109375
20.998047,-136.761474609375
21.0,-277.752685546875
21.001953,65.2587890625
21.003906,-88.824462890625
21.005859,112.39013671875
21.007812,-132.53173828125
21.009766,-45.721435546875
21.011719,276.947021484375
21.013672,76.5380859375
21.015625,-278.759765625
21.017578,9.466552734375
21.019531,116.8212890625
21.021484,259.625244140625
21.023438,-174.42626953125
21.025391,58.8134765625
21.027344,-4.0283203125
21.029297,-251.3671875
21.03125,0.0
21.033203,-35.650634765625
21.035156,-114.00146484375
21.037109,-263.4521484375
21.039062,107.958984375
21.041016,-422.16796875
21.042969,163.95263671875
21.044922,218.939208984375
21.046875,-114.605712890625
21.048828,209.271240234375
21.050781,-323.0712890625
21.052734,-401.62353515625
21.054688,-175.634765625
21.056641,-65.460205078125
21.058594,-35.85205078125
21.060547,41.49169921875
21.0625,-137.36572265625
21.064453,-98.895263671875
21.066406,-20.343017578125
21.068359,-275.537109375
21.070312,-135.3515625
21.072266,103.9306640625
21.074219,9.26513671875
21.076172,-198.9990234375
21.078125,147.03369140625
21.080078,320.855712890625
21.082031,-10.07080078125
21.083984,48.944091796875
21.085938,168.78662109375
21.087891,627.20947265625
21.089844,344.219970703125
21.091797,-114.605712890625
21.09375,-377.8564453125
21.095703,-238.07373046875
21.097656,423.37646484375
21.099609,301.922607421875
21.101562,-300.5126953125
21.103516,-168.78662109375
21.105469,55.389404296875
21.107422,220.953369140625
21.109375,33.233642578125
21.111328,84.99755859375
21.113281,441.302490234375
21.115234,254.388427734375
21.117188,-461.6455078125
21.119141,44.3115234375
21.121094,-30.21240234375
21.123047,63.848876953125
21.125,175.634765625
21.126953,306.9580078125
21.128906,265.667724609375
21.130859,10.675048828125
21.132812,-89.83154296875
21.134766,-9.26513671875
21.136719,32.2265625
21.138672,242.5048828125
21.140625,-44.71435546875
21.142578,223.57177734375
21.144531,-230.621337890625
21.146484,304.742431640625
21.148438,49.749755859375
21.150391,133.135986328125
21.152344,-18.328857421875
21.154297,-180.06591796875
21.15625,-243.109130859375
21.158203,44.71435546875
21.160156,185.101318359375
21.162109,-36.053466796875
21.164062,-140.58837890625
21.166016,-90.838623046875
21.167969,-299.908447265625
21.169922,-69.085693359375
21.171875,141.39404296875
21.173828,238.677978515625
21.175781,171.002197265625
21.177734,-22.760009765625
21.179688,178.45458984375
21.181641,176.84326171875
21.183594,70.697021484375
21.185547,2.81982421875
21.1875,-17.926025390625
21.189453,-37.8662109375
21.191406,-83.7890625
21.193359,-215.91796875
21.195312,29.205322265625
21.197266,91.241455078125
21.199219,132.9345703125
21.201172,3.62548828125
21.203125,-77.142333984375
21.205078,-210.2783203125
21.207031,106.146240234375
21.208984,164.556884765625
21.210938,156.500244140625
21.212891,183.892822265625
21.214844,118.02978515625
21.216797,-107.55615234375
21.21875,-186.309814453125
21.220703,-5.23681640625
21.222656,-2.215576171875
21.224609,2.215576171875
21.226562,-25.982666015625
21.228516,-0.201416015625
21.230469,25.78125
21.232422,7.65380859375
21.234375,-5.6396484375
21.236328,-22.357177734375
21.238281,-20.1416015625
21.240234,-4.632568359375
21.242188,35.44921875
21.244141,4.0283203125
21.246094,-27.191162109375
21.248047,30.615234375
21.25,21.551513671875
21.251953,-34.844970703125
21.253906,-68.4814453125
21.255859,34.039306640625
21.257812,44.512939453125
21.259766,-11.883544921875
21.261719,-83.7890625
21.263672,-112.591552734375
21.265625,-120.245361328125
21.267578,41.693115234375
21.269531,60.02197265625
21.271484,-19.537353515625
21.273438,73.919677734375
21.275391,-77.74658203125
21.277344,-219.140625
21.279297,50.958251953125
21.28125,29.608154296875
21.283203,166.973876953125
21.285156,218.133544921875
21.287109,150.25634765625
21.289062,91.0400390625
21.291016,139.178466796875
21.292969,34.442138671875
21.294922,180.670166015625
21.296875,178.656005859375
21.298828,160.931396484375
21.300781,119.23828125
21.302734,50.7568359375
21.304688,-42.7001953125
21.306641,-282.7880859375
21.308594,218.939208984375
21.310547,165.765380859375
21.3125,20.745849609375
21.314453,-263.85498046875
21.316406,-14.501953125
21.318359,207.0556640625
21.320312,-26.98974609375
21.322266,24.57275390625
21.324219,-90.234375
21.326172,79.35791015625
21.328125,175.433349609375
21.330078,-15.71044921875
21.332031,60.02197265625
21.333984,59.014892578125
21.335938,-65.863037109375
21.337891,-54.38232421875
21.339844,238.4765625
21.341797,-110.174560546875
21.34375,314.007568359375
21.345703,25.177001953125
21.347656,408.4716796875
21.349609,414.715576171875
21.351562,-108.966064453125
21.353516,-389.94140625
21.355469,93.85986328125
21.357422,72.10693359375
21.359375,515.423583984375
21.361328,-360.333251953125
21.363281,259.02099609375
21.365234,519.451904296875
21.367188,55.389404296875
21.369141,45.318603515625
21.371094,-155.89599609375
21.373047,-226.593017578125
21.375,54.38232421875
21.376953,336.767578125
21.378906,172.412109375
21.380859,399.005126953125
21.382812,69.488525390625
21.384766,-7.855224609375
21.386719,151.263427734375
21.388672,-76.739501953125
21.390625,-376.446533203125
21.392578,32.427978515625
21.394531,-502.734375
21.396484,-72.10693359375
21.398438,4.833984375
21.400391,171.002197265625
21.402344,109.368896484375
21.404297,-298.49853515625
21.40625,360.53466796875
21.408203,132.12890625
21.410156,-21.35009765625
21.412109,168.585205078125
21.414062,23.162841796875
21.416016,-332.537841796875
21.417969,360.53466796875
21.419922,702.740478515625
21.421875,-76.5380859375
21.423828,-151.46484375
21.425781,-225.787353515625
21.427734,-98.895263671875
21.429688,34.24072265625
21.431641,-328.912353515625
21.433594,-204.034423828125
21.435547,-58.41064453125
21.4375,-126.08642578125
21.439453,65.057373046875
21.441406,75.933837890625
21.443359,308.367919921875
21.445312,53.57666015625
21.447266,-163.5498046875
21.449219,172.210693359375
21.451172,150.25634765625
21.453125,-128.302001953125
21.455078,-332.940673828125
21.457031,49.54833984375
21.458984,383.89892578125
21.460938,263.653564453125
21.462891,-96.075439453125
21.464844,-25.982666015625
21.466797,-532.342529296875
21.46875,-534.9609375
21.470703,-216.7236328125
21.472656,47.93701171875
21.474609,350.4638671875
21.476562,-8.056640625
21.478516,54.986572265625
21.480469,274.530029296875
21.482422,305.74951171875
21.484375,-39.07470703125
21.486328,-534.759521484375
21.488281,55.389404296875
21.490234,-27.996826171875
21.492188,110.980224609375
21.494141,34.442138671875
21.496094,62.237548828125
21.498047,217.529296875
21.5,36.456298828125
21.501953,12.890625
21.503906,1.409912109375
21.505859,-152.2705078125
21.507812,164.154052734375
21.509766,-48.944091796875
21.511719,346.435546875
21.513672,253.179931640625
21.515625,-180.46875
21.517578,-15.71044921875
21.519531,-135.3515625
21.521484,143.81103515625
21.523438,-98.492431640625
21.525391,36.859130859375
21.527344,121.25244140625
21.529297,112.591552734375
21.53125,-79.7607421875
21.533203,-32.2265625
21.535156,82.781982421875
21.537109,50.958251953125
21.539062,49.749755859375
21.541016,-121.051025390625
21.542969,-82.177734375
21.544922,230.419921875
21.546875,-5.841064453125
21.548828,282.989501953125
21.550781,157.91015625
21.552734,16.11328125
21.554688,-180.670166015625
21.556641,-169.189453125
21.558594,15.106201171875
21.560547,170.80078125
21.5625,-31.219482421875
21.564453,140.9912109375
21.566406,151.86767578125
21.568359,23.565673828125
21.570312,153.680419921875
21.572266,125.68359375
21.574219,155.694580078125
21.576172,124.676513671875
21.578125,-36.859130859375
21.580078,-96.6796875
21.582031,0.40283203125
21.583984,-28.399658203125
21.585938,-104.937744140625
21.587891,-222.36328125
21.589844,94.061279296875
21.591797,91.44287109375
21.59375,-174.42626953125
21.595703,72.10693359375
21.597656,20.1416015625
21.599609,-8.660888671875
21.601562,-35.04638671875
21.603516,-39.276123046875
21.605469,-138.97705078125
21.607422,-71.905517578125
21.609375,-164.959716796875
21.611328,179.461669921875
21.613281,-110.174560546875
21.615234,44.512939453125
21.617188,-128.50341796875
21.619141,-55.99365234375
21.621094,200.6103515625
21.623047,-77.947998046875
21.625,78.955078125
21.626953,-159.11865234375
21.628906,61.23046875
21.630859,-91.44287109375
21.632812,-165.362548828125
21.634766,-155.09033203125
21.636719,202.020263671875
21.638672,17.523193359375
21.640625,-243.511962890625
21.642578,-158.31298828125
21.644531,81.573486328125
21.646484,-51.361083984375
21.648438,-151.06201171875
21.650391,93.85986328125
21.652344,66.46728515625
21.654297,30.010986328125
21.65625,-114.404296875
21.658203,82.177734375
21.660156,89.630126953125
21.662109,-129.913330078125
21.664062,-94.2626953125
21.666016,-222.76611328125
21.667969,54.180908203125
21.669922,101.513671875
21.671875,-118.231201171875
21.673828,-133.538818359375
21.675781,389.53857421875
21.677734,-66.668701171875
21.679688,-226.190185546875
21.681641,-152.874755859375
21.683594,-96.478271484375
21.685547,94.2626953125
21.6875,401.422119140625
21.689453,-51.361083984375
21.691406,249.957275390625
21.693359,51.763916015625
21.695312,-84.99755859375
21.697266,199.40185546875
21.699219,291.046142578125
21.701172,364.16015625
21.703125,-57.000732421875
21.705078,53.9794921875
21.707031,54.38232421875
21.708984,-345.428466796875
21.710938,83.990478515625
21.712891,126.287841796875
21.714844,-17.523193359375
21.716797,-133.740234375
21.71875,-258.6181640625
21.720703,-84.19189453125
21.722656,290.8447265625
21.724609,197.3876953125
21.726562,531.134033203125
21.728516,71.099853515625
21.730469,-70.49560546875
21.732422,-336.36474609375
21.734375,17.724609375
21.736328,-33.233642578125
21.738281,215.313720703125
21.740234,-657.01904296875
21.742188,-393.56689453125
21.744141,130.316162109375
21.746094,390.948486328125
21.748047,-68.682861328125
21.75,330.120849609375
21.751953,384.3017578125
21.753906,63.848876953125
21.755859,-707.977294921875
21.757812,189.935302734375
21.759766,326.2939453125
21.761719,-313.4033203125
21.763672,-71.7041015625
21.765625,83.184814453125
21.767578,247.3388671875
21.769531,-254.99267578125
21.771484,-107.958984375
21.773438,-11.883544921875
21.775391,-28.802490234375
21.777344,-178.857421875
21.779297,77.142333984375
21.78125,-176.03759765625
21.783203,402.83203125
21.785156,-435.8642578125
21.787109,140.386962890625
21.789062,-106.34765625
21.791016,-264.2578125
21.792969,-69.488525390625
21.794922,-206.25
21.796875,-375.238037109375
21.798828,390.34423828125
21.800781,-148.846435546875
21.802734,-100.103759765625
21.804688,394.775390625
21.806641,-37.664794921875
21.808594,-154.083251953125
21.810547,-206.451416015625
21.8125,295.880126953125
21.814453,54.38232421875
21.816406,111.383056640625
21.818359,-346.83837890625
21.820312,52.972412109375
21.822266,151.666259765625
21.824219,182.8857421875
21.826172,-192.15087890625
21.828125,-216.32080078125
21.830078,-35.85205078125
21.832031,-266.27197265625
21.833984,-85.400390625
21.835938,158.31298828125
21.837891,-35.650634765625
21.839844,-185.70556640625
21.841797,-12.48779296875
21.84375,-366.17431640625
21.845703,-77.545166015625
21.847656,39.276123046875
21.849609,122.05810546875
21.851562,-99.298095703125
21.853516,-37.8662109375
21.855469,-99.49951171875
21.857422,106.34765625
21.859375,8.056640625
21.861328,47.735595703125
21.863281,54.38232421875
21.865234,65.460205078125
21.867188,105.743408203125
21.869141,-81.573486328125
21.871094,-32.025146484375
21.873047,-124.676513671875
21.875,317.431640625
21.876953,-224.37744140625
21.878906,69.085693359375
21.880859,-35.650634765625
21.882812,37.46337890625
21.884766,116.619873046875
21.886719,-11.883544921875
21.888672,94.061279296875
21.890625,172.210693359375
21.892578,48.33984375
21.894531,-134.94873046875
21.896484,11.480712890625
21.898438,71.30126953125
21.900391,-87.8173828125
21.902344,-60.4248046875
21.904297,0.201416015625
21.90625,-99.49951171875
21.908203,5.438232421875
21.910156,-3.424072265625
21.912109,191.34521484375
21.914062,88.421630859375
21.916016,-27.593994140625
21.917969,-74.52392578125
21.919922,78.955078125
21.921875,230.218505859375
21.923828,108.7646484375
21.925781,30.615234375
21.927734,-177.24609375
21.929688,93.45703125
21.931641,219.54345703125
21.933594,-185.70556640625
21.935547,161.334228515625
21.9375,-7.65380859375
21.939453,-108.563232421875
21.941406,-65.460205078125
21.943359,5.438232421875
21.945312,-47.13134765625
21.947266,44.915771484375
21.949219,91.845703125
21.951172,102.520751953125
21.953125,-206.65283203125
21.955078,-195.7763671875
21.957031,8.258056640625
21.958984,195.172119140625
21.960938,-13.092041015625
21.962891,201.214599609375
21.964844,-237.872314453125
21.966797,9.869384765625
21.96875,-201.214599609375
21.970703,39.276123046875
21.972656,7.2509765625
21.974609,82.58056640625
21.976562,-86.60888671875
21.978516,-19.134521484375
21.980469,-389.53857421875
21.982422,57.60498046875
21.984375,190.740966796875
21.986328,95.672607421875
21.988281,-187.518310546875
21.990234,163.751220703125
21.992188,-268.2861328125
21.994141,-82.9833984375
21.996094,-92.047119140625
21.998047,-159.11865234375
22.0,-128.302001953125
22.001953,-84.796142578125
22.003906,58.612060546875
22.005859,41.89453125
22.007812,-72.10693359375
22.009766,74.52392578125
22.011719,242.90771484375
22.013672,-36.456298828125
22.015625,-32.830810546875
22.017578,-639.093017578125
22.019531,44.915771484375
22.021484,-134.5458984375
22.023438,-3.424072265625
22.025391,12.286376953125
22.027344,136.56005859375
22.029297,-75.531005859375
22.03125,21.7529296875
22.033203,-116.8212890625
22.035156,320.25146484375
22.037109,-21.148681640625
22.039062,19.134521484375
22.041016,-332.135009765625
22.042969,54.38232421875
22.044922,117.22412109375
22.046875,-178.253173828125
22.048828,-37.060546875
22.050781,198.59619140625
22.052734,-13.29345703125
22.054688,-138.775634765625
22.056641,-436.871337890625
22.058594,57.000732421875
22.060547,582.4951171875
22.0625,-124.8779296875
22.064453,444.7265625
22.066406,-208.062744140625
22.068359,326.495361328125
22.070312,-192.5537109375
22.072266,619.757080078125
22.074219,-73.114013671875
22.076172,16.11328125
22.078125,-57.806396484375
22.080078,28.802490234375
22.082031,-41.89453125
22.083984,-194.56787109375
22.085938,-160.3271484375
22.087891,224.7802734375
22.089844,-97.88818359375
22.091797,-88.018798828125
22.09375,214.105224609375
22.095703,-101.715087890625
22.097656,523.077392578125
22.099609,172.210693359375
22.101562,-183.892822265625
22.103516,-274.530029296875
22.105469,-218.536376953125
22.107422,80.364990234375
22.109375,-39.276123046875
22.111328,116.217041015625
22.113281,-104.33349609375
22.115234,-12.689208984375
22.117188,-237.872314453125
22.119141,-79.559326171875
22.121094,73.919677734375
22.123047,179.461669921875
22.125,-252.57568359375
22.126953,302.1240234375
22.128906,-6.646728515625
22.130859,-150.25634765625
22.132812,274.127197265625
22.134766,207.257080078125
22.136719,9.26513671875
22.138672,270.098876953125
22.140625,314.208984375
22.142578,34.039306640625
22.144531,-40.081787109375
22.146484,88.22021484375
22.148438,-139.3798828125
22.150391,167.98095703125
22.152344,-209.271240234375
22.154297,339.990234375
22.15625,-285.205078125
22.158203,26.788330078125
22.160156,112.188720703125
22.162109,-99.90234375
22.164062,-28.60107421875
22.166016,212.29248046875
22.167969,-27.392578125
22.169922,223.1689453125
22.171875,154.28466796875
22.173828,67.27294921875
22.175781,-74.12109375
22.177734,-14.703369140625
22.179688,-126.4892578125
22.181641,-15.106201171875
22.183594,186.309814453125
22.185547,157.1044921875
22.1875,262.042236328125
22.189453,-39.678955078125
22.191406,110.174560546875
22.193359,-87.213134765625
22.195312,11.68212890625
22.197266,216.7236328125
22.199219,86.2060546875
22.201172,124.072265625
22.203125,-30.21240234375
22.205078,-151.263427734375
22.207031,116.8212890625
22.208984,-132.9345703125
22.210938,163.751220703125
22.212891,-22.760009765625
22.214844,-6.84814453125
22.216797,-6.84814453125
22.21875,-6.4453125
22.220703,-5.6396484375
22.222656,-4.833984375
22.224609,-4.0283203125
22.226562,-3.021240234375
22.228516,-2.01416015625
22.230469,-1.409912109375
22.232422,-0.8056640625
22.234375,-0.40283203125
22.236328,-0.40283203125
22.238281,-0.604248046875
22.240234,-1.007080078125
22.242188,-1.812744140625
22.244141,1.007080078125
22.246094,0.0
22.248047,-1.007080078125
22.25,-1.812744140625
22.251953,-2.618408203125
22.253906,-3.021240234375
22.255859,3.22265625
22.257812,3.22265625
22.259766,3.62548828125
22.261719,4.0283203125
22.263672,4.833984375
22.265625,5.841064453125
22.267578,6.84814453125
22.269531,7.65380859375
22.271484,8.45947265625
22.273438,9.26513671875
22.275391,9.66796875
22.277344,9.66796875
22.279297,9.66796875
22.28125,16.11328125
22.283203,15.509033203125
22.285156,14.703369140625
22.287109,19.73876953125
22.289062,18.731689453125
22.291016,17.724609375
22.292969,16.9189453125
22.294922,16.51611328125
22.296875,16.11328125
22.298828,16.11328125
22.300781,16.314697265625
22.302734,16.717529296875
22.304688,21.7529296875
22.306641,22.55859375
22.308594,23.565673828125
22.310547,24.371337890625
22.3125,25.37841796875
22.314453,25.982666015625
22.316406,26.5869140625
22.318359,26.788330078125
22.320312,26.788330078125
22.322266,26.5869140625
22.324219,25.982666015625
22.326172,25.177001953125
22.328125,24.169921875
22.330078,23.3642578125
22.332031,22.357177734375
22.333984,21.551513671875
22.335938,17.523193359375
22.337891,17.120361328125
22.339844,17.120361328125
22.341797,17.120361328125
22.34375,17.523193359375
22.345703,18.328857421875
22.347656,19.134521484375
22.349609,19.940185546875
22.351562,15.911865234375
22.353516,16.717529296875
22.355469,17.523193359375
22.357422,18.12744140625
22.359375,18.5302734375
22.361328,18.5302734375
22.363281,18.328857421875
22.365234,17.724609375
22.367188,10.07080078125
22.369141,9.063720703125
22.371094,8.056640625
22.373047,7.2509765625
22.375,6.243896484375
22.376953,5.6396484375
22.378906,5.035400390625
22.380859,4.833984375
22.382812,4.833984375
22.384766,5.23681640625
22.386719,5.841064453125
22.388672,6.646728515625
22.390625,7.452392578125
22.392578,8.45947265625
22.394531,9.466552734375
22.396484,-0.40283203125
22.398438,0.201416015625
22.400391,0.604248046875
22.402344,0.8056640625
22.404297,0.604248046875
22.40625,0.201416015625
22.408203,-0.40283203125
22.410156,-2.81982421875
22.412109,-3.826904296875
22.414062,-4.833984375
22.416016,-5.6396484375
22.417969,-6.4453125
22.419922,-7.049560546875
22.421875,-7.452392578125
22.423828,-7.452392578125
22.425781,-7.2509765625
22.427734,-6.646728515625
22.429688,-3.424072265625
22.431641,-2.618408203125
22.433594,-1.611328125
22.435547,-0.604248046875
22.4375,0.201416015625
22.439453,1.007080078125
22.441406,1.409912109375
22.443359,1.611328125
22.445312,1.611328125
22.447266,3.424072265625
22.449219,5.6396484375
22.451172,4.833984375
22.453125,4.0283203125
22.455078,3.021240234375
22.457031,2.01416015625
22.458984,1.20849609375
22.460938,0.604248046875
22.462891,5.035400390625
22.464844,4.833984375
22.466797,5.035400390625
22.46875,5.438232421875
22.470703,6.04248046875
22.472656,6.84814453125
22.474609,7.855224609375
22.476562,8.8623046875
22.478516,16.51611328125
22.480469,17.32177734375
22.482422,17.926025390625
22.484375,18.12744140625
22.486328,18.328857421875
22.488281,18.12744140625
22.490234,17.523193359375
22.492188,16.9189453125
22.494141,15.911865234375
22.496094,14.90478515625
22.498047,14.09912109375
22.5,19.3359375
22.501953,18.5302734375
22.503906,17.926025390625
22.505859,17.724609375
22.507812,20.1416015625
22.509766,20.54443359375
22.511719,21.148681640625
22.513672,21.7529296875
22.515625,22.760009765625
22.517578,23.76708984375
22.519531,24.57275390625
22.521484,25.579833984375
22.523438,26.385498046875
22.525391,26.788330078125
22.527344,26.98974609375
22.529297,26.788330078125
22.53125,26.385498046875
22.533203,25.78125
22.535156,24.9755859375
22.537109,23.968505859375
22.539062,22.96142578125
22.541016,17.926025390625
22.542969,17.120361328125
22.544922,16.51611328125
22.546875,16.11328125
22.548828,16.11328125
22.550781,16.314697265625
22.552734,16.9189453125
22.554688,17.523193359375
22.556641,12.48779296875
22.558594,13.494873046875
22.560547,14.501953125
22.5625,15.3076171875
22.564453,16.11328125
22.566406,16.51611328125
22.568359,16.717529296875
22.570312,16.717529296875
22.572266,9.466552734375
22.574219,8.8623046875
22.576172,8.056640625
22.578125,7.049560546875
22.580078,6.243896484375
22.582031,5.23681640625
22.583984,4.43115234375
22.585938,-1.20849609375
22.587891,-1.611328125
22.589844,-1.812744140625
22.591797,-1.611328125
22.59375,-1.20849609375
22.595703,-0.604248046875
22.597656,0.201416015625
22.599609,1.20849609375
22.601562,2.215576171875
22.603516,3.021240234375
22.605469,-0.604248046875
22.607422,0.0
22.609375,0.40283203125
22.611328,0.40283203125
22.613281,0.201416015625
22.615234,-0.40283203125
22.617188,-2.618408203125
22.619141,-3.424072265625
22.621094,-4.43115234375
22.623047,-5.438232421875
22.625,-6.243896484375
22.626953,-7.049560546875
22.628906,-7.452392578125
22.630859,-7.65380859375
22.632812,-7.65380859375
22.634766,-4.632568359375
22.636719,-4.0283203125
22.638672,-3.22265625
22.640625,-2.215576171875
22.642578,-1.409912109375
22.644531,-0.40283203125
22.646484,0.40283203125
22.648438,1.007080078125
22.650391,3.021240234375
22.652344,6.4453125
22.654297,6.243896484375
22.65625,5.841064453125
22.658203,5.23681640625
22.660156,4.43115234375
22.662109,3.424072265625
22.664062,9.26513671875
22.666016,8.258056640625
22.667969,7.65380859375
22.669922,7.049560546875
22.671875,6.646728515625
22.673828,6.646728515625
22.675781,6.84814453125
22.677734,7.2509765625
22.679688,8.056640625
22.681641,15.911865234375
22.683594,16.9189453125
22.685547,17.926025390625
22.6875,18.731689453125
22.689453,19.537353515625
22.691406,19.940185546875
22.693359,20.1416015625
22.695312,20.1416015625
22.697266,19.73876953125
22.699219,24.57275390625
22.701172,23.968505859375
22.703125,22.96142578125
22.705078,21.954345703125
22.707031,21.148681640625
22.708984,20.1416015625
22.710938,19.537353515625
22.712891,19.134521484375
22.714844,18.93310546875
22.716797,19.134521484375
22.71875,19.537353515625
22.720703,20.1416015625
22.722656,22.15576171875
22.724609,22.96142578125
22.726562,23.76708984375
22.728516,24.57275390625
22.730469,25.37841796875
22.732422,25.982666015625
22.734375,26.385498046875
22.736328,26.385498046875
22.738281,26.18408203125
22.740234,25.579833984375
22.742188,21.7529296875
22.744141,20.947265625
22.746094,19.940185546875
22.748047,18.93310546875
22.75,18.12744140625
22.751953,17.32177734375
22.753906,16.9189453125
22.755859,15.911865234375
22.757812,-3.22265625
22.759766,13.29345703125
22.761719,24.169921875
22.763672,10.675048828125
22.765625,12.689208984375
22.767578,18.328857421875
22.769531,-17.523193359375
22.771484,31.01806640625
22.773438,74.322509765625
22.775391,61.029052734375
22.777344,24.57275390625
22.779297,-162.34130859375
22.78125,103.125
22.783203,219.744873046875
22.785156,119.036865234375
22.787109,13.29345703125
22.789062,-10.272216796875
22.791016,116.8212890625
22.792969,-52.166748046875
22.794922,-214.508056640625
22.796875,-60.626220703125
22.798828,6.84814453125
22.800781,-64.654541015625
22.802734,11.480712890625
22.804688,-321.05712890625
22.806641,128.704833984375
22.808594,-151.666259765625
22.810547,29.608154296875
22.8125,13.6962890625
22.814453,259.02099609375
22.816406,101.513671875
22.818359,5.23681640625
22.820312,44.915771484375
22.822266,221.759033203125
22.824219,281.982421875
22.826172,-202.020263671875
22.828125,-10.4736328125
22.830078,-234.85107421875
22.832031,-113.5986328125
22.833984,11.480712890625
22.835938,105.13916015625
22.837891,159.92431640625
22.839844,179.864501953125
22.841797,-139.78271484375
22.84375,59.21630859375
22.845703,144.415283203125
22.847656,35.44921875
22.849609,-70.294189453125
22.851562,114.00146484375
22.853516,48.944091796875
22.855469,7.855224609375
22.857422,-77.74658203125
22.859375,74.12109375
22.861328,-138.57421875
22.863281,106.549072265625
22.865234,70.697021484375
22.867188,-33.233642578125
22.869141,25.982666015625
22.871094,25.177001953125
22.873047,59.014892578125
22.875,92.449951171875
22.876953,42.095947265625
22.878906,-102.3193359375
22.880859,-81.976318359375
22.882812,31.01806640625
22.884766,116.8212890625
22.886719,-79.7607421875
22.888672,-64.453125
22.890625,-127.496337890625
22.892578,-18.5302734375
22.894531,-124.47509765625
22.896484,280.77392578125
22.898438,99.298095703125
22.900391,87.615966796875
22.902344,-78.350830078125
22.904297,-152.67333984375
22.90625,60.4248046875
22.908203,43.505859375
22.910156,-74.9267578125
22.912109,224.7802734375
22.914062,119.036865234375
22.916016,-20.1416015625
22.917969,61.23046875
22.919922,-32.830810546875
22.921875,-16.9189453125
22.923828,122.05810546875
22.925781,-14.703369140625
22.927734,103.729248046875
22.929688,176.4404296875
22.931641,-143.609619140625
22.933594,65.66162109375
22.935547,-86.810302734375
22.9375,220.34912109375
22.939453,-46.728515625
22.941406,-23.3642578125
22.943359,96.881103515625
22.945312,114.00146484375
22.947266,-77.142333984375
22.949219,49.1455078125
22.951172,106.951904296875
22.953125,27.392578125
22.955078,90.435791015625
22.957031,-203.631591796875
22.958984,23.76708984375
22.960938,139.581298828125
22.962891,128.302001953125
22.964844,51.15966796875
22.966797,146.630859375
22.96875,-26.18408203125
22.970703,-65.460205078125
22.972656,542.61474609375
22.974609,132.12890625
22.976562,262.445068359375
22.978516,-25.177001953125
22.980469,-49.951171875
22.982422,63.043212890625
22.984375,81.3720703125
22.986328,-280.169677734375
22.988281,253.582763671875
22.990234,304.541015625
22.992188,-247.137451171875
22.994141,109.771728515625
22.996094,-201.416015625
22.998047,-142.803955078125
23.0,-110.3759765625
23.001953,-161.1328125
23.003906,295.074462890625
23.005859,196.783447265625
23.007812,-393.1640625
23.009766,-8.258056640625
23.011719,171.6064453125
23.013672,-217.327880859375
23.015625,-143.00537109375
23.017578,-427.40478515625
23.019531,-332.940673828125
23.021484,-214.910888671875
23.023438,460.235595703125
23.025391,-4.0283203125
23.027344,46.32568359375
23.029297,116.619873046875
23.03125,199.200439453125
23.033203,111.9873046875
23.035156,-49.749755859375
23.037109,317.431640625
23.039062,279.96826171875
23.041016,-194.769287109375
23.042969,84.19189453125
23.044922,329.11376953125
23.046875,-167.17529296875
23.048828,-23.76708984375
23.050781,156.903076171875
23.052734,-424.18212890625
23.054688,-253.582763671875
23.056641,-158.917236328125
23.058594,-262.445068359375
23.060547,276.141357421875
23.0625,39.276123046875
23.064453,-45.1171875
23.066406,-81.976318359375
23.068359,-271.307373046875
23.070312,-320.452880859375
23.072266,-279.16259765625
23.074219,442.108154296875
23.076172,87.41455078125
23.078125,58.41064453125
23.080078,-381.0791015625
23.082031,-181.2744140625
23.083984,-26.18408203125
23.085938,93.255615234375
23.087891,-64.05029296875
23.089844,-5.438232421875
23.091797,-35.44921875
23.09375,-52.77099609375
23.095703,176.641845703125
23.097656,-240.8935546875
23.099609,-116.41845703125
23.101562,-141.998291015625
23.103516,-192.5537109375
23.105469,41.49169921875
23.107422,112.994384765625
23.109375,452.178955078125
23.111328,-57.806396484375
23.113281,265.667724609375
23.115234,176.84326171875
23.117188,-244.921875
23.119141,-229.010009765625
23.121094,-242.706298828125
23.123047,234.4482421875
23.125,325.286865234375
23.126953,12.0849609375
23.128906,102.520751953125
23.130859,23.968505859375
23.132812,-124.8779296875
23.134766,294.873046875
23.136719,-235.25390625
23.138672,208.6669921875
23.140625,-395.17822265625
23.142578,-58.8134765625
23.144531,-230.419921875
23.146484,-46.124267578125
23.148438,167.376708984375
23.150391,71.099853515625
23.152344,20.54443359375
23.154297,-72.10693359375
23.15625,250.5615234375
23.158203,-57.2021484375
23.160156,171.807861328125
23.162109,-142.803955078125
23.164062,-161.737060546875
23.166016,212.493896484375
23.167969,123.468017578125
23.169922,-12.286376953125
23.171875,-215.51513671875
23.173828,15.71044921875
23.175781,242.5048828125
23.177734,-194.366455078125
23.179688,-174.0234375
23.181641,-9.26513671875
23.183594,107.958984375
23.185547,-2.618408203125
23.1875,220.751953125
23.189453,34.039306640625
23.191406,-56.597900390625
23.193359,38.067626953125
23.195312,241.094970703125
23.197266,254.58984375
23.199219,38.873291015625
23.201172,-61.63330078125
23.203125,-207.257080078125
23.205078,129.510498046875
23.207031,-43.10302734375
23.208984,135.552978515625
23.210938,60.4248046875
23.212891,89.630126953125
23.214844,-143.81103515625
23.216797,-161.737060546875
23.21875,4.229736328125
23.220703,-59.820556640625
23.222656,-22.55859375
23.224609,73.919677734375
23.226562,46.32568359375
23.228516,-10.87646484375
23.230469,-19.537353515625
23.232422,-39.07470703125
23.234375,46.929931640625
23.236328,173.016357421875
23.238281,-76.5380859375
23.240234,-8.45947265625
23.242188,-90.838623046875
23.244141,-38.671875
23.246094,10.07080078125
23.248047,-77.74658203125
23.25,-63.848876953125
23.251953,141.796875
23.253906,103.125
23.255859,-134.14306640625
23.257812,38.470458984375
23.259766,-67.071533203125
23.261719,93.658447265625
23.263672,-2.81982421875
23.265625,95.269775390625
23.267578,16.51611328125
23.269531,-30.413818359375
23.271484,-8.660888671875
23.273438,25.78125
23.275391,219.54345703125
23.277344,-197.3876953125
23.279297,-226.190185546875
23.28125,48.944091796875
23.283203,299.70703125
23.285156,24.371337890625
23.287109,173.419189453125
23.289062,88.22021484375
23.291016,190.740966796875
23.292969,64.85595703125
23.294922,-21.954345703125
23.296875,-28.399658203125
23.298828,27.79541015625
23.300781,-27.392578125
23.302734,-328.7109375
23.304688,61.029052734375
23.306641,91.241455078125
23.308594,43.707275390625
23.310547,81.77490234375
23.3125,207.45849609375
23.314453,-79.156494140625
23.316406,-69.085693359375
23.318359,-157.91015625
23.320312,73.919677734375
23.322266,-74.12109375
23.324219,-3.826904296875
23.326172,329.91943359375
23.328125,13.092041015625
23.330078,-326.898193359375
23.332031,181.878662109375
23.333984,202.62451171875
23.335938,181.475830078125
23.337891,451.373291015625
23.339844,-154.486083984375
23.341797,-344.82421875
23.34375,-243.914794921875
23.345703,-267.48046875
23.347656,157.1044921875
23.349609,45.1171875
23.351562,159.521484375
23.353516,-39.88037109375
23.355469,-363.3544921875
23.357422,-64.654541015625
23.359375,35.650634765625
23.361328,203.631591796875
23.363281,-64.654541015625
23.365234,237.6708984375
23.367188,73.114013671875
23.369141,-112.188720703125
23.371094,78.350830078125
23.373047,466.07666015625
23.375,498.907470703125
23.376953,145.220947265625
23.378906,-324.27978515625
23.380859,-192.5537109375
23.382812,-211.8896484375
23.384766,-48.138427734375
23.386719,-222.564697265625
23.388672,132.53173828125
23.390625,-98.291015625
23.392578,5.23681640625
23.394531,-101.715087890625
23.396484,331.732177734375
23.398438,427.8076171875
23.400391,-113.19580078125
23.402344,-315.618896484375
23.404297,71.30126953125
23.40625,-123.065185546875
23.408203,220.550537109375
23.410156,-336.767578125
23.412109,7.049560546875
23.414062,219.342041015625
23.416016,-6.04248046875
23.417969,-6.84814453125
23.419922,-7.452392578125
23.421875,-7.855224609375
23.423828,-7.855224609375
23.425781,-7.65380859375
23.427734,-7.049560546875
23.429688,-6.4453125
23.431641,-3.424072265625
23.433594,-2.4169921875
23.435547,-1.409912109375
23.4375,-0.604248046875
23.439453,0.0
23.441406,0.604248046875
23.443359,0.8056640625
23.445312,0.8056640625
23.447266,5.841064453125
23.449219,5.23681640625
23.451172,4.43115234375
23.453125,3.62548828125
23.455078,2.618408203125
23.457031,1.611328125
23.458984,0.8056640625
23.460938,0.201416015625
23.462891,5.035400390625
23.464844,4.833984375
23.466797,5.035400390625
23.46875,5.438232421875
23.470703,6.04248046875
23.472656,6.84814453125
23.474609,7.855224609375
23.476562,8.8623046875
23.478516,9.66796875
23.480469,10.4736328125
23.482422,11.077880859375
23.484375,11.279296875
23.486328,18.5302734375
23.488281,18.328857421875
23.490234,17.724609375
23.492188,22.760009765625
23.494141,21.954345703125
23.496094,20.947265625
23.498047,19.940185546875
23.5,19.134521484375
23.501953,18.5302734375
23.503906,17.926025390625
23.505859,17.724609375
23.507812,20.54443359375
23.509766,20.947265625
23.511719,21.551513671875
23.513672,22.357177734375
23.515625,23.162841796875
23.517578,24.169921875
23.519531,25.177001953125
23.521484,25.982666015625
23.523438,26.5869140625
23.525391,25.982666015625
23.527344,25.982666015625
23.529297,25.982666015625
23.53125,25.579833984375
23.533203,24.9755859375
23.535156,23.968505859375
23.537109,23.162841796875
23.539062,22.15576171875
23.541016,18.12744140625
23.542969,17.32177734375
23.544922,16.717529296875
23.546875,16.314697265625
23.548828,16.314697265625
23.550781,16.51611328125
23.552734,17.120361328125
23.554688,11.480712890625
23.556641,12.286376953125
23.558594,13.29345703125
23.560547,14.300537109375
23.5625,15.106201171875
23.564453,15.71044921875
23.566406,16.314697265625
23.568359,16.51611328125
23.570312,16.51611328125
23.572266,16.11328125
23.574219,8.660888671875
23.576172,7.855224609375
23.578125,6.84814453125
23.580078,5.841064453125
23.582031,-0.604248046875
23.583984,-1.611328125
23.585938,-2.215576171875
23.587891,-2.618408203125
23.589844,-2.81982421875
23.591797,-2.618408203125
23.59375,-2.215576171875
23.595703,-1.611328125
23.597656,-0.604248046875
23.599609,0.201416015625
23.601562,1.20849609375
23.603516,2.215576171875
23.605469,-1.20849609375
23.607422,-0.604248046875
23.609375,-0.40283203125
23.611328,-0.201416015625
23.613281,-0.604248046875
23.615234,-1.007080078125
23.617188,-1.812744140625
23.619141,-2.618408203125
23.621094,-4.229736328125
23.623047,-5.035400390625
23.625,-6.04248046875
23.626953,-6.646728515625
23.628906,-7.2509765625
23.630859,-7.452392578125
23.632812,-7.452392578125
23.634766,-4.43115234375
23.636719,-3.826904296875
23.638672,-3.021240234375
23.640625,-2.215576171875
23.642578,-1.20849609375
23.644531,-0.201416015625
23.646484,0.604248046875
23.648438,1.20849609375
23.650391,1.611328125
23.652344,7.855224609375
23.654297,7.65380859375
23.65625,7.2509765625
23.658203,6.646728515625
23.660156,5.841064453125
23.662109,4.833984375
23.664062,3.826904296875
23.666016,3.021240234375
23.667969,9.466552734375
23.669922,8.8623046875
23.671875,8.45947265625
23.673828,8.45947265625
23.675781,8.660888671875
23.677734,9.26513671875
23.679688,9.869384765625
23.681641,10.675048828125
23.683594,16.51611328125
23.685547,17.32177734375
23.6875,18.328857421875
23.689453,18.93310546875
23.691406,19.537353515625
23.693359,19.73876953125
23.695312,19.73876953125
23.697266,19.3359375
23.699219,18.731689453125
23.701172,17.926025390625
23.703125,17.120361328125
23.705078,16.11328125
23.707031,15.106201171875
23.708984,20.1416015625
23.710938,19.3359375
23.712891,21.551513671875
23.714844,21.35009765625
23.716797,21.551513671875
23.71875,21.954345703125
23.720703,22.55859375
23.722656,23.3642578125
23.724609,24.371337890625
23.726562,25.37841796875
23.728516,24.169921875
23.730469,24.9755859375
23.732422,25.579833984375
23.734375,25.78125
23.736328,25.982666015625
23.738281,25.78125
23.740234,25.177001953125
23.742188,24.371337890625
23.744141,23.565673828125
23.746094,17.926025390625
23.748047,17.120361328125
23.75,16.11328125
23.751953,15.509033203125
23.753906,14.90478515625
23.755859,14.703369140625
23.757812,14.703369140625
23.759766,15.106201171875
23.761719,15.71044921875
23.763672,10.07080078125
23.765625,11.077880859375
23.767578,12.0849609375
23.769531,12.890625
23.771484,13.6962890625
23.773438,14.501953125
23.775391,14.90478515625
23.777344,8.056640625
23.779297,7.855224609375
23.78125,7.452392578125
23.783203,6.84814453125
23.785156,6.04248046875
23.787109,5.035400390625
23.789062,4.0283203125
23.791016,3.22265625
23.792969,2.4169921875
23.794922,1.812744140625
23.796875,1.409912109375
23.798828,1.409912109375
23.800781,1.611328125
23.802734,-3.62548828125
23.804688,-3.021240234375
23.806641,-2.01416015625
23.808594,-3.424072265625
23.810547,-2.4169921875
23.8125,-1.611328125
23.814453,-0.8056640625
23.816406,-0.40283203125
23.818359,0.0
23.820312,-0.201416015625
23.822266,-0.40283203125
23.824219,-1.007080078125
23.826172,-2.01416015625
23.828125,-2.81982421875
23.830078,-3.826904296875
23.832031,-4.833984375
23.833984,-5.6396484375
23.835938,-6.243896484375
23.837891,-6.646728515625
23.839844,-2.618408203125
23.841797,-2.4169921875
23.84375,-2.01416015625
23.845703,-1.409912109375
23.847656,-0.604248046875
23.849609,0.40283203125
23.851562,1.409912109375
23.853516,2.215576171875
23.855469,8.660888671875
23.857422,9.063720703125
23.859375,9.466552734375
23.861328,9.466552734375
23.863281,9.26513671875
23.865234,8.8623046875
23.867188,8.056640625
23.869141,7.2509765625
23.871094,6.243896484375
23.873047,12.48779296875
23.875,11.480712890625
23.876953,10.87646484375
23.878906,10.272216796875
23.880859,10.07080078125
23.882812,10.07080078125
23.884766,10.4736328125
23.886719,11.077880859375
23.888672,17.926025390625
23.890625,18.731689453125
23.892578,19.73876953125
23.894531,20.745849609375
23.896484,21.551513671875
23.898438,22.15576171875
23.900391,22.55859375
23.902344,22.760009765625
23.904297,22.55859375
23.90625,25.982666015625
23.908203,25.37841796875
23.910156,24.57275390625
23.912109,23.565673828125
23.914062,22.55859375
23.916016,21.7529296875
23.917969,21.551513671875
23.919922,20.947265625
23.921875,20.745849609375
23.923828,20.54443359375
23.925781,20.947265625
23.927734,21.35009765625
23.929688,22.15576171875
23.931641,22.96142578125
23.933594,23.968505859375
23.935547,21.551513671875
23.9375,22.357177734375
23.939453,23.162841796875
23.941406,23.565673828125
23.943359,23.76708984375
23.945312,23.76708984375
23.947266,23.3642578125
23.949219,22.760009765625
23.951172,22.15576171875
23.953125,15.509033203125
23.955078,14.501953125
23.957031,13.6962890625
23.958984,12.689208984375
23.960938,12.0849609375
23.962891,11.68212890625
23.964844,11.480712890625
23.966797,14.703369140625
23.96875,-2.01416015625
23.970703,-13.6962890625
23.972656,-32.025146484375
23.974609,132.53173828125
23.976562,-22.96142578125
23.978516,-81.3720703125
23.980469,-55.5908203125
23.982422,21.148681640625
23.984375,152.67333984375
23.986328,53.9794921875
23.988281,-10.272216796875
23.990234,102.72216796875
23.992188,-24.371337890625
23.994141,12.890625
23.996094,-234.649658203125
23.998047,-5.23681640625
24.0,-131.927490234375
24.001953,-46.929931640625
24.003906,118.02978515625
24.005859,74.9267578125
24.007812,-125.28076171875
24.009766,-45.318603515625
24.011719,-226.190185546875
24.013672,276.141357421875
24.015625,-265.46630859375
24.017578,-331.732177734375
24.019531,-410.284423828125
24.021484,178.253173828125
24.023438,-31.01806640625
24.025391,-173.62060546875
24.027344,470.306396484375
24.029297,-373.42529296875
24.03125,-257.40966796875
24.033203,-183.69140625
24.035156,70.294189453125
24.037109,100.103759765625
24.039062,184.09423828125
24.041016,-209.47265625
24.042969,217.730712890625
24.044922,-63.043212890625
24.046875,235.25390625
24.048828,194.56787109375
24.050781,40.081787109375
24.052734,122.259521484375
24.054688,66.064453125
24.056641,-111.181640625
24.058594,332.940673828125
24.060547,138.57421875
24.0625,68.07861328125
24.064453,50.7568359375
24.066406,-17.32177734375
24.068359,-60.223388671875
24.070312,-414.715576171875
24.072266,188.525390625
24.074219,395.98388671875
24.076172,-123.065185546875
24.078125,-36.456298828125
24.080078,53.57666015625
24.082031,-138.372802734375
24.083984,329.91943359375
24.085938,360.9375
24.087891,-129.913330078125
24.089844,182.684326171875
24.091797,-87.41455078125
24.09375,-567.9931640625
24.095703,-409.881591796875
24.097656,128.90625
24.099609,353.6865234375
24.101562,184.89990234375
24.103516,329.718017578125
24.105469,-90.838623046875
24.107422,7.049560546875
24.109375,163.14697265625
24.111328,41.693115234375
24.113281,335.9619140625
24.115234,16.11328125
24.117188,-222.76611328125
24.119141,-157.91015625
24.121094,72.10693359375
24.123047,-41.49169921875
24.125,212.29248046875
24.126953,261.8408203125
24.128906,363.3544921875
24.130859,-305.74951171875
24.132812,-224.37744140625
24.134766,425.189208984375
24.136719,-16.717529296875
24.138672,147.83935546875
24.140625,158.31298828125
24.142578,-116.41845703125
24.144531,-268.890380859375
24.146484,250.15869140625
24.148438,-163.348388671875
24.150391,49.1455078125
24.152344,-30.413818359375
24.154297,-148.64501953125
24.15625,-274.127197265625
24.158203,20.745849609375
24.160156,58.612060546875
24.162109,-6.646728515625
24.164062,-160.3271484375
24.166016,95.269775390625
24.167969,104.534912109375
24.169922,-557.92236328125
24.171875,-111.58447265625
24.173828,-13.29345703125
24.175781,23.968505859375
24.177734,144.415283203125
24.179688,14.703369140625
24.181641,325.689697265625
24.183594,-2.81982421875
24.185547,201.416015625
24.1875,-203.631591796875
24.189453,9.26513671875
24.191406,117.626953125
24.193359,67.67578125
24.195312,-266.876220703125
24.197266,154.28466796875
24.199219,297.491455078125
24.201172,-36.456298828125
24.203125,-5.841064453125
24.205078,51.96533203125
24.207031,70.294189453125
24.208984,-1.007080078125
24.210938,-66.46728515625
24.212891,-4.632568359375
24.214844,-108.160400390625
24.216797,0.8056640625
24.21875,-120.0439453125
24.220703,171.405029296875
24.222656,125.482177734375
24.224609,105.5419921875
24.226562,13.6962890625
24.228516,-126.4892578125
24.230469,-55.5908203125
24.232422,-145.623779296875
24.234375,-176.4404296875
24.236328,-2.81982421875
24.238281,78.955078125
24.240234,38.671875
24.242188,-186.309814453125
24.244141,-100.506591796875
24.246094,-34.24072265625
24.248047,-27.392578125
24.25,209.47265625
24.251953,0.8056640625
24.253906,-22.96142578125
24.255859,-154.6875
24.257812,91.44287109375
24.259766,54.180908203125
24.261719,-189.73388671875
24.263672,-30.816650390625
24.265625,-52.3681640625
24.267578,-100.506591796875
24.269531,15.911865234375
24.271484,-35.44921875
24.273438,-161.1328125
24.275391,255.999755859375
24.277344,45.9228515625
24.279297,-11.883544921875
24.28125,177.24609375
24.283203,11.480712890625
24.285156,-58.209228515625
24.287109,112.591552734375
24.289062,167.376708984375
24.291016,43.90869140625
24.292969,4.229736328125
24.294922,-156.097412109375
24.296875,59.820556640625
24.298828,79.7607421875
24.300781,-59.820556640625
24.302734,4.632568359375
24.304688,125.885009765625
24.306641,66.8701171875
24.308594,-259.423828125
24.310547,-2.618408203125
24.3125,207.659912109375
24.314453,12.890625
24.316406,-38.470458984375
24.318359,-43.707275390625
24.320312,86.810302734375
24.322266,171.6064453125
24.324219,108.966064453125
24.326172,214.910888671875
24.328125,-45.721435546875
24.330078,303.936767578125
24.332031,123.468017578125
24.333984,217.93212890625
24.335938,160.3271484375
24.337891,-185.504150390625
24.339844,101.715087890625
24.341797,9.869384765625
24.34375,-259.625244140625
24.345703,-174.8291015625
24.347656,107.757568359375
24.349609,309.375
24.351562,-11.077880859375
24.353516,40.081787109375
24.355469,23.162841796875
24.357422,-97.686767578125
24.359375,248.345947265625
24.361328,65.2587890625
24.363281,182.684326171875
24.365234,46.124267578125
24.367188,-144.012451171875
24.369141,-183.489990234375
24.371094,-96.075439453125
24.373047,409.881591796875
24.375,231.2255859375
24.376953,-17.32177734375
24.378906,-34.24072265625
24.380859,37.46337890625
24.382812,111.58447265625
24.384766,-220.550537109375
24.386719,-4.0283203125
24.388672,318.035888671875
24.390625,82.177734375
24.392578,-289.2333984375
24.394531,-227.398681640625
24.396484,2.618408203125
24.398438,-91.845703125
24.400391,82.58056640625
24.402344,146.630859375
24.404297,-250.15869140625
24.40625,-156.097412109375
24.408203,-84.393310546875
24.410156,274.127197265625
24.412109,-127.69775390625
24.414062,150.25634765625
24.416016,-239.2822265625
24.417969,-62.0361328125
24.419922,52.3681640625
24.421875,309.77783203125
24.423828,9.063720703125
24.425781,427.8076171875
24.427734,-100.506591796875
24.429688,276.141357421875
24.431641,-160.528564453125
24.433594,-137.36572265625
24.435547,-292.85888671875
24.4375,38.671875
24.439453,-152.069091796875
24.441406,-51.5625
24.443359,108.7646484375
24.445312,-246.533203125
24.447266,-193.76220703125
24.449219,146.832275390625
24.451172,-101.513671875
24.453125,-129.107666015625
24.455078,17.32177734375
24.457031,443.115234375
24.458984,281.982421875
24.460938,301.922607421875
24.462891,-57.2021484375
24.464844,24.9755859375
24.466797,-12.0849609375
24.46875,-129.107666015625
24.470703,-455.60302734375
24.472656,-220.751953125
24.474609,241.69921875
24.476562,42.095947265625
24.478516,176.4404296875
24.480469,-196.17919921875
24.482422,107.958984375
24.484375,170.599365234375
24.486328,-98.291015625
24.488281,68.682861328125
24.490234,170.196533203125
24.492188,-51.96533203125
24.494141,148.040771484375
24.496094,14.09912109375
24.498047,181.67724609375
24.5,151.86767578125
24.501953,38.26904296875
24.503906,-258.013916015625
24.505859,-226.79443359375
24.507812,-56.396484375
24.509766,-2.81982421875
24.511719,-310.986328125
24.513672,13.092041015625
24.515625,39.07470703125
24.517578,-57.60498046875
24.519531,-179.6630859375
24.521484,180.670166015625
24.523438,-71.7041015625
24.525391,82.781982421875
24.527344,89.4287109375
24.529297,332.940673828125
24.53125,109.97314453125
24.533203,-157.1044921875
24.535156,180.06591796875
24.537109,244.51904296875
24.539062,-139.78271484375
24.541016,-164.154052734375
24.542969,106.951904296875
24.544922,122.259521484375
24.546875,51.361083984375
24.548828,60.626220703125
24.550781,39.678955078125
24.552734,-72.308349609375
24.554688,-120.245361328125
24.556641,-27.191162109375
24.558594,77.74658203125
24.560547,55.5908203125
24.5625,68.07861328125
24.564453,-29.205322265625
24.566406,-19.3359375
24.568359,3.424072265625
24.570312,74.9267578125
24.572266,10.675048828125
24.574219,100.7080078125
24.576172,-6.04248046875
24.578125,-92.24853515625
24.580078,59.820556640625
24.582031,22.96142578125
24.583984,-106.146240234375
24.585938,148.64501953125
24.587891,79.156494140625
24.589844,117.425537109375
24.591797,17.120361328125
24.59375,-99.90234375
24.595703,60.4248046875
24.597656,135.75439453125
24.599609,130.11474609375
24.601562,-75.32958984375
24.603516,92.852783203125
24.605469,-43.90869140625
24.607422,22.357177734375
24.609375,-37.261962890625
24.611328,-39.4775390625
24.613281,131.524658203125
24.615234,-119.842529296875
24.617188,-135.3515625
24.619141,-73.71826171875
24.621094,-60.02197265625
24.623047,72.711181640625
24.625,6.646728515625
24.626953,1.007080078125
24.628906,-246.331787109375
24.630859,-88.018798828125
24.632812,-187.518310546875
24.634766,3.62548828125
24.636719,-133.740234375
24.638672,-44.3115234375
24.640625,-53.57666015625
24.642578,60.223388671875
24.644531,47.13134765625
24.646484,119.036865234375
24.648438,170.196533203125
24.650391,163.14697265625
24.652344,243.914794921875
24.654297,-37.8662109375
24.65625,126.4892578125
24.658203,-46.929931640625
24.660156,200.408935546875
24.662109,-135.75439453125
24.664062,-240.087890625
24.666016,57.60498046875
24.667969,67.67578125
24.669922,-38.26904296875
24.671875,-34.039306640625
24.673828,210.076904296875
24.675781,-108.160400390625
24.677734,-62.841796875
24.679688,-68.07861328125
24.681641,-270.30029296875
24.683594,276.3427734375
24.685547,449.560546875
24.6875,-196.380615234375
24.689453,114.80712890625
24.691406,207.861328125
24.693359,-114.404296875
24.695312,17.32177734375
24.697266,-203.631591796875
24.699219,-138.372802734375
24.701172,-320.452880859375
24.703125,-154.888916015625
24.705078,-149.45068359375
24.707031,51.15966796875
24.708984,17.523193359375
24.710938,52.569580078125
24.712891,299.505615234375
24.714844,136.761474609375
24.716797,-135.552978515625
24.71875,-244.51904296875
24.720703,-228.40576171875
24.722656,377.05078125
24.724609,-27.392578125
24.726562,-290.0390625
24.728516,526.50146484375
24.730469,-295.074462890625
24.732422,-286.81640625
24.734375,178.656005859375
24.736328,122.662353515625
24.738281,288.02490234375
24.740234,32.2265625
24.742188,81.976318359375
24.744141,-19.73876953125
24.746094,360.53466796875
24.748047,189.935302734375
24.75,127.093505859375
24.751953,211.8896484375
24.753906,8.45947265625
24.755859,8.258056640625
24.757812,8.258056640625
24.759766,8.660888671875
24.761719,9.26513671875
24.763672,10.07080078125
24.765625,10.87646484375
24.767578,11.883544921875
24.769531,12.890625
24.771484,13.6962890625
24.773438,14.300537109375
24.775391,14.703369140625
24.777344,14.90478515625
24.779297,14.703369140625
24.78125,14.300537109375
24.783203,13.6962890625
24.785156,12.890625
24.787109,11.883544921875
24.789062,3.826904296875
24.791016,-3.021240234375
24.792969,-3.826904296875
24.794922,-4.43115234375
24.796875,-4.833984375
24.798828,-4.833984375
24.800781,-4.632568359375
24.802734,-4.0283203125
24.804688,-3.424072265625
24.806641,-2.4169921875
24.808594,-1.409912109375
24.810547,-3.62548828125
24.8125,-2.618408203125
24.814453,-2.01416015625
24.816406,-1.409912109375
24.818359,-1.20849609375
24.820312,-1.20849609375
24.822266,-1.611328125
24.824219,-1.007080078125
24.826172,-1.812744140625
24.828125,-2.81982421875
24.830078,-3.826904296875
24.832031,-4.632568359375
24.833984,-5.438232421875
24.835938,-6.243896484375
24.837891,-6.646728515625
24.839844,-6.646728515625
24.841797,-2.618408203125
24.84375,-2.215576171875
24.845703,-1.611328125
24.847656,-0.604248046875
24.849609,0.201416015625
24.851562,1.20849609375
24.853516,2.215576171875
24.855469,2.81982421875
24.857422,9.26513671875
24.859375,9.66796875
24.861328,9.66796875
24.863281,9.466552734375
24.865234,9.063720703125
24.867188,8.258056640625
24.869141,7.452392578125
24.871094,6.4453125
24.873047,12.286376953125
24.875,11.480712890625
24.876953,10.675048828125
24.878906,10.272216796875
24.880859,10.07080078125
24.882812,10.07080078125
24.884766,10.4736328125
24.886719,10.87646484375
24.888672,11.68212890625
24.890625,12.689208984375
24.892578,13.6962890625
24.894531,14.501953125
24.896484,15.3076171875
24.898438,16.11328125
24.900391,22.96142578125
24.902344,26.385498046875
24.904297,26.18408203125
24.90625,25.78125
24.908203,25.177001953125
24.910156,24.371337890625
24.912109,23.3642578125
24.914062,22.357177734375
24.916016,21.551513671875
24.917969,20.745849609375
24.919922,20.54443359375
24.921875,20.343017578125
24.923828,20.343017578125
24.925781,20.54443359375
24.927734,20.947265625
24.929688,21.7529296875
24.931641,22.55859375
24.933594,23.565673828125
24.935547,21.35009765625
24.9375,22.15576171875
24.939453,22.96142578125
24.941406,23.3642578125
24.943359,23.565673828125
24.945312,23.565673828125
24.947266,23.162841796875
24.949219,17.32177734375
24.951172,16.51611328125
24.953125,15.71044921875
24.955078,14.703369140625
24.957031,13.6962890625
24.958984,12.890625
24.960938,12.286376953125
24.962891,11.883544921875
24.964844,11.68212890625
24.966797,11.883544921875
24.96875,5.23681640625
24.970703,6.04248046875
24.972656,6.84814453125
24.974609,7.65380859375
24.976562,8.660888671875
24.978516,9.66796875
24.980469,10.4736328125
24.982422,11.077880859375
24.984375,4.43115234375
24.986328,4.43115234375
24.988281,4.229736328125
24.990234,3.826904296875
24.992188,3.021240234375
24.994141,2.215576171875
24.996094,1.20849609375
24.998047,0.201416015625
25.0,-0.604248046875
25.001953,-1.409912109375
25.003906,-1.812744140625
25.005859,-2.01416015625
25.007812,-6.4453125
25.009766,-6.243896484375
25.011719,-5.6396484375
25.013672,-5.6396484375
25.015625,-4.833984375
25.017578,-3.826904296875
25.019531,-2.81982421875
25.021484,-2.01416015625
25.023438,-1.409912109375
25.025391,-1.007080078125
25.027344,-0.8056640625
25.029297,-1.007080078125
25.03125,-0.8056640625
25.033203,-1.409912109375
25.035156,-2.215576171875
25.037109,-3.22265625
25.039062,-4.0283203125
25.041016,-5.035400390625
25.042969,-5.841064453125
25.044922,-6.4453125
25.046875,-2.01416015625
25.048828,-2.01416015625
25.050781,-1.812744140625
25.052734,-1.20849609375
25.054688,-0.604248046875
25.056641,0.40283203125
25.058594,1.409912109375
25.060547,2.215576171875
25.0625,10.07080078125
25.064453,10.675048828125
25.066406,11.279296875
25.068359,11.480712890625
25.070312,11.480712890625
25.072266,11.077880859375
25.074219,10.4736328125
25.076172,9.66796875
25.078125,15.71044921875
25.080078,14.90478515625
25.082031,13.897705078125
25.083984,13.092041015625
25.085938,12.48779296875
25.087891,12.0849609375
25.089844,11.883544921875
25.091797,12.0849609375
25.09375,18.328857421875
25.095703,18.93310546875
25.097656,19.73876953125
25.099609,20.745849609375
25.101562,21.7529296875
25.103516,22.55859375
25.105469,23.3642578125
25.107422,23.968505859375
25.109375,24.371337890625
25.111328,24.371337890625
25.113281,24.169921875
25.115234,23.565673828125
25.117188,25.177001953125
25.119141,24.371337890625
25.121094,23.3642578125
25.123047,22.55859375
25.125,21.7529296875
25.126953,20.947265625
25.128906,20.54443359375
25.130859,20.343017578125
25.132812,20.343017578125
25.134766,20.54443359375
25.136719,21.148681640625
25.138672,21.954345703125
25.140625,18.93310546875
25.142578,19.940185546875
25.144531,15.71044921875
25.146484,9.869384765625
25.148438,11.077880859375
25.150391,28.60107421875
25.152344,32.62939453125
25.154297,25.579833984375
25.15625,2.618408203125
25.158203,31.01806640625
25.160156,21.954345703125
25.162109,20.343017578125
25.164062,34.442138671875
25.166016,6.04248046875
25.167969,7.049560546875
25.169922,7.65380859375
25.171875,3.22265625
25.173828,33.0322265625
25.175781,24.371337890625
25.177734,21.551513671875
25.179688,-49.1455078125
25.181641,65.66162109375
25.183594,-4.833984375
25.185547,-67.67578125
25.1875,97.283935546875
25.189453,-19.3359375
25.191406,-107.1533203125
25.193359,86.2060546875
25.195312,-5.6396484375
25.197266,-27.392578125
25.199219,167.17529296875
25.201172,-33.233642578125
25.203125,-166.36962890625
25.205078,-49.749755859375
25.207031,-98.895263671875
25.208984,77.947998046875
25.210938,-37.261962890625
25.212891,129.30908203125
25.214844,71.30126953125
25.216797,-36.2548828125
25.21875,-53.778076171875
25.220703,-28.399658203125
25.222656,76.739501953125
25.224609,36.65771484375
25.226562,71.7041015625
25.228516,137.36572265625
25.230469,-111.181640625
25.232422,72.711181640625
25.234375,-48.33984375
25.236328,55.389404296875
25.238281,-16.314697265625
25.240234,-43.304443359375
25.242188,-127.69775390625
25.244141,78.350830078125
25.246094,64.251708984375
25.248047,32.62939453125
25.25,13.897705078125
25.251953,29.00390625
25.253906,-59.417724609375
25.255859,26.385498046875
25.257812,122.662353515625
25.259766,224.578857421875
25.261719,-36.65771484375
25.263672,-18.12744140625
25.265625,122.4609375
25.267578,-21.148681640625
25.269531,-168.585205078125
25.271484,2.215576171875
25.273438,210.076904296875
25.275391,27.191162109375
25.277344,-219.140625
25.279297,-91.44287109375
25.28125,-69.085693359375
25.283203,61.834716796875
25.285156,-18.12744140625
25.287109,-70.8984375
25.289062,113.397216796875
25.291016,9.466552734375
25.292969,168.182373046875
25.294922,-146.429443359375
25.296875,-93.45703125
25.298828,154.28466796875
25.300781,168.988037109375
25.302734,-62.640380859375
25.304688,12.48779296875
25.306641,-106.549072265625
25.308594,192.15087890625
25.310547,34.6435546875
25.3125,-139.178466796875
25.314453,-41.49169921875
25.316406,-63.6474609375
25.318359,-113.5986328125
25.320312,342.00439453125
25.322266,165.765380859375
25.324219,-35.650634765625
25.326172,-138.775634765625
25.328125,75.732421875
25.330078,-77.545166015625
25.332031,-151.666259765625
25.333984,-207.0556640625
25.335938,90.838623046875
25.337891,-161.9384765625
25.339844,-320.855712890625
25.341797,-247.943115234375
25.34375,23.565673828125
25.345703,326.495361328125
25.347656,-90.032958984375
25.349609,129.510498046875
25.351562,-9.466552734375
25.353516,-12.286376953125
25.355469,-53.173828125
25.357422,-99.700927734375
25.359375,185.504150390625
25.361328,-94.464111328125
25.363281,115.411376953125
25.365234,251.165771484375
25.367188,145.623779296875
25.369141,-154.083251953125
25.371094,-150.6591796875
25.373047,-1.409912109375
25.375,67.071533203125
25.376953,157.91015625
25.378906,-370.001220703125
25.380859,4.632568359375
25.382812,-247.3388671875
25.384766,412.298583984375
25.386719,252.374267578125
25.388672,315.216064453125
25.390625,-100.30517578125
25.392578,-253.38134765625
25.394531,-47.93701171875
25.396484,-313.604736328125
25.398438,82.9833984375
25.400391,190.338134765625
25.402344,342.81005859375
25.404297,-45.52001953125
25.40625,17.523193359375
25.408203,84.796142578125
25.410156,-514.617919921875
25.412109,495.08056640625
25.414062,552.28271484375
25.416016,-423.980712890625
25.417969,537.176513671875
25.419922,218.73779296875
25.421875,276.3427734375
25.423828,100.30517578125
25.425781,66.8701171875
25.427734,102.72216796875
25.429688,66.8701171875
25.431641,-205.04150390625
25.433594,91.644287109375
25.435547,189.73388671875
25.4375,134.14306640625
25.439453,-133.941650390625
25.441406,-2.81982421875
25.443359,103.52783203125
25.445312,-177.850341796875
25.447266,-200.006103515625
25.449219,-28.1982421875
25.451172,-111.58447265625
25.453125,165.765380859375
25.455078,-219.54345703125
25.457031,280.975341796875
25.458984,-60.626220703125
25.460938,380.474853515625
25.462891,84.796142578125
25.464844,37.8662109375
25.466797,52.3681640625
25.46875,-9.869384765625
25.470703,-172.412109375
25.472656,212.493896484375
25.474609,189.3310546875
25.476562,51.361083984375
25.478516,-3.62548828125
25.480469,27.79541015625
25.482422,290.643310546875
25.484375,-105.94482421875
25.486328,-15.509033203125
25.488281,273.1201171875
25.490234,219.140625
25.492188,-112.591552734375
25.494141,-152.069091796875
25.496094,-25.982666015625
25.498047,143.206787109375
25.5,56.79931640625
25.501953,202.020263671875
25.503906,-319.244384765625
25.505859,-131.3232421875
25.507812,91.0400390625
25.509766,62.0361328125
25.511719,79.559326171875
25.513672,407.867431640625
25.515625,-139.178466796875
25.517578,-3.22265625
25.519531,-178.656005859375
25.521484,261.03515625
25.523438,331.93359375
25.525391,231.2255859375
25.527344,-196.17919921875
25.529297,181.475830078125
25.53125,142.19970703125
25.533203,190.13671875
25.535156,340.39306640625
25.537109,13.29345703125
25.539062,-83.38623046875
25.541016,-29.8095703125
25.542969,104.937744140625
25.544922,132.12890625
25.546875,-237.872314453125
25.548828,251.77001953125
25.550781,104.132080078125
25.552734,80.16357421875
25.554688,-21.954345703125
25.556641,-103.52783203125
25.558594,70.294189453125
25.560547,97.4853515625
25.5625,-144.818115234375
25.564453,31.219482421875
25.566406,5.23681640625
25.568359,-27.392578125
25.570312,-60.626220703125
25.572266,-41.0888671875
25.574219,112.79296875
25.576172,97.08251953125
25.578125,-74.52392578125
25.580078,-58.8134765625
25.582031,-41.290283203125
25.583984,-41.693115234375
25.585938,-7.2509765625
25.587891,34.24072265625
25.589844,31.01806640625
25.591797,-122.05810546875
25.59375,44.3115234375
25.595703,-38.470458984375
25.597656,84.5947265625
25.599609,3.826904296875
25.601562,124.47509765625
25.603516,10.4736328125
25.605469,53.778076171875
25.607422,-142.6025390625
25.609375,-112.188720703125
25.611328,94.66552734375
25.613281,46.527099609375
25.615234,82.379150390625
25.617188,72.509765625
25.619141,-16.717529296875
25.621094,-8.056640625
25.623047,63.6474609375
25.625,55.18798828125
25.626953,214.306640625
25.628906,-75.32958984375
25.630859,-128.704833984375
25.632812,-164.959716796875
25.634766,-24.9755859375
25.636719,74.52392578125
25.638672,263.653564453125
25.640625,-141.998291015625
25.642578,73.71826171875
25.644531,-75.128173828125
25.646484,-181.878662109375
25.648438,57.806396484375
25.650391,237.26806640625
25.652344,109.368896484375
25.654297,-139.78271484375
25.65625,-135.150146484375
25.658203,172.81494140625
25.660156,357.71484375
25.662109,100.30517578125
25.664062,4.632568359375
25.666016,221.96044921875
25.667969,-82.177734375
25.669922,24.169921875
25.671875,17.926025390625
25.673828,163.14697265625
25.675781,100.103759765625
25.677734,94.866943359375
25.679688,-203.228759765625
25.681641,71.099853515625
25.683594,33.636474609375
25.685547,-134.14306640625
25.6875,206.048583984375
25.689453,153.47900390625
25.691406,78.955078125
25.693359,12.890625
25.695312,-2.01416015625
25.697266,-230.01708984375
25.699219,116.015625
25.701172,188.525390625
25.703125,-356.50634765625
25.705078,154.083251953125
25.707031,2.4169921875
25.708984,-126.287841796875
25.710938,-239.68505859375
25.712891,385.9130859375
25.714844,35.247802734375
25.716797,-277.1484375
25.71875,-263.4521484375
25.720703,-99.90234375
25.722656,429.4189453125
25.724609,-137.164306640625
25.726562,-485.009765625
25.728516,-205.4443359375
25.730469,-330.120849609375
25.732422,22.15576171875
25.734375,212.493896484375
25.736328,223.370361328125
25.738281,-50.555419921875
25.740234,-525.29296875
25.742188,-67.071533203125
25.744141,121.856689453125
25.746094,29.608154296875
25.748047,110.980224609375
25.75,287.21923828125
25.751953,458.624267578125
25.753906,-370.20263671875
25.755859,114.605712890625
25.757812,183.892822265625
25.759766,21.148681640625
25.761719,-0.201416015625
25.763672,-16.717529296875
25.765625,152.2705078125
25.767578,638.8916015625
25.769531,-70.697021484375
25.771484,-28.1982421875
25.773438,289.837646484375
25.775391,491.85791015625
25.777344,429.217529296875
25.779297,-156.903076171875
25.78125,-181.878662109375
25.783203,133.33740234375
25.785156,-175.836181640625
25.787109,-162.34130859375
25.789062,97.88818359375
25.791016,268.68896484375
25.792969,-175.433349609375
25.794922,215.313720703125
25.796875,-60.4248046875
25.798828,-185.906982421875
25.800781,-325.48828125
25.802734,214.910888671875
25.804688,82.781982421875
25.806641,-70.49560546875
25.808594,-479.168701171875
25.810547,-296.08154296875
25.8125,282.586669921875
25.814453,-145.42236328125
25.816406,32.427978515625
25.818359,-59.417724609375
25.820312,10.07080078125
25.822266,68.4814453125
25.824219,205.04150390625
25.826172,-158.917236328125
25.828125,-66.8701171875
25.830078,-423.980712890625
25.832031,-285.205078125
25.833984,111.785888671875
25.835938,134.344482421875
25.837891,-6.4453125
25.839844,-53.57666015625
25.841797,19.73876953125
25.84375,30.413818359375
25.845703,-118.634033203125
25.847656,83.587646484375
25.849609,-162.542724609375
25.851562,211.8896484375
25.853516,-1.812744140625
25.855469,-126.690673828125
25.857422,-6.84814453125
25.859375,-96.27685546875
25.861328,70.697021484375
25.863281,255.596923828125
25.865234,-229.815673828125
25.867188,121.453857421875
25.869141,-119.23828125
25.871094,-28.1982421875
25.873047,-105.743408203125
25.875,-14.300537109375
25.876953,-197.79052734375
25.878906,-34.442138671875
25.880859,-37.060546875
25.882812,19.537353515625
25.884766,79.156494140625
25.886719,67.27294921875
25.888672,-22.55859375
25.890625,12.286376953125
25.892578,-153.076171875
25.894531,38.067626953125
25.896484,227.801513671875
25.898438,46.32568359375
25.900391,-9.66796875
25.902344,-88.623046875
25.904297,125.68359375
25.90625,84.99755859375
25.908203,-89.02587890625
25.910156,-5.035400390625
25.912109,62.0361328125
25.914062,264.66064453125
25.916016,-71.7041015625
25.917969,-212.6953125
25.919922,72.91259765625
25.921875,-9.063720703125
25.923828,92.449951171875
25.925781,102.117919921875
25.927734,-23.968505859375
25.929688,46.124267578125
25.931641,-34.844970703125
25.933594,203.631591796875
25.935547,4.229736328125
25.9375,165.966796875
25.939453,-120.245361328125
25.941406,71.905517578125
25.943359,-83.184814453125
25.945312,-38.470458984375
25.947266,132.12890625
25.949219,-79.559326171875
25.951172,61.63330078125
25.953125,-162.139892578125
25.955078,132.330322265625
25.957031,-252.374267578125
25.958984,-67.27294921875
25.960938,146.026611328125
25.962891,60.02197265625
25.964844,130.517578125
25.966797,91.44287109375
25.96875,107.55615234375
25.970703,-141.192626953125
25.972656,-34.24072265625
25.974609,-52.77099609375
25.976562,77.947998046875
25.978516,-44.110107421875
25.980469,-23.968505859375
25.982422,169.793701171875
25.984375,-52.3681640625
25.986328,-117.22412109375
25.988281,93.45703125
25.990234,143.00537109375
25.992188,-135.955810546875
25.994141,108.160400390625
25.996094,71.905517578125
25.998047,45.9228515625
26.0,211.48681640625
26.001953,-117.425537109375
26.003906,-88.623046875
26.005859,319.04296875
26.007812,195.7763671875
26.009766,-6.4453125
26.011719,-5.841064453125
26.013672,-5.035400390625
26.015625,-4.229736328125
26.017578,-3.22265625
26.019531,-2.215576171875
26.021484,-2.618408203125
26.023438,-1.812744140625
26.025391,-1.409912109375
26.027344,-1.409912109375
26.029297,-1.409912109375
26.03125,-1.812744140625
26.033203,-2.618408203125
26.035156,-3.424072265625
26.037109,-0.604248046875
26.039062,-1.611328125
26.041016,-2.4169921875
26.042969,-3.22265625
26.044922,-3.826904296875
26.046875,-4.229736328125
26.048828,-4.229736328125
26.050781,-4.0283203125
26.052734,2.01416015625
26.054688,2.618408203125
26.056641,3.424072265625
26.058594,4.43115234375
26.060547,5.438232421875
26.0625,6.243896484375
26.064453,7.049560546875
26.066406,7.452392578125
26.068359,13.092041015625
26.070312,13.092041015625
26.072266,12.890625
26.074219,12.286376953125
26.076172,11.480712890625
26.078125,10.4736328125
26.080078,9.66796875
26.082031,15.106201171875
26.083984,14.300537109375
26.085938,13.6962890625
26.087891,13.29345703125
26.089844,13.092041015625
26.091797,13.29345703125
26.09375,13.6962890625
26.095703,14.300537109375
26.097656,15.106201171875
26.099609,21.7529296875
26.101562,22.55859375
26.103516,23.565673828125
26.105469,24.371337890625
26.107422,24.9755859375
26.109375,25.177001953125
26.111328,25.37841796875
26.113281,27.392578125
26.115234,26.98974609375
26.117188,26.18408203125
26.119141,25.37841796875
26.121094,22.55859375
26.123047,21.551513671875
26.125,20.745849609375
26.126953,19.940185546875
26.128906,19.537353515625
26.130859,19.3359375
26.132812,19.3359375
26.134766,19.73876953125
26.136719,20.1416015625
26.138672,20.947265625
26.140625,21.954345703125
26.142578,22.96142578125
26.144531,23.76708984375
26.146484,20.1416015625
26.148438,20.745849609375
26.150391,21.148681640625
26.152344,21.35009765625
26.154297,21.148681640625
26.15625,20.745849609375
26.158203,20.1416015625
26.160156,12.890625
26.162109,11.883544921875
26.164062,10.87646484375
26.166016,10.07080078125
26.167969,9.26513671875
26.169922,8.660888671875
26.171875,8.45947265625
26.173828,8.258056640625
26.175781,8.45947265625
26.177734,2.215576171875
26.179688,2.81982421875
26.181641,3.826904296875
26.183594,4.833984375
26.185547,5.6396484375
26.1875,6.646728515625
26.189453,7.2509765625
26.191406,7.855224609375
26.193359,2.01416015625
26.195312,2.01416015625
26.197266,1.611328125
26.199219,1.20849609375
26.201172,0.40283203125
26.203125,-0.604248046875
26.205078,-1.611328125
26.207031,-2.4169921875
26.208984,-3.22265625
26.210938,-4.0283203125
26.212891,-4.43115234375
26.214844,-4.43115234375
26.216797,-7.452392578125
26.21875,-7.049560546875
26.220703,-6.4453125
26.222656,-5.035400390625
26.224609,-3.826904296875
26.226562,-2.81982421875
26.228516,-2.01416015625
26.230469,-1.20849609375
26.232422,-0.604248046875
26.234375,-0.40283203125
26.236328,-0.201416015625
26.238281,-0.40283203125
26.240234,-1.007080078125
26.242188,2.215576171875
26.244141,1.409912109375
26.246094,0.40283203125
26.248047,-0.40283203125
26.25,-1.409912109375
26.251953,-2.01416015625
26.253906,-2.618408203125
26.255859,-2.81982421875
26.257812,3.22265625
26.259766,3.424072265625
26.261719,4.0283203125
26.263672,4.833984375
26.265625,5.841064453125
26.267578,6.84814453125
26.269531,7.65380859375
26.271484,15.509033203125
26.273438,16.11328125
26.275391,16.51611328125
26.277344,16.717529296875
26.279297,16.51611328125
26.28125,16.11328125
26.283203,15.509033203125
26.285156,14.703369140625
26.287109,17.724609375
26.289062,23.565673828125
26.291016,18.5302734375
26.292969,19.134521484375
26.294922,11.279296875
26.296875,19.940185546875
26.298828,18.93310546875
26.300781,16.9189453125
26.302734,33.233642578125
26.304688,29.8095703125
26.306641,7.049560546875
26.308594,43.90869140625
26.310547,27.191162109375
26.3125,40.081787109375
26.314453,19.3359375
26.316406,13.29345703125
26.318359,-39.276123046875
26.320312,17.120361328125
26.322266,86.60888671875
26.324219,67.071533203125
26.326172,29.205322265625
26.328125,16.314697265625
26.330078,72.509765625
26.332031,29.205322265625
26.333984,6.04248046875
26.335938,80.364990234375
26.337891,12.286376953125
26.339844,-21.954345703125
26.341797,32.2265625
26.34375,-8.258056640625
26.345703,85.198974609375
26.347656,35.04638671875
26.349609,-93.658447265625
26.351562,-7.855224609375
26.353516,-25.37841796875
26.355469,5.035400390625
26.357422,-18.731689453125
26.359375,25.579833984375
26.361328,79.7607421875
26.363281,-23.565673828125
26.365234,64.654541015625
26.367188,0.604248046875
26.369141,-39.88037109375
26.371094,-4.0283203125
26.373047,19.537353515625
26.375,1.20849609375
26.376953,47.13134765625
26.378906,-104.534912109375
26.380859,-55.792236328125
26.382812,38.873291015625
26.384766,-76.5380859375
26.386719,97.283935546875
26.388672,-50.7568359375
26.390625,-122.86376953125
26.392578,-33.837890625
26.394531,-22.760009765625
26.396484,44.3115234375
26.398438,89.83154296875
26.400391,-43.707275390625
26.402344,-38.470458984375
26.404297,-66.265869140625
26.40625,-41.49169921875
26.408203,-84.393310546875
26.410156,61.63330078125
26.412109,71.30126953125
26.414062,-119.64111328125
26.416016,-50.555419921875
26.417969,-109.5703125
26.419922,-56.597900390625
26.421875,-14.90478515625
26.423828,41.89453125
26.425781,-22.55859375
26.427734,18.328857421875
26.429688,-29.608154296875
26.431641,-30.615234375
26.433594,76.739501953125
26.435547,11.279296875
26.4375,48.74267578125
26.439453,39.88037109375
26.441406,-5.438232421875
26.443359,-121.25244140625
26.445312,-72.91259765625
26.447266,108.563232421875
26.449219,51.15966796875
26.451172,63.043212890625
26.453125,13.6962890625
26.455078,-128.704833984375
26.457031,-96.6796875
26.458984,37.8662109375
26.460938,2.618408203125
26.462891,-15.71044921875
26.464844,49.1455078125
26.466797,27.392578125
26.46875,-52.972412109375
26.470703,-26.18408203125
26.472656,36.65771484375
26.474609,38.671875
26.476562,15.71044921875
26.478516,16.51611328125
26.480469,17.32177734375
26.482422,17.926025390625
26.484375,18.12744140625
26.486328,18.328857421875
26.488281,17.926025390625
26.490234,17.523193359375
26.492188,21.35009765625
26.494141,20.343017578125
26.496094,19.3359375
26.498047,18.5302734375
26.5,17.523193359375
26.501953,16.9189453125
26.503906,16.314697265625
26.505859,16.11328125
26.507812,20.54443359375
26.509766,20.745849609375
26.511719,21.551513671875
26.513672,22.357177734375
26.515625,23.162841796875
26.517578,24.169921875
26.519531,25.177001953125
26.521484,25.982666015625
26.523438,26.5869140625
26.525391,26.98974609375
26.527344,27.191162109375
26.529297,26.98974609375
26.53125,26.5869140625
26.533203,25.982666015625
26.535156,25.177001953125
26.537109,24.169921875
26.539062,23.162841796875
26.541016,22.357177734375
26.542969,21.551513671875
26.544922,20.947265625
26.546875,20.54443359375
26.548828,17.724609375
26.550781,11.883544921875
26.552734,12.286376953125
26.554688,13.092041015625
26.556641,13.897705078125
26.558594,14.90478515625
26.560547,15.911865234375
26.5625,16.717529296875
26.564453,17.523193359375
26.566406,17.926025390625
26.568359,18.12744140625
26.570312,11.279296875
26.572266,11.077880859375
26.574219,10.4736328125
26.576172,9.66796875
26.578125,8.660888671875
26.580078,7.65380859375
26.582031,6.84814453125
26.583984,6.04248046875
26.585938,-1.007080078125
26.587891,-1.409912109375
26.589844,-1.611328125
26.591797,-1.409912109375
26.59375,-1.007080078125
26.595703,-0.40283203125
26.597656,0.604248046875
26.599609,-2.81982421875
26.601562,-1.812744140625
26.603516,-1.007080078125
26.605469,-0.201416015625
26.607422,0.40283203125
26.609375,0.8056640625
26.611328,0.8056640625
26.613281,0.604248046875
26.615234,0.0
26.617188,-2.618408203125
26.619141,-3.424072265625
26.621094,-4.43115234375
26.623047,-5.438232421875
26.625,-6.243896484375
26.626953,-6.84814453125
26.628906,-7.452392578125
26.630859,-7.65380859375
26.632812,-5.438232421875
26.634766,-5.035400390625
26.636719,-4.632568359375
26.638672,-3.826904296875
26.640625,-2.81982421875
26.642578,-1.812744140625
26.644531,-1.007080078125
26.646484,-0.201416015625
26.648438,0.604248046875
26.650391,1.007080078125
26.652344,1.007080078125
26.654297,1.007080078125
26.65625,1.611328125
26.658203,5.23681640625
26.660156,4.229736328125
26.662109,3.424072265625
26.664062,2.4169921875
26.666016,8.258056640625
26.667969,7.65380859375
26.669922,7.049560546875
26.671875,6.646728515625
26.673828,6.646728515625
26.675781,6.84814453125
26.677734,7.2509765625
26.679688,15.106201171875
26.681641,16.11328125
26.683594,16.9189453125
26.685547,17.926025390625
26.6875,18.93310546875
26.689453,19.537353515625
26.691406,20.1416015625
26.693359,20.343017578125
26.695312,25.177001953125
26.697266,24.774169921875
26.699219,24.169921875
26.701172,23.3642578125
26.703125,22.55859375
26.705078,21.551513671875
26.707031,23.162841796875
26.708984,22.357177734375
26.710938,21.551513671875
26.712891,21.148681640625
26.714844,21.148681640625
26.716797,21.148681640625
26.71875,21.551513671875
26.720703,22.357177734375
26.722656,23.162841796875
26.724609,23.968505859375
26.726562,24.9755859375
26.728516,24.9755859375
26.730469,25.78125
26.732422,26.385498046875
26.734375,26.5869140625
26.736328,26.5869140625
26.738281,26.385498046875
26.740234,25.982666015625
26.742188,21.148681640625
26.744141,20.343017578125
26.746094,19.3359375
26.748047,18.328857421875
26.75,17.523193359375
26.751953,16.717529296875
26.753906,16.314697265625
26.755859,16.11328125
26.757812,16.11328125
26.759766,16.51611328125
26.761719,16.9189453125
26.763672,17.724609375
26.765625,12.689208984375
26.767578,13.6962890625
26.769531,14.703369140625
26.771484,15.509033203125
26.773438,9.063720703125
26.775391,9.466552734375
26.777344,9.66796875
26.779297,9.466552734375
26.78125,9.063720703125
26.783203,8.45947265625
26.785156,7.65380859375
26.787109,6.646728515625
26.789062,5.841064453125
26.791016,-1.409912109375
26.792969,-2.215576171875
26.794922,-2.81982421875
26.796875,-3.22265625
26.798828,-3.22265625
26.800781,-3.021240234375
26.802734,-2.4169921875
26.804688,-1.812744140625
26.806641,-4.833984375
26.808594,-3.826904296875
26.810547,-3.021240234375
26.8125,-2.01416015625
26.814453,-1.409912109375
26.816406,-0.8056640625
26.818359,-0.604248046875
26.820312,-0.604248046875
26.822266,-1.611328125
26.824219,-2.215576171875
26.826172,-3.021240234375
26.828125,-4.0283203125
26.830078,-5.035400390625
26.832031,-5.841064453125
26.833984,-6.646728515625
26.835938,-4.0283203125
26.837891,-4.43115234375
26.839844,-4.632568359375
26.841797,-4.43115234375
26.84375,-4.0283203125
26.845703,-3.424072265625
26.847656,-2.618408203125
26.849609,-1.611328125
26.851562,-0.604248046875
26.853516,6.243896484375
26.855469,5.23681640625
26.857422,7.452392578125
26.859375,8.8623046875
26.861328,6.646728515625
26.863281,9.26513671875
26.865234,9.26513671875
26.867188,3.62548828125
26.869141,4.229736328125
26.871094,5.23681640625
26.873047,12.286376953125
26.875,7.2509765625
26.876953,11.883544921875
26.878906,11.279296875
26.880859,-5.438232421875
26.882812,7.2509765625
26.884766,49.749755859375
26.886719,22.15576171875
26.888672,13.897705078125
26.890625,-11.68212890625
26.892578,8.45947265625
26.894531,-15.3076171875
26.896484,25.579833984375
26.898438,37.664794921875
26.900391,60.4248046875
26.902344,59.014892578125
26.904297,28.802490234375
26.90625,17.523193359375
26.908203,-7.049560546875
26.910156,16.51611328125
26.912109,65.863037109375
26.914062,12.48779296875
26.916016,3.424072265625
26.917969,34.6435546875
26.919922,60.82763671875
26.921875,50.555419921875
26.923828,48.944091796875
26.925781,-33.233642578125
26.927734,34.6435546875
26.929688,29.00390625
26.931641,0.201416015625
26.933594,-38.671875
26.935547,42.7001953125
26.9375,44.110107421875
26.939453,-1.409912109375
26.941406,-15.509033203125
26.943359,44.915771484375
26.945312,-3.826904296875
26.947266,-20.745849609375
26.949219,26.788330078125
26.951172,2.01416015625
26.953125,36.859130859375
26.955078,49.749755859375
26.957031,-5.6396484375
26.958984,-34.6435546875
26.960938,7.049560546875
26.962891,46.124267578125
26.964844,5.841064453125
26.966797,39.678955078125
26.96875,80.364990234375
26.970703,-29.608154296875
26.972656,35.650634765625
26.974609,49.749755859375
26.976562,33.43505859375
26.978516,56.195068359375
26.980469,-42.29736328125
26.982422,34.442138671875
26.984375,-17.724609375
26.986328,-54.583740234375
26.988281,6.646728515625
26.990234,47.93701171875
26.992188,-55.18798828125
26.994141,-144.2138671875
26.996094,-125.079345703125
26.998047,-11.480712890625
27.0,-16.9189453125
27.001953,-79.35791015625
27.003906,6.04248046875
27.005859,18.731689453125
27.007812,-4.229736328125
27.009766,18.328857421875
27.011719,111.181640625
27.013672,3.62548828125
27.015625,-56.396484375
27.017578,7.2509765625
27.019531,62.841796875
27.021484,27.392578125
27.023438,-26.98974609375
27.025391,-107.354736328125
27.027344,-72.308349609375
27.029297,46.527099609375
27.03125,-13.897705078125
27.033203,-130.11474609375
27.035156,99.0966796875
27.037109,68.280029296875
27.039062,2.01416015625
27.041016,-22.15576171875
27.042969,0.40283203125
27.044922,-61.431884765625
27.046875,-89.630126953125
27.048828,-101.312255859375
27.050781,-124.47509765625
27.052734,16.717529296875
27.054688,-24.371337890625
27.056641,5.6396484375
27.058594,6.646728515625
27.060547,7.452392578125
27.0625,8.45947265625
27.064453,9.063720703125
27.066406,9.66796875
27.068359,9.869384765625
27.070312,9.869384765625
27.072266,16.314697265625
27.074219,15.71044921875
27.076172,14.90478515625
27.078125,14.09912109375
27.080078,13.092041015625
27.082031,12.0849609375
27.083984,11.279296875
27.085938,10.675048828125
27.087891,10.272216796875
27.089844,16.717529296875
27.091797,16.717529296875
27.09375,17.120361328125
27.095703,17.926025390625
27.097656,22.357177734375
27.099609,23.162841796875
27.101562,24.169921875
27.103516,25.177001953125
27.105469,25.78125
27.107422,26.385498046875
27.109375,26.788330078125
27.111328,26.788330078125
27.113281,26.5869140625
27.115234,25.982666015625
27.117188,25.37841796875
27.119141,24.57275390625
27.121094,23.968505859375
27.123047,23.162841796875
27.125,22.15576171875
27.126953,21.551513671875
27.128906,20.947265625
27.130859,20.745849609375
27.132812,20.745849609375
27.134766,17.724609375
27.136719,18.328857421875
27.138672,19.134521484375
27.140625,19.940185546875
27.142578,20.947265625
27.144531,21.954345703125
27.146484,22.760009765625
27.148438,23.3642578125
27.150391,18.5302734375
27.152344,18.5302734375
27.154297,18.5302734375
27.15625,18.12744140625
27.158203,17.32177734375
27.160156,16.51611328125
27.162109,15.71044921875
27.164062,14.703369140625
27.166016,13.6962890625
27.167969,7.65380859375
27.169922,7.049560546875
27.171875,6.646728515625
27.173828,6.646728515625
27.175781,6.84814453125
27.177734,7.2509765625
27.179688,8.056640625
27.181641,1.812744140625
27.183594,2.81982421875
27.185547,3.826904296875
27.1875,4.632568359375
27.189453,5.438232421875
27.191406,5.841064453125
27.193359,6.04248046875
27.195312,6.04248046875
27.197266,5.841064453125
27.199219,5.23681640625
27.201172,4.43115234375
27.203125,3.424072265625
27.205078,2.4169921875
27.207031,1.611328125
27.208984,-3.62548828125
27.210938,-7.65380859375
27.212891,-8.056640625
27.214844,-8.258056640625
27.216797,-8.056640625
27.21875,-7.65380859375
27.220703,-7.049560546875
27.222656,-6.04248046875
27.224609,-5.23681640625
27.226562,-4.229736328125
27.228516,-1.20849609375
27.230469,-0.40283203125
27.232422,0.201416015625
27.234375,0.40283203125
27.236328,0.604248046875
27.238281,0.201416015625
27.240234,-0.201416015625
27.242188,-1.007080078125
27.244141,-1.812744140625
27.246094,2.01416015625
27.248047,1.007080078125
27.25,0.201416015625
27.251953,-0.604248046875
27.253906,-1.007080078125
27.255859,-1.409912109375
27.257812,-1.20849609375
27.259766,5.23681640625
27.261719,5.841064453125
27.263672,6.646728515625
27.265625,7.452392578125
27.267578,8.45947265625
27.269531,9.466552734375
27.271484,10.272216796875
27.273438,10.87646484375
27.275391,11.279296875
27.277344,18.731689453125
27.279297,18.5302734375
27.28125,18.12744140625
27.283203,17.523193359375
27.285156,16.51611328125
27.287109,15.71044921875
27.289062,14.703369140625
27.291016,13.6962890625
27.292969,17.926025390625
27.294922,17.523193359375
27.296875,17.120361328125
27.298828,17.120361328125
27.300781,17.32177734375
27.302734,17.724609375
27.304688,18.5302734375
27.306641,19.3359375
27.308594,20.343017578125
27.310547,21.35009765625
27.3125,22.15576171875
27.314453,22.96142578125
27.316406,23.3642578125
27.318359,23.565673828125
27.320312,23.565673828125
27.322266,25.78125
27.324219,25.177001953125
27.326172,24.371337890625
27.328125,23.565673828125
27.330078,22.55859375
27.332031,21.551513671875
27.333984,20.745849609375
27.335938,20.1416015625
27.337891,19.73876953125
27.339844,15.911865234375
27.341797,16.11328125
27.34375,16.51611328125
27.345703,17.120361328125
27.347656,17.926025390625
27.349609,18.93310546875
27.351562,19.940185546875
27.353516,20.745849609375
27.355469,21.551513671875
27.357422,16.314697265625
27.359375,16.51611328125
27.361328,16.717529296875
27.363281,16.51611328125
27.365234,15.911865234375
27.367188,15.106201171875
27.369141,14.300537109375
27.371094,6.646728515625
27.373047,5.6396484375
27.375,4.632568359375
27.376953,4.0283203125
27.378906,3.424072265625
27.380859,3.22265625
27.382812,3.22265625
27.384766,3.62548828125
27.386719,-0.604248046875
27.388672,0.201416015625
27.390625,1.007080078125
27.392578,2.01416015625
27.394531,3.021240234375
27.396484,3.826904296875
27.398438,4.43115234375
27.400391,4.833984375
27.402344,0.0
27.404297,-0.201416015625
27.40625,-0.604248046875
27.408203,-1.20849609375
27.410156,-2.01416015625
27.412109,-3.021240234375
27.414062,-4.0283203125
27.416016,-4.833984375
27.417969,-5.6396484375
27.419922,-6.243896484375
27.421875,-6.646728515625
27.423828,-6.646728515625
27.425781,-6.4453125
27.427734,-5.841064453125
27.429688,-5.23681640625
27.431641,-3.424072265625
27.433594,-2.4169921875
27.435547,-1.409912109375
27.4375,-0.604248046875
27.439453,0.201416015625
27.441406,0.604248046875
27.443359,0.8056640625
27.445312,0.8056640625
27.447266,0.604248046875
27.449219,0.0
27.451172,3.424072265625
27.453125,3.424072265625
27.455078,2.4169921875
27.457031,1.611328125
27.458984,0.8056640625
27.460938,0.0
27.462891,-0.40283203125
27.464844,-0.40283203125
27.466797,6.646728515625
27.46875,7.2509765625
27.470703,7.855224609375
27.472656,8.660888671875
27.474609,9.66796875
27.476562,10.4736328125
27.478516,11.480712890625
27.480469,18.93310546875
27.482422,19.537353515625
27.484375,19.940185546875
27.486328,19.940185546875
27.488281,39.88037109375
27.490234,14.300537109375
27.492188,-13.6962890625
27.494141,21.954345703125
27.496094,21.551513671875
27.498047,4.833984375
27.5,23.3642578125
27.501953,11.883544921875
27.503906,26.5869140625
27.505859,14.90478515625
27.507812,17.724609375
27.509766,14.90478515625
27.511719,37.8662109375
27.513672,32.2265625
27.515625,-2.01416015625
27.517578,-13.6962890625
27.519531,40.68603515625
27.521484,43.90869140625
27.523438,32.830810546875
27.525391,4.632568359375
27.527344,38.470458984375
27.529297,-12.48779296875
27.53125,-20.54443359375
27.533203,17.926025390625
27.535156,10.675048828125
27.537109,69.287109375
27.539062,58.209228515625
27.541016,-7.855224609375
27.542969,0.0
27.544922,49.1455078125
27.546875,10.87646484375
27.548828,-25.78125
27.550781,43.90869140625
27.552734,6.84814453125
27.554688,-24.57275390625
27.556641,10.87646484375
27.558594,5.6396484375
27.560547,41.693115234375
27.5625,13.29345703125
27.564453,35.247802734375
27.566406,-8.056640625
27.568359,-20.1416015625
27.570312,21.148681640625
27.572266,29.8095703125
27.574219,24.169921875
27.576172,-7.855224609375
27.578125,18.12744140625
27.580078,-9.26513671875
27.582031,15.71044921875
27.583984,-31.219482421875
27.585938,-23.76708984375
27.587891,39.07470703125
27.589844,30.816650390625
27.591797,-20.745849609375
27.59375,-14.501953125
27.595703,-20.947265625
27.597656,30.615234375
27.599609,3.424072265625
27.601562,-18.5302734375
27.603516,5.035400390625
27.605469,-13.6962890625
27.607422,-0.40283203125
27.609375,-34.442138671875
27.611328,38.26904296875
27.613281,36.053466796875
27.615234,-5.035400390625
27.617188,-27.392578125
27.619141,8.45947265625
27.621094,-15.106201171875
27.623047,-5.6396484375
27.625,-27.79541015625
27.626953,1.812744140625
27.628906,-52.77099609375
27.630859,-62.640380859375
27.632812,10.675048828125
27.634766,14.501953125
27.636719,-8.45947265625
27.638672,76.13525390625
27.640625,4.632568359375
27.642578,29.8095703125
27.644531,55.792236328125
27.646484,13.29345703125
27.648438,-48.138427734375
27.650391,52.77099609375
27.652344,82.9833984375
27.654297,28.1982421875
27.65625,-16.717529296875
27.658203,28.1982421875
27.660156,113.800048828125
27.662109,21.35009765625
27.664062,-24.371337890625
27.666016,22.760009765625
27.667969,-22.96142578125
27.669922,10.4736328125
27.671875,72.10693359375
27.673828,73.919677734375
27.675781,-30.413818359375
27.677734,-38.671875
27.679688,73.71826171875
27.681641,115.814208984375
27.683594,56.79931640625
27.685547,77.947998046875
27.6875,123.2666015625
27.689453,9.869384765625
27.691406,-73.919677734375
27.693359,-4.43115234375
27.695312,-56.597900390625
27.697266,176.84326171875
27.699219,99.90234375
27.701172,-24.774169921875
27.703125,90.234375
27.705078,64.251708984375
27.707031,60.4248046875
27.708984,166.7724609375
27.710938,39.07470703125
27.712891,101.91650390625
27.714844,33.233642578125
27.716797,-26.18408203125
27.71875,21.551513671875
27.720703,22.15576171875
27.722656,22.96142578125
27.724609,23.968505859375
27.726562,24.9755859375
27.728516,25.78125
27.730469,26.5869140625
27.732422,24.9755859375
27.734375,25.177001953125
27.736328,25.37841796875
27.738281,24.9755859375
27.740234,24.57275390625
27.742188,23.76708984375
27.744141,22.96142578125
27.746094,21.954345703125
27.748047,21.148681640625
27.75,20.1416015625
27.751953,19.537353515625
27.753906,18.93310546875
27.755859,13.494873046875
27.757812,13.494873046875
27.759766,13.897705078125
27.761719,9.466552734375
27.763672,10.272216796875
27.765625,11.077880859375
27.767578,12.0849609375
27.769531,13.092041015625
27.771484,13.897705078125
27.773438,14.501953125
27.775391,14.90478515625
27.777344,15.106201171875
27.779297,7.65380859375
27.78125,7.2509765625
27.783203,6.646728515625
27.785156,5.841064453125
27.787109,4.833984375
27.789062,3.826904296875
27.791016,3.021240234375
27.792969,2.215576171875
27.794922,-4.0283203125
27.796875,-4.43115234375
27.798828,-4.43115234375
27.800781,-4.229736328125
27.802734,-3.62548828125
27.804688,-3.021240234375
27.806641,-2.01416015625
27.808594,-1.20849609375
27.810547,-3.62548828125
27.8125,-2.618408203125
27.814453,-2.01416015625
27.816406,-1.409912109375
27.818359,-1.20849609375
27.820312,-1.20849609375
27.822266,-1.611328125
27.824219,-0.604248046875
27.826172,-1.409912109375
27.828125,-2.4169921875
27.830078,-3.22265625
27.832031,-4.229736328125
27.833984,-5.035400390625
27.835938,-5.6396484375
27.837891,-6.04248046875
27.839844,-2.618408203125
27.841797,-2.4169921875
27.84375,-2.01416015625
27.845703,-1.409912109375
27.847656,-0.604248046875
27.849609,0.40283203125
27.851562,1.409912109375
27.853516,2.215576171875
27.855469,3.021240234375
27.857422,3.62548828125
27.859375,9.466552734375
27.861328,9.66796875
27.863281,9.26513671875
27.865234,8.8623046875
27.867188,8.056640625
27.869141,7.2509765625
27.871094,13.29345703125
27.873047,12.286376953125
27.875,11.480712890625
27.876953,10.675048828125
27.878906,16.51611328125
27.880859,16.314697265625
27.882812,16.314697265625
27.884766,16.717529296875
27.886719,17.32177734375
27.888672,18.12744140625
27.890625,18.93310546875
27.892578,19.940185546875
27.894531,20.947265625
27.896484,21.7529296875
27.898438,22.357177734375
27.900391,22.760009765625
27.902344,22.96142578125
27.904297,22.760009765625
27.90625,26.18408203125
27.908203,25.579833984375
27.910156,24.774169921875
27.912109,23.76708984375
27.914062,22.96142578125
27.916016,21.954345703125
27.917969,21.148681640625
27.919922,20.54443359375
27.921875,20.1416015625
27.923828,20.1416015625
27.925781,20.343017578125
27.927734,20.947265625
27.929688,21.551513671875
27.931641,22.55859375
27.933594,23.3642578125
27.935547,22.357177734375
27.9375,23.162841796875
27.939453,23.968505859375
27.941406,24.371337890625
27.943359,24.57275390625
27.945312,24.57275390625
27.947266,24.169921875
27.949219,23.76708984375
27.951172,18.328857421875
27.953125,17.523193359375
27.955078,16.51611328125
27.957031,15.509033203125
27.958984,14.703369140625
27.960938,14.09912109375
27.962891,13.6962890625
27.964844,13.494873046875
27.966797,13.6962890625
27.96875,14.09912109375
27.970703,14.703369140625
27.972656,15.509033203125
27.974609,16.51611328125
27.976562,17.523193359375
27.978516,4.833984375
27.980469,5.6396484375
27.982422,6.04248046875
27.984375,6.4453125
27.986328,6.4453125
27.988281,6.243896484375
27.990234,5.841064453125
27.992188,5.035400390625
27.994141,4.229736328125
27.996094,3.22265625
27.998047,-3.424072265625
28.0,-4.229736328125
28.001953,-5.035400390625
28.003906,-5.438232421875
28.005859,-5.841064453125
28.007812,-5.6396484375
28.009766,-5.438232421875
28.011719,-4.833984375
28.013672,-5.438232421875
28.015625,-4.632568359375
28.017578,-3.62548828125
28.019531,-2.618408203125
28.021484,-1.812744140625
28.023438,-1.20849609375
28.025391,-0.8056640625
28.027344,-0.604248046875
28.029297,0.40283203125
28.03125,0.0
28.033203,-0.604248046875
28.035156,-1.409912109375
28.037109,-2.4169921875
28.039062,-3.22265625
28.041016,-4.229736328125
28.042969,-5.035400390625
28.044922,-1.611328125
28.046875,-2.01416015625
28.048828,-2.01416015625
28.050781,-1.812744140625
28.052734,-1.20849609375
28.054688,-0.604248046875
28.056641,0.40283203125
28.058594,1.409912109375
28.060547,9.063720703125
28.0625,10.07080078125
28.064453,10.675048828125
28.066406,11.279296875
28.068359,11.480712890625
28.070312,11.480712890625
28.072266,11.077880859375
28.074219,17.32177734375
28.076172,16.717529296875
28.078125,15.71044921875
28.080078,14.703369140625
28.082031,13.897705078125
28.083984,12.890625
28.085938,12.286376953125
28.087891,11.883544921875
28.089844,11.68212890625
28.091797,17.523193359375
28.09375,17.926025390625
28.095703,18.731689453125
28.097656,19.537353515625
28.099609,20.343017578125
28.101562,21.35009765625
28.103516,22.357177734375
28.105469,23.162841796875
28.107422,26.5869140625
28.109375,26.98974609375
28.111328,26.98974609375
28.113281,26.788330078125
28.115234,26.385498046875
28.117188,25.579833984375
28.119141,24.774169921875
28.121094,23.76708984375
28.123047,22.357177734375
28.125,21.35009765625
28.126953,20.745849609375
28.128906,20.1416015625
28.130859,19.940185546875
28.132812,19.940185546875
28.134766,20.343017578125
28.136719,20.947265625
28.138672,21.7529296875
28.140625,20.54443359375
28.142578,21.551513671875
28.144531,22.357177734375
28.146484,23.162841796875
28.148438,23.968505859375
28.150391,24.371337890625
28.152344,24.371337890625
28.154297,18.12744140625
28.15625,17.724609375
28.158203,17.120361328125
28.160156,16.314697265625
28.162109,15.3076171875
28.164062,14.300537109375
28.166016,13.494873046875
28.167969,12.689208984375
28.169922,5.23681640625
28.171875,4.833984375
28.173828,4.833984375
28.175781,5.035400390625
28.177734,5.6396484375
28.179688,6.243896484375
28.181641,7.2509765625
28.183594,8.056640625
28.185547,9.063720703125
28.1875,10.07080078125
28.189453,10.675048828125
28.191406,11.279296875
28.193359,11.480712890625
28.195312,11.279296875
28.197266,4.833984375
28.199219,4.229736328125
28.201172,3.424072265625
28.203125,2.618408203125
28.205078,1.611328125
28.207031,1.007080078125
28.208984,-0.201416015625
28.210938,-7.452392578125
28.212891,0.0
28.214844,-3.021240234375
28.216797,-43.10302734375
28.21875,-24.9755859375
28.220703,22.357177734375
28.222656,1.812744140625
28.224609,-10.87646484375
28.226562,-1.611328125
28.228516,-0.604248046875
28.230469,-22.55859375
28.232422,5.6396484375
28.234375,5.23681640625
28.236328,21.7529296875
28.238281,14.300537109375
28.240234,11.480712890625
28.242188,-11.077880859375
28.244141,-2.81982421875
28.246094,-3.826904296875
28.248047,-22.357177734375
28.25,13.494873046875
28.251953,-37.261962890625
28.253906,-22.96142578125
28.255859,-9.66796875
28.257812,-28.1982421875
28.259766,27.996826171875
28.261719,-0.604248046875
28.263672,-19.134521484375
28.265625,-3.424072265625
28.267578,-44.3115234375
28.269531,-7.452392578125
28.271484,-25.37841796875
28.273438,65.057373046875
28.275391,37.46337890625
28.277344,42.901611328125
28.279297,-39.88037109375
28.28125,13.897705078125
28.283203,17.523193359375
28.285156,36.65771484375
28.287109,13.897705078125
28.289062,-13.897705078125
28.291016,35.247802734375
28.292969,-48.74267578125
28.294922,44.512939453125
28.296875,61.029052734375
28.298828,48.33984375
28.300781,-25.37841796875
28.302734,9.063720703125
28.304688,55.792236328125
28.306641,-30.010986328125
28.308594,0.604248046875
28.310547,57.403564453125
28.3125,29.40673828125
28.314453,-6.646728515625
28.316406,32.025146484375
28.318359,41.693115234375
28.320312,4.833984375
28.322266,29.205322265625
28.324219,12.286376953125
28.326172,7.452392578125
28.328125,14.703369140625
28.330078,38.067626953125
28.332031,36.456298828125
28.333984,27.392578125
28.335938,104.736328125
28.337891,58.0078125
28.339844,-1.20849609375
28.341797,-63.043212890625
28.34375,82.379150390625
28.345703,-0.201416015625
28.347656,-43.10302734375
28.349609,26.788330078125
28.351562,92.047119140625
28.353516,80.96923828125
28.355469,68.07861328125
28.357422,-27.996826171875
28.359375,50.958251953125
28.361328,89.4287109375
28.363281,-6.84814453125
28.365234,62.0361328125
28.367188,-3.826904296875
28.369141,13.897705078125
28.371094,-38.26904296875
28.373047,127.294921875
28.375,21.551513671875
28.376953,-44.3115234375
28.378906,3.424072265625
28.380859,3.22265625
28.382812,3.22265625
28.384766,3.62548828125
28.386719,4.229736328125
28.388672,5.035400390625
28.390625,-0.604248046875
28.392578,0.40283203125
28.394531,1.20849609375
28.396484,2.215576171875
28.398438,2.81982421875
28.400391,3.22265625
28.402344,3.424072265625
28.404297,3.22265625
28.40625,2.81982421875
28.408203,2.215576171875
28.410156,1.20849609375
28.412109,-3.021240234375
28.414062,-4.0283203125
28.416016,-4.833984375
28.417969,-7.2509765625
28.419922,-7.855224609375
28.421875,-8.056640625
28.423828,-8.258056640625
28.425781,-7.855224609375
28.427734,-7.452392578125
28.429688,-6.646728515625
28.431641,-5.841064453125
28.433594,-4.833984375
28.435547,-0.201416015625
28.4375,0.604248046875
28.439453,1.409912109375
28.441406,1.812744140625
28.443359,2.215576171875
28.445312,2.01416015625
28.447266,1.812744140625
28.449219,1.20849609375
28.451172,4.229736328125
28.453125,3.424072265625
28.455078,2.4169921875
28.457031,1.409912109375
28.458984,0.604248046875
28.460938,0.0
28.462891,-0.40283203125
28.464844,6.646728515625
28.466797,6.646728515625
28.46875,7.2509765625
28.470703,7.855224609375
28.472656,8.660888671875
28.474609,9.66796875
28.476562,10.4736328125
28.478516,11.480712890625
28.480469,12.286376953125
28.482422,19.940185546875
28.484375,20.343017578125
28.486328,20.343017578125
28.488281,20.1416015625
28.490234,19.537353515625
28.492188,18.93310546875
28.494141,17.926025390625
28.496094,16.9189453125
28.498047,21.148681640625
28.5,20.343017578125
28.501953,19.537353515625
28.503906,19.134521484375
28.505859,18.93310546875
28.507812,18.93310546875
28.509766,19.3359375
28.511719,19.940185546875
28.513672,20.54443359375
28.515625,21.551513671875
28.517578,22.55859375
28.519531,23.3642578125
28.521484,24.371337890625
28.523438,24.9755859375
28.525391,26.18408203125
28.527344,26.385498046875
28.529297,26.18408203125
28.53125,25.78125
28.533203,25.177001953125
28.535156,24.371337890625
28.537109,23.3642578125
28.539062,22.357177734375
28.541016,21.551513671875
28.542969,17.724609375
28.544922,17.120361328125
28.546875,16.717529296875
28.548828,16.717529296875
28.550781,16.9189453125
28.552734,17.523193359375
28.554688,18.12744140625
28.556641,19.134521484375
28.558594,13.29345703125
28.560547,14.300537109375
28.5625,15.106201171875
28.564453,15.911865234375
28.566406,16.314697265625
28.568359,16.51611328125
28.570312,16.51611328125
28.572266,16.314697265625
28.574219,15.71044921875
28.576172,8.056640625
28.578125,7.049560546875
28.580078,6.04248046875
28.582031,5.23681640625
28.583984,4.229736328125
28.585938,3.62548828125
28.587891,3.22265625
28.589844,-3.424072265625
28.591797,-3.22265625
28.59375,-2.81982421875
28.595703,-2.215576171875
28.597656,-1.409912109375
28.599609,-0.40283203125
28.601562,0.604248046875
28.603516,1.409912109375
28.605469,2.215576171875
28.607422,-0.40283203125
28.609375,0.0
28.611328,0.0
28.613281,-0.201416015625
28.615234,-0.604248046875
28.617188,-1.409912109375
28.619141,-2.215576171875
28.621094,-3.22265625
28.623047,-4.229736328125
28.625,-5.035400390625
28.626953,-5.841064453125
28.628906,-7.049560546875
28.630859,-7.2509765625
28.632812,-7.2509765625
28.634766,-6.84814453125
28.636719,-6.243896484375
28.638672,-5.6396484375
28.640625,-1.20849609375
28.642578,-0.201416015625
28.644531,0.8056640625
28.646484,1.611328125
28.648438,2.215576171875
28.650391,2.618408203125
28.652344,2.81982421875
28.654297,8.056640625
28.65625,7.65380859375
28.658203,6.84814453125
28.660156,12.890625
28.662109,12.0849609375
28.664062,11.077880859375
28.666016,10.07080078125
28.667969,9.26513671875
28.669922,8.8623046875
28.671875,8.45947265625
28.673828,8.45947265625
28.675781,8.660888671875
28.677734,9.063720703125
28.679688,9.869384765625
28.681641,10.675048828125
28.683594,11.68212890625
28.685547,12.689208984375
28.6875,19.73876953125
28.689453,20.343017578125
28.691406,20.947265625
28.693359,21.148681640625
28.695312,21.148681640625
28.697266,20.745849609375
28.699219,20.1416015625
28.701172,24.169921875
28.703125,23.162841796875
28.705078,22.15576171875
28.707031,21.35009765625
28.708984,20.343017578125
28.710938,19.73876953125
28.712891,19.3359375
28.714844,19.134521484375
28.716797,20.343017578125
28.71875,20.745849609375
28.720703,21.35009765625
28.722656,22.357177734375
28.724609,23.162841796875
28.726562,24.169921875
28.728516,25.177001953125
28.730469,25.78125
28.732422,26.385498046875
28.734375,26.788330078125
28.736328,26.788330078125
28.738281,26.5869140625
28.740234,26.18408203125
28.742188,25.37841796875
28.744141,24.57275390625
28.746094,16.51611328125
28.748047,15.509033203125
28.75,14.703369140625
28.751953,13.897705078125
28.753906,13.494873046875
28.755859,13.29345703125
28.757812,13.29345703125
28.759766,13.6962890625
28.761719,14.09912109375
28.763672,8.258056640625
28.765625,9.26513671875
28.767578,10.272216796875
28.769531,11.077880859375
28.771484,12.0849609375
28.773438,12.689208984375
28.775391,13.092041015625
28.777344,13.29345703125
28.779297,13.092041015625
28.78125,7.452392578125
28.783203,6.646728515625
28.785156,5.841064453125
28.787109,4.833984375
28.789062,4.0283203125
28.791016,3.021240234375
28.792969,2.215576171875
28.794922,-4.43115234375
28.796875,-4.632568359375
28.798828,-4.833984375
28.800781,-4.43115234375
28.802734,-4.0283203125
28.804688,-3.22265625
28.806641,-2.4169921875
28.808594,-1.409912109375
28.810547,-0.40283203125
28.8125,-2.4169921875
28.814453,-1.812744140625
28.816406,-1.20849609375
28.818359,-1.007080078125
28.820312,-1.007080078125
28.822266,-1.409912109375
28.824219,-2.01416015625
28.826172,-2.01416015625
28.828125,-2.81982421875
28.830078,-3.826904296875
28.832031,-4.833984375
28.833984,-5.6396484375
28.835938,-6.243896484375
28.837891,-6.646728515625
28.839844,-6.84814453125
28.841797,-6.646728515625
28.84375,-6.243896484375
28.845703,-5.6396484375
28.847656,-4.833984375
28.849609,-3.826904296875
28.851562,-2.81982421875
28.853516,2.215576171875
28.855469,6.84814453125
28.857422,9.26513671875
28.859375,9.66796875
28.861328,9.66796875
28.863281,9.466552734375
28.865234,9.063720703125
28.867188,8.258056640625
28.869141,7.452392578125
28.871094,6.4453125
28.873047,9.466552734375
28.875,4.632568359375
28.876953,11.279296875
28.878906,7.452392578125
28.880859,-11.68212890625
28.882812,5.23681640625
28.884766,14.09912109375
28.886719,16.717529296875
28.888672,23.565673828125
28.890625,12.0849609375
28.892578,26.788330078125
28.894531,16.314697265625
28.896484,16.9189453125
28.898438,22.760009765625
28.900391,19.940185546875
28.902344,17.120361328125
28.904297,53.778076171875
28.90625,39.07470703125
28.908203,51.361083984375
28.910156,-5.438232421875
28.912109,-11.279296875
28.914062,37.664794921875
28.916016,19.537353515625
28.917969,21.35009765625
28.919922,27.392578125
28.921875,52.569580078125
28.923828,-5.035400390625
28.925781,58.41064453125
28.927734,10.4736328125
28.929688,-40.887451171875
28.931641,-0.604248046875
28.933594,-13.092041015625
28.935547,35.44921875
28.9375,55.5908203125
28.939453,7.049560546875
28.941406,-28.1982421875
28.943359,62.841796875
28.945312,4.833984375
28.947266,52.972412109375
28.949219,25.177001953125
28.951172,58.8134765625
28.953125,22.357177734375
28.955078,-57.000732421875
28.957031,32.025146484375
28.958984,-27.191162109375
28.960938,18.5302734375
28.962891,16.314697265625
28.964844,-39.276123046875
28.966797,53.57666015625
28.96875,-10.272216796875
28.970703,-11.883544921875
28.972656,62.841796875
28.974609,31.4208984375
28.976562,-39.07470703125
28.978516,-45.52001953125
28.980469,-29.8095703125
28.982422,55.5908203125
28.984375,-13.29345703125
28.986328,-40.081787109375
28.988281,31.01806640625
28.990234,16.11328125
28.992188,-19.73876953125
28.994141,-95.269775390625
28.996094,-20.947265625
28.998047,79.962158203125
29.0,61.834716796875
29.001953,36.456298828125
29.003906,-43.505859375
29.005859,-4.833984375
29.007812,-6.646728515625
29.009766,-15.509033203125
29.011719,81.77490234375
29.013672,10.272216796875
29.015625,-78.55224609375
29.017578,-63.6474609375
29.019531,26.5869140625
29.021484,6.04248046875
29.023438,-48.944091796875
29.025391,7.65380859375
29.027344,141.39404296875
29.029297,66.668701171875
29.03125,20.343017578125
29.033203,-48.138427734375
29.035156,116.015625
29.037109,65.2587890625
29.039062,-56.597900390625
29.041016,-80.96923828125
29.042969,-70.0927734375
29.044922,-104.33349609375
29.046875,6.646728515625
29.048828,-0.201416015625
29.050781,6.84814453125
29.052734,7.2509765625
29.054688,8.056640625
29.056641,8.8623046875
29.058594,9.869384765625
29.060547,10.87646484375
29.0625,11.68212890625
29.064453,12.48779296875
29.066406,12.890625
29.068359,13.092041015625
29.070312,13.092041015625
29.072266,12.890625
29.074219,12.286376953125
29.076172,11.480712890625
29.078125,10.4736328125
29.080078,9.66796875
29.082031,8.660888671875
29.083984,14.703369140625
29.085938,13.897705078125
29.087891,13.494873046875
29.089844,13.494873046875
29.091797,13.494873046875
29.09375,13.897705078125
29.095703,18.731689453125
29.097656,19.537353515625
29.099609,20.343017578125
29.101562,21.35009765625
29.103516,22.357177734375
29.105469,23.162841796875
29.107422,23.565673828125
29.109375,23.968505859375
29.111328,27.593994140625
29.113281,27.392578125
29.115234,26.788330078125
29.117188,26.18408203125
29.119141,25.177001953125
29.121094,24.371337890625
29.123047,23.3642578125
29.125,22.357177734375
29.126953,21.148681640625
29.128906,20.54443359375
29.130859,20.343017578125
29.132812,20.343017578125
29.134766,20.745849609375
29.136719,21.35009765625
29.138672,22.15576171875
29.140625,22.96142578125
29.142578,23.968505859375
29.144531,20.54443359375
29.146484,21.551513671875
29.148438,22.15576171875
29.150391,22.55859375
29.152344,22.760009765625
29.154297,22.55859375
29.15625,22.15576171875
29.158203,15.71044921875
29.160156,14.703369140625
29.162109,13.897705078125
29.164062,12.890625
29.166016,11.883544921875
29.167969,11.279296875
29.169922,10.675048828125
29.171875,10.272216796875
29.173828,10.272216796875
29.175781,10.4736328125
29.177734,11.077880859375
29.179688,11.68212890625
29.181641,12.48779296875
29.183594,13.494873046875
29.185547,1.611328125
29.1875,2.4169921875
29.189453,3.22265625
29.191406,3.62548828125
29.193359,3.826904296875
29.195312,3.826904296875
29.197266,3.424072265625
29.199219,2.81982421875
29.201172,2.215576171875
29.203125,1.20849609375
29.205078,-3.62548828125
29.207031,-4.632568359375
29.208984,-5.438232421875
29.210938,-6.04248046875
29.212891,-6.4453125
29.214844,-6.646728515625
29.216797,-6.4453125
29.21875,-6.04248046875
29.220703,-6.04248046875
29.222656,-5.23681640625
29.224609,-4.229736328125
29.226562,-3.424072265625
29.228516,-2.4169921875
29.230469,-1.611328125
29.232422,-1.007080078125
29.234375,-0.8056640625
29.236328,2.215576171875
29.238281,2.01416015625
29.240234,1.611328125
29.242188,0.8056640625
29.244141,0.0
29.246094,3.021240234375
29.248047,2.01416015625
29.25,1.20849609375
29.251953,0.604248046875
29.253906,0.0
29.255859,-0.201416015625
29.257812,-0.201416015625
29.259766,0.201416015625
29.261719,0.8056640625
29.263672,1.409912109375
29.265625,2.4169921875
29.267578,10.272216796875
29.269531,11.077880859375
29.271484,12.0849609375
29.273438,12.689208984375
29.275391,13.092041015625
29.277344,13.29345703125
29.279297,13.092041015625
29.28125,12.689208984375
29.283203,12.0849609375
29.285156,11.077880859375
29.287109,10.272216796875
29.289062,16.11328125
29.291016,15.106201171875
29.292969,14.300537109375
29.294922,13.897705078125
29.296875,18.93310546875
29.298828,18.93310546875
29.300781,19.134521484375
29.302734,19.537353515625
29.304688,20.343017578125
29.306641,21.148681640625
29.308594,22.15576171875
29.310547,23.162841796875
29.3125,23.968505859375
29.314453,27.191162109375
29.316406,27.79541015625
29.318359,27.996826171875
29.320312,27.996826171875
29.322266,27.593994140625
29.324219,26.98974609375
29.326172,26.18408203125
29.328125,25.37841796875
29.330078,21.7529296875
29.332031,20.745849609375
29.333984,19.940185546875
29.335938,19.3359375
29.337891,18.93310546875
29.339844,18.731689453125
29.341797,18.93310546875
29.34375,19.3359375
29.345703,16.314697265625
29.347656,17.120361328125
29.349609,18.12744140625
29.351562,19.134521484375
29.353516,19.940185546875
29.355469,20.745849609375
29.357422,21.35009765625
29.359375,21.7529296875
29.361328,14.90478515625
29.363281,14.703369140625
29.365234,14.300537109375
29.367188,13.494873046875
29.369141,12.689208984375
29.371094,11.68212890625
29.373047,10.675048828125
29.375,3.021240234375
29.376953,2.4169921875
29.378906,1.812744140625
29.380859,1.611328125
29.382812,1.611328125
29.384766,2.01416015625
29.386719,2.618408203125
29.388672,3.424072265625
29.390625,4.229736328125
29.392578,5.23681640625
29.394531,6.243896484375
29.396484,7.049560546875
29.398438,7.65380859375
29.400391,8.056640625
29.402344,2.215576171875
29.404297,2.01416015625
29.40625,-1.812744140625
29.408203,-2.618408203125
29.410156,-3.424072265625
29.412109,-4.229736328125
29.414062,-5.23681640625
29.416016,-6.243896484375
29.417969,-7.049560546875
29.419922,-7.65380859375
29.421875,-7.855224609375
29.423828,-7.049560546875
29.425781,-6.84814453125
29.427734,-6.243896484375
29.429688,-5.6396484375
29.431641,-4.632568359375
29.433594,-3.826904296875
29.435547,-2.81982421875
29.4375,-1.812744140625
29.439453,-1.20849609375
29.441406,3.021240234375
29.443359,3.22265625
29.445312,3.22265625
29.447266,2.81982421875
29.449219,2.4169921875
29.451172,1.611328125
29.453125,0.604248046875
29.455078,-0.40283203125
29.457031,3.62548828125
29.458984,2.81982421875
29.460938,2.215576171875
29.462891,1.812744140625
29.464844,1.611328125
29.466797,1.812744140625
29.46875,2.215576171875
29.470703,2.81982421875
29.472656,10.4736328125
29.474609,11.480712890625
29.476562,12.286376953125
29.478516,13.29345703125
29.480469,14.09912109375
29.482422,14.703369140625
29.484375,14.90478515625
29.486328,21.954345703125
29.488281,21.551513671875
29.490234,21.148681640625
29.492188,20.343017578125
29.494141,19.537353515625
29.496094,18.5302734375
29.498047,17.724609375
29.5,16.717529296875
29.501953,16.11328125
29.503906,15.509033203125
29.505859,15.3076171875
29.507812,15.3076171875
29.509766,15.71044921875
29.511719,16.314697265625
29.513672,17.120361328125
29.515625,24.169921875
29.517578,23.3642578125
29.519531,23.968505859375
29.521484,32.025146484375
29.523438,34.844970703125
29.525391,30.21240234375
29.527344,31.4208984375
29.529297,31.01806640625
29.53125,31.01806640625
29.533203,42.498779296875
29.535156,18.12744140625
29.537109,21.954345703125
29.539062,25.177001953125
29.541016,3.62548828125
29.542969,-10.272216796875
29.544922,36.053466796875
29.546875,30.413818359375
29.548828,-4.833984375
29.550781,35.04638671875
29.552734,14.300537109375
29.554688,-23.3642578125
29.556641,12.890625
29.558594,12.286376953125
29.560547,42.7001953125
29.5625,13.092041015625
29.564453,-1.611328125
29.566406,62.43896484375
29.568359,-9.26513671875
29.570312,-0.8056640625
29.572266,46.728515625
29.574219,44.71435546875
29.576172,1.007080078125
29.578125,10.675048828125
29.580078,5.23681640625
29.582031,-1.812744140625
29.583984,-5.23681640625
29.585938,4.43115234375
29.587891,27.79541015625
29.589844,8.8623046875
29.591797,12.0849609375
29.59375,-17.926025390625
29.595703,17.926025390625
29.597656,11.077880859375
29.599609,23.565673828125
29.601562,-2.4169921875
29.603516,46.124267578125
29.605469,6.4453125
29.607422,-15.3076171875
29.609375,-9.869384765625
29.611328,38.470458984375
29.613281,-14.501953125
29.615234,27.191162109375
29.617188,4.632568359375
29.619141,-36.053466796875
29.621094,34.039306640625
29.623047,22.760009765625
29.625,-14.09912109375
29.626953,-37.664794921875
29.628906,5.841064453125
29.630859,25.579833984375
29.632812,87.41455078125
29.634766,-32.025146484375
29.636719,-42.901611328125
29.638672,66.668701171875
29.640625,5.841064453125
29.642578,-14.90478515625
29.644531,-16.717529296875
29.646484,-32.025146484375
29.648438,2.4169921875
29.650391,18.93310546875
29.652344,-5.035400390625
29.654297,-51.15966796875
29.65625,-44.71435546875
29.658203,-21.35009765625
29.660156,44.71435546875
29.662109,27.191162109375
29.664062,48.138427734375
29.666016,-117.626953125
29.667969,-76.13525390625
29.669922,-10.272216796875
29.671875,-27.392578125
29.673828,96.478271484375
29.675781,145.8251953125
29.677734,-44.3115234375
29.679688,6.646728515625
29.681641,-51.361083984375
29.683594,28.1982421875
29.685547,-24.9755859375
29.6875,19.134521484375
29.689453,-8.258056640625
29.691406,-6.4453125
29.693359,120.245361328125
29.695312,-60.02197265625
29.697266,95.068359375
29.699219,199.40185546875
29.701172,-47.735595703125
29.703125,89.4287109375
29.705078,64.453125
29.707031,29.608154296875
29.708984,94.2626953125
29.710938,35.04638671875
29.712891,50.7568359375
29.714844,60.4248046875
29.716797,9.26513671875
29.71875,41.693115234375
29.720703,84.19189453125
29.722656,-15.71044921875
29.724609,-49.1455078125
29.726562,-8.8623046875
29.728516,5.23681640625
29.730469,-5.23681640625
29.732422,-128.50341796875
29.734375,24.9755859375
29.736328,24.9755859375
29.738281,24.774169921875
29.740234,24.169921875
29.742188,23.565673828125
29.744141,22.55859375
29.746094,21.7529296875
29.748047,20.745849609375
29.75,19.940185546875
29.751953,12.286376953125
29.753906,11.883544921875
29.755859,11.68212890625
29.757812,11.68212890625
29.759766,12.0849609375
29.761719,12.48779296875
29.763672,13.29345703125
29.765625,9.26513671875
29.767578,10.272216796875
29.769531,11.077880859375
29.771484,12.0849609375
29.773438,12.689208984375
29.775391,13.092041015625
29.777344,13.29345703125
29.779297,13.092041015625
29.78125,12.689208984375
29.783203,5.035400390625
29.785156,4.229736328125
29.787109,3.22265625
29.789062,2.215576171875
29.791016,1.409912109375
29.792969,0.604248046875
29.794922,0.0
29.796875,-0.40283203125
29.798828,-5.841064453125
29.800781,-5.6396484375
29.802734,-5.23681640625
29.804688,-4.43115234375
29.806641,-3.62548828125
29.808594,-2.618408203125
29.810547,-1.611328125
29.8125,-0.8056640625
29.814453,-1.409912109375
29.816406,-0.8056640625
29.818359,-0.604248046875
29.820312,-0.8056640625
29.822266,-1.007080078125
29.824219,-1.611328125
29.826172,-2.4169921875
29.828125,-3.22265625
29.830078,-4.229736328125
29.832031,-4.632568359375
29.833984,-5.438232421875
29.835938,-6.04248046875
29.837891,-6.4453125
29.839844,-6.646728515625
29.841797,-6.4453125
29.84375,-6.04248046875
29.845703,-5.438232421875
29.847656,0.40283203125
29.849609,1.409912109375
29.851562,2.215576171875
29.853516,3.22265625
29.855469,4.0283203125
29.857422,4.632568359375
29.859375,4.833984375
29.861328,11.480712890625
29.863281,11.279296875
29.865234,10.675048828125
29.867188,10.07080078125
29.869141,9.063720703125
29.871094,8.258056640625
29.873047,7.2509765625
29.875,6.243896484375
29.876953,12.48779296875
29.878906,11.883544921875
29.880859,11.68212890625
29.882812,11.68212890625
29.884766,12.0849609375
29.886719,12.689208984375
29.888672,13.494873046875
29.890625,20.1416015625
29.892578,21.148681640625
29.894531,22.15576171875
29.896484,22.96142578125
29.898438,23.565673828125
29.900391,23.968505859375
29.902344,24.169921875
29.904297,23.968505859375
29.90625,23.565673828125
29.908203,25.37841796875
29.910156,24.57275390625
29.912109,23.76708984375
29.914062,22.760009765625
29.916016,21.7529296875
29.917969,20.947265625
29.919922,20.54443359375
29.921875,20.1416015625
29.923828,20.1416015625
29.925781,21.148681640625
29.927734,21.551513671875
29.929688,22.357177734375
29.931641,23.162841796875
29.933594,24.169921875
29.935547,25.177001953125
29.9375,25.982666015625
29.939453,26.788330078125
29.941406,27.191162109375
29.943359,27.392578125
29.945312,27.392578125
29.947266,27.191162109375
29.949219,22.760009765625
29.951172,21.954345703125
29.953125,20.947265625
29.955078,14.90478515625
29.957031,13.897705078125
29.958984,13.092041015625
29.960938,12.48779296875
29.962891,12.0849609375
29.964844,11.883544921875
29.966797,12.0849609375
29.96875,12.48779296875
29.970703,6.04248046875
29.972656,6.84814453125
29.974609,7.855224609375
29.976562,8.8623046875
29.978516,9.66796875
29.980469,10.4736328125
29.982422,11.077880859375
29.984375,11.480712890625
29.986328,5.035400390625
29.988281,4.833984375
29.990234,4.43115234375
29.992188,3.62548828125
29.994141,2.81982421875
29.996094,1.812744140625
29.998047,0.8056640625
30.0,0.0
30.001953,-5.23681640625
30.003906,-5.841064453125
30.005859,-6.04248046875
30.007812,-6.04248046875
30.009766,-5.6396484375
30.011719,-5.035400390625
30.013672,-4.229736328125
30.015625,-3.424072265625
30.017578,-2.4169921875
30.019531,-3.62548828125
30.021484,-2.81982421875
30.023438,-2.215576171875
30.025391,-1.812744140625
30.027344,0.201416015625
30.029297,0.8056640625
30.03125,0.40283203125
30.033203,-0.201416015625
30.035156,-1.007080078125
30.037109,-2.01416015625
30.039062,-3.021240234375
30.041016,-3.826904296875
30.042969,-4.632568359375
30.044922,-5.23681640625
30.046875,-5.6396484375
30.048828,-5.6396484375
30.050781,-5.438232421875
30.052734,-4.833984375
30.054688,-4.229736328125
30.056641,-3.22265625
30.058594,3.22265625
30.060547,4.0283203125
30.0625,5.035400390625
30.064453,5.6396484375
30.066406,6.243896484375
30.068359,6.4453125
30.070312,13.092041015625
30.072266,12.890625
30.074219,12.286376953125
30.076172,11.480712890625
30.078125,10.4736328125
30.080078,16.314697265625
30.082031,15.3076171875
30.083984,14.501953125
30.085938,13.897705078125
30.087891,13.494873046875
30.089844,13.29345703125
30.091797,13.494873046875
30.09375,13.897705078125
30.095703,14.501953125
30.097656,19.940185546875
30.099609,20.745849609375
30.101562,21.7529296875
30.103516,22.760009765625
30.105469,23.3642578125
30.107422,23.968505859375
30.109375,24.371337890625
30.111328,27.191162109375
30.113281,26.788330078125
30.115234,26.385498046875
30.117188,25.579833984375
30.119141,24.774169921875
30.121094,23.76708984375
30.123047,22.96142578125
30.125,21.954345703125
30.126953,20.745849609375
30.128906,20.343017578125
30.130859,19.940185546875
30.132812,20.1416015625
30.134766,20.343017578125
30.136719,20.947265625
30.138672,21.7529296875
30.140625,22.760009765625
30.142578,19.73876953125
30.144531,20.745849609375
30.146484,21.551513671875
30.148438,22.15576171875
30.150391,22.55859375
30.152344,22.760009765625
30.154297,22.55859375
30.15625,22.15576171875
30.158203,21.551513671875
30.160156,20.745849609375
30.162109,19.73876953125
30.164062,18.93310546875
30.166016,17.926025390625
30.167969,15.106201171875
30.169922,10.87646484375
30.171875,10.272216796875
30.173828,7.855224609375
30.175781,-7.855224609375
30.177734,-4.632568359375
30.179688,9.063720703125
30.181641,7.049560546875
30.183594,7.452392578125
30.185547,-5.6396484375
30.1875,23.3642578125
30.189453,27.996826171875
30.191406,4.229736328125
30.193359,-30.21240234375
30.195312,1.812744140625
30.197266,5.841064453125
30.199219,27.996826171875
30.201172,-18.731689453125
30.203125,-12.0849609375
30.205078,69.488525390625
30.207031,3.021240234375
30.208984,1.007080078125
30.210938,34.24072265625
30.212891,27.79541015625
30.214844,-15.3076171875
30.216797,-35.44921875
30.21875,16.11328125
30.220703,7.855224609375
30.222656,23.76708984375
30.224609,-7.049560546875
30.226562,-42.901611328125
30.228516,-23.968505859375
30.230469,6.4453125
30.232422,-31.01806640625
30.234375,22.96142578125
30.236328,55.18798828125
30.238281,13.494873046875
30.240234,-39.88037109375
30.242188,-17.926025390625
30.244141,-8.8623046875
30.246094,-35.04638671875
30.248047,-17.120361328125
30.25,0.0
30.251953,44.71435546875
30.253906,-24.57275390625
30.255859,12.286376953125
30.257812,-1.20849609375
30.259766,3.826904296875
30.261719,43.10302734375
30.263672,-35.247802734375
30.265625,1.812744140625
30.267578,-9.466552734375
30.269531,-46.728515625
30.271484,17.120361328125
30.273438,64.05029296875
30.275391,-31.622314453125
30.277344,-12.689208984375
30.279297,-26.788330078125
30.28125,-17.523193359375
30.283203,32.025146484375
30.285156,-11.68212890625
30.287109,-9.466552734375
30.289062,24.57275390625
30.291016,18.5302734375
30.292969,-6.243896484375
30.294922,-38.873291015625
30.296875,46.527099609375
30.298828,55.389404296875
30.300781,42.29736328125
30.302734,39.678955078125
30.304688,48.944091796875
30.306641,10.07080078125
30.308594,38.470458984375
30.310547,32.427978515625
30.3125,90.234375
30.314453,-25.37841796875
30.316406,28.802490234375
30.318359,-65.2587890625
30.320312,-7.855224609375
30.322266,-12.890625
30.324219,59.417724609375
30.326172,-5.438232421875
30.328125,57.000732421875
30.330078,63.24462890625
30.332031,51.5625
30.333984,57.403564453125
30.335938,50.958251953125
30.337891,75.933837890625
30.339844,-66.46728515625
30.341797,-2.81982421875
30.34375,-54.78515625
30.345703,17.926025390625
30.347656,-114.202880859375
30.349609,50.7568359375
30.351562,77.142333984375
30.353516,88.22021484375
30.355469,2.4169921875
30.357422,37.060546875
30.359375,52.3681640625
30.361328,14.703369140625
30.363281,-36.2548828125
30.365234,-74.9267578125
30.367188,-20.54443359375
30.369141,33.636474609375
30.371094,33.636474609375
30.373047,11.279296875
30.375,67.67578125
30.376953,5.438232421875
30.378906,-35.650634765625
30.380859,-84.393310546875
30.382812,-50.152587890625
30.384766,12.0849609375
30.386719,41.49169921875
30.388672,67.474365234375
30.390625,-1.812744140625
30.392578,-1.007080078125
30.394531,0.0
30.396484,0.8056640625
30.398438,1.409912109375
30.400391,1.812744140625
30.402344,2.01416015625
30.404297,1.812744140625
30.40625,1.409912109375
30.408203,0.8056640625
30.410156,-3.22265625
30.412109,-4.229736328125
30.414062,-5.035400390625
30.416016,-6.04248046875
30.417969,-5.841064453125
30.419922,-6.4453125
30.421875,-6.646728515625
30.423828,-6.646728515625
30.425781,-6.4453125
30.427734,-6.04248046875
30.429688,-5.23681640625
30.431641,-4.43115234375
30.433594,-3.424072265625
30.435547,-2.4169921875
30.4375,-1.611328125
30.439453,-0.8056640625
30.441406,-0.40283203125
30.443359,3.22265625
30.445312,3.22265625
30.447266,2.81982421875
30.449219,2.215576171875
30.451172,1.611328125
30.453125,0.604248046875
30.455078,-0.40283203125
30.457031,-1.20849609375
30.458984,4.43115234375
30.460938,3.826904296875
30.462891,3.424072265625
30.464844,3.22265625
30.466797,3.424072265625
30.46875,3.826904296875
30.470703,4.43115234375
30.472656,5.23681640625
30.474609,13.092041015625
30.476562,14.09912109375
30.478516,14.90478515625
30.480469,15.71044921875
30.482422,16.314697265625
30.484375,16.717529296875
30.486328,16.717529296875
30.488281,16.51611328125
30.490234,15.911865234375
30.492188,15.3076171875
30.494141,14.300537109375
30.496094,13.494873046875
30.498047,12.48779296875
30.5,11.68212890625
30.501953,20.1416015625
30.503906,19.537353515625
30.505859,19.3359375
30.507812,19.537353515625
30.509766,19.73876953125
30.511719,20.343017578125
30.513672,21.148681640625
30.515625,21.954345703125
30.517578,22.96142578125
30.519531,23.968505859375
30.521484,26.18408203125
30.523438,26.788330078125
30.525391,27.191162109375
30.527344,27.392578125
30.529297,27.191162109375
30.53125,26.788330078125
30.533203,26.18408203125
30.535156,21.551513671875
30.537109,20.54443359375
30.539062,19.537353515625
30.541016,18.731689453125
30.542969,17.926025390625
30.544922,17.32177734375
30.546875,16.9189453125
30.548828,16.9189453125
30.550781,17.120361328125
30.552734,12.286376953125
30.554688,13.092041015625
30.556641,13.897705078125
30.558594,14.90478515625
30.560547,15.911865234375
30.5625,16.717529296875
30.564453,17.523193359375
30.566406,17.926025390625
30.568359,11.480712890625
30.570312,11.480712890625
30.572266,11.077880859375
30.574219,10.4736328125
30.576172,9.869384765625
30.578125,8.8623046875
30.580078,7.855224609375
30.582031,7.049560546875
30.583984,-0.604248046875
30.585938,-1.20849609375
30.587891,-1.611328125
30.589844,-1.812744140625
30.591797,-1.611328125
30.59375,-1.20849609375
30.595703,-0.604248046875
30.597656,0.201416015625
30.599609,1.20849609375
30.601562,2.215576171875
30.603516,3.021240234375
30.605469,3.826904296875
30.607422,4.43115234375
30.609375,4.632568359375
30.611328,4.833984375
30.613281,-1.20849609375
30.615234,-1.812744140625
30.617188,-2.4169921875
30.619141,-3.22265625
30.621094,-4.229736328125
30.623047,-5.23681640625
30.625,-6.04248046875
30.626953,-6.84814453125
30.628906,-7.2509765625
30.630859,-7.65380859375
30.632812,-4.632568359375
30.634766,-4.43115234375
30.636719,-3.826904296875
30.638672,-3.021240234375
30.640625,-2.01416015625
30.642578,-1.20849609375
30.644531,-0.201416015625
30.646484,0.604248046875
30.648438,4.0283203125
30.650391,4.43115234375
30.652344,4.632568359375
30.654297,4.43115234375
30.65625,4.0283203125
30.658203,3.424072265625
30.660156,2.4169921875
30.662109,1.611328125
30.664062,7.452392578125
30.666016,6.4453125
30.667969,5.841064453125
30.669922,5.23681640625
30.671875,4.833984375
30.673828,4.833984375
30.675781,5.035400390625
30.677734,12.48779296875
30.679688,13.092041015625
30.681641,14.09912109375
30.683594,14.90478515625
30.685547,15.911865234375
30.6875,16.717529296875
30.689453,17.523193359375
30.691406,17.926025390625
30.693359,23.565673828125
30.695312,23.565673828125
30.697266,23.3642578125
30.699219,22.760009765625
30.701172,21.954345703125
30.703125,20.947265625
30.705078,20.1416015625
30.707031,19.134521484375
30.708984,18.328857421875
30.710938,17.724609375
30.712891,17.32177734375
30.714844,17.120361328125
30.716797,17.32177734375
30.71875,17.724609375
30.720703,22.15576171875
30.722656,22.357177734375
30.724609,23.3642578125
30.726562,24.371337890625
30.728516,25.177001953125
30.730469,25.982666015625
30.732422,26.5869140625
30.734375,26.788330078125
30.736328,26.98974609375
30.738281,26.788330078125
30.740234,26.18408203125
30.742188,22.760009765625
30.744141,20.947265625
30.746094,19.940185546875
30.748047,18.93310546875
30.75,18.12744140625
30.751953,17.32177734375
30.753906,16.9189453125
30.755859,10.272216796875
30.757812,10.272216796875
30.759766,10.4736328125
30.761719,11.077880859375
30.763672,11.883544921875
30.765625,12.890625
30.767578,13.6962890625
30.769531,14.703369140625
30.771484,15.509033203125
30.773438,9.063720703125
30.775391,9.466552734375
30.777344,9.66796875
30.779297,9.466552734375
30.78125,9.063720703125
30.783203,8.45947265625
30.785156,7.65380859375
30.787109,6.646728515625
30.789062,-0.604248046875
30.791016,-1.409912109375
30.792969,-2.215576171875
30.794922,-2.81982421875
30.796875,-3.021240234375
30.798828,-3.22265625
30.800781,-2.81982421875
30.802734,-2.4169921875
30.804688,-1.611328125
30.806641,-4.0283203125
30.808594,-4.229736328125
30.810547,-3.22265625
30.8125,-2.4169921875
30.814453,-1.611328125
30.816406,-1.20849609375
30.818359,-1.007080078125
30.820312,-1.007080078125
30.822266,-1.409912109375
30.824219,-2.01416015625
30.826172,-2.618408203125
30.828125,-3.62548828125
30.830078,-4.632568359375
30.832031,-5.438232421875
30.833984,-6.4453125
30.835938,-7.049560546875
30.837891,-5.841064453125
30.839844,-5.841064453125
30.841797,-5.841064453125
30.84375,-5.438232421875
30.845703,-4.632568359375
30.847656,-3.826904296875
30.849609,-3.021240234375
30.851562,3.62548828125
30.853516,4.632568359375
30.855469,5.438232421875
30.857422,5.841064453125
30.859375,6.243896484375
30.861328,6.243896484375
30.863281,6.04248046875
30.865234,5.6396484375
30.867188,11.68212890625
30.869141,10.87646484375
30.871094,9.869384765625
30.873047,8.8623046875
30.875,8.056640625
30.876953,7.2509765625
30.878906,6.84814453125
30.880859,6.646728515625
30.882812,13.29345703125
30.884766,13.494873046875
30.886719,14.09912109375
30.888672,14.90478515625
30.890625,15.71044921875
30.892578,16.717529296875
30.894531,17.724609375
30.896484,18.5302734375
30.898438,24.371337890625
30.900391,24.774169921875
30.902344,24.774169921875
30.904297,24.774169921875
30.90625,24.371337890625
30.908203,23.565673828125
30.910156,22.760009765625
30.912109,21.954345703125
30.914062,20.947265625
30.916016,22.15576171875
30.917969,21.35009765625
30.919922,20.947265625
30.921875,20.54443359375
30.923828,20.54443359375
30.925781,20.745849609375
30.927734,21.148681640625
30.929688,21.954345703125
30.931641,22.760009765625
30.933594,22.55859375
30.935547,24.371337890625
30.9375,25.37841796875
30.939453,24.9755859375
30.941406,23.3642578125
30.943359,23.3642578125
30.945312,39.276123046875
30.947266,24.774169921875
30.949219,10.4736328125
30.951172,31.4208984375
30.953125,19.940185546875
30.955078,1.812744140625
30.957031,7.2509765625
30.958984,30.615234375
30.960938,25.982666015625
30.962891,13.092041015625
30.964844,-20.54443359375
30.966797,41.290283203125
30.96875,-13.494873046875
30.970703,-10.272216796875
30.972656,42.29736328125
30.974609,42.7001953125
30.976562,-15.106201171875
30.978516,-22.357177734375
30.980469,-36.2548828125
30.982422,-31.219482421875
30.984375,-11.883544921875
30.986328,15.3076171875
30.988281,69.085693359375
30.990234,47.5341796875
30.992188,-0.201416015625
30.994141,-32.2265625
30.996094,7.2509765625
30.998047,75.531005859375
31.0,-72.509765625
31.001953,-14.501953125
31.003906,23.565673828125
31.005859,-26.98974609375
31.007812,-74.12109375
31.009766,-70.294189453125
31.011719,-26.98974609375
31.013672,-9.26513671875
31.015625,-80.16357421875
31.017578,-188.323974609375
31.019531,-49.951171875
31.021484,-0.8056640625
31.023438,1.812744140625
31.025391,-7.452392578125
31.027344,11.883544921875
31.029297,-51.361083984375
31.03125,-96.6796875
31.033203,28.60107421875
31.035156,70.294189453125
31.037109,16.717529296875
31.039062,-86.810302734375
31.041016,-119.64111328125
31.042969,25.579833984375
31.044922,15.509033203125
31.046875,-45.1171875
31.048828,68.682861328125
31.050781,31.4208984375
31.052734,-16.9189453125
31.054688,-52.972412109375
31.056641,-51.361083984375
31.058594,49.54833984375
31.060547,57.2021484375
31.0625,175.836181640625
31.064453,58.209228515625
31.066406,20.947265625
31.068359,-67.071533203125
31.070312,-67.27294921875
31.072266,-25.177001953125
31.074219,-41.0888671875
31.076172,-11.480712890625
31.078125,-36.65771484375
31.080078,-11.883544921875
31.082031,63.446044921875
31.083984,60.626220703125
31.085938,60.626220703125
31.087891,30.816650390625
31.089844,156.70166015625
31.091797,99.700927734375
31.09375,-90.234375
31.095703,-11.077880859375
31.097656,27.593994140625
31.099609,150.25634765625
31.101562,63.043212890625
31.103516,-10.272216796875
31.105469,107.1533203125
31.107422,-24.169921875
31.109375,92.6513671875
31.111328,144.818115234375
31.113281,108.7646484375
31.115234,102.3193359375
31.117188,-3.021240234375
31.119141,-5.841064453125
31.121094,-17.523193359375
31.123047,59.417724609375
31.125,-79.559326171875
31.126953,-33.233642578125
31.128906,57.60498046875
31.130859,58.0078125
31.132812,-14.300537109375
31.134766,61.23046875
31.136719,80.767822265625
31.138672,196.17919921875
31.140625,-61.029052734375
31.142578,34.24072265625
31.144531,61.431884765625
31.146484,-18.731689453125
31.148438,87.8173828125
31.150391,47.13134765625
31.152344,18.12744140625
31.154297,18.12744140625
31.15625,17.724609375
31.158203,16.9189453125
31.160156,16.11328125
31.162109,15.3076171875
31.164062,14.300537109375
31.166016,13.29345703125
31.167969,5.841064453125
31.169922,5.23681640625
31.171875,4.833984375
31.173828,4.833984375
31.175781,5.035400390625
31.177734,5.6396484375
31.179688,6.243896484375
31.181641,7.2509765625
31.183594,8.056640625
31.185547,2.618408203125
31.1875,3.424072265625
31.189453,4.229736328125
31.191406,4.632568359375
31.193359,4.833984375
31.195312,4.833984375
31.197266,4.43115234375
31.199219,-0.8056640625
31.201172,-1.409912109375
31.203125,-2.4169921875
31.205078,-3.424072265625
31.207031,-4.229736328125
31.208984,-5.035400390625
31.210938,-5.841064453125
31.212891,-6.243896484375
31.214844,-6.243896484375
31.216797,-7.049560546875
31.21875,-6.646728515625
31.220703,-6.04248046875
31.222656,-5.035400390625
31.224609,-4.229736328125
31.226562,-3.22265625
31.228516,-2.215576171875
31.230469,-1.611328125
31.232422,0.8056640625
31.234375,1.007080078125
31.236328,1.007080078125
31.238281,0.8056640625
31.240234,0.40283203125
31.242188,-0.40283203125
31.244141,-1.20849609375
31.246094,-2.215576171875
31.248047,-3.22265625
31.25,-4.0283203125
31.251953,0.8056640625
31.253906,0.201416015625
31.255859,0.0
31.257812,0.0
31.259766,0.40283203125
31.261719,1.007080078125
31.263672,5.035400390625
31.265625,9.26513671875
31.267578,10.272216796875
31.269531,11.077880859375
31.271484,12.0849609375
31.273438,12.689208984375
31.275391,13.092041015625
31.277344,13.29345703125
31.279297,13.092041015625
31.28125,19.73876953125
31.283203,19.134521484375
31.285156,18.328857421875
31.287109,17.32177734375
31.289062,16.314697265625
31.291016,15.509033203125
31.292969,14.703369140625
31.294922,14.09912109375
31.296875,18.12744140625
31.298828,18.12744140625
31.300781,18.328857421875
31.302734,18.93310546875
31.304688,19.537353515625
31.306641,20.54443359375
31.308594,21.35009765625
31.310547,22.357177734375
31.3125,25.78125
31.314453,26.5869140625
31.316406,26.98974609375
31.318359,27.191162109375
31.320312,27.191162109375
31.322266,26.788330078125
31.324219,26.18408203125
31.326172,25.579833984375
31.328125,24.57275390625
31.330078,23.565673828125
31.332031,22.760009765625
31.333984,21.954345703125
31.335938,21.148681640625
31.337891,20.745849609375
31.339844,20.745849609375
31.341797,20.745849609375
31.34375,17.120361328125
31.345703,17.724609375
31.347656,18.5302734375
31.349609,19.537353515625
31.351562,20.343017578125
31.353516,21.35009765625
31.355469,22.15576171875
31.357422,22.760009765625
31.359375,22.96142578125
31.361328,23.162841796875
31.363281,22.760009765625
31.365234,22.357177734375
31.367188,21.551513671875
31.369141,20.745849609375
31.371094,13.29345703125
31.373047,5.438232421875
31.375,4.632568359375
31.376953,3.826904296875
31.378906,3.424072265625
31.380859,3.22265625
31.382812,3.22265625
31.384766,3.62548828125
31.386719,4.229736328125
31.388672,4.833984375
31.390625,5.841064453125
31.392578,0.604248046875
31.394531,-1.812744140625
31.396484,-0.8056640625
31.398438,-0.201416015625
31.400391,0.201416015625
31.402344,0.40283203125
31.404297,0.201416015625
31.40625,-0.201416015625
31.408203,-0.8056640625
31.410156,-1.812744140625
31.412109,-2.618408203125
31.414062,-3.62548828125
31.416016,-4.632568359375
31.417969,-5.23681640625
31.419922,-5.841064453125
31.421875,-6.243896484375
31.423828,-7.452392578125
31.425781,-7.2509765625
31.427734,-6.84814453125
31.429688,-6.04248046875
31.431641,-5.23681640625
31.433594,-4.229736328125
31.435547,-3.22265625
31.4375,0.40283203125
31.439453,1.007080078125
31.441406,1.611328125
31.443359,1.812744140625
31.445312,1.812744140625
31.447266,1.409912109375
31.449219,0.8056640625
31.451172,0.0
31.453125,-0.8056640625
31.455078,4.43115234375
31.457031,3.424072265625
31.458984,2.618408203125
31.460938,2.01416015625
31.462891,1.409912109375
31.464844,1.409912109375
31.466797,1.409912109375
31.46875,2.01416015625
31.470703,2.618408203125
31.472656,3.424072265625
31.474609,4.43115234375
31.476562,5.23681640625
31.478516,6.243896484375
31.480469,14.09912109375
31.482422,14.703369140625
31.484375,20.947265625
31.486328,21.148681640625
31.488281,20.947265625
31.490234,20.343017578125
31.492188,19.73876953125
31.494141,18.731689453125
31.496094,17.724609375
31.498047,16.9189453125
31.5,21.35009765625
31.501953,20.54443359375
31.503906,20.1416015625
31.505859,19.940185546875
31.507812,19.940185546875
31.509766,20.343017578125
31.511719,20.947265625
31.513672,21.551513671875
31.515625,22.55859375
31.517578,24.774169921875
31.519531,25.78125
31.521484,26.5869140625
31.523438,27.191162109375
31.525391,27.593994140625
31.527344,27.79541015625
31.529297,27.593994140625
31.53125,27.191162109375
31.533203,23.968505859375
31.535156,22.96142578125
31.537109,22.15576171875
31.539062,21.148681640625
31.541016,20.1416015625
31.542969,19.537353515625
31.544922,18.93310546875
31.546875,18.5302734375
31.548828,18.5302734375
31.550781,13.897705078125
31.552734,14.300537109375
31.554688,15.106201171875
31.556641,15.911865234375
31.558594,16.9189453125
31.560547,17.926025390625
31.5625,18.731689453125
31.564453,12.48779296875
31.566406,12.890625
31.568359,13.092041015625
31.570312,13.092041015625
31.572266,12.890625
31.574219,12.286376953125
31.576172,11.480712890625
31.578125,10.4736328125
31.580078,9.66796875
31.582031,8.660888671875
31.583984,7.855224609375
31.585938,7.2509765625
31.587891,6.646728515625
31.589844,0.201416015625
31.591797,0.201416015625
31.59375,0.604248046875
31.595703,-3.826904296875
31.597656,-3.021240234375
31.599609,-2.01416015625
31.601562,-1.20849609375
31.603516,-0.201416015625
31.605469,0.604248046875
31.607422,1.20849609375
31.609375,1.409912109375
31.611328,1.611328125
31.613281,4.229736328125
31.615234,-1.20849609375
31.617188,-18.12744140625
31.619141,-13.092041015625
31.621094,8.056640625
31.623047,-2.215576171875
31.625,-1.611328125
31.626953,-4.0283203125
31.628906,-3.424072265625
31.630859,-2.215576171875
31.632812,-23.3642578125
31.634766,28.399658203125
31.636719,1.20849609375
31.638672,-50.35400390625
31.640625,-27.79541015625
31.642578,-33.837890625
31.644531,24.774169921875
31.646484,4.833984375
31.648438,26.385498046875
31.650391,47.93701171875
31.652344,87.41455078125
31.654297,-31.82373046875
31.65625,-38.067626953125
31.658203,-14.703369140625
31.660156,-28.802490234375
31.662109,66.265869140625
31.664062,-49.54833984375
31.666016,22.96142578125
31.667969,7.855224609375
31.669922,42.7001953125
31.671875,-8.660888671875
31.673828,-19.134521484375
31.675781,51.5625
31.677734,26.18408203125
31.679688,-60.4248046875
31.681641,-2.4169921875
31.683594,0.201416015625
31.685547,19.537353515625
31.6875,100.7080078125
31.689453,-21.954345703125
31.691406,61.029052734375
31.693359,15.71044921875
31.695312,-64.05029296875
31.697266,-28.399658203125
31.699219,64.251708984375
31.701172,59.014892578125
31.703125,44.512939453125
31.705078,-93.85986328125
31.707031,-10.07080078125
31.708984,84.796142578125
31.710938,52.77099609375
31.712891,-49.346923828125
31.714844,10.675048828125
31.716797,61.834716796875
31.71875,52.569580078125
31.720703,22.357177734375
31.722656,97.08251953125
31.724609,20.947265625
31.726562,68.280029296875
31.728516,46.728515625
31.730469,-43.304443359375
31.732422,52.77099609375
31.734375,-11.077880859375
31.736328,29.40673828125
31.738281,-10.07080078125
31.740234,-56.597900390625
31.742188,93.45703125
31.744141,-25.177001953125
31.746094,97.88818359375
31.748047,132.733154296875
31.75,67.071533203125
31.751953,10.07080078125
31.753906,-74.12109375
31.755859,-97.88818359375
31.757812,-28.60107421875
31.759766,124.273681640625
31.761719,65.057373046875
31.763672,25.579833984375
31.765625,18.5302734375
31.767578,-64.85595703125
31.769531,42.29736328125
31.771484,18.12744140625
31.773438,52.77099609375
31.775391,110.980224609375
31.777344,-22.55859375
31.779297,-6.84814453125
31.78125,-43.707275390625
31.783203,75.32958984375
31.785156,-35.04638671875
31.787109,-56.396484375
31.789062,-20.343017578125
31.791016,-27.593994140625
31.792969,-61.63330078125
31.794922,81.3720703125
31.796875,50.958251953125
31.798828,-52.77099609375
31.800781,-33.837890625
31.802734,1.812744140625
31.804688,-32.830810546875
31.806641,2.618408203125
31.808594,-7.855224609375
31.810547,51.763916015625
31.8125,1.20849609375
31.814453,55.18798828125
31.816406,-1.611328125
31.818359,-1.409912109375
31.820312,-1.611328125
31.822266,-1.812744140625
31.824219,-2.4169921875
31.826172,-3.22265625
31.828125,-4.0283203125
31.830078,-5.035400390625
31.832031,-6.04248046875
31.833984,-6.84814453125
31.835938,-5.23681640625
31.837891,-5.6396484375
31.839844,-5.841064453125
31.841797,-5.6396484375
31.84375,-5.23681640625
31.845703,-4.632568359375
31.847656,-3.826904296875
31.849609,2.4169921875
31.851562,3.424072265625
31.853516,4.43115234375
31.855469,5.23681640625
31.857422,5.6396484375
31.859375,6.04248046875
31.861328,6.04248046875
31.863281,5.841064453125
31.865234,5.438232421875
31.867188,11.68212890625
31.869141,10.87646484375
31.871094,9.869384765625
31.873047,8.8623046875
31.875,8.056640625
31.876953,7.2509765625
31.878906,6.84814453125
31.880859,6.646728515625
31.882812,13.29345703125
31.884766,13.494873046875
31.886719,14.09912109375
31.888672,14.90478515625
31.890625,15.71044921875
31.892578,16.717529296875
31.894531,17.724609375
31.896484,18.5302734375
31.898438,24.9755859375
31.900391,25.37841796875
31.902344,25.579833984375
31.904297,25.37841796875
31.90625,24.9755859375
31.908203,24.371337890625
31.910156,23.565673828125
31.912109,22.55859375
31.914062,21.551513671875
31.916016,20.745849609375
31.917969,19.940185546875
31.919922,19.3359375
31.921875,20.343017578125
31.923828,20.343017578125
31.925781,20.54443359375
31.927734,20.54443359375
31.929688,21.35009765625
31.931641,22.15576171875
31.933594,23.162841796875
31.935547,24.169921875
31.9375,24.9755859375
31.939453,25.78125
31.941406,26.18408203125
31.943359,26.385498046875
31.945312,22.96142578125
31.947266,22.55859375
31.949219,21.954345703125
31.951172,21.148681640625
31.953125,20.343017578125
31.955078,19.3359375
31.957031,18.328857421875
31.958984,17.523193359375
31.960938,8.8623046875
31.962891,8.45947265625
31.964844,8.258056640625
31.966797,8.45947265625
31.96875,8.8623046875
31.970703,9.466552734375
31.972656,10.272216796875
31.974609,11.279296875
31.976562,7.049560546875
31.978516,8.056640625
31.980469,2.81982421875
31.982422,3.424072265625
31.984375,3.826904296875
31.986328,3.826904296875
31.988281,3.62548828125
31.990234,3.22265625
31.992188,2.4169921875
31.994141,1.611328125
31.996094,0.604248046875
31.998047,-0.40283203125
32.0,-1.20849609375
32.001953,-2.01416015625
32.003906,-2.4169921875
32.005859,-2.618408203125
32.007812,-2.618408203125
32.009766,-6.646728515625
32.011719,-6.04248046875
32.013672,-5.23681640625
32.015625,-4.43115234375
32.017578,-3.424072265625
32.019531,-2.4169921875
32.021484,-2.01416015625
32.023438,-1.409912109375
32.025391,-1.007080078125
32.027344,-0.8056640625
32.029297,-1.007080078125
32.03125,-1.409912109375
32.033203,-2.01416015625
32.035156,-2.81982421875
32.037109,-3.826904296875
32.039062,-1.812744140625
32.041016,-2.618408203125
32.042969,-3.424072265625
32.044922,-4.0283203125
32.046875,-4.43115234375
32.048828,-4.43115234375
32.050781,-4.229736328125
32.052734,-3.62548828125
32.054688,2.618408203125
32.056641,3.62548828125
32.058594,4.632568359375
32.060547,5.438232421875
32.0625,6.4453125
32.064453,7.049560546875
32.066406,7.65380859375
32.068359,7.855224609375
32.070312,14.90478515625
32.072266,14.501953125
32.074219,13.897705078125
32.076172,13.29345703125
32.078125,12.286376953125
32.080078,11.279296875
32.082031,10.4736328125
32.083984,9.466552734375
32.085938,15.106201171875
32.087891,14.703369140625
32.089844,14.703369140625
32.091797,14.703369140625
32.09375,15.106201171875
32.095703,15.911865234375
32.097656,16.717529296875
32.099609,17.523193359375
32.101562,18.5302734375
32.103516,23.968505859375
32.105469,24.774169921875
32.107422,25.37841796875
32.109375,25.78125
32.111328,25.78125
32.113281,25.579833984375
32.115234,24.9755859375
32.117188,24.371337890625
32.119141,25.579833984375
32.121094,24.57275390625
32.123047,23.565673828125
32.125,22.760009765625
32.126953,21.954345703125
32.128906,21.551513671875
32.130859,21.35009765625
32.132812,21.35009765625
32.134766,21.551513671875
32.136719,22.15576171875
32.138672,22.96142578125
32.140625,23.968505859375
32.142578,24.774169921875
32.144531,25.78125
32.146484,23.968505859375
32.148438,19.73876953125
32.150391,20.1416015625
32.152344,20.343017578125
32.154297,20.1416015625
32.15625,19.73876953125
32.158203,19.134521484375
32.160156,18.328857421875
32.162109,17.32177734375
32.164062,16.314697265625
32.166016,8.258056640625
32.167969,7.65380859375
32.169922,7.049560546875
32.171875,6.646728515625
32.173828,6.646728515625
32.175781,-0.201416015625
32.177734,0.201416015625
32.179688,1.007080078125
32.181641,1.812744140625
32.183594,2.81982421875
32.185547,3.826904296875
32.1875,4.632568359375
32.189453,5.23681640625
32.191406,5.841064453125
32.193359,6.04248046875
32.195312,6.04248046875
32.197266,5.6396484375
32.199219,0.40283203125
32.201172,-0.40283203125
32.203125,-1.409912109375
32.205078,-2.4169921875
32.207031,-3.22265625
32.208984,-4.0283203125
32.210938,-4.833984375
32.212891,-5.23681640625
32.214844,-7.65380859375
32.216797,-7.452392578125
32.21875,-7.049560546875
32.220703,-6.4453125
32.222656,-5.6396484375
32.224609,-4.632568359375
32.226562,-3.62548828125
32.228516,-2.81982421875
32.230469,0.0
32.232422,0.604248046875
32.234375,1.007080078125
32.236328,1.007080078125
32.238281,0.8056640625
32.240234,0.201416015625
32.242188,-0.40283203125
32.244141,-1.409912109375
32.246094,-2.215576171875
32.248047,0.8056640625
32.25,0.0
32.251953,-0.8056640625
32.253906,-1.20849609375
32.255859,-1.409912109375
32.257812,-1.409912109375
32.259766,-1.007080078125
32.261719,5.6396484375
32.263672,6.4453125
32.265625,7.452392578125
32.267578,8.45947265625
32.269531,9.26513671875
32.271484,10.07080078125
32.273438,10.87646484375
32.275391,11.279296875
32.277344,18.328857421875
32.279297,18.12744140625
32.28125,17.724609375
32.283203,17.120361328125
32.285156,16.314697265625
32.287109,15.3076171875
32.289062,14.501953125
32.291016,13.29345703125
32.292969,12.48779296875
32.294922,11.480712890625
32.296875,8.45947265625
32.298828,34.442138671875
32.300781,23.162841796875
32.302734,22.357177734375
32.304688,36.456298828125
32.306641,39.07470703125
32.308594,19.3359375
32.310547,33.636474609375
32.3125,9.26513671875
32.314453,27.593994140625
32.316406,36.053466796875
32.318359,-26.385498046875
32.320312,55.389404296875
32.322266,5.6396484375
32.324219,94.061279296875
32.326172,-94.2626953125
32.328125,34.24072265625
32.330078,1.409912109375
32.332031,-16.314697265625
32.333984,9.26513671875
32.335938,-64.85595703125
32.337891,32.427978515625
32.339844,118.83544921875
32.341797,-25.579833984375
32.34375,92.852783203125
32.345703,-4.632568359375
32.347656,69.488525390625
32.349609,9.26513671875
32.351562,60.223388671875
32.353516,-9.66796875
32.355469,-87.213134765625
32.357422,131.524658203125
32.359375,49.1455078125
32.361328,30.21240234375
32.363281,-53.173828125
32.365234,37.261962890625
32.367188,69.085693359375
32.369141,97.4853515625
32.371094,63.6474609375
32.373047,-37.664794921875
32.375,10.675048828125
32.376953,-53.57666015625
32.378906,31.01806640625
32.380859,-79.156494140625
32.382812,78.350830078125
32.384766,41.89453125
32.386719,-6.646728515625
32.388672,78.350830078125
32.390625,10.07080078125
32.392578,97.283935546875
32.394531,7.2509765625
32.396484,-2.4169921875
32.398438,110.174560546875
32.400391,-38.671875
32.402344,-112.188720703125
32.404297,-126.08642578125
32.40625,10.07080078125
32.408203,-84.5947265625
32.410156,-126.4892578125
32.412109,67.071533203125
32.414062,-72.308349609375
32.416016,-17.926025390625
32.417969,-34.24072265625
32.419922,-51.96533203125
32.421875,-48.541259765625
32.423828,-43.90869140625
32.425781,-42.29736328125
32.427734,-69.68994140625
32.429688,-122.4609375
32.431641,31.01806640625
32.433594,3.62548828125
32.435547,32.62939453125
32.4375,-23.3642578125
32.439453,28.399658203125
32.441406,74.9267578125
32.443359,-25.579833984375
32.445312,-12.0849609375
32.447266,-53.778076171875
32.449219,-24.57275390625
32.451172,16.9189453125
32.453125,9.26513671875
32.455078,30.816650390625
32.457031,-97.08251953125
32.458984,-63.446044921875
32.460938,-97.686767578125
32.462891,-70.8984375
32.464844,-34.039306640625
32.466797,-48.944091796875
32.46875,-20.947265625
32.470703,-19.73876953125
32.472656,21.148681640625
32.474609,67.071533203125
32.476562,17.120361328125
32.478516,-51.5625
32.480469,-19.134521484375
32.482422,46.929931640625
32.484375,148.443603515625
32.486328,19.73876953125
32.488281,19.537353515625
32.490234,19.134521484375
32.492188,18.328857421875
32.494141,17.523193359375
32.496094,16.51611328125
32.498047,20.947265625
32.5,20.1416015625
32.501953,19.3359375
32.503906,18.93310546875
32.505859,18.731689453125
32.507812,18.731689453125
32.509766,19.134521484375
32.511719,19.537353515625
32.513672,20.343017578125
32.515625,23.968505859375
32.517578,24.9755859375
32.519531,25.982666015625
32.521484,26.788330078125
32.523438,27.392578125
32.525391,27.79541015625
32.527344,27.996826171875
32.529297,25.37841796875
32.53125,24.9755859375
32.533203,24.169921875
32.535156,23.3642578125
32.537109,22.55859375
32.539062,21.551513671875
32.541016,20.54443359375
32.542969,19.73876953125
32.544922,19.3359375
32.546875,15.106201171875
32.548828,15.106201171875
32.550781,15.3076171875
32.552734,15.911865234375
32.554688,16.51611328125
32.556641,17.523193359375
32.558594,18.5302734375
32.560547,19.3359375
32.5625,13.494873046875
32.564453,14.09912109375
32.566406,7.855224609375
32.568359,8.056640625
32.570312,7.855224609375
32.572266,7.65380859375
32.574219,7.049560546875
32.576172,6.243896484375
32.578125,5.438232421875
32.580078,4.43115234375
32.582031,3.424072265625
32.583984,2.618408203125
32.585938,2.01416015625
32.587891,1.611328125
32.589844,1.409912109375
32.591797,1.611328125
32.59375,2.01416015625
32.595703,-3.021240234375
32.597656,-2.215576171875
32.599609,-1.20849609375
32.601562,-0.201416015625
32.603516,0.604248046875
32.605469,1.409912109375
32.607422,2.01416015625
32.609375,-1.007080078125
32.611328,-0.8056640625
32.613281,-1.20849609375
32.615234,-1.611328125
32.617188,-2.4169921875
32.619141,-3.22265625
32.621094,-4.229736328125
32.623047,-5.23681640625
32.625,-6.04248046875
32.626953,-6.4453125
32.628906,-6.84814453125
32.630859,-7.049560546875
32.632812,-7.049560546875
32.634766,-6.646728515625
32.636719,-6.04248046875
32.638672,-5.23681640625
32.640625,-4.43115234375
32.642578,0.201416015625
32.644531,1.20849609375
32.646484,2.01416015625
32.648438,2.618408203125
32.650391,3.021240234375
32.652344,3.22265625
32.654297,3.021240234375
32.65625,9.26513671875
32.658203,8.660888671875
32.660156,7.855224609375
32.662109,6.84814453125
32.664062,5.841064453125
32.666016,5.035400390625
32.667969,4.229736328125
32.669922,3.62548828125
32.671875,3.22265625
32.673828,10.272216796875
32.675781,10.4736328125
32.677734,10.87646484375
32.679688,11.68212890625
32.681641,12.48779296875
32.683594,13.494873046875
32.685547,14.501953125
32.6875,15.3076171875
32.689453,16.11328125
32.691406,22.760009765625
32.693359,22.96142578125
32.695312,22.96142578125
32.697266,22.55859375
32.699219,22.15576171875
32.701172,21.35009765625
32.703125,20.343017578125
32.705078,23.565673828125
32.707031,22.55859375
32.708984,21.7529296875
32.710938,21.148681640625
32.712891,20.745849609375
32.714844,20.54443359375
32.716797,20.745849609375
32.71875,21.148681640625
32.720703,21.7529296875
32.722656,22.55859375
32.724609,23.565673828125
32.726562,24.57275390625
32.728516,25.37841796875
32.730469,26.18408203125
32.732422,26.788330078125
32.734375,27.191162109375
32.736328,24.9755859375
32.738281,24.774169921875
32.740234,24.169921875
32.742188,23.565673828125
32.744141,22.55859375
32.746094,21.7529296875
32.748047,20.745849609375
32.75,19.940185546875
32.751953,12.689208984375
32.753906,12.0849609375
32.755859,11.883544921875
32.757812,11.883544921875
32.759766,12.286376953125
32.761719,7.65380859375
32.763672,8.258056640625
32.765625,9.26513671875
32.767578,10.272216796875
32.769531,11.077880859375
32.771484,12.0849609375
32.773438,12.689208984375
32.775391,13.092041015625
32.777344,13.29345703125
32.779297,13.092041015625
32.78125,12.689208984375
32.783203,12.0849609375
32.785156,4.229736328125
32.787109,3.22265625
32.789062,2.215576171875
32.791016,1.409912109375
32.792969,0.604248046875
32.794922,0.0
32.796875,-0.201416015625
32.798828,-0.40283203125
32.800781,-0.201416015625
32.802734,0.40283203125
32.804688,1.007080078125
32.806641,2.01416015625
32.808594,3.021240234375
32.810547,3.826904296875
32.8125,-2.618408203125
32.814453,-1.812744140625
32.816406,-1.409912109375
32.818359,-1.20849609375
32.820312,-1.20849609375
32.822266,-1.409912109375
32.824219,-2.01416015625
32.826172,-2.81982421875
32.828125,-3.826904296875
32.830078,-4.632568359375
32.832031,-3.62548828125
32.833984,-4.43115234375
32.835938,-5.23681640625
32.837891,-5.6396484375
32.839844,-5.6396484375
32.841797,-5.6396484375
32.84375,-5.23681640625
32.845703,-4.43115234375
32.847656,0.40283203125
32.849609,1.409912109375
32.851562,2.4169921875
32.853516,3.22265625
32.855469,4.0283203125
32.857422,4.632568359375
32.859375,5.035400390625
32.861328,5.035400390625
32.863281,11.077880859375
32.865234,10.675048828125
32.867188,9.869384765625
32.869141,9.063720703125
32.871094,8.056640625
32.873047,7.049560546875
32.875,6.243896484375
32.876953,5.438232421875
32.878906,12.0849609375
32.880859,11.883544921875
32.882812,11.883544921875
32.884766,12.286376953125
32.886719,12.890625
32.888672,13.6962890625
32.890625,14.501953125
32.892578,15.509033203125
32.894531,21.7529296875
32.896484,22.55859375
32.898438,23.162841796875
32.900391,23.565673828125
32.902344,23.76708984375
32.904297,23.565673828125
32.90625,23.162841796875
32.908203,22.55859375
32.910156,21.7529296875
32.912109,20.745849609375
32.914062,19.73876953125
32.916016,18.93310546875
32.917969,18.12744140625
32.919922,17.523193359375
32.921875,19.940185546875
32.923828,19.940185546875
32.925781,20.1416015625
32.927734,20.745849609375
32.929688,21.551513671875
32.931641,22.357177734375
32.933594,23.3642578125
32.935547,24.169921875
32.9375,25.177001953125
32.939453,25.78125
32.941406,26.385498046875
32.943359,22.96142578125
32.945312,22.96142578125
32.947266,22.55859375
32.949219,21.954345703125
32.951172,21.148681640625
32.953125,20.343017578125
32.955078,19.3359375
32.957031,12.286376953125
32.958984,11.279296875
32.960938,10.675048828125
32.962891,10.272216796875
32.964844,10.07080078125
32.966797,10.272216796875
32.96875,10.675048828125
32.970703,11.279296875
32.972656,12.286376953125
32.974609,6.243896484375
32.976562,7.2509765625
32.978516,8.056640625
32.980469,8.8623046875
32.982422,9.466552734375
32.984375,9.869384765625
32.986328,9.869384765625
32.988281,9.66796875
32.990234,3.22265625
32.992188,2.4169921875
32.994141,1.611328125
32.996094,0.604248046875
32.998047,-0.201416015625
33.0,-1.20849609375
33.001953,-1.812744140625
33.003906,-2.4169921875
33.005859,-6.243896484375
33.007812,-6.04248046875
33.009766,-5.841064453125
33.011719,-5.23681640625
33.013672,-4.43115234375
33.015625,-3.62548828125
33.017578,-2.618408203125
33.019531,-1.611328125
33.021484,-0.8056640625
33.023438,-0.201416015625
33.025391,0.201416015625
33.027344,0.40283203125
33.029297,0.201416015625
33.03125,-0.201416015625
33.033203,-1.409912109375
33.035156,0.0
33.037109,-1.007080078125
33.039062,-2.01416015625
33.041016,-2.81982421875
33.042969,-3.62548828125
33.044922,-4.229736328125
33.046875,-4.632568359375
33.048828,-4.632568359375
33.050781,-4.43115234375
33.052734,0.604248046875
33.054688,1.409912109375
33.056641,2.215576171875
33.058594,3.22265625
33.060547,4.0283203125
33.0625,5.035400390625
33.064453,5.6396484375
33.066406,6.243896484375
33.068359,13.092041015625
33.070312,13.092041015625
33.072266,12.890625
33.074219,12.286376953125
33.076172,11.480712890625
33.078125,10.4736328125
33.080078,9.66796875
33.082031,8.660888671875
33.083984,14.501953125
33.085938,13.6962890625
33.087891,13.29345703125
33.089844,13.29345703125
33.091797,13.29345703125
33.09375,13.6962890625
33.095703,14.501953125
33.097656,15.3076171875
33.099609,21.7529296875
33.101562,22.760009765625
33.103516,23.565673828125
33.105469,24.371337890625
33.107422,24.9755859375
33.109375,25.37841796875
33.111328,25.37841796875
33.113281,25.177001953125
33.115234,26.5869140625
33.117188,25.982666015625
33.119141,24.9755859375
33.121094,23.968505859375
33.123047,23.162841796875
33.125,22.15576171875
33.126953,21.551513671875
33.128906,20.947265625
33.130859,20.745849609375
33.132812,20.745849609375
33.134766,21.148681640625
33.136719,21.7529296875
33.138672,20.947265625
33.140625,21.954345703125
33.142578,22.760009765625
33.144531,23.76708984375
33.146484,20.54443359375
33.148438,21.148681640625
33.150391,21.551513671875
33.152344,14.90478515625
33.154297,14.703369140625
33.15625,14.300537109375
33.158203,13.6962890625
33.160156,12.890625
33.162109,11.883544921875
33.164062,11.077880859375
33.166016,10.07080078125
33.167969,9.26513671875
33.169922,8.660888671875
33.171875,8.45947265625
33.173828,8.258056640625
33.175781,8.660888671875
33.177734,9.063720703125
33.179688,9.869384765625
33.181641,8.8623046875
33.183594,4.833984375
33.185547,5.841064453125
33.1875,6.646728515625
33.189453,7.452392578125
33.191406,7.855224609375
33.193359,8.056640625
33.195312,2.618408203125
33.197266,2.215576171875
33.199219,1.812744140625
33.201172,1.007080078125
33.203125,0.0
33.205078,-1.007080078125
33.207031,-1.812744140625
33.208984,-6.4453125
33.210938,-7.049560546875
33.212891,-7.452392578125
33.214844,-7.65380859375
33.216797,-7.452392578125
33.21875,-7.049560546875
33.220703,-6.4453125
33.222656,-5.6396484375
33.224609,-4.632568359375
33.226562,-2.81982421875
33.228516,-2.01416015625
33.230469,-1.20849609375
33.232422,-0.604248046875
33.234375,-0.201416015625
33.236328,-0.201416015625
33.238281,-0.40283203125
33.240234,-1.007080078125
33.242188,-1.611328125
33.244141,-2.618408203125
33.246094,-3.424072265625
33.248047,-4.43115234375
33.25,-5.23681640625
33.251953,-2.81982421875
33.253906,-3.22265625
33.255859,3.22265625
33.257812,3.22265625
33.259766,3.62548828125
33.261719,4.229736328125
33.263672,5.035400390625
33.265625,5.841064453125
33.267578,6.84814453125
33.269531,7.855224609375
33.271484,8.660888671875
33.273438,15.911865234375
33.275391,16.51611328125
33.277344,16.51611328125
33.279297,16.51611328125
33.28125,15.911865234375
33.283203,15.3076171875
33.285156,14.501953125
33.287109,13.494873046875
33.289062,18.731689453125
33.291016,17.926025390625
33.292969,17.120361328125
33.294922,16.51611328125
33.296875,16.314697265625
33.298828,16.11328125
33.300781,16.314697265625
33.302734,16.9189453125
33.304688,21.35009765625
33.306641,22.357177734375
33.308594,23.162841796875
33.310547,24.169921875
33.3125,24.9755859375
33.314453,25.78125
33.316406,26.18408203125
33.318359,26.5869140625
33.320312,27.191162109375
33.322266,26.788330078125
33.324219,26.18408203125
33.326172,25.37841796875
33.328125,24.57275390625
33.330078,23.565673828125
33.332031,22.55859375
33.333984,21.7529296875
33.335938,18.12744140625
33.337891,17.724609375
33.339844,17.523193359375
33.341797,17.724609375
33.34375,18.12744140625
33.345703,18.731689453125
33.347656,15.509033203125
33.349609,16.51611328125
33.351562,17.32177734375
33.353516,18.328857421875
33.355469,19.134521484375
33.357422,19.73876953125
33.359375,19.940185546875
33.361328,20.1416015625
33.363281,19.73876953125
33.365234,19.3359375
33.367188,18.5302734375
33.369141,9.063720703125
33.371094,8.056640625
33.373047,7.049560546875
33.375,6.243896484375
33.376953,5.6396484375
33.378906,5.035400390625
33.380859,4.833984375
33.382812,4.833984375
33.384766,-1.20849609375
33.386719,-0.604248046875
33.388672,0.201416015625
33.390625,1.007080078125
33.392578,2.01416015625
33.394531,3.021240234375
33.396484,3.826904296875
33.398438,4.43115234375
33.400391,1.611328125
33.402344,1.812744140625
33.404297,1.611328125
33.40625,1.20849609375
33.408203,0.604248046875
33.410156,-0.201416015625
33.412109,-1.20849609375
33.414062,-2.215576171875
33.416016,-5.438232421875
33.417969,-6.243896484375
33.419922,-6.84814453125
33.421875,-7.049560546875
33.423828,-7.2509765625
33.425781,-7.049560546875
33.427734,-6.4453125
33.429688,-5.6396484375
33.431641,-4.0283203125
33.433594,-3.021240234375
33.435547,-2.01416015625
33.4375,-1.20849609375
33.439453,-0.40283203125
33.441406,0.0
33.443359,0.201416015625
33.445312,0.201416015625
33.447266,4.43115234375
33.449219,3.826904296875
33.451172,3.021240234375
33.453125,2.01416015625
33.455078,1.20849609375
33.457031,0.201416015625
33.458984,-0.604248046875
33.460938,-1.20849609375
33.462891,-1.611328125
33.464844,-1.812744140625
33.466797,-1.611328125
33.46875,5.438232421875
33.470703,6.04248046875
33.472656,6.84814453125
33.474609,7.855224609375
33.476562,8.8623046875
33.478516,9.66796875
33.480469,10.4736328125
33.482422,11.077880859375
33.484375,11.480712890625
33.486328,16.717529296875
33.488281,18.328857421875
33.490234,17.926025390625
33.492188,17.120361328125
33.494141,22.15576171875
33.496094,21.35009765625
33.498047,20.343017578125
33.5,19.537353515625
33.501953,18.731689453125
33.503906,18.328857421875
33.505859,17.926025390625
33.507812,18.12744140625
33.509766,20.745849609375
33.511719,21.35009765625
33.513672,22.15576171875
33.515625,23.162841796875
33.517578,23.968505859375
33.519531,24.9755859375
33.521484,25.78125
33.523438,26.385498046875
33.525391,26.788330078125
33.527344,26.788330078125
33.529297,26.5869140625
33.53125,26.18408203125
33.533203,25.579833984375
33.535156,24.774169921875
33.537109,23.76708984375
33.539062,22.760009765625
33.541016,18.12744140625
33.542969,11.077880859375
33.544922,10.675048828125
33.546875,10.272216796875
33.548828,10.272216796875
33.550781,10.4736328125
33.552734,10.87646484375
33.554688,11.68212890625
33.556641,12.48779296875
33.558594,13.494873046875
33.560547,14.501953125
33.5625,15.3076171875
33.564453,16.11328125
33.566406,16.51611328125
33.568359,16.717529296875
33.570312,16.717529296875
33.572266,16.314697265625
33.574219,13.897705078125
33.576172,8.056640625
33.578125,7.049560546875
33.580078,6.04248046875
33.582031,5.23681640625
33.583984,4.229736328125
33.585938,3.62548828125
33.587891,-1.409912109375
33.589844,-1.611328125
33.591797,-1.409912109375
33.59375,-1.007080078125
33.595703,-0.40283203125
33.597656,0.40283203125
33.599609,1.409912109375
33.601562,2.4169921875
33.603516,-2.01416015625
33.605469,-1.20849609375
33.607422,-0.604248046875
33.609375,-0.201416015625
33.611328,-0.201416015625
33.613281,-0.40283203125
33.615234,-1.007080078125
33.617188,-1.611328125
33.619141,-2.618408203125
33.621094,-4.0283203125
33.623047,-5.035400390625
33.625,-6.04248046875
33.626953,-6.646728515625
33.628906,-7.2509765625
33.630859,-7.452392578125
33.632812,-7.452392578125
33.634766,-4.632568359375
33.636719,-4.0283203125
33.638672,-3.22265625
33.640625,-2.4169921875
33.642578,-1.409912109375
33.644531,-0.40283203125
33.646484,0.40283203125
33.648438,1.007080078125
33.650391,1.409912109375
33.652344,6.04248046875
33.654297,6.04248046875
33.65625,5.6396484375
33.658203,4.833984375
33.660156,4.0283203125
33.662109,3.22265625
33.664062,2.215576171875
33.666016,1.20849609375
33.667969,7.65380859375
33.669922,7.049560546875
33.671875,6.646728515625
33.673828,6.646728515625
33.675781,6.84814453125
33.677734,7.2509765625
33.679688,8.056640625
33.681641,8.8623046875
33.683594,9.869384765625
33.685547,10.87646484375
33.6875,11.68212890625
33.689453,12.48779296875
33.691406,16.51611328125
33.693359,20.1416015625
33.695312,20.1416015625
33.697266,19.73876953125
33.699219,24.371337890625
33.701172,23.565673828125
33.703125,22.760009765625
33.705078,21.7529296875
33.707031,20.745849609375
33.708984,19.940185546875
33.710938,19.3359375
33.712891,18.93310546875
33.714844,20.54443359375
33.716797,20.745849609375
33.71875,21.148681640625
33.720703,21.7529296875
33.722656,22.55859375
33.724609,23.565673828125
33.726562,24.57275390625
33.728516,25.37841796875
33.730469,25.37841796875
33.732422,25.982666015625
33.734375,26.18408203125
33.736328,26.18408203125
33.738281,21.551513671875
33.740234,20.947265625
33.742188,20.1416015625
33.744141,19.3359375
33.746094,18.328857421875
33.748047,17.523193359375
33.75,16.51611328125
33.751953,15.911865234375
33.753906,15.3076171875
33.755859,15.106201171875
33.757812,15.106201171875
33.759766,15.509033203125
33.761719,16.11328125
33.763672,10.07080078125
33.765625,10.87646484375
33.767578,11.883544921875
33.769531,12.890625
33.771484,13.6962890625
33.773438,14.300537109375
33.775391,14.703369140625
33.777344,14.90478515625
33.779297,14.703369140625
33.78125,14.300537109375
33.783203,13.6962890625
33.785156,12.890625
33.787109,11.883544921875
33.789062,3.826904296875
33.791016,3.021240234375
33.792969,2.215576171875
33.794922,1.611328125
33.796875,-4.43115234375
33.798828,-4.43115234375
33.800781,-4.229736328125
33.802734,-3.62548828125
33.804688,-3.021240234375
33.806641,-2.01416015625
33.808594,-1.20849609375
33.810547,-2.618408203125
33.8125,-1.611328125
33.814453,-1.007080078125
33.816406,-0.40283203125
33.818359,-0.201416015625
33.820312,-0.201416015625
33.822266,-0.604248046875
33.824219,-1.20849609375
33.826172,-2.01416015625
33.828125,-3.021240234375
33.830078,-4.0283203125
33.832031,-4.833984375
33.833984,-5.6396484375
33.835938,-6.4453125
33.837891,-6.84814453125
33.839844,-6.84814453125
33.841797,-3.021240234375
33.84375,-2.618408203125
33.845703,-1.812744140625
33.847656,-1.007080078125
33.849609,-0.201416015625
33.851562,0.8056640625
33.853516,1.812744140625
33.855469,2.4169921875
33.857422,9.466552734375
33.859375,9.869384765625
33.861328,9.869384765625
33.863281,9.66796875
33.865234,9.063720703125
33.867188,8.45947265625
33.869141,7.452392578125
33.871094,6.4453125
33.873047,12.48779296875
33.875,11.68212890625
33.876953,11.077880859375
33.878906,10.4736328125
33.880859,10.272216796875
33.882812,10.272216796875
33.884766,10.675048828125
33.886719,11.279296875
33.888672,11.883544921875
33.890625,12.890625
33.892578,13.897705078125
33.894531,14.703369140625
33.896484,15.71044921875
33.898438,16.314697265625
33.900391,22.760009765625
33.902344,22.96142578125
33.904297,26.98974609375
33.90625,26.5869140625
33.908203,25.78125
33.910156,24.9755859375
33.912109,24.169921875
33.914062,23.162841796875
33.916016,22.15576171875
33.917969,21.35009765625
33.919922,20.947265625
33.921875,20.947265625
33.923828,20.745849609375
33.925781,21.148681640625
33.927734,21.551513671875
33.929688,22.357177734375
33.931641,23.162841796875
33.933594,20.54443359375
33.935547,21.551513671875
33.9375,22.357177734375
33.939453,23.162841796875
33.941406,23.565673828125
33.943359,23.968505859375
33.945312,23.76708984375
33.947266,23.565673828125
33.949219,22.96142578125
33.951172,22.15576171875
33.953125,21.148681640625
33.955078,14.90478515625
33.957031,13.897705078125
33.958984,13.092041015625
33.960938,12.48779296875
33.962891,12.0849609375
33.964844,11.883544921875
33.966797,12.0849609375
33.96875,5.438232421875
33.970703,6.04248046875
33.972656,6.84814453125
33.974609,7.855224609375
33.976562,8.8623046875
33.978516,9.66796875
33.980469,10.4736328125
33.982422,11.077880859375
33.984375,11.279296875
33.986328,5.23681640625
33.988281,5.035400390625
33.990234,4.43115234375
33.992188,3.826904296875
33.994141,2.81982421875
33.996094,2.01416015625
33.998047,1.007080078125
34.0,0.201416015625
34.001953,-0.604248046875
34.003906,-1.007080078125
34.005859,-1.409912109375
34.007812,-1.20849609375
34.009766,-1.007080078125
34.011719,-5.438232421875
34.013672,-4.632568359375
34.015625,-3.826904296875
34.017578,-4.0283203125
34.019531,-3.021240234375
34.021484,-2.215576171875
34.023438,-1.611328125
34.025391,-1.20849609375
34.027344,-1.007080078125
34.029297,-1.20849609375
34.03125,-1.611328125
34.033203,-2.215576171875
34.035156,-0.40283203125
34.037109,-1.409912109375
34.039062,-2.215576171875
34.041016,-3.22265625
34.042969,-4.0283203125
34.044922,-4.632568359375
34.046875,-4.833984375
34.048828,-5.035400390625
34.050781,0.40283203125
34.052734,0.8056640625
34.054688,1.611328125
34.056641,2.4169921875
34.058594,3.424072265625
34.060547,4.43115234375
34.0625,5.23681640625
34.064453,6.04248046875
34.066406,9.26513671875
34.068359,13.092041015625
34.070312,13.092041015625
34.072266,12.890625
34.074219,12.286376953125
34.076172,11.480712890625
34.078125,10.4736328125
34.080078,14.90478515625
34.082031,13.897705078125
34.083984,13.092041015625
34.085938,12.48779296875
34.087891,12.0849609375
34.089844,11.883544921875
34.091797,12.0849609375
34.09375,12.48779296875
34.095703,19.134521484375
34.097656,19.940185546875
34.099609,20.947265625
34.101562,21.954345703125
34.103516,22.760009765625
34.105469,23.565673828125
34.107422,24.169921875
34.109375,24.371337890625
34.111328,24.57275390625
34.113281,24.169921875
34.115234,23.76708984375
34.117188,22.96142578125
34.119141,22.15576171875
34.121094,21.148681640625
34.123047,21.954345703125
34.125,21.148681640625
34.126953,20.343017578125
34.128906,16.51611328125
34.130859,16.11328125
34.132812,16.314697265625
34.134766,16.51611328125
34.136719,17.120361328125
34.138672,17.926025390625
34.140625,18.731689453125
34.142578,19.73876953125
34.144531,20.745849609375
34.146484,21.551513671875
34.148438,22.15576171875
34.150391,22.55859375
34.152344,22.760009765625
34.154297,22.55859375
34.15625,22.15576171875
34.158203,21.551513671875
34.160156,14.703369140625
34.162109,13.6962890625
34.164062,12.890625
34.166016,11.883544921875
34.167969,11.077880859375
34.169922,10.4736328125
34.171875,3.22265625
34.173828,3.22265625
34.175781,3.424072265625
34.177734,4.0283203125
34.179688,4.632568359375
34.181641,5.6396484375
34.183594,6.4453125
34.185547,7.452392578125
34.1875,1.812744140625
34.189453,2.618408203125
34.191406,3.021240234375
34.193359,3.424072265625
34.195312,3.22265625
34.197266,3.021240234375
34.199219,2.4169921875
34.201172,1.611328125
34.203125,0.8056640625
34.205078,-4.0283203125
34.207031,-5.035400390625
34.208984,-5.841064453125
34.210938,-6.4453125
34.212891,-6.84814453125
34.214844,-7.049560546875
34.216797,-6.84814453125
34.21875,-6.4453125
34.220703,-5.841064453125
34.222656,-5.035400390625
34.224609,-4.0283203125
34.226562,-3.021240234375
34.228516,-2.215576171875
34.230469,-1.409912109375
34.232422,-0.8056640625
34.234375,2.4169921875
34.236328,2.4169921875
34.238281,2.215576171875
34.240234,1.812744140625
34.242188,1.007080078125
34.244141,0.201416015625
34.246094,-0.8056640625
34.248047,-1.812744140625
34.25,-2.618408203125
34.251953,-3.424072265625
34.253906,1.812744140625
34.255859,1.611328125
34.257812,1.611328125
34.259766,2.01416015625
34.261719,2.4169921875
34.263672,3.22265625
34.265625,4.229736328125
34.267578,5.23681640625
34.269531,12.890625
34.271484,13.6962890625
34.273438,14.300537109375
34.275391,14.703369140625
34.277344,14.90478515625
34.279297,14.703369140625
34.28125,14.300537109375
34.283203,13.6962890625
34.285156,14.90478515625
34.287109,18.328857421875
34.289062,17.32177734375
34.291016,16.314697265625
34.292969,15.71044921875
34.294922,15.106201171875
34.296875,14.703369140625
34.298828,14.703369140625
34.300781,19.940185546875
34.302734,20.54443359375
34.304688,21.148681640625
34.306641,22.15576171875
34.308594,22.96142578125
34.310547,23.968505859375
34.3125,24.9755859375
34.314453,25.579833984375
34.316406,27.191162109375
34.318359,27.392578125
34.320312,27.392578125
34.322266,26.98974609375
34.324219,23.968505859375
34.326172,23.162841796875
34.328125,22.357177734375
34.330078,21.35009765625
34.332031,20.343017578125
34.333984,19.537353515625
34.335938,18.93310546875
34.337891,18.5302734375
34.339844,18.328857421875
34.341797,18.5302734375
34.34375,18.93310546875
34.345703,19.537353515625
34.347656,20.343017578125
34.349609,21.35009765625
34.351562,17.120361328125
34.353516,17.926025390625
34.355469,18.731689453125
34.357422,19.3359375
34.359375,19.73876953125
34.361328,19.73876953125
34.363281,19.537353515625
34.365234,12.48779296875
34.367188,11.68212890625
34.369141,10.87646484375
34.371094,9.869384765625
34.373047,8.8623046875
34.375,8.056640625
34.376953,7.2509765625
34.378906,6.84814453125
34.380859,0.0
34.382812,0.201416015625
34.384766,0.40283203125
34.386719,1.007080078125
34.388672,1.812744140625
34.390625,2.81982421875
34.392578,3.62548828125
34.394531,4.632568359375
34.396484,-0.40283203125
34.398438,0.201416015625
34.400391,0.604248046875
34.402344,0.8056640625
34.404297,0.604248046875
34.40625,0.201416015625
34.408203,-0.40283203125
34.410156,-1.409912109375
34.412109,-3.826904296875
34.414062,-4.833984375
34.416016,-5.6396484375
34.417969,-6.4453125
34.419922,-7.049560546875
34.421875,-7.452392578125
34.423828,-7.452392578125
34.425781,-7.2509765625
34.427734,-6.4453125
34.429688,-5.6396484375
34.431641,-4.833984375
34.433594,-3.826904296875
34.435547,-2.81982421875
34.4375,-2.01416015625
34.439453,-1.20849609375
34.441406,-0.8056640625
34.443359,-0.604248046875
34.445312,-0.604248046875
34.447266,-1.007080078125
34.449219,-1.409912109375
34.451172,-2.215576171875
34.453125,0.604248046875
34.455078,-0.201416015625
34.457031,5.035400390625
34.458984,4.229736328125
34.460938,3.62548828125
34.462891,3.22265625
34.464844,3.021240234375
34.466797,3.22265625
34.46875,3.62548828125
34.470703,4.229736328125
34.472656,5.035400390625
34.474609,13.29345703125
34.476562,14.09912109375
34.478516,15.106201171875
34.480469,15.911865234375
34.482422,16.51611328125
34.484375,16.717529296875
34.486328,16.717529296875
34.488281,16.51611328125
34.490234,16.11328125
34.492188,21.551513671875
34.494141,20.54443359375
34.496094,19.73876953125
34.498047,18.731689453125
34.5,17.724609375
34.501953,17.120361328125
34.503906,16.51611328125
34.505859,16.314697265625
34.507812,19.940185546875
34.509766,20.343017578125
34.511719,20.947265625
34.513672,21.551513671875
34.515625,22.55859375
34.517578,23.565673828125
34.519531,24.57275390625
34.521484,25.37841796875
34.523438,25.982666015625
34.525391,26.385498046875
34.527344,26.5869140625
34.529297,26.385498046875
34.53125,25.982666015625
34.533203,25.37841796875
34.535156,24.57275390625
34.537109,23.565673828125
34.539062,20.54443359375
34.541016,19.73876953125
34.542969,18.93310546875
34.544922,18.328857421875
34.546875,17.926025390625
34.548828,17.926025390625
34.550781,18.12744140625
34.552734,18.731689453125
34.554688,19.3359375
34.556641,20.343017578125
34.558594,21.35009765625
34.560547,22.15576171875
34.5625,23.162841796875
34.564453,23.76708984375
34.566406,11.279296875
34.568359,11.480712890625
34.570312,11.480712890625
34.572266,11.077880859375
34.574219,10.4736328125
34.576172,9.66796875
34.578125,8.8623046875
34.580078,7.855224609375
34.582031,6.84814453125
34.583984,-0.40283203125
34.585938,-1.20849609375
34.587891,-1.611328125
34.589844,-1.611328125
34.591797,-1.611328125
34.59375,-1.20849609375
34.595703,-0.40283203125
34.597656,0.40283203125
34.599609,1.20849609375
34.601562,-2.81982421875
34.603516,-1.812744140625
34.605469,-1.007080078125
34.607422,-0.40283203125
34.609375,-0.201416015625
34.611328,0.0
34.613281,-0.40283203125
34.615234,-0.8056640625
34.617188,-2.618408203125
34.619141,-3.424072265625
34.621094,-4.43115234375
34.623047,-5.438232421875
34.625,-6.243896484375
34.626953,-7.049560546875
34.628906,-7.452392578125
34.630859,-7.65380859375
34.632812,-7.65380859375
34.634766,-5.23681640625
34.636719,-4.632568359375
34.638672,-3.826904296875
34.640625,-3.021240234375
34.642578,-2.01416015625
34.644531,-1.007080078125
34.646484,-0.201416015625
34.648438,0.40283203125
34.650391,6.4453125
34.652344,6.4453125
34.654297,6.4453125
34.65625,6.04248046875
34.658203,5.23681640625
34.660156,4.43115234375
34.662109,3.424072265625
34.664062,2.618408203125
34.666016,8.258056640625
34.667969,7.65380859375
34.669922,7.049560546875
34.671875,6.646728515625
34.673828,6.646728515625
34.675781,6.84814453125
34.677734,7.2509765625
34.679688,14.703369140625
34.681641,15.509033203125
34.683594,16.51611328125
34.685547,17.523193359375
34.6875,18.328857421875
34.689453,19.134521484375
34.691406,19.537353515625
34.693359,19.73876953125
34.695312,19.73876953125
34.697266,19.3359375
34.699219,22.96142578125
34.701172,22.15576171875
34.703125,21.35009765625
34.705078,20.343017578125
34.707031,19.3359375
34.708984,18.5302734375
34.710938,17.926025390625
34.712891,21.148681640625
34.714844,19.537353515625
34.716797,19.537353515625
34.71875,20.1416015625
34.720703,20.745849609375
34.722656,21.551513671875
34.724609,22.55859375
34.726562,23.3642578125
34.728516,24.371337890625
34.730469,25.177001953125
34.732422,25.78125
34.734375,25.982666015625
34.736328,25.982666015625
34.738281,25.78125
34.740234,25.37841796875
34.742188,24.57275390625
34.744141,23.76708984375
34.746094,19.537353515625
34.748047,18.5302734375
34.75,17.724609375
34.751953,16.9189453125
34.753906,16.51611328125
34.755859,16.314697265625
34.757812,16.314697265625
34.759766,10.4736328125
34.761719,11.077880859375
34.763672,11.883544921875
34.765625,12.689208984375
34.767578,13.6962890625
34.769531,14.703369140625
34.771484,15.509033203125
34.773438,16.11328125
34.775391,16.51611328125
34.777344,16.717529296875
34.779297,16.51611328125
34.78125,16.11328125
34.783203,15.509033203125
34.785156,14.703369140625
34.787109,13.6962890625
34.789062,-0.40283203125
34.791016,-1.409912109375
34.792969,-2.215576171875
34.794922,-2.618408203125
34.796875,-3.021240234375
34.798828,-3.021240234375
34.800781,-2.81982421875
34.802734,-2.4169921875
34.804688,-1.611328125
34.806641,-0.8056640625
34.808594,-3.021240234375
34.810547,-2.01416015625
34.8125,-1.20849609375
34.814453,-0.40283203125
34.816406,0.0
34.818359,0.201416015625
34.820312,0.201416015625
34.822266,0.0
34.824219,-1.611328125
34.826172,-2.4169921875
34.828125,-3.22265625
34.830078,-4.229736328125
34.832031,-5.23681640625
34.833984,-6.04248046875
34.835938,-6.646728515625
34.837891,-7.049560546875
34.839844,-4.833984375
34.841797,-4.632568359375
34.84375,-4.229736328125
34.845703,-3.62548828125
34.847656,-2.81982421875
34.849609,-1.812744140625
34.851562,-0.8056640625
34.853516,0.0
34.855469,6.84814453125
34.857422,7.452392578125
34.859375,7.65380859375
34.861328,7.65380859375
34.863281,7.452392578125
34.865234,7.049560546875
34.867188,6.243896484375
34.869141,5.438232421875
34.871094,11.68212890625
34.873047,10.675048828125
34.875,9.869384765625
34.876953,9.26513671875
34.878906,8.660888671875
34.880859,8.45947265625
34.882812,8.45947265625
34.884766,8.8623046875
34.886719,9.466552734375
34.888672,10.272216796875
34.890625,11.077880859375
34.892578,12.0849609375
34.894531,13.092041015625
34.896484,20.1416015625
34.898438,20.745849609375
34.900391,25.37841796875
34.902344,25.37841796875
34.904297,25.37841796875
34.90625,24.9755859375
34.908203,24.169921875
34.910156,25.37841796875
34.912109,24.371337890625
34.914062,23.3642578125
34.916016,22.55859375
34.917969,21.7529296875
34.919922,21.148681640625
34.921875,20.947265625
34.923828,20.745849609375
34.925781,20.947265625
34.927734,21.551513671875
34.929688,22.357177734375
34.931641,23.162841796875
34.933594,24.169921875
34.935547,22.760009765625
34.9375,23.76708984375
34.939453,24.371337890625
34.941406,24.9755859375
34.943359,25.177001953125
34.945312,25.177001953125
34.947266,24.774169921875
34.949219,18.731689453125
34.951172,17.926025390625
34.953125,17.120361328125
34.955078,16.11328125
34.957031,15.106201171875
34.958984,14.300537109375
34.960938,13.6962890625
34.962891,13.29345703125
34.964844,6.646728515625
34.966797,6.646728515625
34.96875,7.2509765625
34.970703,7.855224609375
34.972656,8.660888671875
34.974609,9.66796875
34.976562,10.4736328125
34.978516,11.480712890625
34.980469,12.286376953125
34.982422,7.452392578125
34.984375,6.646728515625
34.986328,6.646728515625
34.988281,6.4453125
34.990234,5.841064453125
34.992188,5.23681640625
34.994141,4.229736328125
34.996094,3.424072265625
34.998047,2.4169921875
35.0,1.611328125
35.001953,0.8056640625
35.003906,0.201416015625
35.005859,0.0
35.007812,-3.826904296875
35.009766,-6.646728515625
35.011719,-6.04248046875
35.013672,-5.23681640625
35.015625,-4.43115234375
35.017578,-3.424072265625
35.019531,-2.4169921875
35.021484,-1.611328125
35.023438,-1.007080078125
35.025391,-0.604248046875
35.027344,-0.40283203125
35.029297,-0.8056640625
35.03125,-1.20849609375
35.033203,-2.01416015625
35.035156,-2.81982421875
35.037109,-3.62548828125
35.039062,-4.632568359375
35.041016,-5.6396484375
35.042969,-6.4453125
35.044922,-4.229736328125
35.046875,-3.22265625
35.048828,-3.22265625
35.050781,-3.021240234375
35.052734,-2.618408203125
35.054688,-1.812744140625
35.056641,-1.007080078125
35.058594,0.0
35.060547,7.452392578125
35.0625,8.258056640625
35.064453,9.063720703125
35.066406,9.466552734375
35.068359,9.66796875
35.070312,9.66796875
35.072266,9.26513671875
35.074219,8.8623046875
35.076172,14.703369140625
35.078125,13.897705078125
35.080078,12.890625
35.082031,11.883544921875
35.083984,11.077880859375
35.085938,10.4736328125
35.087891,10.07080078125
35.089844,9.869384765625
35.091797,16.51611328125
35.09375,16.9189453125
35.095703,17.724609375
35.097656,18.5302734375
35.099609,19.3359375
35.101562,20.343017578125
35.103516,21.35009765625
35.105469,25.177001953125
35.107422,25.579833984375
35.109375,25.982666015625
35.111328,25.982666015625
35.113281,25.78125
35.115234,25.37841796875
35.117188,24.57275390625
35.119141,23.76708984375
35.121094,22.760009765625
35.123047,21.7529296875
35.125,20.947265625
35.126953,21.7529296875
35.128906,21.35009765625
35.130859,21.148681640625
35.132812,21.148681640625
35.134766,21.35009765625
35.136719,21.954345703125
35.138672,19.134521484375
35.140625,20.1416015625
35.142578,21.148681640625
35.144531,21.954345703125
35.146484,22.760009765625
35.148438,23.565673828125
35.150391,23.968505859375
35.152344,23.968505859375
35.154297,18.5302734375
35.15625,17.926025390625
35.158203,17.32177734375
35.160156,16.51611328125
35.162109,15.509033203125
35.164062,14.703369140625
35.166016,13.6962890625
35.167969,12.890625
35.169922,5.23681640625
35.171875,4.833984375
35.173828,4.833984375
35.175781,5.035400390625
35.177734,5.6396484375
35.179688,6.243896484375
35.181641,7.2509765625
35.183594,8.056640625
35.185547,2.215576171875
35.1875,3.021240234375
35.189453,3.826904296875
35.191406,4.229736328125
35.193359,4.43115234375
35.195312,4.43115234375
35.197266,4.0283203125
35.199219,3.424072265625
35.201172,2.81982421875
35.203125,-2.215576171875
35.205078,-3.22265625
35.207031,-4.0283203125
35.208984,-4.833984375
35.210938,-5.6396484375
35.212891,-6.04248046875
35.214844,-6.04248046875
35.216797,-6.04248046875
35.21875,-5.6396484375
35.220703,-4.833984375
35.222656,-4.0283203125
35.224609,-4.632568359375
35.226562,-3.826904296875
35.228516,-5.438232421875
35.230469,-7.452392578125
35.232422,-6.84814453125
35.234375,3.62548828125
35.236328,-2.215576171875
35.238281,1.611328125
35.240234,14.501953125
35.242188,14.09912109375
35.244141,-9.063720703125
35.246094,-3.424072265625
35.248047,18.328857421875
35.25,-16.11328125
35.251953,16.717529296875
35.253906,-38.067626953125
35.255859,-52.166748046875
35.257812,-53.375244140625
35.259766,-57.60498046875
35.261719,-78.1494140625
35.263672,-5.841064453125
35.265625,0.0
35.267578,31.622314453125
35.269531,-146.026611328125
35.271484,-81.77490234375
35.273438,202.423095703125
35.275391,-51.96533203125
35.277344,43.90869140625
35.279297,122.662353515625
35.28125,138.97705078125
35.283203,-25.37841796875
35.285156,66.265869140625
35.287109,68.280029296875
35.289062,89.227294921875
35.291016,-2.4169921875
35.292969,-120.44677734375
35.294922,-219.342041015625
35.296875,270.904541015625
35.298828,102.3193359375
35.300781,154.486083984375
35.302734,-169.390869140625
35.304688,12.890625
35.306641,-7.2509765625
35.308594,30.413818359375
35.310547,25.579833984375
35.3125,119.842529296875
35.314453,226.593017578125
35.316406,19.940185546875
35.318359,90.838623046875
35.320312,-55.99365234375
35.322266,119.842529296875
35.324219,142.803955078125
35.326172,112.79296875
35.328125,-45.1171875
35.330078,80.767822265625
35.332031,-214.508056640625
35.333984,64.453125
35.335938,-42.901611328125
35.337891,-123.66943359375
35.339844,100.506591796875
35.341797,-419.549560546875
35.34375,-15.509033203125
35.345703,-190.338134765625
35.347656,204.23583984375
35.349609,42.498779296875
35.351562,-30.010986328125
35.353516,27.392578125
35.355469,6.243896484375
35.357422,-147.235107421875
35.359375,310.1806640625
35.361328,-56.396484375
35.363281,200.6103515625
35.365234,-185.70556640625
35.367188,105.94482421875
35.369141,-103.9306640625
35.371094,137.164306640625
35.373047,93.255615234375
35.375,25.177001953125
35.376953,-93.255615234375
35.378906,-60.4248046875
35.380859,-120.245361328125
35.382812,660.24169921875
35.384766,122.4609375
35.386719,96.075439453125
35.388672,-178.0517578125
35.390625,195.172119140625
35.392578,85.601806640625
35.394531,141.796875
35.396484,-109.5703125
35.398438,-150.25634765625
35.400391,-145.01953125
35.402344,349.658203125
35.404297,-117.425537109375
35.40625,-379.266357421875
35.408203,-202.423095703125
35.410156,88.623046875
35.412109,238.4765625
35.414062,-165.1611328125
35.416016,-125.68359375
35.417969,-149.249267578125
35.419922,55.18798828125
35.421875,34.6435546875
35.423828,-350.665283203125
35.425781,23.565673828125
35.427734,83.38623046875
35.429688,-151.46484375
35.431641,628.82080078125
35.433594,250.15869140625
35.435547,165.362548828125
35.4375,-307.965087890625
35.439453,332.537841796875
35.441406,-271.710205078125
35.443359,-166.36962890625
35.445312,189.532470703125
35.447266,-283.795166015625
35.449219,-6.243896484375
35.451172,-55.5908203125
35.453125,-282.586669921875
35.455078,-356.707763671875
35.457031,-253.7841796875
35.458984,-179.6630859375
35.460938,182.080078125
35.462891,94.464111328125
35.464844,215.91796875
35.466797,128.704833984375
35.46875,-129.510498046875
35.470703,-51.763916015625
35.472656,107.55615234375
35.474609,212.896728515625
35.476562,115.008544921875
35.478516,-211.083984375
35.480469,-133.135986328125
35.482422,-115.411376953125
35.484375,2.4169921875
35.486328,386.31591796875
35.488281,120.245361328125
35.490234,-241.29638671875
35.492188,25.177001953125
35.494141,-432.037353515625
35.496094,-151.666259765625
35.498047,208.062744140625
35.5,-3.826904296875
35.501953,-23.968505859375
35.503906,-121.051025390625
35.505859,-124.676513671875
35.507812,-79.7607421875
35.509766,-23.565673828125
35.511719,116.015625
35.513672,-0.604248046875
35.515625,39.678955078125
35.517578,-198.797607421875
35.519531,10.272216796875
35.521484,197.589111328125
35.523438,127.093505859375
35.525391,-40.081787109375
35.527344,176.03759765625
35.529297,228.607177734375
35.53125,289.63623046875
35.533203,29.00390625
35.535156,233.843994140625
35.537109,272.71728515625
35.539062,76.5380859375
35.541016,-292.657470703125
35.542969,-112.591552734375
35.544922,220.953369140625
35.546875,20.1416015625
35.548828,89.83154296875
35.550781,36.859130859375
35.552734,26.385498046875
35.554688,-73.919677734375
35.556641,-95.068359375
35.558594,32.62939453125
35.560547,-47.13134765625
35.5625,10.4736328125
35.564453,194.970703125
35.566406,75.933837890625
35.568359,-56.195068359375
35.570312,-61.23046875
35.572266,53.778076171875
35.574219,109.5703125
35.576172,118.02978515625
35.578125,-27.996826171875
35.580078,93.05419921875
35.582031,-0.8056640625
35.583984,-57.2021484375
35.585938,-107.55615234375
35.587891,15.3076171875
35.589844,88.623046875
35.591797,-111.181640625
35.59375,-79.35791015625
35.595703,-25.177001953125
35.597656,18.12744140625
35.599609,2.01416015625
35.601562,-93.85986328125
35.603516,-31.01806640625
35.605469,64.85595703125
35.607422,-32.427978515625
35.609375,-10.272216796875
35.611328,-63.043212890625
35.613281,54.78515625
35.615234,-79.7607421875
35.617188,-164.75830078125
35.619141,-120.245361328125
35.621094,152.471923828125
35.623047,124.273681640625
35.625,167.17529296875
35.626953,-125.079345703125
35.628906,-124.47509765625
35.630859,19.3359375
35.632812,-120.245361328125
35.634766,83.38623046875
35.636719,270.501708984375
35.638672,51.763916015625
35.640625,-43.10302734375
35.642578,60.626220703125
35.644531,70.697021484375
35.646484,-45.9228515625
35.648438,-27.79541015625
35.650391,91.644287109375
35.652344,113.397216796875
35.654297,-61.63330078125
35.65625,-10.87646484375
35.658203,-117.22412109375
35.660156,28.399658203125
35.662109,270.703125
35.664062,-96.075439453125
35.666016,-290.643310546875
35.667969,225.18310546875
35.669922,-20.54443359375
35.671875,69.488525390625
35.673828,243.109130859375
35.675781,-126.4892578125
35.677734,-1.007080078125
35.679688,-189.532470703125
35.681641,-241.094970703125
35.683594,407.061767578125
35.685547,-124.676513671875
35.6875,82.58056640625
35.689453,370.001220703125
35.691406,259.222412109375
35.693359,62.841796875
35.695312,-396.185302734375
35.697266,323.675537109375
35.699219,18.731689453125
35.701172,35.247802734375
35.703125,183.69140625
35.705078,-241.497802734375
35.707031,-41.89453125
35.708984,-90.838623046875
35.710938,39.88037109375
35.712891,108.563232421875
35.714844,-68.4814453125
35.716797,-475.543212890625
35.71875,-295.074462890625
35.720703,218.939208984375
35.722656,161.1328125
35.724609,-448.150634765625
35.726562,24.774169921875
35.728516,112.994384765625
35.730469,-183.28857421875
35.732422,-310.382080078125
35.734375,-367.3828125
35.736328,209.87548828125
35.738281,125.68359375
35.740234,-130.92041015625
35.742188,243.914794921875
35.744141,198.9990234375
35.746094,39.88037109375
35.748047,198.59619140625
35.75,351.873779296875
35.751953,126.08642578125
35.753906,-24.9755859375
35.755859,-459.63134765625
35.757812,100.30517578125
35.759766,72.10693359375
35.761719,194.1650390625
35.763672,-37.8662109375
35.765625,-15.106201171875
35.767578,247.943115234375
35.769531,-0.604248046875
35.771484,-108.563232421875
35.773438,139.984130859375
35.775391,230.419921875
35.777344,116.619873046875
35.779297,-176.239013671875
35.78125,37.060546875
35.783203,-96.6796875
35.785156,230.82275390625
35.787109,334.552001953125
35.789062,56.79931640625
35.791016,-111.9873046875
35.792969,-0.604248046875
35.794922,-63.6474609375
35.796875,164.35546875
35.798828,349.859619140625
35.800781,127.093505859375
35.802734,70.49560546875
35.804688,-15.911865234375
35.806641,-119.64111328125
35.808594,235.858154296875
35.810547,-455.60302734375
35.8125,-251.77001953125
35.814453,38.671875
35.816406,-185.504150390625
35.818359,-564.7705078125
35.820312,-112.994384765625
35.822266,129.510498046875
35.824219,310.784912109375
35.826172,-20.947265625
35.828125,291.448974609375
35.830078,-97.686767578125
35.832031,119.23828125
35.833984,-209.674072265625
35.835938,-85.400390625
35.837891,37.060546875
35.839844,-161.737060546875
35.841797,89.02587890625
35.84375,250.360107421875
35.845703,229.6142578125
35.847656,-184.295654296875
35.849609,137.7685546875
35.851562,10.87646484375
35.853516,-24.9755859375
35.855469,-323.272705078125
35.857422,-51.5625
35.859375,-17.926025390625
35.861328,124.273681640625
35.863281,92.6513671875
35.865234,1.611328125
35.867188,-70.49560546875
35.869141,-18.12744140625
35.871094,105.340576171875
35.873047,-31.622314453125
35.875,115.814208984375
35.876953,62.237548828125
35.878906,-56.597900390625
35.880859,46.728515625
35.882812,-58.8134765625
35.884766,-59.820556640625
35.886719,-52.3681640625
35.888672,112.591552734375
35.890625,-13.494873046875
35.892578,-161.737060546875
35.894531,63.446044921875
35.896484,0.8056640625
35.898438,128.1005859375
35.900391,-81.170654296875
35.902344,188.323974609375
35.904297,28.1982421875
35.90625,41.693115234375
35.908203,142.803955078125
35.910156,6.646728515625
35.912109,100.7080078125
35.914062,94.866943359375
35.916016,-244.317626953125
35.917969,-64.654541015625
35.919922,-4.0283203125
35.921875,48.944091796875
35.923828,-60.02197265625
35.925781,-36.2548828125
35.927734,-73.71826171875
35.929688,-112.188720703125
35.931641,-117.626953125
35.933594,-218.939208984375
35.935547,70.49560546875
35.9375,20.343017578125
35.939453,183.087158203125
35.941406,-76.336669921875
35.943359,-45.318603515625
35.945312,-99.49951171875
35.947266,-61.23046875
35.949219,38.067626953125
35.951172,49.951171875
35.953125,131.524658203125
35.955078,59.417724609375
35.957031,-315.0146484375
35.958984,35.85205078125
35.960938,220.34912109375
35.962891,118.4326171875
35.964844,-121.453857421875
35.966797,-100.909423828125
35.96875,-42.29736328125
35.970703,-174.627685546875
35.972656,-48.33984375
35.974609,-2.215576171875
35.976562,220.953369140625
35.978516,-79.7607421875
35.980469,-11.279296875
35.982422,-91.644287109375
35.984375,-221.356201171875
35.986328,69.488525390625
35.988281,57.000732421875
35.990234,80.96923828125
35.992188,-199.200439453125
35.994141,-55.5908203125
35.996094,-90.032958984375
35.998047,311.187744140625
36.0,124.072265625
36.001953,-10.87646484375
36.003906,178.857421875
36.005859,-38.873291015625
36.007812,230.419921875
36.009766,112.994384765625
36.011719,94.866943359375
36.013672,170.599365234375
36.015625,-117.022705078125
36.017578,-151.46484375
36.019531,99.90234375
36.021484,181.475830078125
36.023438,-50.958251953125
36.025391,-43.505859375
36.027344,-198.59619140625
36.029297,-150.054931640625
36.03125,-164.154052734375
36.033203,-43.707275390625
36.035156,96.478271484375
36.037109,-107.55615234375
36.039062,11.68212890625
36.041016,-456.40869140625
36.042969,-290.0390625
36.044922,-117.022705078125
36.046875,163.95263671875
36.048828,5.035400390625
36.050781,330.120849609375
36.052734,-213.702392578125
36.054688,301.116943359375
36.056641,-10.4736328125
36.058594,186.1083984375
36.060547,273.52294921875
36.0625,-291.650390625
36.064453,-15.3076171875
36.066406,56.79931640625
36.068359,-30.010986328125
36.070312,-173.2177734375
36.072266,197.186279296875
36.074219,251.165771484375
36.076172,-292.85888671875
36.078125,239.68505859375
36.080078,-54.78515625
36.082031,-39.276123046875
36.083984,325.689697265625
36.085938,181.2744140625
36.087891,358.5205078125
36.089844,-239.886474609375
36.091797,-184.698486328125
36.09375,-124.676513671875
36.095703,212.091064453125
36.097656,190.53955078125
36.099609,236.663818359375
36.101562,63.446044921875
36.103516,256.402587890625
36.105469,-135.552978515625
36.107422,-232.635498046875
36.109375,-78.753662109375
36.111328,52.166748046875
36.113281,669.305419921875
36.115234,-153.8818359375
36.117188,-174.0234375
36.119141,-96.478271484375
36.121094,510.186767578125
36.123047,323.675537109375
36.125,10.675048828125
36.126953,-19.940185546875
36.128906,308.367919921875
36.130859,-114.605712890625
36.132812,156.70166015625
36.134766,429.620361328125
36.136719,395.782470703125
36.138672,52.972412109375
36.140625,-272.515869140625
36.142578,-154.28466796875
36.144531,492.864990234375
36.146484,66.064453125
36.148438,7.855224609375
36.150391,51.5625
36.152344,211.688232421875
36.154297,33.636474609375
36.15625,-325.689697265625
36.158203,161.334228515625
36.160156,342.4072265625
36.162109,-110.77880859375
36.164062,-203.43017578125
36.166016,303.936767578125
36.167969,214.910888671875
36.169922,-22.96142578125
36.171875,-135.3515625
36.173828,249.957275390625
36.175781,-43.10302734375
36.177734,136.761474609375
36.179688,-93.85986328125
36.181641,-2.01416015625
36.183594,14.703369140625
36.185547,104.33349609375
36.1875,-19.134521484375
36.189453,-3.021240234375
36.191406,-84.393310546875
36.193359,-104.33349609375
36.195312,-25.982666015625
36.197266,175.836181640625
36.199219,-39.07470703125
36.201172,30.615234375
36.203125,40.081787109375
36.205078,87.8173828125
36.207031,96.478271484375
36.208984,-127.69775390625
36.210938,-24.9755859375
36.212891,-48.944091796875
36.214844,8.056640625
36.216797,-132.53173828125
36.21875,23.162841796875
36.220703,-8.8623046875
36.222656,22.96142578125
36.224609,-122.662353515625
36.226562,18.5302734375
36.228516,-65.2587890625
36.230469,-38.067626953125
36.232422,-268.2861328125
36.234375,7.855224609375
36.236328,75.933837890625
36.238281,66.668701171875
36.240234,-18.328857421875
36.242188,48.541259765625
36.244141,131.927490234375
36.246094,93.658447265625
36.248047,42.901611328125
36.25,-58.209228515625
36.251953,45.9228515625
36.253906,-139.78271484375
36.255859,-48.944091796875
36.257812,111.58447265625
36.259766,103.52783203125
36.261719,-25.177001953125
36.263672,-62.0361328125
36.265625,109.97314453125
36.267578,160.528564453125
36.269531,65.2587890625
36.271484,63.446044921875
36.273438,4.833984375
36.275391,57.2021484375
36.277344,236.46240234375
36.279297,3.62548828125
36.28125,25.78125
36.283203,-43.304443359375
36.285156,204.437255859375
36.287109,-125.079345703125
36.289062,100.909423828125
36.291016,-140.58837890625
36.292969,-42.7001953125
36.294922,-298.699951171875
36.296875,234.649658203125
36.298828,160.3271484375
36.300781,-128.704833984375
36.302734,-151.263427734375
36.304688,-83.990478515625
36.306641,196.98486328125
36.308594,-140.9912109375
36.310547,69.891357421875
36.3125,153.277587890625
36.314453,85.400390625
36.316406,161.334228515625
36.318359,221.356201171875
36.320312,91.644287109375
36.322266,-0.201416015625
36.324219,267.279052734375
36.326172,92.852783203125
36.328125,-49.54833984375
36.330078,-133.941650390625
36.332031,-123.468017578125
36.333984,-4.229736328125
36.335938,249.755859375
36.337891,-75.732421875
36.339844,124.273681640625
36.341797,173.016357421875
36.34375,65.66162109375
36.345703,-162.34130859375
36.347656,213.299560546875
36.349609,-47.13134765625
36.351562,228.204345703125
36.353516,-271.5087890625
36.355469,-328.509521484375
36.357422,49.54833984375
36.359375,199.200439453125
36.361328,185.504150390625
36.363281,283.19091796875
36.365234,-240.692138671875
36.367188,443.115234375
36.369141,-8.056640625
36.371094,-247.74169921875
36.373047,-45.1171875
36.375,241.497802734375
36.376953,-118.4326171875
36.378906,-90.234375
36.380859,166.36962890625
36.382812,206.25
36.384766,-86.60888671875
36.386719,319.8486328125
36.388672,366.778564453125
36.390625,-134.344482421875
36.392578,-459.228515625
36.394531,-375.84228515625
36.396484,40.081787109375
36.398438,412.90283203125
36.400391,-135.3515625
36.402344,237.469482421875
36.404297,493.46923828125
36.40625,-204.840087890625
36.408203,260.63232421875
36.410156,70.697021484375
36.412109,28.60107421875
36.414062,-90.234375
36.416016,18.328857421875
36.417969,-71.099853515625
36.419922,76.13525390625
36.421875,196.380615234375
36.423828,49.749755859375
36.425781,-370.60546875
36.427734,148.040771484375
36.429688,-185.302734375
36.431641,-9.869384765625
36.433594,129.7119140625
36.435547,624.993896484375
36.4375,107.958984375
36.439453,96.27685546875
36.441406,-41.290283203125
36.443359,159.92431640625
36.445312,387.92724609375
36.447266,-139.78271484375
36.449219,0.0
36.451172,370.404052734375
36.453125,-32.025146484375
36.455078,-94.866943359375
36.457031,5.6396484375
36.458984,52.569580078125
36.460938,264.056396484375
36.462891,6.84814453125
36.464844,-5.841064453125
36.466797,-74.12109375
36.46875,46.32568359375
36.470703,-235.455322265625
36.472656,204.437255859375
36.474609,381.884765625
36.476562,95.47119140625
36.478516,-150.860595703125
36.480469,47.332763671875
36.482422,311.7919921875
36.484375,-44.915771484375
36.486328,127.899169921875
36.488281,45.9228515625
36.490234,-141.998291015625
36.492188,111.785888671875
36.494141,-83.38623046875
36.496094,-128.50341796875
36.498047,185.101318359375
36.5,88.421630859375
36.501953,-47.332763671875
36.503906,-78.1494140625
36.505859,157.1044921875
36.507812,-10.87646484375
36.509766,-78.955078125
36.511719,-59.820556640625
36.513672,95.8740234375
36.515625,-233.038330078125
36.517578,-63.6474609375
36.519531,6.4453125
36.521484,54.38232421875
36.523438,203.228759765625
36.525391,107.958984375
36.527344,145.220947265625
36.529297,149.0478515625
36.53125,-105.743408203125
36.533203,-200.20751953125
36.535156,-6.646728515625
36.537109,-56.195068359375
36.539062,72.711181640625
36.541016,-172.00927734375
36.542969,-122.4609375
36.544922,32.025146484375
36.546875,304.13818359375
36.548828,-42.498779296875
36.550781,-14.09912109375
36.552734,152.471923828125
36.554688,149.45068359375
36.556641,-181.878662109375
36.558594,84.796142578125
36.560547,37.46337890625
36.5625,146.22802734375
36.564453,-131.121826171875
36.566406,-56.195068359375
36.568359,-184.09423828125
36.570312,-35.44921875
36.572266,17.724609375
36.574219,93.658447265625
36.576172,50.555419921875
36.578125,-108.36181640625
36.580078,-86.60888671875
36.582031,-9.66796875
36.583984,86.810302734375
36.585938,58.0078125
36.587891,58.209228515625
36.589844,-2.81982421875
36.591797,-46.929931640625
36.59375,-121.6552734375
36.595703,12.0849609375
36.597656,-10.87646484375
36.599609,110.980224609375
36.601562,-86.60888671875
36.603516,-177.64892578125
36.605469,-3.424072265625
36.607422,9.063720703125
36.609375,149.45068359375
36.611328,36.456298828125
36.613281,133.538818359375
36.615234,68.4814453125
36.617188,53.173828125
36.619141,7.049560546875
36.621094,-83.7890625
36.623047,86.407470703125
36.625,-164.75830078125
36.626953,-63.6474609375
36.628906,-78.955078125
36.630859,-27.593994140625
36.632812,-62.841796875
36.634766,109.368896484375
36.636719,-218.939208984375
36.638672,2.01416015625
36.640625,-25.982666015625
36.642578,-164.959716796875
36.644531,66.46728515625
36.646484,-85.400390625
36.648438,-167.98095703125
36.650391,307.159423828125
36.652344,115.411376953125
36.654297,-236.663818359375
36.65625,-220.34912109375
36.658203,-53.57666015625
36.660156,200.20751953125
36.662109,363.555908203125
36.664062,-59.417724609375
36.666016,208.26416015625
36.667969,-86.407470703125
36.669922,-158.111572265625
36.671875,58.41064453125
36.673828,196.783447265625
36.675781,-10.4736328125
36.677734,5.841064453125
36.679688,-185.504150390625
36.681641,-87.41455078125
36.683594,-12.48779296875
36.685547,399.005126953125
36.6875,-78.350830078125
36.689453,72.711181640625
36.691406,107.1533203125
36.693359,-209.47265625
36.695312,43.304443359375
36.697266,269.293212890625
36.699219,295.074462890625
36.701172,-125.68359375
36.703125,11.480712890625
36.705078,-293.865966796875
36.707031,-36.053466796875
36.708984,333.746337890625
36.710938,296.282958984375
36.712891,168.182373046875
36.714844,-411.29150390625
36.716797,-218.73779296875
36.71875,160.528564453125
36.720703,213.09814453125
36.722656,437.677001953125
36.724609,166.973876953125
36.726562,210.68115234375
36.728516,527.911376953125
36.730469,73.3154296875
36.732422,-374.6337890625
36.734375,19.3359375
36.736328,300.91552734375
36.738281,215.91796875
36.740234,-112.994384765625
36.742188,-181.878662109375
36.744141,-71.502685546875
36.746094,-55.389404296875
36.748047,-86.407470703125
36.75,336.566162109375
36.751953,196.783447265625
36.753906,-169.390869140625
36.755859,24.169921875
36.757812,15.911865234375
36.759766,359.326171875
36.761719,194.56787109375
36.763672,-87.8173828125
36.765625,74.9267578125
36.767578,447.344970703125
36.769531,-831.84814453125
36.771484,-6.04248046875
36.773438,231.2255859375
36.775391,81.170654296875
36.777344,-311.187744140625
36.779297,-282.989501953125
36.78125,-151.263427734375
36.783203,2.618408203125
36.785156,54.986572265625
36.787109,-58.41064453125
36.789062,-175.634765625
36.791016,-175.030517578125
36.792969,-199.8046875
36.794922,104.736328125
36.796875,139.178466796875
36.798828,-66.668701171875
36.800781,-28.399658203125
36.802734,-19.537353515625
36.804688,4.229736328125
36.806641,125.885009765625
36.808594,165.765380859375
36.810547,36.859130859375
36.8125,334.3505859375
36.814453,63.043212890625
36.816406,-124.072265625
36.818359,-210.076904296875
36.820312,267.681884765625
36.822266,43.707275390625
36.824219,12.48779296875
36.826172,109.16748046875
36.828125,-208.062744140625
36.830078,-159.92431640625
36.832031,-407.26318359375
36.833984,-49.749755859375
36.835938,157.1044921875
36.837891,134.94873046875
36.839844,-36.2548828125
36.841797,-392.962646484375
36.84375,-172.00927734375
36.845703,-108.160400390625
36.847656,145.623779296875
36.849609,166.36962890625
36.851562,-20.947265625
36.853516,-6.646728515625
36.855469,-121.051025390625
36.857422,303.936767578125
36.859375,-24.9755859375
36.861328,122.662353515625
36.863281,-89.630126953125
36.865234,86.004638671875
36.867188,-2.618408203125
36.869141,-139.3798828125
36.871094,19.73876953125
36.873047,-14.09912109375
36.875,-60.626220703125
36.876953,9.869384765625
36.878906,-113.19580078125
36.880859,-170.599365234375
36.882812,-119.439697265625
36.884766,98.895263671875
36.886719,149.45068359375
36.888672,143.609619140625
36.890625,94.66552734375
36.892578,-35.44921875
36.894531,153.076171875
36.896484,102.72216796875
36.898438,-38.470458984375
36.900391,-36.053466796875
36.902344,37.664794921875
36.904297,119.842529296875
36.90625,-29.40673828125
36.908203,-18.12744140625
36.910156,19.73876953125
36.912109,-120.849609375
36.914062,70.294189453125
36.916016,-149.853515625
36.917969,-121.051025390625
36.919922,-71.905517578125
36.921875,-85.400390625
36.923828,58.8134765625
36.925781,-25.579833984375
36.927734,183.28857421875
36.929688,19.3359375
36.931641,-175.030517578125
36.933594,-166.973876953125
36.935547,57.403564453125
36.9375,28.60107421875
36.939453,12.890625
36.941406,125.885009765625
36.943359,-41.0888671875
36.945312,161.53564453125
36.947266,79.962158203125
36.949219,-88.018798828125
36.951172,100.103759765625
36.953125,37.060546875
36.955078,-158.514404296875
36.957031,-4.0283203125
36.958984,86.810302734375
36.960938,182.684326171875
36.962891,103.52783203125
36.964844,-257.40966796875
36.966797,-108.966064453125
36.96875,-103.9306640625
36.970703,-93.05419921875
36.972656,197.79052734375
36.974609,17.32177734375
36.976562,-95.269775390625
36.978516,-70.0927734375
36.980469,157.91015625
36.982422,92.6513671875
36.984375,362.14599609375
36.986328,-14.703369140625
36.988281,-192.5537109375
36.990234,-406.0546875
36.992188,29.608154296875
36.994141,-263.653564453125
36.996094,338.177490234375
36.998047,199.40185546875
37.0,50.958251953125
37.001953,385.711669921875
37.003906,42.498779296875
37.005859,348.44970703125
37.007812,-1.20849609375
37.009766,-38.26904296875
37.011719,-154.083251953125
37.013672,-211.48681640625
37.015625,-147.83935546875
37.017578,35.85205078125
37.019531,123.2666015625
37.021484,-37.46337890625
37.023438,-136.1572265625
37.025391,-93.45703125
37.027344,-46.124267578125
37.029297,-254.99267578125
37.03125,-137.969970703125
37.033203,109.16748046875
37.035156,58.8134765625
37.037109,-27.79541015625
37.039062,-461.444091796875
37.041016,-334.149169921875
37.042969,141.192626953125
37.044922,-48.138427734375
37.046875,44.110107421875
37.048828,-88.824462890625
37.050781,92.047119140625
37.052734,-209.271240234375
37.054688,-198.797607421875
37.056641,-243.914794921875
37.058594,-5.438232421875
37.060547,59.014892578125
37.0625,-134.747314453125
37.064453,133.740234375
37.066406,-305.548095703125
37.068359,-317.83447265625
37.070312,-240.692138671875
37.072266,-140.386962890625
37.074219,160.528564453125
37.076172,-163.751220703125
37.078125,3.826904296875
37.080078,-162.945556640625
37.082031,-86.407470703125
37.083984,373.626708984375
37.085938,-189.935302734375
37.087891,122.86376953125
37.089844,41.0888671875
37.091797,33.636474609375
37.09375,-129.7119140625
37.095703,190.740966796875
37.097656,378.662109375
37.099609,249.554443359375
37.101562,-43.304443359375
37.103516,200.408935546875
37.105469,13.494873046875
37.107422,91.644287109375
37.109375,-5.035400390625
37.111328,-174.627685546875
37.113281,15.509033203125
37.115234,-138.775634765625
37.117188,148.846435546875
37.119141,-206.854248046875
37.121094,-88.22021484375
37.123047,-242.10205078125
37.125,-3.62548828125
37.126953,282.38525390625
37.128906,672.930908203125
37.130859,63.6474609375
37.132812,-313.00048828125
37.134766,267.07763671875
37.136719,175.030517578125
37.138672,211.285400390625
37.140625,-24.9755859375
37.142578,-364.16015625
37.144531,-142.803955078125
37.146484,22.15576171875
37.148438,45.721435546875
37.150391,-16.51611328125
37.152344,99.90234375
37.154297,-370.001220703125
37.15625,-298.095703125
37.158203,-77.74658203125
37.160156,-218.73779296875
37.162109,-79.35791015625
37.164062,286.0107421875
37.166016,54.986572265625
37.167969,179.461669921875
37.169922,-277.1484375
37.171875,-85.198974609375
37.173828,13.6962890625
37.175781,-83.38623046875
37.177734,-90.032958984375
37.179688,-202.020263671875
37.181641,35.247802734375
37.183594,36.053466796875
37.185547,-17.120361328125
37.1875,38.26904296875
37.189453,-109.16748046875
37.191406,238.677978515625
37.193359,-145.220947265625
37.195312,-43.707275390625
37.197266,-65.2587890625
37.199219,67.877197265625
37.201172,125.885009765625
37.203125,43.90869140625
37.205078,18.12744140625
37.207031,-67.877197265625
37.208984,-69.488525390625
37.210938,-104.33349609375
37.212891,326.092529296875
37.214844,-93.255615234375
37.216797,-20.54443359375
37.21875,-85.198974609375
37.220703,-21.7529296875
37.222656,78.55224609375
37.224609,22.760009765625
37.226562,124.47509765625
37.228516,66.668701171875
37.230469,-76.13525390625
37.232422,-179.26025390625
37.234375,-38.470458984375
37.236328,54.78515625
37.238281,33.837890625
37.240234,10.4736328125
37.242188,-58.8134765625
37.244141,41.49169921875
37.246094,-18.328857421875
37.248047,16.11328125
37.25,-79.962158203125
37.251953,-118.4326171875
37.253906,3.22265625
37.255859,-45.1171875
37.257812,36.053466796875
37.259766,-53.57666015625
37.261719,139.984130859375
37.263672,148.443603515625
37.265625,-12.890625
37.267578,17.120361328125
37.269531,65.863037109375
37.271484,-194.1650390625
37.273438,138.775634765625
37.275391,-37.8662109375
37.277344,-29.205322265625
37.279297,-90.234375
37.28125,-135.3515625
37.283203,6.84814453125
37.285156,-53.778076171875
37.287109,151.86767578125
37.289062,188.726806640625
37.291016,49.1455078125
37.292969,-110.980224609375
37.294922,-147.83935546875
37.296875,-76.13525390625
37.298828,29.608154296875
37.300781,-158.917236328125
37.302734,-181.475830078125
37.304688,207.45849609375
37.306641,77.545166015625
37.308594,7.855224609375
37.310547,2.215576171875
37.3125,307.159423828125
37.314453,12.890625
37.316406,-159.92431640625
37.318359,-46.728515625
37.320312,28.399658203125
37.322266,246.734619140625
37.324219,245.123291015625
37.326172,-112.79296875
37.328125,319.244384765625
37.330078,-120.849609375
37.332031,-63.848876953125
37.333984,-278.155517578125
37.335938,231.62841796875
37.337891,63.6474609375
37.339844,-158.31298828125
37.341797,-48.74267578125
37.34375,-23.162841796875
37.345703,110.77880859375
37.347656,-56.79931640625
37.349609,429.217529296875
37.351562,113.800048828125
37.353516,391.754150390625
37.355469,-210.882568359375
37.357422,17.926025390625
37.359375,18.328857421875
37.361328,18.328857421875
37.363281,18.12744140625
37.365234,17.724609375
37.367188,16.9189453125
37.369141,16.11328125
37.371094,15.106201171875
37.373047,7.2509765625
37.375,6.4453125
37.376953,5.6396484375
37.378906,5.23681640625
37.380859,4.833984375
37.382812,5.035400390625
37.384766,5.23681640625
37.386719,-0.8056640625
37.388672,0.0
37.390625,1.007080078125
37.392578,2.01416015625
37.394531,2.81982421875
37.396484,3.62548828125
37.398438,4.43115234375
37.400391,4.833984375
37.402344,4.833984375
37.404297,4.833984375
37.40625,4.43115234375
37.408203,-0.40283203125
37.410156,-1.409912109375
37.412109,-2.215576171875
37.414062,-3.22265625
37.416016,-4.229736328125
37.417969,-4.833984375
37.419922,-5.438232421875
37.421875,-5.841064453125
37.423828,-5.841064453125
37.425781,-7.855224609375
37.427734,-7.452392578125
37.429688,-6.646728515625
37.431641,-5.841064453125
37.433594,-4.833984375
37.435547,-1.611328125
37.4375,-0.8056640625
37.439453,0.0
37.441406,0.40283203125
37.443359,0.8056640625
37.445312,0.604248046875
37.447266,0.40283203125
37.449219,5.438232421875
37.451172,4.632568359375
37.453125,3.826904296875
37.455078,2.81982421875
37.457031,1.812744140625
37.458984,1.007080078125
37.460938,0.40283203125
37.462891,0.0
37.464844,-0.201416015625
37.466797,6.646728515625
37.46875,7.2509765625
37.470703,7.855224609375
37.472656,8.660888671875
37.474609,9.66796875
37.476562,10.4736328125
37.478516,11.480712890625
37.480469,12.286376953125
37.482422,19.3359375
37.484375,19.73876953125
37.486328,19.73876953125
37.488281,19.537353515625
37.490234,19.134521484375
37.492188,18.328857421875
37.494141,17.523193359375
37.496094,16.51611328125
37.498047,15.509033203125
37.5,20.1416015625
37.501953,19.3359375
37.503906,18.731689453125
37.505859,18.5302734375
37.507812,18.731689453125
37.509766,18.93310546875
37.511719,19.537353515625
37.513672,20.343017578125
37.515625,21.148681640625
37.517578,24.169921875
37.519531,24.9755859375
37.521484,25.982666015625
37.523438,26.5869140625
37.525391,26.98974609375
37.527344,27.191162109375
37.529297,25.37841796875
37.53125,24.9755859375
37.533203,24.371337890625
37.535156,23.565673828125
37.537109,22.55859375
37.539062,21.551513671875
37.541016,20.745849609375
37.542969,19.940185546875
37.544922,16.717529296875
37.546875,15.3076171875
37.548828,15.3076171875
37.550781,15.509033203125
37.552734,15.911865234375
37.554688,16.717529296875
37.556641,17.523193359375
37.558594,18.5302734375
37.560547,19.537353515625
37.5625,13.494873046875
37.564453,14.300537109375
37.566406,14.703369140625
37.568359,14.90478515625
37.570312,14.90478515625
37.572266,14.501953125
37.574219,13.897705078125
37.576172,6.243896484375
37.578125,5.438232421875
37.580078,4.43115234375
37.582031,3.424072265625
37.583984,2.618408203125
37.585938,2.01416015625
37.587891,1.611328125
37.589844,1.409912109375
37.591797,1.611328125
37.59375,-4.229736328125
37.595703,-3.424072265625
37.597656,-2.618408203125
37.599609,-1.812744140625
37.601562,-0.8056640625
37.603516,0.201416015625
37.605469,1.007080078125
37.607422,1.409912109375
37.609375,-1.20849609375
37.611328,-1.20849609375
37.613281,-1.409912109375
37.615234,-2.01416015625
37.617188,-2.618408203125
37.619141,-3.62548828125
37.621094,-4.43115234375
37.623047,-5.438232421875
37.625,-6.4453125
37.626953,-7.049560546875
37.628906,-7.65380859375
37.630859,-7.855224609375
37.632812,-7.855224609375
37.634766,-7.452392578125
37.636719,-6.84814453125
37.638672,-1.007080078125
37.640625,-0.201416015625
37.642578,0.8056640625
37.644531,6.04248046875
37.646484,7.049560546875
37.648438,7.65380859375
37.650391,8.056640625
37.652344,8.258056640625
37.654297,8.056640625
37.65625,7.65380859375
37.658203,7.049560546875
37.660156,6.04248046875
37.662109,5.23681640625
37.664062,4.229736328125
37.666016,3.22265625
37.667969,2.618408203125
37.669922,2.01416015625
37.671875,1.611328125
37.673828,8.45947265625
37.675781,8.660888671875
37.677734,9.063720703125
37.679688,9.869384765625
37.681641,10.675048828125
37.683594,11.68212890625
37.685547,12.689208984375
37.6875,20.1416015625
37.689453,20.947265625
37.691406,21.35009765625
37.693359,21.7529296875
37.695312,21.551513671875
37.697266,21.35009765625
37.699219,20.745849609375
37.701172,19.940185546875
37.703125,18.93310546875
37.705078,22.55859375
37.707031,21.551513671875
37.708984,20.745849609375
37.710938,20.1416015625
37.712891,19.73876953125
37.714844,19.537353515625
37.716797,19.73876953125
37.71875,20.1416015625
37.720703,22.55859375
37.722656,23.3642578125
37.724609,24.169921875
37.726562,25.177001953125
37.728516,26.18408203125
37.730469,26.98974609375
37.732422,27.392578125
37.734375,27.79541015625
37.736328,27.79541015625
37.738281,27.593994140625
37.740234,27.191162109375
37.742188,26.385498046875
37.744141,25.579833984375
37.746094,21.551513671875
37.748047,20.54443359375
37.75,14.90478515625
37.751953,14.09912109375
37.753906,13.6962890625
37.755859,13.29345703125
37.757812,13.494873046875
37.759766,13.6962890625
37.761719,14.300537109375
37.763672,15.106201171875
37.765625,16.11328125
37.767578,10.272216796875
37.769531,11.077880859375
37.771484,12.0849609375
37.773438,12.689208984375
37.775391,13.092041015625
37.777344,13.29345703125
37.779297,13.092041015625
37.78125,5.841064453125
37.783203,5.23681640625
37.785156,4.229736328125
37.787109,3.424072265625
37.789062,2.4169921875
37.791016,1.409912109375
37.792969,0.8056640625
37.794922,0.201416015625
37.796875,-0.201416015625
37.798828,-5.23681640625
37.800781,-5.035400390625
37.802734,-4.43115234375
37.804688,-3.826904296875
37.806641,-2.81982421875
37.808594,-2.01416015625
37.810547,-1.007080078125
37.8125,-0.201416015625
37.814453,-1.611328125
37.816406,-1.20849609375
37.818359,-1.007080078125
37.820312,-1.007080078125
37.822266,-1.409912109375
37.824219,-2.01416015625
37.826172,-2.618408203125
37.828125,-3.62548828125
37.830078,-2.618408203125
37.832031,-3.62548828125
37.833984,-4.43115234375
37.835938,-5.035400390625
37.837891,-5.438232421875
37.839844,-1.812744140625
37.841797,-1.611328125
37.84375,-1.20849609375
37.845703,-0.604248046875
37.847656,0.40283203125
37.849609,1.20849609375
37.851562,2.215576171875
37.853516,3.22265625
37.855469,3.826904296875
37.857422,4.43115234375
37.859375,4.833984375
37.861328,4.833984375
37.863281,11.279296875
37.865234,10.675048828125
37.867188,10.07080078125
37.869141,9.063720703125
37.871094,8.258056640625
37.873047,7.2509765625
37.875,6.243896484375
37.876953,11.077880859375
37.878906,10.4736328125
37.880859,10.272216796875
37.882812,10.272216796875
37.884766,10.675048828125
37.886719,11.279296875
37.888672,12.0849609375
37.890625,12.890625
37.892578,19.3359375
37.894531,20.343017578125
37.896484,21.148681640625
37.898438,21.7529296875
37.900391,22.357177734375
37.902344,22.357177734375
37.904297,22.357177734375
37.90625,26.5869140625
37.908203,25.982666015625
37.910156,25.177001953125
37.912109,24.169921875
37.914062,23.162841796875
37.916016,22.357177734375
37.917969,21.551513671875
37.919922,20.947265625
37.921875,20.54443359375
37.923828,21.148681640625
37.925781,21.35009765625
37.927734,21.954345703125
37.929688,22.55859375
37.931641,23.565673828125
37.933594,24.371337890625
37.935547,25.37841796875
37.9375,26.385498046875
37.939453,23.3642578125
37.941406,23.76708984375
37.943359,24.169921875
37.945312,23.968505859375
37.947266,23.76708984375
37.949219,23.162841796875
37.951172,22.357177734375
37.953125,21.35009765625
37.955078,20.54443359375
37.957031,19.537353515625
37.958984,13.092041015625
37.960938,12.286376953125
37.962891,11.883544921875
37.964844,11.883544921875
37.966797,11.883544921875
37.96875,12.286376953125
37.970703,13.092041015625
37.972656,13.897705078125
37.974609,14.703369140625
37.976562,15.71044921875
37.978516,9.66796875
37.980469,10.4736328125
37.982422,11.077880859375
37.984375,11.279296875
37.986328,4.632568359375
37.988281,4.43115234375
37.990234,4.0283203125
37.992188,3.22265625
37.994141,2.4169921875
37.996094,1.409912109375
37.998047,0.40283203125
38.0,-0.40283203125
38.001953,-1.20849609375
38.003906,-6.04248046875
38.005859,-6.243896484375
38.007812,-6.04248046875
38.009766,-5.841064453125
38.011719,-5.23681640625
38.013672,-4.43115234375
38.015625,-3.62548828125
38.017578,-2.618408203125
38.019531,-3.22265625
38.021484,-2.4169921875
38.023438,-1.812744140625
38.025391,-1.409912109375
38.027344,-1.20849609375
38.029297,-1.409912109375
38.03125,-1.812744140625
38.033203,0.0
38.035156,4.632568359375
38.037109,3.62548828125
38.039062,2.618408203125
38.041016,1.812744140625
38.042969,1.007080078125
38.044922,0.40283203125
38.046875,0.0
38.048828,0.0
38.050781,0.201416015625
38.052734,0.8056640625
38.054688,1.409912109375
38.056641,2.4169921875
38.058594,3.22265625
38.060547,4.229736328125
38.0625,5.035400390625
38.064453,5.841064453125
38.066406,6.243896484375
38.068359,6.646728515625
38.070312,13.092041015625
38.072266,12.890625
38.074219,12.286376953125
38.076172,11.480712890625
38.078125,10.4736328125
38.080078,16.717529296875
38.082031,15.71044921875
38.083984,14.90478515625
38.085938,14.300537109375
38.087891,13.897705078125
38.089844,13.6962890625
38.091797,13.897705078125
38.09375,14.300537109375
38.095703,14.90478515625
38.097656,19.940185546875
38.099609,20.947265625
38.101562,21.954345703125
38.103516,22.760009765625
38.105469,23.565673828125
38.107422,24.169921875
38.109375,24.57275390625
38.111328,24.57275390625
38.113281,27.191162109375
38.115234,26.788330078125
38.117188,25.982666015625
38.119141,25.177001953125
38.121094,24.169921875
38.123047,23.162841796875
38.125,22.357177734375
38.126953,21.551513671875
38.128906,21.148681640625
38.130859,19.3359375
38.132812,19.3359375
38.134766,19.73876953125
38.136719,20.343017578125
38.138672,21.148681640625
38.140625,21.954345703125
38.142578,22.96142578125
38.144531,23.968505859375
38.146484,21.954345703125
38.148438,22.55859375
38.150391,22.96142578125
38.152344,23.162841796875
38.154297,22.96142578125
38.15625,22.55859375
38.158203,21.954345703125
38.160156,14.703369140625
38.162109,13.6962890625
38.164062,12.689208984375
38.166016,11.883544921875
38.167969,11.077880859375
38.169922,10.4736328125
38.171875,10.07080078125
38.173828,10.07080078125
38.175781,10.272216796875
38.177734,10.87646484375
38.179688,11.480712890625
38.181641,12.48779296875
38.183594,6.4453125
38.185547,7.452392578125
38.1875,8.258056640625
38.189453,9.063720703125
38.191406,3.22265625
38.193359,3.424072265625
38.195312,3.424072265625
38.197266,3.021240234375
38.199219,2.4169921875
38.201172,1.812744140625
38.203125,0.8056640625
38.205078,-0.201416015625
38.207031,-1.007080078125
38.208984,-1.812744140625
38.210938,-7.049560546875
38.212891,-7.452392578125
38.214844,-7.452392578125
38.216797,-7.452392578125
38.21875,-7.049560546875
38.220703,-6.243896484375
38.222656,-5.438232421875
38.224609,-5.035400390625
38.226562,-4.0283203125
38.228516,-3.021240234375
38.230469,1.812744140625
38.232422,2.4169921875
38.234375,2.618408203125
38.236328,2.81982421875
38.238281,2.618408203125
38.240234,2.01416015625
38.242188,1.20849609375
38.244141,0.40283203125
38.246094,-0.604248046875
38.248047,-1.409912109375
38.25,-2.4169921875
38.251953,-3.021240234375
38.253906,-3.62548828125
38.255859,-3.826904296875
38.257812,-3.826904296875
38.259766,1.812744140625
38.261719,2.4169921875
38.263672,3.22265625
38.265625,4.0283203125
38.267578,5.035400390625
38.269531,6.04248046875
38.271484,6.84814453125
38.273438,14.300537109375
38.275391,14.703369140625
38.277344,14.90478515625
38.279297,14.703369140625
38.28125,14.300537109375
38.283203,13.6962890625
38.285156,12.890625
38.287109,11.883544921875
38.289062,10.87646484375
38.291016,10.07080078125
38.292969,9.26513671875
38.294922,8.660888671875
38.296875,8.45947265625
38.298828,14.703369140625
38.300781,15.106201171875
38.302734,15.509033203125
38.304688,20.745849609375
38.306641,21.551513671875
38.308594,22.55859375
38.310547,23.565673828125
38.3125,24.371337890625
38.314453,25.177001953125
38.316406,25.579833984375
38.318359,25.78125
38.320312,27.392578125
38.322266,26.98974609375
38.324219,26.5869140625
38.326172,25.78125
38.328125,24.774169921875
38.330078,23.76708984375
38.332031,22.96142578125
38.333984,22.15576171875
38.335938,19.3359375
38.337891,18.731689453125
38.339844,18.731689453125
38.341797,18.731689453125
38.34375,19.3359375
38.345703,19.940185546875
38.347656,20.745849609375
38.349609,21.7529296875
38.351562,22.55859375
38.353516,17.926025390625
38.355469,18.731689453125
38.357422,19.3359375
38.359375,19.537353515625
38.361328,19.73876953125
38.363281,19.3359375
38.365234,18.93310546875
38.367188,18.12744140625
38.369141,10.87646484375
38.371094,9.869384765625
38.373047,8.8623046875
38.375,8.056640625
38.376953,7.2509765625
38.378906,6.84814453125
38.380859,6.646728515625
38.382812,6.646728515625
38.384766,0.0
38.386719,0.604248046875
38.388672,1.409912109375
38.390625,2.4169921875
38.392578,3.22265625
38.394531,4.229736328125
38.396484,5.035400390625
38.398438,5.6396484375
38.400391,6.04248046875
38.402344,6.243896484375
38.404297,6.04248046875
38.40625,5.6396484375
38.408203,0.40283203125
38.410156,-0.40283203125
38.412109,-1.20849609375
38.414062,-2.215576171875
38.416016,-5.841064453125
38.417969,-6.646728515625
38.419922,-7.2509765625
38.421875,-7.452392578125
38.423828,-7.65380859375
38.425781,-5.438232421875
38.427734,-4.833984375
38.429688,-4.229736328125
38.431641,-3.22265625
38.433594,-2.4169921875
38.435547,-1.409912109375
38.4375,-0.604248046875
38.439453,0.201416015625
38.441406,0.604248046875
38.443359,1.007080078125
38.445312,0.8056640625
38.447266,0.604248046875
38.449219,3.424072265625
38.451172,2.81982421875
38.453125,1.812744140625
38.455078,0.8056640625
38.457031,0.0
38.458984,-1.007080078125
38.460938,-1.611328125
38.462891,5.035400390625
38.464844,4.833984375
38.466797,5.035400390625
38.46875,5.438232421875
38.470703,6.04248046875
38.472656,6.84814453125
38.474609,7.855224609375
38.476562,8.8623046875
38.478516,9.66796875
38.480469,17.523193359375
38.482422,18.12744140625
38.484375,18.328857421875
38.486328,18.5302734375
38.488281,18.12744140625
38.490234,17.724609375
38.492188,16.9189453125
38.494141,16.11328125
38.496094,20.343017578125
38.498047,19.3359375
38.5,18.5302734375
38.501953,17.724609375
38.503906,17.32177734375
38.505859,17.120361328125
38.507812,17.120361328125
38.509766,17.523193359375
38.511719,17.926025390625
38.513672,18.731689453125
38.515625,19.73876953125
38.517578,20.745849609375
38.519531,21.551513671875
38.521484,22.357177734375
38.523438,23.162841796875
38.525391,25.982666015625
38.527344,26.18408203125
38.529297,25.982666015625
38.53125,25.579833984375
38.533203,24.9755859375
38.535156,24.169921875
38.537109,23.162841796875
38.539062,22.15576171875
38.541016,21.35009765625
38.542969,17.120361328125
38.544922,16.51611328125
38.546875,16.11328125
38.548828,16.11328125
38.550781,16.314697265625
38.552734,16.9189453125
38.554688,17.523193359375
38.556641,18.5302734375
38.558594,13.29345703125
38.560547,14.300537109375
38.5625,15.106201171875
38.564453,15.911865234375
38.566406,16.314697265625
38.568359,16.51611328125
38.570312,16.51611328125
38.572266,16.11328125
38.574219,15.71044921875
38.576172,8.056640625
38.578125,7.2509765625
38.580078,6.243896484375
38.582031,5.23681640625
38.583984,4.43115234375
38.585938,3.826904296875
38.587891,3.424072265625
38.589844,3.22265625
38.591797,-2.81982421875
38.59375,-2.4169921875
38.595703,-1.611328125
38.597656,-0.8056640625
38.599609,0.0
38.601562,1.007080078125
38.603516,2.01416015625
38.605469,-0.8056640625
38.607422,-0.201416015625
38.609375,0.0
38.611328,0.0
38.613281,-0.201416015625
38.615234,-0.604248046875
38.617188,-1.409912109375
38.619141,-2.215576171875
38.621094,-3.826904296875
38.623047,-4.833984375
38.625,-5.6396484375
38.626953,-6.243896484375
38.628906,-6.84814453125
38.630859,-7.049560546875
38.632812,-7.049560546875
38.634766,-6.646728515625
38.636719,-3.62548828125
38.638672,-3.021240234375
38.640625,-2.01416015625
38.642578,-1.007080078125
38.644531,-0.201416015625
38.646484,0.8056640625
38.648438,1.409912109375
38.650391,1.812744140625
38.652344,2.01416015625
38.654297,6.04248046875
38.65625,5.6396484375
38.658203,5.035400390625
38.660156,4.229736328125
38.662109,3.22265625
38.664062,2.4169921875
38.666016,1.409912109375
38.667969,0.604248046875
38.669922,7.049560546875
38.671875,6.646728515625
38.673828,6.646728515625
38.675781,6.84814453125
38.677734,7.2509765625
38.679688,8.056640625
38.681641,8.8623046875
38.683594,9.869384765625
38.685547,17.724609375
38.6875,18.731689453125
38.689453,19.3359375
38.691406,19.940185546875
38.693359,20.1416015625
38.695312,20.1416015625
38.697266,19.73876953125
38.699219,19.134521484375
38.701172,23.565673828125
38.703125,22.760009765625
38.705078,21.7529296875
38.707031,20.745849609375
38.708984,19.940185546875
38.710938,19.3359375
38.712891,18.93310546875
38.714844,18.731689453125
38.716797,20.343017578125
38.71875,20.745849609375
38.720703,21.551513671875
38.722656,22.357177734375
38.724609,23.162841796875
38.726562,24.169921875
38.728516,25.177001953125
38.730469,25.982666015625
38.732422,26.385498046875
38.734375,26.788330078125
38.736328,26.788330078125
38.738281,26.5869140625
38.740234,26.18408203125
38.742188,24.774169921875
38.744141,23.76708984375
38.746094,18.12744140625
38.748047,17.120361328125
38.75,16.11328125
38.751953,15.509033203125
38.753906,14.90478515625
38.755859,14.703369140625
38.757812,14.703369140625
38.759766,15.106201171875
38.761719,15.71044921875
38.763672,10.07080078125
38.765625,11.077880859375
38.767578,12.0849609375
38.769531,12.890625
38.771484,13.897705078125
38.773438,14.501953125
38.775391,14.90478515625
38.777344,15.106201171875
38.779297,8.056640625
38.78125,7.65380859375
38.783203,6.84814453125
38.785156,6.04248046875
38.787109,5.23681640625
38.789062,4.229736328125
38.791016,3.22265625
38.792969,2.4169921875
38.794922,2.01416015625
38.796875,-4.43115234375
38.798828,-4.43115234375
38.800781,-4.229736328125
38.802734,-3.826904296875
38.804688,-3.021240234375
38.806641,-2.215576171875
38.808594,-1.20849609375
38.810547,-0.201416015625
38.8125,-1.812744140625
38.814453,-1.007080078125
38.816406,-1.007080078125
38.818359,-0.8056640625
38.820312,-0.8056640625
38.822266,-1.20849609375
38.824219,-1.812744140625
38.826172,-2.618408203125
38.828125,-3.424072265625
38.830078,-4.43115234375
38.832031,-5.438232421875
38.833984,-6.243896484375
38.835938,-6.84814453125
38.837891,-7.2509765625
38.839844,-7.452392578125
38.841797,-7.2509765625
38.84375,-6.84814453125
38.845703,-6.243896484375
38.847656,-5.438232421875
38.849609,-4.43115234375
38.851562,0.604248046875
38.853516,1.409912109375
38.855469,2.215576171875
38.857422,9.466552734375
38.859375,9.66796875
38.861328,9.66796875
38.863281,9.466552734375
38.865234,9.063720703125
38.867188,8.258056640625
38.869141,7.452392578125
38.871094,6.4453125
38.873047,5.438232421875
38.875,4.632568359375
38.876953,10.87646484375
38.878906,10.4736328125
38.880859,10.272216796875
38.882812,10.272216796875
38.884766,10.675048828125
38.886719,11.077880859375
38.888672,11.883544921875
38.890625,18.5302734375
38.892578,19.537353515625
38.894531,20.54443359375
38.896484,21.35009765625
38.898438,21.954345703125
38.900391,22.357177734375
38.902344,22.55859375
38.904297,22.357177734375
38.90625,25.579833984375
38.908203,24.9755859375
38.910156,23.968505859375
38.912109,23.162841796875
38.914062,22.15576171875
38.916016,21.148681640625
38.917969,20.54443359375
38.919922,19.940185546875
38.921875,20.343017578125
38.923828,20.343017578125
38.925781,20.54443359375
38.927734,21.148681640625
38.929688,21.7529296875
38.931641,22.760009765625
38.933594,23.565673828125
38.935547,24.57275390625
38.9375,22.760009765625
38.939453,23.3642578125
38.941406,23.968505859375
38.943359,24.169921875
38.945312,24.169921875
38.947266,23.76708984375
38.949219,23.162841796875
38.951172,22.357177734375
38.953125,21.551513671875
38.955078,20.54443359375
38.957031,19.537353515625
38.958984,18.731689453125
38.960938,18.12744140625
38.962891,17.724609375
38.964844,11.68212890625
38.966797,11.883544921875
38.96875,5.23681640625
38.970703,6.04248046875
38.972656,6.84814453125
38.974609,7.65380859375
38.976562,8.660888671875
38.978516,9.66796875
38.980469,10.4736328125
38.982422,10.87646484375
38.984375,11.279296875
38.986328,5.23681640625
38.988281,5.035400390625
38.990234,4.43115234375
38.992188,3.826904296875
38.994141,2.81982421875
38.996094,1.812744140625
38.998047,1.007080078125
39.0,0.0
39.001953,-5.035400390625
39.003906,-5.438232421875
39.005859,-5.841064453125
39.007812,-5.6396484375
39.009766,-5.438232421875
39.011719,-6.646728515625
39.013672,-5.841064453125
39.015625,-5.035400390625
39.017578,-4.0283203125
39.019531,-3.021240234375
39.021484,-2.215576171875
39.023438,-1.611328125
39.025391,-1.20849609375
39.027344,-1.007080078125
39.029297,-1.20849609375
39.03125,-1.611328125
39.033203,-1.007080078125
39.035156,-1.812744140625
39.037109,-2.81982421875
39.039062,-3.826904296875
39.041016,-4.632568359375
39.042969,-5.438232421875
39.044922,-6.04248046875
39.046875,-6.4453125
39.048828,-2.01416015625
39.050781,-1.812744140625
39.052734,-1.20849609375
39.054688,-0.604248046875
39.056641,0.40283203125
39.058594,1.20849609375
39.060547,2.215576171875
39.0625,3.021240234375
39.064453,3.826904296875
39.066406,4.229736328125
39.068359,4.632568359375
39.070312,4.43115234375
39.072266,11.077880859375
39.074219,10.4736328125
39.076172,9.66796875
39.078125,8.660888671875
39.080078,14.703369140625
39.082031,13.897705078125
39.083984,12.890625
39.085938,12.286376953125
39.087891,11.883544921875
39.089844,11.68212890625
39.091797,11.883544921875
39.09375,12.286376953125
39.095703,18.328857421875
39.097656,19.3359375
39.099609,20.1416015625
39.101562,21.148681640625
39.103516,22.15576171875
39.105469,22.760009765625
39.107422,23.3642578125
39.109375,23.76708984375
39.111328,23.76708984375
39.113281,26.788330078125
39.115234,26.385498046875
39.117188,25.579833984375
39.119141,24.774169921875
39.121094,23.76708984375
39.123047,22.760009765625
39.125,21.954345703125
39.126953,21.148681640625
39.128906,19.73876953125
39.130859,19.3359375
39.132812,19.537353515625
39.134766,19.73876953125
39.136719,20.343017578125
39.138672,21.148681640625
39.140625,22.15576171875
39.142578,22.96142578125
39.144531,23.968505859375
39.146484,21.954345703125
39.148438,22.55859375
39.150391,22.96142578125
39.152344,23.162841796875
39.154297,22.96142578125
39.15625,22.55859375
39.158203,21.954345703125
39.160156,21.148681640625
39.162109,13.897705078125
39.164062,12.890625
39.166016,12.0849609375
39.167969,11.279296875
39.169922,10.675048828125
39.171875,10.272216796875
39.173828,10.272216796875
39.175781,10.4736328125
39.177734,11.077880859375
39.179688,11.68212890625
39.181641,12.689208984375
39.183594,13.494873046875
39.185547,14.501953125
39.1875,15.509033203125
39.189453,2.4169921875
39.191406,2.81982421875
39.193359,3.021240234375
39.195312,3.021240234375
39.197266,2.618408203125
39.199219,2.01416015625
39.201172,1.409912109375
39.203125,0.40283203125
39.205078,-0.604248046875
39.207031,-4.833984375
39.208984,-5.6396484375
39.210938,-6.243896484375
39.212891,-6.646728515625
39.214844,-6.84814453125
39.216797,-6.646728515625
39.21875,-6.243896484375
39.220703,-5.6396484375
39.222656,-4.833984375
39.224609,-4.43115234375
39.226562,-3.424072265625
39.228516,-2.618408203125
39.230469,-1.812744140625
39.232422,-1.20849609375
39.234375,-0.8056640625
39.236328,-0.8056640625
39.238281,-1.007080078125
39.240234,1.20849609375
39.242188,0.40283203125
39.244141,-0.40283203125
39.246094,-1.409912109375
39.248047,-2.215576171875
39.25,-3.22265625
39.251953,-3.826904296875
39.253906,-4.43115234375
39.255859,1.611328125
39.257812,1.611328125
39.259766,2.01416015625
39.261719,2.4169921875
39.263672,3.22265625
39.265625,4.229736328125
39.267578,5.23681640625
39.269531,12.890625
39.271484,13.6962890625
39.273438,14.501953125
39.275391,14.90478515625
39.277344,14.90478515625
39.279297,14.90478515625
39.28125,14.501953125
39.283203,13.6962890625
39.285156,12.890625
39.287109,12.0849609375
39.289062,11.077880859375
39.291016,10.07080078125
39.292969,9.26513671875
39.294922,8.8623046875
39.296875,8.45947265625
39.298828,8.45947265625
39.300781,20.1416015625
39.302734,20.54443359375
39.304688,21.35009765625
39.306641,22.15576171875
39.308594,23.162841796875
39.310547,24.169921875
39.3125,24.9755859375
39.314453,25.78125
39.316406,26.18408203125
39.318359,26.385498046875
39.320312,26.98974609375
39.322266,26.5869140625
39.324219,25.982666015625
39.326172,25.177001953125
39.328125,24.371337890625
39.330078,23.3642578125
39.332031,22.357177734375
39.333984,19.940185546875
39.335938,19.3359375
39.337891,18.93310546875
39.339844,18.731689453125
39.341797,18.93310546875
39.34375,19.3359375
39.345703,19.940185546875
39.347656,20.745849609375
39.349609,21.7529296875
39.351562,17.32177734375
39.353516,18.328857421875
39.355469,19.134521484375
39.357422,19.73876953125
39.359375,19.940185546875
39.361328,19.940185546875
39.363281,19.73876953125
39.365234,19.3359375
39.367188,11.68212890625
39.369141,10.87646484375
39.371094,9.869384765625
39.373047,8.8623046875
39.375,8.056640625
39.376953,7.2509765625
39.378906,6.84814453125
39.380859,6.646728515625
39.382812,6.646728515625
39.384766,0.201416015625
39.386719,0.604248046875
39.388672,1.409912109375
39.390625,2.4169921875
39.392578,3.424072265625
39.394531,4.229736328125
39.396484,5.035400390625
39.398438,5.841064453125
39.400391,6.243896484375
39.402344,3.424072265625
39.404297,1.409912109375
39.40625,1.007080078125
39.408203,0.40283203125
39.410156,-0.40283203125
39.412109,-1.409912109375
39.414062,-4.229736328125
39.416016,-5.23681640625
39.417969,-5.841064453125
39.419922,-6.4453125
39.421875,-6.84814453125
39.423828,-6.84814453125
39.425781,-6.646728515625
39.427734,-6.243896484375
39.429688,-5.438232421875
39.431641,-3.62548828125
39.433594,-2.618408203125
39.435547,-1.611328125
39.4375,-0.8056640625
39.439453,0.0
39.441406,0.40283203125
39.443359,0.8056640625
39.445312,5.035400390625
39.447266,4.632568359375
39.449219,4.0283203125
39.451172,3.22265625
39.453125,2.4169921875
39.455078,1.409912109375
39.457031,0.40283203125
39.458984,-0.40283203125
39.460938,-1.007080078125
39.462891,4.833984375
39.464844,4.833984375
39.466797,4.833984375
39.46875,5.23681640625
39.470703,6.04248046875
39.472656,6.84814453125
39.474609,7.65380859375
39.476562,8.660888671875
39.478516,16.717529296875
39.480469,17.523193359375
39.482422,17.926025390625
39.484375,18.328857421875
39.486328,18.328857421875
39.488281,18.12744140625
39.490234,17.724609375
39.492188,16.9189453125
39.494141,21.35009765625
39.496094,20.343017578125
39.498047,19.3359375
39.5,18.5302734375
39.501953,17.926025390625
39.503906,17.32177734375
39.505859,17.120361328125
39.507812,17.120361328125
39.509766,17.523193359375
39.511719,18.12744140625
39.513672,18.731689453125
39.515625,19.73876953125
39.517578,20.745849609375
39.519531,21.551513671875
39.521484,26.385498046875
39.523438,26.98974609375
39.525391,27.593994140625
39.527344,27.593994140625
39.529297,27.593994140625
39.53125,26.98974609375
39.533203,26.385498046875
39.535156,25.579833984375
39.537109,24.57275390625
39.539062,23.76708984375
39.541016,22.760009765625
39.542969,18.731689453125
39.544922,18.12744140625
39.546875,17.724609375
39.548828,17.724609375
39.550781,17.926025390625
39.552734,18.5302734375
39.554688,19.134521484375
39.556641,14.09912109375
39.558594,14.90478515625
39.560547,15.911865234375
39.5625,16.717529296875
39.564453,17.523193359375
39.566406,17.926025390625
39.568359,18.328857421875
39.570312,18.12744140625
39.572266,11.077880859375
39.574219,10.4736328125
39.576172,9.66796875
39.578125,8.8623046875
39.580078,7.855224609375
39.582031,6.84814453125
39.583984,6.04248046875
39.585938,5.438232421875
39.587891,5.035400390625
39.589844,-1.409912109375
39.591797,-1.20849609375
39.59375,-0.8056640625
39.595703,-0.201416015625
39.597656,0.604248046875
39.599609,-3.021240234375
39.601562,-2.01416015625
39.603516,-1.20849609375
39.605469,-0.40283203125
39.607422,0.201416015625
39.609375,0.604248046875
39.611328,0.604248046875
39.613281,0.40283203125
39.615234,-0.201416015625
39.617188,-0.8056640625
39.619141,-1.812744140625
39.621094,-2.618408203125
39.623047,-3.62548828125
39.625,-4.43115234375
39.626953,-5.23681640625
39.628906,-5.6396484375
39.630859,-7.2509765625
39.632812,-4.632568359375
39.634766,-4.43115234375
39.636719,-3.826904296875
39.638672,-3.021240234375
39.640625,-2.215576171875
39.642578,-1.20849609375
39.644531,-0.201416015625
39.646484,0.604248046875
39.648438,1.20849609375
39.650391,1.611328125
39.652344,6.4453125
39.654297,6.243896484375
39.65625,5.841064453125
39.658203,5.23681640625
39.660156,4.43115234375
39.662109,3.424072265625
39.664062,2.4169921875
39.666016,1.611328125
39.667969,7.65380859375
39.669922,7.049560546875
39.671875,6.646728515625
39.673828,6.646728515625
39.675781,6.84814453125
39.677734,7.2509765625
39.679688,8.056640625
39.681641,15.509033203125
39.683594,16.51611328125
39.685547,17.523193359375
39.6875,18.328857421875
39.689453,19.134521484375
39.691406,19.537353515625
39.693359,19.940185546875
39.695312,19.73876953125
39.697266,19.537353515625
39.699219,18.93310546875
39.701172,22.96142578125
39.703125,22.15576171875
39.705078,21.148681640625
39.707031,20.1416015625
39.708984,19.3359375
39.710938,18.731689453125
39.712891,18.328857421875
39.714844,18.12744140625
39.716797,18.328857421875
39.71875,18.731689453125
39.720703,19.3359375
39.722656,20.1416015625
39.724609,21.148681640625
39.726562,24.57275390625
39.728516,24.371337890625
39.730469,24.9755859375
39.732422,25.579833984375
39.734375,25.982666015625
39.736328,25.982666015625
39.738281,25.78125
39.740234,25.37841796875
39.742188,24.57275390625
39.744141,23.76708984375
39.746094,22.760009765625
39.748047,17.32177734375
39.75,16.51611328125
39.751953,15.911865234375
39.753906,15.3076171875
39.755859,15.106201171875
39.757812,15.106201171875
39.759766,15.509033203125
39.761719,16.11328125
39.763672,10.07080078125
39.765625,11.077880859375
39.767578,12.0849609375
39.769531,12.890625
39.771484,13.897705078125
39.773438,14.501953125
39.775391,14.90478515625
39.777344,15.106201171875
39.779297,7.65380859375
39.78125,7.2509765625
39.783203,6.646728515625
39.785156,5.841064453125
39.787109,4.833984375
39.789062,4.0283203125
39.791016,3.021240234375
39.792969,-3.826904296875
39.794922,-4.43115234375
39.796875,-4.833984375
39.798828,-4.833984375
39.800781,-4.632568359375
39.802734,-4.0283203125
39.804688,-3.424072265625
39.806641,-2.4169921875
39.808594,-1.409912109375
39.810547,-0.604248046875
39.8125,-2.01416015625
39.814453,-1.409912109375
39.816406,-0.8056640625
39.818359,-0.604248046875
39.820312,-0.604248046875
39.822266,-1.007080078125
39.824219,-1.611328125
39.826172,-2.4169921875
39.828125,-3.021240234375
39.830078,-4.0283203125
39.832031,-5.035400390625
39.833984,-5.841064453125
39.835938,-6.4453125
39.837891,-6.84814453125
39.839844,-7.049560546875
39.841797,-2.4169921875
39.84375,-2.01416015625
39.845703,-1.409912109375
39.847656,-0.604248046875
39.849609,0.40283203125
39.851562,1.20849609375
39.853516,2.215576171875
39.855469,3.021240234375
39.857422,3.62548828125
39.859375,9.66796875
39.861328,9.869384765625
39.863281,9.466552734375
39.865234,9.063720703125
39.867188,8.258056640625
39.869141,7.452392578125
39.871094,6.4453125
39.873047,5.6396484375
39.875,4.632568359375
39.876953,11.077880859375
39.878906,10.4736328125
39.880859,10.272216796875
39.882812,10.272216796875
39.884766,10.675048828125
39.886719,11.279296875
39.888672,12.0849609375
39.890625,18.93310546875
39.892578,19.940185546875
39.894531,20.947265625
39.896484,21.7529296875
39.898438,22.357177734375
39.900391,22.760009765625
39.902344,22.96142578125
39.904297,22.760009765625
39.90625,26.18408203125
39.908203,25.579833984375
39.910156,24.57275390625
39.912109,23.76708984375
39.914062,22.760009765625
39.916016,21.7529296875
39.917969,21.148681640625
39.919922,20.54443359375
39.921875,20.1416015625
39.923828,20.745849609375
39.925781,20.947265625
39.927734,21.35009765625
39.929688,22.15576171875
39.931641,22.96142578125
39.933594,23.968505859375
39.935547,24.9755859375
39.9375,25.78125
39.939453,26.5869140625
39.941406,26.98974609375
39.943359,27.191162109375
39.945312,27.191162109375
39.947266,26.788330078125
39.949219,26.385498046875
39.951172,25.579833984375
39.953125,15.71044921875
39.955078,14.703369140625
39.957031,13.897705078125
39.958984,13.092041015625
39.960938,12.286376953125
39.962891,11.883544921875
39.964844,11.883544921875
39.966797,11.883544921875
39.96875,12.286376953125
39.970703,6.04248046875
39.972656,6.84814453125
39.974609,7.855224609375
39.976562,8.8623046875
39.978516,9.66796875
39.980469,10.4736328125
39.982422,11.077880859375
39.984375,11.279296875
39.986328,4.833984375
39.988281,-0.201416015625
39.990234,-0.604248046875
39.992188,-1.409912109375
39.994141,-2.215576171875
39.996094,-3.22265625
39.998047,-4.0283203125
40.0,-5.035400390625
40.001953,-5.6396484375
40.003906,-6.243896484375
40.005859,-6.4453125
40.007812,-6.4453125
40.009766,-6.04248046875
40.011719,-5.438232421875
40.013672,-4.632568359375
40.015625,-3.826904296875
40.017578,-2.81982421875
40.019531,-2.618408203125
40.021484,-1.812744140625
40.023438,-1.20849609375
40.025391,-0.604248046875
40.027344,-0.604248046875
40.029297,-0.604248046875
40.03125,-1.20849609375
40.033203,0.604248046875
40.035156,-0.201416015625
40.037109,-1.20849609375
40.039062,-2.215576171875
40.041016,-3.021240234375
40.042969,-3.826904296875
40.044922,-4.43115234375
40.046875,-4.833984375
40.048828,-4.833984375
40.050781,-4.632568359375
40.052734,-4.0283203125
40.054688,-3.424072265625
40.056641,-2.4169921875
40.058594,-1.409912109375
40.060547,-0.604248046875
40.0625,0.40283203125
40.064453,12.48779296875
40.066406,12.890625
40.068359,13.092041015625
40.070312,13.092041015625
40.072266,12.890625
40.074219,12.286376953125
40.076172,11.480712890625
40.078125,10.4736328125
40.080078,9.66796875
40.082031,13.897705078125
40.083984,13.092041015625
40.085938,12.286376953125
40.087891,11.883544921875
40.089844,11.883544921875
40.091797,11.883544921875
40.09375,12.286376953125
40.095703,13.092041015625
40.097656,18.93310546875
40.099609,19.940185546875
40.101562,20.947265625
40.103516,21.7529296875
40.105469,22.55859375
40.107422,23.162841796875
40.109375,23.565673828125
40.111328,23.565673828125
40.113281,27.392578125
40.115234,26.788330078125
40.117188,26.18408203125
40.119141,25.177001953125
40.121094,24.169921875
40.123047,23.3642578125
40.125,22.357177734375
40.126953,21.7529296875
40.128906,19.940185546875
40.130859,19.73876953125
40.132812,19.73876953125
40.134766,20.1416015625
40.136719,20.745849609375
40.138672,21.551513671875
40.140625,22.357177734375
40.142578,23.3642578125
40.144531,20.54443359375
40.146484,21.35009765625
40.148438,21.954345703125
40.150391,22.55859375
40.152344,22.55859375
40.154297,22.55859375
40.15625,21.954345703125
40.158203,21.35009765625
40.160156,20.54443359375
40.162109,19.537353515625
40.164062,18.731689453125
40.166016,17.724609375
40.167969,16.9189453125
40.169922,10.675048828125
40.171875,10.272216796875
40.173828,3.021240234375
40.175781,3.22265625
40.177734,3.826904296875
40.179688,4.43115234375
40.181641,5.438232421875
40.183594,1.611328125
40.185547,1.409912109375
40.1875,2.215576171875
40.189453,3.021240234375
40.191406,3.62548828125
40.193359,3.826904296875
40.195312,3.62548828125
40.197266,3.424072265625
40.199219,2.81982421875
40.201172,2.01416015625
40.203125,1.20849609375
40.205078,0.201416015625
40.207031,-5.23681640625
40.208984,-6.04248046875
40.210938,-6.84814453125
40.212891,-7.2509765625
40.214844,-7.2509765625
40.216797,-7.2509765625
40.21875,-6.84814453125
40.220703,-6.04248046875
40.222656,-5.438232421875
40.224609,-4.43115234375
40.226562,-3.424072265625
40.228516,-2.618408203125
40.230469,-1.812744140625
40.232422,-1.20849609375
40.234375,-0.8056640625
40.236328,-0.8056640625
40.238281,2.4169921875
40.240234,2.01416015625
40.242188,1.20849609375
40.244141,0.40283203125
40.246094,-0.604248046875
40.248047,-1.611328125
40.25,-2.4169921875
40.251953,-3.22265625
40.253906,1.812744140625
40.255859,1.611328125
40.257812,1.611328125
40.259766,2.01416015625
40.261719,2.618408203125
40.263672,3.22265625
40.265625,4.229736328125
40.267578,5.23681640625
40.269531,6.04248046875
40.271484,6.84814453125
40.273438,7.65380859375
40.275391,8.056640625
40.277344,8.056640625
40.279297,8.056640625
40.28125,7.65380859375
40.283203,19.940185546875
40.285156,19.134521484375
40.287109,18.328857421875
40.289062,17.32177734375
40.291016,16.314697265625
40.292969,15.509033203125
40.294922,15.106201171875
40.296875,14.703369140625
40.298828,14.703369140625
40.300781,14.90478515625
40.302734,19.940185546875
40.304688,20.54443359375
40.306641,21.551513671875
40.308594,22.357177734375
40.310547,23.3642578125
40.3125,24.169921875
40.314453,24.9755859375
40.316406,25.579833984375
40.318359,27.191162109375
40.320312,27.191162109375
40.322266,26.788330078125
40.324219,26.18408203125
40.326172,25.37841796875
40.328125,24.57275390625
40.330078,23.565673828125
40.332031,22.55859375
40.333984,19.3359375
40.335938,18.731689453125
40.337891,18.328857421875
40.339844,18.12744140625
40.341797,18.328857421875
40.34375,18.731689453125
40.345703,19.3359375
40.347656,20.343017578125
40.349609,21.148681640625
40.351562,17.32177734375
40.353516,18.328857421875
40.355469,19.134521484375
40.357422,19.73876953125
40.359375,19.940185546875
40.361328,19.940185546875
40.363281,19.73876953125
40.365234,19.3359375
40.367188,11.68212890625
40.369141,10.87646484375
40.371094,9.869384765625
40.373047,8.8623046875
40.375,8.056640625
40.376953,7.2509765625
40.378906,0.40283203125
40.380859,0.201416015625
40.382812,0.201416015625
40.384766,0.40283203125
40.386719,1.007080078125
40.388672,1.812744140625
40.390625,2.81982421875
40.392578,3.826904296875
40.394531,4.632568359375
40.396484,5.438232421875
40.398438,6.243896484375
40.400391,1.611328125
40.402344,1.812744140625
40.404297,1.611328125
40.40625,1.20849609375
40.408203,0.604248046875
40.410156,-0.40283203125
40.412109,-1.20849609375
40.414062,-5.23681640625
40.416016,-6.243896484375
40.417969,-7.049560546875
40.419922,-7.65380859375
40.421875,-7.855224609375
40.423828,-8.056640625
40.425781,-7.65380859375
40.427734,-7.2509765625
40.429688,-6.4453125
40.431641,-4.43115234375
40.433594,-3.424072265625
40.435547,-2.618408203125
40.4375,-1.611328125
40.439453,-1.007080078125
40.441406,-0.40283203125
40.443359,-0.201416015625
40.445312,4.43115234375
40.447266,4.0283203125
40.449219,3.424072265625
40.451172,2.81982421875
40.453125,1.812744140625
40.455078,0.8056640625
40.457031,0.0
40.458984,-1.007080078125
40.460938,-1.611328125
40.462891,3.22265625
40.464844,3.021240234375
40.466797,3.22265625
40.46875,3.62548828125
40.470703,4.229736328125
40.472656,5.035400390625
40.474609,6.04248046875
40.476562,7.049560546875
40.478516,14.90478515625
40.480469,15.71044921875
40.482422,16.314697265625
40.484375,16.717529296875
40.486328,16.717529296875
40.488281,16.51611328125
40.490234,15.911865234375
40.492188,15.3076171875
40.494141,14.300537109375
40.496094,13.494873046875
40.498047,12.48779296875
40.5,11.480712890625
40.501953,10.87646484375
40.503906,16.51611328125
40.505859,16.314697265625
40.507812,19.537353515625
40.509766,19.73876953125
40.511719,20.343017578125
40.513672,21.148681640625
40.515625,22.15576171875
40.517578,22.96142578125
40.519531,23.968505859375
40.521484,24.774169921875
40.523438,25.579833984375
40.525391,26.98974609375
40.527344,27.191162109375
40.529297,26.98974609375
40.53125,26.5869140625
40.533203,25.982666015625
40.535156,25.177001953125
40.537109,24.169921875
40.539062,23.162841796875
40.541016,19.73876953125
40.542969,18.93310546875
40.544922,18.328857421875
40.546875,17.926025390625
40.548828,17.926025390625
40.550781,18.12744140625
40.552734,18.731689453125
40.554688,19.3359375
40.556641,20.343017578125
40.558594,15.3076171875
40.560547,16.314697265625
40.5625,17.120361328125
40.564453,17.926025390625
40.566406,18.328857421875
40.568359,18.5302734375
40.570312,18.5302734375
40.572266,11.077880859375
40.574219,4.0283203125
40.576172,3.22265625
40.578125,2.4169921875
40.580078,1.409912109375
40.582031,0.40283203125
40.583984,-0.40283203125
40.585938,-1.007080078125
40.587891,-1.409912109375
40.589844,-1.611328125
40.591797,-1.409912109375
40.59375,-1.007080078125
40.595703,-0.40283203125
40.597656,0.40283203125
40.599609,1.409912109375
40.601562,-2.215576171875
40.603516,-1.409912109375
40.605469,-0.604248046875
40.607422,0.0
40.609375,0.40283203125
40.611328,0.40283203125
40.613281,0.201416015625
40.615234,-0.40283203125
40.617188,-1.007080078125
40.619141,-2.01416015625
40.621094,-4.43115234375
40.623047,-5.23681640625
40.625,-6.243896484375
40.626953,-6.84814453125
40.628906,-7.452392578125
40.630859,-7.65380859375
40.632812,-7.65380859375
40.634766,-7.2509765625
40.636719,-3.826904296875
40.638672,-3.021240234375
40.640625,-2.215576171875
40.642578,-1.20849609375
40.644531,-0.201416015625
40.646484,0.604248046875
40.648438,1.20849609375
40.650391,1.611328125
40.652344,1.812744140625
40.654297,6.243896484375
40.65625,5.841064453125
40.658203,5.23681640625
40.660156,4.43115234375
40.662109,3.424072265625
40.664062,2.4169921875
40.666016,1.611328125
40.667969,7.65380859375
40.669922,7.049560546875
40.671875,6.646728515625
40.673828,6.646728515625
40.675781,6.84814453125
40.677734,7.2509765625
40.679688,8.056640625
40.681641,8.8623046875
40.683594,9.869384765625
40.685547,17.926025390625
40.6875,18.731689453125
40.689453,19.537353515625
40.691406,19.940185546875
40.693359,20.343017578125
40.695312,20.1416015625
40.697266,19.940185546875
40.699219,19.3359375
40.701172,18.5302734375
40.703125,17.724609375
40.705078,16.717529296875
40.707031,15.71044921875
40.708984,14.90478515625
40.710938,15.911865234375
40.712891,16.314697265625
40.714844,46.527099609375
40.716797,4.0283203125
40.71875,4.0283203125
40.720703,138.57421875
40.722656,61.431884765625
40.724609,75.732421875
40.726562,-63.446044921875
40.728516,-57.2021484375
40.730469,144.2138671875
40.732422,138.97705078125
40.734375,32.025146484375
40.736328,109.97314453125
40.738281,249.957275390625
40.740234,139.3798828125
40.742188,28.399658203125
40.744141,-161.53564453125
40.746094,77.74658203125
40.748047,-256.201171875
40.75,258.21533203125
40.751953,-465.069580078125
40.753906,213.09814453125
40.755859,-67.67578125
40.757812,66.265869140625
40.759766,375.84228515625
40.761719,41.49169921875
40.763672,3.62548828125
40.765625,-9.66796875
40.767578,-9.466552734375
40.769531,112.79296875
40.771484,6.84814453125
40.773438,-25.37841796875
40.775391,576.251220703125
40.777344,-134.94873046875
40.779297,132.9345703125
40.78125,0.604248046875
40.783203,93.45703125
40.785156,162.139892578125
40.787109,-17.120361328125
40.789062,-102.3193359375
40.791016,-62.237548828125
40.792969,344.82421875
40.794922,-72.308349609375
40.796875,14.09912109375
40.798828,268.487548828125
40.800781,246.93603515625
40.802734,-11.480712890625
40.804688,-8.660888671875
40.806641,4.229736328125
40.808594,-143.609619140625
40.810547,-42.29736328125
40.8125,-111.9873046875
40.814453,-83.38623046875
40.816406,-169.793701171875
40.818359,-87.213134765625
40.820312,-10.07080078125
40.822266,46.32568359375
40.824219,-184.295654296875
40.826172,215.313720703125
40.828125,15.3076171875
40.830078,53.9794921875
40.832031,-99.298095703125
40.833984,188.92822265625
40.835938,52.569580078125
40.837891,-136.56005859375
40.839844,-97.08251953125
40.841797,27.392578125
40.84375,61.23046875
40.845703,30.615234375
40.847656,365.36865234375
40.849609,61.834716796875
40.851562,-93.05419921875
40.853516,-126.08642578125
40.855469,-333.94775390625
40.857422,-52.569580078125
40.859375,-26.5869140625
40.861328,183.489990234375
40.863281,-29.00390625
40.865234,-10.272216796875
40.867188,-21.148681640625
40.869141,32.427978515625
40.871094,185.302734375
40.873047,274.530029296875
40.875,224.176025390625
40.876953,-150.25634765625
40.878906,-79.962158203125
40.880859,-242.706298828125
40.882812,-6.04248046875
40.884766,105.340576171875
40.886719,106.146240234375
40.888672,156.70166015625
40.890625,116.8212890625
40.892578,-135.955810546875
40.894531,-110.980224609375
40.896484,100.103759765625
40.898438,106.34765625
40.900391,-55.5908203125
40.902344,29.8095703125
40.904297,-29.00390625
40.90625,-33.0322265625
40.908203,44.110107421875
40.910156,47.5341796875
40.912109,13.494873046875
40.914062,-121.6552734375
40.916016,-33.43505859375
40.917969,-238.677978515625
40.919922,62.237548828125
40.921875,-1.409912109375
40.923828,270.098876953125
40.925781,87.41455078125
40.927734,101.513671875
40.929688,-169.9951171875
40.931641,-54.78515625
40.933594,69.68994140625
40.935547,-99.700927734375
40.9375,3.424072265625
40.939453,-151.263427734375
40.941406,-175.433349609375
40.943359,153.8818359375
40.945312,-82.177734375
40.947266,326.092529296875
40.949219,-53.9794921875
40.951172,-41.0888671875
40.953125,173.62060546875
40.955078,-147.4365234375
40.957031,58.8134765625
40.958984,-28.399658203125
40.960938,-182.080078125
40.962891,77.142333984375
40.964844,228.607177734375
40.966797,-7.049560546875
40.96875,-77.545166015625
40.970703,-102.72216796875
40.972656,-52.166748046875
40.974609,1.20849609375
40.976562,49.749755859375
40.978516,-17.523193359375
40.980469,-39.4775390625
40.982422,72.509765625
40.984375,-66.668701171875
40.986328,117.22412109375
40.988281,21.551513671875
40.990234,136.56005859375
40.992188,-128.50341796875
40.994141,-194.366455078125
40.996094,-76.94091796875
40.998047,300.714111328125
41.0,483.3984375
41.001953,180.670166015625
41.003906,-105.13916015625
41.005859,20.947265625
41.007812,52.77099609375
41.009766,135.75439453125
41.011719,216.925048828125
41.013672,-47.13134765625
41.015625,-79.35791015625
41.017578,-280.169677734375
41.019531,-25.982666015625
41.021484,128.704833984375
41.023438,73.516845703125
41.025391,37.8662109375
41.027344,-221.759033203125
41.029297,104.937744140625
41.03125,-73.71826171875
41.033203,-135.3515625
41.035156,230.01708984375
41.037109,310.58349609375
41.039062,16.314697265625
41.041016,-158.31298828125
41.042969,-46.728515625
41.044922,-125.079345703125
41.046875,-311.187744140625
41.048828,-49.1455078125
41.050781,188.92822265625
41.052734,531.33544921875
41.054688,35.85205078125
41.056641,-349.25537109375
41.058594,131.927490234375
41.060547,397.998046875
41.0625,330.322265625
41.064453,-30.816650390625
41.066406,-53.9794921875
41.068359,-578.06396484375
41.070312,-268.890380859375
41.072266,-198.394775390625
41.074219,82.9833984375
41.076172,511.99951171875
41.078125,-381.0791015625
41.080078,-332.537841796875
41.082031,-148.443603515625
41.083984,96.075439453125
41.085938,-175.23193359375
41.087891,-106.951904296875
41.089844,84.19189453125
41.091797,33.636474609375
41.09375,70.0927734375
41.095703,-234.649658203125
41.097656,503.741455078125
41.099609,19.134521484375
41.101562,-103.125
41.103516,-210.2783203125
41.105469,209.87548828125
41.107422,-472.9248046875
41.109375,-10.675048828125
41.111328,-60.223388671875
41.113281,562.957763671875
41.115234,39.276123046875
41.117188,-61.431884765625
41.119141,-149.652099609375
41.121094,151.666259765625
41.123047,275.93994140625
41.125,-58.8134765625
41.126953,178.253173828125
41.128906,-11.279296875
41.130859,-129.510498046875
41.132812,-107.1533203125
41.134766,134.344482421875
41.136719,199.40185546875
41.138672,74.9267578125
41.140625,24.371337890625
41.142578,-9.466552734375
41.144531,43.304443359375
41.146484,144.415283203125
41.148438,-60.82763671875
41.150391,177.447509765625
41.152344,53.375244140625
41.154297,-121.051025390625
41.15625,22.15576171875
41.158203,-59.014892578125
41.160156,144.2138671875
41.162109,131.524658203125
41.164062,6.04248046875
41.166016,116.217041015625
41.167969,-52.3681640625
41.169922,97.686767578125
41.171875,-45.9228515625
41.173828,43.304443359375
41.175781,163.348388671875
41.177734,7.049560546875
41.179688,-192.95654296875
41.181641,-20.54443359375
41.183594,164.75830078125
41.185547,61.834716796875
41.1875,188.525390625
41.189453,155.694580078125
41.191406,172.00927734375
41.193359,-63.6474609375
41.195312,220.751953125
41.197266,29.00390625
41.199219,99.700927734375
41.201172,202.62451171875
41.203125,-221.15478515625
41.205078,27.593994140625
41.207031,-119.036865234375
41.208984,-114.202880859375
41.210938,228.0029296875
41.212891,115.411376953125
41.214844,60.4248046875
41.216797,-115.411376953125
41.21875,-148.846435546875
41.220703,44.110107421875
41.222656,-33.43505859375
41.224609,-19.940185546875
41.226562,-20.343017578125
41.228516,-12.48779296875
41.230469,-50.958251953125
41.232422,-241.69921875
41.234375,63.6474609375
41.236328,-67.877197265625
41.238281,-75.128173828125
41.240234,-26.788330078125
41.242188,146.429443359375
41.244141,42.7001953125
41.246094,24.57275390625
41.248047,71.30126953125
41.25,6.4453125
41.251953,-82.177734375
41.253906,-66.46728515625
41.255859,-48.944091796875
41.257812,193.560791015625
41.259766,118.634033203125
41.261719,199.8046875
41.263672,-169.189453125
41.265625,62.237548828125
41.267578,-96.27685546875
41.269531,32.2265625
41.271484,148.443603515625
41.273438,28.60107421875
41.275391,13.494873046875
41.277344,-65.2587890625
41.279297,-147.637939453125
41.28125,202.423095703125
41.283203,26.5869140625
41.285156,57.2021484375
41.287109,-109.5703125
41.289062,-83.184814453125
41.291016,75.531005859375
41.292969,-129.7119140625
41.294922,-47.93701171875
41.296875,100.30517578125
41.298828,158.31298828125
41.300781,2.618408203125
41.302734,58.0078125
41.304688,-92.24853515625
41.306641,99.49951171875
41.308594,189.935302734375
41.310547,-231.62841796875
41.3125,418.54248046875
41.314453,110.77880859375
41.316406,19.73876953125
41.318359,-252.1728515625
41.320312,-134.5458984375
41.322266,288.226318359375
41.324219,-78.350830078125
41.326172,28.1982421875
41.328125,116.619873046875
41.330078,-110.577392578125
41.332031,57.806396484375
41.333984,-3.22265625
41.335938,73.919677734375
41.337891,-135.3515625
41.339844,-57.403564453125
41.341797,-431.43310546875
41.34375,67.877197265625
41.345703,281.378173828125
41.347656,167.17529296875
41.349609,-327.301025390625
41.351562,38.671875
41.353516,-4.833984375
41.355469,20.947265625
41.357422,-458.4228515625
41.359375,259.625244140625
41.361328,28.399658203125
41.363281,-168.78662109375
41.365234,-342.81005859375
41.367188,122.4609375
41.369141,-292.254638671875
41.371094,192.755126953125
41.373047,133.33740234375
41.375,-70.8984375
41.376953,-350.4638671875
41.378906,-222.76611328125
41.380859,-232.635498046875
41.382812,58.41064453125
41.384766,-452.38037109375
41.386719,44.915771484375
41.388672,560.540771484375
41.390625,49.346923828125
41.392578,55.99365234375
41.394531,321.661376953125
41.396484,26.98974609375
41.398438,249.554443359375
41.400391,42.7001953125
41.402344,-390.7470703125
41.404297,184.4970703125
41.40625,-181.878662109375
41.408203,207.0556640625
41.410156,-217.730712890625
41.412109,299.102783203125
41.414062,-211.48681640625
41.416016,-379.06494140625
41.417969,-68.4814453125
41.419922,65.057373046875
41.421875,315.618896484375
41.423828,82.9833984375
41.425781,15.911865234375
41.427734,-78.350830078125
41.429688,337.774658203125
41.431641,53.778076171875
41.433594,-110.174560546875
41.435547,608.2763671875
41.4375,426.59912109375
41.439453,-96.075439453125
41.441406,-20.947265625
41.443359,80.767822265625
41.445312,154.486083984375
41.447266,180.06591796875
41.449219,174.8291015625
41.451172,232.8369140625
41.453125,-264.2578125
41.455078,144.818115234375
41.457031,62.43896484375
41.458984,-47.735595703125
41.460938,256.402587890625
41.462891,295.074462890625
41.464844,180.87158203125
41.466797,213.5009765625
41.46875,-257.208251953125
41.470703,-133.33740234375
41.472656,-385.9130859375
41.474609,61.63330078125
41.476562,-202.020263671875
41.478516,18.12744140625
41.480469,30.010986328125
41.482422,58.41064453125
41.484375,-102.3193359375
41.486328,-102.923583984375
41.488281,-4.632568359375
41.490234,48.541259765625
41.492188,-288.02490234375
41.494141,-351.873779296875
41.496094,-41.290283203125
41.498047,13.494873046875
41.5,192.352294921875
41.501953,-117.22412109375
41.503906,-1.611328125
41.505859,-188.12255859375
41.507812,212.6953125
41.509766,168.585205078125
41.511719,60.82763671875
41.513672,189.935302734375
41.515625,-187.921142578125
41.517578,-34.6435546875
41.519531,152.874755859375
41.521484,150.054931640625
41.523438,203.02734375
41.525391,39.4775390625
41.527344,-106.146240234375
41.529297,141.39404296875
41.53125,-4.0283203125
41.533203,52.972412109375
41.535156,245.123291015625
41.537109,-78.350830078125
41.539062,49.951171875
41.541016,-34.039306640625
41.542969,133.740234375
41.544922,176.4404296875
41.546875,160.528564453125
41.548828,147.637939453125
41.550781,-104.937744140625
41.552734,-79.962158203125
41.554688,-84.393310546875
41.556641,213.09814453125
41.558594,-15.71044921875
41.560547,-11.480712890625
41.5625,126.690673828125
41.564453,8.45947265625
41.566406,-45.52001953125
41.568359,-102.3193359375
41.570312,110.980224609375
41.572266,197.589111328125
41.574219,30.21240234375
41.576172,80.364990234375
41.578125,100.506591796875
41.580078,24.774169921875
41.582031,-4.632568359375
41.583984,-95.672607421875
41.585938,28.60107421875
41.587891,9.66796875
41.589844,-2.81982421875
41.591797,-46.124267578125
41.59375,-149.853515625
41.595703,-192.15087890625
41.597656,83.38623046875
41.599609,11.077880859375
41.601562,-61.834716796875
41.603516,46.929931640625
41.605469,-22.15576171875
41.607422,-169.793701171875
41.609375,-61.834716796875
41.611328,93.05419921875
41.613281,112.188720703125
41.615234,-70.294189453125
41.617188,-130.718994140625
41.619141,135.150146484375
41.621094,78.1494140625
41.623047,212.29248046875
41.625,-116.619873046875
41.626953,-252.1728515625
41.628906,-33.43505859375
41.630859,-5.6396484375
41.632812,-31.622314453125
41.634766,68.88427734375
41.636719,68.4814453125
41.638672,126.89208984375
41.640625,-59.21630859375
41.642578,-1.812744140625
41.644531,-164.154052734375
41.646484,-70.0927734375
41.648438,86.407470703125
41.650391,307.965087890625
41.652344,2.81982421875
41.654297,-115.2099609375
41.65625,-79.559326171875
41.658203,252.978515625
41.660156,43.707275390625
41.662109,-211.083984375
41.664062,-115.008544921875
41.666016,20.745849609375
41.667969,-120.0439453125
41.669922,-87.213134765625
41.671875,171.405029296875
41.673828,-5.438232421875
41.675781,111.181640625
41.677734,71.7041015625
41.679688,124.072265625
41.681641,129.510498046875
41.683594,-94.061279296875
41.685547,170.599365234375
41.6875,-65.057373046875
41.689453,163.348388671875
41.691406,-247.3388671875
41.693359,109.16748046875
41.695312,-74.52392578125
41.697266,265.0634765625
41.699219,368.59130859375
41.701172,-506.964111328125
41.703125,-368.1884765625
41.705078,111.383056640625
41.707031,67.071533203125
41.708984,-347.2412109375
41.710938,201.01318359375
41.712891,156.298828125
41.714844,-53.375244140625
41.716797,-382.6904296875
41.71875,-11.68212890625
41.720703,-13.092041015625
41.722656,60.626220703125
41.724609,-40.081787109375
41.726562,211.48681640625
41.728516,-55.5908203125
41.730469,-299.70703125
41.732422,-264.056396484375
41.734375,-228.607177734375
41.736328,-73.114013671875
41.738281,135.150146484375
41.740234,-118.231201171875
41.742188,-84.19189453125
41.744141,-179.6630859375
41.746094,-191.34521484375
41.748047,293.060302734375
41.75,345.025634765625
41.751953,392.76123046875
41.753906,61.431884765625
41.755859,-291.046142578125
41.757812,26.385498046875
41.759766,-0.201416015625
41.761719,38.26904296875
41.763672,-103.9306640625
41.765625,-366.375732421875
41.767578,80.364990234375
41.769531,-166.571044921875
41.771484,-188.323974609375
41.773438,122.05810546875
41.775391,368.1884765625
41.777344,112.994384765625
41.779297,-65.057373046875
41.78125,-373.223876953125
41.783203,-10.4736328125
41.785156,451.776123046875
41.787109,-16.314697265625
41.789062,16.314697265625
41.791016,160.3271484375
41.792969,49.54833984375
41.794922,42.29736328125
41.796875,563.1591796875
41.798828,24.9755859375
41.800781,-230.82275390625
41.802734,-45.9228515625
41.804688,-261.8408203125
41.806641,-168.3837890625
41.808594,-270.703125
41.810547,-285.205078125
41.8125,406.256103515625
41.814453,12.48779296875
41.816406,-442.108154296875
41.818359,241.900634765625
41.820312,327.301025390625
41.822266,88.623046875
41.824219,257.8125
41.826172,-50.7568359375
41.828125,-167.376708984375
41.830078,-240.692138671875
41.832031,-223.370361328125
41.833984,142.803955078125
41.835938,5.6396484375
41.837891,260.833740234375
41.839844,-147.03369140625
41.841797,31.82373046875
41.84375,-187.31689453125
41.845703,-181.2744140625
41.847656,-230.82275390625
41.849609,111.9873046875
41.851562,8.45947265625
41.853516,24.774169921875
41.855469,-160.72998046875
41.857422,-179.26025390625
41.859375,240.289306640625
41.861328,117.22412109375
41.863281,-126.08642578125
41.865234,-29.608154296875
41.867188,-82.58056640625
41.869141,-11.279296875
41.871094,60.223388671875
41.873047,48.74267578125
41.875,219.9462890625
41.876953,-13.6962890625
41.878906,-229.815673828125
41.880859,-68.280029296875
41.882812,176.84326171875
41.884766,70.0927734375
41.886719,-34.844970703125
41.888672,-41.49169921875
41.890625,86.810302734375
41.892578,-174.0234375
41.894531,-144.61669921875
41.896484,82.58056640625
41.898438,139.178466796875
41.900391,-113.5986328125
41.902344,-241.094970703125
41.904297,-74.52392578125
41.90625,144.61669921875
41.908203,88.824462890625
41.910156,165.56396484375
41.912109,80.56640625
41.914062,-77.142333984375
41.916016,-4.632568359375
41.917969,-29.205322265625
41.919922,157.91015625
41.921875,103.52783203125
41.923828,91.44287109375
41.925781,-39.4775390625
41.927734,-41.89453125
41.929688,-57.2021484375
41.931641,-127.093505859375
41.933594,27.392578125
41.935547,201.416015625
41.9375,-42.901611328125
41.939453,-21.551513671875
41.941406,-94.464111328125
41.943359,192.15087890625
41.945312,239.886474609375
41.947266,69.085693359375
41.949219,-136.358642578125
41.951172,73.516845703125
41.953125,-42.7001953125
41.955078,-68.88427734375
41.957031,65.66162109375
41.958984,55.18798828125
41.960938,165.966796875
41.962891,114.80712890625
41.964844,162.744140625
41.966797,-103.9306640625
41.96875,-140.789794921875
41.970703,-53.375244140625
41.972656,177.850341796875
41.974609,172.210693359375
41.976562,177.64892578125
41.978516,-121.453857421875
41.980469,134.94873046875
41.982422,16.314697265625
41.984375,132.733154296875
41.986328,4.229736328125
41.988281,-54.78515625
41.990234,14.09912109375
41.992188,31.82373046875
41.994141,-76.94091796875
41.996094,13.092041015625
41.998047,9.869384765625
42.0,-213.702392578125
42.001953,-19.940185546875
42.003906,-28.60107421875
42.005859,51.5625
42.007812,175.030517578125
42.009766,-408.4716796875
42.011719,208.465576171875
42.013672,-53.9794921875
42.015625,47.332763671875
42.017578,-573.6328125
42.019531,229.21142578125
42.021484,-124.273681640625
42.023438,-72.10693359375
42.025391,119.036865234375
42.027344,-112.39013671875
42.029297,489.642333984375
42.03125,-188.525390625
42.033203,-35.44921875
42.035156,-88.421630859375
42.037109,59.417724609375
42.039062,223.974609375
42.041016,-386.517333984375
42.042969,-99.298095703125
42.044922,-62.0361328125
42.046875,-287.6220703125
42.048828,-186.51123046875
42.050781,-51.15966796875
42.052734,239.483642578125
42.054688,-126.690673828125
42.056641,-139.3798828125
42.058594,15.106201171875
42.060547,-136.1572265625
42.0625,-254.791259765625
42.064453,159.92431640625
42.066406,54.38232421875
42.068359,-26.98974609375
42.070312,-94.2626953125
42.072266,-25.177001953125
42.074219,554.498291015625
42.076172,36.456298828125
42.078125,-336.566162109375
42.080078,-285.205078125
42.082031,72.10693359375
42.083984,-246.734619140625
42.085938,-46.728515625
42.087891,-220.550537109375
42.089844,116.619873046875
42.091797,109.771728515625
42.09375,-364.56298828125
42.095703,-125.28076171875
42.097656,0.0
42.099609,77.947998046875
42.101562,-315.8203125
42.103516,-321.258544921875
42.105469,-313.604736328125
42.107422,226.593017578125
42.109375,-135.955810546875
42.111328,-63.6474609375
42.113281,139.581298828125
42.115234,-25.37841796875
42.117188,12.689208984375
42.119141,-112.994384765625
42.121094,-92.449951171875
42.123047,-300.91552734375
42.125,189.73388671875
42.126953,330.322265625
42.128906,278.961181640625
42.130859,58.41064453125
42.132812,1.812744140625
42.134766,294.47021484375
42.136719,223.370361328125
42.138672,-70.0927734375
42.140625,-20.1416015625
42.142578,37.46337890625
42.144531,82.177734375
42.146484,-114.605712890625
42.148438,105.5419921875
42.150391,-22.96142578125
42.152344,-156.097412109375
42.154297,-36.456298828125
42.15625,-54.78515625
42.158203,234.4482421875
42.160156,71.502685546875
42.162109,68.682861328125
42.164062,-410.284423828125
42.166016,106.34765625
42.167969,52.3681640625
42.169922,108.966064453125
42.171875,161.9384765625
42.173828,-58.41064453125
42.175781,124.8779296875
42.177734,23.76708984375
42.179688,115.814208984375
42.181641,-63.446044921875
42.183594,-169.59228515625
42.185547,-257.208251953125
42.1875,-23.3642578125
42.189453,-211.083984375
42.191406,-17.926025390625
42.193359,-181.475830078125
42.195312,-150.6591796875
42.197266,90.032958984375
42.199219,30.615234375
42.201172,-85.400390625
42.203125,94.866943359375
42.205078,-36.65771484375
42.207031,-128.1005859375
42.208984,194.970703125
42.210938,-10.07080078125
42.212891,-140.386962890625
42.214844,-22.15576171875
42.216797,-47.332763671875
42.21875,-41.89453125
42.220703,190.740966796875
42.222656,-110.3759765625
42.224609,-51.15966796875
42.226562,-32.2265625
42.228516,111.181640625
42.230469,-120.245361328125
42.232422,-160.72998046875
42.234375,-1.20849609375
42.236328,24.169921875
42.238281,76.336669921875
42.240234,29.00390625
42.242188,-57.60498046875
42.244141,-125.885009765625
42.246094,16.9189453125
42.248047,-25.579833984375
42.25,27.79541015625
42.251953,211.8896484375
42.253906,3.826904296875
42.255859,-61.834716796875
42.257812,102.923583984375
42.259766,-35.85205078125
42.261719,183.489990234375
42.263672,112.994384765625
42.265625,45.721435546875
42.267578,-106.146240234375
42.269531,-103.52783203125
42.271484,-46.929931640625
42.273438,-64.05029296875
42.275391,211.688232421875
42.277344,84.796142578125
42.279297,-54.583740234375
42.28125,-95.068359375
42.283203,151.86767578125
42.285156,-27.191162109375
42.287109,93.85986328125
42.289062,48.541259765625
42.291016,201.416015625
42.292969,-138.775634765625
42.294922,-238.07373046875
42.296875,-23.968505859375
42.298828,187.31689453125
42.300781,130.316162109375
42.302734,-7.2509765625
42.304688,-39.4775390625
42.306641,-125.482177734375
42.308594,267.279052734375
42.310547,-267.88330078125
42.3125,100.103759765625
42.314453,18.5302734375
42.316406,-10.272216796875
42.318359,97.08251953125
42.320312,-26.98974609375
42.322266,57.806396484375
42.324219,-124.072265625
42.326172,-307.159423828125
42.328125,84.19189453125
42.330078,-50.958251953125
42.332031,-164.959716796875
42.333984,-175.030517578125
42.335938,447.1435546875
42.337891,-26.788330078125
42.339844,-79.962158203125
42.341797,256.805419921875
42.34375,115.008544921875
42.345703,-131.524658203125
42.347656,-69.488525390625
42.349609,-42.498779296875
42.351562,-124.8779296875
42.353516,-173.016357421875
42.355469,-243.914794921875
42.357422,-224.7802734375
42.359375,296.88720703125
42.361328,60.223388671875
42.363281,49.1455078125
42.365234,-391.14990234375
42.367188,-153.277587890625
42.369141,76.336669921875
42.371094,95.269775390625
42.373047,-7.65380859375
42.375,132.12890625
42.376953,-8.258056640625
42.378906,-359.930419921875
42.380859,-69.891357421875
42.382812,308.97216796875
42.384766,-22.55859375
42.386719,23.968505859375
42.388672,97.686767578125
42.390625,492.059326171875
42.392578,-503.94287109375
42.394531,-327.9052734375
42.396484,83.990478515625
42.398438,231.829833984375
42.400391,-358.721923828125
42.402344,97.4853515625
42.404297,208.6669921875
42.40625,-450.970458984375
42.408203,-513.2080078125
42.410156,5.6396484375
42.412109,159.92431640625
42.414062,-61.029052734375
42.416016,-108.36181640625
42.417969,95.269775390625
42.419922,286.614990234375
42.421875,-314.410400390625
42.423828,81.77490234375
42.425781,-262.646484375
42.427734,-14.09912109375
42.429688,-37.46337890625
42.431641,-36.2548828125
42.433594,81.170654296875
42.435547,93.255615234375
42.4375,185.906982421875
42.439453,-310.58349609375
42.441406,252.978515625
42.443359,73.3154296875
42.445312,-11.077880859375
42.447266,217.529296875
42.449219,53.57666015625
42.451172,413.909912109375
42.453125,-513.61083984375
42.455078,78.753662109375
42.457031,-177.64892578125
42.458984,200.006103515625
42.460938,116.217041015625
42.462891,143.206787109375
42.464844,-248.14453125
42.466797,-17.120361328125
42.46875,206.451416015625
42.470703,-474.5361328125
42.472656,117.828369140625
42.474609,259.423828125
42.476562,-29.608154296875
42.478516,-83.7890625
42.480469,-159.92431640625
42.482422,336.767578125
42.484375,197.79052734375
42.486328,101.11083984375
42.488281,-162.744140625
42.490234,35.85205078125
42.492188,33.0322265625
42.494141,-196.58203125
42.496094,-8.45947265625
42.498047,41.89453125
42.5,-18.12744140625
42.501953,63.24462890625
42.503906,56.195068359375
42.505859,-97.686767578125
42.507812,-65.2587890625
42.509766,-68.280029296875
42.511719,58.41064453125
42.513672,199.603271484375
42.515625,-144.61669921875
42.517578,-68.07861328125
42.519531,18.328857421875
42.521484,95.47119140625
42.523438,-19.940185546875
42.525391,100.506591796875
42.527344,6.84814453125
42.529297,-81.573486328125
42.53125,-56.79931640625
42.533203,150.054931640625
42.535156,259.222412109375
42.537109,185.302734375
42.539062,42.7001953125
42.541016,-8.45947265625
42.542969,-2.81982421875
42.544922,-2.4169921875
42.546875,55.5908203125
42.548828,-34.6435546875
42.550781,-7.855224609375
42.552734,-65.460205078125
42.554688,-80.767822265625
42.556641,-67.877197265625
42.558594,-42.498779296875
42.560547,173.822021484375
42.5625,-110.174560546875
42.564453,126.89208984375
42.566406,6.243896484375
42.568359,11.480712890625
42.570312,41.89453125
42.572266,-146.22802734375
42.574219,175.23193359375
42.576172,144.2138671875
42.578125,-116.217041015625
42.580078,-43.10302734375
42.582031,-16.9189453125
42.583984,54.38232421875
42.585938,-127.496337890625
42.587891,91.845703125
42.589844,169.189453125
42.591797,-234.246826171875
42.59375,-39.07470703125
42.595703,128.90625
42.597656,58.612060546875
42.599609,-1.409912109375
42.601562,5.6396484375
42.603516,-41.0888671875
42.605469,149.853515625
42.607422,22.760009765625
42.609375,178.0517578125
42.611328,64.453125
42.613281,51.96533203125
42.615234,15.911865234375
42.617188,-276.3427734375
42.619141,-63.446044921875
42.621094,-30.413818359375
42.623047,-29.608154296875
42.625,84.796142578125
42.626953,129.30908203125
42.628906,-29.40673828125
42.630859,-78.55224609375
42.632812,-156.097412109375
42.634766,72.308349609375
42.636719,1.20849609375
42.638672,63.848876953125
42.640625,-202.423095703125
42.642578,50.7568359375
42.644531,167.779541015625
42.646484,285.809326171875
42.648438,64.654541015625
42.650391,-47.93701171875
42.652344,59.21630859375
42.654297,-143.00537109375
42.65625,-182.8857421875
42.658203,-42.29736328125
42.660156,-8.258056640625
42.662109,-180.267333984375
42.664062,70.8984375
42.666016,-429.620361328125
42.667969,-184.698486328125
42.669922,13.494873046875
42.671875,-64.654541015625
42.673828,-1.007080078125
42.675781,-2.4169921875
42.677734,-65.2587890625
42.679688,-119.842529296875
42.681641,144.415283203125
42.683594,173.822021484375
42.685547,-108.160400390625
42.6875,73.919677734375
42.689453,161.53564453125
42.691406,265.0634765625
42.693359,-163.751220703125
42.695312,-73.919677734375
42.697266,220.953369140625
42.699219,203.228759765625
42.701172,108.563232421875
42.703125,-105.5419921875
42.705078,-72.10693359375
42.707031,-255.79833984375
42.708984,-159.92431640625
42.710938,-47.13134765625
42.712891,218.939208984375
42.714844,-138.775634765625
42.716797,-117.022705078125
42.71875,-345.428466796875
42.720703,328.30810546875
42.722656,96.27685546875
42.724609,-117.022705078125
42.726562,-114.80712890625
42.728516,-508.3740234375
42.730469,128.302001953125
42.732422,-179.6630859375
42.734375,63.446044921875
42.736328,226.593017578125
42.738281,299.102783203125
42.740234,-454.79736328125
42.742188,-86.407470703125
42.744141,-129.30908203125
42.746094,-260.2294921875
42.748047,-107.757568359375
42.75,96.6796875
42.751953,54.986572265625
42.753906,-97.88818359375
42.755859,101.11083984375
42.757812,-32.62939453125
42.759766,77.74658203125
42.761719,-548.25439453125
42.763672,-343.61572265625
42.765625,-557.11669921875
42.767578,-157.91015625
42.769531,32.427978515625
42.771484,-136.1572265625
42.773438,-146.832275390625
42.775391,409.075927734375
42.777344,-84.19189453125
42.779297,-221.5576171875
42.78125,55.389404296875
42.783203,329.315185546875
42.785156,114.80712890625
42.787109,134.94873046875
42.789062,105.340576171875
42.791016,106.75048828125
42.792969,-3.22265625
42.794922,-173.419189453125
42.796875,-161.53564453125
42.798828,473.73046875
42.800781,-400.81787109375
42.802734,-130.92041015625
42.804688,-242.5048828125
42.806641,-249.151611328125
42.808594,-182.8857421875
42.810547,-431.231689453125
42.8125,29.00390625
42.814453,72.91259765625
42.816406,30.615234375
42.818359,261.8408203125
42.820312,-127.093505859375
42.822266,153.47900390625
42.824219,194.366455078125
42.826172,187.31689453125
42.828125,-88.824462890625
42.830078,-16.314697265625
42.832031,-103.326416015625
42.833984,294.47021484375
42.835938,398.199462890625
42.837891,47.735595703125
42.839844,-136.761474609375
42.841797,52.77099609375
42.84375,-44.71435546875
42.845703,81.3720703125
42.847656,127.093505859375
42.849609,16.9189453125
42.851562,-18.328857421875
42.853516,181.67724609375
42.855469,-21.954345703125
42.857422,-227.60009765625
42.859375,21.551513671875
42.861328,27.191162109375
42.863281,32.427978515625
42.865234,-101.715087890625
42.867188,24.371337890625
42.869141,-262.847900390625
42.871094,-150.054931640625
42.873047,63.848876953125
42.875,35.44921875
42.876953,48.33984375
42.878906,-94.866943359375
42.880859,-84.393310546875
42.882812,-114.00146484375
42.884766,107.55615234375
42.886719,5.438232421875
42.888672,73.114013671875
42.890625,99.0966796875
42.892578,96.6796875
42.894531,-12.48779296875
42.896484,204.034423828125
42.898438,118.02978515625
42.900391,-72.308349609375
42.902344,15.3076171875
42.904297,-54.583740234375
42.90625,65.460205078125
42.908203,123.66943359375
42.910156,-75.933837890625
42.912109,-4.0283203125
42.914062,49.749755859375
42.916016,82.379150390625
42.917969,182.080078125
42.919922,-141.998291015625
42.921875,45.721435546875
42.923828,112.79296875
42.925781,70.0927734375
42.927734,12.48779296875
42.929688,-55.5908203125
42.931641,-79.156494140625
42.933594,227.197265625
42.935547,8.056640625
42.9375,-178.656005859375
42.939453,20.745849609375
42.941406,-78.350830078125
42.943359,153.277587890625
42.945312,32.427978515625
42.947266,-56.195068359375
42.949219,71.905517578125
42.951172,166.36962890625
42.953125,54.78515625
42.955078,-197.3876953125
42.957031,7.049560546875
42.958984,-64.654541015625
42.960938,1.409912109375
42.962891,213.299560546875
42.964844,59.619140625
42.966797,202.020263671875
42.96875,-77.947998046875
42.970703,-82.58056640625
42.972656,18.12744140625
42.974609,-29.205322265625
42.976562,-105.94482421875
42.978516,-279.16259765625
42.980469,-1.007080078125
42.982422,177.044677734375
42.984375,164.154052734375
42.986328,-92.047119140625
42.988281,390.7470703125
42.990234,-55.18798828125
42.992188,22.96142578125
42.994141,68.4814453125
42.996094,76.13525390625
42.998047,52.569580078125
43.0,173.2177734375
43.001953,-165.56396484375
43.003906,-114.80712890625
43.005859,-174.8291015625
43.007812,-48.33984375
43.009766,-184.295654296875
43.011719,421.3623046875
43.013672,-99.700927734375
43.015625,-232.8369140625
43.017578,-509.9853515625
43.019531,-83.587646484375
43.021484,155.291748046875
43.023438,269.091796875
43.025391,282.38525390625
43.027344,-78.55224609375
43.029297,-120.44677734375
43.03125,189.3310546875
43.033203,-394.976806640625
43.035156,50.958251953125
43.037109,171.20361328125
43.039062,204.638671875
43.041016,-264.459228515625
43.042969,-495.281982421875
43.044922,468.49365234375
43.046875,-22.760009765625
43.048828,-213.702392578125
43.050781,222.967529296875
43.052734,-356.9091796875
43.054688,-70.49560546875
43.056641,38.067626953125
43.058594,29.8095703125
43.060547,-101.91650390625
43.0625,-285.60791015625
43.064453,-89.02587890625
43.066406,374.23095703125
43.068359,41.0888671875
43.070312,-256.201171875
43.072266,-280.975341796875
43.074219,169.793701171875
43.076172,386.920166015625
43.078125,-56.79931640625
43.080078,-437.677001953125
43.082031,97.4853515625
43.083984,272.71728515625
43.085938,76.739501953125
43.087891,286.0107421875
43.089844,-149.853515625
43.091797,97.686767578125
43.09375,292.254638671875
43.095703,178.857421875
43.097656,-6.243896484375
43.099609,231.62841796875
43.101562,-155.89599609375
43.103516,316.22314453125
43.105469,31.219482421875
43.107422,140.386962890625
43.109375,-338.983154296875
43.111328,108.563232421875
43.113281,406.8603515625
43.115234,-168.182373046875
43.117188,-131.3232421875
43.119141,-107.757568359375
43.121094,-236.663818359375
43.123047,517.63916015625
43.125,-11.077880859375
43.126953,-190.13671875
43.128906,-2.4169921875
43.130859,4.0283203125
43.132812,-276.74560546875
43.134766,116.619873046875
43.136719,59.619140625
43.138672,-27.996826171875
43.140625,-179.6630859375
43.142578,-210.68115234375
43.144531,153.076171875
43.146484,81.3720703125
43.148438,254.58984375
43.150391,197.186279296875
43.152344,40.484619140625
43.154297,-166.36962890625
43.15625,-153.680419921875
43.158203,175.836181640625
43.160156,345.428466796875
43.162109,85.400390625
43.164062,-30.010986328125
43.166016,98.69384765625
43.167969,-43.304443359375
43.169922,-260.2294921875
43.171875,-133.135986328125
43.173828,102.520751953125
43.175781,-100.103759765625
43.177734,-82.781982421875
43.179688,-78.1494140625
43.181641,105.94482421875
43.183594,-49.346923828125
43.185547,-30.010986328125
43.1875,-61.431884765625
43.189453,250.96435546875
43.191406,113.19580078125
43.193359,9.869384765625
43.195312,-116.8212890625
43.197266,205.242919921875
43.199219,169.793701171875
43.201172,33.0322265625
43.203125,-57.403564453125
43.205078,-92.24853515625
43.207031,-178.0517578125
43.208984,-39.07470703125
43.210938,-56.195068359375
43.212891,192.755126953125
43.214844,-1.611328125
43.216797,-116.8212890625
43.21875,-127.69775390625
43.220703,29.8095703125
43.222656,58.612060546875
43.224609,66.265869140625
43.226562,84.796142578125
43.228516,1.812744140625
43.230469,21.954345703125
43.232422,-229.412841796875
43.234375,87.615966796875
43.236328,65.2587890625
43.238281,-81.976318359375
43.240234,-93.85986328125
43.242188,-11.480712890625
43.244141,-71.7041015625
43.246094,-16.9189453125
43.248047,45.9228515625
43.25,54.180908203125
43.251953,47.13134765625
43.253906,13.897705078125
43.255859,-117.425537109375
43.257812,132.12890625
43.259766,129.107666015625
43.261719,-54.986572265625
43.263672,75.933837890625
43.265625,-65.66162109375
43.267578,9.869384765625
43.269531,167.779541015625
43.271484,-182.281494140625
43.273438,-195.574951171875
43.275391,125.885009765625
43.277344,27.79541015625
43.279297,22.15576171875
43.28125,-200.6103515625
43.283203,91.644287109375
43.285156,24.774169921875
43.287109,28.1982421875
43.289062,126.4892578125
43.291016,26.98974609375
43.292969,-150.860595703125
43.294922,-262.042236328125
43.296875,56.195068359375
43.298828,40.081787109375
43.300781,7.65380859375
43.302734,-73.3154296875
43.304688,-112.39013671875
43.306641,31.01806640625
43.308594,-202.020263671875
43.310547,-35.247802734375
43.3125,-101.312255859375
43.314453,-133.740234375
43.316406,-163.751220703125
43.318359,-93.85986328125
43.320312,421.563720703125
43.322266,13.29345703125
43.324219,226.190185546875
43.326172,-161.9384765625
43.328125,131.3232421875
43.330078,-237.066650390625
43.332031,-244.921875
43.333984,-137.164306640625
43.335938,7.855224609375
43.337891,282.183837890625
43.339844,-150.054931640625
43.341797,-212.896728515625
43.34375,-56.195068359375
43.345703,-117.425537109375
43.347656,161.334228515625
43.349609,107.354736328125
43.351562,566.986083984375
43.353516,-82.177734375
43.355469,69.891357421875
43.357422,-154.486083984375
43.359375,-64.453125
43.361328,-93.85986328125
43.363281,237.066650390625
43.365234,89.4287109375
43.367188,-171.405029296875
43.369141,175.836181640625
43.371094,-26.385498046875
43.373047,378.662109375
43.375,115.008544921875
43.376953,-126.690673828125
43.378906,-529.925537109375
43.380859,-446.136474609375
43.382812,-346.03271484375
43.384766,-392.156982421875
43.386719,243.914794921875
43.388672,-10.4736328125
43.390625,339.385986328125
43.392578,123.065185546875
43.394531,-144.61669921875
43.396484,-11.077880859375
43.398438,420.15380859375
43.400391,275.537109375
43.402344,143.206787109375
43.404297,-144.2138671875
43.40625,324.884033203125
43.408203,13.897705078125
43.410156,-73.71826171875
43.412109,133.135986328125
43.414062,89.02587890625
43.416016,-289.837646484375
43.417969,293.463134765625
43.419922,34.844970703125
43.421875,454.79736328125
43.423828,139.581298828125
43.425781,216.119384765625
43.427734,-3.021240234375
43.429688,-24.169921875
43.431641,121.453857421875
43.433594,-86.2060546875
43.435547,454.193115234375
43.4375,305.3466796875
43.439453,-403.436279296875
43.441406,-23.565673828125
43.443359,-346.435546875
43.445312,171.807861328125
43.447266,220.953369140625
43.449219,-73.516845703125
43.451172,88.22021484375
43.453125,140.386962890625
43.455078,8.45947265625
43.457031,-48.944091796875
43.458984,44.3115234375
43.460938,277.349853515625
43.462891,338.983154296875
43.464844,15.509033203125
43.466797,-173.822021484375
43.46875,-53.778076171875
43.470703,-132.12890625
43.472656,-183.69140625
43.474609,-213.299560546875
43.476562,39.88037109375
43.478516,-47.5341796875
43.480469,-120.245361328125
43.482422,-112.188720703125
43.484375,-263.250732421875
43.486328,-4.632568359375
43.488281,154.486083984375
43.490234,111.785888671875
43.492188,-123.065185546875
43.494141,-119.842529296875
43.496094,93.255615234375
43.498047,-16.11328125
43.5,389.739990234375
43.501953,72.711181640625
43.503906,-127.093505859375
43.505859,54.180908203125
43.507812,-307.763671875
43.509766,-26.98974609375
43.511719,-7.2509765625
43.513672,18.731689453125
43.515625,-53.57666015625
43.517578,-122.86376953125
43.519531,-166.7724609375
43.521484,11.279296875
43.523438,-44.71435546875
43.525391,192.15087890625
43.527344,-153.8818359375
43.529297,22.760009765625
43.53125,-50.35400390625
43.533203,-81.170654296875
43.535156,60.4248046875
43.537109,306.353759765625
43.539062,88.018798828125
43.541016,65.863037109375
43.542969,-167.17529296875
43.544922,-31.01806640625
43.546875,52.3681640625
43.548828,122.259521484375
43.550781,165.966796875
43.552734,-16.11328125
43.554688,-85.400390625
43.556641,-68.682861328125
43.558594,64.453125
43.560547,35.04638671875
43.5625,219.54345703125
43.564453,-141.796875
43.566406,-154.083251953125
43.568359,-67.27294921875
43.570312,44.512939453125
43.572266,188.92822265625
43.574219,105.13916015625
43.576172,-1.20849609375
43.578125,-123.66943359375
43.580078,-123.66943359375
43.582031,-55.5908203125
43.583984,17.724609375
43.585938,-9.26513671875
43.587891,32.2265625
43.589844,78.55224609375
43.591797,-23.162841796875
43.59375,72.308349609375
43.595703,156.500244140625
43.597656,155.89599609375
43.599609,-3.021240234375
43.601562,-2.01416015625
43.603516,-1.007080078125
43.605469,-0.201416015625
43.607422,0.201416015625
43.609375,0.604248046875
43.611328,0.604248046875
43.613281,-1.007080078125
43.615234,-1.611328125
43.617188,-2.215576171875
43.619141,-3.22265625
43.621094,-4.229736328125
43.623047,-5.035400390625
43.625,-6.04248046875
43.626953,-6.646728515625
43.628906,-7.2509765625
43.630859,-6.84814453125
43.632812,-6.646728515625
43.634766,-6.4453125
43.636719,-5.841064453125
43.638672,-5.035400390625
43.640625,-4.0283203125
43.642578,-3.22265625
43.644531,-2.215576171875
43.646484,4.0283203125
43.648438,4.833984375
43.650391,5.23681640625
43.652344,5.23681640625
43.654297,5.23681640625
43.65625,4.833984375
43.658203,4.0283203125
43.660156,3.22265625
43.662109,2.4169921875
43.664062,1.409912109375
43.666016,0.40283203125
43.667969,-0.40283203125
43.669922,-1.007080078125
43.671875,-1.20849609375
43.673828,10.07080078125
43.675781,10.4736328125
43.677734,10.87646484375
43.679688,11.68212890625
43.681641,12.48779296875
43.683594,13.494873046875
43.685547,14.501953125
43.6875,15.3076171875
43.689453,15.911865234375
43.691406,16.51611328125
43.693359,22.760009765625
43.695312,22.55859375
43.697266,22.357177734375
43.699219,25.982666015625
43.701172,25.177001953125
43.703125,24.371337890625
43.705078,23.3642578125
43.707031,22.357177734375
43.708984,21.551513671875
43.710938,20.947265625
43.712891,20.54443359375
43.714844,20.343017578125
43.716797,20.54443359375
43.71875,20.947265625
43.720703,21.551513671875
43.722656,22.357177734375
43.724609,23.3642578125
43.726562,23.76708984375
43.728516,24.774169921875
43.730469,25.579833984375
43.732422,26.18408203125
43.734375,26.385498046875
43.736328,26.385498046875
43.738281,26.18408203125
43.740234,23.565673828125
43.742188,22.760009765625
43.744141,21.954345703125
43.746094,20.947265625
43.748047,19.940185546875
43.75,19.134521484375
43.751953,18.328857421875
43.753906,17.926025390625
43.755859,11.68212890625
43.757812,11.883544921875
43.759766,12.0849609375
43.761719,12.689208984375
43.763672,13.494873046875
43.765625,14.501953125
43.767578,15.3076171875
43.769531,16.314697265625
43.771484,17.120361328125
43.773438,17.724609375
43.775391,18.12744140625
43.777344,18.328857421875
43.779297,18.12744140625
43.78125,17.724609375
43.783203,10.272216796875
43.785156,9.466552734375
43.787109,2.01416015625
43.789062,1.007080078125
43.791016,0.201416015625
43.792969,-0.604248046875
43.794922,-1.20849609375
43.796875,-1.611328125
43.798828,-1.611328125
43.800781,-1.409912109375
43.802734,-5.6396484375
43.804688,-4.833984375
43.806641,-4.0283203125
43.808594,-3.021240234375
43.810547,-2.01416015625
43.8125,-1.20849609375
43.814453,-0.40283203125
43.816406,0.0
43.818359,0.201416015625
43.820312,-1.611328125
43.822266,-2.01416015625
43.824219,-2.4169921875
43.826172,-3.22265625
43.828125,-4.229736328125
43.830078,-5.23681640625
43.832031,-6.04248046875
43.833984,-4.43115234375
43.835938,-5.23681640625
43.837891,-5.6396484375
43.839844,-5.6396484375
43.841797,-5.6396484375
43.84375,-5.23681640625
43.845703,-4.43115234375
43.847656,-3.62548828125
43.849609,-2.81982421875
43.851562,3.424072265625
43.853516,4.43115234375
43.855469,5.23681640625
43.857422,5.841064453125
43.859375,6.04248046875
43.861328,6.04248046875
43.863281,5.841064453125
43.865234,5.438232421875
43.867188,11.68212890625
43.869141,10.87646484375
43.871094,9.869384765625
43.873047,8.8623046875
43.875,8.056640625
43.876953,7.2509765625
43.878906,6.84814453125
43.880859,6.646728515625
43.882812,6.646728515625
43.884766,13.897705078125
43.886719,14.501953125
43.888672,15.3076171875
43.890625,16.11328125
43.892578,17.120361328125
43.894531,23.565673828125
43.896484,24.371337890625
43.898438,24.9755859375
43.900391,25.37841796875
43.902344,25.579833984375
43.904297,25.37841796875
43.90625,24.9755859375
43.908203,24.371337890625
43.910156,23.565673828125
43.912109,22.55859375
43.914062,21.551513671875
43.916016,22.15576171875
43.917969,21.35009765625
43.919922,20.745849609375
43.921875,20.343017578125
43.923828,20.343017578125
43.925781,20.54443359375
43.927734,21.148681640625
43.929688,21.7529296875
43.931641,21.954345703125
43.933594,22.96142578125
43.935547,23.76708984375
43.9375,24.774169921875
43.939453,25.37841796875
43.941406,25.982666015625
43.943359,26.18408203125
43.945312,26.18408203125
43.947266,20.947265625
43.949219,20.343017578125
43.951172,19.537353515625
43.953125,18.731689453125
43.955078,17.724609375
43.957031,16.717529296875
43.958984,15.911865234375
43.960938,15.3076171875
43.962891,14.90478515625
43.964844,8.258056640625
43.966797,8.45947265625
43.96875,8.8623046875
43.970703,9.466552734375
43.972656,10.272216796875
43.974609,11.279296875
43.976562,12.286376953125
43.978516,13.092041015625
43.980469,6.84814453125
43.982422,7.452392578125
43.984375,7.65380859375
43.986328,7.65380859375
43.988281,7.452392578125
43.990234,7.049560546875
43.992188,6.243896484375
43.994141,5.438232421875
43.996094,4.43115234375
43.998047,3.424072265625
44.0,2.618408203125
44.001953,1.812744140625
44.003906,1.409912109375
44.005859,1.20849609375
44.007812,-7.049560546875
44.009766,-6.646728515625
44.011719,-6.04248046875
44.013672,-5.23681640625
44.015625,-4.43115234375
44.017578,-3.424072265625
44.019531,-2.4169921875
44.021484,-1.611328125
44.023438,-1.007080078125
44.025391,-0.604248046875
44.027344,-0.201416015625
44.029297,-0.40283203125
44.03125,-0.8056640625
44.033203,-1.409912109375
44.035156,-2.215576171875
44.037109,-3.22265625
44.039062,-4.229736328125
44.041016,-5.035400390625
44.042969,-1.611328125
44.044922,-2.215576171875
44.046875,-2.618408203125
44.048828,-2.618408203125
44.050781,-2.4169921875
44.052734,-2.01416015625
44.054688,-1.20849609375
44.056641,-0.40283203125
44.058594,6.243896484375
44.060547,7.2509765625
44.0625,8.056640625
44.064453,8.8623046875
44.066406,9.26513671875
44.068359,9.66796875
44.070312,9.466552734375
44.072266,9.26513671875
44.074219,15.911865234375
44.076172,15.106201171875
44.078125,14.300537109375
44.080078,13.29345703125
44.082031,12.286376953125
44.083984,11.480712890625
44.085938,10.87646484375
44.087891,10.4736328125
44.089844,16.11328125
44.091797,16.11328125
44.09375,16.51611328125
44.095703,17.32177734375
44.097656,18.12744140625
44.099609,18.93310546875
44.101562,19.940185546875
44.103516,20.947265625
44.105469,21.551513671875
44.107422,22.15576171875
44.109375,22.55859375
44.111328,22.55859375
44.113281,22.357177734375
44.115234,21.954345703125
44.117188,24.9755859375
44.119141,24.169921875
44.121094,24.371337890625
44.123047,23.3642578125
44.125,22.55859375
44.126953,21.7529296875
44.128906,21.35009765625
44.130859,21.148681640625
44.132812,21.148681640625
44.134766,21.551513671875
44.136719,21.954345703125
44.138672,18.93310546875
44.140625,19.940185546875
44.142578,20.947265625
44.144531,21.7529296875
44.146484,22.55859375
44.148438,23.3642578125
44.150391,23.76708984375
44.152344,23.76708984375
44.154297,19.940185546875
44.15625,17.926025390625
44.158203,17.32177734375
44.160156,16.51611328125
44.162109,15.509033203125
44.164062,14.703369140625
44.166016,13.6962890625
44.167969,12.890625
44.169922,12.286376953125
44.171875,4.833984375
44.173828,4.833984375
44.175781,5.035400390625
44.177734,5.438232421875
44.179688,6.243896484375
44.181641,7.049560546875
44.183594,8.056640625
44.185547,9.063720703125
44.1875,3.021240234375
44.189453,3.826904296875
44.191406,4.229736328125
44.193359,4.43115234375
44.195312,4.43115234375
44.197266,4.0283203125
44.199219,3.62548828125
44.201172,2.81982421875
44.203125,-1.409912109375
44.205078,-2.4169921875
44.207031,-3.424072265625
44.208984,-4.229736328125
44.210938,-4.833984375
44.212891,-5.23681640625
44.214844,-5.438232421875
44.216797,-5.23681640625
44.21875,-6.243896484375
44.220703,-5.6396484375
44.222656,-4.833984375
44.224609,-3.826904296875
44.226562,-3.021240234375
44.228516,-2.01416015625
44.230469,-1.20849609375
44.232422,-0.604248046875
44.234375,1.007080078125
44.236328,1.007080078125
44.238281,0.8056640625
44.240234,0.201416015625
44.242188,-0.40283203125
44.244141,-1.409912109375
44.246094,-2.215576171875
44.248047,0.604248046875
44.25,-0.40283203125
44.251953,-1.007080078125
44.253906,-1.611328125
44.255859,-1.812744140625
44.257812,-1.812744140625
44.259766,-1.409912109375
44.261719,-0.8056640625
44.263672,0.0
44.265625,7.452392578125
44.267578,8.45947265625
44.269531,9.466552734375
44.271484,10.272216796875
44.273438,10.87646484375
44.275391,11.279296875
44.277344,11.480712890625
44.279297,18.328857421875
44.28125,17.926025390625
44.283203,17.32177734375
44.285156,22.55859375
44.287109,21.551513671875
44.289062,20.745849609375
44.291016,19.73876953125
44.292969,18.93310546875
44.294922,18.328857421875
44.296875,18.12744140625
44.298828,18.12744140625
44.300781,18.328857421875
44.302734,18.731689453125
44.304688,19.537353515625
44.306641,20.343017578125
44.308594,21.35009765625
44.310547,22.357177734375
44.3125,24.9755859375
44.314453,25.579833984375
44.316406,26.18408203125
44.318359,26.385498046875
44.320312,26.385498046875
44.322266,25.982666015625
44.324219,25.37841796875
44.326172,24.57275390625
44.328125,23.76708984375
44.330078,22.760009765625
44.332031,21.7529296875
44.333984,20.745849609375
44.335938,20.1416015625
44.337891,19.73876953125
44.339844,19.537353515625
44.341797,19.73876953125
44.34375,16.314697265625
44.345703,16.9189453125
44.347656,17.926025390625
44.349609,18.731689453125
44.351562,19.73876953125
44.353516,20.745849609375
44.355469,21.35009765625
44.357422,21.954345703125
44.359375,16.51611328125
44.361328,16.717529296875
44.363281,16.314697265625
44.365234,15.911865234375
44.367188,15.106201171875
44.369141,14.300537109375
44.371094,13.29345703125
44.373047,12.286376953125
44.375,11.480712890625
44.376953,3.826904296875
44.378906,3.424072265625
44.380859,3.22265625
44.382812,3.22265625
44.384766,3.424072265625
44.386719,4.0283203125
44.388672,4.833984375
44.390625,5.841064453125
44.392578,0.201416015625
44.394531,1.007080078125
44.396484,2.01416015625
44.398438,2.618408203125
44.400391,3.021240234375
44.402344,3.22265625
44.404297,3.021240234375
44.40625,-0.201416015625
44.408203,-0.8056640625
44.410156,-1.611328125
44.412109,-2.618408203125
44.414062,-3.62548828125
44.416016,-4.43115234375
44.417969,-5.23681640625
44.419922,-5.841064453125
44.421875,-6.04248046875
44.423828,-6.84814453125
44.425781,-6.646728515625
44.427734,-6.04248046875
44.429688,-5.438232421875
44.431641,-4.43115234375
44.433594,-3.424072265625
44.435547,-2.618408203125
44.4375,-1.611328125
44.439453,-1.007080078125
44.441406,-0.40283203125
44.443359,-0.201416015625
44.445312,2.01416015625
44.447266,1.611328125
44.449219,1.007080078125
44.451172,0.201416015625
44.453125,3.826904296875
44.455078,3.021240234375
44.457031,2.01416015625
44.458984,1.20849609375
44.460938,0.604248046875
44.462891,0.201416015625
44.464844,0.0
44.466797,0.201416015625
44.46875,0.604248046875
44.470703,7.855224609375
44.472656,8.660888671875
44.474609,9.66796875
44.476562,10.4736328125
44.478516,11.480712890625
44.480469,17.523193359375
44.482422,19.537353515625
44.484375,19.940185546875
44.486328,19.940185546875
44.488281,19.73876953125
44.490234,19.134521484375
44.492188,18.5302734375
44.494141,17.523193359375
44.496094,16.717529296875
44.498047,15.71044921875
44.5,14.90478515625
44.501953,14.09912109375
44.503906,19.134521484375
44.505859,18.93310546875
44.507812,18.93310546875
44.509766,19.3359375
44.511719,19.940185546875
44.513672,20.745849609375
44.515625,21.551513671875
44.517578,22.55859375
44.519531,24.774169921875
44.521484,25.579833984375
44.523438,26.18408203125
44.525391,26.5869140625
44.527344,26.788330078125
44.529297,26.5869140625
44.53125,26.18408203125
44.533203,25.579833984375
44.535156,23.565673828125
44.537109,22.55859375
44.539062,21.551513671875
44.541016,20.745849609375
44.542969,19.940185546875
44.544922,19.3359375
44.546875,18.93310546875
44.548828,18.93310546875
44.550781,19.134521484375
44.552734,19.73876953125
44.554688,20.343017578125
44.556641,21.35009765625
44.558594,22.357177734375
44.560547,19.134521484375
44.5625,20.1416015625
44.564453,14.300537109375
44.566406,14.703369140625
44.568359,14.90478515625
44.570312,14.90478515625
44.572266,14.703369140625
44.574219,14.09912109375
44.576172,13.29345703125
44.578125,12.286376953125
44.580078,11.480712890625
44.582031,3.424072265625
44.583984,2.618408203125
44.585938,2.01416015625
44.587891,1.611328125
44.589844,1.409912109375
44.591797,1.611328125
44.59375,2.01416015625
44.595703,2.618408203125
44.597656,-2.81982421875
44.599609,-1.812744140625
44.601562,-0.8056640625
44.603516,0.0
44.605469,0.8056640625
44.607422,1.409912109375
44.609375,1.812744140625
44.611328,1.812744140625
44.613281,1.611328125
44.615234,-0.8056640625
44.617188,-1.611328125
44.619141,-2.4169921875
44.621094,-3.424072265625
44.623047,-4.43115234375
44.625,-5.23681640625
44.626953,-6.04248046875
44.628906,-6.4453125
44.630859,-6.646728515625
44.632812,-6.646728515625
44.634766,-6.243896484375
44.636719,-5.6396484375
44.638672,-5.035400390625
44.640625,-4.0283203125
44.642578,-3.021240234375
44.644531,-2.215576171875
44.646484,2.01416015625
44.648438,2.618408203125
44.650391,3.021240234375
44.652344,3.22265625
44.654297,3.021240234375
44.65625,2.618408203125
44.658203,2.01416015625
44.660156,1.20849609375
44.662109,0.201416015625
44.664062,-0.8056640625
44.666016,-1.611328125
44.667969,-2.4169921875
44.669922,-3.021240234375
44.671875,3.021240234375
44.673828,3.021240234375
44.675781,10.272216796875
44.677734,10.675048828125
44.679688,11.480712890625
44.681641,12.286376953125
44.683594,13.29345703125
44.685547,14.300537109375
44.6875,15.106201171875
44.689453,15.911865234375
44.691406,16.314697265625
44.693359,16.51611328125
44.695312,23.162841796875
44.697266,22.760009765625
44.699219,22.15576171875
44.701172,21.35009765625
44.703125,20.54443359375
44.705078,19.537353515625
44.707031,18.5302734375
44.708984,20.947265625
44.710938,20.1416015625
44.712891,19.73876953125
44.714844,19.73876953125
44.716797,19.73876953125
44.71875,20.1416015625
44.720703,20.947265625
44.722656,21.7529296875
44.724609,22.55859375
44.726562,24.57275390625
44.728516,25.37841796875
44.730469,26.18408203125
44.732422,26.788330078125
44.734375,27.191162109375
44.736328,27.191162109375
44.738281,26.98974609375
44.740234,23.76708984375
44.742188,23.162841796875
44.744141,22.15576171875
44.746094,21.35009765625
44.748047,20.343017578125
44.75,19.3359375
44.751953,18.731689453125
44.753906,18.12744140625
44.755859,17.926025390625
44.757812,13.6962890625
44.759766,12.0849609375
44.761719,12.689208984375
44.763672,13.494873046875
44.765625,14.300537109375
44.767578,15.3076171875
44.769531,16.314697265625
44.771484,17.120361328125
44.773438,17.724609375
44.775391,18.12744140625
44.777344,18.328857421875
44.779297,18.12744140625
44.78125,17.724609375
44.783203,10.272216796875
44.785156,9.466552734375
44.787109,2.01416015625
44.789062,1.007080078125
44.791016,0.0
44.792969,-0.8056640625
44.794922,-1.20849609375
44.796875,-1.611328125
44.798828,-1.611328125
44.800781,-1.409912109375
44.802734,-1.007080078125
44.804688,-5.438232421875
44.806641,-4.43115234375
44.808594,-3.424072265625
44.810547,-2.618408203125
44.8125,-1.611328125
44.814453,-1.007080078125
44.816406,-0.40283203125
44.818359,-0.201416015625
44.820312,-1.007080078125
44.822266,-1.20849609375
44.824219,-1.812744140625
44.826172,-2.618408203125
44.828125,-3.62548828125
44.830078,-4.43115234375
44.832031,-5.438232421875
44.833984,-6.243896484375
44.835938,-6.84814453125
44.837891,-5.035400390625
44.839844,-5.23681640625
44.841797,-5.035400390625
44.84375,-4.632568359375
44.845703,-4.0283203125
44.847656,-3.22265625
44.849609,-2.215576171875
44.851562,-1.20849609375
44.853516,4.632568359375
44.855469,5.438232421875
44.857422,6.04248046875
44.859375,6.243896484375
44.861328,6.4453125
44.863281,6.243896484375
44.865234,5.6396484375
44.867188,5.035400390625
44.869141,10.87646484375
44.871094,16.9189453125
44.873047,15.911865234375
44.875,14.90478515625
44.876953,14.300537109375
44.878906,13.6962890625
44.880859,13.494873046875
44.882812,13.494873046875
44.884766,13.897705078125
44.886719,14.501953125
44.888672,15.3076171875
44.890625,16.11328125
44.892578,17.120361328125
44.894531,18.12744140625
44.896484,18.93310546875
44.898438,19.537353515625
44.900391,19.940185546875
44.902344,20.1416015625
44.904297,25.177001953125
44.90625,24.774169921875
44.908203,23.968505859375
44.910156,23.162841796875
44.912109,22.357177734375
44.914062,21.35009765625
44.916016,20.343017578125
44.917969,22.15576171875
44.919922,21.551513671875
44.921875,21.35009765625
44.923828,21.35009765625
44.925781,21.551513671875
44.927734,21.954345703125
44.929688,22.760009765625
44.931641,23.565673828125
44.933594,23.162841796875
44.935547,24.169921875
44.9375,24.9755859375
44.939453,25.78125
44.941406,26.18408203125
44.943359,26.5869140625
44.945312,26.385498046875
44.947266,20.947265625
44.949219,20.343017578125
44.951172,19.537353515625
44.953125,18.5302734375
44.955078,17.724609375
44.957031,16.717529296875
44.958984,15.911865234375
44.960938,15.3076171875
44.962891,14.90478515625
44.964844,14.703369140625
44.966797,8.45947265625
44.96875,8.8623046875
44.970703,9.466552734375
44.972656,10.4736328125
44.974609,11.279296875
44.976562,12.286376953125
44.978516,13.29345703125
44.980469,13.897705078125
44.982422,14.501953125
44.984375,14.90478515625
44.986328,14.90478515625
44.988281,14.703369140625
44.990234,14.300537109375
44.992188,13.494873046875
44.994141,0.40283203125
44.996094,-0.604248046875
44.998047,-1.611328125
45.0,-2.4169921875
45.001953,-3.22265625
45.003906,-3.62548828125
45.005859,-3.826904296875
45.007812,-3.826904296875
45.009766,-3.62548828125
45.011719,-3.021240234375
45.013672,-5.035400390625
45.015625,-4.229736328125
45.017578,-3.22265625
45.019531,-2.215576171875
45.021484,-1.409912109375
45.023438,-0.8056640625
45.025391,-0.40283203125
45.027344,-0.40283203125
45.029297,-0.604248046875
45.03125,-1.007080078125
45.033203,-1.611328125
45.035156,-2.618408203125
45.037109,-3.424072265625
45.039062,-4.43115234375
45.041016,-5.438232421875
45.042969,-6.04248046875
45.044922,-2.618408203125
45.046875,-2.81982421875
45.048828,-2.81982421875
45.050781,-2.618408203125
45.052734,-2.215576171875
45.054688,-1.409912109375
45.056641,-0.604248046875
45.058594,6.243896484375
45.060547,7.2509765625
45.0625,8.258056640625
45.064453,8.8623046875
45.066406,16.717529296875
45.068359,16.9189453125
45.070312,16.717529296875
45.072266,16.51611328125
45.074219,15.911865234375
45.076172,15.106201171875
45.078125,14.300537109375
45.080078,13.29345703125
45.082031,12.286376953125
45.083984,11.480712890625
45.085938,10.87646484375
45.087891,10.4736328125
45.089844,10.272216796875
45.091797,10.4736328125
45.09375,10.87646484375
45.095703,11.480712890625
45.097656,12.286376953125
45.099609,13.29345703125
45.101562,14.300537109375
45.103516,20.947265625
45.105469,25.177001953125
45.107422,25.579833984375
45.109375,25.982666015625
45.111328,25.982666015625
45.113281,25.78125
45.115234,25.37841796875
45.117188,24.57275390625
45.119141,23.76708984375
45.121094,22.760009765625
45.123047,21.7529296875
45.125,21.551513671875
45.126953,20.745849609375
45.128906,20.343017578125
45.130859,19.940185546875
45.132812,20.1416015625
45.134766,20.343017578125
45.136719,20.947265625
45.138672,20.343017578125
45.140625,21.35009765625
45.142578,22.15576171875
45.144531,23.162841796875
45.146484,23.968505859375
45.148438,24.57275390625
45.150391,24.9755859375
45.152344,25.177001953125
45.154297,18.328857421875
45.15625,17.926025390625
45.158203,17.120361328125
45.160156,16.314697265625
45.162109,15.509033203125
45.164062,14.501953125
45.166016,13.494873046875
45.167969,12.689208984375
45.169922,12.286376953125
45.171875,4.833984375
45.173828,4.833984375
45.175781,5.035400390625
45.177734,5.6396484375
45.179688,6.243896484375
45.181641,7.2509765625
45.183594,8.258056640625
45.185547,9.063720703125
45.1875,3.424072265625
45.189453,4.0283203125
45.191406,4.632568359375
45.193359,4.833984375
45.195312,4.833984375
45.197266,4.43115234375
45.199219,3.826904296875
45.201172,3.021240234375
45.203125,2.215576171875
45.205078,1.20849609375
45.207031,0.40283203125
45.208984,-0.604248046875
45.210938,-5.035400390625
45.212891,-5.438232421875
45.214844,-5.6396484375
45.216797,-5.438232421875
45.21875,-7.65380859375
45.220703,-6.84814453125
45.222656,-6.04248046875
45.224609,-5.23681640625
45.226562,-4.229736328125
45.228516,-3.22265625
45.230469,-2.4169921875
45.232422,-2.01416015625
45.234375,1.20849609375
45.236328,1.20849609375
45.238281,1.007080078125
45.240234,0.40283203125
45.242188,-0.201416015625
45.244141,-1.20849609375
45.246094,-2.01416015625
45.248047,-3.021240234375
45.25,-4.0283203125
45.251953,0.40283203125
45.253906,-0.201416015625
45.255859,-0.40283203125
45.257812,-0.40283203125
45.259766,0.0
45.261719,5.841064453125
45.263672,6.646728515625
45.265625,7.452392578125
45.267578,8.45947265625
45.269531,9.466552734375
45.271484,10.272216796875
45.273438,10.87646484375
45.275391,11.279296875
45.277344,11.480712890625
45.279297,11.279296875
45.28125,17.926025390625
45.283203,17.32177734375
45.285156,16.51611328125
45.287109,15.509033203125
45.289062,14.501953125
45.291016,13.6962890625
45.292969,12.890625
45.294922,12.286376953125
45.296875,17.926025390625
45.298828,17.926025390625
45.300781,18.12744140625
45.302734,18.731689453125
45.304688,19.3359375
45.306641,20.343017578125
45.308594,21.148681640625
45.310547,22.15576171875
45.3125,23.162841796875
45.314453,23.76708984375
45.316406,24.371337890625
45.318359,24.57275390625
45.320312,24.371337890625
45.322266,24.169921875
45.324219,23.565673828125
45.326172,25.579833984375
45.328125,24.57275390625
45.330078,23.565673828125
45.332031,22.760009765625
45.333984,21.954345703125
45.335938,21.148681640625
45.337891,20.745849609375
45.339844,20.745849609375
45.341797,20.745849609375
45.34375,21.148681640625
45.345703,17.32177734375
45.347656,18.12744140625
45.349609,19.134521484375
45.351562,20.1416015625
45.353516,20.947265625
45.355469,21.7529296875
45.357422,22.357177734375
45.359375,22.760009765625
45.361328,16.51611328125
45.363281,16.314697265625
45.365234,15.911865234375
45.367188,15.106201171875
45.369141,14.300537109375
45.371094,13.29345703125
45.373047,12.286376953125
45.375,11.480712890625
45.376953,10.675048828125
45.378906,5.035400390625
45.380859,3.021240234375
45.382812,3.021240234375
45.384766,3.22265625
45.386719,3.826904296875
45.388672,4.632568359375
45.390625,5.6396484375
45.392578,6.646728515625
45.394531,1.007080078125
45.396484,1.812744140625
45.398438,2.618408203125
45.400391,3.021240234375
45.402344,3.021240234375
45.404297,3.021240234375
45.40625,2.618408203125
45.408203,1.812744140625
45.410156,-2.01416015625
45.412109,-2.81982421875
45.414062,-3.826904296875
45.416016,-4.833984375
45.417969,-5.6396484375
45.419922,-6.243896484375
45.421875,-6.4453125
45.423828,-6.4453125
45.425781,-6.243896484375
45.427734,-5.841064453125
45.429688,-5.035400390625
45.431641,-4.833984375
45.433594,-3.826904296875
45.435547,-2.81982421875
45.4375,-2.01416015625
45.439453,-1.20849609375
45.441406,1.611328125
45.443359,1.812744140625
45.445312,1.812744140625
45.447266,1.409912109375
45.449219,0.8056640625
45.451172,0.201416015625
45.453125,-0.8056640625
45.455078,-1.812744140625
45.457031,3.62548828125
45.458984,2.618408203125
45.460938,2.01416015625
45.462891,1.611328125
45.464844,1.409912109375
45.466797,1.611328125
45.46875,2.01416015625
45.470703,2.618408203125
45.472656,10.4736328125
45.474609,11.279296875
45.476562,12.286376953125
45.478516,13.29345703125
45.480469,14.09912109375
45.482422,14.501953125
45.484375,14.90478515625
45.486328,14.90478515625
45.488281,20.947265625
45.490234,20.54443359375
45.492188,19.73876953125
45.494141,18.93310546875
45.496094,17.926025390625
45.498047,16.9189453125
45.5,16.11328125
45.501953,15.509033203125
45.503906,19.3359375
45.505859,19.134521484375
45.507812,19.134521484375
45.509766,19.537353515625
45.511719,20.1416015625
45.513672,20.947265625
45.515625,21.7529296875
45.517578,22.760009765625
45.519531,23.76708984375
45.521484,26.385498046875
45.523438,26.18408203125
45.525391,26.5869140625
45.527344,26.788330078125
45.529297,26.5869140625
45.53125,26.18408203125
45.533203,25.579833984375
45.535156,24.774169921875
45.537109,23.76708984375
45.539062,22.760009765625
45.541016,21.954345703125
45.542969,21.148681640625
45.544922,19.134521484375
45.546875,18.731689453125
45.548828,18.731689453125
45.550781,18.93310546875
45.552734,14.300537109375
45.554688,15.106201171875
45.556641,15.911865234375
45.558594,16.9189453125
45.560547,17.926025390625
45.5625,18.731689453125
45.564453,19.3359375
45.566406,12.890625
45.568359,13.092041015625
45.570312,13.092041015625
45.572266,12.890625
45.574219,12.286376953125
45.576172,11.480712890625
45.578125,10.4736328125
45.580078,9.66796875
45.582031,3.62548828125
45.583984,2.81982421875
45.585938,2.215576171875
45.587891,1.812744140625
45.589844,1.611328125
45.591797,1.812744140625
45.59375,2.215576171875
45.595703,2.81982421875
45.597656,-1.812744140625
45.599609,-1.007080078125
45.601562,0.0
45.603516,1.007080078125
45.605469,1.812744140625
45.607422,2.215576171875
45.609375,2.618408203125
45.611328,2.618408203125
45.613281,2.4169921875
45.615234,-2.01416015625
45.617188,-2.81982421875
45.619141,-3.62548828125
45.621094,-4.632568359375
45.623047,-5.6396484375
45.625,-6.4453125
45.626953,-7.049560546875
45.628906,-6.4453125
45.630859,-6.646728515625
45.632812,-6.646728515625
45.634766,-6.243896484375
45.636719,-5.6396484375
45.638672,-4.833984375
45.640625,-4.0283203125
45.642578,-3.021240234375
45.644531,-2.01416015625
45.646484,-1.20849609375
45.648438,-0.604248046875
45.650391,-0.201416015625
45.652344,3.424072265625
45.654297,3.22265625
45.65625,2.81982421875
45.658203,2.215576171875
45.660156,1.409912109375
45.662109,6.84814453125
45.664062,5.841064453125
45.666016,4.833984375
45.667969,4.0283203125
45.669922,3.424072265625
45.671875,3.22265625
45.673828,3.22265625
45.675781,3.424072265625
45.677734,11.077880859375
45.679688,11.68212890625
45.681641,12.689208984375
45.683594,13.494873046875
45.685547,14.501953125
45.6875,15.509033203125
45.689453,16.11328125
45.691406,16.717529296875
45.693359,16.9189453125
45.695312,22.55859375
45.697266,22.15576171875
45.699219,21.7529296875
45.701172,20.947265625
45.703125,19.940185546875
45.705078,18.93310546875
45.707031,18.12744140625
45.708984,20.745849609375
45.710938,20.1416015625
45.712891,19.73876953125
45.714844,19.537353515625
45.716797,19.73876953125
45.71875,20.1416015625
45.720703,20.745849609375
45.722656,21.551513671875
45.724609,22.55859375
45.726562,23.968505859375
45.728516,24.774169921875
45.730469,25.579833984375
45.732422,26.18408203125
45.734375,26.5869140625
45.736328,26.5869140625
45.738281,26.385498046875
45.740234,23.162841796875
45.742188,22.357177734375
45.744141,21.551513671875
45.746094,20.54443359375
45.748047,19.537353515625
45.75,18.731689453125
45.751953,17.926025390625
45.753906,17.523193359375
45.755859,17.32177734375
45.757812,17.32177734375
45.759766,17.523193359375
45.761719,18.12744140625
45.763672,18.93310546875
45.765625,19.940185546875
45.767578,20.947265625
45.769531,9.26513671875
45.771484,10.07080078125
45.773438,10.87646484375
45.775391,11.279296875
45.777344,11.279296875
45.779297,11.279296875
45.78125,10.87646484375
45.783203,10.07080078125
45.785156,9.26513671875
45.787109,8.45947265625
45.789062,1.20849609375
45.791016,0.201416015625
45.792969,-0.40283203125
45.794922,-1.007080078125
45.796875,-1.409912109375
45.798828,-1.409912109375
45.800781,-1.20849609375
45.802734,-0.8056640625
45.804688,-4.632568359375
45.806641,-3.62548828125
45.808594,-2.618408203125
45.810547,-1.812744140625
45.8125,-0.8056640625
45.814453,-0.201416015625
45.816406,0.40283203125
45.818359,0.604248046875
45.820312,-1.20849609375
45.822266,-1.611328125
45.824219,-2.01416015625
45.826172,-2.81982421875
45.828125,-3.826904296875
45.830078,-4.833984375
45.832031,-5.6396484375
45.833984,-6.4453125
45.835938,-4.43115234375
45.837891,-4.833984375
45.839844,-5.035400390625
45.841797,-4.833984375
45.84375,-4.43115234375
45.845703,-3.826904296875
45.847656,2.01416015625
45.849609,3.021240234375
45.851562,4.0283203125
45.853516,4.833984375
45.855469,5.6396484375
45.857422,6.243896484375
45.859375,6.646728515625
45.861328,6.646728515625
45.863281,6.4453125
45.865234,5.841064453125
45.867188,5.23681640625
45.869141,4.229736328125
45.871094,3.424072265625
45.873047,2.4169921875
45.875,1.611328125
45.876953,0.8056640625
45.878906,0.40283203125
45.880859,13.6962890625
45.882812,13.6962890625
45.884766,14.09912109375
45.886719,14.501953125
45.888672,15.3076171875
45.890625,16.314697265625
45.892578,17.32177734375
45.894531,18.12744140625
45.896484,18.93310546875
45.898438,24.57275390625
45.900391,24.9755859375
45.902344,25.177001953125
45.904297,24.9755859375
45.90625,24.57275390625
45.908203,23.968505859375
45.910156,23.162841796875
45.912109,22.15576171875
45.914062,21.148681640625
45.916016,22.55859375
45.917969,21.7529296875
45.919922,21.148681640625
45.921875,20.947265625
45.923828,20.745849609375
45.925781,21.148681640625
45.927734,21.551513671875
45.929688,22.357177734375
45.931641,22.357177734375
45.933594,23.3642578125
45.935547,24.169921875
45.9375,25.177001953125
45.939453,25.78125
45.941406,26.385498046875
45.943359,26.5869140625
45.945312,26.5869140625
45.947266,22.55859375
45.949219,20.54443359375
45.951172,19.73876953125
45.953125,18.93310546875
45.955078,17.926025390625
45.957031,16.9189453125
45.958984,16.11328125
45.960938,15.509033203125
45.962891,10.4736328125
45.964844,10.272216796875
45.966797,10.4736328125
45.96875,10.87646484375
45.970703,11.480712890625
45.972656,12.286376953125
45.974609,13.29345703125
45.976562,14.09912109375
45.978516,15.106201171875
45.980469,15.911865234375
45.982422,16.51611328125
45.984375,16.717529296875
45.986328,16.717529296875
45.988281,16.51611328125
45.990234,8.8623046875
45.992188,1.812744140625
45.994141,1.007080078125
45.996094,0.0
45.998047,-1.007080078125
46.0,-1.812744140625
46.001953,-2.618408203125
46.003906,-3.021240234375
46.005859,-3.22265625
46.007812,-3.22265625
46.009766,-2.81982421875
46.011719,-5.6396484375
46.013672,-4.833984375
46.015625,-3.826904296875
46.017578,-3.021240234375
46.019531,-2.01416015625
46.021484,-1.20849609375
46.023438,-0.604248046875
46.025391,-1.007080078125
46.027344,-0.8056640625
46.029297,-1.007080078125
46.03125,-1.409912109375
46.033203,-2.01416015625
46.035156,-2.81982421875
46.037109,-3.826904296875
46.039062,-4.833984375
46.041016,-5.6396484375
46.042969,-3.62548828125
46.044922,-4.0283203125
46.046875,-4.43115234375
46.048828,-4.43115234375
46.050781,-4.229736328125
46.052734,-3.826904296875
46.054688,-3.021240234375
46.056641,-2.215576171875
46.058594,4.43115234375
46.060547,5.438232421875
46.0625,6.243896484375
46.064453,7.049560546875
46.066406,7.452392578125
46.068359,7.65380859375
46.070312,7.65380859375
46.072266,7.452392578125
46.074219,13.897705078125
46.076172,13.092041015625
46.078125,12.286376953125
46.080078,11.279296875
46.082031,10.272216796875
46.083984,9.466552734375
46.085938,8.8623046875
46.087891,8.45947265625
46.089844,8.258056640625
46.091797,8.45947265625
46.09375,8.8623046875
46.095703,9.466552734375
46.097656,10.272216796875
46.099609,17.523193359375
46.101562,18.5302734375
46.103516,19.3359375
46.105469,23.76708984375
46.107422,25.982666015625
46.109375,26.18408203125
46.111328,26.385498046875
46.113281,25.982666015625
46.115234,25.579833984375
46.117188,24.774169921875
46.119141,23.968505859375
46.121094,22.96142578125
46.123047,23.565673828125
46.125,22.15576171875
46.126953,21.35009765625
46.128906,20.947265625
46.130859,20.745849609375
46.132812,20.745849609375
46.134766,20.947265625
46.136719,21.551513671875
46.138672,19.940185546875
46.140625,20.745849609375
46.142578,21.7529296875
46.144531,22.760009765625
46.146484,23.565673828125
46.148438,24.169921875
46.150391,24.57275390625
46.152344,19.73876953125
46.154297,19.537353515625
46.15625,19.134521484375
46.158203,18.5302734375
46.160156,17.724609375
46.162109,16.717529296875
46.164062,15.71044921875
46.166016,14.90478515625
46.167969,14.09912109375
46.169922,7.049560546875
46.171875,6.646728515625
46.173828,6.646728515625
46.175781,6.84814453125
46.177734,7.2509765625
46.179688,8.056640625
46.181641,8.8623046875
46.183594,9.869384765625
46.185547,3.826904296875
46.1875,4.632568359375
46.189453,5.438232421875
46.191406,5.841064453125
46.193359,6.04248046875
46.195312,6.04248046875
46.197266,5.841064453125
46.199219,5.23681640625
46.201172,4.43115234375
46.203125,3.424072265625
46.205078,-2.4169921875
46.207031,-3.424072265625
46.208984,-4.229736328125
46.210938,-4.833984375
46.212891,-5.23681640625
46.214844,-5.438232421875
46.216797,-7.65380859375
46.21875,-7.2509765625
46.220703,-6.646728515625
46.222656,-5.841064453125
46.224609,-4.833984375
46.226562,-3.826904296875
46.228516,-3.021240234375
46.230469,-2.215576171875
46.232422,-1.611328125
46.234375,-1.409912109375
46.236328,0.0
46.238281,4.833984375
46.240234,4.229736328125
46.242188,3.424072265625
46.244141,2.618408203125
46.246094,1.611328125
46.248047,0.8056640625
46.25,-0.201416015625
46.251953,-0.8056640625
46.253906,-1.409912109375
46.255859,-1.611328125
46.257812,-1.611328125
46.259766,-1.20849609375
46.261719,-0.604248046875
46.263672,0.201416015625
46.265625,1.007080078125
46.267578,2.01416015625
46.269531,9.466552734375
46.271484,10.272216796875
46.273438,10.87646484375
46.275391,11.279296875
46.277344,11.480712890625
46.279297,11.279296875
46.28125,18.12744140625
46.283203,17.32177734375
46.285156,16.51611328125
46.287109,15.71044921875
46.289062,14.703369140625
46.291016,13.6962890625
46.292969,12.890625
46.294922,12.286376953125
46.296875,12.0849609375
46.298828,17.32177734375
46.300781,17.523193359375
46.302734,18.12744140625
46.304688,18.731689453125
46.306641,19.537353515625
46.308594,20.54443359375
46.310547,21.551513671875
46.3125,22.357177734375
46.314453,23.162841796875
46.316406,23.565673828125
46.318359,23.76708984375
46.320312,23.76708984375
46.322266,23.565673828125
46.324219,22.96142578125
46.326172,25.579833984375
46.328125,24.57275390625
46.330078,23.76708984375
46.332031,22.760009765625
46.333984,21.954345703125
46.335938,21.35009765625
46.337891,20.745849609375
46.339844,20.745849609375
46.341797,20.745849609375
46.34375,21.35009765625
46.345703,17.120361328125
46.347656,17.926025390625
46.349609,18.93310546875
46.351562,19.73876953125
46.353516,20.745849609375
46.355469,21.551513671875
46.357422,22.15576171875
46.359375,22.357177734375
46.361328,16.51611328125
46.363281,16.314697265625
46.365234,15.71044921875
46.367188,15.106201171875
46.369141,14.300537109375
46.371094,13.29345703125
46.373047,12.286376953125
46.375,11.480712890625
46.376953,3.62548828125
46.378906,3.22265625
46.380859,3.021240234375
46.382812,3.021240234375
46.384766,3.22265625
46.386719,3.826904296875
46.388672,4.632568359375
46.390625,5.6396484375
46.392578,6.4453125
46.394531,1.409912109375
46.396484,2.215576171875
46.398438,2.81982421875
46.400391,3.22265625
46.402344,3.424072265625
46.404297,3.22265625
46.40625,2.81982421875
46.408203,-1.20849609375
46.410156,-2.01416015625
46.412109,-2.81982421875
46.414062,-3.826904296875
46.416016,-4.833984375
46.417969,-5.6396484375
46.419922,-6.243896484375
46.421875,-6.4453125
46.423828,-6.4453125
46.425781,-6.243896484375
46.427734,-5.841064453125
46.429688,-5.035400390625
46.431641,-4.229736328125
46.433594,-0.8056640625
46.435547,0.201416015625
46.4375,1.007080078125
46.439453,1.812744140625
46.441406,2.215576171875
46.443359,2.618408203125
46.445312,2.4169921875
46.447266,2.215576171875
46.449219,1.611328125
46.451172,0.8056640625
46.453125,-0.201416015625
46.455078,-1.007080078125
46.457031,3.424072265625
46.458984,2.618408203125
46.460938,2.01416015625
46.462891,1.611328125
46.464844,1.409912109375
46.466797,1.611328125
46.46875,2.01416015625
46.470703,7.855224609375
46.472656,8.660888671875
46.474609,9.66796875
46.476562,10.4736328125
46.478516,11.480712890625
46.480469,12.286376953125
46.482422,12.890625
46.484375,13.092041015625
46.486328,20.1416015625
46.488281,19.940185546875
46.490234,19.537353515625
46.492188,18.731689453125
46.494141,17.926025390625
46.496094,16.9189453125
46.498047,15.911865234375
46.5,15.106201171875
46.501953,14.300537109375
46.503906,18.328857421875
46.505859,18.12744140625
46.507812,18.12744140625
46.509766,18.328857421875
46.511719,18.93310546875
46.513672,19.73876953125
46.515625,20.745849609375
46.517578,21.551513671875
46.519531,25.982666015625
46.521484,26.788330078125
46.523438,27.392578125
46.525391,27.79541015625
46.527344,27.996826171875
46.529297,27.79541015625
46.53125,27.392578125
46.533203,26.788330078125
46.535156,25.982666015625
46.537109,24.9755859375
46.539062,23.968505859375
46.541016,23.162841796875
46.542969,22.357177734375
46.544922,19.940185546875
46.546875,19.537353515625
46.548828,19.537353515625
46.550781,15.106201171875
46.552734,15.71044921875
46.554688,16.314697265625
46.556641,17.32177734375
46.558594,18.328857421875
46.560547,19.134521484375
46.5625,20.1416015625
46.564453,20.745849609375
46.566406,14.703369140625
46.568359,14.90478515625
46.570312,14.90478515625
46.572266,14.501953125
46.574219,13.897705078125
46.576172,13.092041015625
46.578125,12.286376953125
46.580078,11.279296875
46.582031,10.272216796875
46.583984,2.618408203125
46.585938,2.01416015625
46.587891,1.611328125
46.589844,1.409912109375
46.591797,1.611328125
46.59375,2.01416015625
46.595703,2.618408203125
46.597656,3.424072265625
46.599609,-1.611328125
46.601562,-0.604248046875
46.603516,0.201416015625
46.605469,1.007080078125
46.607422,1.611328125
46.609375,1.812744140625
46.611328,2.01416015625
46.613281,1.611328125
46.615234,-2.01416015625
46.617188,-2.81982421875
46.619141,-3.62548828125
46.621094,-4.632568359375
46.623047,-5.438232421875
46.625,-6.4453125
46.626953,-7.049560546875
46.628906,-6.243896484375
46.630859,-6.4453125
46.632812,-6.4453125
46.634766,-6.04248046875
46.636719,-5.438232421875
46.638672,-4.632568359375
46.640625,-3.826904296875
46.642578,-2.81982421875
46.644531,-1.812744140625
46.646484,-1.007080078125
46.648438,-0.40283203125
46.650391,0.0
46.652344,0.201416015625
46.654297,0.0
46.65625,-0.40283203125
46.658203,1.007080078125
46.660156,7.65380859375
46.662109,6.646728515625
46.664062,5.6396484375
46.666016,4.833984375
46.667969,4.0283203125
46.669922,3.424072265625
46.671875,3.22265625
46.673828,3.021240234375
46.675781,3.22265625
46.677734,11.077880859375
46.679688,11.68212890625
46.681641,12.689208984375
46.683594,13.494873046875
46.685547,14.501953125
46.6875,15.3076171875
46.689453,16.11328125
46.691406,16.51611328125
46.693359,16.9189453125
46.695312,22.357177734375
46.697266,21.954345703125
46.699219,21.551513671875
46.701172,20.745849609375
46.703125,19.73876953125
46.705078,18.731689453125
46.707031,17.926025390625
46.708984,17.120361328125
46.710938,20.1416015625
46.712891,19.73876953125
46.714844,19.537353515625
46.716797,19.73876953125
46.71875,20.1416015625
46.720703,20.745849609375
46.722656,21.551513671875
46.724609,23.565673828125
46.726562,24.57275390625
46.728516,25.37841796875
46.730469,26.18408203125
46.732422,26.788330078125
46.734375,26.98974609375
46.736328,27.191162109375
46.738281,26.788330078125
46.740234,26.385498046875
46.742188,22.760009765625
46.744141,21.954345703125
46.746094,20.947265625
46.748047,19.940185546875
46.75,19.134521484375
46.751953,18.328857421875
46.753906,17.926025390625
46.755859,17.724609375
46.757812,17.724609375
46.759766,17.926025390625
46.761719,18.5302734375
46.763672,19.3359375
46.765625,20.343017578125
46.767578,21.148681640625
46.769531,9.466552734375
46.771484,10.272216796875
46.773438,10.87646484375
46.775391,11.279296875
46.777344,11.480712890625
46.779297,11.279296875
46.78125,10.87646484375
46.783203,10.272216796875
46.785156,9.466552734375
46.787109,8.45947265625
46.789062,7.65380859375
46.791016,0.201416015625
46.792969,-0.604248046875
46.794922,-1.007080078125
46.796875,-1.409912109375
46.798828,-1.409912109375
46.800781,-1.20849609375
46.802734,-0.8056640625
46.804688,-4.43115234375
46.806641,-3.62548828125
46.808594,-2.618408203125
46.810547,-1.611328125
46.8125,-0.8056640625
46.814453,0.0
46.816406,0.40283203125
46.818359,0.8056640625
46.820312,0.604248046875
46.822266,-1.611328125
46.824219,0.604248046875
46.826172,-0.201416015625
46.828125,-1.007080078125
46.830078,-2.01416015625
46.832031,-3.021240234375
46.833984,-3.826904296875
46.835938,-4.43115234375
46.837891,-4.833984375
46.839844,-5.035400390625
46.841797,-4.833984375
46.84375,-4.43115234375
46.845703,-3.826904296875
46.847656,-3.021240234375
46.849609,-2.01416015625
46.851562,-1.007080078125
46.853516,4.43115234375
46.855469,5.23681640625
46.857422,5.841064453125
46.859375,6.04248046875
46.861328,6.04248046875
46.863281,5.841064453125
46.865234,5.438232421875
46.867188,4.632568359375
46.869141,10.87646484375
46.871094,9.869384765625
46.873047,8.8623046875
46.875,8.056640625
46.876953,7.2509765625
46.878906,6.84814453125
46.880859,6.646728515625
46.882812,6.646728515625
46.884766,7.049560546875
46.886719,7.65380859375
46.888672,8.258056640625
46.890625,9.26513671875
46.892578,10.272216796875
46.894531,11.077880859375
46.896484,18.5302734375
46.898438,26.788330078125
46.900391,26.98974609375
46.902344,26.18408203125
46.904297,24.9755859375
46.90625,21.7529296875
46.908203,21.954345703125
46.910156,25.579833984375
46.912109,23.565673828125
46.914062,22.760009765625
46.916016,20.343017578125
46.917969,8.660888671875
46.919922,-5.438232421875
46.921875,28.1982421875
46.923828,27.593994140625
46.925781,31.01806640625
46.927734,37.060546875
46.929688,41.290283203125
46.931641,3.62548828125
46.933594,6.84814453125
46.935547,37.8662109375
46.9375,48.74267578125
46.939453,38.067626953125
46.941406,8.8623046875
46.943359,64.654541015625
46.945312,56.396484375
46.947266,10.07080078125
46.949219,-5.438232421875
46.951172,18.328857421875
46.953125,72.308349609375
46.955078,38.470458984375
46.957031,-11.480712890625
46.958984,19.537353515625
46.960938,22.760009765625
46.962891,26.788330078125
46.964844,67.27294921875
46.966797,30.21240234375
46.96875,76.336669921875
46.970703,-10.272216796875
46.972656,14.09912109375
46.974609,43.10302734375
46.976562,40.887451171875
46.978516,-56.79931640625
46.980469,-32.62939453125
46.982422,42.498779296875
46.984375,2.4169921875
46.986328,82.781982421875
46.988281,11.883544921875
46.990234,-48.541259765625
46.992188,-22.55859375
46.994141,-90.032958984375
46.996094,-3.021240234375
46.998047,58.209228515625
47.0,13.6962890625
47.001953,43.505859375
47.003906,-31.622314453125
47.005859,-44.110107421875
47.007812,-13.29345703125
47.009766,38.671875
47.011719,3.22265625
47.013672,-12.890625
47.015625,-2.01416015625
47.017578,-47.332763671875
47.019531,31.82373046875
47.021484,-95.672607421875
47.023438,30.615234375
47.025391,47.13134765625
47.027344,47.332763671875
47.029297,13.897705078125
47.03125,-44.915771484375
47.033203,6.4453125
47.035156,-1.812744140625
47.037109,40.887451171875
47.039062,-45.1171875
47.041016,-13.092041015625
47.042969,-49.951171875
47.044922,-32.2265625
47.046875,-100.506591796875
47.048828,45.52001953125
47.050781,73.919677734375
47.052734,-14.09912109375
47.054688,-69.085693359375
47.056641,-49.749755859375
47.058594,28.802490234375
47.060547,2.215576171875
47.0625,149.249267578125
47.064453,-12.48779296875
47.066406,-23.3642578125
47.068359,37.46337890625
47.070312,-111.383056640625
47.072266,9.466552734375
47.074219,122.4609375
47.076172,50.555419921875
47.078125,-23.76708984375
47.080078,-114.00146484375
47.082031,47.332763671875
47.083984,114.80712890625
47.085938,-2.81982421875
47.087891,-67.474365234375
47.089844,92.852783203125
47.091797,-23.76708984375
47.09375,-36.053466796875
47.095703,19.73876953125
47.097656,79.559326171875
47.099609,-21.7529296875
47.101562,17.120361328125
47.103516,65.2587890625
47.105469,-23.162841796875
47.107422,-103.9306640625
47.109375,-51.5625
47.111328,66.46728515625
47.113281,-9.26513671875
47.115234,8.660888671875
47.117188,-149.45068359375
47.119141,6.84814453125
47.121094,86.810302734375
47.123047,26.385498046875
47.125,56.195068359375
47.126953,83.7890625
47.128906,-75.32958984375
47.130859,-86.407470703125
47.132812,-12.286376953125
47.134766,-28.399658203125
47.136719,-42.7001953125
47.138672,63.446044921875
47.140625,92.852783203125
47.142578,-9.063720703125
47.144531,57.60498046875
47.146484,101.91650390625
47.148438,93.85986328125
47.150391,153.076171875
47.152344,17.926025390625
47.154297,20.1416015625
47.15625,9.26513671875
47.158203,42.29736328125
47.160156,42.901611328125
47.162109,12.689208984375
47.164062,17.32177734375
47.166016,27.79541015625
47.167969,-55.99365234375
47.169922,-23.162841796875
47.171875,-17.120361328125
47.173828,30.615234375
47.175781,43.90869140625
47.177734,24.57275390625
47.179688,-76.739501953125
47.181641,37.8662109375
47.183594,40.081787109375
47.185547,-25.579833984375
47.1875,-20.745849609375
47.189453,19.73876953125
47.191406,69.891357421875
47.193359,64.85595703125
47.195312,-21.7529296875
47.197266,83.990478515625
47.199219,-22.96142578125
47.201172,-17.120361328125
47.203125,-22.55859375
47.205078,-49.54833984375
47.207031,-11.480712890625
47.208984,13.6962890625
47.210938,29.8095703125
47.212891,1.20849609375
47.214844,-24.371337890625
47.216797,-26.385498046875
47.21875,-32.427978515625
47.220703,5.23681640625
47.222656,15.3076171875
47.224609,-1.611328125
47.226562,-12.48779296875
47.228516,36.2548828125
47.230469,-4.229736328125
47.232422,34.844970703125
47.234375,-17.32177734375
47.236328,-24.169921875
47.238281,27.593994140625
47.240234,-14.90478515625
47.242188,-50.35400390625
47.244141,27.392578125
47.246094,26.18408203125
47.248047,12.689208984375
47.25,-62.237548828125
47.251953,27.392578125
47.253906,-19.3359375
47.255859,-3.62548828125
47.257812,-1.409912109375
47.259766,0.40283203125
47.261719,42.901611328125
47.263672,-20.54443359375
47.265625,-9.869384765625
47.267578,38.873291015625
47.269531,-7.65380859375
47.271484,33.837890625
47.273438,-10.675048828125
47.275391,43.90869140625
47.277344,-50.7568359375
47.279297,-4.0283203125
47.28125,39.88037109375
47.283203,-5.6396484375
47.285156,70.0927734375
47.287109,8.660888671875
47.289062,60.02197265625
47.291016,-9.063720703125
47.292969,-18.93310546875
47.294922,26.18408203125
47.296875,25.78125
47.298828,65.66162109375
47.300781,3.22265625
47.302734,-15.509033203125
47.304688,42.29736328125
47.306641,-76.5380859375
47.308594,22.15576171875
47.310547,72.10693359375
47.3125,35.44921875
47.314453,65.057373046875
47.316406,-38.873291015625
47.318359,76.336669921875
47.320312,-7.855224609375
47.322266,90.838623046875
47.324219,1.611328125
47.326172,-6.4453125
47.328125,125.079345703125
47.330078,-21.7529296875
47.332031,-56.195068359375
47.333984,64.251708984375
47.335938,-30.21240234375
47.337891,48.74267578125
47.339844,-38.067626953125
47.341797,-116.8212890625
47.34375,122.05810546875
47.345703,97.4853515625
47.347656,-85.80322265625
47.349609,132.733154296875
47.351562,54.583740234375
47.353516,18.328857421875
47.355469,-17.724609375
47.357422,65.2587890625
47.359375,16.717529296875
47.361328,16.717529296875
47.363281,16.51611328125
47.365234,16.11328125
47.367188,15.3076171875
47.369141,14.501953125
47.371094,13.494873046875
47.373047,12.48779296875
47.375,11.68212890625
47.376953,3.826904296875
47.378906,3.424072265625
47.380859,3.021240234375
47.382812,3.22265625
47.384766,3.424072265625
47.386719,4.0283203125
47.388672,4.833984375
47.390625,2.4169921875
47.392578,0.201416015625
47.394531,1.20849609375
47.396484,2.01416015625
47.398438,2.618408203125
47.400391,3.021240234375
47.402344,3.22265625
47.404297,3.021240234375
47.40625,2.618408203125
47.408203,2.01416015625
47.410156,-2.01416015625
47.412109,-3.021240234375
47.414062,-4.0283203125
47.416016,-4.833984375
47.417969,-5.6396484375
47.419922,-6.243896484375
47.421875,-6.646728515625
47.423828,-6.646728515625
47.425781,-6.4453125
47.427734,-5.841064453125
47.429688,-6.243896484375
47.431641,-5.438232421875
47.433594,-4.43115234375
47.435547,-3.424072265625
47.4375,-0.40283203125
47.439453,0.201416015625
47.441406,0.8056640625
47.443359,1.007080078125
47.445312,1.007080078125
47.447266,0.604248046875
47.449219,0.0
47.451172,-0.604248046875
47.453125,5.035400390625
47.455078,4.229736328125
47.457031,3.22265625
47.458984,2.4169921875
47.460938,1.812744140625
47.462891,1.20849609375
47.464844,1.20849609375
47.466797,1.20849609375
47.46875,1.812744140625
47.470703,2.4169921875
47.472656,10.4736328125
47.474609,11.480712890625
47.476562,12.286376953125
47.478516,13.29345703125
47.480469,14.09912109375
47.482422,14.703369140625
47.484375,14.90478515625
47.486328,21.954345703125
47.488281,21.551513671875
47.490234,21.148681640625
47.492188,20.343017578125
47.494141,19.537353515625
47.496094,18.5302734375
47.498047,17.724609375
47.5,16.717529296875
47.501953,16.11328125
47.503906,19.73876953125
47.505859,19.537353515625
47.507812,19.537353515625
47.509766,19.940185546875
47.511719,20.54443359375
47.513672,21.35009765625
47.515625,22.15576171875
47.517578,23.162841796875
47.519531,24.169921875
47.521484,24.9755859375
47.523438,25.579833984375
47.525391,26.788330078125
47.527344,26.98974609375
47.529297,26.788330078125
47.53125,26.385498046875
47.533203,25.78125
47.535156,23.565673828125
47.537109,22.760009765625
47.539062,21.7529296875
47.541016,20.745849609375
47.542969,20.1416015625
47.544922,19.537353515625
47.546875,19.134521484375
47.548828,19.134521484375
47.550781,15.3076171875
47.552734,15.71044921875
47.554688,16.51611328125
47.556641,17.32177734375
47.558594,18.328857421875
47.560547,19.134521484375
47.5625,20.1416015625
47.564453,14.300537109375
47.566406,14.703369140625
47.568359,14.90478515625
47.570312,14.90478515625
47.572266,14.501953125
47.574219,13.897705078125
47.576172,13.29345703125
47.578125,12.286376953125
47.580078,11.279296875
47.582031,3.424072265625
47.583984,2.618408203125
47.585938,2.01416015625
47.587891,1.611328125
47.589844,1.409912109375
47.591797,1.611328125
47.59375,2.01416015625
47.595703,2.618408203125
47.597656,-2.215576171875
47.599609,-1.20849609375
47.601562,-0.201416015625
47.603516,0.604248046875
47.605469,-2.01416015625
47.607422,-1.409912109375
47.609375,-1.20849609375
47.611328,-1.007080078125
47.613281,-1.20849609375
47.615234,-1.812744140625
47.617188,-2.4169921875
47.619141,-3.424072265625
47.621094,-4.43115234375
47.623047,-5.23681640625
47.625,-6.243896484375
47.626953,-6.646728515625
47.628906,-7.2509765625
47.630859,-7.452392578125
47.632812,-7.452392578125
47.634766,-7.049560546875
47.636719,-6.4453125
47.638672,-5.6396484375
47.640625,-4.833984375
47.642578,-3.826904296875
47.644531,-2.81982421875
47.646484,-2.01416015625
47.648438,-1.409912109375
47.650391,1.812744140625
47.652344,1.812744140625
47.654297,1.812744140625
47.65625,7.452392578125
47.658203,6.84814453125
47.660156,6.04248046875
47.662109,5.035400390625
47.664062,4.0283203125
47.666016,3.22265625
47.667969,2.4169921875
47.669922,1.812744140625
47.671875,1.611328125
47.673828,1.409912109375
47.675781,8.660888671875
47.677734,9.063720703125
47.679688,9.869384765625
47.681641,10.675048828125
47.683594,11.68212890625
47.685547,12.689208984375
47.6875,13.494873046875
47.689453,20.54443359375
47.691406,21.148681640625
47.693359,21.35009765625
47.695312,21.35009765625
47.697266,20.947265625
47.699219,20.343017578125
47.701172,19.537353515625
47.703125,18.731689453125
47.705078,17.724609375
47.707031,21.148681640625
47.708984,20.343017578125
47.710938,19.73876953125
47.712891,19.3359375
47.714844,19.134521484375
47.716797,19.3359375
47.71875,20.745849609375
47.720703,21.35009765625
47.722656,22.15576171875
47.724609,23.162841796875
47.726562,23.968505859375
47.728516,24.9755859375
47.730469,25.78125
47.732422,26.385498046875
47.734375,26.5869140625
47.736328,26.5869140625
47.738281,26.385498046875
47.740234,25.982666015625
47.742188,25.177001953125
47.744141,24.371337890625
47.746094,23.3642578125
47.748047,22.357177734375
47.75,15.106201171875
47.751953,14.300537109375
47.753906,13.897705078125
47.755859,13.6962890625
47.757812,13.6962890625
47.759766,14.09912109375
47.761719,14.703369140625
47.763672,15.3076171875
47.765625,16.314697265625
47.767578,17.32177734375
47.769531,11.077880859375
47.771484,12.0849609375
47.773438,12.689208984375
47.775391,13.092041015625
47.777344,13.29345703125
47.779297,13.092041015625
47.78125,12.689208984375
47.783203,12.0849609375
47.785156,4.632568359375
47.787109,3.62548828125
47.789062,2.618408203125
47.791016,1.812744140625
47.792969,1.007080078125
47.794922,0.40283203125
47.796875,0.0
47.798828,0.0
47.800781,-4.632568359375
47.802734,-4.0283203125
47.804688,-3.424072265625
47.806641,-2.4169921875
47.808594,-1.611328125
47.810547,-0.604248046875
47.8125,0.201416015625
47.814453,1.007080078125
47.816406,1.409912109375
47.818359,-0.604248046875
47.820312,-0.604248046875
47.822266,-1.007080078125
47.824219,-1.611328125
47.826172,-2.215576171875
47.828125,-3.22265625
47.830078,-4.229736328125
47.832031,-4.632568359375
47.833984,-5.438232421875
47.835938,-6.04248046875
47.837891,-6.4453125
47.839844,-6.646728515625
47.841797,-6.4453125
47.84375,-6.04248046875
47.845703,-5.438232421875
47.847656,-4.632568359375
47.849609,-3.62548828125
47.851562,-2.618408203125
47.853516,-1.812744140625
47.855469,-1.007080078125
47.857422,-0.40283203125
47.859375,2.4169921875
47.861328,5.23681640625
47.863281,11.279296875
47.865234,10.675048828125
47.867188,10.07080078125
47.869141,9.063720703125
47.871094,8.258056640625
47.873047,7.2509765625
47.875,6.243896484375
47.876953,5.6396484375
47.878906,5.035400390625
47.880859,14.90478515625
47.882812,14.300537109375
47.884766,9.063720703125
47.886719,17.724609375
47.888672,18.731689453125
47.890625,25.579833984375
47.892578,8.8623046875
47.894531,18.12744140625
47.896484,4.229736328125
47.898438,43.10302734375
47.900391,22.55859375
47.902344,26.98974609375
47.904297,15.3076171875
47.90625,7.855224609375
47.908203,38.671875
47.910156,34.6435546875
47.912109,45.318603515625
47.914062,13.29345703125
47.916016,49.951171875
47.917969,-21.954345703125
47.919922,-5.841064453125
47.921875,42.498779296875
47.923828,44.110107421875
47.925781,28.802490234375
47.927734,52.569580078125
47.929688,-25.982666015625
47.931641,32.2265625
47.933594,68.88427734375
47.935547,30.010986328125
47.9375,73.3154296875
47.939453,36.2548828125
47.941406,19.3359375
47.943359,-6.04248046875
47.945312,15.911865234375
47.947266,23.3642578125
47.949219,13.6962890625
47.951172,34.844970703125
47.953125,40.484619140625
47.955078,6.243896484375
47.957031,-36.053466796875
47.958984,38.26904296875
47.960938,70.49560546875
47.962891,17.120361328125
47.964844,-27.593994140625
47.966797,75.128173828125
47.96875,2.01416015625
47.970703,-21.551513671875
47.972656,-40.887451171875
47.974609,21.954345703125
47.976562,28.802490234375
47.978516,-62.841796875
47.980469,-31.01806640625
47.982422,-72.509765625
47.984375,14.300537109375
47.986328,-51.361083984375
47.988281,48.541259765625
47.990234,-15.509033203125
47.992188,-98.291015625
47.994141,-64.251708984375
47.996094,-41.290283203125
47.998047,-10.675048828125
48.0,-13.092041015625
48.001953,-60.4248046875
48.003906,-42.7001953125
48.005859,-46.527099609375
48.007812,-116.015625
48.009766,84.99755859375
48.011719,9.869384765625
48.013672,118.231201171875
48.015625,-62.0361328125
48.017578,-61.23046875
48.019531,78.350830078125
48.021484,42.29736328125
48.023438,8.45947265625
48.025391,50.958251953125
48.027344,-37.8662109375
48.029297,-38.470458984375
48.03125,8.8623046875
48.033203,-131.927490234375
48.035156,42.29736328125
48.037109,-25.37841796875
48.039062,50.958251953125
48.041016,-73.71826171875
48.042969,96.6796875
48.044922,-113.397216796875
48.046875,-6.04248046875
48.048828,-86.60888671875
48.050781,112.591552734375
48.052734,-11.883544921875
48.054688,-74.725341796875
48.056641,-106.146240234375
48.058594,48.541259765625
48.060547,20.745849609375
48.0625,25.177001953125
48.064453,41.693115234375
48.066406,102.117919921875
48.068359,-0.201416015625
48.070312,-56.195068359375
48.072266,100.30517578125
48.074219,4.833984375
48.076172,38.671875
48.078125,-87.615966796875
48.080078,6.243896484375
48.082031,-12.890625
48.083984,37.261962890625
48.085938,-19.73876953125
48.087891,96.27685546875
48.089844,-100.909423828125
48.091797,4.43115234375
48.09375,-29.8095703125
48.095703,56.195068359375
48.097656,35.650634765625
48.099609,-7.049560546875
48.101562,-1.812744140625
48.103516,-12.890625
48.105469,-55.99365234375
48.107422,-3.021240234375
48.109375,-3.62548828125
48.111328,58.8134765625
48.113281,100.506591796875
48.115234,-48.33984375
48.117188,38.873291015625
48.119141,-62.640380859375
48.121094,12.48779296875
48.123047,43.304443359375
48.125,94.464111328125
48.126953,176.03759765625
48.128906,114.00146484375
48.130859,-88.824462890625
48.132812,-36.456298828125
48.134766,50.555419921875
48.136719,48.541259765625
48.138672,99.298095703125
48.140625,32.62939453125
48.142578,28.60107421875
48.144531,24.774169921875
48.146484,-51.96533203125
48.148438,22.55859375
48.150391,74.725341796875
48.152344,144.61669921875
48.154297,48.74267578125
48.15625,-7.049560546875
48.158203,142.6025390625
48.160156,18.12744140625
48.162109,37.664794921875
48.164062,-0.8056640625
48.166016,-32.830810546875
48.167969,107.55615234375
48.169922,36.456298828125
48.171875,-1.611328125
48.173828,-1.20849609375
48.175781,-28.802490234375
48.177734,-38.470458984375
48.179688,-61.834716796875
48.181641,-69.488525390625
48.183594,72.91259765625
48.185547,-33.636474609375
48.1875,94.66552734375
48.189453,69.085693359375
48.191406,8.660888671875
48.193359,-22.15576171875
48.195312,-4.229736328125
48.197266,23.3642578125
48.199219,9.466552734375
48.201172,-15.3076171875
48.203125,-19.73876953125
48.205078,48.541259765625
48.207031,-23.565673828125
48.208984,33.636474609375
48.210938,-2.4169921875
48.212891,38.067626953125
48.214844,14.90478515625
48.216797,19.73876953125
48.21875,-16.9189453125
48.220703,-35.650634765625
48.222656,-2.4169921875
48.224609,18.328857421875
48.226562,-11.883544921875
48.228516,22.96142578125
48.230469,-28.1982421875
48.232422,0.201416015625
48.234375,40.283203125
48.236328,27.79541015625
48.238281,51.5625
48.240234,-4.229736328125
48.242188,9.063720703125
48.244141,27.996826171875
48.246094,-26.788330078125
48.248047,-11.480712890625
48.25,-5.23681640625
48.251953,11.077880859375
48.253906,-21.35009765625
48.255859,-49.951171875
48.257812,49.749755859375
48.259766,38.873291015625
48.261719,-7.452392578125
48.263672,-3.826904296875
48.265625,39.276123046875
48.267578,44.3115234375
48.269531,-9.26513671875
48.271484,-7.65380859375
48.273438,33.0322265625
48.275391,35.04638671875
48.277344,6.4453125
48.279297,-17.523193359375
48.28125,51.5625
48.283203,0.0
48.285156,8.45947265625
48.287109,11.883544921875
48.289062,18.12744140625
48.291016,32.2265625
48.292969,30.010986328125
48.294922,-36.053466796875
48.296875,-25.579833984375
48.298828,20.343017578125
48.300781,10.87646484375
48.302734,37.060546875
48.304688,-6.04248046875
48.306641,23.968505859375
48.308594,-11.883544921875
48.310547,64.251708984375
48.3125,128.704833984375
48.314453,-1.812744140625
48.316406,23.162841796875
48.318359,21.551513671875
48.320312,24.371337890625
48.322266,50.35400390625
48.324219,111.383056640625
48.326172,76.739501953125
48.328125,51.763916015625
48.330078,35.44921875
48.332031,21.35009765625
48.333984,-1.812744140625
48.335938,73.71826171875
48.337891,57.60498046875
48.339844,21.551513671875
48.341797,-83.587646484375
48.34375,-8.45947265625
48.345703,19.73876953125
48.347656,60.82763671875
48.349609,18.5302734375
48.351562,86.2060546875
48.353516,65.460205078125
48.355469,-21.551513671875
48.357422,10.87646484375
48.359375,49.1455078125
48.361328,-10.272216796875
48.363281,67.474365234375
48.365234,-13.092041015625
48.367188,139.178466796875
48.369141,93.05419921875
48.371094,-66.064453125
48.373047,4.43115234375
48.375,-22.96142578125
48.376953,-117.022705078125
48.378906,-27.593994140625
48.380859,45.721435546875
48.382812,71.7041015625
48.384766,-33.0322265625
48.386719,-0.604248046875
48.388672,0.201416015625
48.390625,1.007080078125
48.392578,2.01416015625
48.394531,3.021240234375
48.396484,3.826904296875
48.398438,4.43115234375
48.400391,4.833984375
48.402344,5.035400390625
48.404297,4.833984375
48.40625,0.0
48.408203,-0.604248046875
48.410156,-1.611328125
48.412109,-2.4169921875
48.414062,-3.424072265625
48.416016,-4.43115234375
48.417969,-5.035400390625
48.419922,-5.6396484375
48.421875,-8.056640625
48.423828,-8.258056640625
48.425781,-7.855224609375
48.427734,-7.452392578125
48.429688,-6.646728515625
48.431641,-5.841064453125
48.433594,-4.833984375
48.435547,-4.0283203125
48.4375,0.0
48.439453,0.8056640625
48.441406,1.20849609375
48.443359,1.409912109375
48.445312,1.409912109375
48.447266,1.007080078125
48.449219,0.604248046875
48.451172,-0.201416015625
48.453125,4.0283203125
48.455078,3.021240234375
48.457031,2.215576171875
48.458984,1.20849609375
48.460938,0.604248046875
48.462891,0.201416015625
48.464844,0.0
48.466797,0.201416015625
48.46875,3.62548828125
48.470703,7.855224609375
48.472656,8.660888671875
48.474609,9.66796875
48.476562,10.4736328125
48.478516,11.480712890625
48.480469,12.286376953125
48.482422,12.890625
48.484375,13.092041015625
48.486328,19.73876953125
48.488281,19.537353515625
48.490234,18.93310546875
48.492188,18.328857421875
48.494141,17.32177734375
48.496094,16.51611328125
48.498047,15.509033203125
48.5,14.703369140625
48.501953,13.897705078125
48.503906,13.494873046875
48.505859,13.092041015625
48.507812,13.29345703125
48.509766,18.328857421875
48.511719,18.93310546875
48.513672,22.55859375
48.515625,23.3642578125
48.517578,24.371337890625
48.519531,25.37841796875
48.521484,26.18408203125
48.523438,26.788330078125
48.525391,27.191162109375
48.527344,27.392578125
48.529297,27.191162109375
48.53125,24.9755859375
48.533203,24.371337890625
48.535156,23.565673828125
48.537109,22.55859375
48.539062,21.551513671875
48.541016,20.745849609375
48.542969,19.940185546875
48.544922,19.3359375
48.546875,19.134521484375
48.548828,14.703369140625
48.550781,14.90478515625
48.552734,15.3076171875
48.554688,16.11328125
48.556641,16.9189453125
48.558594,17.926025390625
48.560547,18.93310546875
48.5625,15.106201171875
48.564453,15.911865234375
48.566406,16.314697265625
48.568359,16.51611328125
48.570312,16.51611328125
48.572266,16.11328125
48.574219,15.509033203125
48.576172,14.90478515625
48.578125,13.897705078125
48.580078,6.04248046875
48.582031,-1.007080078125
48.583984,-1.812744140625
48.585938,-2.618408203125
48.587891,-3.021240234375
48.589844,-3.021240234375
48.591797,-3.021240234375
48.59375,-2.618408203125
48.595703,-1.812744140625
48.597656,-1.007080078125
48.599609,-0.201416015625
48.601562,0.8056640625
48.603516,1.812744140625
48.605469,2.618408203125
48.607422,3.22265625
48.609375,3.424072265625
48.611328,3.424072265625
48.613281,3.22265625
48.615234,2.81982421875
48.617188,2.01416015625
48.619141,1.20849609375
48.621094,0.201416015625
48.623047,-4.632568359375
48.625,-5.6396484375
48.626953,-6.243896484375
48.628906,-6.84814453125
48.630859,-7.049560546875
48.632812,-7.049560546875
48.634766,-6.646728515625
48.636719,-6.04248046875
48.638672,-5.23681640625
48.640625,-1.20849609375
48.642578,-0.201416015625
48.644531,0.8056640625
48.646484,1.611328125
48.648438,2.215576171875
48.650391,2.618408203125
48.652344,2.81982421875
48.654297,2.618408203125
48.65625,7.65380859375
48.658203,7.049560546875
48.660156,6.243896484375
48.662109,5.23681640625
48.664062,4.229736328125
48.666016,3.424072265625
48.667969,2.618408203125
48.669922,2.01416015625
48.671875,1.611328125
48.673828,8.45947265625
48.675781,8.660888671875
48.677734,9.063720703125
48.679688,9.869384765625
48.681641,10.675048828125
48.683594,11.68212890625
48.685547,12.689208984375
48.6875,13.494873046875
48.689453,20.54443359375
48.691406,21.148681640625
48.693359,21.35009765625
48.695312,21.35009765625
48.697266,20.947265625
48.699219,20.343017578125
48.701172,19.73876953125
48.703125,18.731689453125
48.705078,22.357177734375
48.707031,21.551513671875
48.708984,20.745849609375
48.710938,19.940185546875
48.712891,19.537353515625
48.714844,19.537353515625
48.716797,19.537353515625
48.71875,19.940185546875
48.720703,20.745849609375
48.722656,21.551513671875
48.724609,22.357177734375
48.726562,23.3642578125
48.728516,24.371337890625
48.730469,26.788330078125
48.732422,27.392578125
48.734375,27.79541015625
48.736328,24.57275390625
48.738281,24.371337890625
48.740234,23.76708984375
48.742188,23.162841796875
48.744141,22.15576171875
48.746094,21.35009765625
48.748047,20.343017578125
48.75,16.314697265625
48.751953,15.509033203125
48.753906,15.106201171875
48.755859,14.90478515625
48.757812,14.90478515625
48.759766,15.3076171875
48.761719,15.71044921875
48.763672,16.51611328125
48.765625,10.87646484375
48.767578,11.883544921875
48.769531,12.890625
48.771484,13.6962890625
48.773438,14.300537109375
48.775391,14.703369140625
48.777344,7.855224609375
48.779297,7.65380859375
48.78125,7.2509765625
48.783203,6.646728515625
48.785156,5.6396484375
48.787109,4.833984375
48.789062,3.826904296875
48.791016,2.81982421875
48.792969,2.215576171875
48.794922,1.611328125
48.796875,1.20849609375
48.798828,1.20849609375
48.800781,-3.62548828125
48.802734,-3.021240234375
48.804688,-2.4169921875
48.806641,-1.611328125
48.808594,-0.604248046875
48.810547,0.40283203125
48.8125,-1.812744140625
48.814453,-1.007080078125
48.816406,-0.604248046875
48.818359,-0.40283203125
48.820312,-0.40283203125
48.822266,-0.604248046875
48.824219,-1.20849609375
48.826172,-2.01416015625
48.828125,-3.021240234375
48.830078,-4.0283203125
48.832031,-4.833984375
48.833984,-5.6396484375
48.835938,-6.4453125
48.837891,-6.84814453125
48.839844,-6.84814453125
48.841797,-5.438232421875
48.84375,-2.01416015625
48.845703,-1.409912109375
48.847656,-0.604248046875
48.849609,0.40283203125
48.851562,1.409912109375
48.853516,2.215576171875
48.855469,3.021240234375
48.857422,3.62548828125
48.859375,3.826904296875
48.861328,9.869384765625
48.863281,9.466552734375
48.865234,9.063720703125
48.867188,8.258056640625
48.869141,7.452392578125
48.871094,6.4453125
48.873047,5.6396484375
48.875,4.632568359375
48.876953,14.300537109375
48.878906,9.869384765625
48.880859,10.07080078125
48.882812,9.466552734375
48.884766,10.07080078125
48.886719,13.897705078125
48.888672,14.501953125
48.890625,8.8623046875
48.892578,27.79541015625
48.894531,13.092041015625
48.896484,35.04638671875
48.898438,53.9794921875
48.900391,22.55859375
48.902344,28.1982421875
48.904297,23.968505859375
48.90625,25.982666015625
48.908203,23.162841796875
48.910156,41.0888671875
48.912109,9.466552734375
48.914062,27.191162109375
48.916016,-16.9189453125
48.917969,-5.841064453125
48.919922,-0.8056640625
48.921875,13.29345703125
48.923828,11.883544921875
48.925781,58.209228515625
48.927734,26.5869140625
48.929688,6.243896484375
48.931641,6.04248046875
48.933594,39.07470703125
48.935547,49.1455078125
48.9375,29.40673828125
48.939453,50.35400390625
48.941406,-24.57275390625
48.943359,21.954345703125
48.945312,15.911865234375
48.947266,48.74267578125
48.949219,-40.484619140625
48.951172,9.869384765625
48.953125,18.12744140625
48.955078,-4.43115234375
48.957031,0.604248046875
48.958984,33.0322265625
48.960938,63.848876953125
48.962891,87.01171875
48.964844,-55.5908203125
48.966797,-8.056640625
48.96875,36.65771484375
48.970703,-18.328857421875
48.972656,0.604248046875
48.974609,41.0888671875
48.976562,-6.04248046875
48.978516,25.78125
48.980469,-59.619140625
48.982422,-37.060546875
48.984375,52.972412109375
48.986328,39.276123046875
48.988281,-35.85205078125
48.990234,-36.859130859375
48.992188,-38.873291015625
48.994141,23.565673828125
48.996094,34.24072265625
48.998047,74.12109375
49.0,27.593994140625
49.001953,10.87646484375
49.003906,-47.13134765625
49.005859,77.947998046875
49.007812,-12.0849609375
49.009766,103.326416015625
49.011719,-66.668701171875
49.013672,16.314697265625
49.015625,-59.417724609375
49.017578,-7.855224609375
49.019531,-10.675048828125
49.021484,70.294189453125
49.023438,-20.745849609375
49.025391,-12.890625
49.027344,4.229736328125
49.029297,-29.608154296875
49.03125,-48.541259765625
49.033203,47.735595703125
49.035156,93.658447265625
49.037109,-16.314697265625
49.039062,-67.877197265625
49.041016,-5.438232421875
49.042969,-65.863037109375
49.044922,32.830810546875
49.046875,-116.8212890625
49.048828,-60.626220703125
49.050781,-47.332763671875
49.052734,-11.077880859375
49.054688,-34.442138671875
49.056641,-135.955810546875
49.058594,-0.201416015625
49.060547,-23.968505859375
49.0625,-22.96142578125
49.064453,27.392578125
49.066406,57.000732421875
49.068359,-16.51611328125
49.070312,-6.04248046875
49.072266,11.077880859375
49.074219,111.9873046875
49.076172,-5.438232421875
49.078125,-116.619873046875
49.080078,-16.11328125
49.082031,90.838623046875
49.083984,34.039306640625
49.085938,-27.593994140625
49.087891,-86.810302734375
49.089844,16.9189453125
49.091797,97.88818359375
49.09375,-41.89453125
49.095703,92.852783203125
49.097656,65.863037109375
49.099609,57.806396484375
49.101562,-11.077880859375
49.103516,-34.24072265625
49.105469,136.761474609375
49.107422,-47.93701171875
49.109375,22.96142578125
49.111328,-2.01416015625
49.113281,72.711181640625
49.115234,60.4248046875
49.117188,-20.745849609375
49.119141,-70.697021484375
49.121094,134.747314453125
49.123047,-13.6962890625
49.125,38.470458984375
49.126953,-29.8095703125
49.128906,-50.7568359375
49.130859,-15.3076171875
49.132812,71.099853515625
49.134766,-20.745849609375
49.136719,66.668701171875
49.138672,0.604248046875
49.140625,-9.063720703125
49.142578,-24.169921875
49.144531,-20.54443359375
49.146484,31.4208984375
49.148438,-36.053466796875
49.150391,81.573486328125
49.152344,79.559326171875
49.154297,29.608154296875
49.15625,-13.897705078125
49.158203,-41.290283203125
49.160156,33.636474609375
49.162109,47.13134765625
49.164062,60.626220703125
49.166016,69.287109375
49.167969,-17.523193359375
49.169922,-83.990478515625
49.171875,59.619140625
49.173828,86.810302734375
49.175781,0.201416015625
49.177734,-76.336669921875
49.179688,0.0
49.181641,12.890625
49.183594,-18.12744140625
49.185547,-6.243896484375
49.1875,41.693115234375
49.189453,-19.3359375
49.191406,33.43505859375
49.193359,-16.11328125
49.195312,32.025146484375
49.197266,18.93310546875
49.199219,-1.409912109375
49.201172,-47.332763671875
49.203125,19.3359375
49.205078,-34.039306640625
49.207031,-28.60107421875
49.208984,-13.6962890625
49.210938,-45.318603515625
49.212891,39.276123046875
49.214844,8.8623046875
49.216797,-47.5341796875
49.21875,23.565673828125
49.220703,-4.632568359375
49.222656,41.49169921875
49.224609,12.0849609375
49.226562,1.007080078125
49.228516,-11.68212890625
49.230469,17.724609375
49.232422,-59.014892578125
49.234375,20.947265625
49.236328,-14.09912109375
49.238281,6.4453125
49.240234,-45.9228515625
49.242188,-19.73876953125
49.244141,23.565673828125
49.246094,18.328857421875
49.248047,4.43115234375
49.25,-8.8623046875
49.251953,15.3076171875
49.253906,-31.4208984375
49.255859,-9.26513671875
49.257812,-13.897705078125
49.259766,18.93310546875
49.261719,-25.579833984375
49.263672,52.166748046875
49.265625,13.494873046875
49.267578,-3.826904296875
49.269531,-45.721435546875
49.271484,6.84814453125
49.273438,23.968505859375
49.275391,-0.604248046875
49.277344,48.138427734375
49.279297,-24.774169921875
49.28125,-10.272216796875
49.283203,-2.215576171875
49.285156,23.968505859375
49.287109,27.593994140625
49.289062,31.01806640625
49.291016,22.357177734375
49.292969,-26.385498046875
49.294922,-51.96533203125
49.296875,26.18408203125
49.298828,48.138427734375
49.300781,-73.516845703125
49.302734,49.54833984375
49.304688,16.11328125
49.306641,62.43896484375
49.308594,-4.632568359375
49.310547,-14.501953125
49.3125,41.0888671875
49.314453,51.5625
49.316406,12.48779296875
49.318359,-23.3642578125
49.320312,49.1455078125
49.322266,22.760009765625
49.324219,-70.697021484375
49.326172,-57.2021484375
49.328125,-15.71044921875
49.330078,66.064453125
49.332031,-48.944091796875
49.333984,-56.597900390625
49.335938,78.55224609375
49.337891,-36.2548828125
49.339844,-10.87646484375
49.341797,48.138427734375
49.34375,-7.049560546875
49.345703,-10.675048828125
49.347656,6.84814453125
49.349609,75.531005859375
49.351562,54.986572265625
49.353516,16.9189453125
49.355469,-17.120361328125
49.357422,30.21240234375
49.359375,122.259521484375
49.361328,-83.7890625
49.363281,55.99365234375
49.365234,-2.215576171875
49.367188,13.6962890625
49.369141,-78.955078125
49.371094,98.089599609375
49.373047,-2.01416015625
49.375,-46.527099609375
49.376953,-22.55859375
49.378906,-58.612060546875
49.380859,9.26513671875
49.382812,35.44921875
49.384766,-64.453125
49.386719,37.261962890625
49.388672,104.937744140625
49.390625,77.34375
49.392578,74.12109375
49.394531,26.18408203125
49.396484,-42.498779296875
49.398438,83.38623046875
49.400391,74.12109375
49.402344,73.919677734375
49.404297,1.20849609375
49.40625,-63.446044921875
49.408203,135.955810546875
49.410156,104.132080078125
49.412109,-3.021240234375
49.414062,-4.0283203125
49.416016,-4.833984375
49.417969,-5.6396484375
49.419922,-6.243896484375
49.421875,-6.646728515625
49.423828,-6.646728515625
49.425781,-6.4453125
49.427734,-6.04248046875
49.429688,-5.438232421875
49.431641,-4.632568359375
49.433594,-3.62548828125
49.435547,-2.618408203125
49.4375,-1.812744140625
49.439453,-1.007080078125
49.441406,2.4169921875
49.443359,2.81982421875
49.445312,2.618408203125
49.447266,2.4169921875
49.449219,1.812744140625
49.451172,1.007080078125
49.453125,0.201416015625
49.455078,-0.8056640625
49.457031,-1.812744140625
49.458984,2.4169921875
49.460938,1.812744140625
49.462891,1.409912109375
49.464844,1.20849609375
49.466797,1.409912109375
49.46875,1.812744140625
49.470703,2.4169921875
49.472656,10.4736328125
49.474609,11.279296875
49.476562,12.286376953125
49.478516,13.29345703125
49.480469,13.897705078125
49.482422,14.501953125
49.484375,14.90478515625
49.486328,14.90478515625
49.488281,14.703369140625
49.490234,14.300537109375
49.492188,13.494873046875
49.494141,12.689208984375
49.496094,11.68212890625
49.498047,17.32177734375
49.5,16.51611328125
49.501953,15.71044921875
49.503906,19.940185546875
49.505859,19.73876953125
49.507812,19.73876953125
49.509766,20.1416015625
49.511719,20.54443359375
49.513672,21.35009765625
49.515625,22.357177734375
49.517578,23.3642578125
49.519531,24.169921875
49.521484,26.385498046875
49.523438,26.98974609375
49.525391,27.392578125
49.527344,27.593994140625
49.529297,27.392578125
49.53125,26.98974609375
49.533203,26.385498046875
49.535156,25.579833984375
49.537109,24.57275390625
49.539062,20.947265625
49.541016,19.940185546875
49.542969,19.134521484375
49.544922,18.5302734375
49.546875,18.328857421875
49.548828,18.328857421875
49.550781,18.5302734375
49.552734,14.09912109375
49.554688,14.703369140625
49.556641,15.71044921875
49.558594,9.869384765625
49.560547,10.87646484375
49.5625,11.68212890625
49.564453,12.48779296875
49.566406,12.890625
49.568359,13.092041015625
49.570312,13.092041015625
49.572266,12.890625
49.574219,12.286376953125
49.576172,11.480712890625
49.578125,10.4736328125
49.580078,9.66796875
49.582031,8.660888671875
49.583984,7.855224609375
49.585938,7.2509765625
49.587891,1.409912109375
49.589844,0.0
49.591797,0.201416015625
49.59375,0.604248046875
49.595703,1.20849609375
49.597656,2.01416015625
49.599609,3.021240234375
49.601562,3.826904296875
49.603516,4.833984375
49.605469,5.6396484375
49.607422,6.243896484375
49.609375,2.215576171875
49.611328,1.611328125
49.613281,1.20849609375
49.615234,-1.409912109375
49.617188,-2.01416015625
49.619141,-2.81982421875
49.621094,-3.826904296875
49.623047,-4.833984375
49.625,-5.6396484375
49.626953,-6.4453125
49.628906,-6.84814453125
49.630859,-7.2509765625
49.632812,-5.841064453125
49.634766,-5.438232421875
49.636719,-4.833984375
49.638672,-4.0283203125
49.640625,-3.22265625
49.642578,-2.215576171875
49.644531,-1.20849609375
49.646484,-0.40283203125
49.648438,0.201416015625
49.650391,4.833984375
49.652344,5.035400390625
49.654297,4.833984375
49.65625,4.43115234375
49.658203,3.826904296875
49.660156,3.021240234375
49.662109,2.01416015625
49.664062,7.452392578125
49.666016,6.4453125
49.667969,5.6396484375
49.669922,5.23681640625
49.671875,4.833984375
49.673828,4.833984375
49.675781,5.035400390625
49.677734,5.438232421875
49.679688,6.243896484375
49.681641,14.09912109375
49.683594,15.106201171875
49.685547,16.11328125
49.6875,16.9189453125
49.689453,17.724609375
49.691406,18.12744140625
49.693359,18.5302734375
49.695312,18.328857421875
49.697266,23.3642578125
49.699219,22.760009765625
49.701172,21.954345703125
49.703125,21.148681640625
49.705078,20.1416015625
49.707031,19.134521484375
49.708984,18.328857421875
49.710938,17.724609375
49.712891,17.32177734375
49.714844,17.120361328125
49.716797,17.32177734375
49.71875,17.724609375
49.720703,18.328857421875
49.722656,19.134521484375
49.724609,22.96142578125
49.726562,23.968505859375
49.728516,24.9755859375
49.730469,25.78125
49.732422,26.18408203125
49.734375,26.5869140625
49.736328,26.5869140625
49.738281,26.385498046875
49.740234,25.982666015625
49.742188,25.177001953125
49.744141,20.54443359375
49.746094,19.537353515625
49.748047,18.5302734375
49.75,17.724609375
49.751953,16.9189453125
49.753906,10.272216796875
49.755859,10.07080078125
49.757812,10.07080078125
49.759766,10.272216796875
49.761719,10.87646484375
49.763672,11.68212890625
49.765625,12.689208984375
49.767578,13.6962890625
49.769531,14.501953125
49.771484,15.3076171875
49.773438,16.11328125
49.775391,16.51611328125
49.777344,11.279296875
49.779297,11.279296875
49.78125,10.87646484375
49.783203,10.07080078125
49.785156,9.26513671875
49.787109,8.45947265625
49.789062,7.452392578125
49.791016,-0.201416015625
49.792969,-1.007080078125
49.794922,-1.409912109375
49.796875,-1.812744140625
49.798828,-1.812744140625
49.800781,-1.611328125
49.802734,-1.20849609375
49.804688,-0.40283203125
49.806641,-3.22265625
49.808594,-2.215576171875
49.810547,-1.409912109375
49.8125,-0.40283203125
49.814453,0.201416015625
49.816406,0.8056640625
49.818359,1.007080078125
49.820312,1.007080078125
49.822266,0.604248046875
49.824219,0.0
49.826172,-0.8056640625
49.828125,-1.611328125
49.830078,-3.826904296875
49.832031,-4.833984375
49.833984,-5.6396484375
49.835938,-6.243896484375
49.837891,-4.833984375
49.839844,-5.035400390625
49.841797,-4.833984375
49.84375,-4.43115234375
49.845703,-3.826904296875
49.847656,-3.021240234375
49.849609,-2.01416015625
49.851562,-1.007080078125
49.853516,-0.201416015625
49.855469,5.6396484375
49.857422,6.243896484375
49.859375,6.646728515625
49.861328,6.646728515625
49.863281,6.4453125
49.865234,6.04248046875
49.867188,5.23681640625
49.869141,4.43115234375
49.871094,9.869384765625
49.873047,8.8623046875
49.875,8.056640625
49.876953,7.2509765625
49.878906,6.84814453125
49.880859,6.646728515625
49.882812,6.646728515625
49.884766,7.049560546875
49.886719,7.65380859375
49.888672,15.106201171875
49.890625,15.911865234375
49.892578,16.9189453125
49.894531,17.926025390625
49.896484,18.731689453125
49.898438,19.3359375
49.900391,19.73876953125
49.902344,24.9755859375
49.904297,24.774169921875
49.90625,24.371337890625
49.908203,23.76708984375
49.910156,22.96142578125
49.912109,21.954345703125
49.914062,20.947265625
49.916016,20.1416015625
49.917969,19.3359375
49.919922,18.731689453125
49.921875,18.5302734375
49.923828,18.328857421875
49.925781,18.731689453125
49.927734,19.134521484375
49.929688,19.940185546875
49.931641,21.7529296875
49.933594,22.760009765625
49.935547,23.565673828125
49.9375,24.57275390625
49.939453,25.177001953125
49.941406,25.78125
49.943359,25.982666015625
49.945312,25.982666015625
49.947266,25.579833984375
49.949219,22.15576171875
49.951172,19.73876953125
49.953125,18.731689453125
49.955078,17.926025390625
49.957031,16.9189453125
49.958984,16.11328125
49.960938,15.509033203125
49.962891,15.106201171875
49.964844,14.90478515625
49.966797,15.106201171875
49.96875,8.8623046875
49.970703,9.466552734375
49.972656,10.272216796875
49.974609,11.279296875
49.976562,12.286376953125
49.978516,13.092041015625
49.980469,13.897705078125
49.982422,7.65380859375
49.984375,7.855224609375
49.986328,8.056640625
49.988281,7.855224609375
49.990234,7.2509765625
49.992188,6.646728515625
49.994141,5.6396484375
49.996094,4.632568359375
49.998047,-1.611328125
50.0,-2.618408203125
50.001953,-3.22265625
50.003906,-3.826904296875
50.005859,-4.0283203125
50.007812,-4.0283203125
50.009766,-3.62548828125
50.011719,-3.021240234375
50.013672,-2.215576171875
50.015625,-5.23681640625
50.017578,-4.229736328125
50.019531,-3.22265625
50.021484,-2.4169921875
50.023438,-1.812744140625
50.025391,-1.409912109375
50.027344,-1.20849609375
50.029297,-1.409912109375
50.03125,-1.812744140625
50.033203,-2.01416015625
50.035156,-2.81982421875
50.037109,-3.62548828125
50.039062,-4.632568359375
50.041016,-5.6396484375
50.042969,-6.243896484375
50.044922,-6.84814453125
50.046875,-2.618408203125
50.048828,-2.618408203125
50.050781,-2.4169921875
50.052734,-1.812744140625
50.054688,-1.20849609375
50.056641,-0.201416015625
50.058594,0.604248046875
50.060547,1.611328125
50.0625,8.056640625
50.064453,8.8623046875
50.066406,9.26513671875
50.068359,9.466552734375
50.070312,9.466552734375
50.072266,9.063720703125
50.074219,8.45947265625
50.076172,7.855224609375
50.078125,6.84814453125
50.080078,13.092041015625
50.082031,12.286376953125
50.083984,11.279296875
50.085938,10.675048828125
50.087891,10.272216796875
50.089844,10.07080078125
50.091797,10.272216796875
50.09375,17.120361328125
50.095703,17.724609375
50.097656,18.5302734375
50.099609,19.537353515625
50.101562,20.343017578125
50.103516,21.35009765625
50.105469,22.15576171875
50.107422,22.760009765625
50.109375,22.96142578125
50.111328,27.191162109375
50.113281,26.98974609375
50.115234,26.5869140625
50.117188,25.78125
50.119141,24.9755859375
50.121094,23.968505859375
50.123047,22.96142578125
50.125,22.15576171875
50.126953,21.551513671875
50.128906,20.947265625
50.130859,20.745849609375
50.132812,20.745849609375
50.134766,21.148681640625
50.136719,21.7529296875
50.138672,22.55859375
50.140625,23.3642578125
50.142578,24.371337890625
50.144531,21.551513671875
50.146484,22.357177734375
50.148438,23.162841796875
50.150391,23.565673828125
50.152344,23.565673828125
50.154297,23.565673828125
50.15625,23.162841796875
50.158203,22.357177734375
50.160156,16.314697265625
50.162109,15.3076171875
50.164062,14.300537109375
50.166016,13.494873046875
50.167969,12.689208984375
50.169922,12.0849609375
50.171875,11.68212890625
50.173828,4.833984375
50.175781,5.035400390625
50.177734,5.6396484375
50.179688,6.243896484375
50.181641,7.2509765625
50.183594,8.258056640625
50.185547,9.063720703125
50.1875,10.07080078125
50.189453,10.675048828125
50.191406,4.632568359375
50.193359,4.833984375
50.195312,4.833984375
50.197266,4.43115234375
50.199219,4.0283203125
50.201172,3.22265625
50.203125,2.215576171875
50.205078,1.20849609375
50.207031,0.40283203125
50.208984,-5.035400390625
50.210938,-5.841064453125
50.212891,-6.243896484375
50.214844,-6.243896484375
50.216797,-6.243896484375
50.21875,-5.841064453125
50.220703,-5.035400390625
50.222656,-5.841064453125
50.224609,-4.833984375
50.226562,-3.826904296875
50.228516,-3.021240234375
50.230469,-2.215576171875
50.232422,-1.611328125
50.234375,-1.20849609375
50.236328,-1.20849609375
50.238281,0.604248046875
50.240234,0.0
50.242188,-0.604248046875
50.244141,-1.611328125
50.246094,-2.4169921875
50.248047,-3.424072265625
50.25,-4.43115234375
50.251953,-5.035400390625
50.253906,-5.6396484375
50.255859,-5.841064453125
50.257812,-5.841064453125
50.259766,-5.438232421875
50.261719,-4.833984375
50.263672,-4.0283203125
50.265625,2.4169921875
50.267578,3.424072265625
50.269531,11.077880859375
50.271484,12.0849609375
50.273438,12.689208984375
50.275391,13.092041015625
50.277344,13.29345703125
50.279297,13.092041015625
50.28125,12.689208984375
50.283203,12.0849609375
50.285156,11.077880859375
50.287109,16.717529296875
50.289062,15.71044921875
50.291016,14.90478515625
50.292969,14.09912109375
50.294922,13.494873046875
50.296875,13.092041015625
50.298828,13.092041015625
50.300781,13.29345703125
50.302734,19.3359375
50.304688,20.1416015625
50.306641,20.947265625
50.308594,21.954345703125
50.310547,22.760009765625
50.3125,23.76708984375
50.314453,24.371337890625
50.316406,27.79541015625
50.318359,27.996826171875
50.320312,27.79541015625
50.322266,27.593994140625
50.324219,26.98974609375
50.326172,26.18408203125
50.328125,25.37841796875
50.330078,24.371337890625
50.332031,23.3642578125
50.333984,22.55859375
50.335938,20.343017578125
50.337891,19.940185546875
50.339844,15.3076171875
50.341797,15.3076171875
50.34375,15.71044921875
50.345703,16.51611328125
50.347656,17.32177734375
50.349609,18.12744140625
50.351562,19.134521484375
50.353516,20.1416015625
50.355469,20.947265625
50.357422,21.551513671875
50.359375,21.7529296875
50.361328,21.7529296875
50.363281,21.551513671875
50.365234,21.148681640625
50.367188,20.343017578125
50.369141,19.537353515625
50.371094,18.5302734375
50.373047,17.523193359375
50.375,16.717529296875
50.376953,15.911865234375
50.378906,-17.724609375
50.380859,-18.93310546875
50.382812,40.68603515625
50.384766,3.62548828125
50.386719,32.025146484375
50.388672,30.21240234375
50.390625,-16.717529296875
50.392578,-12.48779296875
50.394531,-0.201416015625
50.396484,75.933837890625
50.398438,11.077880859375
50.400391,-27.191162109375
50.402344,-96.075439453125
50.404297,51.15966796875
50.40625,-27.996826171875
50.408203,-82.781982421875
50.410156,15.71044921875
50.412109,177.044677734375
50.414062,-18.93310546875
50.416016,-181.878662109375
50.417969,-43.304443359375
50.419922,-79.35791015625
50.421875,80.96923828125
50.423828,-107.55615234375
50.425781,123.2666015625
50.427734,-23.968505859375
50.429688,320.452880859375
50.431641,-92.852783203125
50.433594,-248.54736328125
50.435547,208.465576171875
50.4375,40.68603515625
50.439453,-32.62939453125
50.441406,156.70166015625
50.443359,82.379150390625
50.445312,145.42236328125
50.447266,-214.105224609375
50.449219,75.531005859375
50.451172,39.88037109375
50.453125,4.833984375
50.455078,-98.492431640625
50.457031,-86.60888671875
50.458984,-88.623046875
50.460938,-16.717529296875
50.462891,136.761474609375
50.464844,64.654541015625
50.466797,182.080078125
50.46875,11.279296875
50.470703,88.421630859375
50.472656,31.82373046875
50.474609,23.76708984375
50.476562,177.044677734375
50.478516,-179.864501953125
50.480469,-0.8056640625
50.482422,135.150146484375
50.484375,16.717529296875
50.486328,-71.099853515625
50.488281,-9.466552734375
50.490234,25.579833984375
50.492188,-10.675048828125
50.494141,-12.0849609375
50.496094,5.6396484375
50.498047,-24.371337890625
50.5,77.947998046875
50.501953,54.986572265625
50.503906,18.12744140625
50.505859,80.767822265625
50.507812,-136.1572265625
50.509766,18.328857421875
50.511719,197.589111328125
50.513672,73.516845703125
50.515625,-137.164306640625
50.517578,-11.68212890625
50.519531,-10.07080078125
50.521484,-59.820556640625
50.523438,26.788330078125
50.525391,71.30126953125
50.527344,99.700927734375
50.529297,63.043212890625
50.53125,-14.300537109375
50.533203,-45.318603515625
50.535156,56.597900390625
50.537109,155.291748046875
50.539062,32.62939453125
50.541016,-99.0966796875
50.542969,82.58056640625
50.544922,-37.8662109375
50.546875,9.66796875
50.548828,152.2705078125
50.550781,64.453125
50.552734,60.626220703125
50.554688,-18.12744140625
50.556641,-4.632568359375
50.558594,41.693115234375
50.560547,124.273681640625
50.5625,-10.272216796875
50.564453,0.0
50.566406,38.26904296875
50.568359,-41.0888671875
50.570312,-203.631591796875
50.572266,-73.114013671875
50.574219,-12.48779296875
50.576172,61.63330078125
50.578125,-70.697021484375
50.580078,-69.68994140625
50.582031,31.82373046875
50.583984,53.173828125
50.585938,-24.57275390625
50.587891,24.169921875
50.589844,-79.559326171875
50.591797,4.229736328125
50.59375,-55.792236328125
50.595703,37.46337890625
50.597656,24.57275390625
50.599609,99.90234375
50.601562,-121.453857421875
50.603516,-37.261962890625
50.605469,-164.556884765625
50.607422,-18.328857421875
50.609375,-23.3642578125
50.611328,129.107666015625
50.613281,125.079345703125
50.615234,114.202880859375
50.617188,4.632568359375
50.619141,16.11328125
50.621094,-7.049560546875
50.623047,48.944091796875
50.625,73.71826171875
50.626953,29.8095703125
50.628906,-116.217041015625
50.630859,-19.3359375
50.632812,-21.35009765625
50.634766,84.19189453125
50.636719,-49.54833984375
50.638672,76.336669921875
50.640625,19.73876953125
50.642578,106.549072265625
50.644531,-105.5419921875
50.646484,14.300537109375
50.648438,-1.611328125
50.650391,4.0283203125
50.652344,132.733154296875
50.654297,-209.06982421875
50.65625,-200.006103515625
50.658203,-93.85986328125
50.660156,-12.48779296875
50.662109,-63.848876953125
50.664062,25.579833984375
50.666016,-129.30908203125
50.667969,-0.201416015625
50.669922,-126.4892578125
50.671875,-128.50341796875
50.673828,-46.929931640625
50.675781,-38.067626953125
50.677734,207.861328125
50.679688,-107.1533203125
50.681641,-27.79541015625
50.683594,131.524658203125
50.685547,17.926025390625
50.6875,191.34521484375
50.689453,57.403564453125
50.691406,10.87646484375
50.693359,14.90478515625
50.695312,-184.09423828125
50.697266,326.495361328125
50.699219,253.38134765625
50.701172,150.25634765625
50.703125,31.4208984375
50.705078,174.0234375
50.707031,-71.30126953125
50.708984,36.053466796875
50.710938,265.869140625
50.712891,42.7001953125
50.714844,-89.02587890625
50.716797,16.314697265625
50.71875,47.93701171875
50.720703,109.771728515625
50.722656,-158.7158203125
50.724609,-77.947998046875
50.726562,-9.466552734375
50.728516,104.937744140625
50.730469,165.362548828125
50.732422,65.057373046875
50.734375,12.48779296875
50.736328,107.1533203125
50.738281,72.91259765625
50.740234,-128.302001953125
50.742188,105.5419921875
50.744141,92.852783203125
50.746094,-246.533203125
50.748047,-96.6796875
50.75,-121.453857421875
50.751953,100.30517578125
50.753906,38.873291015625
50.755859,89.02587890625
50.757812,-108.36181640625
50.759766,-221.5576171875
50.761719,116.217041015625
50.763672,258.013916015625
50.765625,-99.298095703125
50.767578,56.79931640625
50.769531,151.263427734375
50.771484,-219.9462890625
50.773438,-5.438232421875
50.775391,102.117919921875
50.777344,-107.55615234375
50.779297,-34.6435546875
50.78125,51.15966796875
50.783203,73.919677734375
50.785156,-72.91259765625
50.787109,-97.283935546875
50.789062,-133.740234375
50.791016,67.877197265625
50.792969,-118.634033203125
50.794922,326.2939453125
50.796875,85.198974609375
50.798828,77.947998046875
50.800781,-39.678955078125
50.802734,-19.73876953125
50.804688,-126.690673828125
50.806641,19.134521484375
50.808594,-40.081787109375
50.810547,233.642578125
50.8125,125.28076171875
50.814453,178.0517578125
50.816406,-50.555419921875
50.818359,16.314697265625
50.820312,-84.19189453125
50.822266,193.963623046875
50.824219,57.60498046875
50.826172,-36.65771484375
50.828125,48.541259765625
50.830078,-71.502685546875
50.832031,-192.352294921875
50.833984,-132.53173828125
50.835938,12.689208984375
50.837891,-89.4287109375
50.839844,-61.431884765625
50.841797,-38.067626953125
50.84375,-40.887451171875
50.845703,102.923583984375
50.847656,-64.05029296875
50.849609,47.332763671875
50.851562,36.65771484375
50.853516,40.484619140625
50.855469,-84.99755859375
50.857422,-75.732421875
50.859375,-28.399658203125
50.861328,168.3837890625
50.863281,58.8134765625
50.865234,-169.189453125
50.867188,-115.814208984375
50.869141,-94.2626953125
50.871094,202.423095703125
50.873047,135.3515625
50.875,-18.731689453125
50.876953,13.897705078125
50.878906,16.9189453125
50.880859,12.48779296875
50.882812,12.48779296875
50.884766,25.177001953125
50.886719,60.02197265625
50.888672,63.446044921875
50.890625,-57.000732421875
50.892578,-127.093505859375
50.894531,0.40283203125
50.896484,136.358642578125
50.898438,1.812744140625
50.900391,14.501953125
50.902344,-106.146240234375
50.904297,-35.247802734375
50.90625,-45.1171875
50.908203,-61.834716796875
50.910156,-23.565673828125
50.912109,72.308349609375
50.914062,-63.848876953125
50.916016,66.46728515625
50.917969,-0.201416015625
50.919922,-111.785888671875
50.921875,2.4169921875
50.923828,35.04638671875
50.925781,39.678955078125
50.927734,86.2060546875
50.929688,52.77099609375
50.931641,-67.474365234375
50.933594,-39.07470703125
50.935547,82.9833984375
50.9375,164.556884765625
50.939453,17.523193359375
50.941406,6.646728515625
50.943359,47.735595703125
50.945312,-73.71826171875
50.947266,28.60107421875
50.949219,-5.438232421875
50.951172,129.107666015625
50.953125,5.841064453125
50.955078,-82.379150390625
50.957031,-4.43115234375
50.958984,96.881103515625
50.960938,95.269775390625
50.962891,101.513671875
50.964844,18.328857421875
50.966797,76.739501953125
50.96875,54.180908203125
50.970703,45.1171875
50.972656,-31.01806640625
50.974609,95.8740234375
50.976562,62.640380859375
50.978516,-205.4443359375
50.980469,-0.8056640625
50.982422,37.664794921875
50.984375,64.85595703125
50.986328,33.0322265625
50.988281,146.832275390625
50.990234,49.1455078125
50.992188,2.01416015625
50.994141,1.20849609375
50.996094,0.201416015625
50.998047,-0.8056640625
51.0,-1.611328125
51.001953,-2.4169921875
51.003906,-2.81982421875
51.005859,-3.021240234375
51.007812,-3.021240234375
51.009766,-6.243896484375
51.011719,-5.6396484375
51.013672,-4.833984375
51.015625,-4.0283203125
51.017578,-3.021240234375
51.019531,-2.01416015625
51.021484,-1.20849609375
51.023438,-0.604248046875
51.025391,-1.007080078125
51.027344,-1.007080078125
51.029297,-1.007080078125
51.03125,-1.409912109375
51.033203,-2.215576171875
51.035156,-3.021240234375
51.037109,-3.826904296875
51.039062,-4.833984375
51.041016,-2.81982421875
51.042969,-3.62548828125
51.044922,-4.0283203125
51.046875,-4.43115234375
51.048828,-4.43115234375
51.050781,-4.229736328125
51.052734,-3.826904296875
51.054688,-3.021240234375
51.056641,-2.215576171875
51.058594,4.833984375
51.060547,5.6396484375
51.0625,6.646728515625
51.064453,7.2509765625
51.066406,7.855224609375
51.068359,8.056640625
51.070312,8.056640625
51.072266,14.703369140625
51.074219,14.09912109375
51.076172,13.29345703125
51.078125,12.286376953125
51.080078,11.279296875
51.082031,10.4736328125
51.083984,9.66796875
51.085938,8.8623046875
51.087891,8.45947265625
51.089844,15.3076171875
51.091797,15.509033203125
51.09375,15.911865234375
51.095703,16.51611328125
51.097656,17.32177734375
51.099609,18.328857421875
51.101562,19.134521484375
51.103516,20.1416015625
51.105469,25.177001953125
51.107422,25.579833984375
51.109375,25.982666015625
51.111328,25.982666015625
51.113281,25.78125
51.115234,25.37841796875
51.117188,24.57275390625
51.119141,24.774169921875
51.121094,21.7529296875
51.123047,20.745849609375
51.125,19.73876953125
51.126953,19.134521484375
51.128906,18.5302734375
51.130859,18.328857421875
51.132812,18.328857421875
51.134766,18.731689453125
51.136719,19.3359375
51.138672,20.1416015625
51.140625,20.947265625
51.142578,21.954345703125
51.144531,22.96142578125
51.146484,23.76708984375
51.148438,24.371337890625
51.150391,24.774169921875
51.152344,24.9755859375
51.154297,19.940185546875
51.15625,19.537353515625
51.158203,18.93310546875
51.160156,18.12744140625
51.162109,17.120361328125
51.164062,16.11328125
51.166016,15.3076171875
51.167969,7.65380859375
51.169922,7.049560546875
51.171875,6.646728515625
51.173828,6.646728515625
51.175781,6.84814453125
51.177734,7.2509765625
51.179688,8.056640625
51.181641,8.8623046875
51.183594,4.43115234375
51.185547,5.438232421875
51.1875,6.4453125
51.189453,7.049560546875
51.191406,7.65380859375
51.193359,7.855224609375
51.195312,7.855224609375
51.197266,7.452392578125
51.199219,0.8056640625
51.201172,0.0
51.203125,-0.8056640625
51.205078,-1.812744140625
51.207031,-2.81982421875
51.208984,-3.62548828125
51.210938,-4.229736328125
51.212891,-4.632568359375
51.214844,-7.65380859375
51.216797,-7.65380859375
51.21875,-7.2509765625
51.220703,-6.4453125
51.222656,-5.6396484375
51.224609,-4.833984375
51.226562,-3.826904296875
51.228516,-2.81982421875
51.230469,-2.01416015625
51.232422,-0.604248046875
51.234375,-0.201416015625
51.236328,-0.201416015625
51.238281,-0.40283203125
51.240234,-0.8056640625
51.242188,-1.611328125
51.244141,-2.4169921875
51.246094,0.0
51.248047,-1.007080078125
51.25,-1.812744140625
51.251953,-2.618408203125
51.253906,-3.021240234375
51.255859,-3.22265625
51.257812,-3.22265625
51.259766,-2.81982421875
51.261719,-2.215576171875
51.263672,-1.611328125
51.265625,-0.604248046875
51.267578,0.40283203125
51.269531,1.20849609375
51.271484,2.01416015625
51.273438,2.81982421875
51.275391,76.336669921875
51.277344,88.824462890625
51.279297,-24.57275390625
51.28125,2.01416015625
51.283203,18.5302734375
51.285156,43.304443359375
51.287109,136.358642578125
51.289062,-3.62548828125
51.291016,28.60107421875
51.292969,-67.877197265625
51.294922,10.4736328125
51.296875,81.170654296875
51.298828,26.18408203125
51.300781,24.774169921875
51.302734,-112.591552734375
51.304688,121.453857421875
51.306641,76.94091796875
51.308594,37.060546875
51.310547,-59.417724609375
51.3125,-157.305908203125
51.314453,25.579833984375
51.316406,55.99365234375
51.318359,62.0361328125
51.320312,205.645751953125
51.322266,-11.480712890625
51.324219,52.77099609375
51.326172,-127.899169921875
51.328125,-62.841796875
51.330078,-100.909423828125
51.332031,-35.04638671875
51.333984,392.962646484375
51.335938,391.95556640625
51.337891,88.824462890625
51.339844,-212.29248046875
51.341797,28.399658203125
51.34375,-39.678955078125
51.345703,-106.951904296875
51.347656,156.298828125
51.349609,116.41845703125
51.351562,191.748046875
51.353516,-129.7119140625
51.355469,-60.223388671875
51.357422,-25.579833984375
51.359375,201.617431640625
51.361328,201.617431640625
51.363281,-276.3427734375
51.365234,134.747314453125
51.367188,59.820556640625
51.369141,-153.277587890625
51.371094,-75.531005859375
51.373047,75.531005859375
51.375,194.56787109375
51.376953,-321.661376953125
51.378906,-141.796875
51.380859,26.5869140625
51.382812,301.72119140625
51.384766,248.9501953125
51.386719,22.55859375
51.388672,68.88427734375
51.390625,59.014892578125
51.392578,-191.143798828125
51.394531,-184.698486328125
51.396484,97.686767578125
51.398438,-162.744140625
51.400391,159.320068359375
51.402344,135.552978515625
51.404297,125.885009765625
51.40625,258.819580078125
51.408203,66.46728515625
51.410156,-399.810791015625
51.412109,432.037353515625
51.414062,-453.18603515625
51.416016,32.025146484375
51.417969,-313.00048828125
51.419922,-1.409912109375
51.421875,273.1201171875
51.423828,211.285400390625
51.425781,156.097412109375
51.427734,46.929931640625
51.429688,196.98486328125
51.431641,-380.877685546875
51.433594,-432.037353515625
51.435547,130.316162109375
51.4375,113.397216796875
51.439453,-118.02978515625
51.441406,-363.153076171875
51.443359,101.715087890625
51.445312,12.0849609375
51.447266,4.0283203125
51.449219,227.398681640625
51.451172,175.634765625
51.453125,-221.356201171875
51.455078,83.38623046875
51.457031,-338.177490234375
51.458984,-172.00927734375
51.460938,283.59375
51.462891,204.23583984375
51.464844,-245.928955078125
51.466797,-66.46728515625
51.46875,127.294921875
51.470703,156.097412109375
51.472656,359.326171875
51.474609,428.21044921875
51.476562,148.040771484375
51.478516,-37.060546875
51.480469,-454.998779296875
51.482422,20.1416015625
51.484375,5.438232421875
51.486328,-30.816650390625
51.488281,-5.23681640625
51.490234,14.90478515625
51.492188,-124.072265625
51.494141,152.471923828125
51.496094,-12.689208984375
51.498047,7.855224609375
51.5,82.58056640625
51.501953,-235.455322265625
51.503906,-256.805419921875
51.505859,279.5654296875
51.507812,-110.577392578125
51.509766,150.860595703125
51.511719,188.726806640625
51.513672,118.83544921875
51.515625,53.173828125
51.517578,-154.888916015625
51.519531,-5.438232421875
51.521484,64.453125
51.523438,235.25390625
51.525391,69.488525390625
51.527344,119.842529296875
51.529297,164.556884765625
51.53125,-147.4365234375
51.533203,41.0888671875
51.535156,-62.841796875
51.537109,-27.996826171875
51.539062,41.693115234375
51.541016,-128.90625
51.542969,61.029052734375
51.544922,104.736328125
51.546875,46.527099609375
51.548828,-100.909423828125
51.550781,104.33349609375
51.552734,-23.968505859375
51.554688,-160.528564453125
51.556641,105.743408203125
51.558594,51.5625
51.560547,322.869873046875
51.5625,-46.32568359375
51.564453,92.449951171875
51.566406,-5.6396484375
51.568359,108.7646484375
51.570312,-143.408203125
51.572266,-106.75048828125
51.574219,-4.43115234375
51.576172,119.842529296875
51.578125,-29.40673828125
51.580078,-71.7041015625
51.582031,59.820556640625
51.583984,87.615966796875
51.585938,71.502685546875
51.587891,-136.358642578125
51.589844,-3.424072265625
51.591797,-40.283203125
51.59375,-169.189453125
51.595703,114.605712890625
51.597656,102.520751953125
51.599609,110.980224609375
51.601562,3.021240234375
51.603516,-122.4609375
51.605469,-38.26904296875
51.607422,129.107666015625
51.609375,-32.830810546875
51.611328,-160.3271484375
51.613281,68.4814453125
51.615234,5.438232421875
51.617188,142.19970703125
51.619141,80.767822265625
51.621094,291.650390625
51.623047,119.23828125
51.625,-36.2548828125
51.626953,28.802490234375
51.628906,8.45947265625
51.630859,-16.9189453125
51.632812,5.23681640625
51.634766,101.11083984375
51.636719,50.35400390625
51.638672,282.586669921875
51.640625,104.33349609375
51.642578,6.646728515625
51.644531,15.71044921875
51.646484,39.276123046875
51.648438,95.47119140625
51.650391,-136.761474609375
51.652344,-74.52392578125
51.654297,-50.958251953125
51.65625,38.26904296875
51.658203,-253.38134765625
51.660156,-24.9755859375
51.662109,-130.316162109375
51.664062,121.856689453125
51.666016,255.79833984375
51.667969,-233.441162109375
51.669922,45.721435546875
51.671875,192.352294921875
51.673828,120.245361328125
51.675781,31.622314453125
51.677734,-219.140625
51.679688,35.44921875
51.681641,192.95654296875
51.683594,-345.22705078125
51.685547,-145.623779296875
51.6875,170.80078125
51.689453,-175.634765625
51.691406,200.811767578125
51.693359,-35.44921875
51.695312,-105.5419921875
51.697266,282.586669921875
51.699219,294.873046875
51.701172,-250.360107421875
51.703125,-239.080810546875
51.705078,-10.675048828125
51.707031,-58.41064453125
51.708984,-155.291748046875
51.710938,59.014892578125
51.712891,59.820556640625
51.714844,330.523681640625
51.716797,66.46728515625
51.71875,85.400390625
51.720703,-91.644287109375
51.722656,144.61669921875
51.724609,-247.540283203125
51.726562,93.85986328125
51.728516,-90.63720703125
51.730469,64.251708984375
51.732422,32.62939453125
51.734375,-382.086181640625
51.736328,448.7548828125
51.738281,-193.359375
51.740234,-140.789794921875
51.742188,137.567138671875
51.744141,510.791015625
51.746094,-29.205322265625
51.748047,91.644287109375
51.75,161.737060546875
51.751953,132.12890625
51.753906,-66.064453125
51.755859,-339.385986328125
51.757812,73.114013671875
51.759766,30.615234375
51.761719,88.421630859375
51.763672,-172.613525390625
51.765625,-135.3515625
51.767578,377.45361328125
51.769531,-31.82373046875
51.771484,198.59619140625
51.773438,-5.841064453125
51.775391,76.739501953125
51.777344,-45.52001953125
51.779297,-118.02978515625
51.78125,201.617431640625
51.783203,337.97607421875
51.785156,90.032958984375
51.787109,47.93701171875
51.789062,266.876220703125
51.791016,97.4853515625
51.792969,166.7724609375
51.794922,-383.49609375
51.796875,-5.438232421875
51.798828,-252.1728515625
51.800781,-67.474365234375
51.802734,113.800048828125
51.804688,-14.703369140625
51.806641,85.400390625
51.808594,-233.441162109375
51.810547,-89.630126953125
51.8125,309.173583984375
51.814453,195.977783203125
51.816406,-170.80078125
51.818359,-79.962158203125
51.820312,206.25
51.822266,255.3955078125
51.824219,128.90625
51.826172,46.929931640625
51.828125,-83.38623046875
51.830078,75.531005859375
51.832031,-123.2666015625
51.833984,-72.10693359375
51.835938,106.146240234375
51.837891,342.81005859375
51.839844,-43.707275390625
51.841797,-114.00146484375
51.84375,312.19482421875
51.845703,68.88427734375
51.847656,-152.069091796875
51.849609,77.74658203125
51.851562,-11.480712890625
51.853516,-333.94775390625
51.855469,-161.1328125
51.857422,68.4814453125
51.859375,-113.5986328125
51.861328,103.729248046875
51.863281,-13.897705078125
51.865234,95.672607421875
51.867188,-35.247802734375
51.869141,-158.111572265625
51.871094,9.26513671875
51.873047,160.931396484375
51.875,121.25244140625
51.876953,121.453857421875
51.878906,-4.833984375
51.880859,-123.66943359375
51.882812,-99.0966796875
51.884766,71.7041015625
51.886719,-128.90625
51.888672,-57.806396484375
51.890625,-96.478271484375
51.892578,-51.5625
51.894531,-232.43408203125
51.896484,-48.138427734375
51.898438,63.043212890625
51.900391,123.468017578125
51.902344,-36.65771484375
51.904297,17.724609375
51.90625,-4.43115234375
51.908203,45.318603515625
51.910156,27.593994140625
51.912109,-140.58837890625
51.914062,19.3359375
51.916016,135.75439453125
51.917969,-193.76220703125
51.919922,-89.227294921875
51.921875,66.8701171875
51.923828,-79.962158203125
51.925781,139.78271484375
51.927734,39.276123046875
51.929688,-15.106201171875
51.931641,10.4736328125
51.933594,-100.909423828125
51.935547,43.304443359375
51.9375,47.93701171875
51.939453,-109.368896484375
51.941406,-88.824462890625
51.943359,43.304443359375
51.945312,110.174560546875
51.947266,-106.549072265625
51.949219,-185.101318359375
51.951172,-11.279296875
51.953125,38.067626953125
51.955078,-147.4365234375
51.957031,-36.2548828125
51.958984,87.01171875
51.960938,201.617431640625
51.962891,158.111572265625
51.964844,-52.569580078125
51.966797,180.87158203125
51.96875,-36.2548828125
51.970703,-168.988037109375
51.972656,188.92822265625
51.974609,7.855224609375
51.976562,8.8623046875
51.978516,9.66796875
51.980469,10.4736328125
51.982422,11.077880859375
51.984375,11.480712890625
51.986328,11.480712890625
51.988281,11.279296875
51.990234,4.229736328125
51.992188,3.424072265625
51.994141,2.618408203125
51.996094,1.611328125
51.998047,0.604248046875
52.0,-0.201416015625
52.001953,-1.007080078125
52.003906,-1.409912109375
52.005859,-5.841064453125
52.007812,-5.841064453125
52.009766,-5.438232421875
52.011719,-4.833984375
52.013672,-4.0283203125
52.015625,-3.22265625
52.017578,-2.215576171875
52.019531,-1.20849609375
52.021484,-1.812744140625
52.023438,-1.007080078125
52.025391,-0.604248046875
52.027344,-0.604248046875
52.029297,-0.604248046875
52.03125,-1.007080078125
52.033203,-1.812744140625
52.035156,-2.618408203125
52.037109,-3.424072265625
52.039062,-2.215576171875
52.041016,-3.021240234375
52.042969,-3.826904296875
52.044922,-4.43115234375
52.046875,-4.833984375
52.048828,-4.833984375
52.050781,-4.632568359375
52.052734,0.40283203125
52.054688,1.20849609375
52.056641,2.01416015625
52.058594,3.021240234375
52.060547,4.0283203125
52.0625,4.833984375
52.064453,5.6396484375
52.066406,6.04248046875
52.068359,6.243896484375
52.070312,13.092041015625
52.072266,12.890625
52.074219,12.286376953125
52.076172,11.480712890625
52.078125,10.4736328125
52.080078,9.66796875
52.082031,8.660888671875
52.083984,7.855224609375
52.085938,14.09912109375
52.087891,13.6962890625
52.089844,13.494873046875
52.091797,13.6962890625
52.09375,14.09912109375
52.095703,14.703369140625
52.097656,20.745849609375
52.099609,21.7529296875
52.101562,22.55859375
52.103516,23.565673828125
52.105469,24.371337890625
52.107422,24.9755859375
52.109375,25.177001953125
52.111328,25.37841796875
52.113281,24.9755859375
52.115234,24.57275390625
52.117188,23.76708984375
52.119141,25.177001953125
52.121094,24.169921875
52.123047,23.162841796875
52.125,22.357177734375
52.126953,21.551513671875
52.128906,21.148681640625
52.130859,20.947265625
52.132812,19.537353515625
52.134766,19.73876953125
52.136719,20.343017578125
52.138672,21.148681640625
52.140625,22.15576171875
52.142578,22.96142578125
52.144531,23.968505859375
52.146484,24.774169921875
52.148438,25.37841796875
52.150391,25.78125
52.152344,25.982666015625
52.154297,25.78125
52.15625,24.371337890625
52.158203,19.940185546875
52.160156,19.134521484375
52.162109,18.12744140625
52.164062,11.077880859375
52.166016,10.07080078125
52.167969,9.26513671875
52.169922,8.8623046875
52.171875,8.45947265625
52.173828,8.45947265625
52.175781,8.660888671875
52.177734,9.063720703125
52.179688,9.869384765625
52.181641,3.826904296875
52.183594,4.632568359375
52.185547,5.6396484375
52.1875,6.4453125
52.189453,7.2509765625
52.191406,7.855224609375
52.193359,8.056640625
52.195312,7.855224609375
52.197266,7.65380859375
52.199219,1.409912109375
52.201172,0.8056640625
52.203125,-0.201416015625
52.205078,-1.20849609375
52.207031,-2.215576171875
52.208984,-3.021240234375
52.210938,-3.62548828125
52.212891,-5.035400390625
52.214844,-3.021240234375
52.216797,-15.106201171875
52.21875,-19.3359375
52.220703,7.2509765625
52.222656,0.201416015625
52.224609,-15.911865234375
52.226562,-8.8623046875
52.228516,15.106201171875
52.230469,39.678955078125
52.232422,-11.279296875
52.234375,10.4736328125
52.236328,20.745849609375
52.238281,12.890625
52.240234,-41.0888671875
52.242188,-1.007080078125
52.244141,-1.007080078125
52.246094,-8.660888671875
52.248047,-54.583740234375
52.25,-18.12744140625
52.251953,18.731689453125
52.253906,-27.79541015625
52.255859,-9.26513671875
52.257812,14.703369140625
52.259766,12.890625
52.261719,8.45947265625
52.263672,1.812744140625
52.265625,-15.911865234375
52.267578,6.646728515625
52.269531,-13.494873046875
52.271484,23.565673828125
52.273438,-9.66796875
52.275391,36.2548828125
52.277344,17.926025390625
52.279297,16.314697265625
52.28125,-47.332763671875
52.283203,48.138427734375
52.285156,40.081787109375
52.287109,72.10693359375
52.289062,63.848876953125
52.291016,-6.646728515625
52.292969,-43.304443359375
52.294922,-26.18408203125
52.296875,102.72216796875
52.298828,1.409912109375
52.300781,42.498779296875
52.302734,22.15576171875
52.304688,34.24072265625
52.306641,-22.15576171875
52.308594,9.063720703125
52.310547,41.0888671875
52.3125,-22.15576171875
52.314453,33.43505859375
52.316406,10.87646484375
52.318359,54.38232421875
52.320312,45.52001953125
52.322266,53.173828125
52.324219,42.498779296875
52.326172,70.697021484375
52.328125,24.9755859375
52.330078,119.23828125
52.332031,7.2509765625
52.333984,-34.6435546875
52.335938,16.51611328125
52.337891,66.46728515625
52.339844,75.32958984375
52.341797,-7.65380859375
52.34375,59.21630859375
52.345703,3.22265625
52.347656,94.464111328125
52.349609,74.12109375
52.351562,-30.010986328125
52.353516,23.968505859375
52.355469,-78.350830078125
52.357422,89.4287109375
52.359375,77.74658203125
52.361328,21.7529296875
52.363281,89.83154296875
52.365234,-4.833984375
52.367188,-7.855224609375
52.369141,60.02197265625
52.371094,40.283203125
52.373047,-18.5302734375
52.375,2.81982421875
52.376953,39.88037109375
52.378906,-158.111572265625
52.380859,-44.3115234375
52.382812,-26.385498046875
52.384766,7.65380859375
52.386719,159.11865234375
52.388672,54.180908203125
52.390625,-54.180908203125
52.392578,57.60498046875
52.394531,-59.014892578125
52.396484,-165.1611328125
52.398438,13.897705078125
52.400391,67.877197265625
52.402344,29.8095703125
52.404297,-167.578125
52.40625,4.0283203125
52.408203,-124.8779296875
52.410156,1.611328125
52.412109,-128.90625
52.414062,-15.3076171875
52.416016,19.3359375
52.417969,-136.962890625
52.419922,13.092041015625
52.421875,91.644287109375
52.423828,26.5869140625
52.425781,109.5703125
52.427734,-31.01806640625
52.429688,48.33984375
52.431641,-39.88037109375
52.433594,-53.173828125
52.435547,-35.04638671875
52.4375,127.899169921875
52.439453,28.1982421875
52.441406,94.061279296875
52.443359,22.96142578125
52.445312,-108.563232421875
52.447266,-40.484619140625
52.449219,108.966064453125
52.451172,-20.343017578125
52.453125,102.72216796875
52.455078,41.0888671875
52.457031,-39.07470703125
52.458984,-32.62939453125
52.460938,18.12744140625
52.462891,82.58056640625
52.464844,-63.446044921875
52.466797,-34.844970703125
52.46875,-15.509033203125
52.470703,39.07470703125
52.472656,28.802490234375
52.474609,91.44287109375
52.476562,77.34375
52.478516,-7.65380859375
52.480469,-1.409912109375
52.482422,31.622314453125
52.484375,-32.2265625
52.486328,2.01416015625
52.488281,-21.7529296875
52.490234,18.731689453125
52.492188,21.7529296875
52.494141,-26.98974609375
52.496094,54.78515625
52.498047,35.85205078125
52.5,68.280029296875
52.501953,-52.569580078125
52.503906,50.958251953125
52.505859,-41.0888671875
52.507812,96.075439453125
52.509766,0.8056640625
52.511719,81.170654296875
52.513672,56.195068359375
52.515625,10.675048828125
52.517578,25.982666015625
52.519531,-54.38232421875
52.521484,26.385498046875
52.523438,59.619140625
52.525391,28.1982421875
52.527344,102.3193359375
52.529297,3.424072265625
52.53125,12.0849609375
52.533203,-41.89453125
52.535156,64.05029296875
52.537109,19.3359375
52.539062,70.0927734375
52.541016,49.749755859375
52.542969,48.33984375
52.544922,-0.8056640625
52.546875,20.54443359375
52.548828,89.227294921875
52.550781,50.7568359375
52.552734,50.555419921875
52.554688,6.04248046875
52.556641,32.2265625
52.558594,52.166748046875
52.560547,37.664794921875
52.5625,32.427978515625
52.564453,31.82373046875
52.566406,32.62939453125
52.568359,-3.22265625
52.570312,28.60107421875
52.572266,3.424072265625
52.574219,53.778076171875
52.576172,35.04638671875
52.578125,1.20849609375
52.580078,4.229736328125
52.582031,-12.890625
52.583984,22.96142578125
52.585938,43.707275390625
52.587891,-19.73876953125
52.589844,13.29345703125
52.591797,-2.01416015625
52.59375,-21.148681640625
52.595703,45.9228515625
52.597656,0.8056640625
52.599609,74.725341796875
52.601562,-35.44921875
52.603516,35.247802734375
52.605469,12.689208984375
52.607422,3.22265625
52.609375,-9.66796875
52.611328,0.201416015625
52.613281,54.78515625
52.615234,-27.392578125
52.617188,24.169921875
52.619141,41.49169921875
52.621094,-11.279296875
52.623047,51.15966796875
52.625,57.000732421875
52.626953,-29.40673828125
52.628906,-8.8623046875
52.630859,-42.095947265625
52.632812,-28.60107421875
52.634766,-30.21240234375
52.636719,12.48779296875
52.638672,-55.5908203125
52.640625,-10.4736328125
52.642578,-29.8095703125
52.644531,-46.728515625
52.646484,-29.205322265625
52.648438,7.049560546875
52.650391,-2.215576171875
52.652344,34.6435546875
52.654297,-19.537353515625
52.65625,-67.67578125
52.658203,-20.1416015625
52.660156,-42.901611328125
52.662109,-60.626220703125
52.664062,75.32958984375
52.666016,-66.8701171875
52.667969,30.615234375
52.669922,-79.7607421875
52.671875,16.314697265625
52.673828,40.081787109375
52.675781,100.103759765625
52.677734,-15.3076171875
52.679688,-44.512939453125
52.681641,-26.385498046875
52.683594,-17.926025390625
52.685547,-29.205322265625
52.6875,120.44677734375
52.689453,21.551513671875
52.691406,80.96923828125
52.693359,-45.318603515625
52.695312,-94.2626953125
52.697266,95.47119140625
52.699219,112.591552734375
52.701172,19.134521484375
52.703125,-31.219482421875
52.705078,-92.6513671875
52.707031,129.510498046875
52.708984,-34.039306640625
52.710938,70.49560546875
52.712891,90.032958984375
52.714844,30.615234375
52.716797,31.219482421875
52.71875,-22.15576171875
52.720703,-73.516845703125
52.722656,24.57275390625
52.724609,-13.6962890625
52.726562,110.77880859375
52.728516,55.5908203125
52.730469,-46.32568359375
52.732422,-24.169921875
52.734375,-13.6962890625
52.736328,23.968505859375
52.738281,58.209228515625
52.740234,0.40283203125
52.742188,13.897705078125
52.744141,-57.2021484375
52.746094,-26.385498046875
52.748047,46.527099609375
52.75,107.958984375
52.751953,14.300537109375
52.753906,13.6962890625
52.755859,13.494873046875
52.757812,13.6962890625
52.759766,13.897705078125
52.761719,14.501953125
52.763672,15.3076171875
52.765625,16.11328125
52.767578,17.120361328125
52.769531,11.077880859375
52.771484,12.0849609375
52.773438,12.689208984375
52.775391,13.092041015625
52.777344,13.29345703125
52.779297,13.092041015625
52.78125,12.689208984375
52.783203,5.035400390625
52.785156,4.229736328125
52.787109,3.22265625
52.789062,2.215576171875
52.791016,1.409912109375
52.792969,0.604248046875
52.794922,0.0
52.796875,-0.201416015625
52.798828,-1.611328125
52.800781,-4.632568359375
52.802734,-4.229736328125
52.804688,-3.424072265625
52.806641,-2.618408203125
52.808594,-1.611328125
52.810547,-0.604248046875
52.8125,0.201416015625
52.814453,0.8056640625
52.816406,1.409912109375
52.818359,-0.604248046875
52.820312,-0.604248046875
52.822266,-1.007080078125
52.824219,-1.611328125
52.826172,-2.4169921875
52.828125,-3.22265625
52.830078,-4.229736328125
52.832031,-4.0283203125
52.833984,-4.833984375
52.835938,-5.438232421875
52.837891,-5.841064453125
52.839844,-6.04248046875
52.841797,-5.841064453125
52.84375,-5.438232421875
52.845703,-4.833984375
52.847656,-4.0283203125
52.849609,1.007080078125
52.851562,1.812744140625
52.853516,2.81982421875
52.855469,3.62548828125
52.857422,4.229736328125
52.859375,4.43115234375
52.861328,4.632568359375
52.863281,4.229736328125
52.865234,9.063720703125
52.867188,8.258056640625
52.869141,7.452392578125
52.871094,6.4453125
52.873047,5.438232421875
52.875,4.632568359375
52.876953,3.826904296875
52.878906,8.660888671875
52.880859,10.272216796875
52.882812,10.272216796875
52.884766,10.675048828125
52.886719,11.279296875
52.888672,11.883544921875
52.890625,12.890625
52.892578,13.897705078125
52.894531,14.703369140625
52.896484,21.954345703125
52.898438,22.55859375
52.900391,22.96142578125
52.902344,23.162841796875
52.904297,22.96142578125
52.90625,22.55859375
52.908203,21.954345703125
52.910156,21.148681640625
52.912109,20.1416015625
52.914062,19.3359375
52.916016,18.328857421875
52.917969,17.523193359375
52.919922,16.9189453125
52.921875,19.537353515625
52.923828,18.93310546875
52.925781,27.191162109375
52.927734,21.35009765625
52.929688,30.615234375
52.931641,14.09912109375
52.933594,16.9189453125
52.935547,42.29736328125
52.9375,27.79541015625
52.939453,27.593994140625
52.941406,-11.480712890625
52.943359,61.23046875
52.945312,30.413818359375
52.947266,25.579833984375
52.949219,114.605712890625
52.951172,4.43115234375
52.953125,34.442138671875
52.955078,-121.453857421875
52.957031,-50.555419921875
52.958984,-5.6396484375
52.960938,92.6513671875
52.962891,82.781982421875
52.964844,-186.51123046875
52.966797,-35.85205078125
52.96875,7.65380859375
52.970703,-88.421630859375
52.972656,49.951171875
52.974609,161.53564453125
52.976562,-39.4775390625
52.978516,-88.824462890625
52.980469,-238.4765625
52.982422,13.6962890625
52.984375,49.54833984375
52.986328,10.4736328125
52.988281,-87.8173828125
52.990234,-59.820556640625
52.992188,184.698486328125
52.994141,-16.51611328125
52.996094,-249.35302734375
52.998047,155.89599609375
53.0,315.216064453125
53.001953,-101.513671875
53.003906,-107.1533203125
53.005859,76.739501953125
53.007812,-117.425537109375
53.009766,-15.509033203125
53.011719,-326.2939453125
53.013672,138.97705078125
53.015625,-226.3916015625
53.017578,-284.600830078125
53.019531,115.61279296875
53.021484,131.121826171875
53.023438,179.058837890625
53.025391,66.064453125
53.027344,-49.749755859375
53.029297,-423.779296875
53.03125,-99.298095703125
53.033203,-48.944091796875
53.035156,96.881103515625
53.037109,279.766845703125
53.039062,-245.32470703125
53.041016,162.542724609375
53.042969,35.247802734375
53.044922,-117.22412109375
53.046875,-8.45947265625
53.048828,188.323974609375
53.050781,86.810302734375
53.052734,300.5126953125
53.054688,118.4326171875
53.056641,-675.9521484375
53.058594,186.309814453125
53.060547,226.593017578125
53.0625,56.597900390625
53.064453,-252.57568359375
53.066406,176.641845703125
53.068359,-128.50341796875
53.070312,-82.9833984375
53.072266,-303.936767578125
53.074219,-23.76708984375
53.076172,261.236572265625
53.078125,-263.4521484375
53.080078,-1.611328125
53.082031,155.291748046875
53.083984,5.6396484375
53.085938,53.9794921875
53.087891,-103.729248046875
53.089844,29.608154296875
53.091797,238.87939453125
53.09375,-444.525146484375
53.095703,66.46728515625
53.097656,331.53076171875
53.099609,-76.13525390625
53.101562,-101.513671875
53.103516,-8.45947265625
53.105469,-112.39013671875
53.107422,124.072265625
53.109375,417.132568359375
53.111328,506.158447265625
53.113281,469.500732421875
53.115234,156.903076171875
53.117188,-429.620361328125
53.119141,-293.66455078125
53.121094,-212.6953125
53.123047,-79.156494140625
53.125,-72.308349609375
53.126953,36.65771484375
53.128906,196.783447265625
53.130859,-93.658447265625
53.132812,475.74462890625
53.134766,217.12646484375
53.136719,247.943115234375
53.138672,-255.3955078125
53.140625,10.07080078125
53.142578,-78.955078125
53.144531,162.945556640625
53.146484,206.048583984375
53.148438,-236.46240234375
53.150391,-135.150146484375
53.152344,-117.22412109375
53.154297,13.897705078125
53.15625,47.5341796875
53.158203,-31.622314453125
53.160156,239.886474609375
53.162109,247.540283203125
53.164062,-172.210693359375
53.166016,171.20361328125
53.167969,-38.067626953125
53.169922,-143.206787109375
53.171875,194.366455078125
53.173828,-64.453125
53.175781,27.996826171875
53.177734,-84.19189453125
53.179688,-86.2060546875
53.181641,107.55615234375
53.183594,48.541259765625
53.185547,-59.417724609375
53.1875,223.370361328125
53.189453,106.146240234375
53.191406,71.30126953125
53.193359,-146.832275390625
53.195312,83.990478515625
53.197266,47.13134765625
53.199219,188.92822265625
53.201172,117.022705078125
53.203125,-159.722900390625
53.205078,-7.049560546875
53.207031,133.538818359375
53.208984,-98.291015625
53.210938,-70.697021484375
53.212891,11.077880859375
53.214844,31.622314453125
53.216797,-185.906982421875
53.21875,-78.753662109375
53.220703,66.064453125
53.222656,-54.583740234375
53.224609,35.247802734375
53.226562,-44.512939453125
53.228516,7.452392578125
53.230469,-89.02587890625
53.232422,44.110107421875
53.234375,-27.996826171875
53.236328,16.11328125
53.238281,87.01171875
53.240234,19.3359375
53.242188,-81.77490234375
53.244141,87.8173828125
53.246094,86.004638671875
53.248047,15.106201171875
53.25,-6.243896484375
53.251953,-65.2587890625
53.253906,90.234375
53.255859,-214.105224609375
53.257812,-112.591552734375
53.259766,15.911865234375
53.261719,98.291015625
53.263672,-47.332763671875
53.265625,-104.534912109375
53.267578,65.66162109375
53.269531,106.75048828125
53.271484,183.28857421875
53.273438,-24.169921875
53.275391,250.360107421875
53.277344,-154.083251953125
53.279297,-80.364990234375
53.28125,-64.453125
53.283203,-9.063720703125
53.285156,-81.573486328125
53.287109,-2.4169921875
53.289062,-89.4287109375
53.291016,-69.488525390625
53.292969,-0.40283203125
53.294922,37.060546875
53.296875,-80.96923828125
53.298828,30.413818359375
53.300781,132.9345703125
53.302734,-105.13916015625
53.304688,104.736328125
53.306641,-146.832275390625
53.308594,-177.447509765625
53.310547,-171.002197265625
53.3125,124.072265625
53.314453,-12.689208984375
53.316406,-110.3759765625
53.318359,-70.0927734375
53.320312,-47.735595703125
53.322266,-298.49853515625
53.324219,18.12744140625
53.326172,459.429931640625
53.328125,-40.081787109375
53.330078,-32.2265625
53.332031,-121.453857421875
53.333984,-264.862060546875
53.335938,-194.1650390625
53.337891,-168.988037109375
53.339844,-142.6025390625
53.341797,-66.46728515625
53.34375,71.502685546875
53.345703,318.035888671875
53.347656,-266.070556640625
53.349609,214.70947265625
53.351562,262.646484375
53.353516,-271.710205078125
53.355469,215.91796875
53.357422,295.477294921875
53.359375,87.8173828125
53.361328,357.916259765625
53.363281,145.623779296875
53.365234,-70.49560546875
53.367188,-54.78515625
53.369141,-247.3388671875
53.371094,-105.5419921875
53.373047,458.624267578125
53.375,364.9658203125
53.376953,-58.612060546875
53.378906,270.30029296875
53.380859,-161.53564453125
53.382812,228.80859375
53.384766,-294.268798828125
53.386719,308.97216796875
53.388672,63.848876953125
53.390625,324.27978515625
53.392578,157.1044921875
53.394531,203.228759765625
53.396484,-126.89208984375
53.398438,330.322265625
53.400391,53.778076171875
53.402344,-36.859130859375
53.404297,180.670166015625
53.40625,67.67578125
53.408203,-161.53564453125
53.410156,14.09912109375
53.412109,366.97998046875
53.414062,-144.415283203125
53.416016,-587.3291015625
53.417969,-2.618408203125
53.419922,462.249755859375
53.421875,21.7529296875
53.423828,-128.704833984375
53.425781,149.853515625
53.427734,-95.269775390625
53.429688,319.04296875
53.431641,-535.36376953125
53.433594,318.64013671875
53.435547,229.412841796875
53.4375,147.637939453125
53.439453,94.866943359375
53.441406,-174.224853515625
53.443359,-190.9423828125
53.445312,-62.43896484375
53.447266,190.13671875
53.449219,-106.34765625
53.451172,-94.2626953125
53.453125,188.12255859375
53.455078,64.251708984375
53.457031,-53.57666015625
53.458984,-84.19189453125
53.460938,240.289306640625
53.462891,-43.90869140625
53.464844,-53.9794921875
53.466797,-73.71826171875
53.46875,1.20849609375
53.470703,-180.46875
53.472656,-214.105224609375
53.474609,-2.4169921875
53.476562,378.662109375
53.478516,-164.154052734375
53.480469,-53.778076171875
53.482422,-121.25244140625
53.484375,-151.46484375
53.486328,255.596923828125
53.488281,165.966796875
53.490234,143.609619140625
53.492188,-334.75341796875
53.494141,-51.96533203125
53.496094,37.060546875
53.498047,222.36328125
53.5,85.601806640625
53.501953,-30.615234375
53.503906,-131.3232421875
53.505859,50.152587890625
53.507812,214.306640625
53.509766,8.056640625
53.511719,99.700927734375
53.513672,38.873291015625
53.515625,50.958251953125
53.517578,18.12744140625
53.519531,8.258056640625
53.521484,24.371337890625
53.523438,39.07470703125
53.525391,20.343017578125
53.527344,73.516845703125
53.529297,35.247802734375
53.53125,-34.039306640625
53.533203,115.008544921875
53.535156,14.300537109375
53.537109,106.951904296875
53.539062,43.10302734375
53.541016,53.57666015625
53.542969,-20.1416015625
53.544922,63.848876953125
53.546875,-11.883544921875
53.548828,28.802490234375
53.550781,77.34375
53.552734,96.27685546875
53.554688,8.8623046875
53.556641,-40.484619140625
53.558594,32.2265625
53.560547,81.573486328125
53.5625,39.678955078125
53.564453,-19.940185546875
53.566406,39.07470703125
53.568359,22.760009765625
53.570312,-23.968505859375
53.572266,-26.5869140625
53.574219,18.93310546875
53.576172,-79.559326171875
53.578125,6.04248046875
53.580078,6.4453125
53.582031,58.612060546875
53.583984,22.55859375
53.585938,38.470458984375
53.587891,28.802490234375
53.589844,26.18408203125
53.591797,-36.053466796875
53.59375,24.57275390625
53.595703,5.841064453125
53.597656,-17.523193359375
53.599609,146.22802734375
53.601562,-31.219482421875
53.603516,-69.085693359375
53.605469,-52.77099609375
53.607422,-53.778076171875
53.609375,-23.565673828125
53.611328,27.996826171875
53.613281,49.951171875
53.615234,-81.976318359375
53.617188,-139.178466796875
53.619141,-22.357177734375
53.621094,-18.328857421875
53.623047,59.417724609375
53.625,-120.0439453125
53.626953,37.261962890625
53.628906,-9.869384765625
53.630859,-29.8095703125
53.632812,-62.237548828125
53.634766,-1.20849609375
53.636719,68.682861328125
53.638672,31.82373046875
53.640625,-158.514404296875
53.642578,-7.2509765625
53.644531,-153.277587890625
53.646484,-83.587646484375
53.648438,173.016357421875
53.650391,99.0966796875
53.652344,165.362548828125
53.654297,-27.996826171875
53.65625,-228.80859375
53.658203,-67.474365234375
53.660156,57.806396484375
53.662109,16.717529296875
53.664062,-148.846435546875
53.666016,-2.01416015625
53.667969,125.079345703125
53.669922,-49.1455078125
53.671875,81.976318359375
53.673828,116.015625
53.675781,161.334228515625
53.677734,143.408203125
53.679688,-127.294921875
53.681641,230.621337890625
53.683594,63.446044921875
53.685547,-75.933837890625
53.6875,267.279052734375
53.689453,-120.0439453125
53.691406,268.68896484375
53.693359,-36.65771484375
53.695312,-13.092041015625
53.697266,55.18798828125
53.699219,-30.413818359375
53.701172,52.166748046875
53.703125,-12.890625
53.705078,-39.678955078125
53.707031,-106.549072265625
53.708984,-74.12109375
53.710938,-335.760498046875
53.712891,32.2265625
53.714844,-74.52392578125
53.716797,-108.966064453125
53.71875,-55.18798828125
53.720703,241.900634765625
53.722656,308.5693359375
53.724609,-80.96923828125
53.726562,-37.46337890625
53.728516,170.599365234375
53.730469,-150.6591796875
53.732422,69.287109375
53.734375,71.905517578125
53.736328,-17.120361328125
53.738281,134.344482421875
53.740234,-27.79541015625
53.742188,18.731689453125
53.744141,44.3115234375
53.746094,-13.897705078125
53.748047,143.00537109375
53.75,-171.002197265625
53.751953,222.36328125
53.753906,-87.01171875
53.755859,66.265869140625
53.757812,-115.008544921875
53.759766,-54.78515625
53.761719,26.5869140625
53.763672,-77.947998046875
53.765625,-175.433349609375
53.767578,-150.860595703125
53.769531,-81.77490234375
53.771484,101.91650390625
53.773438,153.076171875
53.775391,63.24462890625
53.777344,-68.682861328125
53.779297,-266.27197265625
53.78125,72.10693359375
53.783203,-183.087158203125
53.785156,-68.682861328125
53.787109,47.735595703125
53.789062,-18.731689453125
53.791016,131.72607421875
53.792969,-146.22802734375
53.794922,57.403564453125
53.796875,269.696044921875
53.798828,141.998291015625
53.800781,16.11328125
53.802734,-17.120361328125
53.804688,6.04248046875
53.806641,252.1728515625
53.808594,205.645751953125
53.810547,-29.00390625
53.8125,167.17529296875
53.814453,-247.540283203125
53.816406,-81.573486328125
53.818359,-159.11865234375
53.820312,2.618408203125
53.822266,112.79296875
53.824219,-15.911865234375
53.826172,-16.11328125
53.828125,-88.22021484375
53.830078,116.217041015625
53.832031,-74.52392578125
53.833984,-21.7529296875
53.835938,153.680419921875
53.837891,162.34130859375
53.839844,123.468017578125
53.841797,-23.968505859375
53.84375,-54.180908203125
53.845703,-23.3642578125
53.847656,27.191162109375
53.849609,32.830810546875
53.851562,-28.802490234375
53.853516,-231.024169921875
53.855469,-155.09033203125
53.857422,181.67724609375
53.859375,31.4208984375
53.861328,17.724609375
53.863281,141.192626953125
53.865234,75.128173828125
53.867188,-67.27294921875
53.869141,-69.287109375
53.871094,-2.618408203125
53.873047,114.202880859375
53.875,88.018798828125
53.876953,-50.152587890625
53.878906,-116.41845703125
53.880859,25.982666015625
53.882812,41.49169921875
53.884766,-34.442138671875
53.886719,-66.46728515625
53.888672,56.396484375
53.890625,159.92431640625
53.892578,-73.71826171875
53.894531,-98.291015625
53.896484,84.393310546875
53.898438,74.322509765625
53.900391,134.344482421875
53.902344,-26.5869140625
53.904297,160.931396484375
53.90625,-74.52392578125
53.908203,92.852783203125
53.910156,-5.841064453125
53.912109,66.265869140625
53.914062,-28.399658203125
53.916016,-90.435791015625
53.917969,4.0283203125
53.919922,94.464111328125
53.921875,1.20849609375
53.923828,70.49560546875
53.925781,111.785888671875
53.927734,20.54443359375
53.929688,-8.660888671875
53.931641,50.152587890625
53.933594,35.85205078125
53.935547,106.75048828125
53.9375,97.283935546875
53.939453,106.549072265625
53.941406,52.972412109375
53.943359,28.399658203125
53.945312,90.435791015625
53.947266,-48.541259765625
53.949219,81.573486328125
53.951172,-13.897705078125
53.953125,90.838623046875
53.955078,-4.632568359375
53.957031,90.63720703125
53.958984,91.44287109375
53.960938,98.69384765625
53.962891,-5.841064453125
53.964844,2.01416015625
53.966797,23.3642578125
53.96875,91.644287109375
53.970703,-77.545166015625
53.972656,-10.272216796875
53.974609,-15.106201171875
53.976562,36.2548828125
53.978516,-103.729248046875
53.980469,-74.52392578125
53.982422,111.9873046875
53.984375,-20.947265625
53.986328,61.834716796875
53.988281,70.294189453125
53.990234,53.57666015625
53.992188,-70.697021484375
53.994141,-111.383056640625
53.996094,-142.401123046875
53.998047,7.855224609375
54.0,32.62939453125
54.001953,-103.729248046875
54.003906,189.532470703125
54.005859,-133.135986328125
54.007812,49.951171875
54.009766,-185.302734375
54.011719,14.09912109375
54.013672,43.10302734375
54.015625,82.177734375
54.017578,-256.805419921875
54.019531,-58.612060546875
54.021484,118.02978515625
54.023438,-64.05029296875
54.025391,161.53564453125
54.027344,-4.43115234375
54.029297,-133.941650390625
54.03125,-1.20849609375
54.033203,-2.01416015625
54.035156,-1.20849609375
54.037109,-2.215576171875
54.039062,-3.22265625
54.041016,-4.0283203125
54.042969,-4.833984375
54.044922,-5.438232421875
54.046875,-5.841064453125
54.048828,-5.841064453125
54.050781,-0.201416015625
54.052734,0.40283203125
54.054688,1.007080078125
54.056641,2.01416015625
54.058594,2.81982421875
54.060547,3.826904296875
54.0625,4.833984375
54.064453,5.438232421875
54.066406,6.04248046875
54.068359,0.201416015625
54.070312,11.883544921875
54.072266,32.2265625
54.074219,26.385498046875
54.076172,19.537353515625
54.078125,-4.833984375
54.080078,-3.424072265625
54.082031,9.66796875
54.083984,51.5625
54.085938,16.717529296875
54.087891,41.89453125
54.089844,58.41064453125
54.091797,-17.32177734375
54.09375,-105.94482421875
54.095703,-16.9189453125
54.097656,29.608154296875
54.099609,-17.32177734375
54.101562,-45.721435546875
54.103516,51.361083984375
54.105469,-11.883544921875
54.107422,-6.4453125
54.109375,56.79931640625
54.111328,13.897705078125
54.113281,38.067626953125
54.115234,87.213134765625
54.117188,-21.7529296875
54.119141,4.632568359375
54.121094,43.505859375
54.123047,78.55224609375
54.125,87.41455078125
54.126953,-5.438232421875
54.128906,64.251708984375
54.130859,-43.304443359375
54.132812,33.0322265625
54.134766,35.247802734375
54.136719,71.502685546875
54.138672,-5.035400390625
54.140625,14.300537109375
54.142578,-42.7001953125
54.144531,46.527099609375
54.146484,-25.579833984375
54.148438,33.0322265625
54.150391,53.778076171875
54.152344,88.22021484375
54.154297,25.78125
54.15625,-49.749755859375
54.158203,55.5908203125
54.160156,-45.9228515625
54.162109,27.191162109375
54.164062,-33.837890625
54.166016,17.120361328125
54.167969,4.632568359375
54.169922,-10.272216796875
54.171875,67.877197265625
54.173828,-15.3076171875
54.175781,30.816650390625
54.177734,-28.399658203125
54.179688,-67.67578125
54.181641,-66.064453125
54.183594,62.43896484375
54.185547,48.138427734375
54.1875,-24.169921875
54.189453,59.820556640625
54.191406,16.11328125
54.193359,42.29736328125
54.195312,-2.81982421875
54.197266,64.654541015625
54.199219,89.227294921875
54.201172,20.947265625
54.203125,-10.272216796875
54.205078,-49.1455078125
54.207031,24.169921875
54.208984,49.1455078125
54.210938,-38.671875
54.212891,27.191162109375
54.214844,22.15576171875
54.216797,16.9189453125
54.21875,-24.169921875
54.220703,-15.3076171875
54.222656,15.106201171875
54.224609,-25.78125
54.226562,30.413818359375
54.228516,-34.442138671875
54.230469,-1.812744140625
54.232422,-26.5869140625
54.234375,26.98974609375
54.236328,30.21240234375
54.238281,69.488525390625
54.240234,4.833984375
54.242188,76.739501953125
54.244141,-3.62548828125
54.246094,-46.929931640625
54.248047,-31.4208984375
54.25,-37.261962890625
54.251953,21.35009765625
54.253906,2.618408203125
54.255859,-42.095947265625
54.257812,-29.00390625
54.259766,27.593994140625
54.261719,21.148681640625
54.263672,29.40673828125
54.265625,-3.424072265625
54.267578,-10.07080078125
54.269531,10.272216796875
54.271484,-33.837890625
54.273438,2.618408203125
54.275391,26.385498046875
54.277344,51.15966796875
54.279297,10.4736328125
54.28125,5.23681640625
54.283203,69.68994140625
54.285156,44.3115234375
54.287109,-39.276123046875
54.289062,73.114013671875
54.291016,60.82763671875
54.292969,-2.4169921875
54.294922,-11.480712890625
54.296875,34.039306640625
54.298828,0.8056640625
54.300781,23.76708984375
54.302734,44.915771484375
54.304688,17.926025390625
54.306641,4.0283203125
54.308594,-24.169921875
54.310547,-17.724609375
54.3125,90.838623046875
54.314453,118.83544921875
54.316406,8.056640625
54.318359,5.438232421875
54.320312,-27.996826171875
54.322266,-15.3076171875
54.324219,104.534912109375
54.326172,45.721435546875
54.328125,56.79931640625
54.330078,82.58056640625
54.332031,57.403564453125
54.333984,50.555419921875
54.335938,81.976318359375
54.337891,14.501953125
54.339844,67.877197265625
54.341797,-15.911865234375
54.34375,6.84814453125
54.345703,-24.9755859375
54.347656,77.545166015625
54.349609,89.4287109375
54.351562,-19.3359375
54.353516,-74.12109375
54.355469,-67.67578125
54.357422,83.587646484375
54.359375,28.802490234375
54.361328,-33.837890625
54.363281,143.81103515625
54.365234,69.68994140625
54.367188,68.280029296875
54.369141,-34.039306640625
54.371094,-73.516845703125
54.373047,65.460205078125
54.375,21.551513671875
54.376953,79.962158203125
54.378906,28.60107421875
54.380859,34.24072265625
54.382812,-8.056640625
54.384766,27.392578125
54.386719,57.806396484375
54.388672,72.711181640625
54.390625,23.968505859375
54.392578,-2.4169921875
54.394531,-11.883544921875
54.396484,-112.994384765625
54.398438,52.972412109375
54.400391,26.788330078125
54.402344,-109.771728515625
54.404297,-20.343017578125
54.40625,-72.509765625
54.408203,-93.45703125
54.410156,-22.357177734375
54.412109,110.174560546875
54.414062,-5.23681640625
54.416016,44.3115234375
54.417969,-40.887451171875
54.419922,53.173828125
54.421875,41.49169921875
54.423828,51.5625
54.425781,-7.65380859375
54.427734,-39.678955078125
54.429688,13.29345703125
54.431641,14.501953125
54.433594,-42.095947265625
54.435547,115.008544921875
54.4375,67.27294921875
54.439453,-45.52001953125
54.441406,-61.029052734375
54.443359,-105.340576171875
54.445312,2.215576171875
54.447266,25.37841796875
54.449219,106.951904296875
54.451172,-10.272216796875
54.453125,41.49169921875
54.455078,-29.205322265625
54.457031,-25.982666015625
54.458984,33.636474609375
54.460938,-21.551513671875
54.462891,-59.417724609375
54.464844,-96.075439453125
54.466797,77.34375
54.46875,70.8984375
54.470703,-30.21240234375
54.472656,42.901611328125
54.474609,8.45947265625
54.476562,-16.9189453125
54.478516,69.488525390625
54.480469,3.62548828125
54.482422,1.20849609375
54.484375,-86.2060546875
54.486328,-91.44287109375
54.488281,91.845703125
54.490234,15.3076171875
54.492188,-78.753662109375
54.494141,7.2509765625
54.496094,83.587646484375
54.498047,69.085693359375
54.5,47.332763671875
54.501953,55.5908203125
54.503906,57.806396484375
54.505859,-4.43115234375
54.507812,70.294189453125
54.509766,3.826904296875
54.511719,-12.48779296875
54.513672,-0.8056640625
54.515625,55.389404296875
54.517578,23.968505859375
54.519531,24.9755859375
54.521484,25.78125
54.523438,26.385498046875
54.525391,26.788330078125
54.527344,26.98974609375
54.529297,26.5869140625
54.53125,25.982666015625
54.533203,25.37841796875
54.535156,24.57275390625
54.537109,23.565673828125
54.539062,22.760009765625
54.541016,21.7529296875
54.542969,18.328857421875
54.544922,17.724609375
54.546875,17.32177734375
54.548828,17.32177734375
54.550781,17.523193359375
54.552734,18.12744140625
54.554688,18.731689453125
54.556641,19.73876953125
54.558594,20.745849609375
54.560547,16.11328125
54.5625,16.9189453125
54.564453,17.523193359375
54.566406,18.12744140625
54.568359,18.328857421875
54.570312,18.328857421875
54.572266,17.926025390625
54.574219,10.4736328125
54.576172,9.66796875
54.578125,8.8623046875
54.580078,7.855224609375
54.582031,6.84814453125
54.583984,6.04248046875
54.585938,5.438232421875
54.587891,5.035400390625
54.589844,4.833984375
54.591797,-1.409912109375
54.59375,-1.007080078125
54.595703,-0.201416015625
54.597656,0.604248046875
54.599609,1.409912109375
54.601562,2.4169921875
54.603516,3.424072265625
54.605469,-0.604248046875
54.607422,0.0
54.609375,0.201416015625
54.611328,0.201416015625
54.613281,0.0
54.615234,-0.40283203125
54.617188,-1.20849609375
54.619141,-2.01416015625
54.621094,-4.43115234375
54.623047,-5.438232421875
54.625,-6.243896484375
54.626953,-6.84814453125
54.628906,-7.452392578125
54.630859,-7.65380859375
54.632812,-7.65380859375
54.634766,-7.2509765625
54.636719,-4.632568359375
54.638672,-3.826904296875
54.640625,-3.021240234375
54.642578,-2.01416015625
54.644531,-1.007080078125
54.646484,-0.201416015625
54.648438,0.40283203125
54.650391,0.8056640625
54.652344,6.4453125
54.654297,6.243896484375
54.65625,5.841064453125
54.658203,5.23681640625
54.660156,4.43115234375
54.662109,3.424072265625
54.664062,2.618408203125
54.666016,1.611328125
54.667969,0.8056640625
54.669922,0.201416015625
54.671875,0.0
54.673828,-0.201416015625
54.675781,0.201416015625
54.677734,0.604248046875
54.679688,1.409912109375
54.681641,15.509033203125
54.683594,16.314697265625
54.685547,17.32177734375
54.6875,18.328857421875
54.689453,18.93310546875
54.691406,19.537353515625
54.693359,19.73876953125
54.695312,19.73876953125
54.697266,19.3359375
54.699219,18.731689453125
54.701172,23.3642578125
54.703125,22.55859375
54.705078,21.551513671875
54.707031,20.54443359375
54.708984,19.73876953125
54.710938,19.134521484375
54.712891,18.731689453125
54.714844,18.5302734375
54.716797,20.947265625
54.71875,21.35009765625
54.720703,22.15576171875
54.722656,22.96142578125
54.724609,23.76708984375
54.726562,24.774169921875
54.728516,25.78125
54.730469,26.5869140625
54.732422,26.5869140625
54.734375,26.98974609375
54.736328,26.98974609375
54.738281,26.788330078125
54.740234,26.18408203125
54.742188,25.579833984375
54.744141,24.57275390625
54.746094,23.76708984375
54.748047,21.35009765625
54.75,17.926025390625
54.751953,17.120361328125
54.753906,16.717529296875
54.755859,16.51611328125
54.757812,16.51611328125
54.759766,16.9189453125
54.761719,17.523193359375
54.763672,11.883544921875
54.765625,12.689208984375
54.767578,13.6962890625
54.769531,14.703369140625
54.771484,15.509033203125
54.773438,16.11328125
54.775391,16.51611328125
54.777344,16.717529296875
54.779297,16.51611328125
54.78125,16.11328125
54.783203,15.509033203125
54.785156,14.703369140625
54.787109,13.6962890625
54.789062,12.689208984375
54.791016,5.035400390625
54.792969,-2.618408203125
54.794922,-3.22265625
54.796875,-3.424072265625
54.798828,-3.424072265625
54.800781,-3.22265625
54.802734,-2.81982421875
54.804688,-2.01416015625
54.806641,-1.20849609375
54.808594,-0.201416015625
54.810547,-2.215576171875
54.8125,-1.20849609375
54.814453,-0.604248046875
54.816406,0.0
54.818359,0.201416015625
54.820312,0.201416015625
54.822266,-0.201416015625
54.824219,-0.8056640625
54.826172,-1.611328125
54.828125,-3.424072265625
54.830078,-4.229736328125
54.832031,-1.812744140625
54.833984,-2.618408203125
54.835938,-3.22265625
54.837891,-3.62548828125
54.839844,-3.826904296875
54.841797,-3.62548828125
54.84375,-3.22265625
54.845703,-2.618408203125
54.847656,-1.812744140625
54.849609,-0.8056640625
54.851562,0.201416015625
54.853516,1.007080078125
54.855469,1.812744140625
54.857422,2.4169921875
54.859375,2.81982421875
54.861328,7.855224609375
54.863281,7.65380859375
54.865234,7.049560546875
54.867188,6.4453125
54.869141,5.438232421875
54.871094,4.632568359375
54.873047,10.675048828125
54.875,9.66796875
54.876953,9.063720703125
54.878906,8.45947265625
54.880859,8.258056640625
54.882812,8.258056640625
54.884766,8.660888671875
54.886719,9.26513671875
54.888672,10.07080078125
54.890625,17.523193359375
54.892578,18.5302734375
54.894531,19.537353515625
54.896484,20.343017578125
54.898438,20.947265625
54.900391,21.35009765625
54.902344,21.551513671875
54.904297,26.18408203125
54.90625,25.78125
54.908203,24.9755859375
54.910156,24.169921875
54.912109,23.3642578125
54.914062,22.357177734375
54.916016,21.35009765625
54.917969,20.54443359375
54.919922,19.940185546875
54.921875,20.745849609375
54.923828,20.745849609375
54.925781,20.947265625
54.927734,21.35009765625
54.929688,22.15576171875
54.931641,22.96142578125
54.933594,23.968505859375
54.935547,24.9755859375
54.9375,24.169921875
54.939453,24.9755859375
54.941406,25.37841796875
54.943359,25.579833984375
54.945312,25.579833984375
54.947266,25.37841796875
54.949219,24.774169921875
54.951172,23.968505859375
54.953125,17.32177734375
54.955078,16.51611328125
54.957031,15.509033203125
54.958984,14.703369140625
54.960938,14.09912109375
54.962891,13.494873046875
54.964844,13.494873046875
54.966797,13.494873046875
54.96875,7.2509765625
54.970703,7.855224609375
54.972656,8.660888671875
54.974609,9.66796875
54.976562,10.4736328125
54.978516,11.480712890625
54.980469,12.286376953125
54.982422,12.890625
54.984375,13.092041015625
54.986328,6.4453125
54.988281,6.243896484375
54.990234,5.6396484375
54.992188,5.035400390625
54.994141,4.0283203125
54.996094,3.021240234375
54.998047,2.215576171875
55.0,1.20849609375
55.001953,0.604248046875
55.003906,0.0
55.005859,-0.201416015625
55.007812,-0.201416015625
55.009766,0.201416015625
55.011719,0.8056640625
55.013672,-6.04248046875
55.015625,-5.23681640625
55.017578,-4.229736328125
55.019531,-3.22265625
55.021484,-2.4169921875
55.023438,-1.812744140625
55.025391,-1.409912109375
55.027344,1.007080078125
55.029297,0.8056640625
55.03125,0.40283203125
55.033203,-0.201416015625
55.035156,-1.007080078125
55.037109,-2.01416015625
55.039062,-3.021240234375
55.041016,-3.826904296875
55.042969,-4.632568359375
55.044922,-5.23681640625
55.046875,-5.438232421875
55.048828,-5.6396484375
55.050781,-5.438232421875
55.052734,-2.4169921875
55.054688,-1.611328125
55.056641,-0.8056640625
55.058594,0.201416015625
55.060547,1.007080078125
55.0625,2.01416015625
55.064453,8.8623046875
55.066406,9.466552734375
55.068359,9.66796875
55.070312,9.66796875
55.072266,9.26513671875
55.074219,8.660888671875
55.076172,7.855224609375
55.078125,7.049560546875
55.080078,13.092041015625
55.082031,12.0849609375
55.083984,11.279296875
55.085938,10.675048828125
55.087891,10.272216796875
55.089844,10.07080078125
55.091797,10.272216796875
55.09375,10.675048828125
55.095703,17.32177734375
55.097656,18.12744140625
55.099609,19.134521484375
55.101562,20.1416015625
55.103516,20.947265625
55.105469,21.7529296875
55.107422,22.357177734375
55.109375,22.760009765625
55.111328,22.760009765625
55.113281,22.55859375
55.115234,21.954345703125
55.117188,21.35009765625
55.119141,20.343017578125
55.121094,19.537353515625
55.123047,22.760009765625
55.125,21.7529296875
55.126953,21.148681640625
55.128906,20.54443359375
55.130859,20.343017578125
55.132812,20.54443359375
55.134766,20.745849609375
55.136719,21.35009765625
55.138672,22.15576171875
55.140625,22.55859375
55.142578,23.162841796875
55.144531,18.12744140625
55.146484,10.675048828125
55.148438,37.8662109375
55.150391,46.929931640625
55.152344,15.3076171875
55.154297,11.077880859375
55.15625,13.29345703125
55.158203,8.056640625
55.160156,-21.954345703125
55.162109,50.555419921875
55.164062,36.859130859375
55.166016,19.3359375
55.167969,56.195068359375
55.169922,-17.523193359375
55.171875,19.537353515625
55.173828,44.3115234375
55.175781,92.449951171875
55.177734,3.021240234375
55.179688,-7.452392578125
55.181641,-7.2509765625
55.183594,-75.531005859375
55.185547,16.11328125
55.1875,-29.8095703125
55.189453,1.611328125
55.191406,9.66796875
55.193359,-12.48779296875
55.195312,1.007080078125
55.197266,-38.26904296875
55.199219,63.848876953125
55.201172,24.774169921875
55.203125,-57.60498046875
55.205078,-19.3359375
55.207031,26.98974609375
55.208984,16.11328125
55.210938,-38.26904296875
55.212891,18.731689453125
55.214844,11.68212890625
55.216797,-26.18408203125
55.21875,-26.788330078125
55.220703,-18.328857421875
55.222656,38.26904296875
55.224609,20.1416015625
55.226562,6.646728515625
55.228516,43.505859375
55.230469,-11.68212890625
55.232422,-7.855224609375
55.234375,-22.760009765625
55.236328,25.579833984375
55.238281,35.247802734375
55.240234,-0.604248046875
55.242188,0.8056640625
55.244141,30.615234375
55.246094,-1.007080078125
55.248047,-19.940185546875
55.25,6.243896484375
55.251953,11.883544921875
55.253906,4.43115234375
55.255859,11.077880859375
55.257812,-8.056640625
55.259766,3.021240234375
55.261719,-2.01416015625
55.263672,10.272216796875
55.265625,9.466552734375
55.267578,4.229736328125
55.269531,-0.604248046875
55.271484,-11.68212890625
55.273438,28.802490234375
55.275391,15.71044921875
55.277344,5.6396484375
55.279297,-40.68603515625
55.28125,-15.3076171875
55.283203,45.721435546875
55.285156,39.4775390625
55.287109,34.442138671875
55.289062,31.01806640625
55.291016,62.640380859375
55.292969,-91.44287109375
55.294922,-29.608154296875
55.296875,-24.169921875
55.298828,63.24462890625
55.300781,17.120361328125
55.302734,-26.385498046875
55.304688,-124.47509765625
55.306641,6.4453125
55.308594,-31.4208984375
55.310547,94.66552734375
55.3125,111.785888671875
55.314453,67.67578125
55.316406,37.060546875
55.318359,-35.247802734375
55.320312,123.66943359375
55.322266,155.89599609375
55.324219,24.169921875
55.326172,74.322509765625
55.328125,13.092041015625
55.330078,-163.751220703125
55.332031,-160.3271484375
55.333984,-97.4853515625
55.335938,76.94091796875
55.337891,-163.751220703125
55.339844,3.826904296875
55.341797,209.87548828125
55.34375,45.52001953125
55.345703,-5.035400390625
55.347656,40.484619140625
55.349609,-3.424072265625
55.351562,141.192626953125
55.353516,10.675048828125
55.355469,135.3515625
55.357422,78.955078125
55.359375,75.531005859375
55.361328,-48.33984375
55.363281,177.850341796875
55.365234,16.314697265625
55.367188,6.04248046875
55.369141,0.8056640625
55.371094,34.844970703125
55.373047,-4.632568359375
55.375,21.35009765625
55.376953,-16.717529296875
55.378906,-16.11328125
55.380859,-6.84814453125
55.382812,1.611328125
55.384766,35.44921875
55.386719,-9.466552734375
55.388672,78.350830078125
55.390625,201.81884765625
55.392578,-6.243896484375
55.394531,-121.25244140625
55.396484,21.148681640625
55.398438,419.549560546875
55.400391,278.961181640625
55.402344,-178.857421875
55.404297,145.8251953125
55.40625,116.217041015625
55.408203,138.775634765625
55.410156,218.3349609375
55.412109,-43.505859375
55.414062,52.569580078125
55.416016,-278.961181640625
55.417969,-348.248291015625
55.419922,-219.342041015625
55.421875,-202.2216796875
55.423828,24.57275390625
55.425781,-76.5380859375
55.427734,-215.313720703125
55.429688,213.702392578125
55.431641,252.777099609375
55.433594,68.4814453125
55.435547,284.80224609375
55.4375,208.26416015625
55.439453,375.439453125
55.441406,73.71826171875
55.443359,151.86767578125
55.445312,267.48046875
55.447266,59.014892578125
55.449219,-65.057373046875
55.451172,63.24462890625
55.453125,-134.5458984375
55.455078,-215.51513671875
55.457031,-214.306640625
55.458984,115.411376953125
55.460938,-164.959716796875
55.462891,52.972412109375
55.464844,-124.072265625
55.466797,109.5703125
55.46875,-294.47021484375
55.470703,29.608154296875
55.472656,136.962890625
55.474609,317.431640625
55.476562,-91.241455078125
55.478516,19.940185546875
55.480469,-21.551513671875
55.482422,120.44677734375
55.484375,92.6513671875
55.486328,-94.061279296875
55.488281,22.15576171875
55.490234,275.13427734375
55.492188,-87.8173828125
55.494141,-139.178466796875
55.496094,273.724365234375
55.498047,-13.092041015625
55.5,239.886474609375
55.501953,-94.061279296875
55.503906,103.52783203125
55.505859,-43.90869140625
55.507812,20.54443359375
55.509766,129.913330078125
55.511719,79.962158203125
55.513672,35.85205078125
55.515625,-99.298095703125
55.517578,-265.264892578125
55.519531,-30.816650390625
55.521484,-127.093505859375
55.523438,42.498779296875
55.525391,-85.80322265625
55.527344,107.958984375
55.529297,31.4208984375
55.53125,-23.565673828125
55.533203,-28.399658203125
55.535156,-6.4453125
55.537109,26.5869140625
55.539062,-107.354736328125
55.541016,90.234375
55.542969,-9.869384765625
55.544922,86.2060546875
55.546875,-108.160400390625
55.548828,19.537353515625
55.550781,44.110107421875
55.552734,57.000732421875
55.554688,-94.464111328125
55.556641,30.615234375
55.558594,123.870849609375
55.560547,-28.802490234375
55.5625,36.2548828125
55.564453,-91.44287109375
55.566406,12.890625
55.568359,7.452392578125
55.570312,6.4453125
55.572266,8.660888671875
55.574219,10.272216796875
55.576172,45.721435546875
55.578125,22.15576171875
55.580078,17.724609375
55.582031,33.0322265625
55.583984,10.4736328125
55.585938,77.74658203125
55.587891,-36.2548828125
55.589844,-35.85205078125
55.591797,-10.87646484375
55.59375,-74.12109375
55.595703,40.283203125
55.597656,-44.3115234375
55.599609,58.612060546875
55.601562,146.026611328125
55.603516,-132.53173828125
55.605469,-85.80322265625
55.607422,-226.593017578125
55.609375,100.30517578125
55.611328,-108.160400390625
55.613281,56.597900390625
55.615234,13.494873046875
55.617188,3.021240234375
55.619141,-49.951171875
55.621094,-157.305908203125
55.623047,33.0322265625
55.625,-56.396484375
55.626953,96.6796875
55.628906,250.762939453125
55.630859,-143.206787109375
55.632812,-293.66455078125
55.634766,-155.09033203125
55.636719,-244.51904296875
55.638672,-66.265869140625
55.640625,-2.618408203125
55.642578,100.30517578125
55.644531,3.826904296875
55.646484,63.446044921875
55.648438,-129.510498046875
55.650391,35.247802734375
55.652344,261.639404296875
55.654297,-177.447509765625
55.65625,62.640380859375
55.658203,-83.990478515625
55.660156,31.622314453125
55.662109,-182.080078125
55.664062,-92.6513671875
55.666016,0.40283203125
55.667969,149.45068359375
55.669922,-156.903076171875
55.671875,198.193359375
55.673828,123.2666015625
55.675781,-486.21826171875
55.677734,346.83837890625
55.679688,315.216064453125
55.681641,319.04296875
55.683594,132.9345703125
55.685547,-52.972412109375
55.6875,216.925048828125
55.689453,-173.822021484375
55.691406,189.73388671875
55.693359,181.67724609375
55.695312,183.69140625
55.697266,154.888916015625
55.699219,260.2294921875
55.701172,-460.0341796875
55.703125,257.0068359375
55.705078,517.437744140625
55.707031,762.9638671875
55.708984,150.6591796875
55.710938,239.68505859375
55.712891,-22.96142578125
55.714844,130.316162109375
55.716797,-59.619140625
55.71875,-214.70947265625
55.720703,170.80078125
55.722656,-12.689208984375
55.724609,-284.80224609375
55.726562,-159.521484375
55.728516,-43.707275390625
55.730469,-75.32958984375
55.732422,94.866943359375
55.734375,184.4970703125
55.736328,14.703369140625
55.738281,101.11083984375
55.740234,-252.57568359375
55.742188,-106.75048828125
55.744141,-23.968505859375
55.746094,102.3193359375
55.748047,155.09033203125
55.75,280.975341796875
55.751953,172.81494140625
55.753906,-107.55615234375
55.755859,-96.881103515625
55.757812,114.80712890625
55.759766,-8.056640625
55.761719,-133.33740234375
55.763672,70.0927734375
55.765625,-33.837890625
55.767578,-46.929931640625
55.769531,-48.944091796875
55.771484,129.107666015625
55.773438,68.07861328125
55.775391,-43.10302734375
55.777344,-122.05810546875
55.779297,-52.166748046875
55.78125,43.304443359375
55.783203,108.966064453125
55.785156,-68.4814453125
55.787109,-11.279296875
55.789062,-11.279296875
55.791016,-39.276123046875
55.792969,-6.646728515625
55.794922,-4.0283203125
55.796875,-27.79541015625
55.798828,-67.877197265625
55.800781,-11.077880859375
55.802734,10.07080078125
55.804688,19.73876953125
55.806641,2.4169921875
55.808594,32.025146484375
55.810547,-15.911865234375
55.8125,12.0849609375
55.814453,-7.855224609375
55.816406,-14.300537109375
55.818359,-0.201416015625
55.820312,0.8056640625
55.822266,-0.604248046875
55.824219,-1.812744140625
55.826172,-2.618408203125
55.828125,-3.62548828125
55.830078,-4.43115234375
55.832031,-5.438232421875
55.833984,-6.243896484375
55.835938,-6.84814453125
55.837891,-7.2509765625
55.839844,-7.452392578125
55.841797,-5.035400390625
55.84375,-4.632568359375
55.845703,-4.0283203125
55.847656,-3.22265625
55.849609,-2.215576171875
55.851562,-1.20849609375
55.853516,-0.40283203125
55.855469,5.035400390625
55.857422,5.6396484375
55.859375,6.04248046875
55.861328,6.04248046875
55.863281,5.841064453125
55.865234,5.23681640625
55.867188,4.632568359375
55.869141,3.62548828125
55.871094,2.81982421875
55.873047,1.812744140625
55.875,1.007080078125
55.876953,0.201416015625
55.878906,-0.201416015625
55.880859,-0.604248046875
55.882812,-0.40283203125
55.884766,7.049560546875
55.886719,14.300537109375
55.888672,15.106201171875
55.890625,16.11328125
55.892578,17.120361328125
55.894531,17.926025390625
55.896484,18.731689453125
55.898438,19.537353515625
55.900391,19.940185546875
55.902344,19.940185546875
55.904297,23.968505859375
55.90625,24.774169921875
55.908203,24.169921875
55.910156,23.3642578125
55.912109,22.357177734375
55.914062,21.551513671875
55.916016,20.54443359375
55.917969,19.73876953125
55.919922,20.54443359375
55.921875,20.1416015625
55.923828,20.1416015625
55.925781,20.343017578125
55.927734,20.947265625
55.929688,21.551513671875
55.931641,22.55859375
55.933594,23.3642578125
55.935547,24.371337890625
55.9375,25.177001953125
55.939453,25.78125
55.941406,26.385498046875
55.943359,26.5869140625
55.945312,26.5869140625
55.947266,26.18408203125
55.949219,25.579833984375
55.951172,19.537353515625
55.953125,18.5302734375
55.955078,17.724609375
55.957031,16.717529296875
55.958984,15.911865234375
55.960938,15.3076171875
55.962891,14.90478515625
55.964844,14.703369140625
55.966797,14.90478515625
55.96875,8.8623046875
55.970703,9.66796875
55.972656,10.4736328125
55.974609,11.279296875
55.976562,12.286376953125
55.978516,13.29345703125
55.980469,14.09912109375
55.982422,14.501953125
55.984375,14.90478515625
55.986328,14.90478515625
55.988281,14.703369140625
55.990234,14.300537109375
55.992188,13.494873046875
55.994141,5.841064453125
55.996094,4.833984375
55.998047,-2.4169921875
56.0,-3.22265625
56.001953,-4.0283203125
56.003906,-7.049560546875
56.005859,-7.2509765625
56.007812,-7.2509765625
56.009766,-7.049560546875
56.011719,-6.4453125
56.013672,-5.6396484375
56.015625,-4.632568359375
56.017578,-3.826904296875
56.019531,-2.81982421875
56.021484,-2.01416015625
56.023438,-1.409912109375
56.025391,-0.8056640625
56.027344,-0.8056640625
56.029297,-0.8056640625
56.03125,-1.409912109375
56.033203,-2.01416015625
56.035156,-1.611328125
56.037109,-2.618408203125
56.039062,-3.62548828125
56.041016,-4.43115234375
56.042969,-5.23681640625
56.044922,-5.841064453125
56.046875,-6.243896484375
56.048828,-1.611328125
56.050781,-1.409912109375
56.052734,-1.007080078125
56.054688,-0.201416015625
56.056641,0.604248046875
56.058594,1.611328125
56.060547,2.618408203125
56.0625,3.424072265625
56.064453,8.8623046875
56.066406,9.466552734375
56.068359,9.66796875
56.070312,9.66796875
56.072266,9.26513671875
56.074219,8.660888671875
56.076172,7.855224609375
56.078125,7.049560546875
56.080078,12.890625
56.082031,12.0849609375
56.083984,11.279296875
56.085938,10.4736328125
56.087891,10.07080078125
56.089844,10.07080078125
56.091797,10.07080078125
56.09375,10.4736328125
56.095703,11.279296875
56.097656,12.0849609375
56.099609,12.890625
56.101562,13.897705078125
56.103516,21.35009765625
56.105469,22.15576171875
56.107422,22.760009765625
56.109375,23.162841796875
56.111328,26.98974609375
56.113281,26.5869140625
56.115234,26.18408203125
56.117188,25.37841796875
56.119141,24.57275390625
56.121094,23.565673828125
56.123047,22.760009765625
56.125,21.7529296875
56.126953,21.148681640625
56.128906,20.745849609375
56.130859,20.54443359375
56.132812,20.54443359375
56.134766,20.947265625
56.136719,21.35009765625
56.138672,22.15576171875
56.140625,23.162841796875
56.142578,24.169921875
56.144531,22.357177734375
56.146484,23.3642578125
56.148438,23.968505859375
56.150391,24.371337890625
56.152344,24.57275390625
56.154297,24.371337890625
56.15625,23.968505859375
56.158203,23.3642578125
56.160156,16.314697265625
56.162109,15.509033203125
56.164062,14.501953125
56.166016,13.494873046875
56.167969,12.689208984375
56.169922,12.0849609375
56.171875,11.883544921875
56.173828,11.883544921875
56.175781,12.0849609375
56.177734,5.6396484375
56.179688,6.243896484375
56.181641,7.2509765625
56.183594,8.056640625
56.185547,9.063720703125
56.1875,9.869384765625
56.189453,10.675048828125
56.191406,11.077880859375
56.193359,6.4453125
56.195312,5.035400390625
56.197266,4.833984375
56.199219,-1.007080078125
56.201172,-1.812744140625
56.203125,-2.81982421875
56.205078,-3.826904296875
56.207031,-4.632568359375
56.208984,-5.438232421875
56.210938,-6.243896484375
56.212891,-6.646728515625
56.214844,-6.646728515625
56.216797,-6.646728515625
56.21875,-6.243896484375
56.220703,-5.438232421875
56.222656,-4.632568359375
56.224609,-4.833984375
56.226562,-3.826904296875
56.228516,-2.81982421875
56.230469,-2.215576171875
56.232422,-1.611328125
56.234375,-1.20849609375
56.236328,-1.20849609375
56.238281,-1.409912109375
56.240234,0.0
56.242188,-0.8056640625
56.244141,-1.611328125
56.246094,-2.618408203125
56.248047,-3.62548828125
56.25,-4.43115234375
56.251953,-5.035400390625
56.253906,-5.6396484375
56.255859,-5.841064453125
56.257812,-2.01416015625
56.259766,0.0
56.261719,0.604248046875
56.263672,1.409912109375
56.265625,2.4169921875
56.267578,3.22265625
56.269531,4.229736328125
56.271484,12.0849609375
56.273438,12.689208984375
56.275391,13.092041015625
56.277344,13.29345703125
56.279297,13.092041015625
56.28125,12.689208984375
56.283203,12.0849609375
56.285156,11.077880859375
56.287109,10.272216796875
56.289062,16.314697265625
56.291016,15.3076171875
56.292969,14.501953125
56.294922,13.897705078125
56.296875,13.6962890625
56.298828,13.6962890625
56.300781,13.897705078125
56.302734,14.300537109375
56.304688,20.1416015625
56.306641,20.947265625
56.308594,21.954345703125
56.310547,22.96142578125
56.3125,23.76708984375
56.314453,24.57275390625
56.316406,24.9755859375
56.318359,25.177001953125
56.320312,25.177001953125
56.322266,24.774169921875
56.324219,24.371337890625
56.326172,25.579833984375
56.328125,24.57275390625
56.330078,23.76708984375
56.332031,22.760009765625
56.333984,21.954345703125
56.335938,20.343017578125
56.337891,19.940185546875
56.339844,19.73876953125
56.341797,19.940185546875
56.34375,20.343017578125
56.345703,20.947265625
56.347656,21.7529296875
56.349609,22.760009765625
56.351562,18.93310546875
56.353516,19.940185546875
56.355469,20.745849609375
56.357422,21.148681640625
56.359375,21.551513671875
56.361328,21.551513671875
56.363281,21.35009765625
56.365234,20.947265625
56.367188,13.494873046875
56.369141,12.689208984375
56.371094,11.68212890625
56.373047,10.675048828125
56.375,9.869384765625
56.376953,9.063720703125
56.378906,8.660888671875
56.380859,8.45947265625
56.382812,8.45947265625
56.384766,1.812744140625
56.386719,2.4169921875
56.388672,3.22265625
56.390625,4.0283203125
56.392578,5.035400390625
56.394531,-0.201416015625
56.396484,0.604248046875
56.398438,1.409912109375
56.400391,1.812744140625
56.402344,1.812744140625
56.404297,1.812744140625
56.40625,1.409912109375
56.408203,0.604248046875
56.410156,-0.201416015625
56.412109,-1.007080078125
56.414062,-2.01416015625
56.416016,-3.021240234375
56.417969,-6.04248046875
56.419922,-6.4453125
56.421875,-6.84814453125
56.423828,-6.84814453125
56.425781,-6.646728515625
56.427734,-6.243896484375
56.429688,-5.438232421875
56.431641,-4.632568359375
56.433594,-3.62548828125
56.435547,-2.618408203125
56.4375,-1.812744140625
56.439453,-0.8056640625
56.441406,-0.40283203125
56.443359,0.0
56.445312,-0.201416015625
56.447266,3.22265625
56.449219,2.618408203125
56.451172,2.01416015625
56.453125,1.007080078125
56.455078,0.0
56.457031,-0.8056640625
56.458984,-1.812744140625
56.460938,-2.4169921875
56.462891,-2.81982421875
56.464844,3.021240234375
56.466797,3.22265625
56.46875,3.62548828125
56.470703,4.229736328125
56.472656,5.035400390625
56.474609,6.04248046875
56.476562,7.049560546875
56.478516,14.90478515625
56.480469,15.71044921875
56.482422,16.314697265625
56.484375,16.51611328125
56.486328,16.717529296875
56.488281,16.51611328125
56.490234,15.911865234375
56.492188,15.106201171875
56.494141,20.1416015625
56.496094,19.134521484375
56.498047,18.12744140625
56.5,17.32177734375
56.501953,16.51611328125
56.503906,16.11328125
56.505859,15.911865234375
56.507812,15.911865234375
56.509766,20.745849609375
56.511719,21.35009765625
56.513672,22.15576171875
56.515625,23.162841796875
56.517578,24.169921875
56.519531,24.9755859375
56.521484,25.78125
56.523438,26.5869140625
56.525391,26.98974609375
56.527344,27.593994140625
56.529297,27.392578125
56.53125,26.98974609375
56.533203,26.385498046875
56.535156,25.579833984375
56.537109,24.57275390625
56.539062,23.565673828125
56.541016,22.760009765625
56.542969,21.954345703125
56.544922,21.35009765625
56.546875,20.947265625
56.548828,20.947265625
56.550781,21.148681640625
56.552734,18.5302734375
56.554688,19.134521484375
56.556641,6.4453125
56.558594,17.926025390625
56.560547,18.328857421875
56.5625,19.3359375
56.564453,14.90478515625
56.566406,14.501953125
56.568359,21.7529296875
56.570312,23.968505859375
56.572266,31.4208984375
56.574219,9.26513671875
56.576172,13.494873046875
56.578125,8.258056640625
56.580078,-11.480712890625
56.582031,2.215576171875
56.583984,1.812744140625
56.585938,-8.45947265625
56.587891,5.035400390625
56.589844,4.632568359375
56.591797,-24.9755859375
56.59375,-7.2509765625
56.595703,-5.035400390625
56.597656,39.276123046875
56.599609,28.60107421875
56.601562,-23.968505859375
56.603516,-50.7568359375
56.605469,-6.04248046875
56.607422,27.392578125
56.609375,24.57275390625
56.611328,6.84814453125
56.613281,-8.258056640625
56.615234,-6.84814453125
56.617188,-69.68994140625
56.619141,-53.778076171875
56.621094,-30.21240234375
56.623047,-23.565673828125
56.625,-36.859130859375
56.626953,38.067626953125
56.628906,-31.01806640625
56.630859,-34.039306640625
56.632812,-18.328857421875
56.634766,29.8095703125
56.636719,-32.427978515625
56.638672,-1.007080078125
56.640625,-7.2509765625
56.642578,47.332763671875
56.644531,3.826904296875
56.646484,52.166748046875
56.648438,18.328857421875
56.650391,28.60107421875
56.652344,66.46728515625
56.654297,-53.173828125
56.65625,-20.54443359375
56.658203,34.039306640625
56.660156,-45.1171875
56.662109,-14.501953125
56.664062,14.501953125
56.666016,41.290283203125
56.667969,-1.007080078125
56.669922,-43.505859375
56.671875,6.4453125
56.673828,7.049560546875
56.675781,7.049560546875
56.677734,7.049560546875
56.679688,7.65380859375
56.681641,8.660888671875
56.683594,16.717529296875
56.685547,11.883544921875
56.6875,-7.855224609375
56.689453,103.729248046875
56.691406,84.393310546875
56.693359,36.053466796875
56.695312,0.0
56.697266,-12.286376953125
56.699219,-3.424072265625
56.701172,13.6962890625
56.703125,-78.55224609375
56.705078,-26.788330078125
56.707031,-2.01416015625
56.708984,111.9873046875
56.710938,-35.44921875
56.712891,70.0927734375
56.714844,-71.30126953125
56.716797,62.0361328125
56.71875,165.56396484375
56.720703,155.89599609375
56.722656,138.372802734375
56.724609,-43.707275390625
56.726562,173.419189453125
56.728516,194.970703125
56.730469,131.121826171875
56.732422,-118.4326171875
56.734375,52.972412109375
56.736328,134.344482421875
56.738281,79.559326171875
56.740234,153.47900390625
56.742188,-323.675537109375
56.744141,-250.5615234375
56.746094,130.316162109375
56.748047,62.640380859375
56.75,167.578125
56.751953,-66.8701171875
56.753906,76.336669921875
56.755859,-193.963623046875
56.757812,-90.838623046875
56.759766,22.357177734375
56.761719,281.1767578125
56.763672,-147.4365234375
56.765625,87.01171875
56.767578,-61.23046875
56.769531,117.022705078125
56.771484,98.895263671875
56.773438,262.646484375
56.775391,73.3154296875
56.777344,-112.79296875
56.779297,-36.053466796875
56.78125,-105.94482421875
56.783203,55.792236328125
56.785156,179.461669921875
56.787109,49.54833984375
56.789062,-209.271240234375
56.791016,-67.67578125
56.792969,-94.464111328125
56.794922,-329.11376953125
56.796875,48.138427734375
56.798828,21.35009765625
56.800781,-45.318603515625
56.802734,13.6962890625
56.804688,30.010986328125
56.806641,-53.173828125
56.808594,-47.735595703125
56.810547,109.97314453125
56.8125,63.24462890625
56.814453,-5.841064453125
56.816406,-2.4169921875
56.818359,6.646728515625
56.820312,34.442138671875
56.822266,11.077880859375
56.824219,-37.8662109375
56.826172,12.689208984375
56.828125,-34.24072265625
56.830078,162.34130859375
56.832031,1.007080078125
56.833984,-2.618408203125
56.835938,-77.142333984375
56.837891,-42.29736328125
56.839844,-87.01171875
56.841797,-14.90478515625
56.84375,16.9189453125
56.845703,70.0927734375
56.847656,124.47509765625
56.849609,87.615966796875
56.851562,-17.523193359375
56.853516,-79.559326171875
56.855469,-97.686767578125
56.857422,-21.551513671875
56.859375,47.735595703125
56.861328,31.219482421875
56.863281,-86.2060546875
56.865234,-182.48291015625
56.867188,-45.1171875
56.869141,-3.021240234375
56.871094,-150.860595703125
56.873047,54.986572265625
56.875,3.021240234375
56.876953,160.528564453125
56.878906,-120.44677734375
56.880859,-90.435791015625
56.882812,-161.9384765625
56.884766,139.3798828125
56.886719,135.150146484375
56.888672,53.778076171875
56.890625,-25.579833984375
56.892578,-45.721435546875
56.894531,-86.004638671875
56.896484,15.71044921875
56.898438,50.555419921875
56.900391,155.291748046875
56.902344,144.2138671875
56.904297,151.666259765625
56.90625,189.3310546875
56.908203,-49.1455078125
56.910156,39.276123046875
56.912109,109.368896484375
56.914062,63.6474609375
56.916016,-101.91650390625
56.917969,54.78515625
56.919922,12.890625
56.921875,60.626220703125
56.923828,-139.984130859375
56.925781,190.740966796875
56.927734,36.053466796875
56.929688,-119.23828125
56.931641,1.20849609375
56.933594,86.2060546875
56.935547,-30.615234375
56.9375,20.343017578125
56.939453,76.336669921875
56.941406,-148.846435546875
56.943359,133.135986328125
56.945312,-90.63720703125
56.947266,49.346923828125
56.949219,178.45458984375
56.951172,140.58837890625
56.953125,-61.029052734375
56.955078,-108.160400390625
56.957031,-25.579833984375
56.958984,188.525390625
56.960938,309.375
56.962891,151.86767578125
56.964844,159.521484375
56.966797,24.57275390625
56.96875,-4.632568359375
56.970703,-223.1689453125
56.972656,-4.0283203125
56.974609,148.443603515625
56.976562,123.065185546875
56.978516,-37.664794921875
56.980469,39.276123046875
56.982422,210.882568359375
56.984375,83.7890625
56.986328,-73.3154296875
56.988281,51.15966796875
56.990234,-186.1083984375
56.992188,12.48779296875
56.994141,116.619873046875
56.996094,91.845703125
56.998047,267.07763671875
57.0,17.724609375
57.001953,-308.97216796875
57.003906,-66.668701171875
57.005859,-286.0107421875
57.007812,64.05029296875
57.009766,120.648193359375
57.011719,255.3955078125
57.013672,73.516845703125
57.015625,55.99365234375
57.017578,-4.43115234375
57.019531,-6.646728515625
57.021484,-8.45947265625
57.023438,-7.2509765625
57.025391,-16.314697265625
57.027344,-18.5302734375
57.029297,-24.774169921875
57.03125,-23.162841796875
57.033203,52.3681640625
57.035156,-8.056640625
57.037109,5.6396484375
57.039062,45.721435546875
57.041016,-31.82373046875
57.042969,-25.37841796875
57.044922,-5.438232421875
57.046875,-6.243896484375
57.048828,50.555419921875
57.050781,-25.78125
57.052734,34.442138671875
57.054688,-114.00146484375
57.056641,31.4208984375
57.058594,43.90869140625
57.060547,-19.537353515625
57.0625,194.366455078125
57.064453,-73.919677734375
57.066406,-81.77490234375
57.068359,-64.85595703125
57.070312,-210.479736328125
57.072266,-18.12744140625
57.074219,-66.265869140625
57.076172,177.447509765625
57.078125,-43.10302734375
57.080078,89.227294921875
57.082031,-78.55224609375
57.083984,87.615966796875
57.085938,64.05029296875
57.087891,-167.779541015625
57.089844,-145.623779296875
57.091797,-42.901611328125
57.09375,-48.33984375
57.095703,-80.364990234375
57.097656,-74.9267578125
57.099609,-341.802978515625
57.101562,-480.17578125
57.103516,170.39794921875
57.105469,-175.030517578125
57.107422,-47.13134765625
57.109375,-20.54443359375
57.111328,-105.13916015625
57.113281,212.896728515625
57.115234,-27.79541015625
57.117188,311.590576171875
57.119141,243.109130859375
57.121094,-26.18408203125
57.123047,421.76513671875
57.125,-41.290283203125
57.126953,265.264892578125
57.128906,-36.65771484375
57.130859,-170.39794921875
57.132812,-80.56640625
57.134766,99.700927734375
57.136719,-98.69384765625
57.138672,-167.376708984375
57.140625,-307.965087890625
57.142578,485.8154296875
57.144531,426.1962890625
57.146484,161.9384765625
57.148438,-112.79296875
57.150391,-121.051025390625
57.152344,-20.947265625
57.154297,-180.670166015625
57.15625,-550.2685546875
57.158203,-71.7041015625
57.160156,-40.68603515625
57.162109,-40.68603515625
57.164062,-200.006103515625
57.166016,-231.024169921875
57.167969,266.27197265625
57.169922,325.48828125
57.171875,-212.091064453125
57.173828,-140.185546875
57.175781,-200.408935546875
57.177734,6.04248046875
57.179688,70.0927734375
57.181641,-75.531005859375
57.183594,193.560791015625
57.185547,135.552978515625
57.1875,-64.05029296875
57.189453,56.79931640625
57.191406,12.890625
57.193359,-27.392578125
57.195312,-79.7607421875
57.197266,-134.344482421875
57.199219,324.481201171875
57.201172,4.229736328125
57.203125,19.3359375
57.205078,8.660888671875
57.207031,16.314697265625
57.208984,-203.8330078125
57.210938,75.128173828125
57.212891,58.41064453125
57.214844,-188.12255859375
57.216797,111.181640625
57.21875,-166.973876953125
57.220703,29.608154296875
57.222656,130.517578125
57.224609,164.35546875
57.226562,-223.1689453125
57.228516,-74.9267578125
57.230469,-9.063720703125
57.232422,29.00390625
57.234375,-31.4208984375
57.236328,60.223388671875
57.238281,-3.826904296875
57.240234,-17.926025390625
57.242188,-39.4775390625
57.244141,14.703369140625
57.246094,5.438232421875
57.248047,18.5302734375
57.25,-36.859130859375
57.251953,-16.717529296875
57.253906,-26.385498046875
57.255859,-19.134521484375
57.257812,30.615234375
57.259766,8.660888671875
57.261719,1.611328125
57.263672,0.8056640625
57.265625,4.229736328125
57.267578,5.035400390625
57.269531,6.04248046875
57.271484,6.84814453125
57.273438,12.689208984375
57.275391,13.092041015625
57.277344,13.29345703125
57.279297,13.092041015625
57.28125,12.689208984375
57.283203,12.0849609375
57.285156,11.077880859375
57.287109,10.272216796875
57.289062,15.911865234375
57.291016,14.90478515625
57.292969,14.09912109375
57.294922,13.494873046875
57.296875,13.29345703125
57.298828,13.29345703125
57.300781,13.494873046875
57.302734,13.897705078125
57.304688,14.703369140625
57.306641,15.509033203125
57.308594,16.51611328125
57.310547,17.523193359375
57.3125,18.328857421875
57.314453,24.774169921875
57.316406,25.177001953125
57.318359,27.191162109375
57.320312,27.191162109375
57.322266,26.788330078125
57.324219,26.18408203125
57.326172,25.37841796875
57.328125,24.57275390625
57.330078,23.565673828125
57.332031,22.55859375
57.333984,21.7529296875
57.335938,21.148681640625
57.337891,19.3359375
57.339844,19.134521484375
57.341797,19.3359375
57.34375,19.73876953125
57.345703,20.343017578125
57.347656,21.148681640625
57.349609,22.15576171875
57.351562,18.5302734375
57.353516,19.537353515625
57.355469,20.343017578125
57.357422,20.947265625
57.359375,21.148681640625
57.361328,21.35009765625
57.363281,20.947265625
57.365234,20.54443359375
57.367188,19.73876953125
57.369141,12.689208984375
57.371094,4.833984375
57.373047,3.826904296875
57.375,3.021240234375
57.376953,2.215576171875
57.378906,1.812744140625
57.380859,1.611328125
57.382812,1.611328125
57.384766,2.01416015625
57.386719,2.4169921875
57.388672,3.22265625
57.390625,4.229736328125
57.392578,5.23681640625
57.394531,6.04248046875
57.396484,6.84814453125
57.398438,7.65380859375
57.400391,2.01416015625
57.402344,2.215576171875
57.404297,2.01416015625
57.40625,1.611328125
57.408203,1.007080078125
57.410156,0.201416015625
57.412109,-0.8056640625
57.414062,-1.812744140625
57.416016,-2.618408203125
57.417969,-3.424072265625
57.419922,-4.0283203125
57.421875,-4.229736328125
57.423828,-4.43115234375
57.425781,-6.84814453125
57.427734,-6.243896484375
57.429688,-5.6396484375
57.431641,-4.632568359375
57.433594,-3.62548828125
57.435547,-2.81982421875
57.4375,-1.812744140625
57.439453,-1.20849609375
57.441406,-0.604248046875
57.443359,-0.40283203125
57.445312,-0.40283203125
57.447266,3.22265625
57.449219,2.618408203125
57.451172,1.812744140625
57.453125,0.8056640625
57.455078,0.0
57.457031,-1.007080078125
57.458984,-1.812744140625
57.460938,-2.4169921875
57.462891,3.424072265625
57.464844,3.22265625
57.466797,3.424072265625
57.46875,3.826904296875
57.470703,4.43115234375
57.472656,5.23681640625
57.474609,6.243896484375
57.476562,7.2509765625
57.478516,14.90478515625
57.480469,15.71044921875
57.482422,16.314697265625
57.484375,16.51611328125
57.486328,16.51611328125
57.488281,16.314697265625
57.490234,15.911865234375
57.492188,15.106201171875
57.494141,20.1416015625
57.496094,19.3359375
57.498047,18.328857421875
57.5,17.523193359375
57.501953,16.717529296875
57.503906,16.314697265625
57.505859,15.911865234375
57.507812,16.11328125
57.509766,20.947265625
57.511719,21.551513671875
57.513672,22.15576171875
57.515625,23.162841796875
57.517578,24.169921875
57.519531,24.9755859375
57.521484,25.78125
57.523438,26.5869140625
57.525391,26.98974609375
57.527344,26.98974609375
57.529297,26.98974609375
57.53125,26.788330078125
57.533203,26.18408203125
57.535156,25.37841796875
57.537109,24.371337890625
57.539062,23.3642578125
57.541016,22.55859375
57.542969,21.7529296875
57.544922,18.328857421875
57.546875,17.926025390625
57.548828,17.926025390625
57.550781,18.12744140625
57.552734,18.731689453125
57.554688,19.3359375
57.556641,20.343017578125
57.558594,15.3076171875
57.560547,16.11328125
57.5625,17.120361328125
57.564453,17.724609375
57.566406,11.279296875
57.568359,11.480712890625
57.570312,11.480712890625
57.572266,11.077880859375
57.574219,10.4736328125
57.576172,9.66796875
57.578125,8.8623046875
57.580078,7.855224609375
57.582031,6.84814453125
57.583984,6.04248046875
57.585938,5.438232421875
57.587891,5.035400390625
57.589844,4.833984375
57.591797,-1.812744140625
57.59375,-1.409912109375
57.595703,-0.8056640625
57.597656,0.0
57.599609,1.007080078125
57.601562,2.01416015625
57.603516,2.81982421875
57.605469,3.62548828125
57.607422,-0.201416015625
57.609375,0.201416015625
57.611328,0.201416015625
57.613281,0.0
57.615234,-0.604248046875
57.617188,-1.20849609375
57.619141,-2.215576171875
57.621094,-3.021240234375
57.623047,-4.0283203125
57.625,-4.833984375
57.626953,-5.6396484375
57.628906,-6.04248046875
57.630859,-6.4453125
57.632812,-7.2509765625
57.634766,-7.049560546875
57.636719,-4.632568359375
57.638672,-3.826904296875
57.640625,-2.81982421875
57.642578,-2.01416015625
57.644531,-1.007080078125
57.646484,-0.201416015625
57.648438,0.40283203125
57.650391,0.8056640625
57.652344,1.007080078125
57.654297,6.4453125
57.65625,6.04248046875
57.658203,5.438232421875
57.660156,4.632568359375
57.662109,3.62548828125
57.664062,2.618408203125
57.666016,1.812744140625
57.667969,1.007080078125
57.669922,7.049560546875
57.671875,6.646728515625
57.673828,6.646728515625
57.675781,6.84814453125
57.677734,7.2509765625
57.679688,8.056640625
57.681641,8.8623046875
57.683594,9.869384765625
57.685547,10.87646484375
57.6875,18.731689453125
57.689453,19.3359375
57.691406,19.940185546875
57.693359,20.1416015625
57.695312,20.1416015625
57.697266,19.73876953125
57.699219,19.134521484375
57.701172,22.96142578125
57.703125,22.15576171875
57.705078,21.148681640625
57.707031,20.1416015625
57.708984,19.3359375
57.710938,18.731689453125
57.712891,18.328857421875
57.714844,18.12744140625
57.716797,21.148681640625
57.71875,21.551513671875
57.720703,22.15576171875
57.722656,22.96142578125
57.724609,23.968505859375
57.726562,24.9755859375
57.728516,25.78125
57.730469,26.5869140625
57.732422,27.191162109375
57.734375,27.593994140625
57.736328,27.593994140625
57.738281,27.392578125
57.740234,26.788330078125
57.742188,26.18408203125
57.744141,25.177001953125
57.746094,18.5302734375
57.748047,17.724609375
57.75,16.717529296875
57.751953,16.11328125
57.753906,15.509033203125
57.755859,15.3076171875
57.757812,15.3076171875
57.759766,15.71044921875
57.761719,9.26513671875
57.763672,10.07080078125
57.765625,10.87646484375
57.767578,11.883544921875
57.769531,12.890625
57.771484,13.6962890625
57.773438,14.300537109375
57.775391,14.703369140625
57.777344,14.90478515625
57.779297,14.703369140625
57.78125,14.300537109375
57.783203,7.049560546875
57.785156,6.243896484375
57.787109,5.23681640625
57.789062,4.229736328125
57.791016,3.424072265625
57.792969,2.618408203125
57.794922,2.01416015625
57.796875,1.611328125
57.798828,-2.81982421875
57.800781,-2.4169921875
57.802734,-2.01416015625
57.804688,-1.20849609375
57.806641,-0.40283203125
57.808594,0.604248046875
57.810547,1.409912109375
57.8125,5.438232421875
57.814453,-4.632568359375
57.816406,-0.40283203125
57.818359,5.23681640625
57.820312,2.01416015625
57.822266,5.841064453125
57.824219,0.201416015625
57.826172,10.675048828125
57.828125,9.063720703125
57.830078,4.632568359375
57.832031,-25.982666015625
57.833984,-23.162841796875
57.835938,18.731689453125
57.837891,-7.2509765625
57.839844,3.62548828125
57.841797,-25.982666015625
57.84375,-15.3076171875
57.845703,-32.427978515625
57.847656,-18.731689453125
57.849609,8.056640625
57.851562,15.106201171875
57.853516,0.8056640625
57.855469,-37.664794921875
57.857422,-30.413818359375
57.859375,27.996826171875
57.861328,20.343017578125
57.863281,25.579833984375
57.865234,22.96142578125
57.867188,14.300537109375
57.869141,14.90478515625
57.871094,-38.470458984375
57.873047,9.466552734375
57.875,8.660888671875
57.876953,35.650634765625
57.878906,12.48779296875
57.880859,-8.660888671875
57.882812,20.745849609375
57.884766,-3.62548828125
57.886719,7.855224609375
57.888672,-1.812744140625
57.890625,5.841064453125
57.892578,30.615234375
57.894531,23.162841796875
57.896484,-17.523193359375
57.898438,98.089599609375
57.900391,76.13525390625
57.902344,-0.8056640625
57.904297,15.71044921875
57.90625,13.494873046875
57.908203,19.134521484375
57.910156,55.99365234375
57.912109,53.9794921875
57.914062,35.85205078125
57.916016,19.134521484375
57.917969,53.375244140625
57.919922,84.19189453125
57.921875,51.5625
57.923828,40.887451171875
57.925781,13.092041015625
57.927734,-15.509033203125
57.929688,10.272216796875
57.931641,6.646728515625
57.933594,7.855224609375
57.935547,60.223388671875
57.9375,83.587646484375
57.939453,-46.527099609375
57.941406,10.87646484375
57.943359,53.57666015625
57.945312,9.466552734375
57.947266,27.79541015625
57.949219,12.0849609375
57.951172,-48.138427734375
57.953125,10.272216796875
57.955078,-59.21630859375
57.957031,-39.678955078125
57.958984,18.731689453125
57.960938,28.399658203125
57.962891,20.745849609375
57.964844,7.452392578125
57.966797,9.063720703125
57.96875,-7.855224609375
57.970703,-108.36181640625
57.972656,12.689208984375
57.974609,93.658447265625
57.976562,86.004638671875
57.978516,36.65771484375
57.980469,16.51611328125
57.982422,26.98974609375
57.984375,25.982666015625
57.986328,-11.279296875
57.988281,-25.37841796875
57.990234,-13.29345703125
57.992188,-54.180908203125
57.994141,3.021240234375
57.996094,-41.693115234375
57.998047,64.85595703125
58.0,4.833984375
58.001953,-102.520751953125
58.003906,1.007080078125
58.005859,74.52392578125
58.007812,-20.343017578125
58.009766,-7.452392578125
58.011719,-50.7568359375
58.013672,42.498779296875
58.015625,85.400390625
58.017578,-6.243896484375
58.019531,-4.0283203125
58.021484,52.972412109375
58.023438,74.52392578125
58.025391,45.1171875
58.027344,-30.21240234375
58.029297,-54.38232421875
58.03125,-1.409912109375
58.033203,-72.10693359375
58.035156,161.9384765625
58.037109,-0.604248046875
58.039062,-0.40283203125
58.041016,-7.452392578125
58.042969,-13.6962890625
58.044922,12.0849609375
58.046875,-12.286376953125
58.048828,0.8056640625
58.050781,-9.063720703125
58.052734,-58.209228515625
58.054688,43.707275390625
58.056641,-61.63330078125
58.058594,43.707275390625
58.060547,50.7568359375
58.0625,-20.1416015625
58.064453,17.32177734375
58.066406,-11.279296875
58.068359,62.43896484375
58.070312,30.21240234375
58.072266,57.60498046875
58.074219,57.2021484375
58.076172,-107.354736328125
58.078125,-65.66162109375
58.080078,-442.71240234375
58.082031,-115.008544921875
58.083984,115.411376953125
58.085938,100.103759765625
58.087891,116.8212890625
58.089844,24.57275390625
58.091797,-104.736328125
58.09375,-324.884033203125
58.095703,180.267333984375
58.097656,197.991943359375
58.099609,82.9833984375
58.101562,-165.966796875
58.103516,117.828369140625
58.105469,159.521484375
58.107422,-62.237548828125
58.109375,-127.69775390625
58.111328,-82.177734375
58.113281,186.309814453125
58.115234,-223.773193359375
58.117188,-40.887451171875
58.119141,-35.44921875
58.121094,357.110595703125
58.123047,-6.4453125
58.125,-31.4208984375
58.126953,13.6962890625
58.128906,0.0
58.130859,53.57666015625
58.132812,-26.5869140625
58.134766,61.63330078125
58.136719,264.056396484375
58.138672,67.877197265625
58.140625,-40.68603515625
58.142578,-146.832275390625
58.144531,15.911865234375
58.146484,82.781982421875
58.148438,85.601806640625
58.150391,-18.5302734375
58.152344,108.7646484375
58.154297,65.057373046875
58.15625,-53.9794921875
58.158203,133.538818359375
58.160156,171.6064453125
58.162109,38.671875
58.164062,-188.726806640625
58.166016,68.07861328125
58.167969,21.954345703125
58.169922,-206.048583984375
58.171875,-22.15576171875
58.173828,28.1982421875
58.175781,162.34130859375
58.177734,20.54443359375
58.179688,-73.71826171875
58.181641,-75.531005859375
58.183594,198.797607421875
58.185547,-101.312255859375
58.1875,20.745849609375
58.189453,57.60498046875
58.191406,-16.717529296875
58.193359,-19.3359375
58.195312,57.403564453125
58.197266,27.191162109375
58.199219,-24.9755859375
58.201172,-87.615966796875
58.203125,-37.060546875
58.205078,-37.8662109375
58.207031,-17.926025390625
58.208984,33.43505859375
58.210938,86.004638671875
58.212891,-12.286376953125
58.214844,-9.466552734375
58.216797,-58.209228515625
58.21875,-36.456298828125
58.220703,29.8095703125
58.222656,66.668701171875
58.224609,76.94091796875
58.226562,-76.336669921875
58.228516,12.48779296875
58.230469,-144.2138671875
58.232422,49.54833984375
58.234375,-94.464111328125
58.236328,-14.703369140625
58.238281,-40.283203125
58.240234,-102.3193359375
58.242188,-27.79541015625
58.244141,-45.52001953125
58.246094,20.54443359375
58.248047,-32.025146484375
58.25,23.162841796875
58.251953,-37.46337890625
58.253906,55.18798828125
58.255859,-148.846435546875
58.257812,-15.911865234375
58.259766,18.328857421875
58.261719,16.51611328125
58.263672,101.715087890625
58.265625,-65.057373046875
58.267578,-73.516845703125
58.269531,34.442138671875
58.271484,81.3720703125
58.273438,-1.409912109375
58.275391,48.541259765625
58.277344,51.96533203125
58.279297,-23.565673828125
58.28125,112.994384765625
58.283203,89.630126953125
58.285156,-4.632568359375
58.287109,-69.085693359375
58.289062,21.551513671875
58.291016,3.22265625
58.292969,-83.7890625
58.294922,-64.85595703125
58.296875,101.312255859375
58.298828,93.05419921875
58.300781,26.98974609375
58.302734,84.796142578125
58.304688,-68.682861328125
58.306641,-14.09912109375
58.308594,36.859130859375
58.310547,23.565673828125
58.3125,-46.124267578125
58.314453,50.555419921875
58.316406,14.300537109375
58.318359,-78.55224609375
58.320312,-96.478271484375
58.322266,16.314697265625
58.324219,-35.650634765625
58.326172,35.247802734375
58.328125,22.55859375
58.330078,13.092041015625
58.332031,-125.68359375
58.333984,48.33984375
58.335938,122.86376953125
58.337891,120.0439453125
58.339844,-91.845703125
58.341797,-59.820556640625
58.34375,33.233642578125
58.345703,121.6552734375
58.347656,14.09912109375
58.349609,10.87646484375
58.351562,37.060546875
58.353516,21.551513671875
58.355469,7.65380859375
58.357422,16.314697265625
58.359375,33.43505859375
58.361328,30.010986328125
58.363281,18.731689453125
58.365234,32.62939453125
58.367188,28.1982421875
58.369141,28.60107421875
58.371094,13.897705078125
58.373047,56.79931640625
58.375,154.486083984375
58.376953,25.579833984375
58.378906,-77.947998046875
58.380859,54.78515625
58.382812,-0.8056640625
58.384766,108.966064453125
58.386719,136.761474609375
58.388672,-270.501708984375
58.390625,-133.740234375
58.392578,-34.844970703125
58.394531,-412.09716796875
58.396484,343.414306640625
58.398438,-1.611328125
58.400391,10.87646484375
58.402344,-144.012451171875
58.404297,-257.208251953125
58.40625,-325.89111328125
58.408203,-49.1455078125
58.410156,7.452392578125
58.412109,66.668701171875
58.414062,165.765380859375
58.416016,-220.550537109375
58.417969,-211.083984375
58.419922,-31.219482421875
58.421875,183.087158203125
58.423828,-12.0849609375
58.425781,-53.778076171875
58.427734,247.74169921875
58.429688,30.615234375
58.431641,68.4814453125
58.433594,-416.729736328125
58.435547,301.922607421875
58.4375,344.82421875
58.439453,-521.2646484375
58.441406,398.8037109375
58.443359,183.69140625
58.445312,113.5986328125
58.447266,288.629150390625
58.449219,201.01318359375
58.451172,-29.608154296875
58.453125,291.046142578125
58.455078,2.215576171875
58.457031,-85.198974609375
58.458984,-327.099609375
58.460938,17.724609375
58.462891,-77.545166015625
58.464844,-117.425537109375
58.466797,93.658447265625
58.46875,284.80224609375
58.470703,-128.704833984375
58.472656,-140.386962890625
58.474609,-200.006103515625
58.476562,408.87451171875
58.478516,-277.55126953125
58.480469,-53.9794921875
58.482422,-5.035400390625
58.484375,200.811767578125
58.486328,18.5302734375
58.488281,328.509521484375
58.490234,42.29736328125
58.492188,-169.793701171875
58.494141,-329.11376953125
58.496094,250.96435546875
58.498047,215.716552734375
58.5,226.995849609375
58.501953,-123.870849609375
58.503906,-163.95263671875
58.505859,-30.010986328125
58.507812,47.5341796875
58.509766,1.611328125
58.511719,122.662353515625
58.513672,-106.34765625
58.515625,-93.05419921875
58.517578,-7.452392578125
58.519531,-186.309814453125
58.521484,47.735595703125
58.523438,255.194091796875
58.525391,46.728515625
58.527344,-64.251708984375
58.529297,-24.371337890625
58.53125,-118.83544921875
58.533203,62.43896484375
58.535156,-110.577392578125
58.537109,-20.745849609375
58.539062,209.87548828125
58.541016,-1.20849609375
58.542969,-57.2021484375
58.544922,20.1416015625
58.546875,-116.8212890625
58.548828,16.51611328125
58.550781,-5.23681640625
58.552734,182.080078125
58.554688,-268.68896484375
58.556641,20.54443359375
58.558594,137.36572265625
58.560547,97.283935546875
58.5625,-80.56640625
58.564453,30.413818359375
58.566406,173.016357421875
58.568359,-55.99365234375
58.570312,-110.77880859375
58.572266,12.890625
58.574219,5.6396484375
58.576172,1.20849609375
58.578125,9.869384765625
58.580078,14.501953125
58.582031,-22.357177734375
58.583984,2.01416015625
58.585938,-21.35009765625
58.587891,-8.8623046875
58.589844,-2.4169921875
58.591797,-31.622314453125
58.59375,-1.409912109375
58.595703,109.5703125
58.597656,44.3115234375
58.599609,-7.855224609375
58.601562,47.93701171875
58.603516,72.711181640625
58.605469,72.91259765625
58.607422,96.27685546875
58.609375,-93.45703125
58.611328,111.9873046875
58.613281,55.18798828125
58.615234,93.255615234375
58.617188,-94.464111328125
58.619141,116.217041015625
58.621094,-58.209228515625
58.623047,-195.7763671875
58.625,89.83154296875
58.626953,-107.958984375
58.628906,72.308349609375
58.630859,-53.9794921875
58.632812,83.38623046875
58.634766,230.419921875
58.636719,-112.188720703125
58.638672,173.016357421875
58.640625,-142.6025390625
58.642578,-241.497802734375
58.644531,14.90478515625
58.646484,-37.46337890625
58.648438,-20.54443359375
58.650391,-252.1728515625
58.652344,51.361083984375
58.654297,2.4169921875
58.65625,158.514404296875
58.658203,-361.7431640625
58.660156,63.24462890625
58.662109,10.87646484375
58.664062,-458.82568359375
58.666016,338.37890625
58.667969,100.7080078125
58.669922,-100.909423828125
58.671875,257.8125
58.673828,53.57666015625
58.675781,88.623046875
58.677734,151.46484375
58.679688,-301.922607421875
58.681641,-197.991943359375
58.683594,-265.46630859375
58.685547,-115.2099609375
58.6875,231.024169921875
58.689453,57.000732421875
58.691406,-205.4443359375
58.693359,-223.370361328125
58.695312,578.668212890625
58.697266,117.828369140625
58.699219,169.189453125
58.701172,245.32470703125
58.703125,244.720458984375
58.705078,-252.978515625
58.707031,128.1005859375
58.708984,262.042236328125
58.710938,-180.267333984375
58.712891,-251.165771484375
58.714844,254.791259765625
58.716797,-141.998291015625
58.71875,-95.47119140625
58.720703,53.778076171875
58.722656,-127.294921875
58.724609,292.85888671875
58.726562,46.124267578125
58.728516,56.195068359375
58.730469,228.40576171875
58.732422,232.8369140625
58.734375,-16.314697265625
58.736328,-62.0361328125
58.738281,-42.498779296875
58.740234,1.20849609375
58.742188,196.58203125
58.744141,51.15966796875
58.746094,-79.156494140625
58.748047,-6.04248046875
58.75,-146.630859375
58.751953,155.4931640625
58.753906,-37.664794921875
58.755859,196.17919921875
58.757812,100.30517578125
58.759766,11.480712890625
58.761719,1.611328125
58.763672,12.0849609375
58.765625,-7.049560546875
58.767578,170.599365234375
58.769531,-41.89453125
58.771484,40.484619140625
58.773438,-10.4736328125
58.775391,150.054931640625
58.777344,-31.01806640625
58.779297,-9.063720703125
58.78125,-9.869384765625
58.783203,-1.611328125
58.785156,-25.177001953125
58.787109,91.845703125
58.789062,29.205322265625
58.791016,16.314697265625
58.792969,-24.57275390625
58.794922,-36.2548828125
58.796875,0.40283203125
58.798828,-26.788330078125
58.800781,-5.6396484375
58.802734,4.43115234375
58.804688,-1.20849609375
58.806641,-4.229736328125
58.808594,-3.22265625
58.810547,-2.215576171875
58.8125,-1.409912109375
58.814453,-0.604248046875
58.816406,-0.201416015625
58.818359,0.201416015625
58.820312,0.0
58.822266,-0.201416015625
58.824219,-1.409912109375
58.826172,-2.215576171875
58.828125,-3.22265625
58.830078,-4.229736328125
58.832031,-5.035400390625
58.833984,-5.841064453125
58.835938,-6.646728515625
58.837891,-7.049560546875
58.839844,-7.049560546875
58.841797,-7.049560546875
58.84375,-6.646728515625
58.845703,-5.841064453125
58.847656,-3.22265625
58.849609,-2.4169921875
58.851562,-1.409912109375
58.853516,-0.40283203125
58.855469,5.23681640625
58.857422,5.6396484375
58.859375,6.04248046875
58.861328,6.04248046875
58.863281,5.841064453125
58.865234,5.438232421875
58.867188,4.632568359375
58.869141,3.826904296875
58.871094,9.869384765625
58.873047,8.8623046875
58.875,8.056640625
58.876953,7.2509765625
58.878906,6.84814453125
58.880859,6.646728515625
58.882812,6.646728515625
58.884766,7.049560546875
58.886719,14.703369140625
58.888672,15.509033203125
58.890625,16.314697265625
58.892578,17.32177734375
58.894531,18.328857421875
58.896484,19.134521484375
58.898438,19.73876953125
58.900391,20.1416015625
58.902344,24.774169921875
58.904297,24.57275390625
58.90625,24.169921875
58.908203,23.565673828125
58.910156,22.760009765625
58.912109,21.7529296875
58.914062,20.745849609375
58.916016,19.940185546875
58.917969,19.134521484375
58.919922,20.343017578125
58.921875,20.1416015625
58.923828,20.1416015625
58.925781,20.343017578125
58.927734,20.745849609375
58.929688,21.551513671875
58.931641,22.357177734375
58.933594,22.760009765625
58.935547,23.565673828125
58.9375,24.57275390625
58.939453,25.177001953125
58.941406,25.78125
58.943359,25.982666015625
58.945312,25.982666015625
58.947266,25.579833984375
58.949219,24.9755859375
58.951172,24.169921875
58.953125,23.3642578125
58.955078,22.357177734375
58.957031,21.35009765625
58.958984,20.54443359375
58.960938,19.940185546875
58.962891,8.660888671875
58.964844,8.45947265625
58.966797,8.660888671875
58.96875,9.063720703125
58.970703,9.66796875
58.972656,10.4736328125
58.974609,11.480712890625
58.976562,12.48779296875
58.978516,13.29345703125
58.980469,14.09912109375
58.982422,7.855224609375
58.984375,8.056640625
58.986328,8.258056640625
58.988281,7.855224609375
58.990234,7.452392578125
58.992188,6.646728515625
58.994141,5.841064453125
58.996094,4.833984375
58.998047,-1.611328125
59.0,-2.618408203125
59.001953,-3.22265625
59.003906,-3.826904296875
59.005859,-4.0283203125
59.007812,-4.0283203125
59.009766,-3.62548828125
59.011719,-3.021240234375
59.013672,-2.215576171875
59.015625,-4.229736328125
59.017578,-3.22265625
59.019531,-2.4169921875
59.021484,-1.409912109375
59.023438,-0.8056640625
59.025391,-0.40283203125
59.027344,-0.201416015625
59.029297,-0.40283203125
59.03125,-1.007080078125
59.033203,-1.611328125
59.035156,-2.4169921875
59.037109,-3.424072265625
59.039062,-4.229736328125
59.041016,-5.23681640625
59.042969,-6.04248046875
59.044922,-6.646728515625
59.046875,-3.021240234375
59.048828,-3.021240234375
59.050781,-2.81982421875
59.052734,-2.215576171875
59.054688,-1.611328125
59.056641,-0.604248046875
59.058594,0.201416015625
59.060547,1.20849609375
59.0625,2.01416015625
59.064453,2.81982421875
59.066406,3.424072265625
59.068359,9.66796875
59.070312,9.66796875
59.072266,9.26513671875
59.074219,8.660888671875
59.076172,14.90478515625
59.078125,13.897705078125
59.080078,12.890625
59.082031,12.0849609375
59.083984,11.279296875
59.085938,10.4736328125
59.087891,10.07080078125
59.089844,10.07080078125
59.091797,10.07080078125
59.09375,15.71044921875
59.095703,17.724609375
59.097656,18.5302734375
59.099609,19.537353515625
59.101562,20.54443359375
59.103516,21.35009765625
59.105469,22.15576171875
59.107422,22.760009765625
59.109375,26.18408203125
59.111328,26.18408203125
59.113281,25.982666015625
59.115234,25.37841796875
59.117188,24.774169921875
59.119141,23.76708984375
59.121094,22.760009765625
59.123047,21.954345703125
59.125,21.7529296875
59.126953,20.947265625
59.128906,18.5302734375
59.130859,18.12744140625
59.132812,18.328857421875
59.134766,18.5302734375
59.136719,19.134521484375
59.138672,19.940185546875
59.140625,20.745849609375
59.142578,21.7529296875
59.144531,22.760009765625
59.146484,23.565673828125
59.148438,24.169921875
59.150391,24.57275390625
59.152344,24.774169921875
59.154297,24.57275390625
59.15625,24.169921875
59.158203,18.5302734375
59.160156,17.724609375
59.162109,16.717529296875
59.164062,15.71044921875
59.166016,14.90478515625
59.167969,14.09912109375
59.169922,13.494873046875
59.171875,13.092041015625
59.173828,13.092041015625
59.175781,13.29345703125
59.177734,13.897705078125
59.179688,14.501953125
59.181641,15.509033203125
59.183594,16.314697265625
59.185547,4.229736328125
59.1875,5.035400390625
59.189453,5.841064453125
59.191406,6.243896484375
59.193359,6.4453125
59.195312,6.4453125
59.197266,6.243896484375
59.199219,5.6396484375
59.201172,4.833984375
59.203125,-1.611328125
59.205078,-2.618408203125
59.207031,-3.424072265625
59.208984,-4.43115234375
59.210938,-5.035400390625
59.212891,-5.438232421875
59.214844,-5.438232421875
59.216797,-5.438232421875
59.21875,-7.452392578125
59.220703,-6.84814453125
59.222656,-6.04248046875
59.224609,-5.035400390625
59.226562,-4.229736328125
59.228516,-3.22265625
59.230469,-2.4169921875
59.232422,-1.812744140625
59.234375,0.8056640625
59.236328,0.8056640625
59.238281,0.604248046875
59.240234,0.0
59.242188,-0.604248046875
59.244141,-1.611328125
59.246094,-2.4169921875
59.248047,-3.424072265625
59.25,-4.43115234375
59.251953,-0.8056640625
59.253906,-1.20849609375
59.255859,-1.409912109375
59.257812,-1.409912109375
59.259766,-1.20849609375
59.261719,-0.604248046875
59.263672,0.201416015625
59.265625,1.20849609375
59.267578,8.45947265625
59.269531,9.466552734375
59.271484,10.272216796875
59.273438,10.87646484375
59.275391,11.279296875
59.277344,11.480712890625
59.279297,11.279296875
59.28125,10.87646484375
59.283203,10.272216796875
59.285156,9.466552734375
59.287109,8.45947265625
59.289062,7.452392578125
59.291016,10.07080078125
59.292969,12.890625
59.294922,12.286376953125
59.296875,11.883544921875
59.298828,17.724609375
59.300781,17.926025390625
59.302734,18.328857421875
59.304688,19.134521484375
59.306641,19.940185546875
59.308594,20.947265625
59.310547,21.954345703125
59.3125,22.760009765625
59.314453,23.565673828125
59.316406,26.5869140625
59.318359,26.788330078125
59.320312,26.788330078125
59.322266,26.385498046875
59.324219,25.37841796875
59.326172,24.57275390625
59.328125,23.76708984375
59.330078,22.760009765625
59.332031,21.7529296875
59.333984,20.947265625
59.335938,20.343017578125
59.337891,19.940185546875
59.339844,19.73876953125
59.341797,19.940185546875
59.34375,20.343017578125
59.345703,20.947265625
59.347656,21.7529296875
59.349609,19.134521484375
59.351562,19.940185546875
59.353516,20.947265625
59.355469,21.7529296875
59.357422,22.357177734375
59.359375,22.55859375
59.361328,22.55859375
59.363281,18.328857421875
59.365234,16.11328125
59.367188,15.509033203125
59.369141,14.501953125
59.371094,13.494873046875
59.373047,12.689208984375
59.375,11.68212890625
59.376953,11.077880859375
59.378906,10.4736328125
59.380859,3.22265625
59.382812,3.22265625
59.384766,3.62548828125
59.386719,4.229736328125
59.388672,5.035400390625
59.390625,5.841064453125
59.392578,6.84814453125
59.394531,7.855224609375
59.396484,8.660888671875
59.398438,9.26513671875
59.400391,9.66796875
59.402344,9.869384765625
59.404297,9.66796875
59.40625,9.26513671875
59.408203,-1.611328125
59.410156,-2.4169921875
59.412109,-3.424072265625
59.414062,-4.43115234375
59.416016,-5.23681640625
59.417969,-6.04248046875
59.419922,-6.646728515625
59.421875,-6.84814453125
59.423828,-7.049560546875
59.425781,-6.84814453125
59.427734,-6.4453125
59.429688,-5.841064453125
59.431641,-4.833984375
59.433594,-4.0283203125
59.435547,-3.021240234375
59.4375,-2.215576171875
59.439453,-1.409912109375
59.441406,2.215576171875
59.443359,2.4169921875
59.445312,2.4169921875
59.447266,2.01416015625
59.449219,1.611328125
59.451172,0.8056640625
59.453125,-0.201416015625
59.455078,-1.20849609375
59.457031,3.62548828125
59.458984,2.81982421875
59.460938,2.01416015625
59.462891,1.611328125
59.464844,1.611328125
59.466797,1.611328125
59.46875,2.01416015625
59.470703,2.81982421875
59.472656,10.4736328125
59.474609,11.279296875
59.476562,12.286376953125
59.478516,13.29345703125
59.480469,14.09912109375
59.482422,14.501953125
59.484375,14.90478515625
59.486328,14.90478515625
59.488281,21.148681640625
59.490234,20.54443359375
59.492188,19.940185546875
59.494141,18.93310546875
59.496094,18.12744140625
59.498047,17.120361328125
59.5,16.11328125
59.501953,15.509033203125
59.503906,14.90478515625
59.505859,18.328857421875
59.507812,18.328857421875
59.509766,18.731689453125
59.511719,19.3359375
59.513672,19.940185546875
59.515625,20.947265625
59.517578,21.954345703125
59.519531,24.57275390625
59.521484,25.579833984375
59.523438,26.18408203125
59.525391,26.5869140625
59.527344,26.788330078125
59.529297,26.5869140625
59.53125,26.18408203125
59.533203,25.579833984375
59.535156,24.57275390625
59.537109,22.96142578125
59.539062,21.954345703125
59.541016,20.947265625
59.542969,20.343017578125
59.544922,19.73876953125
59.546875,19.3359375
59.548828,19.3359375
59.550781,19.537353515625
59.552734,14.300537109375
59.554688,15.106201171875
59.556641,15.911865234375
59.558594,16.9189453125
59.560547,17.926025390625
59.5625,18.731689453125
59.564453,19.537353515625
59.566406,19.940185546875
59.568359,20.1416015625
59.570312,13.092041015625
59.572266,12.890625
59.574219,12.286376953125
59.576172,11.480712890625
59.578125,10.4736328125
59.580078,9.66796875
59.582031,8.660888671875
59.583984,7.855224609375
59.585938,2.215576171875
59.587891,1.611328125
59.589844,1.611328125
59.591797,1.611328125
59.59375,2.215576171875
59.595703,2.81982421875
59.597656,3.62548828125
59.599609,-1.20849609375
59.601562,-0.201416015625
59.603516,0.604248046875
59.605469,1.409912109375
59.607422,2.01416015625
59.609375,2.4169921875
59.611328,2.4169921875
59.613281,2.215576171875
59.615234,1.611328125
59.617188,1.007080078125
59.619141,0.201416015625
59.621094,-0.8056640625
59.623047,-1.812744140625
59.625,-6.243896484375
59.626953,-7.049560546875
59.628906,-7.452392578125
59.630859,-7.2509765625
59.632812,-6.04248046875
59.634766,-5.6396484375
59.636719,-5.23681640625
59.638672,-4.43115234375
59.640625,-3.424072265625
59.642578,-2.4169921875
59.644531,-1.611328125
59.646484,-0.8056640625
59.648438,0.0
59.650391,3.22265625
59.652344,3.424072265625
59.654297,3.22265625
59.65625,2.81982421875
59.658203,2.215576171875
59.660156,1.20849609375
59.662109,0.40283203125
59.664062,5.841064453125
59.666016,5.035400390625
59.667969,4.229736328125
59.669922,3.62548828125
59.671875,3.22265625
59.673828,3.22265625
59.675781,3.424072265625
59.677734,4.0283203125
59.679688,11.68212890625
59.681641,12.689208984375
59.683594,13.494873046875
59.685547,14.501953125
59.6875,15.509033203125
59.689453,16.11328125
59.691406,16.717529296875
59.693359,16.9189453125
59.695312,16.9189453125
59.697266,22.357177734375
59.699219,21.7529296875
59.701172,20.947265625
59.703125,20.1416015625
59.705078,19.134521484375
59.707031,18.12744140625
59.708984,17.32177734375
59.710938,16.717529296875
59.712891,20.745849609375
59.714844,21.148681640625
59.716797,21.35009765625
59.71875,21.7529296875
59.720703,22.357177734375
59.722656,23.162841796875
59.724609,24.169921875
59.726562,25.177001953125
59.728516,25.982666015625
59.730469,26.788330078125
59.732422,27.392578125
59.734375,27.79541015625
59.736328,27.79541015625
59.738281,27.593994140625
59.740234,26.98974609375
59.742188,26.385498046875
59.744141,21.551513671875
59.746094,20.54443359375
59.748047,19.537353515625
59.75,18.731689453125
59.751953,17.926025390625
59.753906,17.523193359375
59.755859,17.32177734375
59.757812,12.0849609375
59.759766,12.286376953125
59.761719,12.890625
59.763672,13.6962890625
59.765625,14.703369140625
59.767578,15.71044921875
59.769531,16.51611328125
59.771484,17.32177734375
59.773438,18.12744140625
59.775391,11.279296875
59.777344,11.480712890625
59.779297,11.279296875
59.78125,10.87646484375
59.783203,10.272216796875
59.785156,9.26513671875
59.787109,8.45947265625
59.789062,7.452392578125
59.791016,0.201416015625
59.792969,-0.604248046875
59.794922,-1.20849609375
59.796875,-1.409912109375
59.798828,-1.611328125
59.800781,-1.409912109375
59.802734,-0.8056640625
59.804688,-4.43115234375
59.806641,-3.62548828125
59.808594,-2.618408203125
59.810547,-1.611328125
59.8125,-0.8056640625
59.814453,0.0
59.816406,0.40283203125
59.818359,0.604248046875
59.820312,-1.20849609375
59.822266,-1.409912109375
59.824219,-2.01416015625
59.826172,-2.81982421875
59.828125,-3.62548828125
59.830078,-4.632568359375
59.832031,-5.6396484375
59.833984,-6.4453125
59.835938,-7.049560546875
59.837891,-7.452392578125
59.839844,-7.65380859375
59.841797,-7.452392578125
59.84375,-7.049560546875
59.845703,-6.4453125
59.847656,-2.618408203125
59.849609,-1.812744140625
59.851562,3.62548828125
59.853516,4.632568359375
59.855469,5.438232421875
59.857422,6.04248046875
59.859375,6.243896484375
59.861328,6.4453125
59.863281,6.04248046875
59.865234,5.6396484375
59.867188,4.833984375
59.869141,4.0283203125
59.871094,9.869384765625
59.873047,8.8623046875
59.875,8.056640625
59.876953,7.2509765625
59.878906,6.84814453125
59.880859,6.646728515625
59.882812,6.646728515625
59.884766,7.049560546875
59.886719,14.09912109375
59.888672,14.90478515625
59.890625,15.71044921875
59.892578,16.717529296875
59.894531,17.724609375
59.896484,18.5302734375
59.898438,19.134521484375
59.900391,19.537353515625
59.902344,25.579833984375
59.904297,25.579833984375
59.90625,25.177001953125
59.908203,24.371337890625
59.910156,27.191162109375
59.912109,32.62939453125
59.914062,21.551513671875
59.916016,13.494873046875
59.917969,21.954345703125
59.919922,15.71044921875
59.921875,22.760009765625
59.923828,12.48779296875
59.925781,18.5302734375
59.927734,8.258056640625
59.929688,33.43505859375
59.931641,26.98974609375
59.933594,30.816650390625
59.935547,58.41064453125
59.9375,4.833984375
59.939453,48.944091796875
59.941406,-21.954345703125
59.943359,-1.409912109375
59.945312,-33.233642578125
59.947266,50.555419921875
59.949219,0.40283203125
59.951172,81.976318359375
59.953125,44.110107421875
59.955078,64.85595703125
59.957031,25.982666015625
59.958984,30.010986328125
59.960938,14.300537109375
59.962891,126.4892578125
59.964844,191.748046875
59.966797,43.90869140625
59.96875,-5.6396484375
59.970703,46.527099609375
59.972656,-73.919677734375
59.974609,169.189453125
59.976562,-12.48779296875
59.978516,-13.494873046875
59.980469,-60.223388671875
59.982422,55.792236328125
59.984375,142.6025390625
59.986328,-1.409912109375
59.988281,-8.056640625
59.990234,135.75439453125
59.992188,-32.427978515625
59.994141,-64.05029296875
59.996094,13.494873046875
59.998047,18.328857421875
60.0,147.235107421875
60.001953,-111.58447265625
60.003906,-67.474365234375
60.005859,28.802490234375
60.007812,-175.433349609375
60.009766,68.07861328125
60.011719,-110.980224609375
60.013672,-124.273681640625
60.015625,-209.87548828125
60.017578,-242.5048828125
60.019531,63.24462890625
60.021484,-10.87646484375
60.023438,105.94482421875
60.025391,253.7841796875
60.027344,-32.62939453125
60.029297,-178.45458984375
60.03125,-13.897705078125
60.033203,-143.00537109375
60.035156,18.5302734375
60.037109,-39.4775390625
60.039062,-137.7685546875
60.041016,-51.361083984375
60.042969,114.00146484375
60.044922,182.281494140625
60.046875,229.21142578125
60.048828,-187.7197265625
60.050781,-54.583740234375
60.052734,130.92041015625
60.054688,-252.1728515625
60.056641,52.972412109375
60.058594,40.887451171875
60.060547,148.443603515625
60.0625,148.443603515625
60.064453,-78.350830078125
60.066406,-179.864501953125
60.068359,-132.733154296875
60.070312,32.830810546875
60.072266,262.445068359375
60.074219,15.71044921875
60.076172,16.11328125
60.078125,19.73876953125
60.080078,13.897705078125
60.082031,-21.551513671875
60.083984,0.8056640625
60.085938,12.890625
60.087891,56.79931640625
60.089844,36.65771484375
60.091797,-101.513671875
60.09375,53.375244140625
60.095703,-59.21630859375
60.097656,-23.162841796875
60.099609,-49.346923828125
60.101562,-6.04248046875
60.103516,168.3837890625
60.105469,-71.502685546875
60.107422,-81.976318359375
60.109375,-72.91259765625
60.111328,5.438232421875
60.113281,-20.947265625
60.115234,31.622314453125
60.117188,-22.760009765625
60.119141,70.49560546875
60.121094,-114.605712890625
60.123047,-58.41064453125
60.125,344.0185546875
60.126953,54.986572265625
60.128906,179.26025390625
60.130859,235.65673828125
60.132812,145.01953125
60.134766,-67.877197265625
60.136719,96.6796875
60.138672,126.08642578125
60.140625,68.07861328125
60.142578,122.4609375
60.144531,-4.632568359375
60.146484,153.277587890625
60.148438,80.364990234375
60.150391,52.3681640625
60.152344,-10.07080078125
60.154297,67.67578125
60.15625,42.7001953125
60.158203,-8.660888671875
60.160156,75.128173828125
60.162109,17.120361328125
60.164062,-5.6396484375
60.166016,-6.243896484375
60.167969,32.2265625
60.169922,-7.2509765625
60.171875,-1.007080078125
60.173828,12.286376953125
60.175781,11.883544921875
60.177734,12.48779296875
60.179688,9.869384765625
60.181641,7.2509765625
60.183594,8.056640625
60.185547,9.063720703125
60.1875,9.869384765625
60.189453,0.8056640625
60.191406,17.523193359375
60.193359,25.37841796875
60.195312,7.452392578125
60.197266,20.745849609375
60.199219,19.537353515625
60.201172,9.869384765625
60.203125,1.20849609375
60.205078,1.007080078125
60.207031,-8.056640625
60.208984,-33.837890625
60.210938,-29.40673828125
60.212891,38.873291015625
60.214844,17.120361328125
60.216797,-0.40283203125
60.21875,-9.466552734375
60.220703,-65.66162109375
60.222656,42.498779296875
60.224609,51.96533203125
60.226562,-2.215576171875
60.228516,45.9228515625
60.230469,50.555419921875
60.232422,-31.82373046875
60.234375,-92.449951171875
60.236328,11.077880859375
60.238281,43.90869140625
60.240234,2.01416015625
60.242188,-63.446044921875
60.244141,-33.43505859375
60.246094,-11.279296875
60.248047,-45.318603515625
60.25,51.15966796875
60.251953,103.125
60.253906,-55.99365234375
60.255859,-25.177001953125
60.257812,22.96142578125
60.259766,46.929931640625
60.261719,8.660888671875
60.263672,-1.409912109375
60.265625,-10.87646484375
60.267578,-3.826904296875
60.269531,-30.816650390625
60.271484,-69.287109375
60.273438,-26.788330078125
60.275391,-59.21630859375
60.277344,-71.502685546875
60.279297,3.424072265625
60.28125,-59.619140625
60.283203,-24.57275390625
60.285156,97.88818359375
60.287109,32.2265625
60.289062,9.869384765625
60.291016,-74.12109375
60.292969,-1.812744140625
60.294922,-17.926025390625
60.296875,62.237548828125
60.298828,241.69921875
60.300781,34.24072265625
60.302734,-7.452392578125
60.304688,26.385498046875
60.306641,-42.498779296875
60.308594,-78.55224609375
60.310547,30.615234375
60.3125,114.00146484375
60.314453,-12.689208984375
60.316406,28.399658203125
60.318359,123.66943359375
60.320312,-81.976318359375
60.322266,-42.7001953125
60.324219,22.55859375
60.326172,177.64892578125
60.328125,137.164306640625
60.330078,86.810302734375
60.332031,-104.937744140625
60.333984,22.357177734375
60.335938,19.73876953125
60.337891,18.93310546875
60.339844,13.897705078125
60.341797,20.343017578125
60.34375,10.07080078125
60.345703,39.88037109375
60.347656,16.717529296875
60.349609,24.371337890625
60.351562,29.8095703125
60.353516,44.3115234375
60.355469,117.425537109375
60.357422,130.517578125
60.359375,64.251708984375
60.361328,-84.19189453125
60.363281,98.69384765625
60.365234,94.866943359375
60.367188,54.38232421875
60.369141,253.7841796875
60.371094,16.51611328125
60.373047,-21.7529296875
60.375,5.841064453125
60.376953,103.52783203125
60.378906,26.385498046875
60.380859,106.146240234375
60.382812,0.40283203125
60.384766,-85.198974609375
60.386719,-79.962158203125
60.388672,-10.87646484375
60.390625,-229.6142578125
60.392578,-98.291015625
60.394531,130.11474609375
60.396484,-248.345947265625
60.398438,101.312255859375
60.400391,21.35009765625
60.402344,-96.478271484375
60.404297,14.501953125
60.40625,129.913330078125
60.408203,10.4736328125
60.410156,-84.5947265625
60.412109,-75.128173828125
60.414062,-93.658447265625
60.416016,-59.21630859375
60.417969,10.07080078125
60.419922,-80.56640625
60.421875,17.926025390625
60.423828,49.1455078125
60.425781,9.869384765625
60.427734,-78.350830078125
60.429688,-13.092041015625
60.431641,43.707275390625
60.433594,-34.039306640625
60.435547,-28.399658203125
60.4375,-2.81982421875
60.439453,-21.148681640625
60.441406,1.409912109375
60.443359,4.229736328125
60.445312,2.4169921875
60.447266,2.215576171875
60.449219,1.611328125
60.451172,0.8056640625
60.453125,-0.201416015625
60.455078,-1.20849609375
60.457031,3.22265625
60.458984,2.4169921875
60.460938,1.812744140625
60.462891,1.409912109375
60.464844,1.20849609375
60.466797,1.409912109375
60.46875,1.812744140625
60.470703,2.4169921875
60.472656,8.660888671875
60.474609,9.66796875
60.476562,10.4736328125
60.478516,11.480712890625
60.480469,12.286376953125
60.482422,12.890625
60.484375,13.092041015625
60.486328,13.092041015625
60.488281,43.90869140625
60.490234,39.07470703125
60.492188,17.926025390625
60.494141,10.675048828125
60.496094,20.745849609375
60.498047,31.82373046875
60.5,43.10302734375
60.501953,-15.911865234375
60.503906,-30.615234375
60.505859,5.438232421875
60.507812,16.51611328125
60.509766,-37.664794921875
60.511719,-26.385498046875
60.513672,69.287109375
60.515625,6.646728515625
60.517578,13.494873046875
60.519531,59.820556640625
60.521484,25.982666015625
60.523438,40.68603515625
60.525391,-11.077880859375
60.527344,62.0361328125
60.529297,20.54443359375
60.53125,20.343017578125
60.533203,-146.22802734375
60.535156,92.6513671875
60.537109,208.6669921875
60.539062,-21.551513671875
60.541016,-14.09912109375
60.542969,14.501953125
60.544922,2.215576171875
60.546875,30.21240234375
60.548828,14.90478515625
60.550781,39.276123046875
60.552734,26.385498046875
60.554688,-120.0439453125
60.556641,-69.68994140625
60.558594,9.063720703125
60.560547,57.60498046875
60.5625,89.227294921875
60.564453,27.996826171875
60.566406,-42.095947265625
60.568359,84.99755859375
60.570312,-61.834716796875
60.572266,30.413818359375
60.574219,-1.007080078125
60.576172,-28.802490234375
60.578125,-47.93701171875
60.580078,92.852783203125
60.582031,22.357177734375
60.583984,-16.11328125
60.585938,29.205322265625
60.587891,-30.816650390625
60.589844,99.49951171875
60.591797,193.560791015625
60.59375,-30.816650390625
60.595703,-26.788330078125
60.597656,21.7529296875
60.599609,59.21630859375
60.601562,-27.191162109375
60.603516,13.092041015625
60.605469,79.156494140625
60.607422,-2.01416015625
60.609375,-22.96142578125
60.611328,-94.66552734375
60.613281,38.067626953125
60.615234,-117.22412109375
60.617188,-62.640380859375
60.619141,-7.2509765625
60.621094,158.7158203125
60.623047,-38.067626953125
60.625,86.2060546875
60.626953,-71.099853515625
60.628906,96.6796875
60.630859,-98.291015625
60.632812,-57.2021484375
60.634766,51.96533203125
60.636719,10.675048828125
60.638672,-52.166748046875
60.640625,-70.294189453125
60.642578,-136.358642578125
60.644531,-24.169921875
60.646484,-1.20849609375
60.648438,1.812744140625
60.650391,140.58837890625
60.652344,-37.46337890625
60.654297,6.243896484375
60.65625,-21.7529296875
60.658203,-16.51611328125
60.660156,6.243896484375
60.662109,4.632568359375
60.664062,23.76708984375
60.666016,16.9189453125
60.667969,-1.409912109375
60.669922,-23.565673828125
60.671875,-88.421630859375
60.673828,2.81982421875
60.675781,-81.170654296875
60.677734,-0.604248046875
60.679688,-35.650634765625
60.681641,-96.478271484375
60.683594,-71.099853515625
60.685547,192.352294921875
60.6875,-71.502685546875
60.689453,-185.906982421875
60.691406,145.623779296875
60.693359,228.0029296875
60.695312,51.15966796875
60.697266,155.09033203125
60.699219,149.652099609375
60.701172,207.861328125
60.703125,130.718994140625
60.705078,-128.1005859375
60.707031,-66.8701171875
60.708984,161.1328125
60.710938,193.157958984375
60.712891,10.07080078125
60.714844,-8.660888671875
60.716797,32.025146484375
60.71875,74.12109375
60.720703,-11.279296875
60.722656,-22.760009765625
60.724609,72.308349609375
60.726562,77.545166015625
60.728516,89.4287109375
60.730469,62.43896484375
60.732422,66.8701171875
60.734375,32.830810546875
60.736328,16.9189453125
60.738281,33.0322265625
60.740234,25.982666015625
60.742188,23.3642578125
60.744141,22.55859375
60.746094,21.551513671875
60.748047,20.54443359375
60.75,19.73876953125
60.751953,18.93310546875
60.753906,13.897705078125
60.755859,13.6962890625
60.757812,13.6962890625
60.759766,14.09912109375
60.761719,14.703369140625
60.763672,15.509033203125
60.765625,16.314697265625
60.767578,17.32177734375
60.769531,11.077880859375
60.771484,12.0849609375
60.773438,12.689208984375
60.775391,13.092041015625
60.777344,13.29345703125
60.779297,13.092041015625
60.78125,12.689208984375
60.783203,12.0849609375
60.785156,4.229736328125
60.787109,3.22265625
60.789062,2.215576171875
60.791016,1.409912109375
60.792969,0.604248046875
60.794922,0.0
60.796875,-0.40283203125
60.798828,-0.40283203125
60.800781,-0.201416015625
60.802734,-2.4169921875
60.804688,-3.826904296875
60.806641,-3.021240234375
60.808594,-2.01416015625
60.810547,-1.007080078125
60.8125,-0.201416015625
60.814453,0.604248046875
60.816406,1.007080078125
60.818359,-13.897705078125
60.820312,-16.717529296875
60.822266,43.707275390625
60.824219,34.442138671875
60.826172,-23.3642578125
60.828125,15.3076171875
60.830078,1.20849609375
60.832031,35.44921875
60.833984,65.057373046875
60.835938,69.68994140625
60.837891,-37.664794921875
60.839844,-3.021240234375
60.841797,11.279296875
60.84375,15.71044921875
60.845703,101.11083984375
60.847656,14.300537109375
60.849609,54.38232421875
60.851562,36.053466796875
60.853516,64.251708984375
60.855469,16.717529296875
60.857422,35.44921875
60.859375,22.760009765625
60.861328,25.982666015625
60.863281,-25.579833984375
60.865234,-62.43896484375
60.867188,-14.90478515625
60.869141,-88.421630859375
60.871094,-64.05029296875
60.873047,1.409912109375
60.875,110.77880859375
60.876953,87.213134765625
60.878906,-190.53955078125
60.880859,43.707275390625
60.882812,25.37841796875
60.884766,38.873291015625
60.886719,31.622314453125
60.888672,76.94091796875
60.890625,40.887451171875
60.892578,-32.62939453125
60.894531,31.01806640625
60.896484,69.488525390625
60.898438,51.96533203125
60.900391,86.2060546875
60.902344,5.23681640625
60.904297,21.551513671875
60.90625,3.826904296875
60.908203,47.93701171875
60.910156,-49.951171875
60.912109,43.505859375
60.914062,-72.308349609375
60.916016,-25.579833984375
60.917969,16.11328125
60.919922,-14.501953125
60.921875,0.604248046875
60.923828,-66.46728515625
60.925781,-116.8212890625
60.927734,65.057373046875
60.929688,-63.446044921875
60.931641,-38.873291015625
60.933594,71.502685546875
60.935547,71.30126953125
60.9375,72.10693359375
60.939453,-2.81982421875
60.941406,-77.947998046875
60.943359,93.05419921875
60.945312,-8.258056640625
60.947266,-62.640380859375
60.949219,65.863037109375
60.951172,92.449951171875
60.953125,27.79541015625
60.955078,-79.962158203125
60.957031,45.1171875
60.958984,73.516845703125
60.960938,108.36181640625
60.962891,-70.294189453125
60.964844,11.480712890625
60.966797,15.71044921875
60.96875,18.731689453125
60.970703,-23.3642578125
60.972656,29.40673828125
60.974609,69.68994140625
60.976562,8.056640625
60.978516,-3.22265625
60.980469,3.424072265625
60.982422,11.883544921875
60.984375,45.318603515625
60.986328,-2.618408203125
60.988281,-36.2548828125
60.990234,-159.722900390625
60.992188,-46.527099609375
60.994141,-79.962158203125
60.996094,91.0400390625
60.998047,49.951171875
61.0,8.45947265625
61.001953,200.006103515625
61.003906,223.773193359375
61.005859,-219.744873046875
61.007812,32.2265625
61.009766,0.40283203125
61.011719,32.62939453125
61.013672,80.364990234375
61.015625,47.332763671875
61.017578,145.623779296875
61.019531,3.826904296875
61.021484,231.427001953125
61.023438,32.2265625
61.025391,220.34912109375
61.027344,-4.229736328125
61.029297,-40.081787109375
61.03125,46.527099609375
61.033203,116.41845703125
61.035156,61.431884765625
61.037109,-32.830810546875
61.039062,70.294189453125
61.041016,-6.04248046875
61.042969,-37.261962890625
61.044922,22.760009765625
61.046875,-59.820556640625
61.048828,-22.357177734375
61.050781,43.505859375
61.052734,22.357177734375
61.054688,32.427978515625
61.056641,-7.452392578125
61.058594,2.4169921875
61.060547,-1.20849609375
61.0625,-0.40283203125
61.064453,5.6396484375
61.066406,6.04248046875
61.068359,13.092041015625
61.070312,13.092041015625
61.072266,12.890625
61.074219,12.286376953125
61.076172,11.480712890625
61.078125,10.4736328125
61.080078,9.66796875
61.082031,15.106201171875
61.083984,14.300537109375
61.085938,13.6962890625
61.087891,13.29345703125
61.089844,13.092041015625
61.091797,13.29345703125
61.09375,13.6962890625
61.095703,14.300537109375
61.097656,15.106201171875
61.099609,16.11328125
61.101562,17.120361328125
61.103516,4.833984375
61.105469,3.424072265625
61.107422,1.20849609375
61.109375,14.09912109375
61.111328,48.74267578125
61.113281,51.763916015625
61.115234,7.2509765625
61.117188,-37.46337890625
61.119141,7.855224609375
61.121094,73.114013671875
61.123047,37.664794921875
61.125,21.7529296875
61.126953,186.712646484375
61.128906,120.44677734375
61.130859,70.0927734375
61.132812,-53.173828125
61.134766,88.22021484375
61.136719,205.242919921875
61.138672,108.966064453125
61.140625,-111.383056640625
61.142578,-61.834716796875
61.144531,-34.24072265625
61.146484,83.587646484375
61.148438,189.3310546875
61.150391,1.007080078125
61.152344,223.57177734375
61.154297,-116.619873046875
61.15625,-44.3115234375
61.158203,283.59375
61.160156,189.129638671875
61.162109,-2.618408203125
61.164062,4.0283203125
61.166016,-100.909423828125
61.167969,-105.94482421875
61.169922,-72.308349609375
61.171875,119.64111328125
61.173828,142.401123046875
61.175781,-20.1416015625
61.177734,188.92822265625
61.179688,-40.68603515625
61.181641,18.328857421875
61.183594,-73.71826171875
61.185547,-65.2587890625
61.1875,33.837890625
61.189453,175.634765625
61.191406,-27.191162109375
61.193359,-82.58056640625
61.195312,-51.5625
61.197266,-35.650634765625
61.199219,-96.27685546875
61.201172,47.13134765625
61.203125,59.21630859375
61.205078,-105.13916015625
61.207031,33.0322265625
61.208984,-27.996826171875
61.210938,36.456298828125
61.212891,32.62939453125
61.214844,8.8623046875
61.216797,-79.35791015625
61.21875,-93.658447265625
61.220703,65.66162109375
61.222656,4.0283203125
61.224609,-3.021240234375
61.226562,1.409912109375
61.228516,-35.650634765625
61.230469,-2.215576171875
61.232422,-45.318603515625
61.234375,-96.881103515625
61.236328,69.287109375
61.238281,-41.290283203125
61.240234,-109.16748046875
61.242188,-87.8173828125
61.244141,17.724609375
61.246094,-0.201416015625
61.248047,-2.01416015625
61.25,1.611328125
61.251953,16.11328125
61.253906,-35.44921875
61.255859,-31.4208984375
61.257812,-20.1416015625
61.259766,36.65771484375
61.261719,0.0
61.263672,-27.593994140625
61.265625,-90.838623046875
61.267578,-52.3681640625
61.269531,-123.065185546875
61.271484,34.6435546875
61.273438,-80.56640625
61.275391,121.856689453125
61.277344,-27.593994140625
61.279297,86.2060546875
61.28125,15.106201171875
61.283203,47.93701171875
61.285156,162.34130859375
61.287109,-71.099853515625
61.289062,-73.114013671875
61.291016,65.057373046875
61.292969,-64.05029296875
61.294922,97.4853515625
61.296875,-57.403564453125
61.298828,-135.3515625
61.300781,87.615966796875
61.302734,-75.128173828125
61.304688,-69.68994140625
61.306641,-19.537353515625
61.308594,-109.16748046875
61.310547,-161.334228515625
61.3125,-73.516845703125
61.314453,-10.07080078125
61.316406,-161.9384765625
61.318359,-80.364990234375
61.320312,23.565673828125
61.322266,88.824462890625
61.324219,-58.41064453125
61.326172,20.343017578125
61.328125,-35.247802734375
61.330078,-75.32958984375
61.332031,-32.830810546875
61.333984,-53.173828125
61.335938,43.10302734375
61.337891,-33.233642578125
61.339844,37.8662109375
61.341797,51.15966796875
61.34375,-7.049560546875
61.345703,41.693115234375
61.347656,-16.51611328125
61.349609,42.901611328125
61.351562,15.509033203125
61.353516,29.205322265625
61.355469,15.3076171875
61.357422,17.926025390625
61.359375,18.12744140625
61.361328,18.12744140625
61.363281,17.926025390625
61.365234,17.523193359375
61.367188,16.717529296875
61.369141,15.911865234375
61.371094,14.90478515625
61.373047,13.897705078125
61.375,13.092041015625
61.376953,12.286376953125
61.378906,11.883544921875
61.380859,6.646728515625
61.382812,6.646728515625
61.384766,7.049560546875
61.386719,8.258056640625
61.388672,14.300537109375
61.390625,13.092041015625
61.392578,-0.8056640625
61.394531,-33.636474609375
61.396484,55.389404296875
61.398438,20.54443359375
61.400391,39.678955078125
61.402344,-17.926025390625
61.404297,14.703369140625
61.40625,-37.261962890625
61.408203,-99.700927734375
61.410156,74.12109375
61.412109,115.814208984375
61.414062,32.62939453125
61.416016,-195.37353515625
61.417969,-82.379150390625
61.419922,69.68994140625
61.421875,-14.501953125
61.423828,-58.209228515625
61.425781,136.56005859375
61.427734,1.812744140625
61.429688,-75.531005859375
61.431641,-167.98095703125
61.433594,7.855224609375
61.435547,237.872314453125
61.4375,-17.32177734375
61.439453,268.084716796875
61.441406,-79.559326171875
61.443359,35.44921875
61.445312,-5.438232421875
61.447266,-119.842529296875
61.449219,-107.55615234375
61.451172,-34.844970703125
61.453125,59.014892578125
61.455078,49.54833984375
61.457031,-226.593017578125
61.458984,-18.731689453125
61.460938,15.106201171875
61.462891,-216.7236328125
61.464844,48.541259765625
61.466797,85.198974609375
61.46875,-89.02587890625
61.470703,79.962158203125
61.472656,-91.0400390625
61.474609,321.4599609375
61.476562,-52.77099609375
61.478516,-170.599365234375
61.480469,36.456298828125
61.482422,121.6552734375
61.484375,-149.853515625
61.486328,332.7392578125
61.488281,23.3642578125
61.490234,-129.510498046875
61.492188,14.09912109375
61.494141,111.383056640625
61.496094,124.273681640625
61.498047,101.513671875
61.5,37.060546875
61.501953,18.5302734375
61.503906,13.092041015625
61.505859,13.6962890625
61.507812,17.926025390625
61.509766,15.3076171875
61.511719,9.063720703125
61.513672,-37.664794921875
61.515625,-37.664794921875
61.517578,-27.392578125
61.519531,32.62939453125
61.521484,29.40673828125
61.523438,86.2060546875
61.525391,126.89208984375
61.527344,-40.484619140625
61.529297,119.23828125
61.53125,5.841064453125
61.533203,10.675048828125
61.535156,-100.103759765625
61.537109,55.792236328125
61.539062,10.07080078125
61.541016,64.85595703125
61.542969,-29.205322265625
61.544922,-19.940185546875
61.546875,123.065185546875
61.548828,62.43896484375
61.550781,157.50732421875
61.552734,143.00537109375
61.554688,36.859130859375
61.556641,107.354736328125
61.558594,-62.237548828125
61.560547,72.711181640625
61.5625,101.312255859375
61.564453,-160.3271484375
61.566406,37.8662109375
61.568359,-351.068115234375
61.570312,-5.23681640625
61.572266,152.471923828125
61.574219,-72.10693359375
61.576172,-193.963623046875
61.578125,-26.5869140625
61.580078,-63.24462890625
61.582031,-34.039306640625
61.583984,82.379150390625
61.585938,-0.201416015625
61.587891,103.326416015625
61.589844,-39.678955078125
61.591797,11.279296875
61.59375,94.2626953125
61.595703,-109.771728515625
61.597656,-113.800048828125
61.599609,28.802490234375
61.601562,-63.848876953125
61.603516,70.697021484375
61.605469,7.049560546875
61.607422,14.703369140625
61.609375,-69.488525390625
61.611328,71.30126953125
61.613281,39.276123046875
61.615234,-36.65771484375
61.617188,28.60107421875
61.619141,15.106201171875
61.621094,-14.501953125
61.623047,-9.466552734375
61.625,2.4169921875
61.626953,-0.604248046875
61.628906,3.424072265625
61.630859,-9.869384765625
61.632812,-5.23681640625
61.634766,-6.646728515625
61.636719,-6.04248046875
61.638672,-5.23681640625
61.640625,-4.229736328125
61.642578,-0.604248046875
61.644531,0.40283203125
61.646484,1.20849609375
61.648438,1.812744140625
61.650391,2.215576171875
61.652344,2.4169921875
61.654297,2.215576171875
61.65625,1.812744140625
61.658203,1.20849609375
61.660156,8.258056640625
61.662109,7.452392578125
61.664062,8.8623046875
61.666016,3.826904296875
61.667969,-16.717529296875
61.669922,-74.12109375
61.671875,71.7041015625
61.673828,28.60107421875
61.675781,30.010986328125
61.677734,66.265869140625
61.679688,-53.375244140625
61.681641,-33.636474609375
61.683594,53.9794921875
61.685547,81.170654296875
61.6875,-29.00390625
61.689453,91.241455078125
61.691406,35.04638671875
61.693359,-70.294189453125
61.695312,-127.69775390625
61.697266,84.5947265625
61.699219,5.438232421875
61.701172,31.622314453125
61.703125,-151.86767578125
61.705078,107.1533203125
61.707031,-49.54833984375
61.708984,-151.263427734375
61.710938,-77.947998046875
61.712891,4.632568359375
61.714844,8.056640625
61.716797,-102.72216796875
61.71875,-261.639404296875
61.720703,107.958984375
61.722656,-325.89111328125
61.724609,131.3232421875
61.726562,270.501708984375
61.728516,302.9296875
61.730469,-62.43896484375
61.732422,-293.865966796875
61.734375,180.87158203125
61.736328,21.7529296875
61.738281,379.06494140625
61.740234,301.72119140625
61.742188,-96.881103515625
61.744141,10.675048828125
61.746094,26.98974609375
61.748047,-12.48779296875
61.75,105.340576171875
61.751953,-232.03125
61.753906,306.756591796875
61.755859,-124.072265625
61.757812,3.424072265625
61.759766,126.690673828125
61.761719,-37.46337890625
61.763672,33.43505859375
61.765625,42.901611328125
61.767578,-138.372802734375
61.769531,-132.9345703125
61.771484,-140.58837890625
61.773438,-160.125732421875
61.775391,301.519775390625
61.777344,57.806396484375
61.779297,109.368896484375
61.78125,-203.8330078125
61.783203,42.7001953125
61.785156,-64.654541015625
61.787109,21.551513671875
61.789062,198.9990234375
61.791016,-33.43505859375
61.792969,-124.8779296875
61.794922,31.219482421875
61.796875,171.405029296875
61.798828,40.484619140625
61.800781,-101.312255859375
61.802734,-122.86376953125
61.804688,290.240478515625
61.806641,-137.36572265625
61.808594,-58.41064453125
61.810547,183.28857421875
61.8125,110.174560546875
61.814453,203.631591796875
61.816406,-160.528564453125
61.818359,-76.336669921875
61.820312,59.820556640625
61.822266,-106.549072265625
61.824219,0.40283203125
61.826172,1.611328125
61.828125,15.911865234375
61.830078,-16.9189453125
61.832031,-6.84814453125
61.833984,-24.169921875
61.835938,8.056640625
61.837891,-5.841064453125
61.839844,10.87646484375
61.841797,-13.897705078125
61.84375,-70.294189453125
61.845703,33.837890625
61.847656,-47.93701171875
61.849609,143.81103515625
61.851562,-145.8251953125
61.853516,-1.007080078125
61.855469,7.452392578125
61.857422,-124.072265625
61.859375,-197.186279296875
61.861328,-4.0283203125
61.863281,243.914794921875
61.865234,-91.44287109375
61.867188,-151.06201171875
61.869141,132.9345703125
61.871094,133.740234375
61.873047,193.963623046875
61.875,159.92431640625
61.876953,-145.8251953125
61.878906,256.201171875
61.880859,136.761474609375
61.882812,9.063720703125
61.884766,-11.480712890625
61.886719,79.559326171875
61.888672,-10.4736328125
61.890625,39.678955078125
61.892578,-50.35400390625
61.894531,-98.492431640625
61.896484,2.81982421875
61.898438,19.134521484375
61.900391,16.314697265625
61.902344,12.890625
61.904297,33.0322265625
61.90625,9.26513671875
61.908203,24.57275390625
61.910156,34.24072265625
61.912109,24.57275390625
61.914062,20.343017578125
61.916016,22.15576171875
61.917969,21.35009765625
61.919922,20.745849609375
61.921875,20.54443359375
61.923828,20.343017578125
61.925781,20.745849609375
61.927734,21.148681640625
61.929688,21.954345703125
61.931641,22.760009765625
61.933594,23.76708984375
61.935547,24.774169921875
61.9375,25.579833984375
61.939453,26.18408203125
61.941406,26.788330078125
61.943359,23.76708984375
61.945312,23.76708984375
61.947266,23.3642578125
61.949219,22.760009765625
61.951172,21.954345703125
61.953125,21.148681640625
61.955078,20.1416015625
61.957031,19.134521484375
61.958984,18.328857421875
61.960938,12.48779296875
61.962891,11.480712890625
61.964844,13.897705078125
61.966797,13.897705078125
61.96875,15.911865234375
61.970703,0.40283203125
61.972656,4.833984375
61.974609,18.93310546875
61.976562,7.65380859375
61.978516,9.869384765625
61.980469,2.618408203125
61.982422,21.954345703125
61.984375,-30.010986328125
61.986328,-16.717529296875
61.988281,23.968505859375
61.990234,14.703369140625
61.992188,-107.1533203125
61.994141,-56.79931640625
61.996094,36.2548828125
61.998047,-75.531005859375
62.0,54.38232421875
62.001953,98.895263671875
62.003906,-50.7568359375
62.005859,-35.04638671875
62.007812,43.707275390625
62.009766,26.788330078125
62.011719,-87.615966796875
62.013672,64.251708984375
62.015625,0.604248046875
62.017578,-42.498779296875
62.019531,-84.19189453125
62.021484,-64.85595703125
62.023438,-79.156494140625
62.025391,-53.375244140625
62.027344,19.940185546875
62.029297,-159.11865234375
62.03125,-135.3515625
62.033203,-265.869140625
62.035156,349.859619140625
62.037109,168.3837890625
62.039062,-5.035400390625
62.041016,-124.8779296875
62.042969,215.1123046875
62.044922,113.19580078125
62.046875,-148.443603515625
62.048828,-50.35400390625
62.050781,76.94091796875
62.052734,57.60498046875
62.054688,-195.172119140625
62.056641,25.579833984375
62.058594,-59.014892578125
62.060547,187.115478515625
62.0625,79.7607421875
62.064453,329.315185546875
62.066406,-239.080810546875
62.068359,-5.438232421875
62.070312,70.294189453125
62.072266,46.32568359375
62.074219,135.75439453125
62.076172,178.0517578125
62.078125,9.466552734375
62.080078,-38.26904296875
62.082031,-91.44287109375
62.083984,25.78125
62.085938,-324.6826171875
62.087891,152.67333984375
62.089844,-171.20361328125
62.091797,-75.732421875
62.09375,-270.703125
62.095703,-100.103759765625
62.097656,124.47509765625
62.099609,-70.49560546875
62.101562,132.9345703125
62.103516,23.968505859375
62.105469,24.371337890625
62.107422,7.65380859375
62.109375,38.470458984375
62.111328,4.43115234375
62.113281,16.314697265625
62.115234,8.45947265625
62.117188,34.24072265625
62.119141,35.44921875
62.121094,40.68603515625
62.123047,95.068359375
62.125,93.05419921875
62.126953,-11.883544921875
62.128906,21.35009765625
62.130859,-77.74658203125
62.132812,-33.233642578125
62.134766,111.181640625
62.136719,10.87646484375
62.138672,65.863037109375
62.140625,43.304443359375
62.142578,79.559326171875
62.144531,-35.650634765625
62.146484,77.545166015625
62.148438,95.8740234375
62.150391,347.64404296875
62.152344,-119.439697265625
62.154297,-39.07470703125
62.15625,16.11328125
62.158203,242.10205078125
62.160156,257.208251953125
62.162109,72.509765625
62.164062,42.901611328125
62.166016,108.160400390625
62.167969,116.619873046875
62.169922,-116.41845703125
62.171875,-25.177001953125
62.173828,126.287841796875
62.175781,-49.346923828125
62.177734,124.8779296875
62.179688,31.622314453125
62.181641,54.38232421875
62.183594,46.527099609375
62.185547,-55.99365234375
62.1875,70.49560546875
62.189453,114.202880859375
62.191406,31.622314453125
62.193359,51.96533203125
62.195312,101.715087890625
62.197266,-134.747314453125
62.199219,26.18408203125
62.201172,60.82763671875
62.203125,-2.81982421875
62.205078,-22.55859375
62.207031,-19.134521484375
62.208984,-6.243896484375
62.210938,-5.6396484375
62.212891,-27.191162109375
62.214844,0.0
62.216797,-8.660888671875
62.21875,-6.646728515625
62.220703,-5.841064453125
62.222656,-5.035400390625
62.224609,-4.229736328125
62.226562,-3.22265625
62.228516,-2.215576171875
62.230469,-1.611328125
62.232422,-0.604248046875
62.234375,-0.201416015625
62.236328,3.22265625
62.238281,4.0283203125
62.240234,-3.22265625
62.242188,-2.215576171875
62.244141,-14.703369140625
62.246094,-4.632568359375
62.248047,-13.6962890625
62.25,17.724609375
62.251953,9.26513671875
62.253906,-12.48779296875
62.255859,-24.57275390625
62.257812,14.09912109375
62.259766,-20.745849609375
62.261719,14.09912109375
62.263672,-12.286376953125
62.265625,-16.51611328125
62.267578,81.77490234375
62.269531,37.664794921875
62.271484,-27.392578125
62.273438,-8.056640625
62.275391,74.9267578125
62.277344,10.07080078125
62.279297,-21.35009765625
62.28125,-46.527099609375
62.283203,119.036865234375
62.285156,-45.9228515625
62.287109,136.358642578125
62.289062,84.796142578125
62.291016,6.243896484375
62.292969,-118.634033203125
62.294922,-103.52783203125
62.296875,-78.1494140625
62.298828,78.753662109375
62.300781,-7.855224609375
62.302734,0.40283203125
62.304688,26.18408203125
62.306641,-1.812744140625
62.308594,8.8623046875
62.310547,68.4814453125
62.3125,34.039306640625
62.314453,61.23046875
62.316406,-48.541259765625
62.318359,-260.833740234375
62.320312,26.385498046875
62.322266,65.460205078125
62.324219,135.552978515625
62.326172,79.156494140625
62.328125,48.138427734375
62.330078,113.800048828125
62.332031,-131.121826171875
62.333984,-34.844970703125
62.335938,155.291748046875
62.337891,75.531005859375
62.339844,-17.120361328125
62.341797,81.573486328125
62.34375,211.8896484375
62.345703,-130.718994140625
62.347656,47.735595703125
62.349609,-62.43896484375
62.351562,280.37109375
62.353516,88.22021484375
62.355469,144.2138671875
62.357422,-26.98974609375
62.359375,4.632568359375
62.361328,-97.4853515625
62.363281,-58.0078125
62.365234,79.7607421875
62.367188,169.390869140625
62.369141,86.004638671875
62.371094,8.056640625
62.373047,7.2509765625
62.375,1.611328125
62.376953,13.29345703125
62.378906,8.258056640625
62.380859,14.300537109375
62.382812,36.456298828125
62.384766,9.466552734375
62.386719,-15.3076171875
62.388672,-47.93701171875
62.390625,-65.460205078125
62.392578,2.01416015625
62.394531,73.3154296875
62.396484,20.947265625
62.398438,-66.064453125
62.400391,54.986572265625
62.402344,-166.168212890625
62.404297,-0.604248046875
62.40625,30.615234375
62.408203,71.905517578125
62.410156,-2.618408203125
62.412109,116.619873046875
62.414062,-40.283203125
62.416016,-215.51513671875
62.417969,-28.802490234375
62.419922,47.93701171875
62.421875,10.07080078125
62.423828,116.217041015625
62.425781,24.169921875
62.427734,-9.66796875
62.429688,-54.78515625
62.431641,-35.247802734375
62.433594,-296.484375
62.435547,120.0439453125
62.4375,-113.5986328125
62.439453,214.105224609375
62.441406,-83.7890625
62.443359,-172.613525390625
62.445312,-87.01171875
62.447266,38.26904296875
62.449219,-57.806396484375
62.451172,67.877197265625
62.453125,139.984130859375
62.455078,26.385498046875
62.457031,49.346923828125
62.458984,-101.91650390625
62.460938,39.07470703125
62.462891,4.833984375
62.464844,106.34765625
62.466797,43.90869140625
62.46875,-98.69384765625
62.470703,-15.3076171875
62.472656,25.177001953125
62.474609,-43.505859375
62.476562,34.844970703125
62.478516,5.6396484375
62.480469,-25.177001953125
62.482422,13.897705078125
62.484375,25.177001953125
62.486328,37.060546875
62.488281,-1.812744140625
62.490234,13.494873046875
62.492188,16.717529296875
62.494141,15.911865234375
62.496094,14.90478515625
62.498047,13.897705078125
62.5,13.092041015625
62.501953,18.12744140625
62.503906,17.523193359375
62.505859,17.32177734375
62.507812,17.32177734375
62.509766,17.724609375
62.511719,18.328857421875
62.513672,19.134521484375
62.515625,8.258056640625
62.517578,-3.22265625
62.519531,29.205322265625
62.521484,30.615234375
62.523438,32.025146484375
62.525391,41.693115234375
62.527344,-10.4736328125
62.529297,26.98974609375
62.53125,11.68212890625
62.533203,11.279296875
62.535156,34.6435546875
62.537109,10.4736328125
62.539062,19.134521484375
62.541016,34.6435546875
62.542969,17.724609375
62.544922,-3.424072265625
62.546875,34.039306640625
62.548828,16.11328125
62.550781,45.9228515625
62.552734,36.053466796875
62.554688,-63.24462890625
62.556641,47.735595703125
62.558594,91.44287109375
62.560547,17.724609375
62.5625,40.283203125
62.564453,24.774169921875
62.566406,79.35791015625
62.568359,-73.919677734375
62.570312,75.128173828125
62.572266,38.26904296875
62.574219,100.7080078125
62.576172,8.258056640625
62.578125,-0.8056640625
62.580078,57.403564453125
62.582031,-51.96533203125
62.583984,71.7041015625
62.585938,-29.8095703125
62.587891,150.860595703125
62.589844,-19.940185546875
62.591797,-22.357177734375
62.59375,-55.792236328125
62.595703,6.4453125
62.597656,14.90478515625
62.599609,-34.844970703125
62.601562,3.021240234375
62.603516,-120.849609375
62.605469,-30.816650390625
62.607422,-30.816650390625
62.609375,4.833984375
62.611328,12.48779296875
62.613281,20.745849609375
62.615234,20.947265625
62.617188,-124.8779296875
62.619141,-4.833984375
62.621094,-20.54443359375
62.623047,-15.911865234375
62.625,-19.3359375
62.626953,-15.911865234375
62.628906,83.587646484375
62.630859,-120.44677734375
62.632812,21.148681640625
62.634766,-106.951904296875
62.636719,73.114013671875
62.638672,36.456298828125
62.640625,-159.722900390625
62.642578,109.5703125
62.644531,12.0849609375
62.646484,31.82373046875
62.648438,198.193359375
62.650391,86.2060546875
62.652344,90.63720703125
62.654297,113.800048828125
62.65625,-4.833984375
62.658203,-29.608154296875
62.660156,6.84814453125
62.662109,-14.09912109375
62.664062,-170.80078125
62.666016,86.407470703125
62.667969,44.3115234375
62.669922,-59.820556640625
62.671875,100.30517578125
62.673828,146.026611328125
62.675781,13.29345703125
62.677734,140.185546875
62.679688,-10.07080078125
62.681641,124.072265625
62.683594,136.56005859375
62.685547,-107.757568359375
62.6875,-45.9228515625
62.689453,29.608154296875
62.691406,-75.32958984375
62.693359,-80.96923828125
62.695312,-60.82763671875
62.697266,85.601806640625
62.699219,98.089599609375
62.701172,-14.501953125
62.703125,-81.573486328125
62.705078,-19.537353515625
62.707031,157.91015625
62.708984,78.350830078125
62.710938,175.634765625
62.712891,33.43505859375
62.714844,129.913330078125
62.716797,12.689208984375
62.71875,-36.2548828125
62.720703,69.68994140625
62.722656,-5.841064453125
62.724609,-25.37841796875
62.726562,-145.01953125
62.728516,85.400390625
62.730469,-142.401123046875
62.732422,-70.8984375
62.734375,-37.664794921875
62.736328,179.864501953125
62.738281,-164.556884765625
62.740234,-12.890625
62.742188,159.521484375
62.744141,72.509765625
62.746094,-241.29638671875
62.748047,-68.4814453125
62.75,144.818115234375
62.751953,-112.994384765625
62.753906,233.441162109375
62.755859,-5.6396484375
62.757812,-201.01318359375
62.759766,13.897705078125
62.761719,-11.68212890625
62.763672,-42.7001953125
62.765625,140.185546875
62.767578,100.506591796875
62.769531,10.87646484375
62.771484,-203.8330078125
62.773438,-22.357177734375
62.775391,221.15478515625
62.777344,-147.235107421875
62.779297,-108.7646484375
62.78125,-3.22265625
62.783203,42.7001953125
62.785156,60.626220703125
62.787109,-68.4814453125
62.789062,186.9140625
62.791016,175.030517578125
62.792969,-19.73876953125
62.794922,-72.10693359375
62.796875,-46.527099609375
62.798828,290.240478515625
62.800781,223.370361328125
62.802734,-47.735595703125
62.804688,-210.2783203125
62.806641,227.197265625
62.808594,123.2666015625
62.810547,57.806396484375
62.8125,160.528564453125
62.814453,-81.77490234375
62.816406,160.3271484375
62.818359,0.201416015625
62.820312,50.555419921875
62.822266,244.720458984375
62.824219,39.276123046875
62.826172,-28.60107421875
62.828125,6.4453125
62.830078,-112.591552734375
62.832031,12.890625
62.833984,-73.516845703125
62.835938,106.549072265625
62.837891,-114.00146484375
62.839844,-46.728515625
62.841797,-25.37841796875
62.84375,-52.3681640625
62.845703,12.48779296875
62.847656,-42.498779296875
62.849609,-69.287109375
62.851562,86.407470703125
62.853516,31.01806640625
62.855469,-221.356201171875
62.857422,-16.9189453125
62.859375,19.940185546875
62.861328,-6.243896484375
62.863281,-16.51611328125
62.865234,3.22265625
62.867188,-4.833984375
62.869141,-27.191162109375
62.871094,-34.039306640625
62.873047,-35.44921875
62.875,97.08251953125
62.876953,-20.54443359375
62.878906,-116.41845703125
62.880859,46.124267578125
62.882812,-42.7001953125
62.884766,-65.460205078125
62.886719,36.053466796875
62.888672,46.929931640625
62.890625,110.980224609375
62.892578,4.0283203125
62.894531,58.41064453125
62.896484,60.4248046875
62.898438,2.215576171875
62.900391,3.021240234375
62.902344,76.336669921875
62.904297,-19.73876953125
62.90625,7.2509765625
62.908203,12.48779296875
62.910156,9.063720703125
62.912109,3.826904296875
62.914062,46.527099609375
62.916016,-7.2509765625
62.917969,-36.053466796875
62.919922,-19.940185546875
62.921875,16.51611328125
62.923828,74.9267578125
62.925781,111.785888671875
62.927734,-29.8095703125
62.929688,52.77099609375
62.931641,-11.480712890625
62.933594,21.35009765625
62.935547,83.7890625
62.9375,73.3154296875
62.939453,54.986572265625
62.941406,60.02197265625
62.943359,8.660888671875
62.945312,20.947265625
62.947266,72.308349609375
62.949219,-27.392578125
62.951172,194.56787109375
62.953125,122.86376953125
62.955078,-66.064453125
62.957031,-73.516845703125
62.958984,27.593994140625
62.960938,0.604248046875
62.962891,147.4365234375
62.964844,-134.94873046875
62.966797,-65.057373046875
62.96875,6.243896484375
62.970703,-99.298095703125
62.972656,2.4169921875
62.974609,40.887451171875
62.976562,85.400390625
62.978516,58.8134765625
62.980469,-137.164306640625
62.982422,103.326416015625
62.984375,99.700927734375
62.986328,-166.36962890625
62.988281,59.014892578125
62.990234,-24.169921875
62.992188,-223.1689453125
62.994141,-108.160400390625
62.996094,73.114013671875
62.998047,141.192626953125
63.0,81.3720703125
63.001953,-44.71435546875
63.003906,-114.80712890625
63.005859,-32.2265625
63.007812,8.660888671875
63.009766,3.826904296875
63.011719,138.17138671875
63.013672,203.631591796875
63.015625,-98.492431640625
63.017578,-180.267333984375
63.019531,6.84814453125
63.021484,38.671875
63.023438,60.626220703125
63.025391,107.55615234375
63.027344,44.512939453125
63.029297,12.48779296875
63.03125,-199.40185546875
63.033203,-21.35009765625
63.035156,-80.767822265625
63.037109,101.91650390625
63.039062,24.57275390625
63.041016,16.9189453125
63.042969,139.581298828125
63.044922,-132.12890625
63.046875,117.425537109375
63.048828,-22.15576171875
63.050781,146.832275390625
63.052734,66.46728515625
63.054688,38.873291015625
63.056641,-105.743408203125
63.058594,101.513671875
63.060547,82.9833984375
63.0625,4.833984375
63.064453,20.1416015625
63.066406,180.267333984375
63.068359,12.689208984375
63.070312,96.075439453125
63.072266,-82.9833984375
63.074219,-195.37353515625
63.076172,-9.466552734375
63.078125,-75.32958984375
63.080078,-111.9873046875
63.082031,88.824462890625
63.083984,-113.800048828125
63.085938,164.35546875
63.087891,0.40283203125
63.089844,313.4033203125
63.091797,-24.371337890625
63.09375,-321.86279296875
63.095703,-214.70947265625
63.097656,-30.21240234375
63.099609,-359.326171875
63.101562,-61.23046875
63.103516,60.82763671875
63.105469,372.418212890625
63.107422,94.866943359375
63.109375,-111.785888671875
63.111328,137.36572265625
63.113281,22.96142578125
63.115234,489.0380859375
63.117188,-32.427978515625
63.119141,-220.751953125
63.121094,6.243896484375
63.123047,23.162841796875
63.125,58.41064453125
63.126953,-80.364990234375
63.128906,-100.7080078125
63.130859,-136.761474609375
63.132812,60.82763671875
63.134766,-72.10693359375
63.136719,-47.735595703125
63.138672,5.438232421875
63.140625,-75.732421875
63.142578,150.054931640625
63.144531,47.5341796875
63.146484,141.595458984375
63.148438,-114.605712890625
63.150391,-99.0966796875
63.152344,16.717529296875
63.154297,131.927490234375
63.15625,-47.93701171875
63.158203,28.802490234375
63.160156,111.9873046875
63.162109,134.94873046875
63.164062,17.32177734375
63.166016,-52.972412109375
63.167969,-100.103759765625
63.169922,-84.5947265625
63.171875,148.64501953125
63.173828,228.80859375
63.175781,67.877197265625
63.177734,-26.385498046875
63.179688,22.760009765625
63.181641,106.75048828125
63.183594,-33.0322265625
63.185547,130.517578125
63.1875,-4.833984375
63.189453,29.205322265625
63.191406,84.393310546875
63.193359,-123.065185546875
63.195312,-125.885009765625
63.197266,74.52392578125
63.199219,25.37841796875
63.201172,-112.591552734375
63.203125,-45.721435546875
63.205078,-63.446044921875
63.207031,50.555419921875
63.208984,-23.968505859375
63.210938,19.134521484375
63.212891,37.8662109375
63.214844,-11.279296875
63.216797,-139.78271484375
63.21875,-53.173828125
63.220703,13.6962890625
63.222656,19.73876953125
63.224609,-40.283203125
63.226562,-30.816650390625
63.228516,3.021240234375
63.230469,-138.372802734375
63.232422,-16.11328125
63.234375,-34.24072265625
63.236328,49.346923828125
63.238281,-87.615966796875
63.240234,61.029052734375
63.242188,26.385498046875
63.244141,-15.3076171875
63.246094,22.15576171875
63.248047,-60.223388671875
63.25,92.852783203125
63.251953,-23.3642578125
63.253906,71.502685546875
63.255859,-79.156494140625
63.257812,-57.806396484375
63.259766,-66.668701171875
63.261719,20.54443359375
63.263672,58.8134765625
63.265625,-22.760009765625
63.267578,-65.863037109375
63.269531,61.029052734375
63.271484,-78.55224609375
63.273438,34.844970703125
63.275391,110.174560546875
63.277344,-71.7041015625
63.279297,-109.16748046875
63.28125,-1.20849609375
63.283203,36.2548828125
63.285156,-50.152587890625
63.287109,78.1494140625
63.289062,-0.40283203125
63.291016,-31.4208984375
63.292969,-111.58447265625
63.294922,35.650634765625
63.296875,168.182373046875
63.298828,-10.4736328125
63.300781,-25.579833984375
63.302734,-131.72607421875
63.304688,12.0849609375
63.306641,-32.2265625
63.308594,36.053466796875
63.310547,52.569580078125
63.3125,205.645751953125
63.314453,241.497802734375
63.316406,-60.4248046875
63.318359,66.8701171875
63.320312,86.004638671875
63.322266,132.53173828125
63.324219,86.2060546875
63.326172,-27.191162109375
63.328125,-136.1572265625
63.330078,43.707275390625
63.332031,45.318603515625
63.333984,-42.901611328125
63.335938,171.20361328125
63.337891,-48.944091796875
63.339844,-108.160400390625
63.341797,-84.99755859375
63.34375,-87.01171875
63.345703,21.551513671875
63.347656,-7.2509765625
63.349609,151.263427734375
63.351562,43.90869140625
63.353516,-82.177734375
63.355469,-67.27294921875
63.357422,307.562255859375
63.359375,52.166748046875
63.361328,66.265869140625
63.363281,117.425537109375
63.365234,-73.71826171875
63.367188,212.6953125
63.369141,-254.99267578125
63.371094,-107.958984375
63.373047,-122.259521484375
63.375,56.195068359375
63.376953,-230.218505859375
63.378906,-79.7607421875
63.380859,-173.2177734375
63.382812,91.644287109375
63.384766,153.076171875
63.386719,75.531005859375
63.388672,4.632568359375
63.390625,290.643310546875
63.392578,121.453857421875
63.394531,-159.320068359375
63.396484,136.56005859375
63.398438,52.166748046875
63.400391,-138.775634765625
63.402344,62.43896484375
63.404297,0.201416015625
63.40625,-215.716552734375
63.408203,28.802490234375
63.410156,92.449951171875
63.412109,-113.19580078125
63.414062,101.11083984375
63.416016,-131.72607421875
63.417969,-33.0322265625
63.419922,141.595458984375
63.421875,194.970703125
63.423828,154.888916015625
63.425781,98.089599609375
63.427734,-28.399658203125
63.429688,-7.65380859375
63.431641,-204.034423828125
63.433594,-56.396484375
63.435547,107.55615234375
63.4375,45.1171875
63.439453,-248.54736328125
63.441406,-106.146240234375
63.443359,-32.830810546875
63.445312,-126.89208984375
63.447266,-326.495361328125
63.449219,19.134521484375
63.451172,76.13525390625
63.453125,-84.99755859375
63.455078,-74.725341796875
63.457031,58.612060546875
63.458984,176.239013671875
63.460938,132.12890625
63.462891,-48.944091796875
63.464844,269.293212890625
63.466797,-39.07470703125
63.46875,-234.85107421875
63.470703,-86.2060546875
63.472656,-10.07080078125
63.474609,108.36181640625
63.476562,-124.8779296875
63.478516,-25.177001953125
63.480469,159.722900390625
63.482422,20.54443359375
63.484375,-113.800048828125
63.486328,140.58837890625
63.488281,48.74267578125
63.490234,25.37841796875
63.492188,-71.099853515625
63.494141,-49.1455078125
63.496094,-2.81982421875
63.498047,99.90234375
63.5,34.844970703125
63.501953,18.93310546875
63.503906,56.396484375
63.505859,-8.45947265625
63.507812,174.42626953125
63.509766,-63.6474609375
63.511719,-49.54833984375
63.513672,112.39013671875
63.515625,82.379150390625
63.517578,31.82373046875
63.519531,-70.0927734375
63.521484,64.251708984375
63.523438,-73.919677734375
63.525391,60.02197265625
63.527344,-9.466552734375
63.529297,21.148681640625
63.53125,9.869384765625
63.533203,183.892822265625
63.535156,38.067626953125
63.537109,-79.7607421875
63.539062,-61.431884765625
63.541016,108.563232421875
63.542969,109.771728515625
63.544922,-33.0322265625
63.546875,111.383056640625
63.548828,-44.71435546875
63.550781,74.12109375
63.552734,14.300537109375
63.554688,-15.106201171875
63.556641,-73.3154296875
63.558594,105.13916015625
63.560547,133.740234375
63.5625,65.863037109375
63.564453,-30.413818359375
63.566406,95.269775390625
63.568359,-22.357177734375
63.570312,-71.502685546875
63.572266,-8.056640625
63.574219,72.91259765625
63.576172,118.231201171875
63.578125,-26.788330078125
63.580078,-6.04248046875
63.582031,-54.583740234375
63.583984,-72.711181640625
63.585938,-50.555419921875
63.587891,30.21240234375
63.589844,-52.569580078125
63.591797,26.18408203125
63.59375,80.364990234375
63.595703,6.4453125
63.597656,-46.32568359375
63.599609,-48.541259765625
63.601562,-7.855224609375
63.603516,-37.664794921875
63.605469,65.057373046875
63.607422,4.43115234375
63.609375,-86.810302734375
63.611328,14.300537109375
63.613281,86.004638671875
63.615234,-31.4208984375
63.617188,-49.346923828125
63.619141,-2.81982421875
63.621094,-62.640380859375
63.623047,11.077880859375
63.625,-6.84814453125
63.626953,-98.291015625
63.628906,-8.660888671875
63.630859,-175.836181640625
63.632812,-111.785888671875
63.634766,9.466552734375
63.636719,95.47119140625
63.638672,-12.48779296875
63.640625,48.541259765625
63.642578,165.765380859375
63.644531,-63.446044921875
63.646484,37.261962890625
63.648438,104.132080078125
63.650391,-16.51611328125
63.652344,-82.177734375
63.654297,-28.802490234375
63.65625,-147.637939453125
63.658203,-11.480712890625
63.660156,-20.54443359375
63.662109,-146.22802734375
63.664062,139.581298828125
63.666016,-85.80322265625
63.667969,100.30517578125
63.669922,-199.40185546875
63.671875,-29.00390625
63.673828,95.47119140625
63.675781,78.1494140625
63.677734,-72.10693359375
63.679688,-64.85595703125
63.681641,93.45703125
63.683594,103.125
63.685547,33.0322265625
63.6875,-16.51611328125
63.689453,-52.166748046875
63.691406,-180.670166015625
63.693359,143.408203125
63.695312,-22.357177734375
63.697266,137.36572265625
63.699219,-117.626953125
63.701172,106.146240234375
63.703125,-221.5576171875
63.705078,-102.3193359375
63.707031,60.626220703125
63.708984,-95.269775390625
63.710938,255.79833984375
63.712891,117.626953125
63.714844,69.891357421875
63.716797,245.123291015625
63.71875,31.4208984375
63.720703,-73.3154296875
63.722656,103.729248046875
63.724609,-52.77099609375
63.726562,101.312255859375
63.728516,143.81103515625
63.730469,-62.841796875
63.732422,-91.845703125
63.734375,-68.88427734375
63.736328,60.626220703125
63.738281,151.46484375
63.740234,-66.064453125
63.742188,126.08642578125
63.744141,-68.4814453125
63.746094,-45.9228515625
63.748047,16.717529296875
63.75,-40.081787109375
63.751953,-50.152587890625
63.753906,311.187744140625
63.755859,-27.392578125
63.757812,92.24853515625
63.759766,186.9140625
63.761719,-5.438232421875
63.763672,37.060546875
63.765625,10.272216796875
63.767578,245.7275390625
63.769531,68.07861328125
63.771484,-371.4111328125
63.773438,167.578125
63.775391,66.064453125
63.777344,-317.02880859375
63.779297,-82.379150390625
63.78125,31.82373046875
63.783203,-59.619140625
63.785156,119.439697265625
63.787109,-232.03125
63.789062,-122.4609375
63.791016,192.95654296875
63.792969,-233.23974609375
63.794922,-39.4775390625
63.796875,15.911865234375
63.798828,93.255615234375
63.800781,103.125
63.802734,29.00390625
63.804688,32.62939453125
63.806641,-93.255615234375
63.808594,-46.124267578125
63.810547,58.209228515625
63.8125,96.478271484375
63.814453,-33.233642578125
63.816406,-184.09423828125
63.818359,-79.559326171875
63.820312,-114.605712890625
63.822266,-62.0361328125
63.824219,1.611328125
63.826172,-98.895263671875
63.828125,-103.9306640625
63.830078,-24.57275390625
63.832031,-143.00537109375
63.833984,189.129638671875
63.835938,-117.828369140625
63.837891,21.551513671875
63.839844,-23.162841796875
63.841797,-87.41455078125
63.84375,57.000732421875
63.845703,-84.393310546875
63.847656,-33.233642578125
63.849609,27.996826171875
63.851562,-14.703369140625
63.853516,47.93701171875
63.855469,-73.71826171875
63.857422,-34.24072265625
63.859375,48.138427734375
63.861328,149.45068359375
63.863281,32.2265625
63.865234,37.261962890625
63.867188,-28.399658203125
63.869141,13.494873046875
63.871094,15.3076171875
63.873047,-9.869384765625
63.875,69.68994140625
63.876953,127.899169921875
63.878906,-82.781982421875
63.880859,52.3681640625
63.882812,-11.883544921875
63.884766,30.21240234375
63.886719,33.0322265625
63.888672,-12.890625
63.890625,55.792236328125
63.892578,110.577392578125
63.894531,-3.826904296875
63.896484,62.640380859375
63.898438,56.396484375
63.900391,-38.873291015625
63.902344,-7.049560546875
63.904297,-15.509033203125
63.90625,87.615966796875
63.908203,21.551513671875
63.910156,108.966064453125
63.912109,74.52392578125
63.914062,26.98974609375
63.916016,-3.021240234375
63.917969,55.389404296875
63.919922,55.99365234375
63.921875,9.66796875
63.923828,-36.859130859375
63.925781,39.4775390625
63.927734,25.78125
63.929688,54.78515625
63.931641,-56.396484375
63.933594,-70.294189453125
63.935547,87.01171875
63.9375,114.605712890625
63.939453,63.24462890625
63.941406,-78.350830078125
63.943359,6.243896484375
63.945312,79.35791015625
63.947266,-43.10302734375
63.949219,38.067626953125
63.951172,69.68994140625
63.953125,29.8095703125
63.955078,21.7529296875
63.957031,111.785888671875
63.958984,-12.0849609375
63.960938,59.820556640625
63.962891,72.308349609375
63.964844,-141.39404296875
63.966797,-32.2265625
63.96875,133.941650390625
63.970703,-24.774169921875
63.972656,49.749755859375
63.974609,111.785888671875
63.976562,-85.601806640625
63.978516,23.76708984375
63.980469,-35.85205078125
63.982422,-59.417724609375
63.984375,19.134521484375
63.986328,33.837890625
63.988281,120.245361328125
63.990234,-9.063720703125
63.992188,-59.619140625
63.994141,103.9306640625
63.996094,-29.00390625
63.998047,53.57666015625
64.0,-78.955078125
64.001953,83.184814453125
64.003906,-92.449951171875
64.005859,-64.453125
64.007812,106.146240234375
64.009766,-64.251708984375
64.011719,172.81494140625
64.013672,84.5947265625
64.015625,25.177001953125
64.017578,147.235107421875
64.019531,-144.61669921875
64.021484,131.72607421875
64.023438,-110.174560546875
64.025391,-89.227294921875
64.027344,-90.234375
64.029297,-136.56005859375
64.03125,-60.82763671875
64.033203,93.255615234375
64.035156,70.49560546875
64.037109,250.15869140625
64.039062,-26.385498046875
64.041016,-199.8046875
64.042969,-16.717529296875
64.044922,-152.471923828125
64.046875,-150.457763671875
64.048828,348.651123046875
64.050781,65.66162109375
64.052734,182.080078125
64.054688,1.611328125
64.056641,-45.1171875
64.058594,-50.35400390625
64.060547,42.901611328125
64.0625,-62.43896484375
64.064453,66.46728515625
64.066406,-5.23681640625
64.068359,-88.22021484375
64.070312,-190.9423828125
64.072266,146.630859375
64.074219,56.195068359375
64.076172,102.3193359375
64.078125,-340.39306640625
64.080078,191.143798828125
64.082031,163.348388671875
64.083984,71.905517578125
64.085938,-82.58056640625
64.087891,172.210693359375
64.089844,197.186279296875
64.091797,-33.837890625
64.09375,-173.016357421875
64.095703,63.24462890625
64.097656,-58.612060546875
64.099609,236.865234375
64.101562,-291.24755859375
64.103516,-51.763916015625
64.105469,-71.30126953125
64.107422,34.039306640625
64.109375,-0.8056640625
64.111328,119.842529296875
64.113281,530.731201171875
64.115234,38.26904296875
64.117188,275.93994140625
64.119141,115.814208984375
64.121094,154.28466796875
64.123047,131.524658203125
64.125,49.1455078125
64.126953,2.215576171875
64.128906,162.945556640625
64.130859,-240.8935546875
64.132812,-235.65673828125
64.134766,48.944091796875
64.136719,-86.407470703125
64.138672,-227.60009765625
64.140625,107.958984375
64.142578,-106.34765625
64.144531,-103.9306640625
64.146484,-47.5341796875
64.148438,38.873291015625
64.150391,291.851806640625
64.152344,150.054931640625
64.154297,-289.63623046875
64.15625,-48.74267578125
64.158203,-136.358642578125
64.160156,17.523193359375
64.162109,117.626953125
64.164062,101.11083984375
64.166016,29.608154296875
64.167969,-137.36572265625
64.169922,-72.509765625
64.171875,23.3642578125
64.173828,20.343017578125
64.175781,108.563232421875
64.177734,-14.703369140625
64.179688,47.5341796875
64.181641,-4.43115234375
64.183594,40.887451171875
64.185547,-26.788330078125
64.1875,90.032958984375
64.189453,2.01416015625
64.191406,58.41064453125
64.193359,37.46337890625
64.195312,-93.255615234375
64.197266,-32.427978515625
64.199219,80.767822265625
64.201172,89.630126953125
64.203125,-7.452392578125
64.205078,-47.332763671875
64.207031,-80.96923828125
64.208984,-165.56396484375
64.210938,11.077880859375
64.212891,-4.632568359375
64.214844,35.85205078125
64.216797,-108.36181640625
64.21875,-98.291015625
64.220703,20.745849609375
64.222656,-11.68212890625
64.224609,13.092041015625
64.226562,8.8623046875
64.228516,-15.106201171875
64.230469,8.660888671875
64.232422,-82.9833984375
64.234375,8.8623046875
64.236328,50.555419921875
64.238281,5.6396484375
64.240234,-67.474365234375
64.242188,7.452392578125
64.244141,-30.413818359375
64.246094,72.91259765625
64.248047,69.085693359375
64.25,11.480712890625
64.251953,26.385498046875
64.253906,22.55859375
64.255859,-68.280029296875
64.257812,36.2548828125
64.259766,65.863037109375
64.261719,103.52783203125
64.263672,-23.565673828125
64.265625,2.4169921875
64.267578,6.84814453125
64.269531,-138.775634765625
64.271484,-21.35009765625
64.273438,56.396484375
64.275391,76.13525390625
64.277344,-34.24072265625
64.279297,94.2626953125
64.28125,-81.77490234375
64.283203,96.27685546875
64.285156,63.043212890625
64.287109,43.304443359375
64.289062,8.258056640625
64.291016,-117.828369140625
64.292969,78.1494140625
64.294922,-88.421630859375
64.296875,70.8984375
64.298828,-18.328857421875
64.300781,-50.958251953125
64.302734,-139.3798828125
64.304688,-87.615966796875
64.306641,77.947998046875
64.308594,-26.5869140625
64.310547,-103.52783203125
64.3125,94.66552734375
64.314453,117.828369140625
64.316406,-55.5908203125
64.318359,32.62939453125
64.320312,65.66162109375
64.322266,192.15087890625
64.324219,-14.09912109375
64.326172,77.142333984375
64.328125,35.85205078125
64.330078,-23.3642578125
64.332031,-145.01953125
64.333984,29.00390625
64.335938,73.71826171875
64.337891,222.76611328125
64.339844,-2.01416015625
64.341797,-103.125
64.34375,-26.385498046875
64.345703,47.93701171875
64.347656,105.94482421875
64.349609,178.45458984375
64.351562,128.90625
64.353516,-18.93310546875
64.355469,-64.453125
64.357422,10.675048828125
64.359375,96.27685546875
64.361328,77.142333984375
64.363281,39.07470703125
64.365234,114.80712890625
64.367188,124.47509765625
64.369141,-154.486083984375
64.371094,-79.7607421875
64.373047,14.703369140625
64.375,-41.0888671875
64.376953,-29.8095703125
64.378906,-6.646728515625
64.380859,-4.229736328125
64.382812,-28.60107421875
64.384766,-150.457763671875
64.386719,166.36962890625
64.388672,355.70068359375
64.390625,-73.516845703125
64.392578,-164.556884765625
64.394531,-15.3076171875
64.396484,114.605712890625
64.398438,176.641845703125
64.400391,49.749755859375
64.402344,-72.10693359375
64.404297,107.958984375
64.40625,38.873291015625
64.408203,0.40283203125
64.410156,56.79931640625
64.412109,217.12646484375
64.414062,-14.703369140625
64.416016,28.802490234375
64.417969,-50.7568359375
64.419922,174.0234375
64.421875,-22.55859375
64.423828,70.294189453125
64.425781,-185.504150390625
64.427734,115.814208984375
64.429688,-352.47802734375
64.431641,-339.58740234375
64.433594,44.3115234375
64.435547,-75.32958984375
64.4375,229.6142578125
64.439453,-109.771728515625
64.441406,-27.996826171875
64.443359,98.089599609375
64.445312,-40.081787109375
64.447266,5.438232421875
64.449219,32.025146484375
64.451172,55.18798828125
64.453125,222.76611328125
64.455078,10.07080078125
64.457031,-86.60888671875
64.458984,127.899169921875
64.460938,-1.409912109375
64.462891,-25.177001953125
64.464844,-20.343017578125
64.466797,-143.408203125
64.46875,-43.505859375
64.470703,-55.99365234375
64.472656,261.236572265625
64.474609,259.625244140625
64.476562,-145.42236328125
64.478516,-22.96142578125
64.480469,-92.24853515625
64.482422,34.24072265625
64.484375,-49.346923828125
64.486328,64.654541015625
64.488281,4.229736328125
64.490234,32.427978515625
64.492188,182.48291015625
64.494141,-72.509765625
64.496094,189.73388671875
64.498047,200.6103515625
64.5,141.796875
64.501953,19.3359375
64.503906,58.41064453125
64.505859,2.618408203125
64.507812,-37.060546875
64.509766,75.128173828125
64.511719,-7.2509765625
64.513672,-17.32177734375
64.515625,-44.915771484375
64.517578,61.63330078125
64.519531,-0.40283203125
64.521484,-45.9228515625
64.523438,48.33984375
64.525391,22.55859375
64.527344,40.887451171875
64.529297,73.114013671875
64.53125,-44.512939453125
64.533203,-39.276123046875
64.535156,142.19970703125
64.537109,6.646728515625
64.539062,30.816650390625
64.541016,115.411376953125
64.542969,-2.215576171875
64.544922,-20.1416015625
64.546875,121.25244140625
64.548828,35.247802734375
64.550781,97.283935546875
64.552734,-61.029052734375
64.554688,1.007080078125
64.556641,-120.44677734375
64.558594,-12.890625
64.560547,69.891357421875
64.5625,11.68212890625
64.564453,29.00390625
64.566406,41.0888671875
64.568359,22.55859375
64.570312,-20.947265625
64.572266,6.04248046875
64.574219,98.291015625
64.576172,104.132080078125
64.578125,34.442138671875
64.580078,144.415283203125
64.582031,-23.3642578125
64.583984,60.82763671875
64.585938,-36.859130859375
64.587891,-77.74658203125
64.589844,45.9228515625
64.591797,-27.191162109375
64.59375,-49.951171875
64.595703,97.88818359375
64.597656,66.46728515625
64.599609,30.816650390625
64.601562,-51.15966796875
64.603516,27.996826171875
64.605469,-102.923583984375
64.607422,45.9228515625
64.609375,22.357177734375
64.611328,111.785888671875
64.613281,109.368896484375
64.615234,-115.61279296875
64.617188,-63.24462890625
64.619141,-20.745849609375
64.621094,126.89208984375
64.623047,-12.286376953125
64.625,73.114013671875
64.626953,-78.955078125
64.628906,-8.45947265625
64.630859,-55.5908203125
64.632812,9.26513671875
64.634766,-76.739501953125
64.636719,209.271240234375
64.638672,108.160400390625
64.640625,-37.46337890625
64.642578,100.103759765625
64.644531,104.736328125
64.646484,-10.07080078125
64.648438,6.4453125
64.650391,281.1767578125
64.652344,108.966064453125
64.654297,-82.379150390625
64.65625,-66.064453125
64.658203,-70.697021484375
64.660156,100.30517578125
64.662109,-57.2021484375
64.664062,46.527099609375
64.666016,-0.40283203125
64.667969,-108.36181640625
64.669922,-70.0927734375
64.671875,51.5625
64.673828,112.591552734375
64.675781,20.343017578125
64.677734,-2.618408203125
64.679688,-154.28466796875
64.681641,3.826904296875
64.683594,-77.545166015625
64.685547,117.626953125
64.6875,-5.6396484375
64.689453,157.1044921875
64.691406,-135.75439453125
64.693359,-30.21240234375
64.695312,-131.927490234375
64.697266,140.386962890625
64.699219,107.354736328125
64.701172,-63.848876953125
64.703125,60.626220703125
64.705078,73.71826171875
64.707031,-297.69287109375
64.708984,-260.028076171875
64.710938,134.747314453125
64.712891,74.9267578125
64.714844,221.96044921875
64.716797,-182.281494140625
64.71875,-28.399658203125
64.720703,-170.599365234375
64.722656,353.887939453125
64.724609,213.5009765625
64.726562,-115.411376953125
64.728516,-101.715087890625
64.730469,15.3076171875
64.732422,223.1689453125
64.734375,34.039306640625
64.736328,455.60302734375
64.738281,116.217041015625
64.740234,23.3642578125
64.742188,-200.006103515625
64.744141,128.1005859375
64.746094,35.247802734375
64.748047,228.607177734375
64.75,-12.689208984375
64.751953,37.664794921875
64.753906,-134.14306640625
64.755859,-282.38525390625
64.757812,-90.63720703125
64.759766,149.249267578125
64.761719,-157.1044921875
64.763672,-57.403564453125
64.765625,6.646728515625
64.767578,-104.937744140625
64.769531,-57.806396484375
64.771484,-132.330322265625
64.773438,160.72998046875
64.775391,237.6708984375
64.777344,-20.343017578125
64.779297,-256.201171875
64.78125,10.272216796875
64.783203,238.275146484375
64.785156,-13.6962890625
64.787109,61.63330078125
64.789062,105.94482421875
64.791016,-106.34765625
64.792969,-163.5498046875
64.794922,-176.03759765625
64.796875,-19.3359375
64.798828,88.623046875
64.800781,-64.654541015625
64.802734,-78.955078125
64.804688,-127.093505859375
64.806641,-73.516845703125
64.808594,68.280029296875
64.810547,46.124267578125
64.8125,172.613525390625
64.814453,-36.456298828125
64.816406,-132.12890625
64.818359,-296.88720703125
64.820312,83.587646484375
64.822266,190.338134765625
64.824219,15.71044921875
64.826172,-131.3232421875
64.828125,-41.0888671875
64.830078,53.778076171875
64.832031,45.721435546875
64.833984,-105.13916015625
64.835938,161.9384765625
64.837891,34.6435546875
64.839844,-36.053466796875
64.841797,-150.25634765625
64.84375,4.43115234375
64.845703,194.1650390625
64.847656,-33.837890625
64.849609,80.364990234375
64.851562,102.117919921875
64.853516,-37.060546875
64.855469,105.340576171875
64.857422,-28.399658203125
64.859375,-42.901611328125
64.861328,96.27685546875
64.863281,63.6474609375
64.865234,-31.82373046875
64.867188,-27.392578125
64.869141,8.056640625
64.871094,-90.435791015625
64.873047,208.062744140625
64.875,99.298095703125
64.876953,28.802490234375
64.878906,-131.72607421875
64.880859,54.38232421875
64.882812,43.90869140625
64.884766,49.1455078125
64.886719,14.90478515625
64.888672,27.79541015625
64.890625,116.41845703125
64.892578,2.81982421875
64.894531,32.025146484375
64.896484,114.202880859375
64.898438,202.423095703125
64.900391,27.392578125
64.902344,72.91259765625
64.904297,24.9755859375
64.90625,84.796142578125
64.908203,14.501953125
64.910156,66.064453125
64.912109,60.02197265625
64.914062,144.2138671875
64.916016,-79.7607421875
64.917969,8.8623046875
64.919922,-59.21630859375
64.921875,-13.897705078125
64.923828,100.909423828125
64.925781,-13.092041015625
64.927734,29.8095703125
64.929688,-24.9755859375
64.931641,88.22021484375
64.933594,4.0283203125
64.935547,85.198974609375
64.9375,-1.20849609375
64.939453,-28.60107421875
64.941406,-33.43505859375
64.943359,2.618408203125
64.945312,39.07470703125
64.947266,49.749755859375
64.949219,20.745849609375
64.951172,8.056640625
64.953125,12.689208984375
64.955078,-96.478271484375
64.957031,-49.346923828125
64.958984,61.029052734375
64.960938,-6.243896484375
64.962891,15.911865234375
64.964844,116.217041015625
64.966797,31.622314453125
64.96875,-27.996826171875
64.970703,-47.13134765625
64.972656,-53.57666015625
64.974609,15.509033203125
64.976562,-61.029052734375
64.978516,-66.265869140625
64.980469,47.5341796875
64.982422,171.6064453125
64.984375,147.235107421875
64.986328,-38.873291015625
64.988281,85.400390625
64.990234,22.357177734375
64.992188,74.52392578125
64.994141,-118.231201171875
64.996094,-145.220947265625
64.998047,-39.276123046875
65.0,-48.138427734375
65.001953,-93.05419921875
65.003906,55.389404296875
65.005859,-111.9873046875
65.007812,-121.453857421875
65.009766,-75.732421875
65.011719,143.609619140625
65.013672,-30.413818359375
65.015625,-50.152587890625
65.017578,93.658447265625
65.019531,-23.3642578125
65.021484,-71.7041015625
65.023438,142.6025390625
65.025391,-7.452392578125
65.027344,60.02197265625
65.029297,-4.0283203125
65.03125,-57.806396484375
65.033203,13.29345703125
65.035156,72.308349609375
65.037109,259.625244140625
65.039062,32.427978515625
65.041016,85.198974609375
65.042969,-101.91650390625
65.044922,-145.623779296875
65.046875,9.466552734375
65.048828,-164.35546875
65.050781,-7.2509765625
65.052734,150.054931640625
65.054688,-158.111572265625
65.056641,-81.170654296875
65.058594,66.265869140625
65.060547,265.0634765625
65.0625,-20.745849609375
65.064453,136.56005859375
65.066406,-55.792236328125
65.068359,16.9189453125
65.070312,-11.279296875
65.072266,-115.61279296875
65.074219,114.404296875
65.076172,-12.890625
65.078125,-143.206787109375
65.080078,-61.23046875
65.082031,162.945556640625
65.083984,-225.384521484375
65.085938,62.43896484375
65.087891,195.37353515625
65.089844,-213.5009765625
65.091797,-125.68359375
65.09375,91.845703125
65.095703,-213.90380859375
65.097656,96.478271484375
65.099609,283.59375
65.101562,-135.552978515625
65.103516,1.20849609375
65.105469,-50.555419921875
65.107422,-195.574951171875
65.109375,148.846435546875
65.111328,196.380615234375
65.113281,262.646484375
65.115234,9.869384765625
65.117188,-147.83935546875
65.119141,107.1533203125
65.121094,-160.125732421875
65.123047,-38.470458984375
65.125,45.1171875
65.126953,133.33740234375
65.128906,-102.117919921875
65.130859,-151.46484375
65.132812,54.78515625
65.134766,37.8662109375
65.136719,137.969970703125
65.138672,-188.323974609375
65.140625,18.5302734375
65.142578,235.25390625
65.144531,-74.9267578125
65.146484,-104.937744140625
65.148438,283.392333984375
65.150391,68.88427734375
65.152344,184.4970703125
65.154297,174.42626953125
65.15625,-237.066650390625
65.158203,53.9794921875
65.160156,19.134521484375
65.162109,182.281494140625
65.164062,-181.878662109375
65.166016,59.417724609375
65.167969,62.0361328125
65.169922,-48.138427734375
65.171875,-115.61279296875
65.173828,-79.35791015625
65.175781,-94.061279296875
65.177734,-111.785888671875
65.179688,-22.15576171875
65.181641,-141.998291015625
65.183594,-129.30908203125
65.185547,-114.605712890625
65.1875,187.518310546875
65.189453,196.380615234375
65.191406,54.986572265625
65.193359,-161.9384765625
65.195312,-76.13525390625
65.197266,-53.173828125
65.199219,30.615234375
65.201172,30.816650390625
65.203125,-136.1572265625
65.205078,6.84814453125
65.207031,51.5625
65.208984,-8.45947265625
65.210938,15.71044921875
65.212891,-4.229736328125
65.214844,49.1455078125
65.216797,25.177001953125
65.21875,19.537353515625
65.220703,126.4892578125
65.222656,26.788330078125
65.224609,-46.728515625
65.226562,-19.73876953125
65.228516,22.357177734375
65.230469,-116.41845703125
65.232422,16.314697265625
65.234375,-3.62548828125
65.236328,67.877197265625
65.238281,7.65380859375
65.240234,-69.488525390625
65.242188,-28.399658203125
65.244141,-56.396484375
65.246094,-11.279296875
65.248047,-59.417724609375
65.25,4.229736328125
65.251953,84.5947265625
65.253906,-29.205322265625
65.255859,-62.237548828125
65.257812,29.00390625
65.259766,28.1982421875
65.261719,-6.04248046875
65.263672,-49.54833984375
65.265625,35.85205078125
65.267578,13.494873046875
65.269531,-0.201416015625
65.271484,-14.09912109375
65.273438,43.90869140625
65.275391,30.010986328125
65.277344,139.78271484375
65.279297,-58.41064453125
65.28125,-71.7041015625
65.283203,2.01416015625
65.285156,39.88037109375
65.287109,77.142333984375
65.289062,38.671875
65.291016,9.26513671875
65.292969,68.280029296875
65.294922,66.668701171875
65.296875,21.551513671875
65.298828,75.732421875
65.300781,62.640380859375
65.302734,-123.2666015625
65.304688,70.294189453125
65.306641,35.44921875
65.308594,99.700927734375
65.310547,33.233642578125
65.3125,239.483642578125
65.314453,3.424072265625
65.316406,11.480712890625
65.318359,98.492431640625
65.320312,2.01416015625
65.322266,68.4814453125
65.324219,-1.611328125
65.326172,-55.18798828125
65.328125,55.389404296875
65.330078,44.915771484375
65.332031,-37.46337890625
65.333984,67.67578125
65.335938,134.344482421875
65.337891,149.45068359375
65.339844,73.114013671875
65.341797,-65.460205078125
65.34375,271.5087890625
65.345703,-90.63720703125
65.347656,-168.585205078125
65.349609,-151.86767578125
65.351562,72.711181640625
65.353516,60.4248046875
65.355469,-98.895263671875
65.357422,-73.516845703125
65.359375,41.49169921875
65.361328,437.274169921875
65.363281,-91.845703125
65.365234,-130.517578125
65.367188,-110.174560546875
65.369141,-172.210693359375
65.371094,-311.993408203125
65.373047,316.424560546875
65.375,195.7763671875
65.376953,27.392578125
65.378906,-169.793701171875
65.380859,-136.56005859375
65.382812,-30.816650390625
65.384766,-80.96923828125
65.386719,1.611328125
65.388672,-37.664794921875
65.390625,32.830810546875
65.392578,-214.910888671875
65.394531,-223.974609375
65.396484,37.46337890625
65.398438,282.38525390625
65.400391,-15.106201171875
65.402344,-51.96533203125
65.404297,-132.9345703125
65.40625,-164.556884765625
65.408203,-24.169921875
65.410156,62.640380859375
65.412109,153.8818359375
65.414062,182.281494140625
65.416016,-18.12744140625
65.417969,56.597900390625
65.419922,-108.36181640625
65.421875,25.579833984375
65.423828,0.604248046875
65.425781,73.71826171875
65.427734,-110.577392578125
65.429688,99.0966796875
65.431641,-242.303466796875
65.433594,-286.212158203125
65.435547,311.7919921875
65.4375,238.677978515625
65.439453,234.4482421875
65.441406,-65.863037109375
65.443359,96.27685546875
65.445312,-118.4326171875
65.447266,-176.239013671875
65.449219,68.88427734375
65.451172,-8.056640625
65.453125,-115.008544921875
65.455078,-58.8134765625
65.457031,62.841796875
65.458984,-244.720458984375
65.460938,237.6708984375
65.462891,-149.652099609375
65.464844,-94.061279296875
65.466797,-121.453857421875
65.46875,-152.67333984375
65.470703,-138.372802734375
65.472656,42.7001953125
65.474609,125.68359375
65.476562,67.877197265625
65.478516,-45.1171875
65.480469,-26.385498046875
65.482422,-79.35791015625
65.484375,3.22265625
65.486328,-145.220947265625
65.488281,156.097412109375
65.490234,-3.22265625
65.492188,-119.036865234375
65.494141,-161.737060546875
65.496094,-79.962158203125
65.498047,109.771728515625
65.5,12.48779296875
65.501953,-17.523193359375
65.503906,25.78125
65.505859,86.004638671875
65.507812,-42.498779296875
65.509766,14.501953125
65.511719,130.92041015625
65.513672,-55.5908203125
65.515625,-59.820556640625
65.517578,-61.029052734375
65.519531,-126.89208984375
65.521484,31.622314453125
65.523438,-101.513671875
65.525391,54.78515625
65.527344,57.2021484375
65.529297,-73.516845703125
65.53125,-36.053466796875
65.533203,5.23681640625
65.535156,-6.04248046875
65.537109,80.96923828125
65.539062,-9.869384765625
65.541016,31.01806640625
65.542969,62.237548828125
65.544922,0.40283203125
65.546875,-4.833984375
65.548828,-17.32177734375
65.550781,55.389404296875
65.552734,-9.869384765625
65.554688,-32.025146484375
65.556641,5.841064453125
65.558594,-60.02197265625
65.560547,31.01806640625
65.5625,-96.27685546875
65.564453,-37.261962890625
65.566406,47.13134765625
65.568359,-55.18798828125
65.570312,-27.996826171875
65.572266,-26.18408203125
65.574219,-27.79541015625
65.576172,-67.27294921875
65.578125,-33.0322265625
65.580078,2.01416015625
65.582031,-21.35009765625
65.583984,-35.247802734375
65.585938,-46.527099609375
65.587891,36.2548828125
65.589844,-36.859130859375
65.591797,71.7041015625
65.59375,-31.01806640625
65.595703,-35.85205078125
65.597656,-26.788330078125
65.599609,62.0361328125
65.601562,70.697021484375
65.603516,-46.124267578125
65.605469,-4.0283203125
65.607422,-33.636474609375
65.609375,-96.6796875
65.611328,3.826904296875
65.613281,-39.88037109375
65.615234,-51.5625
65.617188,-57.000732421875
65.619141,-31.622314453125
65.621094,39.07470703125
65.623047,-22.15576171875
65.625,91.0400390625
65.626953,-55.5908203125
65.628906,-100.506591796875
65.630859,-36.053466796875
65.632812,-47.13134765625
65.634766,125.68359375
65.636719,-56.597900390625
65.638672,-50.958251953125
65.640625,-23.565673828125
65.642578,-115.61279296875
65.644531,-11.480712890625
65.646484,27.593994140625
65.648438,76.13525390625
65.650391,-63.446044921875
65.652344,-7.2509765625
65.654297,-126.4892578125
65.65625,-214.70947265625
65.658203,-46.728515625
65.660156,-79.7607421875
65.662109,36.859130859375
65.664062,40.283203125
65.666016,-77.142333984375
65.667969,-11.480712890625
65.669922,63.446044921875
65.671875,-158.7158203125
65.673828,190.9423828125
65.675781,130.11474609375
65.677734,-76.13525390625
65.679688,-33.837890625
65.681641,14.90478515625
65.683594,-114.404296875
65.685547,15.3076171875
65.6875,-98.69384765625
65.689453,-17.724609375
65.691406,-29.40673828125
65.693359,27.79541015625
65.695312,-30.010986328125
65.697266,101.91650390625
65.699219,77.74658203125
65.701172,69.68994140625
65.703125,-183.28857421875
65.705078,-156.298828125
65.707031,-118.02978515625
65.708984,167.578125
65.710938,35.85205078125
65.712891,164.35546875
65.714844,-87.41455078125
65.716797,165.765380859375
65.71875,41.693115234375
65.720703,85.400390625
65.722656,38.873291015625
65.724609,-225.5859375
65.726562,-29.608154296875
65.728516,-84.5947265625
65.730469,181.072998046875
65.732422,36.2548828125
65.734375,-63.446044921875
65.736328,344.42138671875
65.738281,-42.901611328125
65.740234,-134.94873046875
65.742188,-64.05029296875
65.744141,-228.40576171875
65.746094,-155.4931640625
65.748047,36.456298828125
65.75,-0.40283203125
65.751953,9.869384765625
65.753906,127.496337890625
65.755859,-142.401123046875
65.757812,-36.65771484375
65.759766,89.02587890625
65.761719,234.04541015625
65.763672,108.563232421875
65.765625,4.833984375
65.767578,-151.46484375
65.769531,-111.383056640625
65.771484,-45.52001953125
65.773438,-60.02197265625
65.775391,247.74169921875
65.777344,-55.18798828125
65.779297,-126.4892578125
65.78125,80.96923828125
65.783203,439.691162109375
65.785156,291.650390625
65.787109,191.143798828125
65.789062,61.834716796875
65.791016,-126.4892578125
65.792969,-110.3759765625
65.794922,19.940185546875
65.796875,88.22021484375
65.798828,-148.2421875
65.800781,63.043212890625
65.802734,222.76611328125
65.804688,68.280029296875
65.806641,138.17138671875
65.808594,-87.8173828125
65.810547,-96.6796875
65.8125,179.864501953125
65.814453,29.608154296875
65.816406,-181.072998046875
65.818359,-6.04248046875
65.820312,-143.00537109375
65.822266,-108.966064453125
65.824219,-109.5703125
65.826172,-44.512939453125
65.828125,-117.828369140625
65.830078,7.65380859375
65.832031,-57.403564453125
65.833984,-23.565673828125
65.835938,77.34375
65.837891,164.35546875
65.839844,7.855224609375
65.841797,-9.66796875
65.84375,-48.33984375
65.845703,64.251708984375
65.847656,56.396484375
65.849609,168.988037109375
65.851562,66.668701171875
65.853516,-128.90625
65.855469,-93.05419921875
65.857422,-106.34765625
65.859375,46.929931640625
65.861328,41.89453125
65.863281,37.060546875
65.865234,-89.02587890625
65.867188,-6.04248046875
65.869141,-75.32958984375
65.871094,-25.982666015625
65.873047,90.435791015625
65.875,21.35009765625
65.876953,6.04248046875
65.878906,-43.304443359375
65.880859,14.703369140625
65.882812,31.219482421875
65.884766,-112.994384765625
65.886719,51.5625
65.888672,77.142333984375
65.890625,13.897705078125
65.892578,-92.449951171875
65.894531,-97.88818359375
65.896484,-65.863037109375
65.898438,132.53173828125
65.900391,-59.21630859375
65.902344,45.721435546875
65.904297,-14.703369140625
65.90625,-37.664794921875
65.908203,-0.604248046875
65.910156,87.01171875
65.912109,14.300537109375
65.914062,19.940185546875
65.916016,-9.063720703125
65.917969,-14.300537109375
65.919922,46.32568359375
65.921875,-19.537353515625
65.923828,73.71826171875
65.925781,-23.968505859375
65.927734,123.065185546875
65.929688,92.852783203125
65.931641,-47.332763671875
65.933594,11.279296875
65.935547,59.21630859375
65.9375,64.251708984375
65.939453,131.3232421875
65.941406,-18.12744140625
65.943359,10.87646484375
65.945312,-4.0283203125
65.947266,108.563232421875
65.949219,70.697021484375
65.951172,34.039306640625
65.953125,-26.5869140625
65.955078,-24.371337890625
65.957031,30.010986328125
65.958984,167.98095703125
65.960938,11.480712890625
65.962891,-11.480712890625
65.964844,10.07080078125
65.966797,-106.951904296875
65.96875,-38.470458984375
65.970703,49.346923828125
65.972656,42.29736328125
65.974609,173.419189453125
65.976562,108.966064453125
65.978516,-61.029052734375
65.980469,-61.63330078125
65.982422,-10.87646484375
65.984375,197.186279296875
65.986328,107.1533203125
65.988281,218.939208984375
65.990234,29.608154296875
65.992188,-91.241455078125
65.994141,-126.287841796875
65.996094,78.55224609375
65.998047,45.52001953125
66.0,122.259521484375
66.001953,104.132080078125
66.003906,77.947998046875
66.005859,28.1982421875
66.007812,-39.07470703125
66.009766,-82.9833984375
66.011719,73.516845703125
66.013672,-118.83544921875
66.015625,-164.959716796875
66.017578,-116.015625
66.019531,-132.9345703125
66.021484,-126.89208984375
66.023438,16.51611328125
66.025391,47.735595703125
66.027344,61.029052734375
66.029297,-46.527099609375
66.03125,-102.117919921875
66.033203,-180.06591796875
66.035156,-87.8173828125
66.037109,205.4443359375
66.039062,37.664794921875
66.041016,-14.703369140625
66.042969,-147.4365234375
66.044922,17.724609375
66.046875,116.619873046875
66.048828,-148.040771484375
66.050781,107.55615234375
66.052734,94.061279296875
66.054688,88.421630859375
66.056641,-135.150146484375
66.058594,-22.357177734375
66.060547,250.360107421875
66.0625,-13.6962890625
66.064453,-56.396484375
66.066406,-100.103759765625
66.068359,-215.51513671875
66.070312,-144.61669921875
66.072266,63.043212890625
66.074219,156.70166015625
66.076172,-0.604248046875
66.078125,-43.505859375
66.080078,78.350830078125
66.082031,127.496337890625
66.083984,40.484619140625
66.085938,80.364990234375
66.087891,4.833984375
66.089844,214.306640625
66.091797,239.080810546875
66.09375,-59.014892578125
66.095703,-84.99755859375
66.097656,1.007080078125
66.099609,18.5302734375
66.101562,109.771728515625
66.103516,24.57275390625
66.105469,15.71044921875
66.107422,-59.820556640625
66.109375,-72.308349609375
66.111328,229.21142578125
66.113281,197.991943359375
66.115234,100.7080078125
66.117188,-47.13134765625
66.119141,122.4609375
66.121094,74.52392578125
66.123047,100.103759765625
66.125,171.807861328125
66.126953,12.286376953125
66.128906,-60.82763671875
66.130859,-75.32958984375
66.132812,-302.325439453125
66.134766,122.259521484375
66.136719,63.446044921875
66.138672,9.466552734375
66.140625,-27.79541015625
66.142578,-43.505859375
66.144531,-89.83154296875
66.146484,11.077880859375
66.148438,165.362548828125
66.150391,139.78271484375
66.152344,16.9189453125
66.154297,-50.7568359375
66.15625,-154.28466796875
66.158203,62.841796875
66.160156,-60.4248046875
66.162109,20.54443359375
66.164062,95.269775390625
66.166016,-24.371337890625
66.167969,-49.54833984375
66.169922,-158.7158203125
66.171875,139.3798828125
66.173828,105.5419921875
66.175781,82.781982421875
66.177734,121.051025390625
66.179688,-114.605712890625
66.181641,-83.587646484375
66.183594,98.69384765625
66.185547,-48.138427734375
66.1875,49.749755859375
66.189453,170.80078125
66.191406,84.5947265625
66.193359,-39.07470703125
66.195312,-102.117919921875
66.197266,48.944091796875
66.199219,-32.2265625
66.201172,47.332763671875
66.203125,-52.569580078125
66.205078,-145.42236328125
66.207031,-86.407470703125
66.208984,48.944091796875
66.210938,-30.010986328125
66.212891,-45.9228515625
66.214844,-46.728515625
66.216797,-49.951171875
66.21875,-19.537353515625
66.220703,-24.9755859375
66.222656,-68.88427734375
66.224609,12.48779296875
66.226562,-29.8095703125
66.228516,24.371337890625
66.230469,-97.4853515625
66.232422,-25.982666015625
66.234375,-43.10302734375
66.236328,86.407470703125
66.238281,29.205322265625
66.240234,15.106201171875
66.242188,20.1416015625
66.244141,-29.8095703125
66.246094,-73.114013671875
66.248047,-80.96923828125
66.25,114.404296875
66.251953,0.201416015625
66.253906,-0.201416015625
66.255859,-110.174560546875
66.257812,14.09912109375
66.259766,3.424072265625
66.261719,29.40673828125
66.263672,74.725341796875
66.265625,-46.124267578125
66.267578,4.229736328125
66.269531,-106.34765625
66.271484,83.184814453125
66.273438,19.940185546875
66.275391,50.555419921875
66.277344,22.357177734375
66.279297,-19.73876953125
66.28125,-35.44921875
66.283203,58.41064453125
66.285156,-61.63330078125
66.287109,-91.644287109375
66.289062,-17.32177734375
66.291016,118.634033203125
66.292969,-57.806396484375
66.294922,49.346923828125
66.296875,68.682861328125
66.298828,89.4287109375
66.300781,160.528564453125
66.302734,84.5947265625
66.304688,-71.502685546875
66.306641,93.85986328125
66.308594,-44.71435546875
66.310547,66.8701171875
66.3125,101.91650390625
66.314453,28.1982421875
66.316406,15.911865234375
66.318359,-115.008544921875
66.320312,128.302001953125
66.322266,124.676513671875
66.324219,18.5302734375
66.326172,85.80322265625
66.328125,159.521484375
66.330078,25.177001953125
66.332031,7.65380859375
66.333984,134.344482421875
66.335938,109.771728515625
66.337891,179.461669921875
66.339844,-86.810302734375
66.341797,-279.16259765625
66.34375,-11.480712890625
66.345703,128.1005859375
66.347656,101.513671875
66.349609,-82.379150390625
66.351562,-235.65673828125
66.353516,9.063720703125
66.355469,-51.5625
66.357422,71.905517578125
66.359375,-175.634765625
66.361328,163.751220703125
66.363281,82.58056640625
66.365234,6.646728515625
66.367188,31.82373046875
66.369141,135.3515625
66.371094,-95.269775390625
66.373047,138.775634765625
66.375,-69.287109375
66.376953,-313.80615234375
66.378906,-196.98486328125
66.380859,-216.119384765625
66.382812,-187.31689453125
66.384766,208.26416015625
66.386719,-118.83544921875
66.388672,-15.106201171875
66.390625,88.421630859375
66.392578,-73.3154296875
66.394531,-193.76220703125
66.396484,117.425537109375
66.398438,248.345947265625
66.400391,-166.168212890625
66.402344,22.760009765625
66.404297,128.704833984375
66.40625,82.9833984375
66.408203,-2.01416015625
66.410156,66.265869140625
66.412109,15.106201171875
66.414062,78.350830078125
66.416016,-19.3359375
66.417969,75.732421875
66.419922,-142.803955078125
66.421875,6.04248046875
66.423828,120.849609375
66.425781,155.4931640625
66.427734,-125.482177734375
66.429688,-244.317626953125
66.431641,65.2587890625
66.433594,-179.864501953125
66.435547,25.177001953125
66.4375,126.4892578125
66.439453,314.208984375
66.441406,172.81494140625
66.443359,-190.740966796875
66.445312,-55.5908203125
66.447266,41.89453125
66.449219,-21.35009765625
66.451172,80.364990234375
66.453125,-49.1455078125
66.455078,-127.093505859375
66.457031,-69.488525390625
66.458984,24.774169921875
66.460938,125.482177734375
66.462891,-114.80712890625
66.464844,30.816650390625
66.466797,-23.76708984375
66.46875,-77.545166015625
66.470703,-177.24609375
66.472656,152.874755859375
66.474609,170.196533203125
66.476562,58.612060546875
66.478516,-83.184814453125
66.480469,-61.23046875
66.482422,-9.66796875
66.484375,-1.007080078125
66.486328,38.873291015625
66.488281,51.361083984375
66.490234,27.191162109375
66.492188,-41.89453125
66.494141,-118.83544921875
66.496094,-26.385498046875
66.498047,0.8056640625
66.5,9.26513671875
66.501953,108.7646484375
66.503906,-20.745849609375
66.505859,-67.67578125
66.507812,-6.84814453125
66.509766,212.896728515625
66.511719,62.640380859375
66.513672,152.069091796875
66.515625,2.01416015625
66.517578,-85.198974609375
66.519531,8.45947265625
66.521484,68.280029296875
66.523438,44.915771484375
66.525391,-79.7607421875
66.527344,100.7080078125
66.529297,139.3798828125
66.53125,-40.887451171875
66.533203,-9.466552734375
66.535156,83.38623046875
66.537109,-24.169921875
66.539062,22.15576171875
66.541016,-144.61669921875
66.542969,19.134521484375
66.544922,95.068359375
66.546875,35.44921875
66.548828,-39.678955078125
66.550781,73.71826171875
66.552734,-21.954345703125
66.554688,-79.962158203125
66.556641,-23.162841796875
66.558594,56.79931640625
66.560547,55.18798828125
66.5625,130.11474609375
66.564453,-18.731689453125
66.566406,-55.389404296875
66.568359,-6.84814453125
66.570312,-25.579833984375
66.572266,112.79296875
66.574219,11.883544921875
66.576172,36.456298828125
66.578125,-28.60107421875
66.580078,68.88427734375
66.582031,22.15576171875
66.583984,12.689208984375
66.585938,78.1494140625
66.587891,-6.243896484375
66.589844,28.399658203125
66.591797,-17.926025390625
66.59375,-62.237548828125
66.595703,0.604248046875
66.597656,0.8056640625
66.599609,126.287841796875
66.601562,26.98974609375
66.603516,-32.62939453125
66.605469,-53.9794921875
66.607422,-73.114013671875
66.609375,78.1494140625
66.611328,40.283203125
66.613281,-23.968505859375
66.615234,1.20849609375
66.617188,62.0361328125
66.619141,-2.81982421875
66.621094,67.474365234375
66.623047,68.280029296875
66.625,-3.22265625
66.626953,36.456298828125
66.628906,-17.724609375
66.630859,-88.824462890625
66.632812,1.812744140625
66.634766,-83.38623046875
66.636719,-15.911865234375
66.638672,66.064453125
66.640625,13.6962890625
66.642578,-84.393310546875
66.644531,16.9189453125
66.646484,-45.721435546875
66.648438,8.056640625
66.650391,105.5419921875
66.652344,17.120361328125
66.654297,82.58056640625
66.65625,-83.184814453125
66.658203,8.45947265625
66.660156,-45.9228515625
66.662109,15.71044921875
66.664062,55.18798828125
66.666016,-27.593994140625
66.667969,108.160400390625
66.669922,98.895263671875
66.671875,21.954345703125
66.673828,-0.40283203125
66.675781,76.94091796875
66.677734,-31.219482421875
66.679688,107.354736328125
66.681641,254.58984375
66.683594,136.962890625
66.685547,-14.09912109375
66.6875,7.452392578125
66.689453,9.26513671875
66.691406,-118.83544921875
66.693359,-70.49560546875
66.695312,110.980224609375
66.697266,30.413818359375
66.699219,-101.11083984375
66.701172,12.48779296875
66.703125,-108.563232421875
66.705078,-203.228759765625
66.707031,-36.053466796875
66.708984,-23.3642578125
66.710938,-148.040771484375
66.712891,174.42626953125
66.714844,-139.3798828125
66.716797,-173.016357421875
66.71875,-8.258056640625
66.720703,210.479736328125
66.722656,238.07373046875
66.724609,84.5947265625
66.726562,2.618408203125
66.728516,127.294921875
66.730469,40.68603515625
66.732422,255.596923828125
66.734375,-132.12890625
66.736328,270.30029296875
66.738281,-133.135986328125
66.740234,-342.81005859375
66.742188,62.237548828125
66.744141,228.80859375
66.746094,18.93310546875
66.748047,-3.22265625
66.75,45.1171875
66.751953,158.31298828125
66.753906,-163.5498046875
66.755859,-109.368896484375
66.757812,-239.483642578125
66.759766,-211.083984375
66.761719,171.807861328125
66.763672,49.951171875
66.765625,-0.8056640625
66.767578,-283.795166015625
66.769531,-182.080078125
66.771484,-86.60888671875
66.773438,-59.417724609375
66.775391,260.833740234375
66.777344,-363.153076171875
66.779297,-37.060546875
66.78125,53.778076171875
66.783203,-98.291015625
66.785156,105.5419921875
66.787109,201.416015625
66.789062,110.980224609375
66.791016,7.2509765625
66.792969,-244.317626953125
66.794922,-155.09033203125
66.796875,-1.611328125
66.798828,-60.4248046875
66.800781,27.996826171875
66.802734,-290.0390625
66.804688,-40.081787109375
66.806641,179.461669921875
66.808594,73.516845703125
66.810547,41.290283203125
66.8125,105.94482421875
66.814453,148.846435546875
66.816406,-29.00390625
66.818359,-145.220947265625
66.820312,34.24072265625
66.822266,-48.944091796875
66.824219,-48.138427734375
66.826172,-5.438232421875
66.828125,-25.982666015625
66.830078,-51.5625
66.832031,-125.482177734375
66.833984,-40.484619140625
66.835938,130.11474609375
66.837891,204.23583984375
66.839844,-28.399658203125
66.841797,-85.400390625
66.84375,-53.375244140625
66.845703,-66.46728515625
66.847656,23.3642578125
66.849609,129.510498046875
66.851562,2.4169921875
66.853516,-76.5380859375
66.855469,-235.858154296875
66.857422,-143.00537109375
66.859375,77.947998046875
66.861328,97.08251953125
66.863281,63.6474609375
66.865234,71.30126953125
66.867188,32.62939453125
66.869141,22.96142578125
66.871094,-107.757568359375
66.873047,27.996826171875
66.875,61.63330078125
66.876953,62.237548828125
66.878906,-140.58837890625
66.880859,32.62939453125
66.882812,-118.02978515625
66.884766,-12.689208984375
66.886719,-50.555419921875
66.888672,90.838623046875
66.890625,13.494873046875
66.892578,-11.68212890625
66.894531,-5.035400390625
66.896484,24.57275390625
66.898438,35.44921875
66.900391,70.49560546875
66.902344,-133.538818359375
66.904297,11.279296875
66.90625,14.703369140625
66.908203,-3.62548828125
66.910156,69.68994140625
66.912109,128.50341796875
66.914062,62.640380859375
66.916016,22.760009765625
66.917969,103.729248046875
66.919922,5.035400390625
66.921875,18.731689453125
66.923828,24.371337890625
66.925781,-98.291015625
66.927734,-35.650634765625
66.929688,-15.509033203125
66.931641,-3.021240234375
66.933594,56.79931640625
66.935547,140.185546875
66.9375,-86.810302734375
66.939453,15.71044921875
66.941406,-29.205322265625
66.943359,101.715087890625
66.945312,27.593994140625
66.947266,49.54833984375
66.949219,-75.128173828125
66.951172,-9.66796875
66.953125,-28.802490234375
66.955078,-113.19580078125
66.957031,-146.832275390625
66.958984,14.501953125
66.960938,40.484619140625
66.962891,-61.23046875
66.964844,69.085693359375
66.966797,122.4609375
66.96875,27.392578125
66.970703,-32.2265625
66.972656,-77.947998046875
66.974609,108.36181640625
66.976562,90.63720703125
66.978516,70.0927734375
66.980469,-170.196533203125
66.982422,-105.13916015625
66.984375,6.84814453125
66.986328,16.717529296875
66.988281,1.20849609375
66.990234,40.68603515625
66.992188,-57.403564453125
66.994141,-58.0078125
66.996094,-8.8623046875
66.998047,41.0888671875
67.0,79.559326171875
67.001953,52.77099609375
67.003906,-48.138427734375
67.005859,12.48779296875
67.007812,-77.142333984375
67.009766,184.4970703125
67.011719,74.9267578125
67.013672,-1.007080078125
67.015625,136.1572265625
67.017578,-217.730712890625
67.019531,-42.095947265625
67.021484,-5.23681640625
67.023438,44.3115234375
67.025391,-7.049560546875
67.027344,111.9873046875
67.029297,-26.18408203125
67.03125,-187.7197265625
67.033203,-65.863037109375
67.035156,-78.55224609375
67.037109,92.24853515625
67.039062,390.7470703125
67.041016,-314.007568359375
67.042969,-92.6513671875
67.044922,40.887451171875
67.046875,-68.88427734375
67.048828,40.68603515625
67.050781,69.891357421875
67.052734,-8.45947265625
67.054688,32.025146484375
67.056641,114.404296875
67.058594,-75.531005859375
67.060547,25.579833984375
67.0625,57.403564453125
67.064453,-38.671875
67.066406,-52.569580078125
67.068359,80.767822265625
67.070312,-81.77490234375
67.072266,188.12255859375
67.074219,224.7802734375
67.076172,45.721435546875
67.078125,-72.308349609375
67.080078,60.4248046875
67.082031,-32.025146484375
67.083984,-122.662353515625
67.085938,-268.68896484375
67.087891,-1.20849609375
67.089844,-218.133544921875
67.091797,16.51611328125
67.09375,16.9189453125
67.095703,17.523193359375
67.097656,18.328857421875
67.099609,19.3359375
67.101562,20.1416015625
67.103516,21.148681640625
67.105469,21.954345703125
67.107422,22.55859375
67.109375,22.760009765625
67.111328,26.98974609375
67.113281,26.5869140625
67.115234,26.18408203125
67.117188,25.37841796875
67.119141,24.57275390625
67.121094,23.565673828125
67.123047,22.760009765625
67.125,21.7529296875
67.126953,21.148681640625
67.128906,20.745849609375
67.130859,20.54443359375
67.132812,20.745849609375
67.134766,20.947265625
67.136719,18.5302734375
67.138672,19.3359375
67.140625,20.1416015625
67.142578,21.148681640625
67.144531,22.15576171875
67.146484,22.96142578125
67.148438,23.565673828125
67.150391,23.968505859375
67.152344,24.169921875
67.154297,23.968505859375
67.15625,23.565673828125
67.158203,22.96142578125
67.160156,16.51611328125
67.162109,15.509033203125
67.164062,14.703369140625
67.166016,13.6962890625
67.167969,12.890625
67.169922,12.286376953125
67.171875,12.0849609375
67.173828,11.883544921875
67.175781,5.035400390625
67.177734,5.6396484375
67.179688,6.243896484375
67.181641,7.049560546875
67.183594,8.056640625
67.185547,9.063720703125
67.1875,9.869384765625
67.189453,10.675048828125
67.191406,11.077880859375
67.193359,11.480712890625
67.195312,11.279296875
67.197266,11.077880859375
67.199219,10.4736328125
67.201172,9.66796875
67.203125,2.4169921875
67.205078,1.409912109375
67.207031,-4.229736328125
67.208984,-5.035400390625
67.210938,-5.6396484375
67.212891,-6.04248046875
67.214844,-6.243896484375
67.216797,-6.04248046875
67.21875,-5.6396484375
67.220703,-5.035400390625
67.222656,-6.04248046875
67.224609,-5.23681640625
67.226562,-4.229736328125
67.228516,-3.22265625
67.230469,-2.618408203125
67.232422,-2.01416015625
67.234375,-1.611328125
67.236328,-1.611328125
67.238281,-1.812744140625
67.240234,0.0
67.242188,-0.8056640625
67.244141,-1.611328125
67.246094,-2.618408203125
67.248047,-3.424072265625
67.25,-4.43115234375
67.251953,-5.035400390625
67.253906,-5.6396484375
67.255859,0.0
67.257812,0.0
67.259766,0.40283203125
67.261719,1.007080078125
67.263672,1.812744140625
67.265625,2.618408203125
67.267578,3.62548828125
67.269531,4.632568359375
67.271484,12.0849609375
67.273438,12.689208984375
67.275391,13.092041015625
67.277344,13.29345703125
67.279297,13.092041015625
67.28125,12.689208984375
67.283203,12.0849609375
67.285156,11.077880859375
67.287109,17.120361328125
67.289062,16.11328125
67.291016,15.106201171875
67.292969,14.300537109375
67.294922,13.897705078125
67.296875,13.494873046875
67.298828,13.494873046875
67.300781,13.6962890625
67.302734,14.09912109375
67.304688,19.73876953125
67.306641,20.54443359375
67.308594,21.551513671875
67.310547,22.55859375
67.3125,23.3642578125
67.314453,23.968505859375
67.316406,24.57275390625
67.318359,27.996826171875
67.320312,27.996826171875
67.322266,27.593994140625
67.324219,26.98974609375
67.326172,26.18408203125
67.328125,25.37841796875
67.330078,24.371337890625
67.332031,21.954345703125
67.333984,21.148681640625
67.335938,20.54443359375
67.337891,20.1416015625
67.339844,19.940185546875
67.341797,20.1416015625
67.34375,20.54443359375
67.345703,21.148681640625
67.347656,21.954345703125
67.349609,18.12744140625
67.351562,19.134521484375
67.353516,19.940185546875
67.355469,20.745849609375
67.357422,21.35009765625
67.359375,21.7529296875
67.361328,21.7529296875
67.363281,21.551513671875
67.365234,14.300537109375
67.367188,13.494873046875
67.369141,12.689208984375
67.371094,11.68212890625
67.373047,10.675048828125
67.375,9.869384765625
67.376953,9.063720703125
67.378906,8.660888671875
67.380859,1.409912109375
67.382812,1.409912109375
67.384766,1.812744140625
67.386719,2.4169921875
67.388672,3.22265625
67.390625,4.0283203125
67.392578,5.035400390625
67.394531,6.04248046875
67.396484,6.84814453125
67.398438,1.611328125
67.400391,2.215576171875
67.402344,2.215576171875
67.404297,2.215576171875
67.40625,1.611328125
67.408203,1.007080078125
67.410156,0.201416015625
67.412109,-0.8056640625
67.414062,-1.611328125
67.416016,-2.618408203125
67.417969,-3.424072265625
67.419922,-4.0283203125
67.421875,-4.229736328125
67.423828,-4.229736328125
67.425781,-4.0283203125
67.427734,-5.841064453125
67.429688,-5.23681640625
67.431641,-4.229736328125
67.433594,-3.424072265625
67.435547,-2.4169921875
67.4375,-1.409912109375
67.439453,-0.8056640625
67.441406,-0.201416015625
67.443359,0.0
67.445312,2.215576171875
67.447266,1.812744140625
67.449219,1.20849609375
67.451172,0.40283203125
67.453125,-0.40283203125
67.455078,-1.409912109375
67.457031,-2.4169921875
67.458984,-3.22265625
67.460938,-3.826904296875
67.462891,1.409912109375
67.464844,1.20849609375
67.466797,1.409912109375
67.46875,1.812744140625
67.470703,2.4169921875
67.472656,3.22265625
67.474609,4.229736328125
67.476562,5.23681640625
67.478516,13.29345703125
67.480469,14.09912109375
67.482422,14.703369140625
67.484375,14.90478515625
67.486328,15.106201171875
67.488281,14.703369140625
67.490234,14.300537109375
67.492188,19.73876953125
67.494141,18.93310546875
67.496094,17.926025390625
67.498047,17.120361328125
67.5,16.11328125
67.501953,15.509033203125
67.503906,14.90478515625
67.505859,14.703369140625
67.507812,14.703369140625
67.509766,15.106201171875
67.511719,19.940185546875
67.513672,20.54443359375
67.515625,21.551513671875
67.517578,22.55859375
67.519531,23.3642578125
67.521484,24.371337890625
67.523438,24.9755859375
67.525391,25.37841796875
67.527344,26.98974609375
67.529297,26.98974609375
67.53125,26.5869140625
67.533203,25.78125
67.535156,24.9755859375
67.537109,23.968505859375
67.539062,23.162841796875
67.541016,20.54443359375
67.542969,19.73876953125
67.544922,19.134521484375
67.546875,18.731689453125
67.548828,18.731689453125
67.550781,18.93310546875
67.552734,19.537353515625
67.554688,20.1416015625
67.556641,20.947265625
67.558594,16.51611328125
67.560547,17.32177734375
67.5625,18.328857421875
67.564453,18.93310546875
67.566406,19.537353515625
67.568359,19.73876953125
67.570312,19.73876953125
67.572266,12.890625
67.574219,12.286376953125
67.576172,11.480712890625
67.578125,10.4736328125
67.580078,9.66796875
67.582031,8.660888671875
67.583984,7.855224609375
67.585938,7.2509765625
67.587891,6.646728515625
67.589844,-5.438232421875
67.591797,-10.07080078125
67.59375,-5.23681640625
67.595703,3.22265625
67.597656,13.897705078125
67.599609,1.409912109375
67.601562,-12.689208984375
67.603516,6.4453125
67.605469,-16.717529296875
67.607422,3.021240234375
67.609375,0.604248046875
67.611328,2.618408203125
67.613281,10.07080078125
67.615234,-15.509033203125
67.617188,3.22265625
67.619141,-15.106201171875
67.621094,35.44921875
67.623047,69.287109375
67.625,-23.76708984375
67.626953,26.18408203125
67.628906,-15.911865234375
67.630859,-49.346923828125
67.632812,21.954345703125
67.634766,-38.26904296875
67.636719,112.39013671875
67.638672,3.62548828125
67.640625,-23.162841796875
67.642578,37.46337890625
67.644531,-42.095947265625
67.646484,-41.89453125
67.648438,-38.26904296875
67.650391,41.290283203125
67.652344,-22.357177734375
67.654297,32.025146484375
67.65625,12.286376953125
67.658203,-17.32177734375
67.660156,34.442138671875
67.662109,36.859130859375
67.664062,99.90234375
67.666016,2.618408203125
67.667969,1.20849609375
67.669922,-36.053466796875
67.671875,37.8662109375
67.673828,-19.73876953125
67.675781,6.4453125
67.677734,26.385498046875
67.679688,-37.46337890625
67.681641,-16.717529296875
67.683594,-8.660888671875
67.685547,39.88037109375
67.6875,3.424072265625
67.689453,100.7080078125
67.691406,-28.60107421875
67.693359,7.049560546875
67.695312,-49.749755859375
67.697266,98.69384765625
67.699219,18.12744140625
67.701172,-74.52392578125
67.703125,-64.05029296875
67.705078,22.15576171875
67.707031,-5.438232421875
67.708984,-35.04638671875
67.710938,12.286376953125
67.712891,129.107666015625
67.714844,62.43896484375
67.716797,19.537353515625
67.71875,-2.01416015625
67.720703,88.018798828125
67.722656,15.3076171875
67.724609,38.671875
67.726562,74.12109375
67.728516,-42.498779296875
67.730469,-16.9189453125
67.732422,-18.328857421875
67.734375,-89.4287109375
67.736328,51.15966796875
67.738281,-73.3154296875
67.740234,-39.88037109375
67.742188,-11.883544921875
67.744141,109.771728515625
67.746094,20.54443359375
67.748047,42.498779296875
67.75,-8.8623046875
67.751953,13.494873046875
67.753906,-81.3720703125
67.755859,35.650634765625
67.757812,-79.156494140625
67.759766,119.036865234375
67.761719,44.3115234375
67.763672,2.215576171875
67.765625,126.287841796875
67.767578,-58.209228515625
67.769531,6.04248046875
67.771484,27.593994140625
67.773438,120.849609375
67.775391,76.94091796875
67.777344,78.753662109375
67.779297,-17.523193359375
67.78125,66.265869140625
67.783203,-27.79541015625
67.785156,96.075439453125
67.787109,-44.110107421875
67.789062,60.4248046875
67.791016,6.84814453125
67.792969,-23.76708984375
67.794922,-170.39794921875
67.796875,86.2060546875
67.798828,-22.15576171875
67.800781,-97.08251953125
67.802734,4.43115234375
67.804688,43.707275390625
67.806641,39.678955078125
67.808594,16.9189453125
67.810547,57.60498046875
67.8125,105.743408203125
67.814453,10.272216796875
67.816406,81.3720703125
67.818359,-25.579833984375
67.820312,-51.15966796875
67.822266,-19.3359375
67.824219,-35.650634765625
67.826172,-101.312255859375
67.828125,-1.409912109375
67.830078,26.98974609375
67.832031,-9.26513671875
67.833984,-2.4169921875
67.835938,10.272216796875
67.837891,17.120361328125
67.839844,28.60107421875
67.841797,-11.279296875
67.84375,-10.07080078125
67.845703,8.660888671875
67.847656,22.55859375
67.849609,6.04248046875
67.851562,34.442138671875
67.853516,-33.636474609375
67.855469,-72.91259765625
67.857422,4.833984375
67.859375,39.276123046875
67.861328,57.403564453125
67.863281,-8.056640625
67.865234,14.703369140625
67.867188,-34.442138671875
67.869141,-28.60107421875
67.871094,-0.604248046875
67.873047,30.010986328125
67.875,15.509033203125
67.876953,-42.095947265625
67.878906,-39.276123046875
67.880859,-11.279296875
67.882812,43.304443359375
67.884766,47.93701171875
67.886719,16.11328125
67.888672,38.470458984375
67.890625,23.968505859375
67.892578,-4.632568359375
67.894531,29.8095703125
67.896484,51.15966796875
67.898438,42.498779296875
67.900391,32.025146484375
67.902344,-17.523193359375
67.904297,-1.007080078125
67.90625,31.82373046875
67.908203,34.039306640625
67.910156,39.678955078125
67.912109,4.0283203125
67.914062,2.01416015625
67.916016,41.290283203125
67.917969,12.286376953125
67.919922,45.52001953125
67.921875,60.82763671875
67.923828,-3.424072265625
67.925781,-50.7568359375
67.927734,20.947265625
67.929688,-8.660888671875
67.931641,-0.604248046875
67.933594,23.968505859375
67.935547,36.65771484375
67.9375,4.833984375
67.939453,23.162841796875
67.941406,31.4208984375
67.943359,67.67578125
67.945312,-9.26513671875
67.947266,113.800048828125
67.949219,11.68212890625
67.951172,84.99755859375
67.953125,-6.646728515625
67.955078,-9.26513671875
67.957031,10.07080078125
67.958984,-23.3642578125
67.960938,31.01806640625
67.962891,-7.855224609375
67.964844,-21.954345703125
67.966797,-7.049560546875
67.96875,49.1455078125
67.970703,12.689208984375
67.972656,-3.62548828125
67.974609,16.314697265625
67.976562,26.788330078125
67.978516,-15.509033203125
67.980469,-2.215576171875
67.982422,58.0078125
67.984375,33.837890625
67.986328,55.99365234375
67.988281,20.745849609375
67.990234,3.424072265625
67.992188,-67.877197265625
67.994141,-3.021240234375
67.996094,-66.46728515625
67.998047,95.672607421875
68.0,5.841064453125
68.001953,6.04248046875
68.003906,-79.156494140625
68.005859,35.650634765625
68.007812,-84.19189453125
68.009766,39.88037109375
68.011719,17.32177734375
68.013672,0.8056640625
68.015625,-86.2060546875
68.017578,-66.064453125
68.019531,-91.241455078125
68.021484,-76.5380859375
68.023438,-15.911865234375
68.025391,-13.29345703125
68.027344,14.90478515625
68.029297,-9.466552734375
68.03125,24.774169921875
68.033203,13.29345703125
68.035156,135.75439453125
68.037109,-13.29345703125
68.039062,28.1982421875
68.041016,-14.90478515625
68.042969,-69.488525390625
68.044922,-10.4736328125
68.046875,13.897705078125
68.048828,45.9228515625
68.050781,65.2587890625
68.052734,29.40673828125
68.054688,-36.053466796875
68.056641,34.844970703125
68.058594,29.608154296875
68.060547,-37.46337890625
68.0625,65.2587890625
68.064453,-39.678955078125
68.066406,-129.510498046875
68.068359,-93.255615234375
68.070312,9.66796875
68.072266,104.937744140625
68.074219,120.849609375
68.076172,119.23828125
68.078125,-96.478271484375
68.080078,-10.675048828125
68.082031,30.615234375
68.083984,35.247802734375
68.085938,-7.452392578125
68.087891,94.2626953125
68.089844,-34.24072265625
68.091797,59.21630859375
68.09375,-25.579833984375
68.095703,21.551513671875
68.097656,130.316162109375
68.099609,37.664794921875
68.101562,93.658447265625
68.103516,39.678955078125
68.105469,76.336669921875
68.107422,125.079345703125
68.109375,-54.583740234375
68.111328,117.626953125
68.113281,-8.660888671875
68.115234,40.081787109375
68.117188,-7.855224609375
68.119141,3.424072265625
68.121094,-79.35791015625
68.123047,23.3642578125
68.125,54.38232421875
68.126953,-61.63330078125
68.128906,-81.573486328125
68.130859,24.9755859375
68.132812,-12.48779296875
68.134766,-29.00390625
68.136719,55.389404296875
68.138672,42.498779296875
68.140625,-39.07470703125
68.142578,-50.152587890625
68.144531,-58.0078125
68.146484,11.279296875
68.148438,-6.4453125
68.150391,36.2548828125
68.152344,49.1455078125
68.154297,25.78125
68.15625,58.0078125
68.158203,35.85205078125
68.160156,79.7607421875
68.162109,54.180908203125
68.164062,16.11328125
68.166016,-4.632568359375
68.167969,64.453125
68.169922,-27.593994140625
68.171875,21.551513671875
68.173828,18.731689453125
68.175781,40.283203125
68.177734,18.731689453125
68.179688,-32.427978515625
68.181641,-9.26513671875
68.183594,27.593994140625
68.185547,66.8701171875
68.1875,35.85205078125
68.189453,-29.40673828125
68.191406,-1.20849609375
68.193359,-9.063720703125
68.195312,-52.77099609375
68.197266,56.396484375
68.199219,45.318603515625
68.201172,45.9228515625
68.203125,-42.901611328125
68.205078,-23.565673828125
68.207031,-3.424072265625
68.208984,-47.735595703125
68.210938,-3.826904296875
68.212891,-6.4453125
68.214844,35.247802734375
68.216797,-45.721435546875
68.21875,-13.29345703125
68.220703,-34.039306640625
68.222656,14.501953125
68.224609,21.954345703125
68.226562,13.092041015625
68.228516,-15.509033203125
68.230469,3.424072265625
68.232422,-23.76708984375
68.234375,1.20849609375
68.236328,5.6396484375
68.238281,-18.5302734375
68.240234,-33.233642578125
68.242188,-30.010986328125
68.244141,-1.007080078125
68.246094,-6.243896484375
68.248047,59.21630859375
68.25,-5.841064453125
68.251953,21.954345703125
68.253906,-35.44921875
68.255859,-7.855224609375
68.257812,-47.13134765625
68.259766,19.940185546875
68.261719,19.3359375
68.263672,21.35009765625
68.265625,0.40283203125
68.267578,-49.346923828125
68.269531,2.01416015625
68.271484,1.812744140625
68.273438,-1.007080078125
68.275391,26.385498046875
68.277344,-18.731689453125
68.279297,35.04638671875
68.28125,-15.911865234375
68.283203,74.322509765625
68.285156,-4.43115234375
68.287109,-11.077880859375
68.289062,86.2060546875
68.291016,38.470458984375
68.292969,-3.826904296875
68.294922,-52.3681640625
68.296875,7.65380859375
68.298828,55.792236328125
68.300781,66.265869140625
68.302734,-17.926025390625
68.304688,-18.731689453125
68.306641,65.460205078125
68.308594,32.427978515625
68.310547,5.438232421875
68.3125,63.446044921875
68.314453,-4.229736328125
68.316406,-1.812744140625
68.318359,36.2548828125
68.320312,46.728515625
68.322266,134.94873046875
68.324219,81.573486328125
68.326172,33.837890625
68.328125,106.146240234375
68.330078,36.2548828125
68.332031,32.62939453125
68.333984,5.438232421875
68.335938,120.245361328125
68.337891,25.579833984375
68.339844,-27.593994140625
68.341797,-58.209228515625
68.34375,-19.73876953125
68.345703,10.4736328125
68.347656,83.990478515625
68.349609,-16.51611328125
68.351562,156.500244140625
68.353516,74.322509765625
68.355469,-34.844970703125
68.357422,10.87646484375
68.359375,79.7607421875
68.361328,130.11474609375
68.363281,30.21240234375
68.365234,70.8984375
68.367188,11.077880859375
68.369141,-20.745849609375
68.371094,-103.9306640625
68.373047,-31.82373046875
68.375,47.332763671875
68.376953,47.5341796875
68.378906,-24.169921875
68.380859,-34.844970703125
68.382812,60.82763671875
68.384766,-56.597900390625
68.386719,28.802490234375
68.388672,66.46728515625
68.390625,42.29736328125
68.392578,23.968505859375
68.394531,-53.57666015625
68.396484,-15.3076171875
68.398438,163.95263671875
68.400391,-0.8056640625
68.402344,3.22265625
68.404297,-86.2060546875
68.40625,-136.358642578125
68.408203,122.662353515625
68.410156,-14.90478515625
68.412109,41.693115234375
68.414062,138.372802734375
68.416016,-9.063720703125
68.417969,-73.919677734375
68.419922,24.9755859375
68.421875,121.051025390625
68.423828,60.02197265625
68.425781,-87.01171875
68.427734,74.52392578125
68.429688,117.22412109375
68.431641,-51.96533203125
68.433594,-92.24853515625
68.435547,0.604248046875
68.4375,11.279296875
68.439453,-71.7041015625
68.441406,-33.0322265625
68.443359,14.09912109375
68.445312,-128.1005859375
68.447266,149.249267578125
68.449219,31.622314453125
68.451172,114.605712890625
68.453125,-67.67578125
68.455078,-18.5302734375
68.457031,83.184814453125
68.458984,36.65771484375
68.460938,12.0849609375
68.462891,19.73876953125
68.464844,-69.891357421875
68.466797,20.947265625
68.46875,24.169921875
68.470703,-64.85595703125
68.472656,-47.735595703125
68.474609,-21.954345703125
68.476562,-31.82373046875
68.478516,-41.290283203125
68.480469,-35.44921875
68.482422,12.48779296875
68.484375,10.675048828125
68.486328,16.11328125
68.488281,55.18798828125
68.490234,41.0888671875
68.492188,35.247802734375
68.494141,-76.13525390625
68.496094,-2.215576171875
68.498047,65.460205078125
68.5,23.162841796875
68.501953,8.45947265625
68.503906,65.2587890625
68.505859,-39.678955078125
68.507812,1.611328125
68.509766,-23.968505859375
68.511719,28.399658203125
68.513672,37.46337890625
68.515625,55.792236328125
68.517578,-50.7568359375
68.519531,-48.944091796875
68.521484,8.8623046875
68.523438,95.8740234375
68.525391,70.697021484375
68.527344,10.07080078125
68.529297,51.15966796875
68.53125,-38.470458984375
68.533203,10.87646484375
68.535156,-1.611328125
68.537109,71.099853515625
68.539062,35.85205078125
68.541016,-3.424072265625
68.542969,30.010986328125
68.544922,39.07470703125
68.546875,34.844970703125
68.548828,-10.4736328125
68.550781,59.417724609375
68.552734,16.9189453125
68.554688,-51.15966796875
68.556641,-13.494873046875
68.558594,33.0322265625
68.560547,58.612060546875
68.5625,11.077880859375
68.564453,61.029052734375
68.566406,47.332763671875
68.568359,-14.90478515625
68.570312,22.760009765625
68.572266,-18.5302734375
68.574219,71.502685546875
68.576172,47.93701171875
68.578125,19.537353515625
68.580078,20.343017578125
68.582031,41.290283203125
68.583984,-31.622314453125
68.585938,-63.848876953125
68.587891,-43.707275390625
68.589844,14.501953125
68.591797,-14.90478515625
68.59375,-15.509033203125
68.595703,43.304443359375
68.597656,-25.78125
68.599609,3.826904296875
68.601562,-16.9189453125
68.603516,-27.996826171875
68.605469,-27.996826171875
68.607422,-25.579833984375
68.609375,-28.802490234375
68.611328,-25.982666015625
68.613281,-0.604248046875
68.615234,-67.071533203125
68.617188,-25.37841796875
68.619141,26.18408203125
68.621094,-35.650634765625
68.623047,49.346923828125
68.625,-60.82763671875
68.626953,12.286376953125
68.628906,-16.11328125
68.630859,-13.29345703125
68.632812,-4.632568359375
68.634766,-0.40283203125
68.636719,-9.466552734375
68.638672,53.173828125
68.640625,-33.636474609375
68.642578,23.76708984375
68.644531,11.480712890625
68.646484,-22.760009765625
68.648438,66.668701171875
68.650391,15.509033203125
68.652344,-21.35009765625
68.654297,-10.07080078125
68.65625,7.855224609375
68.658203,-4.229736328125
68.660156,89.02587890625
68.662109,-19.940185546875
68.664062,80.56640625
68.666016,42.901611328125
68.667969,25.37841796875
68.669922,67.27294921875
68.671875,6.84814453125
68.673828,94.2626953125
68.675781,-16.11328125
68.677734,-29.00390625
68.679688,10.07080078125
68.681641,59.820556640625
68.683594,-20.745849609375
68.685547,11.480712890625
68.6875,-21.7529296875
68.689453,15.3076171875
68.691406,0.8056640625
68.693359,49.346923828125
68.695312,-74.725341796875
68.697266,82.9833984375
68.699219,55.99365234375
68.701172,10.675048828125
68.703125,-123.870849609375
68.705078,28.60107421875
68.707031,64.05029296875
68.708984,-8.660888671875
68.710938,-59.820556640625
68.712891,91.0400390625
68.714844,34.844970703125
68.716797,-29.00390625
68.71875,26.18408203125
68.720703,2.618408203125
68.722656,13.6962890625
68.724609,-31.622314453125
68.726562,131.524658203125
68.728516,58.612060546875
68.730469,-41.0888671875
68.732422,43.304443359375
68.734375,-36.456298828125
68.736328,-31.622314453125
68.738281,48.33984375
68.740234,10.4736328125
68.742188,35.04638671875
68.744141,-55.792236328125
68.746094,-59.417724609375
68.748047,8.056640625
68.75,37.46337890625
68.751953,-1.812744140625
68.753906,33.43505859375
68.755859,19.3359375
68.757812,-24.774169921875
68.759766,107.1533203125
68.761719,-61.23046875
68.763672,-47.332763671875
68.765625,90.234375
68.767578,133.33740234375
68.769531,31.01806640625
68.771484,-59.014892578125
68.773438,125.885009765625
68.775391,79.35791015625
68.777344,16.717529296875
68.779297,-56.597900390625
68.78125,-48.541259765625
68.783203,65.460205078125
68.785156,52.972412109375
68.787109,55.99365234375
68.789062,8.056640625
68.791016,60.02197265625
68.792969,-17.724609375
68.794922,-35.04638671875
68.796875,31.82373046875
68.798828,-51.96533203125
68.800781,-20.54443359375
68.802734,-80.767822265625
68.804688,46.929931640625
68.806641,58.0078125
68.808594,-83.38623046875
68.810547,29.00390625
68.8125,-74.725341796875
68.814453,89.4287109375
68.816406,-9.063720703125
68.818359,24.57275390625
68.820312,60.223388671875
68.822266,42.095947265625
68.824219,70.49560546875
68.826172,-54.180908203125
68.828125,-4.43115234375
68.830078,8.056640625
68.832031,-89.630126953125
68.833984,-25.177001953125
68.835938,32.62939453125
68.837891,1.007080078125
68.839844,-108.36181640625
68.841797,-4.229736328125
68.84375,-13.494873046875
68.845703,-90.838623046875
68.847656,39.07470703125
68.849609,54.583740234375
68.851562,20.745849609375
68.853516,-68.682861328125
68.855469,-21.148681640625
68.857422,-26.18408203125
68.859375,34.442138671875
68.861328,-15.3076171875
68.863281,41.693115234375
68.865234,-22.96142578125
68.867188,-24.57275390625
68.869141,28.399658203125
68.871094,58.41064453125
68.873047,52.166748046875
68.875,19.3359375
68.876953,24.169921875
68.878906,7.855224609375
68.880859,-57.2021484375
68.882812,-19.3359375
68.884766,55.792236328125
68.886719,-3.021240234375
68.888672,-55.5908203125
68.890625,73.3154296875
68.892578,-18.731689453125
68.894531,1.409912109375
68.896484,7.65380859375
68.898438,35.85205078125
68.900391,-0.8056640625
68.902344,-15.509033203125
68.904297,-25.177001953125
68.90625,17.724609375
68.908203,31.622314453125
68.910156,1.611328125
68.912109,55.389404296875
68.914062,55.5908203125
68.916016,-54.583740234375
68.917969,-33.636474609375
68.919922,-17.523193359375
68.921875,12.48779296875
68.923828,-11.480712890625
68.925781,34.442138671875
68.927734,38.671875
68.929688,11.68212890625
68.931641,10.675048828125
68.933594,21.35009765625
68.935547,-13.29345703125
68.9375,56.195068359375
68.939453,-3.424072265625
68.941406,49.1455078125
68.943359,16.11328125
68.945312,68.07861328125
68.947266,-8.45947265625
68.949219,19.134521484375
68.951172,97.88818359375
68.953125,42.095947265625
68.955078,45.1171875
68.957031,49.1455078125
68.958984,-23.76708984375
68.960938,72.509765625
68.962891,-8.056640625
68.964844,-24.774169921875
68.966797,43.10302734375
68.96875,-37.060546875
68.970703,62.237548828125
68.972656,18.731689453125
68.974609,8.8623046875
68.976562,50.555419921875
68.978516,-5.6396484375
68.980469,45.721435546875
68.982422,12.48779296875
68.984375,18.328857421875
68.986328,-26.18408203125
68.988281,-28.1982421875
68.990234,-26.788330078125
68.992188,58.209228515625
68.994141,-27.79541015625
68.996094,-1.20849609375
68.998047,57.000732421875
69.0,40.484619140625
69.001953,-1.007080078125
69.003906,-99.700927734375
69.005859,-47.13134765625
69.007812,-6.04248046875
69.009766,-34.039306640625
69.011719,-36.859130859375
69.013672,32.427978515625
69.015625,-34.24072265625
69.017578,-7.049560546875
69.019531,21.954345703125
69.021484,55.99365234375
69.023438,-7.452392578125
69.025391,-15.106201171875
69.027344,81.170654296875
69.029297,72.509765625
69.03125,29.8095703125
69.033203,-84.19189453125
69.035156,43.10302734375
69.037109,62.43896484375
69.039062,-50.555419921875
69.041016,-33.233642578125
69.042969,48.944091796875
69.044922,24.9755859375
69.046875,92.852783203125
69.048828,89.02587890625
69.050781,-6.243896484375
69.052734,-87.41455078125
69.054688,4.833984375
69.056641,-35.44921875
69.058594,-4.0283203125
69.060547,-1.611328125
69.0625,-22.357177734375
69.064453,52.166748046875
69.066406,-75.933837890625
69.068359,-27.191162109375
69.070312,-12.689208984375
69.072266,153.076171875
69.074219,231.62841796875
69.076172,38.26904296875
69.078125,10.675048828125
69.080078,16.9189453125
69.082031,-168.78662109375
69.083984,46.728515625
69.085938,37.060546875
69.087891,-25.579833984375
69.089844,100.909423828125
69.091797,-13.494873046875
69.09375,-148.443603515625
69.095703,-18.93310546875
69.097656,-28.1982421875
69.099609,-0.8056640625
69.101562,-63.6474609375
69.103516,-7.049560546875
69.105469,56.597900390625
69.107422,37.060546875
69.109375,3.62548828125
69.111328,14.09912109375
69.113281,90.838623046875
69.115234,73.3154296875
69.117188,105.94482421875
69.119141,-41.89453125
69.121094,-21.35009765625
69.123047,59.21630859375
69.125,88.018798828125
69.126953,-7.65380859375
69.128906,31.01806640625
69.130859,7.2509765625
69.132812,-16.717529296875
69.134766,100.103759765625
69.136719,80.364990234375
69.138672,-14.501953125
69.140625,-31.4208984375
69.142578,-42.29736328125
69.144531,-42.7001953125
69.146484,33.233642578125
69.148438,39.88037109375
69.150391,-1.20849609375
69.152344,149.853515625
69.154297,38.671875
69.15625,-11.883544921875
69.158203,-17.724609375
69.160156,89.83154296875
69.162109,66.46728515625
69.164062,-1.20849609375
69.166016,-48.944091796875
69.167969,32.830810546875
69.169922,13.29345703125
69.171875,35.650634765625
69.173828,33.43505859375
69.175781,66.8701171875
69.177734,-64.85595703125
69.179688,19.3359375
69.181641,-53.173828125
69.183594,-2.618408203125
69.185547,41.49169921875
69.1875,7.049560546875
69.189453,12.689208984375
69.191406,0.40283203125
69.193359,21.551513671875
69.195312,24.57275390625
69.197266,-6.04248046875
69.199219,21.7529296875
69.201172,-25.177001953125
69.203125,-2.215576171875
69.205078,27.996826171875
69.207031,-50.555419921875
69.208984,-18.731689453125
69.210938,20.54443359375
69.212891,43.304443359375
69.214844,12.48779296875
69.216797,-23.565673828125
69.21875,-27.593994140625
69.220703,-54.78515625
69.222656,4.43115234375
69.224609,26.385498046875
69.226562,-31.622314453125
69.228516,25.579833984375
69.230469,-29.608154296875
69.232422,-1.812744140625
69.234375,14.09912109375
69.236328,-3.021240234375
69.238281,-10.07080078125
69.240234,18.731689453125
69.242188,-2.81982421875
69.244141,0.604248046875
69.246094,-5.841064453125
69.248047,-33.837890625
69.25,-4.0283203125
69.251953,-4.229736328125
69.253906,16.11328125
69.255859,-43.505859375
69.257812,39.276123046875
69.259766,22.357177734375
69.261719,-11.68212890625
69.263672,-44.110107421875
69.265625,25.37841796875
69.267578,6.4453125
69.269531,11.077880859375
69.271484,58.209228515625
69.273438,47.332763671875
69.275391,-0.201416015625
69.277344,-10.272216796875
69.279297,24.169921875
69.28125,6.243896484375
69.283203,53.778076171875
69.285156,40.887451171875
69.287109,-5.035400390625
69.289062,36.2548828125
69.291016,8.258056640625
69.292969,-23.565673828125
69.294922,35.247802734375
69.296875,-44.110107421875
69.298828,56.79931640625
69.300781,40.68603515625
69.302734,12.286376953125
69.304688,66.668701171875
69.306641,31.622314453125
69.308594,-8.258056640625
69.310547,-0.201416015625
69.3125,38.470458984375
69.314453,28.60107421875
69.316406,9.66796875
69.318359,0.604248046875
69.320312,-8.056640625
69.322266,48.74267578125
69.324219,34.844970703125
69.326172,11.077880859375
69.328125,63.848876953125
69.330078,5.23681640625
69.332031,-66.46728515625
69.333984,-20.54443359375
69.335938,55.792236328125
69.337891,68.07861328125
69.339844,59.21630859375
69.341797,28.60107421875
69.34375,30.21240234375
69.345703,48.944091796875
69.347656,132.330322265625
69.349609,67.67578125
69.351562,89.02587890625
69.353516,64.85595703125
69.355469,0.40283203125
69.357422,-92.047119140625
69.359375,107.757568359375
69.361328,86.004638671875
69.363281,-23.3642578125
69.365234,52.569580078125
69.367188,-9.063720703125
69.369141,47.5341796875
69.371094,-38.873291015625
69.373047,122.86376953125
69.375,27.996826171875
69.376953,-1.007080078125
69.378906,76.94091796875
69.380859,2.81982421875
69.382812,20.745849609375
69.384766,-3.424072265625
69.386719,-58.209228515625
69.388672,53.173828125
69.390625,31.4208984375
69.392578,-65.66162109375
69.394531,-99.90234375
69.396484,-48.944091796875
69.398438,100.30517578125
69.400391,-24.9755859375
69.402344,30.21240234375
69.404297,-32.62939453125
69.40625,-44.915771484375
69.408203,17.926025390625
69.410156,139.178466796875
69.412109,9.26513671875
69.414062,18.5302734375
69.416016,86.407470703125
69.417969,-174.224853515625
69.419922,69.488525390625
69.421875,1.812744140625
69.423828,-19.73876953125
69.425781,43.10302734375
69.427734,-48.74267578125
69.429688,66.8701171875
69.431641,-36.456298828125
69.433594,-111.181640625
69.435547,24.774169921875
69.4375,161.9384765625
69.439453,-59.417724609375
69.441406,-34.844970703125
69.443359,50.7568359375
69.445312,17.120361328125
69.447266,4.43115234375
69.449219,-20.54443359375
69.451172,-41.290283203125
69.453125,-37.46337890625
69.455078,0.0
69.457031,14.09912109375
69.458984,-6.4453125
69.460938,13.6962890625
69.462891,-55.5908203125
69.464844,4.229736328125
69.466797,20.54443359375
69.46875,-25.177001953125
69.470703,-6.84814453125
69.472656,-61.63330078125
69.474609,54.78515625
69.476562,-13.494873046875
69.478516,-6.243896484375
69.480469,66.8701171875
69.482422,18.731689453125
69.484375,-11.077880859375
69.486328,44.512939453125
69.488281,-9.66796875
69.490234,64.453125
69.492188,-23.3642578125
69.494141,12.286376953125
69.496094,56.597900390625
69.498047,101.513671875
69.5,81.976318359375
69.501953,106.951904296875
69.503906,-29.608154296875
69.505859,-57.806396484375
69.507812,26.788330078125
69.509766,24.774169921875
69.511719,36.456298828125
69.513672,18.328857421875
69.515625,12.286376953125
69.517578,39.678955078125
69.519531,0.604248046875
69.521484,17.926025390625
69.523438,55.18798828125
69.525391,-0.604248046875
69.527344,21.35009765625
69.529297,100.30517578125
69.53125,-7.855224609375
69.533203,53.778076171875
69.535156,35.247802734375
69.537109,43.505859375
69.539062,25.177001953125
69.541016,-13.494873046875
69.542969,41.49169921875
69.544922,6.04248046875
69.546875,64.85595703125
69.548828,19.134521484375
69.550781,33.0322265625
69.552734,-46.124267578125
69.554688,14.09912109375
69.556641,-31.82373046875
69.558594,25.177001953125
69.560547,37.664794921875
69.5625,33.43505859375
69.564453,25.37841796875
69.566406,-16.314697265625
69.568359,-6.646728515625
69.570312,-21.35009765625
69.572266,64.654541015625
69.574219,5.841064453125
69.576172,33.233642578125
69.578125,17.523193359375
69.580078,-25.37841796875
69.582031,3.826904296875
69.583984,-1.611328125
69.585938,-31.219482421875
69.587891,29.608154296875
69.589844,16.9189453125
69.591797,-7.65380859375
69.59375,-29.608154296875
69.595703,-12.48779296875
69.597656,30.21240234375
69.599609,15.106201171875
69.601562,-17.32177734375
69.603516,11.883544921875
69.605469,6.243896484375
69.607422,13.29345703125
69.609375,30.615234375
69.611328,-22.357177734375
69.613281,63.848876953125
69.615234,4.229736328125
69.617188,-33.0322265625
69.619141,-28.399658203125
69.621094,25.78125
69.623047,-44.110107421875
69.625,8.45947265625
69.626953,-13.494873046875
69.628906,-23.3642578125
69.630859,-39.07470703125
69.632812,-5.841064453125
69.634766,-10.272216796875
69.636719,24.9755859375
69.638672,-52.972412109375
69.640625,1.20849609375
69.642578,-10.675048828125
69.644531,-10.272216796875
69.646484,52.569580078125
69.648438,-6.04248046875
69.650391,41.49169921875
69.652344,52.3681640625
69.654297,-67.474365234375
69.65625,20.54443359375
69.658203,26.788330078125
69.660156,88.22021484375
69.662109,11.077880859375
69.664062,-1.007080078125
69.666016,42.095947265625
69.667969,36.456298828125
69.669922,29.8095703125
69.671875,-9.66796875
69.673828,56.396484375
69.675781,25.177001953125
69.677734,-64.85595703125
69.679688,-50.35400390625
69.681641,2.215576171875
69.683594,-16.11328125
69.685547,54.180908203125
69.6875,2.618408203125
69.689453,-36.456298828125
69.691406,9.66796875
69.693359,-38.671875
69.695312,-59.619140625
69.697266,40.887451171875
69.699219,195.977783203125
69.701172,107.757568359375
69.703125,-29.00390625
69.705078,-56.597900390625
69.707031,-29.205322265625
69.708984,-108.160400390625
69.710938,53.173828125
69.712891,35.247802734375
69.714844,79.35791015625
69.716797,-63.6474609375
69.71875,-94.061279296875
69.720703,97.88818359375
69.722656,64.251708984375
69.724609,194.1650390625
69.726562,70.294189453125
69.728516,113.397216796875
69.730469,-37.8662109375
69.732422,36.859130859375
69.734375,-30.413818359375
69.736328,119.23828125
69.738281,-4.43115234375
69.740234,51.5625
69.742188,-39.4775390625
69.744141,9.869384765625
69.746094,56.396484375
69.748047,23.162841796875
69.75,24.774169921875
69.751953,-18.328857421875
69.753906,-57.806396484375
69.755859,26.5869140625
69.757812,155.89599609375
69.759766,80.96923828125
69.761719,-20.947265625
69.763672,1.812744140625
69.765625,89.227294921875
69.767578,-28.60107421875
69.769531,14.501953125
69.771484,129.30908203125
69.773438,54.78515625
69.775391,41.0888671875
69.777344,-65.863037109375
69.779297,50.7568359375
69.78125,71.905517578125
69.783203,17.926025390625
69.785156,26.385498046875
69.787109,96.881103515625
69.789062,-39.678955078125
69.791016,-26.788330078125
69.792969,-62.0361328125
69.794922,34.24072265625
69.796875,58.41064453125
69.798828,30.010986328125
69.800781,-54.180908203125
69.802734,-10.675048828125
69.804688,-90.234375
69.806641,3.424072265625
69.808594,40.484619140625
69.810547,16.11328125
69.8125,78.55224609375
69.814453,-0.8056640625
69.816406,-90.838623046875
69.818359,20.1416015625
69.820312,24.57275390625
69.822266,41.49169921875
69.824219,-6.4453125
69.826172,-67.071533203125
69.828125,-25.579833984375
69.830078,-99.298095703125
69.832031,-13.494873046875
69.833984,15.71044921875
69.835938,-16.717529296875
69.837891,26.18408203125
69.839844,-13.092041015625
69.841797,-12.0849609375
69.84375,-37.261962890625
69.845703,-8.45947265625
69.847656,-20.1416015625
69.849609,-2.01416015625
69.851562,-14.90478515625
69.853516,-37.060546875
69.855469,-44.110107421875
69.857422,-15.509033203125
69.859375,13.6962890625
69.861328,-19.134521484375
69.863281,36.053466796875
69.865234,-33.0322265625
69.867188,-26.385498046875
69.869141,-20.1416015625
69.871094,-34.24072265625
69.873047,14.09912109375
69.875,50.35400390625
69.876953,16.9189453125
69.878906,-61.63330078125
69.880859,-29.8095703125
69.882812,-30.615234375
69.884766,-29.608154296875
69.886719,44.110107421875
69.888672,13.092041015625
69.890625,-47.5341796875
69.892578,-1.20849609375
69.894531,5.23681640625
69.896484,19.134521484375
69.898438,-9.26513671875
69.900391,24.774169921875
69.902344,-40.484619140625
69.904297,34.039306640625
69.90625,51.361083984375
69.908203,37.664794921875
69.910156,38.470458984375
69.912109,24.9755859375
69.914062,35.04638671875
69.916016,-16.11328125
69.917969,-17.724609375
69.919922,58.209228515625
69.921875,37.46337890625
69.923828,-32.830810546875
69.925781,27.392578125
69.927734,43.505859375
69.929688,13.6962890625
69.931641,30.010986328125
69.933594,47.332763671875
69.935547,57.000732421875
69.9375,30.21240234375
69.939453,-45.721435546875
69.941406,11.883544921875
69.943359,39.678955078125
69.945312,55.792236328125
69.947266,34.24072265625
69.949219,37.060546875
69.951172,-7.049560546875
69.953125,19.537353515625
69.955078,-6.243896484375
69.957031,-36.65771484375
69.958984,47.735595703125
69.960938,2.81982421875
69.962891,8.660888671875
69.964844,5.841064453125
69.966797,9.26513671875
69.96875,-1.611328125
69.970703,6.4453125
69.972656,26.98974609375
69.974609,87.213134765625
69.976562,-36.65771484375
69.978516,-12.286376953125
69.980469,-14.90478515625
69.982422,39.276123046875
69.984375,11.077880859375
69.986328,44.3115234375
69.988281,-4.0283203125
69.990234,16.11328125
69.992188,-19.3359375
69.994141,-73.919677734375
69.996094,-35.04638671875
69.998047,20.745849609375
70.0,23.968505859375
70.001953,-17.926025390625
70.003906,77.545166015625
70.005859,50.555419921875
70.007812,51.361083984375
70.009766,27.996826171875
70.011719,-2.01416015625
70.013672,-45.9228515625
70.015625,40.081787109375
70.017578,-7.855224609375
70.019531,11.077880859375
70.021484,89.02587890625
70.023438,-32.427978515625
70.025391,72.308349609375
70.027344,-0.201416015625
70.029297,20.343017578125
70.03125,-73.516845703125
70.033203,-49.749755859375
70.035156,44.71435546875
70.037109,64.85595703125
70.039062,41.0888671875
70.041016,-51.361083984375
70.042969,1.20849609375
70.044922,-81.170654296875
70.046875,-46.124267578125
70.048828,-84.99755859375
70.050781,-14.501953125
70.052734,58.41064453125
70.054688,-1.409912109375
70.056641,-54.180908203125
70.058594,-43.304443359375
70.060547,50.152587890625
70.0625,123.468017578125
70.064453,-50.7568359375
70.066406,-32.830810546875
70.068359,-136.1572265625
70.070312,79.559326171875
70.072266,-21.35009765625
70.074219,62.43896484375
70.076172,43.304443359375
70.078125,-13.092041015625
70.080078,-176.641845703125
70.082031,-39.678955078125
70.083984,2.01416015625
70.085938,-82.58056640625
70.087891,-10.07080078125
70.089844,208.26416015625
70.091797,116.8212890625
70.09375,21.7529296875
70.095703,-37.261962890625
70.097656,115.2099609375
70.099609,23.968505859375
70.101562,-51.763916015625
70.103516,-47.332763671875
70.105469,-62.640380859375
70.107422,70.0927734375
70.109375,-38.26904296875
70.111328,64.05029296875
70.113281,45.1171875
70.115234,60.82763671875
70.117188,-74.52392578125
70.119141,-49.1455078125
70.121094,34.6435546875
70.123047,31.622314453125
70.125,121.6552734375
70.126953,34.039306640625
70.128906,54.986572265625
70.130859,-25.177001953125
70.132812,19.940185546875
70.134766,57.60498046875
70.136719,137.36572265625
70.138672,-40.283203125
70.140625,18.328857421875
70.142578,-53.173828125
70.144531,87.41455078125
70.146484,54.180908203125
70.148438,40.283203125
70.150391,19.537353515625
70.152344,143.206787109375
70.154297,-30.010986328125
70.15625,-114.404296875
70.158203,43.90869140625
70.160156,102.923583984375
70.162109,51.763916015625
70.164062,5.841064453125
70.166016,87.41455078125
70.167969,113.5986328125
70.169922,-116.217041015625
70.171875,-33.636474609375
70.173828,54.38232421875
70.175781,-36.65771484375
70.177734,-9.869384765625
70.179688,12.48779296875
70.181641,11.883544921875
70.183594,-22.96142578125
70.185547,73.919677734375
70.1875,-2.01416015625
70.189453,10.07080078125
70.191406,21.148681640625
70.193359,13.897705078125
70.195312,-51.96533203125
70.197266,35.650634765625
70.199219,-10.4736328125
70.201172,9.063720703125
70.203125,-11.077880859375
70.205078,-3.021240234375
70.207031,-40.887451171875
70.208984,-27.392578125
70.210938,-29.205322265625
70.212891,-31.622314453125
70.214844,22.96142578125
70.216797,10.87646484375
70.21875,-51.5625
70.220703,-21.148681640625
70.222656,22.96142578125
70.224609,-21.7529296875
70.226562,-1.409912109375
70.228516,24.57275390625
70.230469,14.90478515625
70.232422,0.201416015625
70.234375,-29.40673828125
70.236328,-12.890625
70.238281,4.632568359375
70.240234,-20.1416015625
70.242188,-2.01416015625
70.244141,-18.5302734375
70.246094,-29.205322265625
70.248047,16.717529296875
70.25,27.593994140625
70.251953,2.215576171875
70.253906,-51.361083984375
70.255859,-20.947265625
70.257812,-13.6962890625
70.259766,43.707275390625
70.261719,45.52001953125
70.263672,-8.8623046875
70.265625,-35.650634765625
70.267578,1.007080078125
70.269531,-6.84814453125
70.271484,8.258056640625
70.273438,54.78515625
70.275391,13.494873046875
70.277344,-59.417724609375
70.279297,17.120361328125
70.28125,-31.01806640625
70.283203,55.18798828125
70.285156,39.4775390625
70.287109,55.5908203125
70.289062,-21.148681640625
70.291016,-20.745849609375
70.292969,-12.0849609375
70.294922,-7.2509765625
70.296875,17.724609375
70.298828,48.944091796875
70.300781,1.007080078125
70.302734,-49.346923828125
70.304688,57.000732421875
70.306641,-15.71044921875
70.308594,6.646728515625
70.310547,-15.3076171875
70.3125,75.128173828125
70.314453,57.806396484375
70.316406,27.392578125
70.318359,0.0
70.320312,-19.940185546875
70.322266,63.848876953125
70.324219,65.66162109375
70.326172,145.01953125
70.328125,-0.8056640625
70.330078,45.9228515625
70.332031,73.71826171875
70.333984,28.399658203125
70.335938,66.46728515625
70.337891,32.2265625
70.339844,33.43505859375
70.341797,-20.947265625
70.34375,93.255615234375
70.345703,61.63330078125
70.347656,27.191162109375
70.349609,94.66552734375
70.351562,2.618408203125
70.353516,-72.91259765625
70.355469,-70.49560546875
70.357422,43.10302734375
70.359375,-60.223388671875
70.361328,55.18798828125
70.363281,-8.056640625
70.365234,-22.760009765625
70.367188,122.662353515625
70.369141,78.55224609375
70.371094,-58.209228515625
70.373047,-22.357177734375
70.375,73.3154296875
70.376953,2.01416015625
70.378906,-18.328857421875
70.380859,-45.52001953125
70.382812,-66.265869140625
70.384766,81.3720703125
70.386719,59.619140625
70.388672,34.6435546875
70.390625,-52.77099609375
70.392578,-151.46484375
70.394531,-29.205322265625
70.396484,1.812744140625
70.398438,97.08251953125
70.400391,28.60107421875
70.402344,-41.49169921875
70.404297,-51.5625
70.40625,62.237548828125
70.408203,41.49169921875
70.410156,146.22802734375
70.412109,9.063720703125
70.414062,74.9267578125
70.416016,72.308349609375
70.417969,39.678955078125
70.419922,38.470458984375
70.421875,7.2509765625
70.423828,119.439697265625
70.425781,-104.937744140625
70.427734,-32.2265625
70.429688,64.251708984375
70.431641,-16.9189453125
70.433594,-46.527099609375
70.435547,47.5341796875
70.4375,-31.219482421875
70.439453,98.895263671875
70.441406,-95.47119140625
70.443359,-123.870849609375
70.445312,16.717529296875
70.447266,-6.04248046875
70.449219,-55.5908203125
70.451172,107.1533203125
70.453125,84.19189453125
70.455078,-20.947265625
70.457031,2.01416015625
70.458984,-6.84814453125
70.460938,16.717529296875
70.462891,32.62939453125
70.464844,2.4169921875
70.466797,-11.480712890625
70.46875,15.3076171875
70.470703,-20.745849609375
70.472656,38.873291015625
70.474609,57.000732421875
70.476562,83.184814453125
70.478516,59.417724609375
70.480469,-103.326416015625
70.482422,72.91259765625
70.484375,36.859130859375
70.486328,43.707275390625
70.488281,-27.593994140625
70.490234,78.1494140625
70.492188,45.1171875
70.494141,38.873291015625
70.496094,111.383056640625
70.498047,23.3642578125
70.5,24.169921875
70.501953,62.0361328125
70.503906,48.138427734375
70.505859,-6.4453125
70.507812,16.314697265625
70.509766,20.343017578125
70.511719,44.110107421875
70.513672,74.52392578125
70.515625,45.318603515625
70.517578,-38.470458984375
70.519531,-10.272216796875
70.521484,52.972412109375
70.523438,56.195068359375
70.525391,19.134521484375
70.527344,1.611328125
70.529297,-21.551513671875
70.53125,22.357177734375
70.533203,50.152587890625
70.535156,55.5908203125
70.537109,33.233642578125
70.539062,16.11328125
70.541016,-37.46337890625
70.542969,23.3642578125
70.544922,38.470458984375
70.546875,3.424072265625
70.548828,41.0888671875
70.550781,52.3681640625
70.552734,-13.29345703125
70.554688,-37.8662109375
70.556641,23.3642578125
70.558594,59.820556640625
70.560547,67.27294921875
70.5625,57.000732421875
70.564453,29.608154296875
70.566406,17.32177734375
70.568359,-15.911865234375
70.570312,31.4208984375
70.572266,-7.65380859375
70.574219,86.2060546875
70.576172,-2.618408203125
70.578125,24.169921875
70.580078,-51.361083984375
70.582031,2.618408203125
70.583984,-19.73876953125
70.585938,23.162841796875
70.587891,35.04638671875
70.589844,32.025146484375
70.591797,-8.45947265625
70.59375,-37.664794921875
70.595703,-37.8662109375
70.597656,68.88427734375
70.599609,25.37841796875
70.601562,-23.76708984375
70.603516,-14.90478515625
70.605469,21.551513671875
70.607422,-28.802490234375
70.609375,-14.300537109375
70.611328,52.77099609375
70.613281,17.523193359375
70.615234,-0.8056640625
70.617188,11.68212890625
70.619141,-29.205322265625
70.621094,16.9189453125
70.623047,-15.509033203125
70.625,-23.565673828125
70.626953,11.279296875
70.628906,-40.68603515625
70.630859,-20.1416015625
70.632812,-14.09912109375
70.634766,-70.0927734375
70.636719,80.16357421875
70.638672,3.021240234375
70.640625,-41.89453125
70.642578,6.84814453125
70.644531,17.926025390625
70.646484,-5.23681640625
70.648438,40.68603515625
70.650391,50.555419921875
70.652344,24.169921875
70.654297,-21.954345703125
70.65625,-2.4169921875
70.658203,-13.6962890625
70.660156,62.0361328125
70.662109,41.89453125
70.664062,28.399658203125
70.666016,54.986572265625
70.667969,9.869384765625
70.669922,-71.30126953125
70.671875,40.484619140625
70.673828,-32.427978515625
70.675781,74.12109375
70.677734,40.68603515625
70.679688,-46.728515625
70.681641,-9.26513671875
70.683594,67.071533203125
70.685547,82.781982421875
70.6875,66.46728515625
70.689453,50.7568359375
70.691406,-4.229736328125
70.693359,-29.00390625
70.695312,-16.9189453125
70.697266,61.431884765625
70.699219,46.32568359375
70.701172,39.276123046875
70.703125,29.40673828125
70.705078,-17.32177734375
70.707031,97.4853515625
70.708984,54.38232421875
70.710938,77.947998046875
70.712891,46.124267578125
70.714844,-4.229736328125
70.716797,51.96533203125
70.71875,-16.314697265625
70.720703,-13.6962890625
70.722656,106.75048828125
70.724609,69.891357421875
70.726562,200.811767578125
70.728516,58.209228515625
70.730469,31.219482421875
70.732422,31.4208984375
70.734375,-88.421630859375
70.736328,167.98095703125
70.738281,36.2548828125
70.740234,59.619140625
70.742188,-15.509033203125
70.744141,-11.480712890625
70.746094,151.666259765625
70.748047,108.36181640625
70.75,32.025146484375
70.751953,148.040771484375
70.753906,-9.26513671875
70.755859,-46.929931640625
70.757812,68.280029296875
70.759766,-13.6962890625
70.761719,41.89453125
70.763672,25.78125
70.765625,-81.170654296875
70.767578,45.1171875
70.769531,62.0361328125
70.771484,-97.4853515625
70.773438,44.915771484375
70.775391,40.283203125
70.777344,23.162841796875
70.779297,-13.092041015625
70.78125,101.11083984375
70.783203,-88.018798828125
70.785156,37.060546875
70.787109,-4.0283203125
70.789062,74.322509765625
70.791016,-39.07470703125
70.792969,17.120361328125
70.794922,-7.65380859375
70.796875,7.855224609375
70.798828,33.636474609375
70.800781,146.026611328125
70.802734,-40.283203125
70.804688,-73.71826171875
70.806641,-30.21240234375
70.808594,-47.332763671875
70.810547,30.413818359375
70.8125,2.4169921875
70.814453,20.54443359375
70.816406,-100.506591796875
70.818359,-32.830810546875
70.820312,-55.389404296875
70.822266,-16.51611328125
70.824219,34.844970703125
70.826172,48.138427734375
70.828125,6.4453125
70.830078,9.063720703125
70.832031,78.955078125
70.833984,57.000732421875
70.835938,-29.40673828125
70.837891,10.675048828125
70.839844,14.09912109375
70.841797,-57.000732421875
70.84375,-8.056640625
70.845703,-17.32177734375
70.847656,85.80322265625
70.849609,16.51611328125
70.851562,-27.593994140625
70.853516,32.2265625
70.855469,-6.84814453125
70.857422,-21.148681640625
70.859375,81.976318359375
70.861328,8.056640625
70.863281,26.385498046875
70.865234,-42.901611328125
70.867188,-54.78515625
70.869141,-29.00390625
70.871094,24.57275390625
70.873047,36.053466796875
70.875,30.21240234375
70.876953,-34.442138671875
70.878906,2.01416015625
70.880859,-1.812744140625
70.882812,16.11328125
70.884766,-45.9228515625
70.886719,-20.745849609375
70.888672,42.29736328125
70.890625,11.883544921875
70.892578,41.693115234375
70.894531,-33.837890625
70.896484,14.703369140625
70.898438,54.986572265625
70.900391,20.745849609375
70.902344,-8.056640625
70.904297,-32.62939453125
70.90625,44.915771484375
70.908203,-21.35009765625
70.910156,-14.501953125
70.912109,43.10302734375
70.914062,29.608154296875
70.916016,2.81982421875
70.917969,43.90869140625
70.919922,-2.01416015625
70.921875,-0.8056640625
70.923828,11.68212890625
70.925781,5.841064453125
70.927734,68.4814453125
70.929688,10.272216796875
70.931641,9.66796875
70.933594,26.98974609375
70.935547,43.10302734375
70.9375,66.064453125
70.939453,84.99755859375
70.941406,17.32177734375
70.943359,7.452392578125
70.945312,15.106201171875
70.947266,-10.4736328125
70.949219,17.523193359375
70.951172,14.501953125
70.953125,-27.593994140625
70.955078,-58.0078125
70.957031,2.81982421875
70.958984,33.0322265625
70.960938,-28.60107421875
70.962891,-2.618408203125
70.964844,0.40283203125
70.966797,58.0078125
70.96875,63.043212890625
70.970703,17.926025390625
70.972656,16.314697265625
70.974609,16.314697265625
70.976562,33.43505859375
70.978516,29.205322265625
70.980469,-31.01806640625
70.982422,15.106201171875
70.984375,104.534912109375
70.986328,11.279296875
70.988281,19.3359375
70.990234,18.5302734375
70.992188,-20.54443359375
70.994141,-46.929931640625
70.996094,11.480712890625
70.998047,48.74267578125
71.0,115.2099609375
71.001953,72.10693359375
71.003906,45.1171875
71.005859,2.618408203125
71.007812,-17.120361328125
71.009766,113.5986328125
71.011719,-1.20849609375
71.013672,-67.474365234375
71.015625,35.85205078125
71.017578,-47.332763671875
71.019531,-15.71044921875
71.021484,-10.07080078125
71.023438,104.534912109375
71.025391,-120.44677734375
71.027344,32.830810546875
71.029297,-46.728515625
71.03125,-196.17919921875
71.033203,-67.67578125
71.035156,48.541259765625
71.037109,150.6591796875
71.039062,42.7001953125
71.041016,4.43115234375
71.042969,87.213134765625
71.044922,-49.749755859375
71.046875,-58.41064453125
71.048828,25.982666015625
71.050781,36.859130859375
71.052734,-9.466552734375
71.054688,2.215576171875
71.056641,-23.3642578125
71.058594,21.7529296875
71.060547,22.15576171875
71.0625,89.4287109375
71.064453,18.731689453125
71.066406,1.20849609375
71.068359,-108.36181640625
71.070312,-39.88037109375
71.072266,82.379150390625
71.074219,-97.08251953125
71.076172,128.50341796875
71.078125,126.89208984375
71.080078,50.35400390625
71.082031,11.077880859375
71.083984,35.247802734375
71.085938,43.304443359375
71.087891,18.93310546875
71.089844,73.919677734375
71.091797,-49.1455078125
71.09375,-47.5341796875
71.095703,-50.555419921875
71.097656,114.80712890625
71.099609,-13.29345703125
71.101562,38.873291015625
71.103516,22.55859375
71.105469,55.18798828125
71.107422,-34.039306640625
71.109375,-53.375244140625
71.111328,66.668701171875
71.113281,145.220947265625
71.115234,73.71826171875
71.117188,-33.233642578125
71.119141,-94.061279296875
71.121094,107.757568359375
71.123047,55.99365234375
71.125,25.579833984375
71.126953,41.89453125
71.128906,21.35009765625
71.130859,10.4736328125
71.132812,35.04638671875
71.134766,-12.286376953125
71.136719,35.44921875
71.138672,35.85205078125
71.140625,-26.18408203125
71.142578,40.283203125
71.144531,69.68994140625
71.146484,5.035400390625
71.148438,25.177001953125
71.150391,14.09912109375
71.152344,158.111572265625
71.154297,38.26904296875
71.15625,-19.3359375
71.158203,39.678955078125
71.160156,95.672607421875
71.162109,53.173828125
71.164062,-13.092041015625
71.166016,8.056640625
71.167969,-32.025146484375
71.169922,53.9794921875
71.171875,39.276123046875
71.173828,4.632568359375
71.175781,-32.427978515625
71.177734,-16.717529296875
71.179688,-12.890625
71.181641,2.618408203125
71.183594,-0.201416015625
71.185547,-60.4248046875
71.1875,6.646728515625
71.189453,7.452392578125
71.191406,7.855224609375
71.193359,8.258056640625
71.195312,8.056640625
71.197266,7.855224609375
71.199219,7.2509765625
71.201172,6.4453125
71.203125,0.0
71.205078,-0.8056640625
71.207031,-1.812744140625
71.208984,-2.618408203125
71.210938,-3.22265625
71.212891,-3.62548828125
71.214844,-3.826904296875
71.216797,-3.62548828125
71.21875,-6.646728515625
71.220703,-6.04248046875
71.222656,-5.23681640625
71.224609,-4.229736328125
71.226562,-3.22265625
71.228516,-2.4169921875
71.230469,-1.611328125
71.232422,-1.007080078125
71.234375,-0.604248046875
71.236328,-0.604248046875
71.238281,3.22265625
71.240234,2.618408203125
71.242188,2.01416015625
71.244141,1.20849609375
71.246094,0.201416015625
71.248047,-0.8056640625
71.25,-1.611328125
71.251953,-2.4169921875
71.253906,-2.81982421875
71.255859,-3.22265625
71.257812,-3.021240234375
71.259766,-2.81982421875
71.261719,-2.215576171875
71.263672,-1.409912109375
71.265625,5.841064453125
71.267578,6.84814453125
71.269531,7.65380859375
71.271484,8.660888671875
71.273438,9.26513671875
71.275391,9.66796875
71.277344,9.869384765625
71.279297,9.66796875
71.28125,16.11328125
71.283203,15.509033203125
71.285156,14.703369140625
71.287109,13.6962890625
71.289062,12.890625
71.291016,11.883544921875
71.292969,11.077880859375
71.294922,16.51611328125
71.296875,16.11328125
71.298828,16.11328125
71.300781,16.314697265625
71.302734,16.717529296875
71.304688,17.523193359375
71.306641,18.328857421875
71.308594,19.3359375
71.310547,20.343017578125
71.3125,24.371337890625
71.314453,25.177001953125
71.316406,25.579833984375
71.318359,25.982666015625
71.320312,25.78125
71.322266,25.579833984375
71.324219,24.9755859375
71.326172,24.169921875
71.328125,24.371337890625
71.330078,23.3642578125
71.332031,22.357177734375
71.333984,21.551513671875
71.335938,20.947265625
71.337891,20.54443359375
71.339844,20.343017578125
71.341797,18.12744140625
71.34375,18.731689453125
71.345703,19.3359375
71.347656,20.1416015625
71.349609,21.148681640625
71.351562,21.954345703125
71.353516,22.96142578125
71.355469,23.76708984375
71.357422,24.371337890625
71.359375,24.57275390625
71.361328,24.57275390625
71.363281,24.371337890625
71.365234,23.968505859375
71.367188,23.162841796875
71.369141,17.926025390625
71.371094,9.869384765625
71.373047,8.8623046875
71.375,8.056640625
71.376953,7.2509765625
71.378906,6.84814453125
71.380859,6.646728515625
71.382812,6.646728515625
71.384766,7.049560546875
71.386719,7.65380859375
71.388672,8.258056640625
71.390625,2.4169921875
71.392578,3.424072265625
71.394531,4.229736328125
71.396484,5.035400390625
71.398438,5.841064453125
71.400391,6.243896484375
71.402344,6.243896484375
71.404297,6.243896484375
71.40625,0.8056640625
71.408203,0.201416015625
71.410156,-0.604248046875
71.412109,-1.611328125
71.414062,-2.4169921875
71.416016,-3.424072265625
71.417969,-4.229736328125
71.419922,-4.833984375
71.421875,-7.452392578125
71.423828,-7.452392578125
71.425781,-7.2509765625
71.427734,-6.646728515625
71.429688,-6.04248046875
71.431641,-5.035400390625
71.433594,-3.021240234375
71.435547,-2.01416015625
71.4375,-1.007080078125
71.439453,-0.40283203125
71.441406,0.201416015625
71.443359,0.40283203125
71.445312,0.201416015625
71.447266,0.0
71.449219,-0.604248046875
71.451172,-1.409912109375
71.453125,2.4169921875
71.455078,1.409912109375
71.457031,0.40283203125
71.458984,-0.40283203125
71.460938,-1.007080078125
71.462891,-1.409912109375
71.464844,-1.611328125
71.466797,-1.409912109375
71.46875,-1.007080078125
71.470703,-0.40283203125
71.472656,0.40283203125
71.474609,1.409912109375
71.476562,8.8623046875
71.478516,9.66796875
71.480469,10.4736328125
71.482422,11.077880859375
71.484375,11.480712890625
71.486328,11.480712890625
71.488281,11.279296875
71.490234,10.675048828125
71.492188,10.07080078125
71.494141,15.911865234375
71.496094,15.106201171875
71.498047,19.73876953125
71.5,18.93310546875
71.501953,18.12744140625
71.503906,17.724609375
71.505859,17.523193359375
71.507812,17.523193359375
71.509766,17.724609375
71.511719,18.328857421875
71.513672,19.134521484375
71.515625,23.565673828125
71.517578,24.57275390625
71.519531,25.579833984375
71.521484,26.385498046875
71.523438,26.98974609375
71.525391,27.392578125
71.527344,27.593994140625
71.529297,27.392578125
71.53125,26.98974609375
71.533203,26.385498046875
71.535156,25.37841796875
71.537109,24.57275390625
71.539062,23.565673828125
71.541016,22.55859375
71.542969,21.954345703125
71.544922,21.35009765625
71.546875,20.947265625
71.548828,18.5302734375
71.550781,17.926025390625
71.552734,18.328857421875
71.554688,19.134521484375
71.556641,19.940185546875
71.558594,20.947265625
71.560547,21.954345703125
71.5625,18.93310546875
71.564453,17.523193359375
71.566406,18.12744140625
71.568359,18.328857421875
71.570312,18.12744140625
71.572266,17.926025390625
71.574219,17.32177734375
71.576172,16.51611328125
71.578125,15.71044921875
71.580078,14.703369140625
71.582031,6.84814453125
71.583984,6.04248046875
71.585938,5.438232421875
71.587891,5.035400390625
71.589844,4.833984375
71.591797,5.035400390625
71.59375,5.438232421875
71.595703,-0.201416015625
71.597656,0.604248046875
71.599609,1.611328125
71.601562,2.4169921875
71.603516,3.424072265625
71.605469,4.229736328125
71.607422,4.833984375
71.609375,5.035400390625
71.611328,0.201416015625
71.613281,0.0
71.615234,-0.604248046875
71.617188,-1.20849609375
71.619141,-2.215576171875
71.621094,-3.021240234375
71.623047,-4.0283203125
71.625,-4.833984375
71.626953,-7.452392578125
71.628906,-5.035400390625
71.630859,-5.23681640625
71.632812,-5.23681640625
71.634766,-4.833984375
71.636719,-4.43115234375
71.638672,-3.62548828125
71.640625,-2.618408203125
71.642578,-1.611328125
71.644531,-0.8056640625
71.646484,0.0
71.648438,0.8056640625
71.650391,1.20849609375
71.652344,1.20849609375
71.654297,1.20849609375
71.65625,0.8056640625
71.658203,0.0
71.660156,-0.8056640625
71.662109,3.62548828125
71.664062,2.81982421875
71.666016,1.812744140625
71.667969,1.007080078125
71.669922,0.40283203125
71.671875,0.201416015625
71.673828,6.646728515625
71.675781,6.84814453125
71.677734,7.2509765625
71.679688,8.056640625
71.681641,8.8623046875
71.683594,9.869384765625
71.685547,10.87646484375
71.6875,11.68212890625
71.689453,12.48779296875
71.691406,12.890625
71.693359,13.092041015625
71.695312,13.092041015625
71.697266,19.940185546875
71.699219,19.3359375
71.701172,18.5302734375
71.703125,17.724609375
71.705078,21.551513671875
71.707031,20.54443359375
71.708984,19.73876953125
71.710938,19.134521484375
71.712891,18.5302734375
71.714844,18.5302734375
71.716797,18.5302734375
71.71875,19.134521484375
71.720703,19.73876953125
71.722656,20.54443359375
71.724609,21.551513671875
71.726562,25.177001953125
71.728516,26.18408203125
71.730469,26.788330078125
71.732422,27.392578125
71.734375,27.79541015625
71.736328,27.79541015625
71.738281,27.593994140625
71.740234,25.78125
71.742188,25.177001953125
71.744141,24.371337890625
71.746094,23.3642578125
71.748047,22.357177734375
71.75,21.551513671875
71.751953,20.745849609375
71.753906,20.343017578125
71.755859,15.106201171875
71.757812,15.106201171875
71.759766,15.509033203125
71.761719,15.911865234375
71.763672,16.717529296875
71.765625,17.724609375
71.767578,18.731689453125
71.769531,19.537353515625
71.771484,13.897705078125
71.773438,14.501953125
71.775391,14.90478515625
71.777344,15.106201171875
71.779297,14.90478515625
71.78125,14.501953125
71.783203,13.897705078125
71.785156,13.092041015625
71.787109,4.833984375
71.789062,3.826904296875
71.791016,3.021240234375
71.792969,2.215576171875
71.794922,1.611328125
71.796875,1.20849609375
71.798828,1.20849609375
71.800781,1.409912109375
71.802734,2.01416015625
71.804688,2.618408203125
71.806641,3.62548828125
71.808594,4.43115234375
71.810547,5.438232421875
71.8125,6.4453125
71.814453,2.01416015625
71.816406,-0.40283203125
71.818359,-0.201416015625
71.820312,-0.201416015625
71.822266,-0.604248046875
71.824219,-1.20849609375
71.826172,-2.01416015625
71.828125,-2.81982421875
71.830078,-3.826904296875
71.832031,-4.833984375
71.833984,-5.6396484375
71.835938,-6.243896484375
71.837891,-6.646728515625
71.839844,-6.84814453125
71.841797,-6.646728515625
71.84375,-6.243896484375
71.845703,-5.6396484375
71.847656,-4.833984375
71.849609,-3.826904296875
71.851562,0.604248046875
71.853516,1.611328125
71.855469,2.215576171875
71.857422,2.81982421875
71.859375,3.22265625
71.861328,3.22265625
71.863281,3.021240234375
71.865234,8.8623046875
71.867188,8.056640625
71.869141,7.2509765625
71.871094,6.243896484375
71.873047,5.23681640625
71.875,4.43115234375
71.876953,3.62548828125
71.878906,3.22265625
71.880859,3.021240234375
71.882812,10.272216796875
71.884766,10.4736328125
71.886719,11.077880859375
71.888672,11.883544921875
71.890625,12.689208984375
71.892578,13.6962890625
71.894531,14.703369140625
71.896484,15.509033203125
71.898438,22.55859375
71.900391,22.96142578125
71.902344,23.162841796875
71.904297,22.96142578125
71.90625,22.55859375
71.908203,21.954345703125
71.910156,21.148681640625
71.912109,20.1416015625
71.914062,19.3359375
71.916016,18.328857421875
71.917969,17.523193359375
71.919922,16.9189453125
71.921875,16.717529296875
71.923828,16.51611328125
71.925781,16.9189453125
71.927734,21.551513671875
71.929688,22.357177734375
71.931641,23.162841796875
71.933594,24.169921875
71.935547,25.177001953125
71.9375,25.982666015625
71.939453,26.5869140625
71.941406,27.191162109375
71.943359,27.392578125
71.945312,24.57275390625
71.947266,24.169921875
71.949219,23.565673828125
71.951172,22.760009765625
71.953125,21.954345703125
71.955078,20.947265625
71.957031,19.940185546875
71.958984,19.134521484375
71.960938,18.5302734375
71.962891,11.883544921875
71.964844,11.883544921875
71.966797,11.883544921875
71.96875,12.286376953125
71.970703,13.092041015625
71.972656,13.897705078125
71.974609,14.703369140625
71.976562,8.8623046875
71.978516,9.66796875
71.980469,10.4736328125
71.982422,11.077880859375
71.984375,11.480712890625
71.986328,11.480712890625
71.988281,11.279296875
71.990234,10.675048828125
71.992188,3.021240234375
71.994141,2.215576171875
71.996094,1.20849609375
71.998047,0.201416015625
72.0,-0.604248046875
72.001953,-1.409912109375
72.003906,-1.812744140625
72.005859,-2.01416015625
72.007812,-2.01416015625
72.009766,-5.841064453125
72.011719,-5.23681640625
72.013672,-4.43115234375
72.015625,-3.424072265625
72.017578,-2.4169921875
72.019531,-3.021240234375
72.021484,-2.618408203125
72.023438,-2.01416015625
72.025391,-1.611328125
72.027344,-1.409912109375
72.029297,-1.611328125
72.03125,-2.01416015625
72.033203,-2.618408203125
72.035156,-3.424072265625
72.037109,-4.43115234375
72.039062,-5.438232421875
72.041016,-6.243896484375
72.042969,-4.632568359375
72.044922,-5.23681640625
72.046875,-5.6396484375
72.048828,-5.6396484375
72.050781,-5.438232421875
72.052734,-4.833984375
72.054688,1.007080078125
72.056641,2.01416015625
72.058594,2.81982421875
72.060547,3.826904296875
72.0625,4.632568359375
72.064453,5.438232421875
72.066406,5.841064453125
72.068359,6.243896484375
72.070312,6.04248046875
72.072266,12.890625
72.074219,12.286376953125
72.076172,11.480712890625
72.078125,10.4736328125
72.080078,9.66796875
72.082031,8.660888671875
72.083984,7.855224609375
72.085938,7.2509765625
72.087891,13.897705078125
72.089844,13.6962890625
72.091797,13.897705078125
72.09375,14.300537109375
72.095703,14.90478515625
72.097656,15.71044921875
72.099609,16.717529296875
72.101562,17.724609375
72.103516,23.76708984375
72.105469,24.57275390625
72.107422,25.177001953125
72.109375,25.37841796875
72.111328,25.579833984375
72.113281,25.177001953125
72.115234,24.774169921875
72.117188,23.968505859375
72.119141,24.371337890625
72.121094,23.3642578125
72.123047,22.357177734375
72.125,21.551513671875
72.126953,20.745849609375
72.128906,20.343017578125
72.130859,20.1416015625
72.132812,20.1416015625
72.134766,20.54443359375
72.136719,20.947265625
72.138672,21.7529296875
72.140625,22.760009765625
72.142578,23.76708984375
72.144531,24.57275390625
72.146484,25.78125
72.148438,21.954345703125
72.150391,22.357177734375
72.152344,22.55859375
72.154297,22.357177734375
72.15625,21.954345703125
72.158203,21.35009765625
72.160156,20.54443359375
72.162109,19.537353515625
72.164062,18.5302734375
72.166016,17.724609375
72.167969,11.279296875
72.169922,10.675048828125
72.171875,10.272216796875
72.173828,10.272216796875
72.175781,10.4736328125
72.177734,11.077880859375
72.179688,11.68212890625
72.181641,5.438232421875
72.183594,6.243896484375
72.185547,7.2509765625
72.1875,8.056640625
72.189453,8.8623046875
72.191406,9.26513671875
72.193359,9.66796875
72.195312,9.466552734375
72.197266,9.26513671875
72.199219,2.81982421875
72.201172,2.01416015625
72.203125,1.20849609375
72.205078,0.201416015625
72.207031,-0.8056640625
72.208984,-1.611328125
72.210938,-2.215576171875
72.212891,-2.618408203125
72.214844,-6.84814453125
72.216797,-6.84814453125
72.21875,-6.4453125
72.220703,-5.6396484375
72.222656,-4.833984375
72.224609,-4.0283203125
72.226562,-3.021240234375
72.228516,-2.01416015625
72.230469,-1.20849609375
72.232422,-0.8056640625
72.234375,-0.40283203125
72.236328,-0.40283203125
72.238281,-0.604248046875
72.240234,-1.20849609375
72.242188,-1.812744140625
72.244141,-2.81982421875
72.246094,-1.409912109375
72.248047,-2.4169921875
72.25,-3.22265625
72.251953,-4.0283203125
72.253906,-4.43115234375
72.255859,-4.833984375
72.257812,-4.632568359375
72.259766,-4.43115234375
72.261719,-3.826904296875
72.263672,3.021240234375
72.265625,4.0283203125
72.267578,5.035400390625
72.269531,5.841064453125
72.271484,6.646728515625
72.273438,7.452392578125
72.275391,7.855224609375
72.277344,7.855224609375
72.279297,14.90478515625
72.28125,14.501953125
72.283203,13.897705078125
72.285156,13.092041015625
72.287109,12.0849609375
72.289062,11.077880859375
72.291016,10.272216796875
72.292969,9.466552734375
72.294922,15.106201171875
72.296875,14.703369140625
72.298828,14.703369140625
72.300781,14.90478515625
72.302734,15.509033203125
72.304688,16.11328125
72.306641,17.120361328125
72.308594,17.926025390625
72.310547,24.169921875
72.3125,24.9755859375
72.314453,25.78125
72.316406,26.18408203125
72.318359,26.385498046875
72.320312,26.385498046875
72.322266,25.982666015625
72.324219,25.982666015625
72.326172,25.177001953125
72.328125,24.371337890625
72.330078,23.3642578125
72.332031,22.357177734375
72.333984,21.551513671875
72.335938,20.947265625
72.337891,20.54443359375
72.339844,20.343017578125
72.341797,20.54443359375
72.34375,20.947265625
72.345703,21.551513671875
72.347656,22.357177734375
72.349609,23.3642578125
72.351562,21.954345703125
72.353516,22.96142578125
72.355469,18.93310546875
72.357422,19.537353515625
72.359375,19.73876953125
72.361328,19.940185546875
72.363281,19.73876953125
72.365234,19.134521484375
72.367188,18.328857421875
72.369141,17.523193359375
72.371094,16.51611328125
72.373047,8.8623046875
72.375,8.056640625
72.376953,7.2509765625
72.378906,6.84814453125
72.380859,6.646728515625
72.382812,6.646728515625
72.384766,7.049560546875
72.386719,7.65380859375
72.388672,3.424072265625
72.390625,4.229736328125
72.392578,5.23681640625
72.394531,6.243896484375
72.396484,7.049560546875
72.398438,7.65380859375
72.400391,8.056640625
72.402344,2.01416015625
72.404297,2.01416015625
72.40625,1.409912109375
72.408203,0.8056640625
72.410156,-2.618408203125
72.412109,-3.424072265625
72.414062,-4.43115234375
72.416016,-5.438232421875
72.417969,-6.243896484375
72.419922,-6.646728515625
72.421875,-7.049560546875
72.423828,-7.049560546875
72.425781,-6.84814453125
72.427734,-6.4453125
72.429688,-5.6396484375
72.431641,-4.833984375
72.433594,-3.826904296875
72.435547,-2.618408203125
72.4375,-1.611328125
72.439453,-1.007080078125
72.441406,-0.40283203125
72.443359,-0.201416015625
72.445312,-0.201416015625
72.447266,-0.604248046875
72.449219,-1.20849609375
72.451172,-2.01416015625
72.453125,-2.81982421875
72.455078,-3.826904296875
72.457031,-4.833984375
72.458984,-5.6396484375
72.460938,-2.215576171875
72.462891,3.021240234375
72.464844,3.021240234375
72.466797,3.021240234375
72.46875,3.424072265625
72.470703,4.229736328125
72.472656,5.035400390625
72.474609,5.841064453125
72.476562,6.84814453125
72.478516,7.855224609375
72.480469,15.911865234375
72.482422,16.51611328125
72.484375,16.717529296875
72.486328,16.9189453125
72.488281,16.51611328125
72.490234,16.11328125
72.492188,15.3076171875
72.494141,14.501953125
72.496094,18.328857421875
72.498047,17.32177734375
72.5,16.51611328125
72.501953,15.71044921875
72.503906,15.106201171875
72.505859,14.90478515625
72.507812,15.106201171875
72.509766,15.3076171875
72.511719,19.940185546875
72.513672,20.54443359375
72.515625,21.551513671875
72.517578,22.55859375
72.519531,23.3642578125
72.521484,24.169921875
72.523438,24.9755859375
72.525391,25.37841796875
72.527344,27.79541015625
72.529297,27.593994140625
72.53125,27.191162109375
72.533203,26.5869140625
72.535156,25.579833984375
72.537109,24.774169921875
72.539062,23.76708984375
72.541016,19.73876953125
72.542969,19.134521484375
72.544922,18.5302734375
72.546875,18.12744140625
72.548828,18.12744140625
72.550781,18.328857421875
72.552734,18.93310546875
72.554688,19.537353515625
72.556641,20.343017578125
72.558594,16.51611328125
72.560547,17.523193359375
72.5625,18.328857421875
72.564453,19.134521484375
72.566406,19.537353515625
72.568359,19.940185546875
72.570312,19.73876953125
72.572266,19.537353515625
72.574219,12.286376953125
72.576172,11.480712890625
72.578125,10.4736328125
72.580078,9.66796875
72.582031,8.660888671875
72.583984,7.855224609375
72.585938,7.2509765625
72.587891,-0.201416015625
72.589844,-0.40283203125
72.591797,-0.201416015625
72.59375,0.201416015625
72.595703,0.8056640625
72.597656,1.611328125
72.599609,2.618408203125
72.601562,3.62548828125
72.603516,4.43115234375
72.605469,1.812744140625
72.607422,0.8056640625
72.609375,1.007080078125
72.611328,1.007080078125
72.613281,0.8056640625
72.615234,0.40283203125
72.617188,-0.40283203125
72.619141,-1.20849609375
72.621094,-3.62548828125
72.623047,-4.632568359375
72.625,-5.438232421875
72.626953,-6.243896484375
72.628906,-6.646728515625
72.630859,-6.84814453125
72.632812,-6.84814453125
72.634766,-5.841064453125
72.636719,-5.23681640625
72.638672,-4.43115234375
72.640625,-3.62548828125
72.642578,-2.618408203125
72.644531,-1.611328125
72.646484,-0.8056640625
72.648438,-0.201416015625
72.650391,3.62548828125
72.652344,3.826904296875
72.654297,3.62548828125
72.65625,3.22265625
72.658203,2.618408203125
72.660156,1.812744140625
72.662109,0.8056640625
72.664062,5.841064453125
72.666016,4.833984375
72.667969,4.0283203125
72.669922,3.62548828125
72.671875,3.22265625
72.673828,3.22265625
72.675781,3.424072265625
72.677734,3.826904296875
72.679688,4.632568359375
72.681641,5.438232421875
72.683594,6.4453125
72.685547,14.300537109375
72.6875,15.106201171875
72.689453,15.911865234375
72.691406,16.314697265625
72.693359,16.51611328125
72.695312,23.162841796875
72.697266,22.760009765625
72.699219,22.15576171875
72.701172,21.551513671875
72.703125,20.54443359375
72.705078,19.537353515625
72.707031,18.731689453125
72.708984,17.724609375
72.710938,17.120361328125
72.712891,20.343017578125
72.714844,20.1416015625
72.716797,20.343017578125
72.71875,20.745849609375
72.720703,21.35009765625
72.722656,22.15576171875
72.724609,23.162841796875
72.726562,24.169921875
72.728516,25.78125
72.730469,26.385498046875
72.732422,26.98974609375
72.734375,27.392578125
72.736328,27.392578125
72.738281,27.191162109375
72.740234,26.788330078125
72.742188,25.982666015625
72.744141,21.35009765625
72.746094,20.54443359375
72.748047,19.537353515625
72.75,18.731689453125
72.751953,17.926025390625
72.753906,17.523193359375
72.755859,17.120361328125
72.757812,17.32177734375
72.759766,13.897705078125
72.761719,14.501953125
72.763672,15.3076171875
72.765625,16.11328125
72.767578,17.120361328125
72.769531,18.12744140625
72.771484,18.93310546875
72.773438,12.689208984375
72.775391,13.092041015625
72.777344,13.29345703125
72.779297,13.092041015625
72.78125,12.689208984375
72.783203,12.0849609375
72.785156,11.077880859375
72.787109,10.272216796875
72.789062,9.26513671875
72.791016,8.258056640625
72.792969,7.65380859375
72.794922,7.049560546875
72.796875,6.646728515625
72.798828,6.646728515625
72.800781,-0.201416015625
72.802734,-4.229736328125
72.804688,-3.424072265625
72.806641,-2.618408203125
72.808594,-1.611328125
72.810547,-0.604248046875
72.8125,0.201416015625
72.814453,1.007080078125
72.816406,1.409912109375
72.818359,1.611328125
72.820312,1.611328125
72.822266,-1.409912109375
72.824219,-2.01416015625
72.826172,-2.618408203125
72.828125,-3.62548828125
72.830078,-4.632568359375
72.832031,-5.438232421875
72.833984,-6.4453125
72.835938,-5.23681640625
72.837891,-5.6396484375
72.839844,-5.841064453125
72.841797,-5.6396484375
72.84375,-5.23681640625
72.845703,-4.632568359375
72.847656,-3.826904296875
72.849609,-2.81982421875
72.851562,-1.812744140625
72.853516,1.409912109375
72.855469,2.215576171875
72.857422,2.81982421875
72.859375,3.22265625
72.861328,3.22265625
72.863281,3.021240234375
72.865234,2.4169921875
72.867188,8.258056640625
72.869141,7.452392578125
72.871094,6.4453125
72.873047,5.438232421875
72.875,4.632568359375
72.876953,3.826904296875
72.878906,3.424072265625
72.880859,3.22265625
72.882812,10.07080078125
72.884766,10.4736328125
72.886719,11.077880859375
72.888672,11.68212890625
72.890625,12.689208984375
72.892578,13.6962890625
72.894531,14.501953125
72.896484,15.3076171875
72.898438,16.11328125
72.900391,16.51611328125
72.902344,16.51611328125
72.904297,22.55859375
72.90625,22.15576171875
72.908203,21.35009765625
72.910156,20.54443359375
72.912109,23.968505859375
72.914062,23.162841796875
72.916016,22.15576171875
72.917969,21.35009765625
72.919922,20.745849609375
72.921875,20.54443359375
72.923828,20.54443359375
72.925781,20.745849609375
72.927734,21.148681640625
72.929688,22.357177734375
72.931641,23.162841796875
72.933594,24.169921875
72.935547,25.177001953125
72.9375,25.982666015625
72.939453,26.5869140625
72.941406,27.191162109375
72.943359,27.392578125
72.945312,23.968505859375
72.947266,23.76708984375
72.949219,23.162841796875
72.951172,22.357177734375
72.953125,21.35009765625
72.955078,20.54443359375
72.957031,19.537353515625
72.958984,18.731689453125
72.960938,13.897705078125
72.962891,13.494873046875
72.964844,13.29345703125
72.966797,13.494873046875
72.96875,13.897705078125
72.970703,14.501953125
72.972656,15.3076171875
72.974609,16.314697265625
72.976562,10.4736328125
72.978516,11.480712890625
72.980469,12.286376953125
72.982422,12.890625
72.984375,13.092041015625
72.986328,13.092041015625
72.988281,12.890625
72.990234,5.841064453125
72.992188,5.035400390625
72.994141,4.229736328125
72.996094,-1.812744140625
72.998047,-2.81982421875
73.0,-3.62548828125
73.001953,-4.43115234375
73.003906,-4.833984375
73.005859,-5.035400390625
73.007812,-5.035400390625
73.009766,-4.632568359375
73.011719,-4.229736328125
73.013672,-3.424072265625
73.015625,-2.4169921875
73.017578,-1.409912109375
73.019531,-0.604248046875
73.021484,-1.812744140625
73.023438,-1.20849609375
73.025391,-0.8056640625
73.027344,-0.604248046875
73.029297,-0.8056640625
73.03125,-1.20849609375
73.033203,-1.812744140625
73.035156,-2.618408203125
73.037109,-2.618408203125
73.039062,-3.62548828125
73.041016,-4.43115234375
73.042969,-5.23681640625
73.044922,-5.841064453125
73.046875,-6.243896484375
73.048828,-6.243896484375
73.050781,-4.229736328125
73.052734,-1.812744140625
73.054688,-1.20849609375
73.056641,-0.201416015625
73.058594,0.604248046875
73.060547,1.611328125
73.0625,2.618408203125
73.064453,3.22265625
73.066406,3.826904296875
73.068359,9.869384765625
73.070312,9.66796875
73.072266,9.466552734375
73.074219,8.8623046875
73.076172,8.056640625
73.078125,7.2509765625
73.080078,6.243896484375
73.082031,12.0849609375
73.083984,11.279296875
73.085938,10.675048828125
73.087891,10.272216796875
73.089844,10.07080078125
73.091797,10.272216796875
73.09375,10.675048828125
73.095703,11.279296875
73.097656,12.0849609375
73.099609,19.134521484375
73.101562,20.1416015625
73.103516,21.148681640625
73.105469,21.954345703125
73.107422,22.357177734375
73.109375,22.760009765625
73.111328,22.760009765625
73.113281,22.55859375
73.115234,22.15576171875
73.117188,21.35009765625
73.119141,20.54443359375
73.121094,23.3642578125
73.123047,22.357177734375
73.125,21.551513671875
73.126953,20.745849609375
73.128906,20.343017578125
73.130859,20.343017578125
73.132812,20.343017578125
73.134766,20.745849609375
73.136719,21.148681640625
73.138672,21.954345703125
73.140625,22.96142578125
73.142578,23.968505859375
73.144531,22.55859375
73.146484,23.3642578125
73.148438,23.968505859375
73.150391,24.371337890625
73.152344,24.57275390625
73.154297,24.371337890625
73.15625,23.968505859375
73.158203,23.3642578125
73.160156,19.3359375
73.162109,16.717529296875
73.164062,15.71044921875
73.166016,14.90478515625
73.167969,14.09912109375
73.169922,13.494873046875
73.171875,13.092041015625
73.173828,13.092041015625
73.175781,6.84814453125
73.177734,7.2509765625
73.179688,8.056640625
73.181641,8.8623046875
73.183594,9.869384765625
73.185547,10.87646484375
73.1875,11.68212890625
73.189453,12.48779296875
73.191406,6.243896484375
73.193359,6.4453125
73.195312,6.4453125
73.197266,6.04248046875
73.199219,5.438232421875
73.201172,4.833984375
73.203125,3.826904296875
73.205078,2.81982421875
73.207031,-3.62548828125
73.208984,-4.43115234375
73.210938,-5.035400390625
73.212891,-5.438232421875
73.214844,-5.6396484375
73.216797,-5.438232421875
73.21875,-5.035400390625
73.220703,-4.43115234375
73.222656,-3.62548828125
73.224609,-2.618408203125
73.226562,-1.611328125
73.228516,-0.8056640625
73.230469,-2.01416015625
73.232422,-1.409912109375
73.234375,-1.20849609375
73.236328,-1.007080078125
73.238281,0.40283203125
73.240234,0.0
73.242188,-0.8056640625
73.244141,-1.611328125
73.246094,-2.618408203125
73.248047,-3.62548828125
73.25,-4.43115234375
73.251953,-1.007080078125
73.253906,-1.611328125
73.255859,-1.812744140625
73.257812,-1.812744140625
73.259766,-1.409912109375
73.261719,-0.8056640625
73.263672,0.0
73.265625,0.8056640625
73.267578,6.646728515625
73.269531,7.452392578125
73.271484,8.258056640625
73.273438,9.063720703125
73.275391,9.466552734375
73.277344,9.466552734375
73.279297,9.466552734375
73.28125,9.063720703125
73.283203,15.71044921875
73.285156,14.90478515625
73.287109,13.897705078125
73.289062,12.890625
73.291016,12.0849609375
73.292969,11.279296875
73.294922,10.675048828125
73.296875,10.272216796875
73.298828,16.51611328125
73.300781,16.717529296875
73.302734,17.32177734375
73.304688,17.926025390625
73.306641,18.93310546875
73.308594,19.73876953125
73.310547,20.745849609375
73.3125,21.551513671875
73.314453,25.78125
73.316406,26.18408203125
73.318359,26.5869140625
73.320312,26.385498046875
73.322266,26.18408203125
73.324219,25.579833984375
73.326172,24.774169921875
73.328125,23.968505859375
73.330078,22.96142578125
73.332031,21.954345703125
73.333984,21.148681640625
73.335938,20.54443359375
73.337891,20.1416015625
73.339844,20.343017578125
73.341797,20.343017578125
73.34375,17.523193359375
73.345703,18.12744140625
73.347656,18.93310546875
73.349609,19.940185546875
73.351562,20.947265625
73.353516,21.7529296875
73.355469,22.55859375
73.357422,23.162841796875
73.359375,23.565673828125
73.361328,18.5302734375
73.363281,18.12744140625
73.365234,17.724609375
73.367188,16.9189453125
73.369141,16.11328125
73.371094,15.106201171875
73.373047,14.09912109375
73.375,13.29345703125
73.376953,5.6396484375
73.378906,5.035400390625
73.380859,4.833984375
73.382812,4.833984375
73.384766,5.23681640625
73.386719,0.604248046875
73.388672,1.409912109375
73.390625,2.215576171875
73.392578,3.22265625
73.394531,4.229736328125
73.396484,5.035400390625
73.398438,5.6396484375
73.400391,6.04248046875
73.402344,6.243896484375
73.404297,6.04248046875
73.40625,5.6396484375
73.408203,-0.40283203125
73.410156,-1.20849609375
73.412109,-2.215576171875
73.414062,-3.22265625
73.416016,-4.0283203125
73.417969,-4.833984375
73.419922,-5.438232421875
73.421875,-8.056640625
73.423828,-8.056640625
73.425781,-7.855224609375
73.427734,-7.452392578125
73.429688,-6.646728515625
73.431641,-5.841064453125
73.433594,-4.833984375
73.435547,-3.826904296875
73.4375,-3.021240234375
73.439453,-2.215576171875
73.441406,-1.812744140625
73.443359,-1.611328125
73.445312,-0.8056640625
73.447266,0.0
73.449219,-0.604248046875
73.451172,-1.409912109375
73.453125,2.01416015625
73.455078,1.20849609375
73.457031,0.201416015625
73.458984,-0.604248046875
73.460938,-1.20849609375
73.462891,-1.611328125
73.464844,-1.812744140625
73.466797,-1.611328125
73.46875,-1.20849609375
73.470703,-0.604248046875
73.472656,6.84814453125
73.474609,7.855224609375
73.476562,8.8623046875
73.478516,9.66796875
73.480469,10.4736328125
73.482422,11.077880859375
73.484375,11.480712890625
73.486328,18.328857421875
73.488281,18.12744140625
73.490234,17.523193359375
73.492188,16.9189453125
73.494141,16.11328125
73.496094,15.106201171875
73.498047,14.09912109375
73.5,19.3359375
73.501953,18.5302734375
73.503906,18.12744140625
73.505859,17.926025390625
73.507812,17.926025390625
73.509766,18.328857421875
73.511719,18.93310546875
73.513672,19.537353515625
73.515625,20.54443359375
73.517578,23.76708984375
73.519531,24.774169921875
73.521484,25.579833984375
73.523438,26.18408203125
73.525391,26.5869140625
73.527344,26.788330078125
73.529297,26.5869140625
73.53125,26.18408203125
73.533203,26.18408203125
73.535156,25.37841796875
73.537109,24.57275390625
73.539062,23.565673828125
73.541016,22.55859375
73.542969,21.7529296875
73.544922,21.35009765625
73.546875,20.947265625
73.548828,20.947265625
73.550781,21.148681640625
73.552734,21.551513671875
73.554688,22.357177734375
73.556641,23.162841796875
73.558594,24.169921875
73.560547,14.501953125
73.5625,15.3076171875
73.564453,16.11328125
73.566406,16.51611328125
73.568359,16.717529296875
73.570312,16.717529296875
73.572266,16.51611328125
73.574219,15.911865234375
73.576172,15.106201171875
73.578125,14.09912109375
73.580078,13.29345703125
73.582031,3.22265625
73.583984,-0.201416015625
73.585938,-0.8056640625
73.587891,-1.20849609375
73.589844,-1.409912109375
73.591797,-1.20849609375
73.59375,-0.8056640625
73.595703,-0.201416015625
73.597656,0.8056640625
73.599609,1.611328125
73.601562,2.618408203125
73.603516,3.62548828125
73.605469,4.229736328125
73.607422,4.833984375
