2026-04-06 14:27:21 | ERROR | biosignals.utils.config | _load_config | ❌ SensorConfig JSON syntax error: Expecting property name enclosed in double quotes: line 22 column 1 (char 379)
2026-04-06 14:27:21 | INFO | biosignals.src.utils.config | _watch_loop | ♻️ FilterConfig changed — reloading...
2026-04-06 14:27:21 | ERROR | biosignals.src.utils.config | _load_config |    File: C:\bci\Neurokey\config\sensor_config.json
2026-04-06 14:27:21 | ERROR | biosignals.utils.config | _load_config |    File: C:\bci\Neurokey\config\sensor_config.json
2026-04-06 14:27:21 | ERROR | biosignals.src.utils.config | _load_config | ❌ FilterConfig JSON syntax error: Expecting property name enclosed in double quotes: line 4 column 1 (char 30)
2026-04-06 14:27:21 | ERROR | biosignals.src.utils.config | _load_config |    File: C:\bci\Neurokey\config\filter_config.json
2026-04-06 14:27:21 | INFO | biosignals.src.utils.config | _watch_loop | ♻️ SensorConfig changed — reloading...
2026-04-06 14:27:21 | ERROR | biosignals.src.utils.config | _load_config | ❌ SensorConfig JSON syntax error: Expecting property name enclosed in double quotes: line 22 column 1 (char 379)
2026-04-06 14:27:21 | ERROR | biosignals.src.utils.config | _load_config |    File: C:\bci\Neurokey\config\sensor_config.json
2026-04-06 14:27:21 | INFO | biosignals.src.utils.config | _watch_loop | ♻️ SensorConfig changed — reloading...
2026-04-06 14:27:21 | ERROR | biosignals.src.utils.config | _load_config | ❌ SensorConfig JSON syntax error: Expecting property name enclosed in double quotes: line 22 column 1 (char 379)
2026-04-06 14:27:21 | ERROR | biosignals.src.utils.config | _load_config |    File: C:\bci\Neurokey\config\sensor_config.json
2026-04-06 14:27:21 | INFO | biosignals.src.utils.config | _watch_loop | ♻️ SensorConfig changed — reloading...
2026-04-06 14:27:21 | ERROR | biosignals.src.utils.config | _load_config | ❌ SensorConfig JSON syntax error: Expecting property name enclosed in double quotes: line 22 column 1 (char 379)
2026-04-06 14:27:21 | ERROR | biosignals.src.utils.config | _load_config |    File: C:\bci\Neurokey\config\sensor_config.json
2026-04-06 14:27:21 | INFO | biosignals.src.utils.config | _watch_loop | ♻️ FilterConfig changed — reloading...
2026-04-06 14:27:21 | ERROR | biosignals.src.utils.config | _load_config | ❌ FilterConfig JSON syntax error: Expecting property name enclosed in double quotes: line 4 column 1 (char 30)
2026-04-06 14:27:21 | ERROR | biosignals.src.utils.config | _load_config |    File: C:\bci\Neurokey\config\filter_config.json
2026-04-06 14:27:22 | INFO | biosignals.src.utils.config | _watch_loop | ♻️ FilterConfig changed — reloading...
2026-04-06 14:27:22 | ERROR | biosignals.src.utils.config | _load_config | ❌ FilterConfig JSON syntax error: Expecting property name enclosed in double quotes: line 4 column 1 (char 30)
2026-04-06 14:27:22 | ERROR | biosignals.src.utils.config | _load_config |    File: C:\bci\Neurokey\config\filter_config.json
2026-04-06 14:27:22 | INFO | biosignals.src.utils.config | _watch_loop | ♻️ FilterConfig changed — reloading...
2026-04-06 14:27:22 | ERROR | biosignals.src.utils.config | _load_config | ❌ FilterConfig JSON syntax error: Expecting property name enclosed in double quotes: line 4 column 1 (char 30)
2026-04-06 14:27:22 | ERROR | biosignals.src.utils.config | _load_config |    File: C:\bci\Neurokey\config\filter_config.json
2026-04-06 14:27:22 | ERROR | biosignals.__main__ | load_config | [Router] Failed to load sensor config (C:\bci\Neurokey\config\sensor_config.json): Expecting property name enclosed in double quotes: line 22 column 1 (char 379) — using defaults
2026-04-06 14:27:22 | INFO | biosignals.utils.config | _watch_loop | ♻️ FilterConfig changed — reloading...
2026-04-06 14:27:22 | ERROR | biosignals.__main__ | load_config | [Router] Failed to load filter config (C:\bci\Neurokey\config\filter_config.json): Expecting property name enclosed in double quotes: line 4 column 1 (char 30) — using defaults
2026-04-06 14:27:22 | ERROR | biosignals.utils.config | _load_config | ❌ FilterConfig JSON syntax error: Expecting property name enclosed in double quotes: line 4 column 1 (char 30)
2026-04-06 14:27:22 | ERROR | biosignals.utils.config | _load_config |    File: C:\bci\Neurokey\config\filter_config.json
2026-04-06 14:27:22 | INFO | biosignals.src.utils.config | _watch_loop | ♻️ SensorConfig changed — reloading...
2026-04-06 14:27:22 | ERROR | biosignals.src.utils.config | _load_config | ❌ SensorConfig JSON syntax error: Expecting property name enclosed in double quotes: line 22 column 1 (char 379)
2026-04-06 14:27:22 | ERROR | biosignals.src.utils.config | _load_config |    File: C:\bci\Neurokey\config\sensor_config.json
2026-04-06 14:27:22 | INFO | biosignals.utils.config | _watch_loop | ♻️ SensorConfig changed — reloading...
2026-04-06 14:27:22 | ERROR | biosignals.utils.config | _load_config | ❌ SensorConfig JSON syntax error: Expecting property name enclosed in double quotes: line 22 column 1 (char 379)
2026-04-06 14:27:22 | ERROR | biosignals.utils.config | _load_config |    File: C:\bci\Neurokey\config\sensor_config.json
2026-04-06 14:27:22 | INFO | biosignals.utils.config | _watch_loop | ♻️ FilterConfig changed — reloading...
2026-04-06 14:27:22 | ERROR | biosignals.utils.config | _load_config | ❌ FilterConfig JSON syntax error: Expecting property name enclosed in double quotes: line 4 column 1 (char 30)
2026-04-06 14:27:22 | INFO | biosignals.src.utils.config | _watch_loop | ♻️ SensorConfig changed — reloading...
2026-04-06 14:27:22 | ERROR | biosignals.utils.config | _load_config |    File: C:\bci\Neurokey\config\filter_config.json
2026-04-06 14:27:22 | ERROR | biosignals.src.utils.config | _load_config | ❌ SensorConfig JSON syntax error: Expecting property name enclosed in double quotes: line 22 column 1 (char 379)
2026-04-06 14:27:22 | ERROR | biosignals.src.utils.config | _load_config |    File: C:\bci\Neurokey\config\sensor_config.json
2026-04-06 14:27:22 | INFO | biosignals.utils.config | _watch_loop | ♻️ FilterConfig changed — reloading...
2026-04-06 14:27:22 | ERROR | biosignals.utils.config | _load_config | ❌ FilterConfig JSON syntax error: Expecting property name enclosed in double quotes: line 4 column 1 (char 30)
2026-04-06 14:27:22 | ERROR | biosignals.utils.config | _load_config |    File: C:\bci\Neurokey\config\filter_config.json
2026-04-06 14:27:22 | INFO | biosignals.utils.config | _watch_loop | ♻️ SensorConfig changed — reloading...
2026-04-06 14:27:22 | ERROR | biosignals.utils.config | _load_config | ❌ SensorConfig JSON syntax error: Expecting property name enclosed in double quotes: line 22 column 1 (char 379)
2026-04-06 14:27:22 | ERROR | biosignals.utils.config | _load_config |    File: C:\bci\Neurokey\config\sensor_config.json
2026-04-06 14:27:22 | INFO | biosignals.src.utils.config | _watch_loop | ♻️ FilterConfig changed — reloading...
2026-04-06 14:27:22 | ERROR | biosignals.src.utils.config | _load_config | ❌ FilterConfig JSON syntax error: Expecting property name enclosed in double quotes: line 4 column 1 (char 30)
2026-04-06 14:27:22 | ERROR | biosignals.src.utils.config | _load_config |    File: C:\bci\Neurokey\config\filter_config.json
2026-04-06 14:27:22 | INFO | biosignals.src.utils.config | _watch_loop | ♻️ FilterConfig changed — reloading...
2026-04-06 14:27:22 | ERROR | biosignals.src.utils.config | _load_config | ❌ FilterConfig JSON syntax error: Expecting property name enclosed in double quotes: line 4 column 1 (char 30)
2026-04-06 14:27:22 | ERROR | biosignals.src.utils.config | _load_config |    File: C:\bci\Neurokey\config\filter_config.json
2026-04-06 14:27:22 | INFO | biosignals.src.utils.config | _watch_loop | ♻️ SensorConfig changed — reloading...
2026-04-06 14:27:22 | INFO | biosignals.src.utils.config | _watch_loop | ♻️ FilterConfig changed — reloading...
2026-04-06 14:27:22 | INFO | biosignals.utils.config | _watch_loop | ♻️ SensorConfig changed — reloading...
2026-04-06 14:27:22 | ERROR | biosignals.src.utils.config | _load_config | ❌ FilterConfig JSON syntax error: Expecting property name enclosed in double quotes: line 4 column 1 (char 30)
2026-04-06 14:27:22 | ERROR | biosignals.src.utils.config | _load_config | ❌ SensorConfig JSON syntax error: Expecting property name enclosed in double quotes: line 22 column 1 (char 379)
2026-04-06 14:27:22 | ERROR | biosignals.src.utils.config | _load_config |    File: C:\bci\Neurokey\config\filter_config.json
ame enclosed in double quotes: line 22 column 1 (char 379)
2026-04-06 14:27:22 | ERROR | biosignals.src.utils.config | _load_config |    File: C:\bci\Neurokey\config\sensor_config.json
2026-04-06 14:27:22 | ERROR | biosignals.utils.config | _load_config |    File: C:\bci\Neurokey\config\sensor_config.json
2026-04-06 14:27:22 | INFO | biosignals.src.utils.config | _watch_loop | ♻️ SensorConfig changed — reloading...
2026-04-06 14:27:22 | ERROR | biosignals.src.utils.config | _load_config | ❌ SensorConfig JSON syntax error: Expecting property name enclosed in double quotes: line 22 column 1 (char 379)
2026-04-06 14:27:22 | ERROR | biosignals.src.utils.config | _load_config |    File: C:\bci\Neurokey\config\sensor_config.json
2026-04-06 14:27:22 | INFO | biosignals.src.utils.config | _watch_loop | ♻️ SensorConfig changed — reloading...
2026-04-06 14:27:22 | ERROR | biosignals.src.utils.config | _load_config | ❌ SensorConfig JSON syntax error: Expecting property name enclosed in double quotes: line 22 column 1 (char 379)
2026-04-06 14:27:22 | INFO | biosignals.src.utils.config | _watch_loop | ♻️ SensorConfig changed — reloading...
2026-04-06 14:27:22 | ERROR | biosignals.src.utils.config | _load_config |    File: C:\bci\Neurokey\config\sensor_config.json
2026-04-06 14:27:22 | ERROR | biosignals.src.utils.config | _load_config | ❌ SensorConfig JSON syntax error: Expecting property name enclosed in double quotes: line 22 column 1 (char 379)
2026-04-06 14:27:22 | ERROR | biosignals.src.utils.config | _load_config |    File: C:\bci\Neurokey\config\sensor_config.json
2026-04-06 14:27:22 | INFO | biosignals.src.utils.config | _watch_loop | ♻️ FilterConfig changed — reloading...
2026-04-06 14:27:22 | ERROR | biosignals.src.utils.config | _load_config | ❌ FilterConfig JSON syntax error: Expecting property name enclosed in double quotes: line 4 column 1 (char 30)
2026-04-06 14:27:22 | ERROR | biosignals.src.utils.config | _load_config |    File: C:\bci\Neurokey\config\filter_config.json
2026-04-06 14:27:23 | INFO | biosignals.src.utils.config | _watch_loop | ♻️ FilterConfig changed — reloading...
2026-04-06 14:27:23 | ERROR | biosignals.src.utils.config | _load_config | ❌ FilterConfig JSON syntax error: Expecting property name enclosed in double quotes: line 4 column 1 (char 30)
2026-04-06 14:27:23 | ERROR | biosignals.src.utils.config | _load_config |    File: C:\bci\Neurokey\config\filter_config.json
2026-04-06 14:27:23 | INFO | biosignals.src.utils.config | _watch_loop | ♻️ FilterConfig changed — reloading...
2026-04-06 14:27:23 | ERROR | biosignals.src.utils.config | _load_config | ❌ FilterConfig JSON syntax error: Expecting property name enclosed in double quotes: line 4 column 1 (char 30)
2026-04-06 14:27:23 | ERROR | biosignals.src.utils.config | _load_config |    File: C:\bci\Neurokey\config\filter_config.json
2026-04-06 14:27:23 | INFO | biosignals.utils.config | _watch_loop | ♻️ FilterConfig changed — reloading...
2026-04-06 14:27:23 | ERROR | biosignals.utils.config | _load_config | ❌ FilterConfig JSON syntax error: Expecting property name enclosed in double quotes: line 4 column 1 (char 30)
2026-04-06 14:27:23 | ERROR | biosignals.utils.config | _load_config |    File: C:\bci\Neurokey\config\filter_config.json
2026-04-06 14:27:23 | INFO | biosignals.src.utils.config | _watch_loop | ♻️ SensorConfig changed — reloading...
2026-04-06 14:27:23 | ERROR | biosignals.src.utils.config | _load_config | ❌ SensorConfig JSON syntax error: Expecting property name enclosed in double quotes: line 22 column 1 (char 379)
2026-04-06 14:27:23 | ERROR | biosignals.src.utils.config | _load_config |    File: C:\bci\Neurokey\config\sensor_config.json
2026-04-06 14:27:23 | INFO | biosignals.utils.config | _watch_loop | ♻️ SensorConfig changed — reloading...
2026-04-06 14:27:23 | ERROR | biosignals.utils.config | _load_config | ❌ SensorConfig JSON syntax error: Expecting property name enclosed in double quotes: line 22 column 1 (char 379)
2026-04-06 14:27:23 | ERROR | biosignals.utils.config | _load_config |    File: C:\bci\Neurokey\config\sensor_config.json
2026-04-06 14:27:23 | INFO | biosignals.utils.config | _watch_loop | ♻️ FilterConfig changed — reloading...
2026-04-06 14:27:23 | ERROR | biosignals.utils.config | _load_config | ❌ FilterConfig JSON syntax error: Expecting property name enclosed in double quotes: line 4 column 1 (char 30)
2026-04-06 14:27:23 | ERROR | biosignals.utils.config | _load_config |    File: C:\bci\Neurokey\config\filter_config.json
2026-04-06 14:27:23 | INFO | biosignals.src.utils.config | _watch_loop | ♻️ SensorConfig changed — reloading...
2026-04-06 14:27:23 | ERROR | biosignals.src.utils.config | _load_config | ❌ SensorConfig JSON syntax error: Expecting property name enclosed in double quotes: line 22 column 1 (char 379)
2026-04-06 14:27:23 | ERROR | biosignals.src.utils.config | _load_config |    File: C:\bci\Neurokey\config\sensor_config.json
2026-04-06 14:27:23 | INFO | biosignals.utils.config | _watch_loop | ♻️ FilterConfig changed — reloading...
2026-04-06 14:27:23 | ERROR | biosignals.utils.config | _load_config | ❌ FilterConfig JSON syntax error: Expecting property name enclosed in double quotes: line 4 column 1 (char 30)
2026-04-06 14:27:23 | ERROR | biosignals.utils.config | _load_config |    File: C:\bci\Neurokey\config\filter_config.json
2026-04-06 14:27:23 | INFO | biosignals.utils.config | _watch_loop | ♻️ SensorConfig changed — reloading...
2026-04-06 14:27:23 | ERROR | biosignals.utils.config | _load_config | ❌ SensorConfig JSON syntax error: Expecting property name enclosed in double quotes: line 22 column 1 (char 379)
2026-04-06 14:27:23 | ERROR | biosignals.utils.config | _load_config |    File: C:\bci\Neurokey\config\sensor_config.json
2026-04-06 14:27:23 | INFO | biosignals.src.utils.config | _watch_loop | ♻️ FilterConfig changed — reloading...
2026-04-06 14:27:23 | ERROR | biosignals.src.utils.config | _load_config | ❌ FilterConfig JSON syntax error: Expecting property name enclosed in double quotes: line 4 column 1 (char 30)
2026-04-06 14:27:23 | ERROR | biosignals.src.utils.config | _load_config |    File: C:\bci\Neurokey\config\filter_config.json
2026-04-06 14:27:23 | INFO | biosignals.src.utils.config | _watch_loop | ♻️ FilterConfig changed — reloading...
2026-04-06 14:27:23 | ERROR | biosignals.src.utils.config | _load_config | ❌ FilterConfig JSON syntax error: Expecting property name enclosed in double quotes: line 4 column 1 (char 30)
2026-04-06 14:27:23 | ERROR | biosignals.src.utils.config | _load_config |    File: C:\bci\Neurokey\config\filter_config.json
2026-04-06 14:27:23 | INFO | biosignals.src.utils.config | _watch_loop | ♻️ FilterConfig changed — reloading...
2026-04-06 14:27:23 | ERROR | biosignals.src.utils.config | _load_config | ❌ FilterConfig JSON syntax error: Expecting property name enclosed in double quotes: line 4 column 1 (char 30)
2026-04-06 14:27:23 | INFO | biosignals.src.utils.config | _watch_loop | ♻️ SensorConfig changed — reloading...
2026-04-06 14:27:23 | ERROR | biosignals.src.utils.config | _load_config |    File: C:\bci\Neurokey\config\filter_config.json
2026-04-06 14:27:23 | INFO | biosignals.utils.config | _watch_loop | ♻️ SensorConfig changed — reloading...
2026-04-06 14:27:23 | ERROR | biosignals.src.utils.config | _load_config | ❌ SensorConfig JSON syntax error: Expecting property name enclosed in double quotes: line 22 column 1 (char 379)
2026-04-06 14:27:23 | ERROR | biosignals.utils.config | _load_config | ❌ SensorConfig JSON syntax error: Expecting property name enclosed in double quotes: line 22 column 1 (char 379)
2026-04-06 14:27:23 | ERROR | biosignals.src.utils.config | _load_config |    File: C:\bci\Neurokey\config\sensor_config.json
2026-04-06 14:27:23 | ERROR | biosignals.utils.config | _load_config |    File: C:\bci\Neurokey\config\sensor_config.json
2026-04-06 14:27:23 | INFO | biosignals.src.utils.config | _watch_loop | ♻️ SensorConfig changed — reloading...
2026-04-06 14:27:23 | ERROR | biosignals.src.utils.config | _load_config | ❌ SensorConfig JSON syntax error: Expecting property name enclosed in double quotes: line 22 column 1 (char 379)
2026-04-06 14:27:23 | ERROR | biosignals.src.utils.config | _load_config |    File: C:\bci\Neurokey\config\sensor_config.json
2026-04-06 14:27:23 | INFO | biosignals.src.utils.config | _watch_loop | ♻️ SensorConfig changed — reloading...
2026-04-06 14:27:23 | ERROR | biosignals.src.utils.config | _load_config | ❌ SensorConfig JSON syntax error: Expecting property name enclosed in double quotes: line 22 column 1 (char 379)
2026-04-06 14:27:23 | ERROR | biosignals.src.utils.config | _load_config |    File: C:\bci\Neurokey\config\sensor_config.json
2026-04-06 14:27:23 | INFO | biosignals.src.utils.config | _watch_loop | ♻️ SensorConfig changed — reloading...
2026-04-06 14:27:23 | ERROR | biosignals.src.utils.config | _load_config | ❌ SensorConfig JSON syntax error: Expecting property name enclosed in double quotes: line 22 column 1 (char 379)
2026-04-06 14:27:23 | ERROR | biosignals.src.utils.config | _load_config |    File: C:\bci\Neurokey\config\sensor_config.json
2026-04-06 14:27:23 | INFO | biosignals.src.utils.config | _watch_loop | ♻️ FilterConfig changed — reloading...
2026-04-06 14:27:23 | ERROR | biosignals.src.utils.config | _load_config | ❌ FilterConfig JSON syntax error: Expecting property name enclosed in double quotes: line 4 column 1 (char 30)
2026-04-06 14:27:23 | ERROR | biosignals.src.utils.config | _load_config |    File: C:\bci\Neurokey\config\filter_config.json
2026-04-06 14:27:24 | INFO | biosignals.src.utils.config | _watch_loop | ♻️ FilterConfig changed — reloading...
2026-04-06 14:27:24 | ERROR | biosignals.src.utils.config | _load_config | ❌ FilterConfig JSON syntax error: Expecting property name enclosed in double quotes: line 4 column 1 (char 30)
2026-04-06 14:27:24 | ERROR | biosignals.src.utils.config | _load_config |    File: C:\bci\Neurokey\config\filter_config.json
2026-04-06 14:27:24 | INFO | biosignals.src.utils.config | _watch_loop | ♻️ FilterConfig changed — reloading...
2026-04-06 14:27:24 | ERROR | biosignals.src.utils.config | _load_config | ❌ FilterConfig JSON syntax error: Expecting property name enclosed in double quotes: line 4 column 1 (char 30)
2026-04-06 14:27:24 | ERROR | biosignals.src.utils.config | _load_config |    File: C:\bci\Neurokey\config\filter_config.json
2026-04-06 14:27:24 | ERROR | biosignals.__main__ | load_config | [Router] Failed to load sensor config (C:\bci\Neurokey\config\sensor_config.json): Expecting property name enclosed in double quotes: line 22 column 1 (char 379) — using defaults
2026-04-06 14:27:24 | ERROR | biosignals.__main__ | load_config | [Router] Failed to load filter config (C:\bci\Neurokey\config\filter_config.json): Expecting property name enclosed in double quotes: line 4 column 1 (char 30) — using defaults
2026-04-06 14:27:24 | INFO | biosignals.utils.config | _watch_loop | ♻️ FilterConfig changed — reloading...
2026-04-06 14:27:24 | ERROR | biosignals.utils.config | _load_config | ❌ FilterConfig JSON syntax error: Expecting property name enclosed in double quotes: line 4 column 1 (char 30)
2026-04-06 14:27:24 | ERROR | biosignals.utils.config | _load_config |    File: C:\bci\Neurokey\config\filter_config.json
2026-04-06 14:27:24 | INFO | biosignals.src.utils.config | _watch_loop | ♻️ SensorConfig changed — reloading...
2026-04-06 14:27:24 | ERROR | biosignals.src.utils.config | _load_config | ❌ SensorConfig JSON syntax error: Expecting property name enclosed in double quotes: line 22 column 1 (char 379)
2026-04-06 14:27:24 | ERROR | biosignals.src.utils.config | _load_config |    File: C:\bci\Neurokey\config\sensor_config.json
2026-04-06 14:27:24 | INFO | biosignals.utils.config | _watch_loop | ♻️ SensorConfig changed — reloading...
2026-04-06 14:27:24 | ERROR | biosignals.utils.config | _load_config | ❌ SensorConfig JSON syntax error: Expecting property name enclosed in double quotes: line 22 column 1 (char 379)
2026-04-06 14:27:24 | ERROR | biosignals.utils.config | _load_config |    File: C:\bci\Neurokey\config\sensor_config.json
2026-04-06 14:27:24 | INFO | biosignals.utils.config | _watch_loop | ♻️ FilterConfig changed — reloading...
2026-04-06 14:27:24 | ERROR | biosignals.utils.config | _load_config | ❌ FilterConfig JSON syntax error: Expecting property name enclosed in double quotes: line 4 column 1 (char 30)
2026-04-06 14:27:24 | ERROR | biosignals.utils.config | _load_config |    File: C:\bci\Neurokey\config\filter_config.json
2026-04-06 14:27:24 | INFO | biosignals.src.utils.config | _watch_loop | ♻️ SensorConfig changed — reloading...
2026-04-06 14:27:24 | ERROR | biosignals.src.utils.config | _load_config | ❌ SensorConfig JSON syntax error: Expecting property name enclosed in double quotes: line 22 column 1 (char 379)
2026-04-06 14:27:24 | ERROR | biosignals.src.utils.config | _load_config |    File: C:\bci\Neurokey\config\sensor_config.json
2026-04-06 14:27:24 | INFO | biosignals.utils.config | _watch_loop | ♻️ FilterConfig changed — reloading...
2026-04-06 14:27:24 | ERROR | biosignals.utils.config | _load_config | ❌ FilterConfig JSON syntax error: Expecting property name enclosed in double quotes: line 4 column 1 (char 30)
2026-04-06 14:27:24 | ERROR | biosignals.utils.config | _load_config |    File: C:\bci\Neurokey\config\filter_config.json
2026-04-06 14:27:24 | INFO | biosignals.utils.config | _watch_loop | ♻️ SensorConfig changed — reloading...
2026-04-06 14:27:24 | ERROR | biosignals.utils.config | _load_config | ❌ SensorConfig JSON syntax error: Expecting property name enclosed in double quotes: line 22 column 1 (char 379)
2026-04-06 14:27:24 | ERROR | biosignals.utils.config | _load_config |    File: C:\bci\Neurokey\config\sensor_config.json
2026-04-06 14:27:24 | INFO | biosignals.src.utils.config | _watch_loop | ♻️ FilterConfig changed — reloading...
2026-04-06 14:27:24 | ERROR | biosignals.src.utils.config | _load_config | ❌ FilterConfig JSON syntax error: Expecting property name enclosed in double quotes: line 4 column 1 (char 30)
2026-04-06 14:27:24 | ERROR | biosignals.src.utils.config | _load_config |    File: C:\bci\Neurokey\config\filter_config.json
2026-04-06 14:27:24 | INFO | biosignals.src.utils.config | _watch_loop | ♻️ FilterConfig changed — reloading...
2026-04-06 14:27:24 | ERROR | biosignals.src.utils.config | _load_config | ❌ FilterConfig JSON syntax error: Expecting property name enclosed in double quotes: line 4 column 1 (char 30)
2026-04-06 14:27:24 | ERROR | biosignals.src.utils.config | _load_config |    File: C:\bci\Neurokey\config\filter_config.json
2026-04-06 14:27:24 | INFO | biosignals.src.utils.config | _watch_loop | ♻️ FilterConfig changed — reloading...
2026-04-06 14:27:24 | ERROR | biosignals.src.utils.config | _load_config | ❌ FilterConfig JSON syntax error: Expecting property name enclosed in double quotes: line 4 column 1 (char 30)
2026-04-06 14:27:24 | ERROR | biosignals.src.utils.config | _load_config |    File: C:\bci\Neurokey\config\filter_config.json
2026-04-06 14:27:24 | INFO | biosignals.src.utils.config | _watch_loop | ♻️ SensorConfig changed — reloading...
2026-04-06 14:27:24 | INFO | biosignals.utils.config | _watch_loop | ♻️ SensorConfig changed — reloading...
2026-04-06 14:27:24 | ERROR | biosignals.src.utils.config | _load_config | ❌ SensorConfig JSON syntax error: Expecting property name enclosed in double quotes: line 22 column 1 (char 379)
2026-04-06 14:27:24 | ERROR | biosignals.utils.config | _load_config | ❌ SensorConfig JSON syntax error: Expecting property name enclosed in double quotes: line 22 column 1 (char 379)
2026-04-06 14:27:24 | ERROR | biosignals.src.utils.config | _load_config |    File: C:\bci\Neurokey\config\sensor_config.json
2026-04-06 14:27:24 | ERROR | biosignals.utils.config | _load_config |    File: C:\bci\Neurokey\config\sensor_config.json
2026-04-06 14:27:24 | INFO | biosignals.src.utils.config | _watch_loop | ♻️ SensorConfig changed — reloading...
2026-04-06 14:27:24 | ERROR | biosignals.src.utils.config | _load_config | ❌ SensorConfig JSON syntax error: Expecting property name enclosed in double quotes: line 22 column 1 (char 379)
2026-04-06 14:27:24 | ERROR | biosignals.src.utils.config | _load_config |    File: C:\bci\Neurokey\config\sensor_config.json
2026-04-06 14:27:24 | INFO | biosignals.src.utils.config | _watch_loop | ♻️ SensorConfig changed — reloading...
2026-04-06 14:27:24 | ERROR | biosignals.src.utils.config | _load_config | ❌ SensorConfig JSON syntax error: Expecting property name enclosed in double quotes: line 22 column 1 (char 379)
2026-04-06 14:27:24 | ERROR | biosignals.src.utils.config | _load_config |    File: C:\bci\Neurokey\config\sensor_config.json
2026-04-06 14:27:24 | INFO | biosignals.src.utils.config | _watch_loop | ♻️ SensorConfig changed — reloading...
2026-04-06 14:27:24 | ERROR | biosignals.src.utils.config | _load_config | ❌ SensorConfig JSON syntax error: Expecting property name enclosed in double quotes: line 22 column 1 (char 379)
2026-04-06 14:27:24 | ERROR | biosignals.src.utils.config | _load_config |    File: C:\bci\Neurokey\config\sensor_config.json
2026-04-06 14:27:24 | INFO | biosignals.src.utils.config | _watch_loop | ♻️ FilterConfig changed — reloading...
2026-04-06 14:27:24 | ERROR | biosignals.src.utils.config | _load_config | ❌ FilterConfig JSON syntax error: Expecting property name enclosed in double quotes: line 4 column 1 (char 30)
2026-04-06 14:27:24 | ERROR | biosignals.src.utils.config | _load_config |    File: C:\bci\Neurokey\config\filter_config.json
2026-04-06 14:27:25 | INFO | biosignals.src.utils.config | _watch_loop | ♻️ FilterConfig changed — reloading...
2026-04-06 14:27:25 | ERROR | biosignals.src.utils.config | _load_config | ❌ FilterConfig JSON syntax error: Expecting property name enclosed in double quotes: line 4 column 1 (char 30)
2026-04-06 14:27:25 | ERROR | biosignals.src.utils.config | _load_config |    File: C:\bci\Neurokey\config\filter_config.json
2026-04-06 14:27:25 | INFO | biosignals.src.utils.config | _watch_loop | ♻️ FilterConfig changed — reloading...
2026-04-06 14:27:25 | ERROR | biosignals.src.utils.config | _load_config | ❌ FilterConfig JSON syntax error: Expecting property name enclosed in double quotes: line 4 column 1 (char 30)
2026-04-06 14:27:25 | ERROR | biosignals.src.utils.config | _load_config |    File: C:\bci\Neurokey\config\filter_config.json
2026-04-06 14:27:25 | INFO | biosignals.utils.config | _watch_loop | ♻️ FilterConfig changed — reloading...
2026-04-06 14:27:25 | ERROR | biosignals.utils.config | _load_config | ❌ FilterConfig JSON syntax error: Expecting property name enclosed in double quotes: line 4 column 1 (char 30)
2026-04-06 14:27:25 | ERROR | biosignals.utils.config | _load_config |    File: C:\bci\Neurokey\config\filter_config.json
2026-04-06 14:27:25 | INFO | biosignals.src.utils.config | _watch_loop | ♻️ SensorConfig changed — reloading...
2026-04-06 14:27:25 | ERROR | biosignals.src.utils.config | _load_config | ❌ SensorConfig JSON syntax error: Expecting property name enclosed in double quotes: line 22 column 1 (char 379)
2026-04-06 14:27:25 | ERROR | biosignals.src.utils.config | _load_config |    File: C:\bci\Neurokey\config\sensor_config.json
2026-04-06 14:27:25 | INFO | biosignals.utils.config | _watch_loop | ♻️ SensorConfig changed — reloading...
2026-04-06 14:27:25 | ERROR | biosignals.utils.config | _load_config | ❌ SensorConfig JSON syntax error: Expecting property name enclosed in double quotes: line 22 column 1 (char 379)
2026-04-06 14:27:25 | ERROR | biosignals.utils.config | _load_config |    File: C:\bci\Neurokey\config\sensor_config.json
2026-04-06 14:27:25 | INFO | biosignals.utils.config | _watch_loop | ♻️ FilterConfig changed — reloading...
2026-04-06 14:27:25 | ERROR | biosignals.utils.config | _load_config | ❌ FilterConfig JSON syntax error: Expecting property name enclosed in double quotes: line 4 column 1 (char 30)
2026-04-06 14:27:25 | ERROR | biosignals.utils.config | _load_config |    File: C:\bci\Neurokey\config\filter_config.json
2026-04-06 14:27:25 | INFO | biosignals.src.utils.config | _watch_loop | ♻️ SensorConfig changed — reloading...
2026-04-06 14:27:25 | ERROR | biosignals.src.utils.config | _load_config | ❌ SensorConfig JSON syntax error: Expecting property name enclosed in double quotes: line 22 column 1 (char 379)
2026-04-06 14:27:25 | ERROR | biosignals.src.utils.config | _load_config |    File: C:\bci\Neurokey\config\sensor_config.json
2026-04-06 14:27:25 | INFO | biosignals.utils.config | _watch_loop | ♻️ FilterConfig changed — reloading...
2026-04-06 14:27:25 | ERROR | biosignals.utils.config | _load_config | ❌ FilterConfig JSON syntax error: Expecting property name enclosed in double quotes: line 4 column 1 (char 30)
2026-04-06 14:27:25 | ERROR | biosignals.utils.config | _load_config |    File: C:\bci\Neurokey\config\filter_config.json
2026-04-06 14:27:25 | INFO | biosignals.utils.config | _watch_loop | ♻️ SensorConfig changed — reloading...
2026-04-06 14:27:25 | ERROR | biosignals.utils.config | _load_config | ❌ SensorConfig JSON syntax error: Expecting property name enclosed in double quotes: line 22 column 1 (char 379)
2026-04-06 14:27:25 | ERROR | biosignals.utils.config | _load_config |    File: C:\bci\Neurokey\config\sensor_config.json
2026-04-06 14:27:25 | INFO | biosignals.src.utils.config | _watch_loop | ♻️ FilterConfig changed — reloading...
2026-04-06 14:27:25 | ERROR | biosignals.src.utils.config | _load_config | ❌ FilterConfig JSON syntax error: Expecting property name enclosed in double quotes: line 4 column 1 (char 30)
2026-04-06 14:27:25 | ERROR | biosignals.src.utils.config | _load_config |    File: C:\bci\Neurokey\config\filter_config.json
2026-04-06 14:27:25 | INFO | biosignals.src.utils.config | _watch_loop | ♻️ FilterConfig changed — reloading...
2026-04-06 14:27:25 | ERROR | biosignals.src.utils.config | _load_config | ❌ FilterConfig JSON syntax error: Expecting property name enclosed in double quotes: line 4 column 1 (char 30)
2026-04-06 14:27:25 | ERROR | biosignals.src.utils.config | _load_config |    File: C:\bci\Neurokey\config\filter_config.json
2026-04-06 14:27:25 | INFO | biosignals.src.utils.config | _watch_loop | ♻️ FilterConfig changed — reloading...
2026-04-06 14:27:25 | ERROR | biosignals.src.utils.config | _load_config | ❌ FilterConfig JSON syntax error: Expecting property name enclosed in double quotes: line 4 column 1 (char 30)
2026-04-06 14:27:25 | ERROR | biosignals.src.utils.config | _load_config |    File: C:\bci\Neurokey\config\filter_config.json
2026-04-06 14:27:25 | INFO | biosignals.src.utils.config | _watch_loop | ♻️ SensorConfig changed — reloading...
2026-04-06 14:27:25 | ERROR | biosignals.src.utils.config | _load_config | ❌ SensorConfig JSON syntax error: Expecting property name enclosed in double quotes: line 22 column 1 (char 379)
2026-04-06 14:27:25 | ERROR | biosignals.src.utils.config | _load_config |    File: C:\bci\Neurokey\config\sensor_config.json
2026-04-06 14:27:25 | INFO | biosignals.utils.config | _watch_loop | ♻️ SensorConfig changed — reloading...
2026-04-06 14:27:25 | ERROR | biosignals.utils.config | _load_config | ❌ SensorConfig JSON syntax error: Expecting property name enclosed in double quotes: line 22 column 1 (char 379)
2026-04-06 14:27:25 | ERROR | biosignals.utils.config | _load_config |    File: C:\bci\Neurokey\config\sensor_config.json
2026-04-06 14:27:25 | INFO | biosignals.src.utils.config | _watch_loop | ♻️ SensorConfig changed — reloading...
2026-04-06 14:27:25 | ERROR | biosignals.src.utils.config | _load_config | ❌ SensorConfig JSON syntax error: Expecting property name enclosed in double quotes: line 22 column 1 (char 379)
2026-04-06 14:27:25 | ERROR | biosignals.src.utils.config | _load_config |    File: C:\bci\Neurokey\config\sensor_config.json
2026-04-06 14:27:25 | INFO | biosignals.src.utils.config | _watch_loop | ♻️ SensorConfig changed — reloading...
2026-04-06 14:27:25 | ERROR | biosignals.src.utils.config | _load_config | ❌ SensorConfig JSON syntax error: Expecting property name enclosed in double quotes: line 22 column 1 (char 379)
2026-04-06 14:27:25 | ERROR | biosignals.src.utils.config | _load_config |    File: C:\bci\Neurokey\config\sensor_config.json
2026-04-06 14:27:25 | INFO | biosignals.src.utils.config | _watch_loop | ♻️ SensorConfig changed — reloading...
2026-04-06 14:27:25 | ERROR | biosignals.src.utils.config | _load_config | ❌ SensorConfig JSON syntax error: Expecting property name enclosed in double quotes: line 22 column 1 (char 379)
2026-04-06 14:27:25 | ERROR | biosignals.src.utils.config | _load_config |    File: C:\bci\Neurokey\config\sensor_config.json
2026-04-06 14:27:26 | INFO | biosignals.src.utils.config | _watch_loop | ♻️ FilterConfig changed — reloading...
2026-04-06 14:27:26 | ERROR | biosignals.src.utils.config | _load_config | ❌ FilterConfig JSON syntax error: Expecting property name enclosed in double quotes: line 4 column 1 (char 30)
2026-04-06 14:27:26 | ERROR | biosignals.src.utils.config | _load_config |    File: C:\bci\Neurokey\config\filter_config.json
2026-04-06 14:27:26 | INFO | biosignals.src.utils.config | _watch_loop | ♻️ FilterConfig changed — reloading...
2026-04-06 14:27:26 | ERROR | biosignals.src.utils.config | _load_config | ❌ FilterConfig JSON syntax error: Expecting property name enclosed in double quotes: line 4 column 1 (char 30)
2026-04-06 14:27:26 | ERROR | biosignals.src.utils.config | _load_config |    File: C:\bci\Neurokey\config\filter_config.json
2026-04-06 14:27:26 | INFO | biosignals.src.utils.config | _watch_loop | ♻️ FilterConfig changed — reloading...
2026-04-06 14:27:26 | ERROR | biosignals.src.utils.config | _load_config | ❌ FilterConfig JSON syntax error: Expecting property name enclosed in double quotes: line 4 column 1 (char 30)
2026-04-06 14:27:26 | ERROR | biosignals.src.utils.config | _load_config |    File: C:\bci\Neurokey\config\filter_config.json
2026-04-06 14:27:26 | ERROR | biosignals.__main__ | load_config | [Router] Failed to load sensor config (C:\bci\Neurokey\config\sensor_config.json): Expecting property name enclosed in double quotes: line 22 column 1 (char 379) — using defaults
2026-04-06 14:27:26 | ERROR | biosignals.__main__ | load_config | [Router] Failed to load filter config (C:\bci\Neurokey\config\filter_config.json): Expecting property name enclosed in double quotes: line 4 column 1 (char 30) — using defaults
2026-04-06 14:27:26 | INFO | biosignals.utils.config | _watch_loop | ♻️ FilterConfig changed — reloading...
2026-04-06 14:27:26 | ERROR | biosignals.utils.config | _load_config | ❌ FilterConfig JSON syntax error: Expecting property name enclosed in double quotes: line 4 column 1 (char 30)
2026-04-06 14:27:26 | ERROR | biosignals.utils.config | _load_config |    File: C:\bci\Neurokey\config\filter_config.json
2026-04-06 14:27:26 | INFO | biosignals.src.utils.config | _watch_loop | ♻️ SensorConfig changed — reloading...
2026-04-06 14:27:26 | ERROR | biosignals.src.utils.config | _load_config | ❌ SensorConfig JSON syntax error: Expecting property name enclosed in double quotes: line 22 column 1 (char 379)
2026-04-06 14:27:26 | ERROR | biosignals.src.utils.config | _load_config |    File: C:\bci\Neurokey\config\sensor_config.json
2026-04-06 14:27:26 | INFO | biosignals.utils.config | _watch_loop | ♻️ SensorConfig changed — reloading...
2026-04-06 14:27:26 | ERROR | biosignals.utils.config | _load_config | ❌ SensorConfig JSON syntax error: Expecting property name enclosed in double quotes: line 22 column 1 (char 379)
2026-04-06 14:27:26 | ERROR | biosignals.utils.config | _load_config |    File: C:\bci\Neurokey\config\sensor_config.json
2026-04-06 14:27:26 | INFO | biosignals.utils.config | _watch_loop | ♻️ FilterConfig changed — reloading...
..
2026-04-06 14:27:26 | ERROR | biosignals.utils.config | _load_config | ❌ FilterConfig JSON syntax error: Expecting property name enclosed in double quotes: line 4 column 1 (char 30)
379)
2026-04-06 14:27:26 | ERROR | biosignals.src.utils.config | _load_config |    File: C:\bci\Neurokey\config\sensor_config.json
2026-04-06 14:27:26 | ERROR | biosignals.utils.config | _load_config |    File: C:\bci\Neurokey\config\filter_config.json
2026-04-06 14:27:26 | INFO | biosignals.utils.config | _watch_loop | ♻️ FilterConfig changed — reloading...
2026-04-06 14:27:26 | ERROR | biosignals.utils.config | _load_config | ❌ FilterConfig JSON syntax error: Expecting property name enclosed in double quotes: line 4 column 1 (char 30)
2026-04-06 14:27:26 | ERROR | biosignals.utils.config | _load_config |    File: C:\bci\Neurokey\config\filter_config.json
2026-04-06 14:27:26 | INFO | biosignals.utils.config | _watch_loop | ♻️ SensorConfig changed — reloading...
2026-04-06 14:27:26 | ERROR | biosignals.utils.config | _load_config | ❌ SensorConfig JSON syntax error: Expecting property name enclosed in double quotes: line 22 column 1 (char 379)
2026-04-06 14:27:26 | ERROR | biosignals.utils.config | _load_config |    File: C:\bci\Neurokey\config\sensor_config.json
2026-04-06 14:27:26 | INFO | biosignals.src.utils.config | _watch_loop | ♻️ FilterConfig changed — reloading...
2026-04-06 14:27:26 | ERROR | biosignals.src.utils.config | _load_config | ❌ FilterConfig JSON syntax error: Expecting property name enclosed in double quotes: line 4 column 1 (char 30)
2026-04-06 14:27:26 | ERROR | biosignals.src.utils.config | _load_config |    File: C:\bci\Neurokey\config\filter_config.json
2026-04-06 14:27:26 | INFO | biosignals.src.utils.config | _watch_loop | ♻️ FilterConfig changed — reloading...
2026-04-06 14:27:26 | ERROR | biosignals.src.utils.config | _load_config | ❌ FilterConfig JSON syntax error: Expecting property name enclosed in double quotes: line 4 column 1 (char 30)
2026-04-06 14:27:26 | ERROR | biosignals.src.utils.config | _load_config |    File: C:\bci\Neurokey\config\filter_config.json
2026-04-06 14:27:26 | INFO | biosignals.src.utils.config | _watch_loop | ♻️ FilterConfig changed — reloading...
2026-04-06 14:27:26 | ERROR | biosignals.src.utils.config | _load_config | ❌ FilterConfig JSON syntax error: Expecting property name enclosed in double quotes: line 4 column 1 (char 30)
2026-04-06 14:27:26 | ERROR | biosignals.src.utils.config | _load_config |    File: C:\bci\Neurokey\config\filter_config.json
2026-04-06 14:27:26 | INFO | biosignals.src.utils.config | _watch_loop | ♻️ SensorConfig changed — reloading...
2026-04-06 14:27:26 | ERROR | biosignals.src.utils.config | _load_config | ❌ SensorConfig JSON syntax error: Expecting property name enclosed in double quotes: line 22 column 1 (char 379)
2026-04-06 14:27:26 | ERROR | biosignals.src.utils.config | _load_config |    File: C:\bci\Neurokey\config\sensor_config.json
2026-04-06 14:27:26 | INFO | biosignals.utils.config | _watch_loop | ♻️ SensorConfig changed — reloading...
2026-04-06 14:27:26 | ERROR | biosignals.utils.config | _load_config | ❌ SensorConfig JSON syntax error: Expecting property name enclosed in double quotes: line 22 column 1 (char 379)
2026-04-06 14:27:26 | ERROR | biosignals.utils.config | _load_config |    File: C:\bci\Neurokey\config\sensor_config.json
2026-04-06 14:27:26 | INFO | biosignals.src.utils.config | _watch_loop | ♻️ SensorConfig changed — reloading...
2026-04-06 14:27:26 | ERROR | biosignals.src.utils.config | _load_config | ❌ SensorConfig JSON syntax error: Expecting property name enclosed in double quotes: line 22 column 1 (char 379)
2026-04-06 14:27:26 | ERROR | biosignals.src.utils.config | _load_config |    File: C:\bci\Neurokey\config\sensor_config.json
2026-04-06 14:27:26 | INFO | biosignals.src.utils.config | _watch_loop | ♻️ SensorConfig changed — reloading...
2026-04-06 14:27:26 | ERROR | biosignals.src.utils.config | _load_config | ❌ SensorConfig JSON syntax error: Expecting property name enclosed in double quotes: line 22 column 1 (char 379)
2026-04-06 14:27:26 | ERROR | biosignals.src.utils.config | _load_config |    File: C:\bci\Neurokey\config\sensor_config.json
2026-04-06 14:27:26 | INFO | biosignals.src.utils.config | _watch_loop | ♻️ SensorConfig changed — reloading...
2026-04-06 14:27:26 | ERROR | biosignals.src.utils.config | _load_config | ❌ SensorConfig JSON syntax error: Expecting property name enclosed in double quotes: line 22 column 1 (char 379)
2026-04-06 14:27:26 | ERROR | biosignals.src.utils.config | _load_config |    File: C:\bci\Neurokey\config\sensor_config.json
2026-04-06 14:27:27 | INFO | biosignals.src.utils.config | _watch_loop | ♻️ FilterConfig changed — reloading...
2026-04-06 14:27:27 | ERROR | biosignals.src.utils.config | _load_config | ❌ FilterConfig JSON syntax error: Expecting property name enclosed in double quotes: line 4 column 1 (char 30)
2026-04-06 14:27:27 | ERROR | biosignals.src.utils.config | _load_config |    File: C:\bci\Neurokey\config\filter_config.json
2026-04-06 14:27:27 | INFO | biosignals.src.utils.config | _watch_loop | ♻️ FilterConfig changed — reloading...
2026-04-06 14:27:27 | ERROR | biosignals.src.utils.config | _load_config | ❌ FilterConfig JSON syntax error: Expecting property name enclosed in double quotes: line 4 column 1 (char 30)
2026-04-06 14:27:27 | ERROR | biosignals.src.utils.config | _load_config |    File: C:\bci\Neurokey\config\filter_config.json
2026-04-06 14:27:27 | INFO | biosignals.src.utils.config | _watch_loop | ♻️ FilterConfig changed — reloading...
2026-04-06 14:27:27 | ERROR | biosignals.src.utils.config | _load_config | ❌ FilterConfig JSON syntax error: Expecting property name enclosed in double quotes: line 4 column 1 (char 30)
2026-04-06 14:27:27 | ERROR | biosignals.src.utils.config | _load_config |    File: C:\bci\Neurokey\config\filter_config.json
2026-04-06 14:27:27 | INFO | biosignals.utils.config | _watch_loop | ♻️ FilterConfig changed — reloading...
2026-04-06 14:27:27 | ERROR | biosignals.utils.config | _load_config | ❌ FilterConfig JSON syntax error: Expecting property name enclosed in double quotes: line 4 column 1 (char 30)
2026-04-06 14:27:27 | ERROR | biosignals.utils.config | _load_config |    File: C:\bci\Neurokey\config\filter_config.json
2026-04-06 14:27:27 | INFO | biosignals.src.utils.config | _watch_loop | ♻️ SensorConfig changed — reloading...
2026-04-06 14:27:27 | ERROR | biosignals.src.utils.config | _load_config | ❌ SensorConfig JSON syntax error: Expecting property name enclosed in double quotes: line 22 column 1 (char 379)
2026-04-06 14:27:27 | ERROR | biosignals.src.utils.config | _load_config |    File: C:\bci\Neurokey\config\sensor_config.json
2026-04-06 14:27:27 | INFO | biosignals.utils.config | _watch_loop | ♻️ SensorConfig changed — reloading...
2026-04-06 14:27:27 | ERROR | biosignals.utils.config | _load_config | ❌ SensorConfig JSON syntax error: Expecting property name enclosed in double quotes: line 22 column 1 (char 379)
2026-04-06 14:27:27 | ERROR | biosignals.utils.config | _load_config |    File: C:\bci\Neurokey\config\sensor_config.json
2026-04-06 14:27:27 | INFO | biosignals.src.utils.config | _watch_loop | ♻️ SensorConfig changed — reloading...
2026-04-06 14:27:27 | INFO | biosignals.utils.config | _watch_loop | ♻️ FilterConfig changed — reloading...
2026-04-06 14:27:27 | ERROR | biosignals.src.utils.config | _load_config | ❌ SensorConfig JSON syntax error: Expecting property name enclosed in double quotes: line 22 column 1 (char 379)
2026-04-06 14:27:27 | ERROR | biosignals.utils.config | _load_config | ❌ FilterConfig JSON syntax error: Expecting property name enclosed in double quotes: line 4 column 1 (char 30)
2026-04-06 14:27:27 | ERROR | biosignals.src.utils.config | _load_config |    File: C:\bci\Neurokey\config\sensor_config.json
2026-04-06 14:27:27 | ERROR | biosignals.utils.config | _load_config |    File: C:\bci\Neurokey\config\filter_config.json
2026-04-06 14:27:27 | INFO | biosignals.utils.config | _watch_loop | ♻️ FilterConfig changed — reloading...
2026-04-06 14:27:27 | ERROR | biosignals.utils.config | _load_config | ❌ FilterConfig JSON syntax error: Expecting property name enclosed in double quotes: line 4 column 1 (char 30)
2026-04-06 14:27:27 | ERROR | biosignals.utils.config | _load_config |    File: C:\bci\Neurokey\config\filter_config.json
2026-04-06 14:27:27 | INFO | biosignals.utils.config | _watch_loop | ♻️ SensorConfig changed — reloading...
2026-04-06 14:27:27 | ERROR | biosignals.utils.config | _load_config | ❌ SensorConfig JSON syntax error: Expecting property name enclosed in double quotes: line 22 column 1 (char 379)
2026-04-06 14:27:27 | ERROR | biosignals.utils.config | _load_config |    File: C:\bci\Neurokey\config\sensor_config.json
2026-04-06 14:27:27 | INFO | biosignals.src.utils.config | _watch_loop | ♻️ FilterConfig changed — reloading...
2026-04-06 14:27:27 | ERROR | biosignals.src.utils.config | _load_config | ❌ FilterConfig JSON syntax error: Expecting property name enclosed in double quotes: line 4 column 1 (char 30)
2026-04-06 14:27:27 | ERROR | biosignals.src.utils.config | _load_config |    File: C:\bci\Neurokey\config\filter_config.json
2026-04-06 14:27:27 | INFO | biosignals.src.utils.config | _watch_loop | ♻️ FilterConfig changed — reloading...
2026-04-06 14:27:27 | ERROR | biosignals.src.utils.config | _load_config | ❌ FilterConfig JSON syntax error: Expecting property name enclosed in double quotes: line 4 column 1 (char 30)
2026-04-06 14:27:27 | ERROR | biosignals.src.utils.config | _load_config |    File: C:\bci\Neurokey\config\filter_config.json
2026-04-06 14:27:27 | INFO | biosignals.src.utils.config | _watch_loop | ♻️ FilterConfig changed — reloading...
2026-04-06 14:27:27 | ERROR | biosignals.src.utils.config | _load_config | ❌ FilterConfig JSON syntax error: Expecting property name enclosed in double quotes: line 4 column 1 (char 30)
2026-04-06 14:27:27 | ERROR | biosignals.src.utils.config | _load_config |    File: C:\bci\Neurokey\config\filter_config.json
2026-04-06 14:27:27 | INFO | biosignals.src.utils.config | _watch_loop | ♻️ SensorConfig changed — reloading...
2026-04-06 14:27:27 | INFO | biosignals.utils.config | _watch_loop | ♻️ SensorConfig changed — reloading...
2026-04-06 14:27:27 | ERROR | biosignals.src.utils.config | _load_config | ❌ SensorConfig JSON syntax error: Expecting property name enclosed in double quotes: line 22 column 1 (char 379)
2026-04-06 14:27:27 | ERROR | biosignals.src.utils.config | _load_config |    File: C:\bci\Neurokey\config\sensor_config.json
2026-04-06 14:27:27 | ERROR | biosignals.utils.config | _load_config | ❌ SensorConfig JSON syntax error: Expecting property name enclosed in double quotes: line 22 column 1 (char 379)
2026-04-06 14:27:27 | INFO | biosignals.src.utils.config | _watch_loop | ♻️ SensorConfig changed — reloading...
2026-04-06 14:27:27 | ERROR | biosignals.utils.config | _load_config |    File: C:\bci\Neurokey\config\sensor_config.json
2026-04-06 14:27:27 | ERROR | biosignals.src.utils.config | _load_config | ❌ SensorConfig JSON syntax error: Expecting property name enclosed in double quotes: line 22 column 1 (char 379)
2026-04-06 14:27:27 | ERROR | biosignals.src.utils.config | _load_config |    File: C:\bci\Neurokey\config\sensor_config.json
2026-04-06 14:27:27 | INFO | biosignals.src.utils.config | _watch_loop | ♻️ SensorConfig changed — reloading...
2026-04-06 14:27:27 | ERROR | biosignals.src.utils.config | _load_config | ❌ SensorConfig JSON syntax error: Expecting property name enclosed in double quotes: line 22 column 1 (char 379)
2026-04-06 14:27:27 | ERROR | biosignals.src.utils.config | _load_config |    File: C:\bci\Neurokey\config\sensor_config.json
2026-04-06 14:27:27 | INFO | biosignals.src.utils.config | _watch_loop | ♻️ SensorConfig changed — reloading...
2026-04-06 14:27:27 | ERROR | biosignals.src.utils.config | _load_config | ❌ SensorConfig JSON syntax error: Expecting property name enclosed in double quotes: line 22 column 1 (char 379)
2026-04-06 14:27:27 | ERROR | biosignals.src.utils.config | _load_config |    File: C:\bci\Neurokey\config\sensor_config.json
2026-04-06 14:27:28 | INFO | biosignals.src.utils.config | _watch_loop | ♻️ FilterConfig changed — reloading...
2026-04-06 14:27:28 | ERROR | biosignals.src.utils.config | _load_config | ❌ FilterConfig JSON syntax error: Expecting property name enclosed in double quotes: line 4 column 1 (char 30)
2026-04-06 14:27:28 | ERROR | biosignals.src.utils.config | _load_config |    File: C:\bci\Neurokey\config\filter_config.json
2026-04-06 14:27:28 | INFO | biosignals.src.utils.config | _watch_loop | ♻️ FilterConfig changed — reloading...
2026-04-06 14:27:28 | ERROR | biosignals.src.utils.config | _load_config | ❌ FilterConfig JSON syntax error: Expecting property name enclosed in double quotes: line 4 column 1 (char 30)
2026-04-06 14:27:28 | ERROR | biosignals.src.utils.config | _load_config |    File: C:\bci\Neurokey\config\filter_config.json
2026-04-06 14:27:28 | INFO | biosignals.src.utils.config | _watch_loop | ♻️ FilterConfig changed — reloading...
2026-04-06 14:27:28 | ERROR | biosignals.src.utils.config | _load_config | ❌ FilterConfig JSON syntax error: Expecting property name enclosed in double quotes: line 4 column 1 (char 30)
2026-04-06 14:27:28 | ERROR | biosignals.src.utils.config | _load_config |    File: C:\bci\Neurokey\config\filter_config.json
\sensor_config.json): Expecting property name enclosed in double quotes: line 22 column 1 (char 379) — using defaults
2026-04-06 14:27:28 | ERROR | biosignals.__main__ | load_config | [Router] Failed to load filter config (C:\bci\Neurokey\config\filter_config.json): Expecting property name enclosed in double quotes: line 4 column 1 (char 30) — using defaults
2026-04-06 14:27:28 | INFO | biosignals.utils.config | _watch_loop | ♻️ FilterConfig changed — reloading...
2026-04-06 14:27:28 | ERROR | biosignals.utils.config | _load_config | ❌ FilterConfig JSON syntax error: Expecting property name enclosed in double quotes: line 4 column 1 (char 30)
2026-04-06 14:27:28 | ERROR | biosignals.utils.config | _load_config |    File: C:\bci\Neurokey\config\filter_config.json
2026-04-06 14:27:28 | INFO | biosignals.src.utils.config | _watch_loop | ♻️ SensorConfig changed — reloading...
2026-04-06 14:27:28 | ERROR | biosignals.src.utils.config | _load_config | ❌ SensorConfig JSON syntax error: Expecting property name enclosed in double quotes: line 22 column 1 (char 379)
2026-04-06 14:27:28 | ERROR | biosignals.src.utils.config | _load_config |    File: C:\bci\Neurokey\config\sensor_config.json
2026-04-06 14:27:28 | INFO | biosignals.utils.config | _watch_loop | ♻️ SensorConfig changed — reloading...
2026-04-06 14:27:28 | ERROR | biosignals.utils.config | _load_config | ❌ SensorConfig JSON syntax error: Expecting property name enclosed in double quotes: line 22 column 1 (char 379)
2026-04-06 14:27:28 | ERROR | biosignals.utils.config | _load_config |    File: C:\bci\Neurokey\config\sensor_config.json
2026-04-06 14:27:28 | INFO | biosignals.src.utils.config | _watch_loop | ♻️ SensorConfig changed — reloading...
2026-04-06 14:27:28 | INFO | biosignals.utils.config | _watch_loop | ♻️ FilterConfig changed — reloading...
2026-04-06 14:27:28 | ERROR | biosignals.src.utils.config | _load_config | ❌ SensorConfig JSON syntax error: Expecting property name enclosed in double quotes: line 22 column 1 (char 379)
2026-04-06 14:27:28 | ERROR | biosignals.utils.config | _load_config | ❌ FilterConfig JSON syntax error: Expecting property name enclosed in double quotes: line 4 column 1 (char 30)
2026-04-06 14:27:28 | ERROR | biosignals.src.utils.config | _load_config |    File: C:\bci\Neurokey\config\sensor_config.json
2026-04-06 14:27:28 | ERROR | biosignals.utils.config | _load_config |    File: C:\bci\Neurokey\config\filter_config.json
2026-04-06 14:27:28 | INFO | biosignals.utils.config | _watch_loop | ♻️ FilterConfig changed — reloading...
2026-04-06 14:27:28 | ERROR | biosignals.utils.config | _load_config | ❌ FilterConfig JSON syntax error: Expecting property name enclosed in double quotes: line 4 column 1 (char 30)
2026-04-06 14:27:28 | ERROR | biosignals.utils.config | _load_config |    File: C:\bci\Neurokey\config\filter_config.json
2026-04-06 14:27:28 | INFO | biosignals.utils.config | _watch_loop | ♻️ SensorConfig changed — reloading...
2026-04-06 14:27:28 | ERROR | biosignals.utils.config | _load_config | ❌ SensorConfig JSON syntax error: Expecting property name enclosed in double quotes: line 22 column 1 (char 379)
2026-04-06 14:27:28 | ERROR | biosignals.utils.config | _load_config |    File: C:\bci\Neurokey\config\sensor_config.json
2026-04-06 14:27:28 | INFO | biosignals.src.utils.config | _watch_loop | ♻️ FilterConfig changed — reloading...
2026-04-06 14:27:28 | ERROR | biosignals.src.utils.config | _load_config | ❌ FilterConfig JSON syntax error: Expecting property name enclosed in double quotes: line 4 column 1 (char 30)
2026-04-06 14:27:28 | ERROR | biosignals.src.utils.config | _load_config |    File: C:\bci\Neurokey\config\filter_config.json
2026-04-06 14:27:28 | INFO | biosignals.src.utils.config | _watch_loop | ♻️ FilterConfig changed — reloading...
2026-04-06 14:27:28 | ERROR | biosignals.src.utils.config | _load_config | ❌ FilterConfig JSON syntax error: Expecting property name enclosed in double quotes: line 4 column 1 (char 30)
2026-04-06 14:27:28 | ERROR | biosignals.src.utils.config | _load_config |    File: C:\bci\Neurokey\config\filter_config.json
2026-04-06 14:27:28 | INFO | biosignals.src.utils.config | _watch_loop | ♻️ FilterConfig changed — reloading...
2026-04-06 14:27:28 | ERROR | biosignals.src.utils.config | _load_config | ❌ FilterConfig JSON syntax error: Expecting property name enclosed in double quotes: line 4 column 1 (char 30)
2026-04-06 14:27:28 | ERROR | biosignals.src.utils.config | _load_config |    File: C:\bci\Neurokey\config\filter_config.json
2026-04-06 14:27:28 | INFO | biosignals.src.utils.config | _watch_loop | ♻️ SensorConfig changed — reloading...
2026-04-06 14:27:28 | ERROR | biosignals.src.utils.config | _load_config | ❌ SensorConfig JSON syntax error: Expecting property name enclosed in double quotes: line 22 column 1 (char 379)
2026-04-06 14:27:28 | INFO | biosignals.utils.config | _watch_loop | ♻️ SensorConfig changed — reloading...
2026-04-06 14:27:28 | INFO | biosignals.src.utils.config | _watch_loop | ♻️ SensorConfig changed — reloading...
g.json
2026-04-06 14:27:28 | ERROR | biosignals.utils.config | _load_config | ❌ SensorConfig JSON syntax error: Expecting property name enclosed in double quotes: line 22 column 1 (char 379)
2026-04-06 14:27:28 | ERROR | biosignals.utils.config | _load_config |    File: C:\bci\Neurokey\config\sensor_config.json
2026-04-06 14:27:28 | ERROR | biosignals.src.utils.config | _load_config | ❌ SensorConfig JSON syntax error: Expecting property name enclosed in double quotes: line 22 column 1 (char 379)
2026-04-06 14:27:28 | ERROR | biosignals.src.utils.config | _load_config |    File: C:\bci\Neurokey\config\sensor_config.json
2026-04-06 14:27:28 | INFO | biosignals.src.utils.config | _watch_loop | ♻️ SensorConfig changed — reloading...
2026-04-06 14:27:28 | ERROR | biosignals.src.utils.config | _load_config | ❌ SensorConfig JSON syntax error: Expecting property name enclosed in double quotes: line 22 column 1 (char 379)
2026-04-06 14:27:28 | ERROR | biosignals.src.utils.config | _load_config |    File: C:\bci\Neurokey\config\sensor_config.json
2026-04-06 14:27:28 | INFO | biosignals.src.utils.config | _watch_loop | ♻️ SensorConfig changed — reloading...
2026-04-06 14:27:29 | ERROR | biosignals.src.utils.config | _load_config | ❌ SensorConfig JSON syntax error: Expecting property name enclosed in double quotes: line 22 column 1 (char 379)
2026-04-06 14:27:29 | ERROR | biosignals.src.utils.config | _load_config |    File: C:\bci\Neurokey\config\sensor_config.json
2026-04-06 14:27:29 | INFO | biosignals.src.utils.config | _watch_loop | ♻️ FilterConfig changed — reloading...
2026-04-06 14:27:29 | ERROR | biosignals.src.utils.config | _load_config | ❌ FilterConfig JSON syntax error: Expecting property name enclosed in double quotes: line 4 column 1 (char 30)
2026-04-06 14:27:29 | ERROR | biosignals.src.utils.config | _load_config |    File: C:\bci\Neurokey\config\filter_config.json
2026-04-06 14:27:29 | INFO | biosignals.src.utils.config | _watch_loop | ♻️ FilterConfig changed — reloading...
2026-04-06 14:27:29 | ERROR | biosignals.src.utils.config | _load_config | ❌ FilterConfig JSON syntax error: Expecting property name enclosed in double quotes: line 4 column 1 (char 30)
2026-04-06 14:27:29 | ERROR | biosignals.src.utils.config | _load_config |    File: C:\bci\Neurokey\config\filter_config.json
2026-04-06 14:27:29 | INFO | biosignals.src.utils.config | _watch_loop | ♻️ FilterConfig changed — reloading...
2026-04-06 14:27:29 | ERROR | biosignals.src.utils.config | _load_config | ❌ FilterConfig JSON syntax error: Expecting property name enclosed in double quotes: line 4 column 1 (char 30)
2026-04-06 14:27:29 | ERROR | biosignals.src.utils.config | _load_config |    File: C:\bci\Neurokey\config\filter_config.json
2026-04-06 14:27:29 | INFO | biosignals.utils.config | _watch_loop | ♻️ FilterConfig changed — reloading...
2026-04-06 14:27:29 | ERROR | biosignals.utils.config | _load_config | ❌ FilterConfig JSON syntax error: Expecting property name enclosed in double quotes: line 4 column 1 (char 30)
2026-04-06 14:27:29 | ERROR | biosignals.utils.config | _load_config |    File: C:\bci\Neurokey\config\filter_config.json
2026-04-06 14:27:29 | INFO | biosignals.src.utils.config | _watch_loop | ♻️ SensorConfig changed — reloading...
2026-04-06 14:27:29 | ERROR | biosignals.src.utils.config | _load_config | ❌ SensorConfig JSON syntax error: Expecting property name enclosed in double quotes: line 22 column 1 (char 379)
2026-04-06 14:27:29 | ERROR | biosignals.src.utils.config | _load_config |    File: C:\bci\Neurokey\config\sensor_config.json
2026-04-06 14:27:29 | INFO | biosignals.utils.config | _watch_loop | ♻️ SensorConfig changed — reloading...
2026-04-06 14:27:29 | ERROR | biosignals.utils.config | _load_config | ❌ SensorConfig JSON syntax error: Expecting property name enclosed in double quotes: line 22 column 1 (char 379)
2026-04-06 14:27:29 | ERROR | biosignals.utils.config | _load_config |    File: C:\bci\Neurokey\config\sensor_config.json
2026-04-06 14:27:29 | INFO | biosignals.src.utils.config | _watch_loop | ♻️ SensorConfig changed — reloading...
2026-04-06 14:27:29 | INFO | biosignals.utils.config | _watch_loop | ♻️ FilterConfig changed — reloading...
2026-04-06 14:27:29 | ERROR | biosignals.src.utils.config | _load_config | ❌ SensorConfig JSON syntax error: Expecting property name enclosed in double quotes: line 22 column 1 (char 379)
2026-04-06 14:27:29 | ERROR | biosignals.src.utils.config | _load_config |    File: C:\bci\Neurokey\config\sensor_config.json
2026-04-06 14:27:29 | ERROR | biosignals.utils.config | _load_config | ❌ FilterConfig JSON syntax error: Expecting property name enclosed in double quotes: line 4 column 1 (char 30)
2026-04-06 14:27:29 | ERROR | biosignals.utils.config | _load_config |    File: C:\bci\Neurokey\config\filter_config.json
2026-04-06 14:27:29 | INFO | biosignals.utils.config | _watch_loop | ♻️ FilterConfig changed — reloading...
2026-04-06 14:27:29 | ERROR | biosignals.utils.config | _load_config | ❌ FilterConfig JSON syntax error: Expecting property name enclosed in double quotes: line 4 column 1 (char 30)
2026-04-06 14:27:29 | ERROR | biosignals.utils.config | _load_config |    File: C:\bci\Neurokey\config\filter_config.json
2026-04-06 14:27:29 | INFO | biosignals.utils.config | _watch_loop | ♻️ SensorConfig changed — reloading...
2026-04-06 14:27:29 | ERROR | biosignals.utils.config | _load_config | ❌ SensorConfig JSON syntax error: Expecting property name enclosed in double quotes: line 22 column 1 (char 379)
2026-04-06 14:27:29 | ERROR | biosignals.utils.config | _load_config |    File: C:\bci\Neurokey\config\sensor_config.json
2026-04-06 14:27:29 | INFO | biosignals.src.utils.config | _watch_loop | ♻️ FilterConfig changed — reloading...
2026-04-06 14:27:29 | ERROR | biosignals.src.utils.config | _load_config | ❌ FilterConfig JSON syntax error: Expecting property name enclosed in double quotes: line 4 column 1 (char 30)
2026-04-06 14:27:29 | ERROR | biosignals.src.utils.config | _load_config |    File: C:\bci\Neurokey\config\filter_config.json
2026-04-06 14:27:29 | INFO | biosignals.src.utils.config | _watch_loop | ♻️ FilterConfig changed — reloading...
2026-04-06 14:27:29 | ERROR | biosignals.src.utils.config | _load_config | ❌ FilterConfig JSON syntax error: Expecting property name enclosed in double quotes: line 4 column 1 (char 30)
2026-04-06 14:27:29 | ERROR | biosignals.src.utils.config | _load_config |    File: C:\bci\Neurokey\config\filter_config.json
2026-04-06 14:27:29 | INFO | biosignals.src.utils.config | _watch_loop | ♻️ FilterConfig changed — reloading...
2026-04-06 14:27:29 | ERROR | biosignals.src.utils.config | _load_config | ❌ FilterConfig JSON syntax error: Expecting property name enclosed in double quotes: line 4 column 1 (char 30)
2026-04-06 14:27:29 | ERROR | biosignals.src.utils.config | _load_config |    File: C:\bci\Neurokey\config\filter_config.json
2026-04-06 14:27:29 | INFO | biosignals.src.utils.config | _watch_loop | ♻️ SensorConfig changed — reloading...
2026-04-06 14:27:29 | ERROR | biosignals.src.utils.config | _load_config | ❌ SensorConfig JSON syntax error: Expecting property name enclosed in double quotes: line 22 column 1 (char 379)
2026-04-06 14:27:29 | INFO | biosignals.utils.config | _watch_loop | ♻️ SensorConfig changed — reloading...
2026-04-06 14:27:29 | INFO | biosignals.src.utils.config | _watch_loop | ♻️ SensorConfig changed — reloading...
2026-04-06 14:27:29 | ERROR | biosignals.src.utils.config | _load_config |    File: C:\bci\Neurokey\config\sensor_config.json
2026-04-06 14:27:29 | ERROR | biosignals.utils.config | _load_config | ❌ SensorConfig JSON syntax error: Expecting property name enclosed in double quotes: line 22 column 1 (char 379)
2026-04-06 14:27:29 | ERROR | biosignals.utils.config | _load_config |    File: C:\bci\Neurokey\config\sensor_config.json
2026-04-06 14:27:29 | ERROR | biosignals.src.utils.config | _load_config | ❌ SensorConfig JSON syntax error: Expecting property name enclosed in double quotes: line 22 column 1 (char 379)
2026-04-06 14:27:29 | ERROR | biosignals.src.utils.config | _load_config |    File: C:\bci\Neurokey\config\sensor_config.json
2026-04-06 14:27:29 | INFO | biosignals.src.utils.config | _watch_loop | ♻️ SensorConfig changed — reloading...
2026-04-06 14:27:29 | ERROR | biosignals.src.utils.config | _load_config | ❌ SensorConfig JSON syntax error: Expecting property name enclosed in double quotes: line 22 column 1 (char 379)
2026-04-06 14:27:29 | ERROR | biosignals.src.utils.config | _load_config |    File: C:\bci\Neurokey\config\sensor_config.json
2026-04-06 14:27:30 | INFO | biosignals.src.utils.config | _watch_loop | ♻️ SensorConfig changed — reloading...
2026-04-06 14:27:30 | ERROR | biosignals.src.utils.config | _load_config | ❌ SensorConfig JSON syntax error: Expecting property name enclosed in double quotes: line 22 column 1 (char 379)
2026-04-06 14:27:30 | ERROR | biosignals.src.utils.config | _load_config |    File: C:\bci\Neurokey\config\sensor_config.json
2026-04-06 14:27:30 | INFO | biosignals.src.utils.config | _watch_loop | ♻️ FilterConfig changed — reloading...
2026-04-06 14:27:30 | ERROR | biosignals.src.utils.config | _load_config | ❌ FilterConfig JSON syntax error: Expecting property name enclosed in double quotes: line 4 column 1 (char 30)
2026-04-06 14:27:30 | ERROR | biosignals.src.utils.config | _load_config |    File: C:\bci\Neurokey\config\filter_config.json
2026-04-06 14:27:30 | INFO | biosignals.src.utils.config | _watch_loop | ♻️ FilterConfig changed — reloading...
2026-04-06 14:27:30 | ERROR | biosignals.src.utils.config | _load_config | ❌ FilterConfig JSON syntax error: Expecting property name enclosed in double quotes: line 4 column 1 (char 30)
2026-04-06 14:27:30 | ERROR | biosignals.src.utils.config | _load_config |    File: C:\bci\Neurokey\config\filter_config.json
2026-04-06 14:27:30 | ERROR | biosignals.__main__ | load_config | [Router] Failed to load sensor config (C:\bci\Neurokey\config\sensor_config.json): Expecting property name enclosed in double quotes: line 22 column 1 (char 379) — using defaults
2026-04-06 14:27:30 | ERROR | biosignals.__main__ | load_config | [Router] Failed to load filter config (C:\bci\Neurokey\config\filter_config.json): Expecting property name enclosed in double quotes: line 4 column 1 (char 30) — using defaults
2026-04-06 14:27:30 | INFO | biosignals.src.utils.config | _watch_loop | ♻️ FilterConfig changed — reloading...
2026-04-06 14:27:30 | ERROR | biosignals.src.utils.config | _load_config | ❌ FilterConfig JSON syntax error: Expecting property name enclosed in double quotes: line 4 column 1 (char 30)
2026-04-06 14:27:30 | ERROR | biosignals.src.utils.config | _load_config |    File: C:\bci\Neurokey\config\filter_config.json
2026-04-06 14:27:30 | INFO | biosignals.utils.config | _watch_loop | ♻️ FilterConfig changed — reloading...
2026-04-06 14:27:30 | ERROR | biosignals.utils.config | _load_config | ❌ FilterConfig JSON syntax error: Expecting property name enclosed in double quotes: line 4 column 1 (char 30)
2026-04-06 14:27:30 | ERROR | biosignals.utils.config | _load_config |    File: C:\bci\Neurokey\config\filter_config.json
2026-04-06 14:27:30 | INFO | biosignals.src.utils.config | _watch_loop | ♻️ SensorConfig changed — reloading...
2026-04-06 14:27:30 | ERROR | biosignals.src.utils.config | _load_config | ❌ SensorConfig JSON syntax error: Expecting property name enclosed in double quotes: line 22 column 1 (char 379)
2026-04-06 14:27:30 | ERROR | biosignals.src.utils.config | _load_config |    File: C:\bci\Neurokey\config\sensor_config.json
2026-04-06 14:27:30 | INFO | biosignals.utils.config | _watch_loop | ♻️ SensorConfig changed — reloading...
2026-04-06 14:27:30 | ERROR | biosignals.utils.config | _load_config | ❌ SensorConfig JSON syntax error: Expecting property name enclosed in double quotes: line 22 column 1 (char 379)
2026-04-06 14:27:30 | ERROR | biosignals.utils.config | _load_config |    File: C:\bci\Neurokey\config\sensor_config.json
2026-04-06 14:27:30 | INFO | biosignals.src.utils.config | _watch_loop | ♻️ SensorConfig changed — reloading...
2026-04-06 14:27:30 | INFO | biosignals.utils.config | _watch_loop | ♻️ FilterConfig changed — reloading...
2026-04-06 14:27:30 | ERROR | biosignals.src.utils.config | _load_config | ❌ SensorConfig JSON syntax error: Expecting property name enclosed in double quotes: line 22 column 1 (char 379)
2026-04-06 14:27:30 | ERROR | biosignals.src.utils.config | _load_config |    File: C:\bci\Neurokey\config\sensor_config.json
2026-04-06 14:27:30 | ERROR | biosignals.utils.config | _load_config | ❌ FilterConfig JSON syntax error: Expecting property name enclosed in double quotes: line 4 column 1 (char 30)
2026-04-06 14:27:30 | INFO | biosignals.utils.config | _watch_loop | ♻️ FilterConfig changed — reloading...
2026-04-06 14:27:30 | ERROR | biosignals.utils.config | _load_config |    File: C:\bci\Neurokey\config\filter_config.json
2026-04-06 14:27:30 | ERROR | biosignals.utils.config | _load_config | ❌ FilterConfig JSON syntax error: Expecting property name enclosed in double quotes: line 4 column 1 (char 30)
2026-04-06 14:27:30 | ERROR | biosignals.utils.config | _load_config |    File: C:\bci\Neurokey\config\filter_config.json
2026-04-06 14:27:30 | INFO | biosignals.utils.config | _watch_loop | ♻️ SensorConfig changed — reloading...
2026-04-06 14:27:30 | ERROR | biosignals.utils.config | _load_config | ❌ SensorConfig JSON syntax error: Expecting property name enclosed in double quotes: line 22 column 1 (char 379)
2026-04-06 14:27:30 | ERROR | biosignals.utils.config | _load_config |    File: C:\bci\Neurokey\config\sensor_config.json
2026-04-06 14:27:30 | INFO | biosignals.src.utils.config | _watch_loop | ♻️ FilterConfig changed — reloading...
2026-04-06 14:27:30 | ERROR | biosignals.src.utils.config | _load_config | ❌ FilterConfig JSON syntax error: Expecting property name enclosed in double quotes: line 4 column 1 (char 30)
2026-04-06 14:27:30 | ERROR | biosignals.src.utils.config | _load_config |    File: C:\bci\Neurokey\config\filter_config.json
2026-04-06 14:27:30 | INFO | biosignals.src.utils.config | _watch_loop | ♻️ FilterConfig changed — reloading...
2026-04-06 14:27:30 | ERROR | biosignals.src.utils.config | _load_config | ❌ FilterConfig JSON syntax error: Expecting property name enclosed in double quotes: line 4 column 1 (char 30)
2026-04-06 14:27:30 | ERROR | biosignals.src.utils.config | _load_config |    File: C:\bci\Neurokey\config\filter_config.json
2026-04-06 14:27:30 | INFO | biosignals.src.utils.config | _watch_loop | ♻️ FilterConfig changed — reloading...
2026-04-06 14:27:30 | ERROR | biosignals.src.utils.config | _load_config | ❌ FilterConfig JSON syntax error: Expecting property name enclosed in double quotes: line 4 column 1 (char 30)
2026-04-06 14:27:30 | ERROR | biosignals.src.utils.config | _load_config |    File: C:\bci\Neurokey\config\filter_config.json
2026-04-06 14:27:30 | INFO | biosignals.src.utils.config | _watch_loop | ♻️ SensorConfig changed — reloading...
2026-04-06 14:27:30 | ERROR | biosignals.src.utils.config | _load_config | ❌ SensorConfig JSON syntax error: Expecting property name enclosed in double quotes: line 22 column 1 (char 379)
2026-04-06 14:27:30 | INFO | biosignals.utils.config | _watch_loop | ♻️ SensorConfig changed — reloading...
2026-04-06 14:27:30 | ERROR | biosignals.src.utils.config | _load_config |    File: C:\bci\Neurokey\config\sensor_config.json
2026-04-06 14:27:30 | INFO | biosignals.src.utils.config | _watch_loop | ♻️ SensorConfig changed — reloading...
2026-04-06 14:27:30 | ERROR | biosignals.utils.config | _load_config | ❌ SensorConfig JSON syntax error: Expecting property name enclosed in double quotes: line 22 column 1 (char 379)
2026-04-06 14:27:30 | ERROR | biosignals.utils.config | _load_config |    File: C:\bci\Neurokey\config\sensor_config.json
2026-04-06 14:27:30 | ERROR | biosignals.src.utils.config | _load_config | ❌ SensorConfig JSON syntax error: Expecting property name enclosed in double quotes: line 22 column 1 (char 379)
2026-04-06 14:27:31 | ERROR | biosignals.src.utils.config | _load_config |    File: C:\bci\Neurokey\config\sensor_config.json
2026-04-06 14:27:31 | INFO | biosignals.src.utils.config | _watch_loop | ♻️ SensorConfig changed — reloading...
2026-04-06 14:27:31 | ERROR | biosignals.src.utils.config | _load_config | ❌ SensorConfig JSON syntax error: Expecting property name enclosed in double quotes: line 22 column 1 (char 379)
2026-04-06 14:27:31 | ERROR | biosignals.src.utils.config | _load_config |    File: C:\bci\Neurokey\config\sensor_config.json
2026-04-06 14:27:31 | INFO | biosignals.src.utils.config | _watch_loop | ♻️ SensorConfig changed — reloading...
2026-04-06 14:27:31 | ERROR | biosignals.src.utils.config | _load_config | ❌ SensorConfig JSON syntax error: Expecting property name enclosed in double quotes: line 22 column 1 (char 379)
2026-04-06 14:27:31 | ERROR | biosignals.src.utils.config | _load_config |    File: C:\bci\Neurokey\config\sensor_config.json
2026-04-06 14:27:31 | INFO | biosignals.src.utils.config | _watch_loop | ♻️ FilterConfig changed — reloading...
2026-04-06 14:27:31 | ERROR | biosignals.src.utils.config | _load_config | ❌ FilterConfig JSON syntax error: Expecting property name enclosed in double quotes: line 4 column 1 (char 30)
2026-04-06 14:27:31 | ERROR | biosignals.src.utils.config | _load_config |    File: C:\bci\Neurokey\config\filter_config.json
2026-04-06 14:27:31 | INFO | biosignals.src.utils.config | _watch_loop | ♻️ FilterConfig changed — reloading...
2026-04-06 14:27:31 | ERROR | biosignals.src.utils.config | _load_config | ❌ FilterConfig JSON syntax error: Expecting property name enclosed in double quotes: line 4 column 1 (char 30)
2026-04-06 14:27:31 | ERROR | biosignals.src.utils.config | _load_config |    File: C:\bci\Neurokey\config\filter_config.json
2026-04-06 14:27:31 | INFO | biosignals.src.utils.config | _watch_loop | ♻️ FilterConfig changed — reloading...
2026-04-06 14:27:31 | ERROR | biosignals.src.utils.config | _load_config | ❌ FilterConfig JSON syntax error: Expecting property name enclosed in double quotes: line 4 column 1 (char 30)
2026-04-06 14:27:31 | ERROR | biosignals.src.utils.config | _load_config |    File: C:\bci\Neurokey\config\filter_config.json
2026-04-06 14:27:31 | INFO | biosignals.utils.config | _watch_loop | ♻️ FilterConfig changed — reloading...
2026-04-06 14:27:31 | ERROR | biosignals.utils.config | _load_config | ❌ FilterConfig JSON syntax error: Expecting property name enclosed in double quotes: line 4 column 1 (char 30)
2026-04-06 14:27:31 | ERROR | biosignals.utils.config | _load_config |    File: C:\bci\Neurokey\config\filter_config.json
2026-04-06 14:27:31 | INFO | biosignals.src.utils.config | _watch_loop | ♻️ SensorConfig changed — reloading...
2026-04-06 14:27:31 | ERROR | biosignals.src.utils.config | _load_config | ❌ SensorConfig JSON syntax error: Expecting property name enclosed in double quotes: line 22 column 1 (char 379)
2026-04-06 14:27:31 | ERROR | biosignals.src.utils.config | _load_config |    File: C:\bci\Neurokey\config\sensor_config.json
2026-04-06 14:27:31 | INFO | biosignals.utils.config | _watch_loop | ♻️ SensorConfig changed — reloading...
2026-04-06 14:27:31 | ERROR | biosignals.utils.config | _load_config | ❌ SensorConfig JSON syntax error: Expecting property name enclosed in double quotes: line 22 column 1 (char 379)
2026-04-06 14:27:31 | ERROR | biosignals.utils.config | _load_config |    File: C:\bci\Neurokey\config\sensor_config.json
2026-04-06 14:27:31 | INFO | biosignals.src.utils.config | _watch_loop | ♻️ SensorConfig changed — reloading...
2026-04-06 14:27:31 | ERROR | biosignals.src.utils.config | _load_config | ❌ SensorConfig JSON syntax error: Expecting property name enclosed in double quotes: line 22 column 1 (char 379)
2026-04-06 14:27:31 | ERROR | biosignals.src.utils.config | _load_config |    File: C:\bci\Neurokey\config\sensor_config.json
2026-04-06 14:27:31 | INFO | biosignals.utils.config | _watch_loop | ♻️ FilterConfig changed — reloading...
2026-04-06 14:27:31 | ERROR | biosignals.utils.config | _load_config | ❌ FilterConfig JSON syntax error: Expecting property name enclosed in double quotes: line 4 column 1 (char 30)
2026-04-06 14:27:31 | ERROR | biosignals.utils.config | _load_config |    File: C:\bci\Neurokey\config\filter_config.json
2026-04-06 14:27:31 | INFO | biosignals.utils.config | _watch_loop | ♻️ FilterConfig changed — reloading...
2026-04-06 14:27:31 | ERROR | biosignals.utils.config | _load_config | ❌ FilterConfig JSON syntax error: Expecting property name enclosed in double quotes: line 4 column 1 (char 30)
2026-04-06 14:27:31 | ERROR | biosignals.utils.config | _load_config |    File: C:\bci\Neurokey\config\filter_config.json
2026-04-06 14:27:31 | INFO | biosignals.utils.config | _watch_loop | ♻️ SensorConfig changed — reloading...
2026-04-06 14:27:31 | ERROR | biosignals.utils.config | _load_config | ❌ SensorConfig JSON syntax error: Expecting property name enclosed in double quotes: line 22 column 1 (char 379)
2026-04-06 14:27:31 | ERROR | biosignals.utils.config | _load_config |    File: C:\bci\Neurokey\config\sensor_config.json
2026-04-06 14:27:31 | INFO | biosignals.src.utils.config | _watch_loop | ♻️ FilterConfig changed — reloading...
2026-04-06 14:27:31 | ERROR | biosignals.src.utils.config | _load_config | ❌ FilterConfig JSON syntax error: Expecting property name enclosed in double quotes: line 4 column 1 (char 30)
2026-04-06 14:27:31 | ERROR | biosignals.src.utils.config | _load_config |    File: C:\bci\Neurokey\config\filter_config.json
2026-04-06 14:27:31 | INFO | biosignals.src.utils.config | _watch_loop | ♻️ FilterConfig changed — reloading...
2026-04-06 14:27:31 | ERROR | biosignals.src.utils.config | _load_config | ❌ FilterConfig JSON syntax error: Expecting property name enclosed in double quotes: line 4 column 1 (char 30)
2026-04-06 14:27:31 | ERROR | biosignals.src.utils.config | _load_config |    File: C:\bci\Neurokey\config\filter_config.json
2026-04-06 14:27:31 | INFO | biosignals.src.utils.config | _watch_loop | ♻️ FilterConfig changed — reloading...
2026-04-06 14:27:31 | ERROR | biosignals.src.utils.config | _load_config | ❌ FilterConfig JSON syntax error: Expecting property name enclosed in double quotes: line 4 column 1 (char 30)
2026-04-06 14:27:31 | ERROR | biosignals.src.utils.config | _load_config |    File: C:\bci\Neurokey\config\filter_config.json
2026-04-06 14:27:31 | INFO | biosignals.src.utils.config | _watch_loop | ♻️ SensorConfig changed — reloading...
2026-04-06 14:27:31 | ERROR | biosignals.src.utils.config | _load_config | ❌ SensorConfig JSON syntax error: Expecting property name enclosed in double quotes: line 22 column 1 (char 379)
2026-04-06 14:27:31 | ERROR | biosignals.src.utils.config | _load_config |    File: C:\bci\Neurokey\config\sensor_config.json
2026-04-06 14:27:32 | INFO | biosignals.utils.config | _watch_loop | ♻️ SensorConfig changed — reloading...
2026-04-06 14:27:32 | ERROR | biosignals.utils.config | _load_config | ❌ SensorConfig JSON syntax error: Expecting property name enclosed in double quotes: line 22 column 1 (char 379)
2026-04-06 14:27:32 | ERROR | biosignals.utils.config | _load_config |    File: C:\bci\Neurokey\config\sensor_config.json
2026-04-06 14:27:32 | INFO | biosignals.src.utils.config | _watch_loop | ♻️ SensorConfig changed — reloading...
2026-04-06 14:27:32 | ERROR | biosignals.src.utils.config | _load_config | ❌ SensorConfig JSON syntax error: Expecting property name enclosed in double quotes: line 22 column 1 (char 379)
2026-04-06 14:27:32 | ERROR | biosignals.src.utils.config | _load_config |    File: C:\bci\Neurokey\config\sensor_config.json
2026-04-06 14:27:32 | INFO | biosignals.src.utils.config | _watch_loop | ♻️ SensorConfig changed — reloading...
2026-04-06 14:27:32 | ERROR | biosignals.src.utils.config | _load_config | ❌ SensorConfig JSON syntax error: Expecting property name enclosed in double quotes: line 22 column 1 (char 379)
2026-04-06 14:27:32 | ERROR | biosignals.src.utils.config | _load_config |    File: C:\bci\Neurokey\config\sensor_config.json
2026-04-06 14:27:32 | INFO | biosignals.src.utils.config | _watch_loop | ♻️ SensorConfig changed — reloading...
2026-04-06 14:27:32 | ERROR | biosignals.src.utils.config | _load_config | ❌ SensorConfig JSON syntax error: Expecting property name enclosed in double quotes: line 22 column 1 (char 379)
2026-04-06 14:27:32 | ERROR | biosignals.src.utils.config | _load_config |    File: C:\bci\Neurokey\config\sensor_config.json
2026-04-06 14:27:32 | INFO | biosignals.src.utils.config | _watch_loop | ♻️ FilterConfig changed — reloading...
2026-04-06 14:27:32 | ERROR | biosignals.src.utils.config | _load_config | ❌ FilterConfig JSON syntax error: Expecting property name enclosed in double quotes: line 4 column 1 (char 30)
2026-04-06 14:27:32 | ERROR | biosignals.src.utils.config | _load_config |    File: C:\bci\Neurokey\config\filter_config.json
2026-04-06 14:27:32 | INFO | biosignals.src.utils.config | _watch_loop | ♻️ FilterConfig changed — reloading...
2026-04-06 14:27:32 | ERROR | biosignals.src.utils.config | _load_config | ❌ FilterConfig JSON syntax error: Expecting property name enclosed in double quotes: line 4 column 1 (char 30)
2026-04-06 14:27:32 | ERROR | biosignals.src.utils.config | _load_config |    File: C:\bci\Neurokey\config\filter_config.json
2026-04-06 14:27:32 | ERROR | biosignals.__main__ | load_config | [Router] Failed to load sensor config (C:\bci\Neurokey\config\sensor_config.json): Expecting property name enclosed in double quotes: line 22 column 1 (char 379) — using defaults
2026-04-06 14:27:32 | INFO | biosignals.src.utils.config | _watch_loop | ♻️ FilterConfig changed — reloading...
2026-04-06 14:27:32 | ERROR | biosignals.__main__ | load_config | [Router] Failed to load filter config (C:\bci\Neurokey\config\filter_config.json): Expecting property name enclosed in double quotes: line 4 column 1 (char 30) — using defaults
2026-04-06 14:27:32 | ERROR | biosignals.src.utils.config | _load_config | ❌ FilterConfig JSON syntax error: Expecting property name enclosed in double quotes: line 4 column 1 (char 30)
2026-04-06 14:27:32 | ERROR | biosignals.src.utils.config | _load_config |    File: C:\bci\Neurokey\config\filter_config.json
2026-04-06 14:27:32 | INFO | biosignals.utils.config | _watch_loop | ♻️ FilterConfig changed — reloading...
2026-04-06 14:27:32 | ERROR | biosignals.utils.config | _load_config | ❌ FilterConfig JSON syntax error: Expecting property name enclosed in double quotes: line 4 column 1 (char 30)
2026-04-06 14:27:32 | ERROR | biosignals.utils.config | _load_config |    File: C:\bci\Neurokey\config\filter_config.json
2026-04-06 14:27:32 | INFO | biosignals.src.utils.config | _watch_loop | ♻️ SensorConfig changed — reloading...
2026-04-06 14:27:32 | ERROR | biosignals.src.utils.config | _load_config | ❌ SensorConfig JSON syntax error: Expecting property name enclosed in double quotes: line 22 column 1 (char 379)
2026-04-06 14:27:32 | ERROR | biosignals.src.utils.config | _load_config |    File: C:\bci\Neurokey\config\sensor_config.json
2026-04-06 14:27:32 | INFO | biosignals.utils.config | _watch_loop | ♻️ SensorConfig changed — reloading...
2026-04-06 14:27:32 | ERROR | biosignals.utils.config | _load_config | ❌ SensorConfig JSON syntax error: Expecting property name enclosed in double quotes: line 22 column 1 (char 379)
2026-04-06 14:27:32 | ERROR | biosignals.utils.config | _load_config |    File: C:\bci\Neurokey\config\sensor_config.json
2026-04-06 14:27:32 | INFO | biosignals.src.utils.config | _watch_loop | ♻️ SensorConfig changed — reloading...
2026-04-06 14:27:32 | ERROR | biosignals.src.utils.config | _load_config | ❌ SensorConfig JSON syntax error: Expecting property name enclosed in double quotes: line 22 column 1 (char 379)
2026-04-06 14:27:32 | ERROR | biosignals.src.utils.config | _load_config |    File: C:\bci\Neurokey\config\sensor_config.json
2026-04-06 14:27:32 | INFO | biosignals.utils.config | _watch_loop | ♻️ FilterConfig changed — reloading...
2026-04-06 14:27:32 | ERROR | biosignals.utils.config | _load_config | ❌ FilterConfig JSON syntax error: Expecting property name enclosed in double quotes: line 4 column 1 (char 30)
2026-04-06 14:27:32 | ERROR | biosignals.utils.config | _load_config |    File: C:\bci\Neurokey\config\filter_config.json
2026-04-06 14:27:32 | INFO | biosignals.utils.config | _watch_loop | ♻️ FilterConfig changed — reloading...
2026-04-06 14:27:32 | ERROR | biosignals.utils.config | _load_config | ❌ FilterConfig JSON syntax error: Expecting property name enclosed in double quotes: line 4 column 1 (char 30)
2026-04-06 14:27:32 | ERROR | biosignals.utils.config | _load_config |    File: C:\bci\Neurokey\config\filter_config.json
2026-04-06 14:27:32 | INFO | biosignals.utils.config | _watch_loop | ♻️ SensorConfig changed — reloading...
2026-04-06 14:27:32 | ERROR | biosignals.utils.config | _load_config | ❌ SensorConfig JSON syntax error: Expecting property name enclosed in double quotes: line 22 column 1 (char 379)
2026-04-06 14:27:32 | ERROR | biosignals.utils.config | _load_config |    File: C:\bci\Neurokey\config\sensor_config.json
2026-04-06 14:27:32 | INFO | biosignals.src.utils.config | _watch_loop | ♻️ FilterConfig changed — reloading...
2026-04-06 14:27:32 | ERROR | biosignals.src.utils.config | _load_config | ❌ FilterConfig JSON syntax error: Expecting property name enclosed in double quotes: line 4 column 1 (char 30)
2026-04-06 14:27:32 | ERROR | biosignals.src.utils.config | _load_config |    File: C:\bci\Neurokey\config\filter_config.json
2026-04-06 14:27:32 | INFO | biosignals.src.utils.config | _watch_loop | ♻️ FilterConfig changed — reloading...
2026-04-06 14:27:32 | ERROR | biosignals.src.utils.config | _load_config | ❌ FilterConfig JSON syntax error: Expecting property name enclosed in double quotes: line 4 column 1 (char 30)
2026-04-06 14:27:32 | ERROR | biosignals.src.utils.config | _load_config |    File: C:\bci\Neurokey\config\filter_config.json
2026-04-06 14:27:32 | INFO | biosignals.src.utils.config | _watch_loop | ♻️ FilterConfig changed — reloading...
2026-04-06 14:27:32 | ERROR | biosignals.src.utils.config | _load_config | ❌ FilterConfig JSON syntax error: Expecting property name enclosed in double quotes: line 4 column 1 (char 30)
2026-04-06 14:27:32 | ERROR | biosignals.src.utils.config | _load_config |    File: C:\bci\Neurokey\config\filter_config.json
2026-04-06 14:27:32 | INFO | biosignals.src.utils.config | _watch_loop | ♻️ SensorConfig changed — reloading...
2026-04-06 14:27:32 | ERROR | biosignals.src.utils.config | _load_config | ❌ SensorConfig JSON syntax error: Expecting property name enclosed in double quotes: line 22 column 1 (char 379)
2026-04-06 14:27:33 | ERROR | biosignals.src.utils.config | _load_config |    File: C:\bci\Neurokey\config\sensor_config.json
2026-04-06 14:27:33 | INFO | biosignals.utils.config | _watch_loop | ♻️ SensorConfig changed — reloading...
2026-04-06 14:27:33 | ERROR | biosignals.utils.config | _load_config | ❌ SensorConfig JSON syntax error: Expecting property name enclosed in double quotes: line 22 column 1 (char 379)
2026-04-06 14:27:33 | ERROR | biosignals.utils.config | _load_config |    File: C:\bci\Neurokey\config\sensor_config.json
2026-04-06 14:27:33 | INFO | biosignals.src.utils.config | _watch_loop | ♻️ SensorConfig changed — reloading...
2026-04-06 14:27:33 | ERROR | biosignals.src.utils.config | _load_config | ❌ SensorConfig JSON syntax error: Expecting property name enclosed in double quotes: line 22 column 1 (char 379)
2026-04-06 14:27:33 | ERROR | biosignals.src.utils.config | _load_config |    File: C:\bci\Neurokey\config\sensor_config.json
2026-04-06 14:27:33 | INFO | biosignals.src.utils.config | _watch_loop | ♻️ SensorConfig changed — reloading...
2026-04-06 14:27:33 | ERROR | biosignals.src.utils.config | _load_config | ❌ SensorConfig JSON syntax error: Expecting property name enclosed in double quotes: line 22 column 1 (char 379)
2026-04-06 14:27:33 | ERROR | biosignals.src.utils.config | _load_config |    File: C:\bci\Neurokey\config\sensor_config.json
2026-04-06 14:27:33 | INFO | biosignals.src.utils.config | _watch_loop | ♻️ SensorConfig changed — reloading...
2026-04-06 14:27:33 | ERROR | biosignals.src.utils.config | _load_config | ❌ SensorConfig JSON syntax error: Expecting property name enclosed in double quotes: line 22 column 1 (char 379)
2026-04-06 14:27:33 | ERROR | biosignals.src.utils.config | _load_config |    File: C:\bci\Neurokey\config\sensor_config.json
2026-04-06 14:27:33 | INFO | biosignals.src.utils.config | _watch_loop | ♻️ FilterConfig changed — reloading...
2026-04-06 14:27:33 | ERROR | biosignals.src.utils.config | _load_config | ❌ FilterConfig JSON syntax error: Expecting property name enclosed in double quotes: line 4 column 1 (char 30)
2026-04-06 14:27:33 | ERROR | biosignals.src.utils.config | _load_config |    File: C:\bci\Neurokey\config\filter_config.json
2026-04-06 14:27:33 | INFO | biosignals.src.utils.config | _watch_loop | ♻️ FilterConfig changed — reloading...
2026-04-06 14:27:33 | ERROR | biosignals.src.utils.config | _load_config | ❌ FilterConfig JSON syntax error: Expecting property name enclosed in double quotes: line 4 column 1 (char 30)
2026-04-06 14:27:33 | ERROR | biosignals.src.utils.config | _load_config |    File: C:\bci\Neurokey\config\filter_config.json
2026-04-06 14:27:33 | INFO | biosignals.src.utils.config | _watch_loop | ♻️ FilterConfig changed — reloading...
2026-04-06 14:27:33 | ERROR | biosignals.src.utils.config | _load_config | ❌ FilterConfig JSON syntax error: Expecting property name enclosed in double quotes: line 4 column 1 (char 30)
2026-04-06 14:27:33 | ERROR | biosignals.src.utils.config | _load_config |    File: C:\bci\Neurokey\config\filter_config.json
2026-04-06 14:27:33 | INFO | biosignals.utils.config | _watch_loop | ♻️ FilterConfig changed — reloading...
2026-04-06 14:27:33 | ERROR | biosignals.utils.config | _load_config | ❌ FilterConfig JSON syntax error: Expecting property name enclosed in double quotes: line 4 column 1 (char 30)
2026-04-06 14:27:33 | ERROR | biosignals.utils.config | _load_config |    File: C:\bci\Neurokey\config\filter_config.json
2026-04-06 14:27:33 | INFO | biosignals.src.utils.config | _watch_loop | ♻️ SensorConfig changed — reloading...
2026-04-06 14:27:33 | ERROR | biosignals.src.utils.config | _load_config | ❌ SensorConfig JSON syntax error: Expecting property name enclosed in double quotes: line 22 column 1 (char 379)
2026-04-06 14:27:33 | ERROR | biosignals.src.utils.config | _load_config |    File: C:\bci\Neurokey\config\sensor_config.json
2026-04-06 14:27:33 | INFO | biosignals.utils.config | _watch_loop | ♻️ SensorConfig changed — reloading...
2026-04-06 14:27:33 | ERROR | biosignals.utils.config | _load_config | ❌ SensorConfig JSON syntax error: Expecting property name enclosed in double quotes: line 22 column 1 (char 379)
2026-04-06 14:27:33 | ERROR | biosignals.utils.config | _load_config |    File: C:\bci\Neurokey\config\sensor_config.json
2026-04-06 14:27:33 | INFO | biosignals.src.utils.config | _watch_loop | ♻️ SensorConfig changed — reloading...
2026-04-06 14:27:33 | ERROR | biosignals.src.utils.config | _load_config | ❌ SensorConfig JSON syntax error: Expecting property name enclosed in double quotes: line 22 column 1 (char 379)
2026-04-06 14:27:33 | INFO | biosignals.utils.config | _watch_loop | ♻️ FilterConfig changed — reloading...
2026-04-06 14:27:33 | ERROR | biosignals.src.utils.config | _load_config |    File: C:\bci\Neurokey\config\sensor_config.json
2026-04-06 14:27:33 | ERROR | biosignals.utils.config | _load_config | ❌ FilterConfig JSON syntax error: Expecting property name enclosed in double quotes: line 4 column 1 (char 30)
2026-04-06 14:27:33 | INFO | biosignals.utils.config | _watch_loop | ♻️ FilterConfig changed — reloading...
2026-04-06 14:27:33 | ERROR | biosignals.utils.config | _load_config |    File: C:\bci\Neurokey\config\filter_config.json
2026-04-06 14:27:33 | ERROR | biosignals.utils.config | _load_config | ❌ FilterConfig JSON syntax error: Expecting property name enclosed in double quotes: line 4 column 1 (char 30)
2026-04-06 14:27:33 | ERROR | biosignals.utils.config | _load_config |    File: C:\bci\Neurokey\config\filter_config.json
2026-04-06 14:27:33 | INFO | biosignals.utils.config | _watch_loop | ♻️ SensorConfig changed — reloading...
2026-04-06 14:27:33 | ERROR | biosignals.utils.config | _load_config | ❌ SensorConfig JSON syntax error: Expecting property name enclosed in double quotes: line 22 column 1 (char 379)
2026-04-06 14:27:33 | ERROR | biosignals.utils.config | _load_config |    File: C:\bci\Neurokey\config\sensor_config.json
2026-04-06 14:27:33 | INFO | biosignals.src.utils.config | _watch_loop | ♻️ FilterConfig changed — reloading...
2026-04-06 14:27:33 | ERROR | biosignals.src.utils.config | _load_config | ❌ FilterConfig JSON syntax error: Expecting property name enclosed in double quotes: line 4 column 1 (char 30)
2026-04-06 14:27:33 | ERROR | biosignals.src.utils.config | _load_config |    File: C:\bci\Neurokey\config\filter_config.json
2026-04-06 14:27:33 | INFO | biosignals.src.utils.config | _watch_loop | ♻️ FilterConfig changed — reloading...
2026-04-06 14:27:33 | ERROR | biosignals.src.utils.config | _load_config | ❌ FilterConfig JSON syntax error: Expecting property name enclosed in double quotes: line 4 column 1 (char 30)
2026-04-06 14:27:33 | ERROR | biosignals.src.utils.config | _load_config |    File: C:\bci\Neurokey\config\filter_config.json
2026-04-06 14:27:33 | INFO | biosignals.src.utils.config | _watch_loop | ♻️ FilterConfig changed — reloading...
2026-04-06 14:27:33 | ERROR | biosignals.src.utils.config | _load_config | ❌ FilterConfig JSON syntax error: Expecting property name enclosed in double quotes: line 4 column 1 (char 30)
2026-04-06 14:27:33 | ERROR | biosignals.src.utils.config | _load_config |    File: C:\bci\Neurokey\config\filter_config.json
2026-04-06 14:27:34 | INFO | biosignals.src.utils.config | _watch_loop | ♻️ SensorConfig changed — reloading...
2026-04-06 14:27:34 | ERROR | biosignals.src.utils.config | _load_config | ❌ SensorConfig JSON syntax error: Expecting property name enclosed in double quotes: line 22 column 1 (char 379)
2026-04-06 14:27:34 | INFO | biosignals.utils.config | _watch_loop | ♻️ SensorConfig changed — reloading...
2026-04-06 14:27:34 | INFO | biosignals.src.utils.config | _watch_loop | ♻️ SensorConfig changed — reloading...
2026-04-06 14:27:34 | ERROR | biosignals.src.utils.config | _load_config |    File: C:\bci\Neurokey\config\sensor_config.json
2026-04-06 14:27:34 | ERROR | biosignals.utils.config | _load_config | ❌ SensorConfig JSON syntax error: Expecting property name enclosed in double quotes: line 22 column 1 (char 379)
2026-04-06 14:27:34 | ERROR | biosignals.utils.config | _load_config |    File: C:\bci\Neurokey\config\sensor_config.json
operty name enclosed in double quotes: line 22 column 1 (char 379)
2026-04-06 14:27:34 | INFO | biosignals.src.utils.config | _watch_loop | ♻️ SensorConfig changed — reloading...
2026-04-06 14:27:34 | ERROR | biosignals.src.utils.config | _load_config |    File: C:\bci\Neurokey\config\sensor_config.json
2026-04-06 14:27:34 | ERROR | biosignals.src.utils.config | _load_config | ❌ SensorConfig JSON syntax error: Expecting property name enclosed in double quotes: line 22 column 1 (char 379)
2026-04-06 14:27:34 | ERROR | biosignals.src.utils.config | _load_config |    File: C:\bci\Neurokey\config\sensor_config.json
2026-04-06 14:27:34 | INFO | biosignals.src.utils.config | _watch_loop | ♻️ SensorConfig changed — reloading...
2026-04-06 14:27:34 | ERROR | biosignals.src.utils.config | _load_config | ❌ SensorConfig JSON syntax error: Expecting property name enclosed in double quotes: line 22 column 1 (char 379)
2026-04-06 14:27:34 | ERROR | biosignals.src.utils.config | _load_config |    File: C:\bci\Neurokey\config\sensor_config.json
2026-04-06 14:27:34 | INFO | biosignals.src.utils.config | _watch_loop | ♻️ FilterConfig changed — reloading...
2026-04-06 14:27:34 | ERROR | biosignals.src.utils.config | _load_config | ❌ FilterConfig JSON syntax error: Expecting property name enclosed in double quotes: line 4 column 1 (char 30)
2026-04-06 14:27:34 | ERROR | biosignals.src.utils.config | _load_config |    File: C:\bci\Neurokey\config\filter_config.json
2026-04-06 14:27:34 | INFO | biosignals.src.utils.config | _watch_loop | ♻️ FilterConfig changed — reloading...
2026-04-06 14:27:34 | ERROR | biosignals.src.utils.config | _load_config | ❌ FilterConfig JSON syntax error: Expecting property name enclosed in double quotes: line 4 column 1 (char 30)
2026-04-06 14:27:34 | ERROR | biosignals.src.utils.config | _load_config |    File: C:\bci\Neurokey\config\filter_config.json
2026-04-06 14:27:34 | ERROR | biosignals.__main__ | load_config | [Router] Failed to load sensor config (C:\bci\Neurokey\config\sensor_config.json): Expecting property name enclosed in double quotes: line 22 column 1 (char 379) — using defaults
2026-04-06 14:27:34 | ERROR | biosignals.__main__ | load_config | [Router] Failed to load filter config (C:\bci\Neurokey\config\filter_config.json): Expecting property name enclosed in double quotes: line 4 column 1 (char 30) — using defaults
2026-04-06 14:27:34 | INFO | biosignals.src.utils.config | _watch_loop | ♻️ FilterConfig changed — reloading...
2026-04-06 14:27:34 | INFO | biosignals.utils.config | _watch_loop | ♻️ FilterConfig changed — reloading...
2026-04-06 14:27:34 | ERROR | biosignals.src.utils.config | _load_config | ❌ FilterConfig JSON syntax error: Expecting property name enclosed in double quotes: line 4 column 1 (char 30)
2026-04-06 14:27:34 | ERROR | biosignals.utils.config | _load_config | ❌ FilterConfig JSON syntax error: Expecting property name enclosed in double quotes: line 4 column 1 (char 30)
2026-04-06 14:27:34 | ERROR | biosignals.src.utils.config | _load_config |    File: C:\bci\Neurokey\config\filter_config.json
2026-04-06 14:27:34 | ERROR | biosignals.utils.config | _load_config |    File: C:\bci\Neurokey\config\filter_config.json
2026-04-06 14:27:34 | INFO | biosignals.src.utils.config | _watch_loop | ♻️ SensorConfig changed — reloading...
2026-04-06 14:27:34 | ERROR | biosignals.src.utils.config | _load_config | ❌ SensorConfig JSON syntax error: Expecting property name enclosed in double quotes: line 22 column 1 (char 379)
2026-04-06 14:27:34 | ERROR | biosignals.src.utils.config | _load_config |    File: C:\bci\Neurokey\config\sensor_config.json
2026-04-06 14:27:34 | INFO | biosignals.utils.config | _watch_loop | ♻️ SensorConfig changed — reloading...
2026-04-06 14:27:34 | ERROR | biosignals.utils.config | _load_config | ❌ SensorConfig JSON syntax error: Expecting property name enclosed in double quotes: line 22 column 1 (char 379)
2026-04-06 14:27:34 | INFO | biosignals.src.utils.config | _watch_loop | ♻️ SensorConfig changed — reloading...
2026-04-06 14:27:34 | ERROR | biosignals.utils.config | _load_config |    File: C:\bci\Neurokey\config\sensor_config.json
2026-04-06 14:27:34 | INFO | biosignals.utils.config | _watch_loop | ♻️ FilterConfig changed — reloading...
cting property name enclosed in double quotes: line 22 column 1 (char 379)
2026-04-06 14:27:34 | ERROR | biosignals.src.utils.config | _load_config |    File: C:\bci\Neurokey\config\sensor_config.json
2026-04-06 14:27:34 | INFO | biosignals.utils.config | _watch_loop | ♻️ FilterConfig changed — reloading...
2026-04-06 14:27:34 | ERROR | biosignals.utils.config | _load_config | ❌ FilterConfig JSON syntax error: Expecting property name enclosed in double quotes: line 4 column 1 (char 30)
2026-04-06 14:27:34 | ERROR | biosignals.utils.config | _load_config | ❌ FilterConfig JSON syntax error: Expecting property name enclosed in double quotes: line 4 column 1 (char 30)
2026-04-06 14:27:34 | ERROR | biosignals.utils.config | _load_config |    File: C:\bci\Neurokey\config\filter_config.json
2026-04-06 14:27:34 | ERROR | biosignals.utils.config | _load_config |    File: C:\bci\Neurokey\config\filter_config.json
2026-04-06 14:27:34 | INFO | biosignals.utils.config | _watch_loop | ♻️ SensorConfig changed — reloading...
2026-04-06 14:27:34 | ERROR | biosignals.utils.config | _load_config | ❌ SensorConfig JSON syntax error: Expecting property name enclosed in double quotes: line 22 column 1 (char 379)
2026-04-06 14:27:34 | ERROR | biosignals.utils.config | _load_config |    File: C:\bci\Neurokey\config\sensor_config.json
2026-04-06 14:27:34 | INFO | biosignals.src.utils.config | _watch_loop | ♻️ FilterConfig changed — reloading...
2026-04-06 14:27:34 | ERROR | biosignals.src.utils.config | _load_config | ❌ FilterConfig JSON syntax error: Expecting property name enclosed in double quotes: line 4 column 1 (char 30)
2026-04-06 14:27:34 | ERROR | biosignals.src.utils.config | _load_config |    File: C:\bci\Neurokey\config\filter_config.json
2026-04-06 14:27:34 | INFO | biosignals.src.utils.config | _watch_loop | ♻️ FilterConfig changed — reloading...
2026-04-06 14:27:34 | ERROR | biosignals.src.utils.config | _load_config | ❌ FilterConfig JSON syntax error: Expecting property name enclosed in double quotes: line 4 column 1 (char 30)
2026-04-06 14:27:34 | ERROR | biosignals.src.utils.config | _load_config |    File: C:\bci\Neurokey\config\filter_config.json
2026-04-06 14:27:34 | INFO | biosignals.src.utils.config | _watch_loop | ♻️ FilterConfig changed — reloading...
2026-04-06 14:27:34 | ERROR | biosignals.src.utils.config | _load_config | ❌ FilterConfig JSON syntax error: Expecting property name enclosed in double quotes: line 4 column 1 (char 30)
2026-04-06 14:27:34 | ERROR | biosignals.src.utils.config | _load_config |    File: C:\bci\Neurokey\config\filter_config.json
2026-04-06 14:27:35 | INFO | biosignals.src.utils.config | _watch_loop | ♻️ SensorConfig changed — reloading...
2026-04-06 14:27:35 | ERROR | biosignals.src.utils.config | _load_config | ❌ SensorConfig JSON syntax error: Expecting property name enclosed in double quotes: line 22 column 1 (char 379)
2026-04-06 14:27:35 | ERROR | biosignals.src.utils.config | _load_config |    File: C:\bci\Neurokey\config\sensor_config.json
2026-04-06 14:27:35 | INFO | biosignals.utils.config | _watch_loop | ♻️ SensorConfig changed — reloading...
2026-04-06 14:27:35 | INFO | biosignals.src.utils.config | _watch_loop | ♻️ SensorConfig changed — reloading...
2026-04-06 14:27:35 | ERROR | biosignals.utils.config | _load_config | ❌ SensorConfig JSON syntax error: Expecting property name enclosed in double quotes: line 22 column 1 (char 379)
2026-04-06 14:27:35 | ERROR | biosignals.utils.config | _load_config |    File: C:\bci\Neurokey\config\sensor_config.json
2026-04-06 14:27:35 | ERROR | biosignals.src.utils.config | _load_config | ❌ SensorConfig JSON syntax error: Expecting property name enclosed in double quotes: line 22 column 1 (char 379)
2026-04-06 14:27:35 | INFO | biosignals.src.utils.config | _watch_loop | ♻️ SensorConfig changed — reloading...
2026-04-06 14:27:35 | ERROR | biosignals.src.utils.config | _load_config |    File: C:\bci\Neurokey\config\sensor_config.json
2026-04-06 14:27:35 | ERROR | biosignals.src.utils.config | _load_config | ❌ SensorConfig JSON syntax error: Expecting property name enclosed in double quotes: line 22 column 1 (char 379)
2026-04-06 14:27:35 | ERROR | biosignals.src.utils.config | _load_config |    File: C:\bci\Neurokey\config\sensor_config.json
2026-04-06 14:27:35 | INFO | biosignals.src.utils.config | _watch_loop | ♻️ SensorConfig changed — reloading...
2026-04-06 14:27:35 | ERROR | biosignals.src.utils.config | _load_config | ❌ SensorConfig JSON syntax error: Expecting property name enclosed in double quotes: line 22 column 1 (char 379)
2026-04-06 14:27:35 | ERROR | biosignals.src.utils.config | _load_config |    File: C:\bci\Neurokey\config\sensor_config.json
2026-04-06 14:27:35 | INFO | biosignals.src.utils.config | _watch_loop | ♻️ FilterConfig changed — reloading...
2026-04-06 14:27:35 | ERROR | biosignals.src.utils.config | _load_config | ❌ FilterConfig JSON syntax error: Expecting property name enclosed in double quotes: line 4 column 1 (char 30)
2026-04-06 14:27:35 | ERROR | biosignals.src.utils.config | _load_config |    File: C:\bci\Neurokey\config\filter_config.json
2026-04-06 14:27:35 | INFO | biosignals.src.utils.config | _watch_loop | ♻️ FilterConfig changed — reloading...
2026-04-06 14:27:35 | ERROR | biosignals.src.utils.config | _load_config | ❌ FilterConfig JSON syntax error: Expecting property name enclosed in double quotes: line 4 column 1 (char 30)
2026-04-06 14:27:35 | ERROR | biosignals.src.utils.config | _load_config |    File: C:\bci\Neurokey\config\filter_config.json
2026-04-06 14:27:35 | INFO | biosignals.src.utils.config | _watch_loop | ♻️ FilterConfig changed — reloading...
2026-04-06 14:27:35 | INFO | biosignals.utils.config | _watch_loop | ♻️ FilterConfig changed — reloading...
2026-04-06 14:27:35 | ERROR | biosignals.src.utils.config | _load_config | ❌ FilterConfig JSON syntax error: Expecting property name enclosed in double quotes: line 4 column 1 (char 30)
2026-04-06 14:27:35 | ERROR | biosignals.src.utils.config | _load_config |    File: C:\bci\Neurokey\config\filter_config.json
2026-04-06 14:27:35 | ERROR | biosignals.utils.config | _load_config | ❌ FilterConfig JSON syntax error: Expecting property name enclosed in double quotes: line 4 column 1 (char 30)
2026-04-06 14:27:35 | ERROR | biosignals.utils.config | _load_config |    File: C:\bci\Neurokey\config\filter_config.json
2026-04-06 14:27:35 | INFO | biosignals.src.utils.config | _watch_loop | ♻️ SensorConfig changed — reloading...
2026-04-06 14:27:35 | ERROR | biosignals.src.utils.config | _load_config | ❌ SensorConfig JSON syntax error: Expecting property name enclosed in double quotes: line 22 column 1 (char 379)
2026-04-06 14:27:35 | ERROR | biosignals.src.utils.config | _load_config |    File: C:\bci\Neurokey\config\sensor_config.json
2026-04-06 14:27:35 | INFO | biosignals.utils.config | _watch_loop | ♻️ SensorConfig changed — reloading...
2026-04-06 14:27:35 | ERROR | biosignals.utils.config | _load_config | ❌ SensorConfig JSON syntax error: Expecting property name enclosed in double quotes: line 22 column 1 (char 379)
2026-04-06 14:27:35 | INFO | biosignals.src.utils.config | _watch_loop | ♻️ SensorConfig changed — reloading...
2026-04-06 14:27:35 | ERROR | biosignals.utils.config | _load_config |    File: C:\bci\Neurokey\config\sensor_config.json
2026-04-06 14:27:35 | ERROR | biosignals.src.utils.config | _load_config | ❌ SensorConfig JSON syntax error: Expecting property name enclosed in double quotes: line 22 column 1 (char 379)
2026-04-06 14:27:35 | INFO | biosignals.utils.config | _watch_loop | ♻️ FilterConfig changed — reloading...
2026-04-06 14:27:35 | INFO | biosignals.utils.config | _watch_loop | ♻️ FilterConfig changed — reloading...
2026-04-06 14:27:35 | ERROR | biosignals.src.utils.config | _load_config |    File: C:\bci\Neurokey\config\sensor_config.json
2026-04-06 14:27:35 | ERROR | biosignals.utils.config | _load_config | ❌ FilterConfig JSON syntax error: Expecting property name enclosed in double quotes: line 4 column 1 (char 30)
2026-04-06 14:27:35 | ERROR | biosignals.utils.config | _load_config | ❌ FilterConfig JSON syntax error: Expecting property name enclosed in double quotes: line 4 column 1 (char 30)
2026-04-06 14:27:35 | ERROR | biosignals.utils.config | _load_config |    File: C:\bci\Neurokey\config\filter_config.json
2026-04-06 14:27:35 | ERROR | biosignals.utils.config | _load_config |    File: C:\bci\Neurokey\config\filter_config.json
2026-04-06 14:27:35 | INFO | biosignals.utils.config | _watch_loop | ♻️ SensorConfig changed — reloading...
2026-04-06 14:27:35 | ERROR | biosignals.utils.config | _load_config | ❌ SensorConfig JSON syntax error: Expecting property name enclosed in double quotes: line 22 column 1 (char 379)
2026-04-06 14:27:35 | ERROR | biosignals.utils.config | _load_config |    File: C:\bci\Neurokey\config\sensor_config.json
2026-04-06 14:27:35 | INFO | biosignals.src.utils.config | _watch_loop | ♻️ FilterConfig changed — reloading...
2026-04-06 14:27:35 | ERROR | biosignals.src.utils.config | _load_config | ❌ FilterConfig JSON syntax error: Expecting property name enclosed in double quotes: line 4 column 1 (char 30)
2026-04-06 14:27:35 | ERROR | biosignals.src.utils.config | _load_config |    File: C:\bci\Neurokey\config\filter_config.json
2026-04-06 14:27:35 | INFO | biosignals.src.utils.config | _watch_loop | ♻️ FilterConfig changed — reloading...
2026-04-06 14:27:35 | ERROR | biosignals.src.utils.config | _load_config | ❌ FilterConfig JSON syntax error: Expecting property name enclosed in double quotes: line 4 column 1 (char 30)
2026-04-06 14:27:35 | ERROR | biosignals.src.utils.config | _load_config |    File: C:\bci\Neurokey\config\filter_config.json
2026-04-06 14:27:35 | INFO | biosignals.src.utils.config | _watch_loop | ♻️ FilterConfig changed — reloading...
2026-04-06 14:27:36 | ERROR | biosignals.src.utils.config | _load_config | ❌ FilterConfig JSON syntax error: Expecting property name enclosed in double quotes: line 4 column 1 (char 30)
2026-04-06 14:27:36 | ERROR | biosignals.src.utils.config | _load_config |    File: C:\bci\Neurokey\config\filter_config.json
2026-04-06 14:27:36 | INFO | biosignals.src.utils.config | _watch_loop | ♻️ SensorConfig changed — reloading...
2026-04-06 14:27:36 | ERROR | biosignals.src.utils.config | _load_config | ❌ SensorConfig JSON syntax error: Expecting property name enclosed in double quotes: line 22 column 1 (char 379)
2026-04-06 14:27:36 | ERROR | biosignals.src.utils.config | _load_config |    File: C:\bci\Neurokey\config\sensor_config.json
2026-04-06 14:27:36 | INFO | biosignals.utils.config | _watch_loop | ♻️ SensorConfig changed — reloading...
2026-04-06 14:27:36 | INFO | biosignals.src.utils.config | _watch_loop | ♻️ SensorConfig changed — reloading...
2026-04-06 14:27:36 | ERROR | biosignals.utils.config | _load_config | ❌ SensorConfig JSON syntax error: Expecting property name enclosed in double quotes: line 22 column 1 (char 379)
2026-04-06 14:27:36 | ERROR | biosignals.src.utils.config | _load_config | ❌ SensorConfig JSON syntax error: Expecting property name enclosed in double quotes: line 22 column 1 (char 379)
2026-04-06 14:27:36 | ERROR | biosignals.utils.config | _load_config |    File: C:\bci\Neurokey\config\sensor_config.json
2026-04-06 14:27:36 | ERROR | biosignals.src.utils.config | _load_config |    File: C:\bci\Neurokey\config\sensor_config.json
2026-04-06 14:27:36 | INFO | biosignals.src.utils.config | _watch_loop | ♻️ SensorConfig changed — reloading...
2026-04-06 14:27:36 | ERROR | biosignals.src.utils.config | _load_config | ❌ SensorConfig JSON syntax error: Expecting property name enclosed in double quotes: line 22 column 1 (char 379)
2026-04-06 14:27:36 | ERROR | biosignals.src.utils.config | _load_config |    File: C:\bci\Neurokey\config\sensor_config.json
2026-04-06 14:27:36 | INFO | biosignals.src.utils.config | _watch_loop | ♻️ SensorConfig changed — reloading...
2026-04-06 14:27:36 | ERROR | biosignals.src.utils.config | _load_config | ❌ SensorConfig JSON syntax error: Expecting property name enclosed in double quotes: line 22 column 1 (char 379)
2026-04-06 14:27:36 | ERROR | biosignals.src.utils.config | _load_config |    File: C:\bci\Neurokey\config\sensor_config.json
2026-04-06 14:27:36 | INFO | biosignals.src.utils.config | _watch_loop | ♻️ FilterConfig changed — reloading...
2026-04-06 14:27:36 | ERROR | biosignals.src.utils.config | _load_config | ❌ FilterConfig JSON syntax error: Expecting property name enclosed in double quotes: line 4 column 1 (char 30)
2026-04-06 14:27:36 | ERROR | biosignals.src.utils.config | _load_config |    File: C:\bci\Neurokey\config\filter_config.json
2026-04-06 14:27:36 | INFO | biosignals.src.utils.config | _watch_loop | ♻️ FilterConfig changed — reloading...
2026-04-06 14:27:36 | ERROR | biosignals.src.utils.config | _load_config | ❌ FilterConfig JSON syntax error: Expecting property name enclosed in double quotes: line 4 column 1 (char 30)
2026-04-06 14:27:36 | ERROR | biosignals.src.utils.config | _load_config |    File: C:\bci\Neurokey\config\filter_config.json
2026-04-06 14:27:36 | ERROR | biosignals.__main__ | load_config | [Router] Failed to load sensor config (C:\bci\Neurokey\config\sensor_config.json): Expecting property name enclosed in double quotes: line 22 column 1 (char 379) — using defaults
2026-04-06 14:27:36 | ERROR | biosignals.__main__ | load_config | [Router] Failed to load filter config (C:\bci\Neurokey\config\filter_config.json): Expecting property name enclosed in double quotes: line 4 column 1 (char 30) — using defaults
2026-04-06 14:27:36 | INFO | biosignals.src.utils.config | _watch_loop | ♻️ FilterConfig changed — reloading...
2026-04-06 14:27:36 | INFO | biosignals.utils.config | _watch_loop | ♻️ FilterConfig changed — reloading...
2026-04-06 14:27:36 | ERROR | biosignals.src.utils.config | _load_config | ❌ FilterConfig JSON syntax error: Expecting property name enclosed in double quotes: line 4 column 1 (char 30)
2026-04-06 14:27:36 | ERROR | biosignals.utils.config | _load_config | ❌ FilterConfig JSON syntax error: Expecting property name enclosed in double quotes: line 4 column 1 (char 30)
2026-04-06 14:27:36 | ERROR | biosignals.src.utils.config | _load_config |    File: C:\bci\Neurokey\config\filter_config.json
2026-04-06 14:27:36 | ERROR | biosignals.utils.config | _load_config |    File: C:\bci\Neurokey\config\filter_config.json
2026-04-06 14:27:36 | INFO | biosignals.src.utils.config | _watch_loop | ♻️ SensorConfig changed — reloading...
2026-04-06 14:27:36 | ERROR | biosignals.src.utils.config | _load_config | ❌ SensorConfig JSON syntax error: Expecting property name enclosed in double quotes: line 22 column 1 (char 379)
2026-04-06 14:27:36 | ERROR | biosignals.src.utils.config | _load_config |    File: C:\bci\Neurokey\config\sensor_config.json
2026-04-06 14:27:36 | INFO | biosignals.utils.config | _watch_loop | ♻️ SensorConfig changed — reloading...
2026-04-06 14:27:36 | ERROR | biosignals.utils.config | _load_config | ❌ SensorConfig JSON syntax error: Expecting property name enclosed in double quotes: line 22 column 1 (char 379)
2026-04-06 14:27:36 | ERROR | biosignals.utils.config | _load_config |    File: C:\bci\Neurokey\config\sensor_config.json
2026-04-06 14:27:36 | INFO | biosignals.src.utils.config | _watch_loop | ♻️ SensorConfig changed — reloading...
2026-04-06 14:27:36 | ERROR | biosignals.src.utils.config | _load_config | ❌ SensorConfig JSON syntax error: Expecting property name enclosed in double quotes: line 22 column 1 (char 379)
2026-04-06 14:27:36 | ERROR | biosignals.src.utils.config | _load_config |    File: C:\bci\Neurokey\config\sensor_config.json
2026-04-06 14:27:36 | INFO | biosignals.utils.config | _watch_loop | ♻️ FilterConfig changed — reloading...
2026-04-06 14:27:36 | ERROR | biosignals.utils.config | _load_config | ❌ FilterConfig JSON syntax error: Expecting property name enclosed in double quotes: line 4 column 1 (char 30)
2026-04-06 14:27:36 | INFO | biosignals.utils.config | _watch_loop | ♻️ FilterConfig changed — reloading...
2026-04-06 14:27:36 | ERROR | biosignals.utils.config | _load_config |    File: C:\bci\Neurokey\config\filter_config.json
2026-04-06 14:27:36 | ERROR | biosignals.utils.config | _load_config | ❌ FilterConfig JSON syntax error: Expecting property name enclosed in double quotes: line 4 column 1 (char 30)
2026-04-06 14:27:36 | ERROR | biosignals.utils.config | _load_config |    File: C:\bci\Neurokey\config\filter_config.json
2026-04-06 14:27:36 | INFO | biosignals.utils.config | _watch_loop | ♻️ SensorConfig changed — reloading...
2026-04-06 14:27:36 | ERROR | biosignals.utils.config | _load_config | ❌ SensorConfig JSON syntax error: Expecting property name enclosed in double quotes: line 22 column 1 (char 379)
2026-04-06 14:27:36 | ERROR | biosignals.utils.config | _load_config |    File: C:\bci\Neurokey\config\sensor_config.json
2026-04-06 14:27:36 | INFO | biosignals.src.utils.config | _watch_loop | ♻️ FilterConfig changed — reloading...
2026-04-06 14:27:36 | ERROR | biosignals.src.utils.config | _load_config | ❌ FilterConfig JSON syntax error: Expecting property name enclosed in double quotes: line 4 column 1 (char 30)
2026-04-06 14:27:36 | ERROR | biosignals.src.utils.config | _load_config |    File: C:\bci\Neurokey\config\filter_config.json
2026-04-06 14:27:36 | INFO | biosignals.src.utils.config | _watch_loop | ♻️ FilterConfig changed — reloading...
2026-04-06 14:27:36 | ERROR | biosignals.src.utils.config | _load_config | ❌ FilterConfig JSON syntax error: Expecting property name enclosed in double quotes: line 4 column 1 (char 30)
2026-04-06 14:27:36 | ERROR | biosignals.src.utils.config | _load_config |    File: C:\bci\Neurokey\config\filter_config.json
2026-04-06 14:27:37 | INFO | biosignals.src.utils.config | _watch_loop | ♻️ FilterConfig changed — reloading...
2026-04-06 14:27:37 | ERROR | biosignals.src.utils.config | _load_config | ❌ FilterConfig JSON syntax error: Expecting property name enclosed in double quotes: line 4 column 1 (char 30)
2026-04-06 14:27:37 | ERROR | biosignals.src.utils.config | _load_config |    File: C:\bci\Neurokey\config\filter_config.json
2026-04-06 14:27:37 | INFO | biosignals.src.utils.config | _watch_loop | ♻️ SensorConfig changed — reloading...
2026-04-06 14:27:37 | ERROR | biosignals.src.utils.config | _load_config | ❌ SensorConfig JSON syntax error: Expecting property name enclosed in double quotes: line 22 column 1 (char 379)
2026-04-06 14:27:37 | ERROR | biosignals.src.utils.config | _load_config |    File: C:\bci\Neurokey\config\sensor_config.json
2026-04-06 14:27:37 | INFO | biosignals.utils.config | _watch_loop | ♻️ SensorConfig changed — reloading...
2026-04-06 14:27:37 | INFO | biosignals.src.utils.config | _watch_loop | ♻️ SensorConfig changed — reloading...
2026-04-06 14:27:37 | ERROR | biosignals.utils.config | _load_config | ❌ SensorConfig JSON syntax error: Expecting property name enclosed in double quotes: line 22 column 1 (char 379)
2026-04-06 14:27:37 | ERROR | biosignals.src.utils.config | _load_config | ❌ SensorConfig JSON syntax error: Expecting property name enclosed in double quotes: line 22 column 1 (char 379)
2026-04-06 14:27:37 | ERROR | biosignals.utils.config | _load_config |    File: C:\bci\Neurokey\config\sensor_config.json
2026-04-06 14:27:37 | ERROR | biosignals.src.utils.config | _load_config |    File: C:\bci\Neurokey\config\sensor_config.json
2026-04-06 14:27:37 | INFO | biosignals.src.utils.config | _watch_loop | ♻️ SensorConfig changed — reloading...
2026-04-06 14:27:37 | ERROR | biosignals.src.utils.config | _load_config | ❌ SensorConfig JSON syntax error: Expecting property name enclosed in double quotes: line 22 column 1 (char 379)
2026-04-06 14:27:37 | ERROR | biosignals.src.utils.config | _load_config |    File: C:\bci\Neurokey\config\sensor_config.json
2026-04-06 14:27:37 | INFO | biosignals.src.utils.config | _watch_loop | ♻️ SensorConfig changed — reloading...
2026-04-06 14:27:37 | ERROR | biosignals.src.utils.config | _load_config | ❌ SensorConfig JSON syntax error: Expecting property name enclosed in double quotes: line 22 column 1 (char 379)
2026-04-06 14:27:37 | ERROR | biosignals.src.utils.config | _load_config |    File: C:\bci\Neurokey\config\sensor_config.json
2026-04-06 14:27:37 | INFO | biosignals.src.utils.config | _watch_loop | ♻️ FilterConfig changed — reloading...
2026-04-06 14:27:37 | ERROR | biosignals.src.utils.config | _load_config | ❌ FilterConfig JSON syntax error: Expecting property name enclosed in double quotes: line 4 column 1 (char 30)
2026-04-06 14:27:37 | ERROR | biosignals.src.utils.config | _load_config |    File: C:\bci\Neurokey\config\filter_config.json
2026-04-06 14:27:37 | INFO | biosignals.src.utils.config | _watch_loop | ♻️ FilterConfig changed — reloading...
2026-04-06 14:27:37 | ERROR | biosignals.src.utils.config | _load_config | ❌ FilterConfig JSON syntax error: Expecting property name enclosed in double quotes: line 4 column 1 (char 30)
2026-04-06 14:27:37 | ERROR | biosignals.src.utils.config | _load_config |    File: C:\bci\Neurokey\config\filter_config.json
2026-04-06 14:27:37 | INFO | biosignals.src.utils.config | _watch_loop | ♻️ FilterConfig changed — reloading...
2026-04-06 14:27:37 | ERROR | biosignals.src.utils.config | _load_config | ❌ FilterConfig JSON syntax error: Expecting property name enclosed in double quotes: line 4 column 1 (char 30)
2026-04-06 14:27:37 | ERROR | biosignals.src.utils.config | _load_config |    File: C:\bci\Neurokey\config\filter_config.json
2026-04-06 14:27:37 | INFO | biosignals.utils.config | _watch_loop | ♻️ FilterConfig changed — reloading...
2026-04-06 14:27:37 | ERROR | biosignals.utils.config | _load_config | ❌ FilterConfig JSON syntax error: Expecting property name enclosed in double quotes: line 4 column 1 (char 30)
2026-04-06 14:27:37 | ERROR | biosignals.utils.config | _load_config |    File: C:\bci\Neurokey\config\filter_config.json
2026-04-06 14:27:37 | INFO | biosignals.src.utils.config | _watch_loop | ♻️ SensorConfig changed — reloading...
2026-04-06 14:27:37 | ERROR | biosignals.src.utils.config | _load_config | ❌ SensorConfig JSON syntax error: Expecting property name enclosed in double quotes: line 22 column 1 (char 379)
2026-04-06 14:27:37 | ERROR | biosignals.src.utils.config | _load_config |    File: C:\bci\Neurokey\config\sensor_config.json
2026-04-06 14:27:37 | INFO | biosignals.utils.config | _watch_loop | ♻️ SensorConfig changed — reloading...
2026-04-06 14:27:37 | ERROR | biosignals.utils.config | _load_config | ❌ SensorConfig JSON syntax error: Expecting property name enclosed in double quotes: line 22 column 1 (char 379)
2026-04-06 14:27:37 | ERROR | biosignals.utils.config | _load_config |    File: C:\bci\Neurokey\config\sensor_config.json
2026-04-06 14:27:37 | INFO | biosignals.src.utils.config | _watch_loop | ♻️ SensorConfig changed — reloading...
2026-04-06 14:27:37 | ERROR | biosignals.src.utils.config | _load_config | ❌ SensorConfig JSON syntax error: Expecting property name enclosed in double quotes: line 22 column 1 (char 379)
2026-04-06 14:27:37 | ERROR | biosignals.src.utils.config | _load_config |    File: C:\bci\Neurokey\config\sensor_config.json
2026-04-06 14:27:37 | INFO | biosignals.utils.config | _watch_loop | ♻️ FilterConfig changed — reloading...
2026-04-06 14:27:37 | INFO | biosignals.utils.config | _watch_loop | ♻️ FilterConfig changed — reloading...
2026-04-06 14:27:37 | ERROR | biosignals.utils.config | _load_config | ❌ FilterConfig JSON syntax error: Expecting property name enclosed in double quotes: line 4 column 1 (char 30)
2026-04-06 14:27:37 | ERROR | biosignals.utils.config | _load_config | ❌ FilterConfig JSON syntax error: Expecting property name enclosed in double quotes: line 4 column 1 (char 30)
2026-04-06 14:27:37 | ERROR | biosignals.utils.config | _load_config |    File: C:\bci\Neurokey\config\filter_config.json
2026-04-06 14:27:37 | ERROR | biosignals.utils.config | _load_config |    File: C:\bci\Neurokey\config\filter_config.json
2026-04-06 14:27:37 | INFO | biosignals.utils.config | _watch_loop | ♻️ SensorConfig changed — reloading...
2026-04-06 14:27:37 | ERROR | biosignals.utils.config | _load_config | ❌ SensorConfig JSON syntax error: Expecting property name enclosed in double quotes: line 22 column 1 (char 379)
2026-04-06 14:27:37 | ERROR | biosignals.utils.config | _load_config |    File: C:\bci\Neurokey\config\sensor_config.json
2026-04-06 14:27:37 | INFO | biosignals.src.utils.config | _watch_loop | ♻️ FilterConfig changed — reloading...
2026-04-06 14:27:37 | ERROR | biosignals.src.utils.config | _load_config | ❌ FilterConfig JSON syntax error: Expecting property name enclosed in double quotes: line 4 column 1 (char 30)
2026-04-06 14:27:37 | ERROR | biosignals.src.utils.config | _load_config |    File: C:\bci\Neurokey\config\filter_config.json
2026-04-06 14:27:37 | INFO | biosignals.src.utils.config | _watch_loop | ♻️ FilterConfig changed — reloading...
2026-04-06 14:27:37 | ERROR | biosignals.src.utils.config | _load_config | ❌ FilterConfig JSON syntax error: Expecting property name enclosed in double quotes: line 4 column 1 (char 30)
2026-04-06 14:27:37 | ERROR | biosignals.src.utils.config | _load_config |    File: C:\bci\Neurokey\config\filter_config.json
2026-04-06 14:27:38 | INFO | biosignals.src.utils.config | _watch_loop | ♻️ FilterConfig changed — reloading...
2026-04-06 14:27:38 | ERROR | biosignals.src.utils.config | _load_config | ❌ FilterConfig JSON syntax error: Expecting property name enclosed in double quotes: line 4 column 1 (char 30)
2026-04-06 14:27:38 | ERROR | biosignals.src.utils.config | _load_config |    File: C:\bci\Neurokey\config\filter_config.json
2026-04-06 14:27:38 | INFO | biosignals.src.utils.config | _watch_loop | ♻️ SensorConfig changed — reloading...
2026-04-06 14:27:38 | ERROR | biosignals.src.utils.config | _load_config | ❌ SensorConfig JSON syntax error: Expecting property name enclosed in double quotes: line 22 column 1 (char 379)
2026-04-06 14:27:38 | ERROR | biosignals.src.utils.config | _load_config |    File: C:\bci\Neurokey\config\sensor_config.json
2026-04-06 14:27:38 | INFO | biosignals.utils.config | _watch_loop | ♻️ SensorConfig changed — reloading...
2026-04-06 14:27:38 | ERROR | biosignals.utils.config | _load_config | ❌ SensorConfig JSON syntax error: Expecting property name enclosed in double quotes: line 22 column 1 (char 379)
2026-04-06 14:27:38 | ERROR | biosignals.utils.config | _load_config |    File: C:\bci\Neurokey\config\sensor_config.json
2026-04-06 14:27:38 | INFO | biosignals.src.utils.config | _watch_loop | ♻️ SensorConfig changed — reloading...
2026-04-06 14:27:38 | ERROR | biosignals.src.utils.config | _load_config | ❌ SensorConfig JSON syntax error: Expecting property name enclosed in double quotes: line 22 column 1 (char 379)
2026-04-06 14:27:38 | ERROR | biosignals.src.utils.config | _load_config |    File: C:\bci\Neurokey\config\sensor_config.json
2026-04-06 14:27:38 | INFO | biosignals.src.utils.config | _watch_loop | ♻️ SensorConfig changed — reloading...
2026-04-06 14:27:38 | ERROR | biosignals.src.utils.config | _load_config | ❌ SensorConfig JSON syntax error: Expecting property name enclosed in double quotes: line 22 column 1 (char 379)
2026-04-06 14:27:38 | ERROR | biosignals.src.utils.config | _load_config |    File: C:\bci\Neurokey\config\sensor_config.json
2026-04-06 14:27:38 | INFO | biosignals.src.utils.config | _watch_loop | ♻️ SensorConfig changed — reloading...
2026-04-06 14:27:38 | ERROR | biosignals.src.utils.config | _load_config | ❌ SensorConfig JSON syntax error: Expecting property name enclosed in double quotes: line 22 column 1 (char 379)
2026-04-06 14:27:38 | ERROR | biosignals.src.utils.config | _load_config |    File: C:\bci\Neurokey\config\sensor_config.json
2026-04-06 14:27:38 | INFO | biosignals.src.utils.config | _watch_loop | ♻️ FilterConfig changed — reloading...
2026-04-06 14:27:38 | ERROR | biosignals.src.utils.config | _load_config | ❌ FilterConfig JSON syntax error: Expecting property name enclosed in double quotes: line 4 column 1 (char 30)
2026-04-06 14:27:38 | ERROR | biosignals.src.utils.config | _load_config |    File: C:\bci\Neurokey\config\filter_config.json
2026-04-06 14:27:38 | INFO | biosignals.src.utils.config | _watch_loop | ♻️ FilterConfig changed — reloading...
2026-04-06 14:27:38 | ERROR | biosignals.src.utils.config | _load_config | ❌ FilterConfig JSON syntax error: Expecting property name enclosed in double quotes: line 4 column 1 (char 30)
2026-04-06 14:27:38 | ERROR | biosignals.src.utils.config | _load_config |    File: C:\bci\Neurokey\config\filter_config.json
2026-04-06 14:27:38 | ERROR | biosignals.__main__ | load_config | [Router] Failed to load sensor config (C:\bci\Neurokey\config\sensor_config.json): Expecting property name enclosed in double quotes: line 22 column 1 (char 379) — using defaults
2026-04-06 14:27:38 | ERROR | biosignals.__main__ | load_config | [Router] Failed to load filter config (C:\bci\Neurokey\config\filter_config.json): Expecting property name enclosed in double quotes: line 4 column 1 (char 30) — using defaults
2026-04-06 14:27:38 | INFO | biosignals.src.utils.config | _watch_loop | ♻️ FilterConfig changed — reloading...
2026-04-06 14:27:38 | ERROR | biosignals.src.utils.config | _load_config | ❌ FilterConfig JSON syntax error: Expecting property name enclosed in double quotes: line 4 column 1 (char 30)
2026-04-06 14:27:38 | ERROR | biosignals.src.utils.config | _load_config |    File: C:\bci\Neurokey\config\filter_config.json
2026-04-06 14:27:38 | INFO | biosignals.utils.config | _watch_loop | ♻️ FilterConfig changed — reloading...
2026-04-06 14:27:38 | ERROR | biosignals.utils.config | _load_config | ❌ FilterConfig JSON syntax error: Expecting property name enclosed in double quotes: line 4 column 1 (char 30)
2026-04-06 14:27:38 | ERROR | biosignals.utils.config | _load_config |    File: C:\bci\Neurokey\config\filter_config.json
2026-04-06 14:27:38 | INFO | biosignals.src.utils.config | _watch_loop | ♻️ SensorConfig changed — reloading...
2026-04-06 14:27:38 | ERROR | biosignals.src.utils.config | _load_config | ❌ SensorConfig JSON syntax error: Expecting property name enclosed in double quotes: line 22 column 1 (char 379)
2026-04-06 14:27:38 | ERROR | biosignals.src.utils.config | _load_config |    File: C:\bci\Neurokey\config\sensor_config.json
2026-04-06 14:27:38 | INFO | biosignals.utils.config | _watch_loop | ♻️ SensorConfig changed — reloading...
2026-04-06 14:27:38 | ERROR | biosignals.utils.config | _load_config | ❌ SensorConfig JSON syntax error: Expecting property name enclosed in double quotes: line 22 column 1 (char 379)
2026-04-06 14:27:38 | ERROR | biosignals.utils.config | _load_config |    File: C:\bci\Neurokey\config\sensor_config.json
2026-04-06 14:27:38 | INFO | biosignals.src.utils.config | _watch_loop | ♻️ SensorConfig changed — reloading...
2026-04-06 14:27:38 | ERROR | biosignals.src.utils.config | _load_config | ❌ SensorConfig JSON syntax error: Expecting property name enclosed in double quotes: line 22 column 1 (char 379)
2026-04-06 14:27:38 | ERROR | biosignals.src.utils.config | _load_config |    File: C:\bci\Neurokey\config\sensor_config.json
2026-04-06 14:27:38 | INFO | biosignals.utils.config | _watch_loop | ♻️ FilterConfig changed — reloading...
2026-04-06 14:27:38 | INFO | biosignals.utils.config | _watch_loop | ♻️ FilterConfig changed — reloading...
2026-04-06 14:27:38 | ERROR | biosignals.utils.config | _load_config | ❌ FilterConfig JSON syntax error: Expecting property name enclosed in double quotes: line 4 column 1 (char 30)
2026-04-06 14:27:38 | ERROR | biosignals.utils.config | _load_config | ❌ FilterConfig JSON syntax error: Expecting property name enclosed in double quotes: line 4 column 1 (char 30)
2026-04-06 14:27:38 | ERROR | biosignals.utils.config | _load_config |    File: C:\bci\Neurokey\config\filter_config.json
2026-04-06 14:27:38 | ERROR | biosignals.utils.config | _load_config |    File: C:\bci\Neurokey\config\filter_config.json
2026-04-06 14:27:38 | INFO | biosignals.utils.config | _watch_loop | ♻️ SensorConfig changed — reloading...
2026-04-06 14:27:38 | ERROR | biosignals.utils.config | _load_config | ❌ SensorConfig JSON syntax error: Expecting property name enclosed in double quotes: line 22 column 1 (char 379)
2026-04-06 14:27:38 | ERROR | biosignals.utils.config | _load_config |    File: C:\bci\Neurokey\config\sensor_config.json
2026-04-06 14:27:38 | INFO | biosignals.src.utils.config | _watch_loop | ♻️ FilterConfig changed — reloading...
2026-04-06 14:27:38 | ERROR | biosignals.src.utils.config | _load_config | ❌ FilterConfig JSON syntax error: Expecting property name enclosed in double quotes: line 4 column 1 (char 30)
2026-04-06 14:27:38 | ERROR | biosignals.src.utils.config | _load_config |    File: C:\bci\Neurokey\config\filter_config.json
2026-04-06 14:27:38 | INFO | biosignals.src.utils.config | _watch_loop | ♻️ FilterConfig changed — reloading...
2026-04-06 14:27:39 | ERROR | biosignals.src.utils.config | _load_config | ❌ FilterConfig JSON syntax error: Expecting property name enclosed in double quotes: line 4 column 1 (char 30)
2026-04-06 14:27:39 | ERROR | biosignals.src.utils.config | _load_config |    File: C:\bci\Neurokey\config\filter_config.json
2026-04-06 14:27:39 | INFO | biosignals.src.utils.config | _watch_loop | ♻️ FilterConfig changed — reloading...
2026-04-06 14:27:39 | ERROR | biosignals.src.utils.config | _load_config | ❌ FilterConfig JSON syntax error: Expecting property name enclosed in double quotes: line 4 column 1 (char 30)
2026-04-06 14:27:39 | ERROR | biosignals.src.utils.config | _load_config |    File: C:\bci\Neurokey\config\filter_config.json
2026-04-06 14:27:39 | INFO | biosignals.src.utils.config | _watch_loop | ♻️ SensorConfig changed — reloading...
2026-04-06 14:27:39 | ERROR | biosignals.src.utils.config | _load_config | ❌ SensorConfig JSON syntax error: Expecting property name enclosed in double quotes: line 22 column 1 (char 379)
2026-04-06 14:27:39 | ERROR | biosignals.src.utils.config | _load_config |    File: C:\bci\Neurokey\config\sensor_config.json
2026-04-06 14:27:39 | INFO | biosignals.utils.config | _watch_loop | ♻️ SensorConfig changed — reloading...
2026-04-06 14:27:39 | ERROR | biosignals.utils.config | _load_config | ❌ SensorConfig JSON syntax error: Expecting property name enclosed in double quotes: line 22 column 1 (char 379)
2026-04-06 14:27:39 | ERROR | biosignals.utils.config | _load_config |    File: C:\bci\Neurokey\config\sensor_config.json
2026-04-06 14:27:39 | ERROR | biosignals.src.utils.config | _load_config | ❌ SensorConfig JSON syntax error: Expecting property name enclosed in double quotes: line 22 column 1 (char 379)
2026-04-06 14:27:39 | ERROR | biosignals.src.utils.config | _load_config |    File: C:\bci\Neurokey\config\sensor_config.json
2026-04-06 14:27:39 | INFO | biosignals.src.utils.config | _watch_loop | ♻️ SensorConfig changed — reloading...
2026-04-06 14:27:39 | ERROR | biosignals.src.utils.config | _load_config | ❌ SensorConfig JSON syntax error: Expecting property name enclosed in double quotes: line 22 column 1 (char 379)
2026-04-06 14:27:39 | ERROR | biosignals.src.utils.config | _load_config |    File: C:\bci\Neurokey\config\sensor_config.json
2026-04-06 14:27:39 | INFO | biosignals.src.utils.config | _watch_loop | ♻️ SensorConfig changed — reloading...
2026-04-06 14:27:39 | ERROR | biosignals.src.utils.config | _load_config | ❌ SensorConfig JSON syntax error: Expecting property name enclosed in double quotes: line 22 column 1 (char 379)
2026-04-06 14:27:39 | ERROR | biosignals.src.utils.config | _load_config |    File: C:\bci\Neurokey\config\sensor_config.json
2026-04-06 14:27:39 | INFO | biosignals.src.utils.config | _watch_loop | ♻️ FilterConfig changed — reloading...
2026-04-06 14:27:39 | ERROR | biosignals.src.utils.config | _load_config | ❌ FilterConfig JSON syntax error: Expecting property name enclosed in double quotes: line 4 column 1 (char 30)
2026-04-06 14:27:39 | ERROR | biosignals.src.utils.config | _load_config |    File: C:\bci\Neurokey\config\filter_config.json
2026-04-06 14:27:39 | INFO | biosignals.src.utils.config | _watch_loop | ♻️ FilterConfig changed — reloading...
2026-04-06 14:27:39 | ERROR | biosignals.src.utils.config | _load_config | ❌ FilterConfig JSON syntax error: Expecting property name enclosed in double quotes: line 4 column 1 (char 30)
2026-04-06 14:27:39 | ERROR | biosignals.src.utils.config | _load_config |    File: C:\bci\Neurokey\config\filter_config.json
2026-04-06 14:27:39 | INFO | biosignals.src.utils.config | _watch_loop | ♻️ FilterConfig changed — reloading...
2026-04-06 14:27:39 | ERROR | biosignals.src.utils.config | _load_config | ❌ FilterConfig JSON syntax error: Expecting property name enclosed in double quotes: line 4 column 1 (char 30)
2026-04-06 14:27:39 | INFO | biosignals.utils.config | _watch_loop | ♻️ FilterConfig changed — reloading...
2026-04-06 14:27:39 | ERROR | biosignals.src.utils.config | _load_config |    File: C:\bci\Neurokey\config\filter_config.json
2026-04-06 14:27:39 | ERROR | biosignals.utils.config | _load_config | ❌ FilterConfig JSON syntax error: Expecting property name enclosed in double quotes: line 4 column 1 (char 30)
2026-04-06 14:27:39 | ERROR | biosignals.utils.config | _load_config |    File: C:\bci\Neurokey\config\filter_config.json
2026-04-06 14:27:39 | INFO | biosignals.src.utils.config | _watch_loop | ♻️ SensorConfig changed — reloading...
2026-04-06 14:27:39 | ERROR | biosignals.src.utils.config | _load_config | ❌ SensorConfig JSON syntax error: Expecting property name enclosed in double quotes: line 22 column 1 (char 379)
2026-04-06 14:27:39 | ERROR | biosignals.src.utils.config | _load_config |    File: C:\bci\Neurokey\config\sensor_config.json
2026-04-06 14:27:39 | INFO | biosignals.utils.config | _watch_loop | ♻️ SensorConfig changed — reloading...
2026-04-06 14:27:39 | ERROR | biosignals.utils.config | _load_config | ❌ SensorConfig JSON syntax error: Expecting property name enclosed in double quotes: line 22 column 1 (char 379)
2026-04-06 14:27:39 | ERROR | biosignals.utils.config | _load_config |    File: C:\bci\Neurokey\config\sensor_config.json
2026-04-06 14:27:39 | INFO | biosignals.src.utils.config | _watch_loop | ♻️ SensorConfig changed — reloading...
2026-04-06 14:27:39 | ERROR | biosignals.src.utils.config | _load_config | ❌ SensorConfig JSON syntax error: Expecting property name enclosed in double quotes: line 22 column 1 (char 379)
2026-04-06 14:27:39 | ERROR | biosignals.src.utils.config | _load_config |    File: C:\bci\Neurokey\config\sensor_config.json
2026-04-06 14:27:39 | INFO | biosignals.utils.config | _watch_loop | ♻️ FilterConfig changed — reloading...
2026-04-06 14:27:39 | INFO | biosignals.utils.config | _watch_loop | ♻️ FilterConfig changed — reloading...
2026-04-06 14:27:39 | ERROR | biosignals.utils.config | _load_config | ❌ FilterConfig JSON syntax error: Expecting property name enclosed in double quotes: line 4 column 1 (char 30)
2026-04-06 14:27:39 | ERROR | biosignals.utils.config | _load_config |    File: C:\bci\Neurokey\config\filter_config.json
2026-04-06 14:27:39 | ERROR | biosignals.utils.config | _load_config |    File: C:\bci\Neurokey\config\filter_config.json
2026-04-06 14:27:39 | INFO | biosignals.utils.config | _watch_loop | ♻️ SensorConfig changed — reloading...
2026-04-06 14:27:39 | ERROR | biosignals.utils.config | _load_config | ❌ SensorConfig JSON syntax error: Expecting property name enclosed in double quotes: line 22 column 1 (char 379)
2026-04-06 14:27:39 | ERROR | biosignals.utils.config | _load_config |    File: C:\bci\Neurokey\config\sensor_config.json
2026-04-06 14:27:39 | INFO | biosignals.src.utils.config | _watch_loop | ♻️ FilterConfig changed — reloading...
2026-04-06 14:27:40 | ERROR | biosignals.src.utils.config | _load_config | ❌ FilterConfig JSON syntax error: Expecting property name enclosed in double quotes: line 4 column 1 (char 30)
2026-04-06 14:27:40 | ERROR | biosignals.src.utils.config | _load_config |    File: C:\bci\Neurokey\config\filter_config.json
2026-04-06 14:27:40 | INFO | biosignals.src.utils.config | _watch_loop | ♻️ FilterConfig changed — reloading...
2026-04-06 14:27:40 | ERROR | biosignals.src.utils.config | _load_config | ❌ FilterConfig JSON syntax error: Expecting property name enclosed in double quotes: line 4 column 1 (char 30)
2026-04-06 14:27:40 | ERROR | biosignals.src.utils.config | _load_config |    File: C:\bci\Neurokey\config\filter_config.json
2026-04-06 14:27:40 | INFO | biosignals.src.utils.config | _watch_loop | ♻️ FilterConfig changed — reloading...
2026-04-06 14:27:40 | ERROR | biosignals.src.utils.config | _load_config | ❌ FilterConfig JSON syntax error: Expecting property name enclosed in double quotes: line 4 column 1 (char 30)
2026-04-06 14:27:40 | ERROR | biosignals.src.utils.config | _load_config |    File: C:\bci\Neurokey\config\filter_config.json
2026-04-06 14:27:40 | INFO | biosignals.src.utils.config | _watch_loop | ♻️ SensorConfig changed — reloading...
2026-04-06 14:27:40 | ERROR | biosignals.src.utils.config | _load_config | ❌ SensorConfig JSON syntax error: Expecting property name enclosed in double quotes: line 22 column 1 (char 379)
2026-04-06 14:27:40 | ERROR | biosignals.src.utils.config | _load_config |    File: C:\bci\Neurokey\config\sensor_config.json
2026-04-06 14:27:40 | INFO | biosignals.utils.config | _watch_loop | ♻️ SensorConfig changed — reloading...
2026-04-06 14:27:40 | INFO | biosignals.src.utils.config | _watch_loop | ♻️ SensorConfig changed — reloading...
2026-04-06 14:27:40 | ERROR | biosignals.utils.config | _load_config | ❌ SensorConfig JSON syntax error: Expecting property name enclosed in double quotes: line 22 column 1 (char 379)
2026-04-06 14:27:40 | ERROR | biosignals.utils.config | _load_config |    File: C:\bci\Neurokey\config\sensor_config.json
operty name enclosed in double quotes: line 22 column 1 (char 379)
2026-04-06 14:27:40 | ERROR | biosignals.src.utils.config | _load_config |    File: C:\bci\Neurokey\config\sensor_config.json
2026-04-06 14:27:40 | INFO | biosignals.src.utils.config | _watch_loop | ♻️ SensorConfig changed — reloading...
2026-04-06 14:27:40 | ERROR | biosignals.src.utils.config | _load_config | ❌ SensorConfig JSON syntax error: Expecting property name enclosed in double quotes: line 22 column 1 (char 379)
2026-04-06 14:27:40 | ERROR | biosignals.src.utils.config | _load_config |    File: C:\bci\Neurokey\config\sensor_config.json
2026-04-06 14:27:40 | INFO | biosignals.src.utils.config | _watch_loop | ♻️ SensorConfig changed — reloading...
2026-04-06 14:27:40 | ERROR | biosignals.src.utils.config | _load_config | ❌ SensorConfig JSON syntax error: Expecting property name enclosed in double quotes: line 22 column 1 (char 379)
2026-04-06 14:27:40 | ERROR | biosignals.src.utils.config | _load_config |    File: C:\bci\Neurokey\config\sensor_config.json
2026-04-06 14:27:40 | INFO | biosignals.src.utils.config | _watch_loop | ♻️ FilterConfig changed — reloading...
2026-04-06 14:27:40 | ERROR | biosignals.src.utils.config | _load_config | ❌ FilterConfig JSON syntax error: Expecting property name enclosed in double quotes: line 4 column 1 (char 30)
2026-04-06 14:27:40 | ERROR | biosignals.src.utils.config | _load_config |    File: C:\bci\Neurokey\config\filter_config.json
2026-04-06 14:27:40 | INFO | biosignals.src.utils.config | _watch_loop | ♻️ FilterConfig changed — reloading...
2026-04-06 14:27:40 | ERROR | biosignals.src.utils.config | _load_config | ❌ FilterConfig JSON syntax error: Expecting property name enclosed in double quotes: line 4 column 1 (char 30)
2026-04-06 14:27:40 | ERROR | biosignals.src.utils.config | _load_config |    File: C:\bci\Neurokey\config\filter_config.json
2026-04-06 14:27:40 | ERROR | biosignals.__main__ | load_config | [Router] Failed to load sensor config (C:\bci\Neurokey\config\sensor_config.json): Expecting property name enclosed in double quotes: line 22 column 1 (char 379) — using defaults
2026-04-06 14:27:40 | ERROR | biosignals.__main__ | load_config | [Router] Failed to load filter config (C:\bci\Neurokey\config\filter_config.json): Expecting property name enclosed in double quotes: line 4 column 1 (char 30) — using defaults
2026-04-06 14:27:40 | INFO | biosignals.src.utils.config | _watch_loop | ♻️ FilterConfig changed — reloading...
2026-04-06 14:27:40 | ERROR | biosignals.src.utils.config | _load_config | ❌ FilterConfig JSON syntax error: Expecting property name enclosed in double quotes: line 4 column 1 (char 30)
2026-04-06 14:27:40 | ERROR | biosignals.src.utils.config | _load_config |    File: C:\bci\Neurokey\config\filter_config.json
2026-04-06 14:27:40 | INFO | biosignals.utils.config | _watch_loop | ♻️ FilterConfig changed — reloading...
2026-04-06 14:27:40 | ERROR | biosignals.utils.config | _load_config | ❌ FilterConfig JSON syntax error: Expecting property name enclosed in double quotes: line 4 column 1 (char 30)
2026-04-06 14:27:40 | ERROR | biosignals.utils.config | _load_config |    File: C:\bci\Neurokey\config\filter_config.json
2026-04-06 14:27:40 | INFO | biosignals.src.utils.config | _watch_loop | ♻️ SensorConfig changed — reloading...
2026-04-06 14:27:40 | ERROR | biosignals.src.utils.config | _load_config | ❌ SensorConfig JSON syntax error: Expecting property name enclosed in double quotes: line 22 column 1 (char 379)
2026-04-06 14:27:40 | ERROR | biosignals.src.utils.config | _load_config |    File: C:\bci\Neurokey\config\sensor_config.json
2026-04-06 14:27:40 | INFO | biosignals.utils.config | _watch_loop | ♻️ SensorConfig changed — reloading...
2026-04-06 14:27:40 | INFO | biosignals.src.utils.config | _watch_loop | ♻️ SensorConfig changed — reloading...
2026-04-06 14:27:40 | ERROR | biosignals.utils.config | _load_config | ❌ SensorConfig JSON syntax error: Expecting property name enclosed in double quotes: line 22 column 1 (char 379)
2026-04-06 14:27:40 | ERROR | biosignals.src.utils.config | _load_config | ❌ SensorConfig JSON syntax error: Expecting property name enclosed in double quotes: line 22 column 1 (char 379)
2026-04-06 14:27:40 | ERROR | biosignals.utils.config | _load_config |    File: C:\bci\Neurokey\config\sensor_config.json
2026-04-06 14:27:40 | ERROR | biosignals.src.utils.config | _load_config |    File: C:\bci\Neurokey\config\sensor_config.json
2026-04-06 14:27:40 | INFO | biosignals.utils.config | _watch_loop | ♻️ FilterConfig changed — reloading...
2026-04-06 14:27:40 | INFO | biosignals.utils.config | _watch_loop | ♻️ FilterConfig changed — reloading...
2026-04-06 14:27:40 | ERROR | biosignals.utils.config | _load_config | ❌ FilterConfig JSON syntax error: Expecting property name enclosed in double quotes: line 4 column 1 (char 30)
2026-04-06 14:27:40 | ERROR | biosignals.utils.config | _load_config |    File: C:\bci\Neurokey\config\filter_config.json
ty name enclosed in double quotes: line 4 column 1 (char 30)
2026-04-06 14:27:40 | ERROR | biosignals.utils.config | _load_config |    File: C:\bci\Neurokey\config\filter_config.json
2026-04-06 14:27:40 | INFO | biosignals.utils.config | _watch_loop | ♻️ SensorConfig changed — reloading...
2026-04-06 14:27:40 | ERROR | biosignals.utils.config | _load_config | ❌ SensorConfig JSON syntax error: Expecting property name enclosed in double quotes: line 22 column 1 (char 379)
2026-04-06 14:27:40 | ERROR | biosignals.utils.config | _load_config |    File: C:\bci\Neurokey\config\sensor_config.json
2026-04-06 14:27:41 | INFO | biosignals.src.utils.config | _watch_loop | ♻️ FilterConfig changed — reloading...
2026-04-06 14:27:41 | ERROR | biosignals.src.utils.config | _load_config | ❌ FilterConfig JSON syntax error: Expecting property name enclosed in double quotes: line 4 column 1 (char 30)
2026-04-06 14:27:41 | ERROR | biosignals.src.utils.config | _load_config |    File: C:\bci\Neurokey\config\filter_config.json
2026-04-06 14:27:41 | INFO | biosignals.src.utils.config | _watch_loop | ♻️ FilterConfig changed — reloading...
2026-04-06 14:27:41 | ERROR | biosignals.src.utils.config | _load_config | ❌ FilterConfig JSON syntax error: Expecting property name enclosed in double quotes: line 4 column 1 (char 30)
2026-04-06 14:27:41 | ERROR | biosignals.src.utils.config | _load_config |    File: C:\bci\Neurokey\config\filter_config.json
2026-04-06 14:27:41 | INFO | biosignals.src.utils.config | _watch_loop | ♻️ FilterConfig changed — reloading...
2026-04-06 14:27:41 | ERROR | biosignals.src.utils.config | _load_config | ❌ FilterConfig JSON syntax error: Expecting property name enclosed in double quotes: line 4 column 1 (char 30)
2026-04-06 14:27:41 | ERROR | biosignals.src.utils.config | _load_config |    File: C:\bci\Neurokey\config\filter_config.json
2026-04-06 14:27:41 | INFO | biosignals.src.utils.config | _watch_loop | ♻️ SensorConfig changed — reloading...
2026-04-06 14:27:41 | ERROR | biosignals.src.utils.config | _load_config | ❌ SensorConfig JSON syntax error: Expecting property name enclosed in double quotes: line 22 column 1 (char 379)
2026-04-06 14:27:41 | ERROR | biosignals.src.utils.config | _load_config |    File: C:\bci\Neurokey\config\sensor_config.json
2026-04-06 14:27:41 | INFO | biosignals.utils.config | _watch_loop | ♻️ SensorConfig changed — reloading...
2026-04-06 14:27:41 | ERROR | biosignals.utils.config | _load_config | ❌ SensorConfig JSON syntax error: Expecting property name enclosed in double quotes: line 22 column 1 (char 379)
2026-04-06 14:27:41 | INFO | biosignals.src.utils.config | _watch_loop | ♻️ SensorConfig changed — reloading...
2026-04-06 14:27:41 | ERROR | biosignals.utils.config | _load_config |    File: C:\bci\Neurokey\config\sensor_config.json
2026-04-06 14:27:41 | ERROR | biosignals.src.utils.config | _load_config | ❌ SensorConfig JSON syntax error: Expecting property name enclosed in double quotes: line 22 column 1 (char 379)
2026-04-06 14:27:41 | ERROR | biosignals.src.utils.config | _load_config |    File: C:\bci\Neurokey\config\sensor_config.json
2026-04-06 14:27:41 | INFO | biosignals.src.utils.config | _watch_loop | ♻️ SensorConfig changed — reloading...
2026-04-06 14:27:41 | ERROR | biosignals.src.utils.config | _load_config | ❌ SensorConfig JSON syntax error: Expecting property name enclosed in double quotes: line 22 column 1 (char 379)
2026-04-06 14:27:41 | ERROR | biosignals.src.utils.config | _load_config |    File: C:\bci\Neurokey\config\sensor_config.json
2026-04-06 14:27:41 | INFO | biosignals.src.utils.config | _watch_loop | ♻️ SensorConfig changed — reloading...
2026-04-06 14:27:41 | ERROR | biosignals.src.utils.config | _load_config | ❌ SensorConfig JSON syntax error: Expecting property name enclosed in double quotes: line 22 column 1 (char 379)
2026-04-06 14:27:41 | ERROR | biosignals.src.utils.config | _load_config |    File: C:\bci\Neurokey\config\sensor_config.json
2026-04-06 14:27:41 | INFO | biosignals.src.utils.config | _watch_loop | ♻️ FilterConfig changed — reloading...
2026-04-06 14:27:41 | ERROR | biosignals.src.utils.config | _load_config | ❌ FilterConfig JSON syntax error: Expecting property name enclosed in double quotes: line 4 column 1 (char 30)
2026-04-06 14:27:41 | ERROR | biosignals.src.utils.config | _load_config |    File: C:\bci\Neurokey\config\filter_config.json
2026-04-06 14:27:41 | INFO | biosignals.src.utils.config | _watch_loop | ♻️ FilterConfig changed — reloading...
2026-04-06 14:27:41 | ERROR | biosignals.src.utils.config | _load_config | ❌ FilterConfig JSON syntax error: Expecting property name enclosed in double quotes: line 4 column 1 (char 30)
2026-04-06 14:27:41 | ERROR | biosignals.src.utils.config | _load_config |    File: C:\bci\Neurokey\config\filter_config.json
2026-04-06 14:27:41 | INFO | biosignals.src.utils.config | _watch_loop | ♻️ FilterConfig changed — reloading...
2026-04-06 14:27:41 | ERROR | biosignals.src.utils.config | _load_config | ❌ FilterConfig JSON syntax error: Expecting property name enclosed in double quotes: line 4 column 1 (char 30)
2026-04-06 14:27:41 | ERROR | biosignals.src.utils.config | _load_config |    File: C:\bci\Neurokey\config\filter_config.json
2026-04-06 14:27:41 | INFO | biosignals.utils.config | _watch_loop | ♻️ FilterConfig changed — reloading...
2026-04-06 14:27:41 | ERROR | biosignals.utils.config | _load_config | ❌ FilterConfig JSON syntax error: Expecting property name enclosed in double quotes: line 4 column 1 (char 30)
2026-04-06 14:27:41 | ERROR | biosignals.utils.config | _load_config |    File: C:\bci\Neurokey\config\filter_config.json
2026-04-06 14:27:41 | INFO | biosignals.src.utils.config | _watch_loop | ♻️ SensorConfig changed — reloading...
2026-04-06 14:27:41 | ERROR | biosignals.src.utils.config | _load_config | ❌ SensorConfig JSON syntax error: Expecting property name enclosed in double quotes: line 22 column 1 (char 379)
2026-04-06 14:27:41 | ERROR | biosignals.src.utils.config | _load_config |    File: C:\bci\Neurokey\config\sensor_config.json
2026-04-06 14:27:41 | INFO | biosignals.src.utils.config | _watch_loop | ♻️ SensorConfig changed — reloading...
2026-04-06 14:27:41 | INFO | biosignals.utils.config | _watch_loop | ♻️ SensorConfig changed — reloading...
2026-04-06 14:27:41 | ERROR | biosignals.src.utils.config | _load_config | ❌ SensorConfig JSON syntax error: Expecting property name enclosed in double quotes: line 22 column 1 (char 379)
2026-04-06 14:27:41 | ERROR | biosignals.src.utils.config | _load_config |    File: C:\bci\Neurokey\config\sensor_config.json
2026-04-06 14:27:41 | ERROR | biosignals.utils.config | _load_config |    File: C:\bci\Neurokey\config\sensor_config.json
2026-04-06 14:27:41 | INFO | biosignals.utils.config | _watch_loop | ♻️ FilterConfig changed — reloading...
2026-04-06 14:27:41 | INFO | biosignals.utils.config | _watch_loop | ♻️ FilterConfig changed — reloading...
2026-04-06 14:27:41 | ERROR | biosignals.utils.config | _load_config | ❌ FilterConfig JSON syntax error: Expecting property name enclosed in double quotes: line 4 column 1 (char 30)
2026-04-06 14:27:41 | ERROR | biosignals.utils.config | _load_config |    File: C:\bci\Neurokey\config\filter_config.json
ty name enclosed in double quotes: line 4 column 1 (char 30)
2026-04-06 14:27:41 | ERROR | biosignals.utils.config | _load_config |    File: C:\bci\Neurokey\config\filter_config.json
2026-04-06 14:27:41 | INFO | biosignals.utils.config | _watch_loop | ♻️ SensorConfig changed — reloading...
2026-04-06 14:27:41 | ERROR | biosignals.utils.config | _load_config | ❌ SensorConfig JSON syntax error: Expecting property name enclosed in double quotes: line 22 column 1 (char 379)
2026-04-06 14:27:41 | ERROR | biosignals.utils.config | _load_config |    File: C:\bci\Neurokey\config\sensor_config.json
2026-04-06 14:27:42 | INFO | biosignals.src.utils.config | _watch_loop | ♻️ FilterConfig changed — reloading...
2026-04-06 14:27:42 | ERROR | biosignals.src.utils.config | _load_config | ❌ FilterConfig JSON syntax error: Expecting property name enclosed in double quotes: line 4 column 1 (char 30)
2026-04-06 14:27:42 | ERROR | biosignals.src.utils.config | _load_config |    File: C:\bci\Neurokey\config\filter_config.json
2026-04-06 14:27:42 | INFO | biosignals.src.utils.config | _watch_loop | ♻️ FilterConfig changed — reloading...
2026-04-06 14:27:42 | ERROR | biosignals.src.utils.config | _load_config | ❌ FilterConfig JSON syntax error: Expecting property name enclosed in double quotes: line 4 column 1 (char 30)
2026-04-06 14:27:42 | ERROR | biosignals.src.utils.config | _load_config |    File: C:\bci\Neurokey\config\filter_config.json
2026-04-06 14:27:42 | INFO | biosignals.src.utils.config | _watch_loop | ♻️ FilterConfig changed — reloading...
2026-04-06 14:27:42 | ERROR | biosignals.src.utils.config | _load_config | ❌ FilterConfig JSON syntax error: Expecting property name enclosed in double quotes: line 4 column 1 (char 30)
2026-04-06 14:27:42 | ERROR | biosignals.src.utils.config | _load_config |    File: C:\bci\Neurokey\config\filter_config.json
2026-04-06 14:27:42 | INFO | biosignals.src.utils.config | _watch_loop | ♻️ SensorConfig changed — reloading...
2026-04-06 14:27:42 | ERROR | biosignals.src.utils.config | _load_config | ❌ SensorConfig JSON syntax error: Expecting property name enclosed in double quotes: line 22 column 1 (char 379)
2026-04-06 14:27:42 | ERROR | biosignals.src.utils.config | _load_config |    File: C:\bci\Neurokey\config\sensor_config.json
2026-04-06 14:27:42 | INFO | biosignals.utils.config | _watch_loop | ♻️ SensorConfig changed — reloading...
2026-04-06 14:27:42 | INFO | biosignals.src.utils.config | _watch_loop | ♻️ SensorConfig changed — reloading...
2026-04-06 14:27:42 | ERROR | biosignals.utils.config | _load_config | ❌ SensorConfig JSON syntax error: Expecting property name enclosed in double quotes: line 22 column 1 (char 379)
2026-04-06 14:27:42 | ERROR | biosignals.src.utils.config | _load_config | ❌ SensorConfig JSON syntax error: Expecting property name enclosed in double quotes: line 22 column 1 (char 379)
2026-04-06 14:27:42 | ERROR | biosignals.utils.config | _load_config |    File: C:\bci\Neurokey\config\sensor_config.json
2026-04-06 14:27:42 | ERROR | biosignals.src.utils.config | _load_config |    File: C:\bci\Neurokey\config\sensor_config.json
2026-04-06 14:27:42 | INFO | biosignals.src.utils.config | _watch_loop | ♻️ SensorConfig changed — reloading...
2026-04-06 14:27:42 | ERROR | biosignals.src.utils.config | _load_config | ❌ SensorConfig JSON syntax error: Expecting property name enclosed in double quotes: line 22 column 1 (char 379)
2026-04-06 14:27:42 | ERROR | biosignals.src.utils.config | _load_config |    File: C:\bci\Neurokey\config\sensor_config.json
2026-04-06 14:27:42 | INFO | biosignals.src.utils.config | _watch_loop | ♻️ SensorConfig changed — reloading...
2026-04-06 14:27:42 | ERROR | biosignals.src.utils.config | _load_config | ❌ SensorConfig JSON syntax error: Expecting property name enclosed in double quotes: line 22 column 1 (char 379)
2026-04-06 14:27:42 | ERROR | biosignals.src.utils.config | _load_config |    File: C:\bci\Neurokey\config\sensor_config.json
2026-04-06 14:27:42 | INFO | biosignals.src.utils.config | _watch_loop | ♻️ FilterConfig changed — reloading...
2026-04-06 14:27:42 | ERROR | biosignals.src.utils.config | _load_config | ❌ FilterConfig JSON syntax error: Expecting property name enclosed in double quotes: line 4 column 1 (char 30)
2026-04-06 14:27:42 | ERROR | biosignals.src.utils.config | _load_config |    File: C:\bci\Neurokey\config\filter_config.json
2026-04-06 14:27:42 | ERROR | biosignals.__main__ | load_config | [Router] Failed to load sensor config (C:\bci\Neurokey\config\sensor_config.json): Expecting property name enclosed in double quotes: line 22 column 1 (char 379) — using defaults
2026-04-06 14:27:42 | ERROR | biosignals.__main__ | load_config | [Router] Failed to load filter config (C:\bci\Neurokey\config\filter_config.json): Expecting property name enclosed in double quotes: line 4 column 1 (char 30) — using defaults
2026-04-06 14:27:42 | INFO | biosignals.src.utils.config | _watch_loop | ♻️ FilterConfig changed — reloading...
2026-04-06 14:27:42 | ERROR | biosignals.src.utils.config | _load_config | ❌ FilterConfig JSON syntax error: Expecting property name enclosed in double quotes: line 4 column 1 (char 30)
2026-04-06 14:27:42 | ERROR | biosignals.src.utils.config | _load_config |    File: C:\bci\Neurokey\config\filter_config.json
2026-04-06 14:27:42 | INFO | biosignals.src.utils.config | _watch_loop | ♻️ FilterConfig changed — reloading...
2026-04-06 14:27:42 | ERROR | biosignals.src.utils.config | _load_config | ❌ FilterConfig JSON syntax error: Expecting property name enclosed in double quotes: line 4 column 1 (char 30)
2026-04-06 14:27:42 | ERROR | biosignals.src.utils.config | _load_config |    File: C:\bci\Neurokey\config\filter_config.json
2026-04-06 14:27:42 | INFO | biosignals.utils.config | _watch_loop | ♻️ FilterConfig changed — reloading...
2026-04-06 14:27:42 | ERROR | biosignals.utils.config | _load_config | ❌ FilterConfig JSON syntax error: Expecting property name enclosed in double quotes: line 4 column 1 (char 30)
2026-04-06 14:27:42 | ERROR | biosignals.utils.config | _load_config |    File: C:\bci\Neurokey\config\filter_config.json
2026-04-06 14:27:42 | INFO | biosignals.src.utils.config | _watch_loop | ♻️ SensorConfig changed — reloading...
2026-04-06 14:27:42 | ERROR | biosignals.src.utils.config | _load_config | ❌ SensorConfig JSON syntax error: Expecting property name enclosed in double quotes: line 22 column 1 (char 379)
2026-04-06 14:27:42 | ERROR | biosignals.src.utils.config | _load_config |    File: C:\bci\Neurokey\config\sensor_config.json
2026-04-06 14:27:42 | INFO | biosignals.src.utils.config | _watch_loop | ♻️ SensorConfig changed — reloading...
2026-04-06 14:27:42 | ERROR | biosignals.src.utils.config | _load_config | ❌ SensorConfig JSON syntax error: Expecting property name enclosed in double quotes: line 22 column 1 (char 379)
2026-04-06 14:27:42 | INFO | biosignals.utils.config | _watch_loop | ♻️ SensorConfig changed — reloading...
2026-04-06 14:27:42 | ERROR | biosignals.src.utils.config | _load_config |    File: C:\bci\Neurokey\config\sensor_config.json
2026-04-06 14:27:42 | ERROR | biosignals.utils.config | _load_config | ❌ SensorConfig JSON syntax error: Expecting property name enclosed in double quotes: line 22 column 1 (char 379)
2026-04-06 14:27:42 | ERROR | biosignals.utils.config | _load_config |    File: C:\bci\Neurokey\config\sensor_config.json
2026-04-06 14:27:42 | INFO | biosignals.utils.config | _watch_loop | ♻️ FilterConfig changed — reloading...
2026-04-06 14:27:42 | INFO | biosignals.utils.config | _watch_loop | ♻️ FilterConfig changed — reloading...
2026-04-06 14:27:42 | ERROR | biosignals.utils.config | _load_config | ❌ FilterConfig JSON syntax error: Expecting property name enclosed in double quotes: line 4 column 1 (char 30)
2026-04-06 14:27:42 | ERROR | biosignals.utils.config | _load_config |    File: C:\bci\Neurokey\config\filter_config.json
ty name enclosed in double quotes: line 4 column 1 (char 30)
2026-04-06 14:27:42 | ERROR | biosignals.utils.config | _load_config |    File: C:\bci\Neurokey\config\filter_config.json
2026-04-06 14:27:42 | INFO | biosignals.utils.config | _watch_loop | ♻️ SensorConfig changed — reloading...
2026-04-06 14:27:42 | ERROR | biosignals.utils.config | _load_config | ❌ SensorConfig JSON syntax error: Expecting property name enclosed in double quotes: line 22 column 1 (char 379)
2026-04-06 14:27:42 | ERROR | biosignals.utils.config | _load_config |    File: C:\bci\Neurokey\config\sensor_config.json
2026-04-06 14:27:43 | INFO | biosignals.src.utils.config | _watch_loop | ♻️ FilterConfig changed — reloading...
2026-04-06 14:27:43 | ERROR | biosignals.src.utils.config | _load_config | ❌ FilterConfig JSON syntax error: Expecting property name enclosed in double quotes: line 4 column 1 (char 30)
2026-04-06 14:27:43 | ERROR | biosignals.src.utils.config | _load_config |    File: C:\bci\Neurokey\config\filter_config.json
2026-04-06 14:27:43 | INFO | biosignals.src.utils.config | _watch_loop | ♻️ FilterConfig changed — reloading...
2026-04-06 14:27:43 | ERROR | biosignals.src.utils.config | _load_config | ❌ FilterConfig JSON syntax error: Expecting property name enclosed in double quotes: line 4 column 1 (char 30)
2026-04-06 14:27:43 | ERROR | biosignals.src.utils.config | _load_config |    File: C:\bci\Neurokey\config\filter_config.json
2026-04-06 14:27:43 | INFO | biosignals.src.utils.config | _watch_loop | ♻️ FilterConfig changed — reloading...
2026-04-06 14:27:43 | ERROR | biosignals.src.utils.config | _load_config | ❌ FilterConfig JSON syntax error: Expecting property name enclosed in double quotes: line 4 column 1 (char 30)
2026-04-06 14:27:43 | ERROR | biosignals.src.utils.config | _load_config |    File: C:\bci\Neurokey\config\filter_config.json
2026-04-06 14:27:43 | INFO | biosignals.src.utils.config | _watch_loop | ♻️ SensorConfig changed — reloading...
2026-04-06 14:27:43 | ERROR | biosignals.src.utils.config | _load_config | ❌ SensorConfig JSON syntax error: Expecting property name enclosed in double quotes: line 22 column 1 (char 379)
2026-04-06 14:27:43 | ERROR | biosignals.src.utils.config | _load_config |    File: C:\bci\Neurokey\config\sensor_config.json
2026-04-06 14:27:43 | INFO | biosignals.utils.config | _watch_loop | ♻️ SensorConfig changed — reloading...
2026-04-06 14:27:43 | INFO | biosignals.src.utils.config | _watch_loop | ♻️ SensorConfig changed — reloading...
2026-04-06 14:27:43 | ERROR | biosignals.utils.config | _load_config | ❌ SensorConfig JSON syntax error: Expecting property name enclosed in double quotes: line 22 column 1 (char 379)
2026-04-06 14:27:43 | ERROR | biosignals.src.utils.config | _load_config | ❌ SensorConfig JSON syntax error: Expecting property name enclosed in double quotes: line 22 column 1 (char 379)
2026-04-06 14:27:43 | ERROR | biosignals.src.utils.config | _load_config |    File: C:\bci\Neurokey\config\sensor_config.json
2026-04-06 14:27:43 | ERROR | biosignals.utils.config | _load_config |    File: C:\bci\Neurokey\config\sensor_config.json
2026-04-06 14:27:43 | INFO | biosignals.src.utils.config | _watch_loop | ♻️ SensorConfig changed — reloading...
2026-04-06 14:27:43 | ERROR | biosignals.src.utils.config | _load_config | ❌ SensorConfig JSON syntax error: Expecting property name enclosed in double quotes: line 22 column 1 (char 379)
2026-04-06 14:27:43 | ERROR | biosignals.src.utils.config | _load_config |    File: C:\bci\Neurokey\config\sensor_config.json
2026-04-06 14:27:43 | INFO | biosignals.src.utils.config | _watch_loop | ♻️ SensorConfig changed — reloading...
2026-04-06 14:27:43 | ERROR | biosignals.src.utils.config | _load_config | ❌ SensorConfig JSON syntax error: Expecting property name enclosed in double quotes: line 22 column 1 (char 379)
2026-04-06 14:27:43 | ERROR | biosignals.src.utils.config | _load_config |    File: C:\bci\Neurokey\config\sensor_config.json
2026-04-06 14:27:43 | INFO | biosignals.src.utils.config | _watch_loop | ♻️ FilterConfig changed — reloading...
2026-04-06 14:27:43 | ERROR | biosignals.src.utils.config | _load_config | ❌ FilterConfig JSON syntax error: Expecting property name enclosed in double quotes: line 4 column 1 (char 30)
2026-04-06 14:27:43 | ERROR | biosignals.src.utils.config | _load_config |    File: C:\bci\Neurokey\config\filter_config.json
2026-04-06 14:27:43 | INFO | biosignals.src.utils.config | _watch_loop | ♻️ FilterConfig changed — reloading...
2026-04-06 14:27:43 | ERROR | biosignals.src.utils.config | _load_config | ❌ FilterConfig JSON syntax error: Expecting property name enclosed in double quotes: line 4 column 1 (char 30)
2026-04-06 14:27:43 | ERROR | biosignals.src.utils.config | _load_config |    File: C:\bci\Neurokey\config\filter_config.json
2026-04-06 14:27:43 | INFO | biosignals.src.utils.config | _watch_loop | ♻️ FilterConfig changed — reloading...
2026-04-06 14:27:43 | ERROR | biosignals.src.utils.config | _load_config | ❌ FilterConfig JSON syntax error: Expecting property name enclosed in double quotes: line 4 column 1 (char 30)
2026-04-06 14:27:43 | ERROR | biosignals.src.utils.config | _load_config |    File: C:\bci\Neurokey\config\filter_config.json
2026-04-06 14:27:43 | INFO | biosignals.utils.config | _watch_loop | ♻️ FilterConfig changed — reloading...
2026-04-06 14:27:43 | ERROR | biosignals.utils.config | _load_config | ❌ FilterConfig JSON syntax error: Expecting property name enclosed in double quotes: line 4 column 1 (char 30)
2026-04-06 14:27:43 | ERROR | biosignals.utils.config | _load_config |    File: C:\bci\Neurokey\config\filter_config.json
2026-04-06 14:27:43 | INFO | biosignals.src.utils.config | _watch_loop | ♻️ SensorConfig changed — reloading...
2026-04-06 14:27:43 | ERROR | biosignals.src.utils.config | _load_config | ❌ SensorConfig JSON syntax error: Expecting property name enclosed in double quotes: line 22 column 1 (char 379)
2026-04-06 14:27:43 | ERROR | biosignals.src.utils.config | _load_config |    File: C:\bci\Neurokey\config\sensor_config.json
2026-04-06 14:27:43 | INFO | biosignals.src.utils.config | _watch_loop | ♻️ SensorConfig changed — reloading...
2026-04-06 14:27:43 | ERROR | biosignals.src.utils.config | _load_config | ❌ SensorConfig JSON syntax error: Expecting property name enclosed in double quotes: line 22 column 1 (char 379)
2026-04-06 14:27:43 | INFO | biosignals.utils.config | _watch_loop | ♻️ SensorConfig changed — reloading...
2026-04-06 14:27:43 | ERROR | biosignals.src.utils.config | _load_config |    File: C:\bci\Neurokey\config\sensor_config.json
2026-04-06 14:27:43 | ERROR | biosignals.utils.config | _load_config | ❌ SensorConfig JSON syntax error: Expecting property name enclosed in double quotes: line 22 column 1 (char 379)
2026-04-06 14:27:43 | ERROR | biosignals.utils.config | _load_config |    File: C:\bci\Neurokey\config\sensor_config.json
2026-04-06 14:27:43 | INFO | biosignals.utils.config | _watch_loop | ♻️ FilterConfig changed — reloading...
2026-04-06 14:27:43 | ERROR | biosignals.utils.config | _load_config | ❌ FilterConfig JSON syntax error: Expecting property name enclosed in double quotes: line 4 column 1 (char 30)
2026-04-06 14:27:43 | INFO | biosignals.utils.config | _watch_loop | ♻️ FilterConfig changed — reloading...
2026-04-06 14:27:43 | ERROR | biosignals.utils.config | _load_config |    File: C:\bci\Neurokey\config\filter_config.json
2026-04-06 14:27:43 | ERROR | biosignals.utils.config | _load_config | ❌ FilterConfig JSON syntax error: Expecting property name enclosed in double quotes: line 4 column 1 (char 30)
2026-04-06 14:27:43 | ERROR | biosignals.utils.config | _load_config |    File: C:\bci\Neurokey\config\filter_config.json
2026-04-06 14:27:43 | INFO | biosignals.utils.config | _watch_loop | ♻️ SensorConfig changed — reloading...
2026-04-06 14:27:43 | ERROR | biosignals.utils.config | _load_config | ❌ SensorConfig JSON syntax error: Expecting property name enclosed in double quotes: line 22 column 1 (char 379)
2026-04-06 14:27:43 | ERROR | biosignals.utils.config | _load_config |    File: C:\bci\Neurokey\config\sensor_config.json
2026-04-06 14:27:44 | INFO | biosignals.src.utils.config | _watch_loop | ♻️ FilterConfig changed — reloading...
2026-04-06 14:27:44 | ERROR | biosignals.src.utils.config | _load_config | ❌ FilterConfig JSON syntax error: Expecting property name enclosed in double quotes: line 4 column 1 (char 30)
2026-04-06 14:27:44 | ERROR | biosignals.src.utils.config | _load_config |    File: C:\bci\Neurokey\config\filter_config.json
2026-04-06 14:27:44 | INFO | biosignals.src.utils.config | _watch_loop | ♻️ FilterConfig changed — reloading...
2026-04-06 14:27:44 | ERROR | biosignals.src.utils.config | _load_config | ❌ FilterConfig JSON syntax error: Expecting property name enclosed in double quotes: line 4 column 1 (char 30)
2026-04-06 14:27:44 | ERROR | biosignals.src.utils.config | _load_config |    File: C:\bci\Neurokey\config\filter_config.json
2026-04-06 14:27:44 | INFO | biosignals.src.utils.config | _watch_loop | ♻️ FilterConfig changed — reloading...
2026-04-06 14:27:44 | ERROR | biosignals.src.utils.config | _load_config | ❌ FilterConfig JSON syntax error: Expecting property name enclosed in double quotes: line 4 column 1 (char 30)
2026-04-06 14:27:44 | ERROR | biosignals.src.utils.config | _load_config |    File: C:\bci\Neurokey\config\filter_config.json
2026-04-06 14:27:44 | INFO | biosignals.src.utils.config | _watch_loop | ♻️ SensorConfig changed — reloading...
2026-04-06 14:27:44 | ERROR | biosignals.src.utils.config | _load_config | ❌ SensorConfig JSON syntax error: Expecting property name enclosed in double quotes: line 22 column 1 (char 379)
2026-04-06 14:27:44 | ERROR | biosignals.src.utils.config | _load_config |    File: C:\bci\Neurokey\config\sensor_config.json
2026-04-06 14:27:44 | INFO | biosignals.src.utils.config | _watch_loop | ♻️ SensorConfig changed — reloading...
2026-04-06 14:27:44 | ERROR | biosignals.src.utils.config | _load_config | ❌ SensorConfig JSON syntax error: Expecting property name enclosed in double quotes: line 22 column 1 (char 379)
2026-04-06 14:27:44 | INFO | biosignals.utils.config | _watch_loop | ♻️ SensorConfig changed — reloading...
2026-04-06 14:27:44 | ERROR | biosignals.src.utils.config | _load_config |    File: C:\bci\Neurokey\config\sensor_config.json
2026-04-06 14:27:44 | ERROR | biosignals.utils.config | _load_config | ❌ SensorConfig JSON syntax error: Expecting property name enclosed in double quotes: line 22 column 1 (char 379)
2026-04-06 14:27:44 | ERROR | biosignals.utils.config | _load_config |    File: C:\bci\Neurokey\config\sensor_config.json
2026-04-06 14:27:44 | INFO | biosignals.src.utils.config | _watch_loop | ♻️ SensorConfig changed — reloading...
2026-04-06 14:27:44 | ERROR | biosignals.src.utils.config | _load_config | ❌ SensorConfig JSON syntax error: Expecting property name enclosed in double quotes: line 22 column 1 (char 379)
2026-04-06 14:27:44 | ERROR | biosignals.src.utils.config | _load_config |    File: C:\bci\Neurokey\config\sensor_config.json
2026-04-06 14:27:44 | INFO | biosignals.src.utils.config | _watch_loop | ♻️ SensorConfig changed — reloading...
2026-04-06 14:27:44 | ERROR | biosignals.src.utils.config | _load_config | ❌ SensorConfig JSON syntax error: Expecting property name enclosed in double quotes: line 22 column 1 (char 379)
2026-04-06 14:27:44 | ERROR | biosignals.src.utils.config | _load_config |    File: C:\bci\Neurokey\config\sensor_config.json
2026-04-06 14:27:44 | INFO | biosignals.src.utils.config | _watch_loop | ♻️ FilterConfig changed — reloading...
2026-04-06 14:27:44 | ERROR | biosignals.src.utils.config | _load_config | ❌ FilterConfig JSON syntax error: Expecting property name enclosed in double quotes: line 4 column 1 (char 30)
2026-04-06 14:27:44 | ERROR | biosignals.src.utils.config | _load_config |    File: C:\bci\Neurokey\config\filter_config.json
2026-04-06 14:27:44 | ERROR | biosignals.__main__ | load_config | [Router] Failed to load sensor config (C:\bci\Neurokey\config\sensor_config.json): Expecting property name enclosed in double quotes: line 22 column 1 (char 379) — using defaults
2026-04-06 14:27:44 | ERROR | biosignals.__main__ | load_config | [Router] Failed to load filter config (C:\bci\Neurokey\config\filter_config.json): Expecting property name enclosed in double quotes: line 4 column 1 (char 30) — using defaults
2026-04-06 14:27:44 | INFO | biosignals.src.utils.config | _watch_loop | ♻️ FilterConfig changed — reloading...
2026-04-06 14:27:44 | ERROR | biosignals.src.utils.config | _load_config | ❌ FilterConfig JSON syntax error: Expecting property name enclosed in double quotes: line 4 column 1 (char 30)
2026-04-06 14:27:44 | ERROR | biosignals.src.utils.config | _load_config |    File: C:\bci\Neurokey\config\filter_config.json
2026-04-06 14:27:44 | INFO | biosignals.src.utils.config | _watch_loop | ♻️ FilterConfig changed — reloading...
2026-04-06 14:27:44 | ERROR | biosignals.src.utils.config | _load_config | ❌ FilterConfig JSON syntax error: Expecting property name enclosed in double quotes: line 4 column 1 (char 30)
2026-04-06 14:27:44 | ERROR | biosignals.src.utils.config | _load_config |    File: C:\bci\Neurokey\config\filter_config.json
2026-04-06 14:27:44 | INFO | biosignals.utils.config | _watch_loop | ♻️ FilterConfig changed — reloading...
2026-04-06 14:27:44 | ERROR | biosignals.utils.config | _load_config | ❌ FilterConfig JSON syntax error: Expecting property name enclosed in double quotes: line 4 column 1 (char 30)
2026-04-06 14:27:44 | ERROR | biosignals.utils.config | _load_config |    File: C:\bci\Neurokey\config\filter_config.json
2026-04-06 14:27:44 | INFO | biosignals.src.utils.config | _watch_loop | ♻️ SensorConfig changed — reloading...
2026-04-06 14:27:44 | ERROR | biosignals.src.utils.config | _load_config | ❌ SensorConfig JSON syntax error: Expecting property name enclosed in double quotes: line 22 column 1 (char 379)
2026-04-06 14:27:44 | ERROR | biosignals.src.utils.config | _load_config |    File: C:\bci\Neurokey\config\sensor_config.json
2026-04-06 14:27:44 | INFO | biosignals.src.utils.config | _watch_loop | ♻️ SensorConfig changed — reloading...
2026-04-06 14:27:44 | ERROR | biosignals.src.utils.config | _load_config | ❌ SensorConfig JSON syntax error: Expecting property name enclosed in double quotes: line 22 column 1 (char 379)
2026-04-06 14:27:44 | ERROR | biosignals.src.utils.config | _load_config |    File: C:\bci\Neurokey\config\sensor_config.json
2026-04-06 14:27:44 | INFO | biosignals.utils.config | _watch_loop | ♻️ SensorConfig changed — reloading...
2026-04-06 14:27:44 | ERROR | biosignals.utils.config | _load_config | ❌ SensorConfig JSON syntax error: Expecting property name enclosed in double quotes: line 22 column 1 (char 379)
2026-04-06 14:27:44 | ERROR | biosignals.utils.config | _load_config |    File: C:\bci\Neurokey\config\sensor_config.json
2026-04-06 14:27:44 | INFO | biosignals.utils.config | _watch_loop | ♻️ FilterConfig changed — reloading...
2026-04-06 14:27:44 | ERROR | biosignals.utils.config | _load_config | ❌ FilterConfig JSON syntax error: Expecting property name enclosed in double quotes: line 4 column 1 (char 30)
2026-04-06 14:27:44 | ERROR | biosignals.utils.config | _load_config |    File: C:\bci\Neurokey\config\filter_config.json
2026-04-06 14:27:44 | INFO | biosignals.utils.config | _watch_loop | ♻️ FilterConfig changed — reloading...
2026-04-06 14:27:44 | ERROR | biosignals.utils.config | _load_config | ❌ FilterConfig JSON syntax error: Expecting property name enclosed in double quotes: line 4 column 1 (char 30)
2026-04-06 14:27:44 | ERROR | biosignals.utils.config | _load_config |    File: C:\bci\Neurokey\config\filter_config.json
2026-04-06 14:27:44 | INFO | biosignals.utils.config | _watch_loop | ♻️ SensorConfig changed — reloading...
2026-04-06 14:27:44 | ERROR | biosignals.utils.config | _load_config | ❌ SensorConfig JSON syntax error: Expecting property name enclosed in double quotes: line 22 column 1 (char 379)
2026-04-06 14:27:44 | ERROR | biosignals.utils.config | _load_config |    File: C:\bci\Neurokey\config\sensor_config.json
2026-04-06 14:27:45 | INFO | biosignals.src.utils.config | _watch_loop | ♻️ FilterConfig changed — reloading...
2026-04-06 14:27:45 | ERROR | biosignals.src.utils.config | _load_config | ❌ FilterConfig JSON syntax error: Expecting property name enclosed in double quotes: line 4 column 1 (char 30)
2026-04-06 14:27:45 | ERROR | biosignals.src.utils.config | _load_config |    File: C:\bci\Neurokey\config\filter_config.json
2026-04-06 14:27:45 | INFO | biosignals.src.utils.config | _watch_loop | ♻️ FilterConfig changed — reloading...
2026-04-06 14:27:45 | ERROR | biosignals.src.utils.config | _load_config | ❌ FilterConfig JSON syntax error: Expecting property name enclosed in double quotes: line 4 column 1 (char 30)
2026-04-06 14:27:45 | ERROR | biosignals.src.utils.config | _load_config |    File: C:\bci\Neurokey\config\filter_config.json
2026-04-06 14:27:45 | INFO | biosignals.src.utils.config | _watch_loop | ♻️ FilterConfig changed — reloading...
2026-04-06 14:27:45 | ERROR | biosignals.src.utils.config | _load_config | ❌ FilterConfig JSON syntax error: Expecting property name enclosed in double quotes: line 4 column 1 (char 30)
2026-04-06 14:27:45 | ERROR | biosignals.src.utils.config | _load_config |    File: C:\bci\Neurokey\config\filter_config.json
2026-04-06 14:27:45 | INFO | biosignals.src.utils.config | _watch_loop | ♻️ SensorConfig changed — reloading...
2026-04-06 14:27:45 | ERROR | biosignals.src.utils.config | _load_config | ❌ SensorConfig JSON syntax error: Expecting property name enclosed in double quotes: line 22 column 1 (char 379)
2026-04-06 14:27:45 | ERROR | biosignals.src.utils.config | _load_config |    File: C:\bci\Neurokey\config\sensor_config.json
2026-04-06 14:27:45 | INFO | biosignals.src.utils.config | _watch_loop | ♻️ SensorConfig changed — reloading...
2026-04-06 14:27:45 | ERROR | biosignals.src.utils.config | _load_config | ❌ SensorConfig JSON syntax error: Expecting property name enclosed in double quotes: line 22 column 1 (char 379)
2026-04-06 14:27:45 | ERROR | biosignals.src.utils.config | _load_config |    File: C:\bci\Neurokey\config\sensor_config.json
2026-04-06 14:27:45 | INFO | biosignals.utils.config | _watch_loop | ♻️ SensorConfig changed — reloading...
2026-04-06 14:27:45 | ERROR | biosignals.utils.config | _load_config | ❌ SensorConfig JSON syntax error: Expecting property name enclosed in double quotes: line 22 column 1 (char 379)
2026-04-06 14:27:45 | ERROR | biosignals.utils.config | _load_config |    File: C:\bci\Neurokey\config\sensor_config.json
2026-04-06 14:27:45 | INFO | biosignals.src.utils.config | _watch_loop | ♻️ SensorConfig changed — reloading...
2026-04-06 14:27:45 | ERROR | biosignals.src.utils.config | _load_config | ❌ SensorConfig JSON syntax error: Expecting property name enclosed in double quotes: line 22 column 1 (char 379)
2026-04-06 14:27:45 | ERROR | biosignals.src.utils.config | _load_config |    File: C:\bci\Neurokey\config\sensor_config.json
2026-04-06 14:27:45 | INFO | biosignals.src.utils.config | _watch_loop | ♻️ SensorConfig changed — reloading...
2026-04-06 14:27:45 | ERROR | biosignals.src.utils.config | _load_config | ❌ SensorConfig JSON syntax error: Expecting property name enclosed in double quotes: line 22 column 1 (char 379)
2026-04-06 14:27:45 | ERROR | biosignals.src.utils.config | _load_config |    File: C:\bci\Neurokey\config\sensor_config.json
2026-04-06 14:27:45 | INFO | biosignals.src.utils.config | _watch_loop | ♻️ FilterConfig changed — reloading...
2026-04-06 14:27:45 | ERROR | biosignals.src.utils.config | _load_config | ❌ FilterConfig JSON syntax error: Expecting property name enclosed in double quotes: line 4 column 1 (char 30)
2026-04-06 14:27:45 | ERROR | biosignals.src.utils.config | _load_config |    File: C:\bci\Neurokey\config\filter_config.json
2026-04-06 14:27:45 | INFO | biosignals.src.utils.config | _watch_loop | ♻️ FilterConfig changed — reloading...
2026-04-06 14:27:45 | ERROR | biosignals.src.utils.config | _load_config | ❌ FilterConfig JSON syntax error: Expecting property name enclosed in double quotes: line 4 column 1 (char 30)
2026-04-06 14:27:45 | ERROR | biosignals.src.utils.config | _load_config |    File: C:\bci\Neurokey\config\filter_config.json
2026-04-06 14:27:45 | INFO | biosignals.src.utils.config | _watch_loop | ♻️ FilterConfig changed — reloading...
2026-04-06 14:27:45 | ERROR | biosignals.src.utils.config | _load_config | ❌ FilterConfig JSON syntax error: Expecting property name enclosed in double quotes: line 4 column 1 (char 30)
2026-04-06 14:27:45 | ERROR | biosignals.src.utils.config | _load_config |    File: C:\bci\Neurokey\config\filter_config.json
2026-04-06 14:27:45 | INFO | biosignals.utils.config | _watch_loop | ♻️ FilterConfig changed — reloading...
2026-04-06 14:27:45 | ERROR | biosignals.utils.config | _load_config | ❌ FilterConfig JSON syntax error: Expecting property name enclosed in double quotes: line 4 column 1 (char 30)
2026-04-06 14:27:45 | ERROR | biosignals.utils.config | _load_config |    File: C:\bci\Neurokey\config\filter_config.json
2026-04-06 14:27:45 | INFO | biosignals.src.utils.config | _watch_loop | ♻️ SensorConfig changed — reloading...
2026-04-06 14:27:45 | ERROR | biosignals.src.utils.config | _load_config | ❌ SensorConfig JSON syntax error: Expecting property name enclosed in double quotes: line 22 column 1 (char 379)
2026-04-06 14:27:45 | ERROR | biosignals.src.utils.config | _load_config |    File: C:\bci\Neurokey\config\sensor_config.json
2026-04-06 14:27:45 | INFO | biosignals.src.utils.config | _watch_loop | ♻️ SensorConfig changed — reloading...
2026-04-06 14:27:45 | ERROR | biosignals.src.utils.config | _load_config | ❌ SensorConfig JSON syntax error: Expecting property name enclosed in double quotes: line 22 column 1 (char 379)
2026-04-06 14:27:45 | ERROR | biosignals.src.utils.config | _load_config |    File: C:\bci\Neurokey\config\sensor_config.json
2026-04-06 14:27:45 | INFO | biosignals.utils.config | _watch_loop | ♻️ SensorConfig changed — reloading...
2026-04-06 14:27:45 | ERROR | biosignals.utils.config | _load_config | ❌ SensorConfig JSON syntax error: Expecting property name enclosed in double quotes: line 22 column 1 (char 379)
2026-04-06 14:27:45 | ERROR | biosignals.utils.config | _load_config |    File: C:\bci\Neurokey\config\sensor_config.json
2026-04-06 14:27:45 | INFO | biosignals.utils.config | _watch_loop | ♻️ FilterConfig changed — reloading...
2026-04-06 14:27:45 | ERROR | biosignals.utils.config | _load_config | ❌ FilterConfig JSON syntax error: Expecting property name enclosed in double quotes: line 4 column 1 (char 30)
2026-04-06 14:27:45 | ERROR | biosignals.utils.config | _load_config |    File: C:\bci\Neurokey\config\filter_config.json
2026-04-06 14:27:45 | INFO | biosignals.utils.config | _watch_loop | ♻️ FilterConfig changed — reloading...
2026-04-06 14:27:45 | ERROR | biosignals.utils.config | _load_config | ❌ FilterConfig JSON syntax error: Expecting property name enclosed in double quotes: line 4 column 1 (char 30)
2026-04-06 14:27:45 | ERROR | biosignals.utils.config | _load_config |    File: C:\bci\Neurokey\config\filter_config.json
2026-04-06 14:27:45 | INFO | biosignals.utils.config | _watch_loop | ♻️ SensorConfig changed — reloading...
2026-04-06 14:27:45 | ERROR | biosignals.utils.config | _load_config | ❌ SensorConfig JSON syntax error: Expecting property name enclosed in double quotes: line 22 column 1 (char 379)
2026-04-06 14:27:45 | ERROR | biosignals.utils.config | _load_config |    File: C:\bci\Neurokey\config\sensor_config.json
2026-04-06 14:27:46 | INFO | biosignals.src.utils.config | _watch_loop | ♻️ FilterConfig changed — reloading...
2026-04-06 14:27:46 | ERROR | biosignals.src.utils.config | _load_config | ❌ FilterConfig JSON syntax error: Expecting property name enclosed in double quotes: line 4 column 1 (char 30)
2026-04-06 14:27:46 | INFO | biosignals.src.utils.config | _watch_loop | ♻️ FilterConfig changed — reloading...
2026-04-06 14:27:46 | ERROR | biosignals.src.utils.config | _load_config |    File: C:\bci\Neurokey\config\filter_config.json
2026-04-06 14:27:46 | ERROR | biosignals.src.utils.config | _load_config | ❌ FilterConfig JSON syntax error: Expecting property name enclosed in double quotes: line 4 column 1 (char 30)
2026-04-06 14:27:46 | ERROR | biosignals.src.utils.config | _load_config |    File: C:\bci\Neurokey\config\filter_config.json
2026-04-06 14:27:46 | INFO | biosignals.src.utils.config | _watch_loop | ♻️ FilterConfig changed — reloading...
2026-04-06 14:27:46 | ERROR | biosignals.src.utils.config | _load_config | ❌ FilterConfig JSON syntax error: Expecting property name enclosed in double quotes: line 4 column 1 (char 30)
2026-04-06 14:27:46 | ERROR | biosignals.src.utils.config | _load_config |    File: C:\bci\Neurokey\config\filter_config.json
2026-04-06 14:27:46 | INFO | biosignals.src.utils.config | _watch_loop | ♻️ SensorConfig changed — reloading...
2026-04-06 14:27:46 | ERROR | biosignals.src.utils.config | _load_config | ❌ SensorConfig JSON syntax error: Expecting property name enclosed in double quotes: line 22 column 1 (char 379)
2026-04-06 14:27:46 | ERROR | biosignals.src.utils.config | _load_config |    File: C:\bci\Neurokey\config\sensor_config.json
2026-04-06 14:27:46 | INFO | biosignals.src.utils.config | _watch_loop | ♻️ SensorConfig changed — reloading...
2026-04-06 14:27:46 | INFO | biosignals.utils.config | _watch_loop | ♻️ SensorConfig changed — reloading...
2026-04-06 14:27:46 | ERROR | biosignals.src.utils.config | _load_config | ❌ SensorConfig JSON syntax error: Expecting property name enclosed in double quotes: line 22 column 1 (char 379)
2026-04-06 14:27:46 | ERROR | biosignals.utils.config | _load_config | ❌ SensorConfig JSON syntax error: Expecting property name enclosed in double quotes: line 22 column 1 (char 379)
2026-04-06 14:27:46 | ERROR | biosignals.src.utils.config | _load_config |    File: C:\bci\Neurokey\config\sensor_config.json
2026-04-06 14:27:46 | ERROR | biosignals.utils.config | _load_config |    File: C:\bci\Neurokey\config\sensor_config.json
2026-04-06 14:27:46 | INFO | biosignals.src.utils.config | _watch_loop | ♻️ SensorConfig changed — reloading...
2026-04-06 14:27:46 | ERROR | biosignals.src.utils.config | _load_config | ❌ SensorConfig JSON syntax error: Expecting property name enclosed in double quotes: line 22 column 1 (char 379)
2026-04-06 14:27:46 | ERROR | biosignals.src.utils.config | _load_config |    File: C:\bci\Neurokey\config\sensor_config.json
2026-04-06 14:27:46 | INFO | biosignals.src.utils.config | _watch_loop | ♻️ SensorConfig changed — reloading...
2026-04-06 14:27:46 | ERROR | biosignals.src.utils.config | _load_config | ❌ SensorConfig JSON syntax error: Expecting property name enclosed in double quotes: line 22 column 1 (char 379)
2026-04-06 14:27:46 | INFO | biosignals.src.utils.config | _watch_loop | ♻️ FilterConfig changed — reloading...
2026-04-06 14:27:46 | ERROR | biosignals.src.utils.config | _load_config |    File: C:\bci\Neurokey\config\sensor_config.json
2026-04-06 14:27:46 | ERROR | biosignals.src.utils.config | _load_config | ❌ FilterConfig JSON syntax error: Expecting property name enclosed in double quotes: line 4 column 1 (char 30)
2026-04-06 14:27:46 | ERROR | biosignals.src.utils.config | _load_config |    File: C:\bci\Neurokey\config\filter_config.json
2026-04-06 14:27:46 | ERROR | biosignals.__main__ | load_config | [Router] Failed to load sensor config (C:\bci\Neurokey\config\sensor_config.json): Expecting property name enclosed in double quotes: line 22 column 1 (char 379) — using defaults
2026-04-06 14:27:46 | ERROR | biosignals.__main__ | load_config | [Router] Failed to load filter config (C:\bci\Neurokey\config\filter_config.json): Expecting property name enclosed in double quotes: line 4 column 1 (char 30) — using defaults
2026-04-06 14:27:46 | INFO | biosignals.src.utils.config | _watch_loop | ♻️ FilterConfig changed — reloading...
2026-04-06 14:27:46 | ERROR | biosignals.src.utils.config | _load_config | ❌ FilterConfig JSON syntax error: Expecting property name enclosed in double quotes: line 4 column 1 (char 30)
2026-04-06 14:27:46 | ERROR | biosignals.src.utils.config | _load_config |    File: C:\bci\Neurokey\config\filter_config.json
2026-04-06 14:27:46 | INFO | biosignals.src.utils.config | _watch_loop | ♻️ FilterConfig changed — reloading...
2026-04-06 14:27:46 | ERROR | biosignals.src.utils.config | _load_config | ❌ FilterConfig JSON syntax error: Expecting property name enclosed in double quotes: line 4 column 1 (char 30)
2026-04-06 14:27:46 | ERROR | biosignals.src.utils.config | _load_config |    File: C:\bci\Neurokey\config\filter_config.json
2026-04-06 14:27:46 | INFO | biosignals.utils.config | _watch_loop | ♻️ FilterConfig changed — reloading...
2026-04-06 14:27:46 | ERROR | biosignals.utils.config | _load_config | ❌ FilterConfig JSON syntax error: Expecting property name enclosed in double quotes: line 4 column 1 (char 30)
2026-04-06 14:27:46 | ERROR | biosignals.utils.config | _load_config |    File: C:\bci\Neurokey\config\filter_config.json
2026-04-06 14:27:46 | INFO | biosignals.src.utils.config | _watch_loop | ♻️ SensorConfig changed — reloading...
2026-04-06 14:27:46 | ERROR | biosignals.src.utils.config | _load_config | ❌ SensorConfig JSON syntax error: Expecting property name enclosed in double quotes: line 22 column 1 (char 379)
2026-04-06 14:27:46 | ERROR | biosignals.src.utils.config | _load_config |    File: C:\bci\Neurokey\config\sensor_config.json
2026-04-06 14:27:46 | INFO | biosignals.src.utils.config | _watch_loop | ♻️ SensorConfig changed — reloading...
2026-04-06 14:27:46 | ERROR | biosignals.src.utils.config | _load_config | ❌ SensorConfig JSON syntax error: Expecting property name enclosed in double quotes: line 22 column 1 (char 379)
2026-04-06 14:27:46 | INFO | biosignals.utils.config | _watch_loop | ♻️ SensorConfig changed — reloading...
2026-04-06 14:27:46 | ERROR | biosignals.src.utils.config | _load_config |    File: C:\bci\Neurokey\config\sensor_config.json
2026-04-06 14:27:46 | ERROR | biosignals.utils.config | _load_config | ❌ SensorConfig JSON syntax error: Expecting property name enclosed in double quotes: line 22 column 1 (char 379)
2026-04-06 14:27:46 | ERROR | biosignals.utils.config | _load_config |    File: C:\bci\Neurokey\config\sensor_config.json
2026-04-06 14:27:46 | INFO | biosignals.utils.config | _watch_loop | ♻️ FilterConfig changed — reloading...
2026-04-06 14:27:46 | INFO | biosignals.utils.config | _watch_loop | ♻️ FilterConfig changed — reloading...
2026-04-06 14:27:46 | ERROR | biosignals.utils.config | _load_config | ❌ FilterConfig JSON syntax error: Expecting property name enclosed in double quotes: line 4 column 1 (char 30)
2026-04-06 14:27:46 | ERROR | biosignals.utils.config | _load_config |    File: C:\bci\Neurokey\config\filter_config.json
2026-04-06 14:27:46 | ERROR | biosignals.utils.config | _load_config | ❌ FilterConfig JSON syntax error: Expecting property name enclosed in double quotes: line 4 column 1 (char 30)
2026-04-06 14:27:46 | ERROR | biosignals.utils.config | _load_config |    File: C:\bci\Neurokey\config\filter_config.json
2026-04-06 14:27:46 | INFO | biosignals.utils.config | _watch_loop | ♻️ SensorConfig changed — reloading...
2026-04-06 14:27:46 | ERROR | biosignals.utils.config | _load_config | ❌ SensorConfig JSON syntax error: Expecting property name enclosed in double quotes: line 22 column 1 (char 379)
2026-04-06 14:27:46 | ERROR | biosignals.utils.config | _load_config |    File: C:\bci\Neurokey\config\sensor_config.json
2026-04-06 14:27:47 | INFO | biosignals.src.utils.config | _watch_loop | ♻️ FilterConfig changed — reloading...
2026-04-06 14:27:47 | ERROR | biosignals.src.utils.config | _load_config | ❌ FilterConfig JSON syntax error: Expecting property name enclosed in double quotes: line 4 column 1 (char 30)
2026-04-06 14:27:47 | ERROR | biosignals.src.utils.config | _load_config |    File: C:\bci\Neurokey\config\filter_config.json
2026-04-06 14:27:47 | INFO | biosignals.src.utils.config | _watch_loop | ♻️ FilterConfig changed — reloading...
2026-04-06 14:27:47 | ERROR | biosignals.src.utils.config | _load_config | ❌ FilterConfig JSON syntax error: Expecting property name enclosed in double quotes: line 4 column 1 (char 30)
2026-04-06 14:27:47 | ERROR | biosignals.src.utils.config | _load_config |    File: C:\bci\Neurokey\config\filter_config.json
2026-04-06 14:27:47 | INFO | biosignals.src.utils.config | _watch_loop | ♻️ FilterConfig changed — reloading...
2026-04-06 14:27:47 | ERROR | biosignals.src.utils.config | _load_config | ❌ FilterConfig JSON syntax error: Expecting property name enclosed in double quotes: line 4 column 1 (char 30)
2026-04-06 14:27:47 | ERROR | biosignals.src.utils.config | _load_config |    File: C:\bci\Neurokey\config\filter_config.json
2026-04-06 14:27:47 | INFO | biosignals.src.utils.config | _watch_loop | ♻️ SensorConfig changed — reloading...
2026-04-06 14:27:47 | ERROR | biosignals.src.utils.config | _load_config | ❌ SensorConfig JSON syntax error: Expecting property name enclosed in double quotes: line 22 column 1 (char 379)
2026-04-06 14:27:47 | ERROR | biosignals.src.utils.config | _load_config |    File: C:\bci\Neurokey\config\sensor_config.json
2026-04-06 14:27:47 | INFO | biosignals.src.utils.config | _watch_loop | ♻️ SensorConfig changed — reloading...
2026-04-06 14:27:47 | INFO | biosignals.utils.config | _watch_loop | ♻️ SensorConfig changed — reloading...
2026-04-06 14:27:47 | ERROR | biosignals.src.utils.config | _load_config | ❌ SensorConfig JSON syntax error: Expecting property name enclosed in double quotes: line 22 column 1 (char 379)
2026-04-06 14:27:47 | ERROR | biosignals.utils.config | _load_config | ❌ SensorConfig JSON syntax error: Expecting property name enclosed in double quotes: line 22 column 1 (char 379)
2026-04-06 14:27:47 | ERROR | biosignals.src.utils.config | _load_config |    File: C:\bci\Neurokey\config\sensor_config.json
2026-04-06 14:27:47 | INFO | biosignals.src.utils.config | _watch_loop | ♻️ SensorConfig changed — reloading...
2026-04-06 14:27:47 | ERROR | biosignals.utils.config | _load_config |    File: C:\bci\Neurokey\config\sensor_config.json
2026-04-06 14:27:47 | ERROR | biosignals.src.utils.config | _load_config | ❌ SensorConfig JSON syntax error: Expecting property name enclosed in double quotes: line 22 column 1 (char 379)
2026-04-06 14:27:47 | ERROR | biosignals.src.utils.config | _load_config |    File: C:\bci\Neurokey\config\sensor_config.json
2026-04-06 14:27:47 | INFO | biosignals.src.utils.config | _watch_loop | ♻️ SensorConfig changed — reloading...
2026-04-06 14:27:47 | INFO | biosignals.src.utils.config | _watch_loop | ♻️ FilterConfig changed — reloading...
2026-04-06 14:27:47 | ERROR | biosignals.src.utils.config | _load_config | ❌ SensorConfig JSON syntax error: Expecting property name enclosed in double quotes: line 22 column 1 (char 379)
2026-04-06 14:27:47 | ERROR | biosignals.src.utils.config | _load_config |    File: C:\bci\Neurokey\config\sensor_config.json
2026-04-06 14:27:47 | ERROR | biosignals.src.utils.config | _load_config | ❌ FilterConfig JSON syntax error: Expecting property name enclosed in double quotes: line 4 column 1 (char 30)
2026-04-06 14:27:47 | ERROR | biosignals.src.utils.config | _load_config |    File: C:\bci\Neurokey\config\filter_config.json
2026-04-06 14:27:47 | INFO | biosignals.src.utils.config | _watch_loop | ♻️ FilterConfig changed — reloading...
2026-04-06 14:27:47 | ERROR | biosignals.src.utils.config | _load_config | ❌ FilterConfig JSON syntax error: Expecting property name enclosed in double quotes: line 4 column 1 (char 30)
2026-04-06 14:27:47 | ERROR | biosignals.src.utils.config | _load_config |    File: C:\bci\Neurokey\config\filter_config.json
2026-04-06 14:27:47 | INFO | biosignals.src.utils.config | _watch_loop | ♻️ FilterConfig changed — reloading...
2026-04-06 14:27:47 | ERROR | biosignals.src.utils.config | _load_config | ❌ FilterConfig JSON syntax error: Expecting property name enclosed in double quotes: line 4 column 1 (char 30)
2026-04-06 14:27:47 | ERROR | biosignals.src.utils.config | _load_config |    File: C:\bci\Neurokey\config\filter_config.json
2026-04-06 14:27:47 | INFO | biosignals.utils.config | _watch_loop | ♻️ FilterConfig changed — reloading...
2026-04-06 14:27:47 | ERROR | biosignals.utils.config | _load_config | ❌ FilterConfig JSON syntax error: Expecting property name enclosed in double quotes: line 4 column 1 (char 30)
2026-04-06 14:27:47 | ERROR | biosignals.utils.config | _load_config |    File: C:\bci\Neurokey\config\filter_config.json
2026-04-06 14:27:47 | INFO | biosignals.src.utils.config | _watch_loop | ♻️ SensorConfig changed — reloading...
2026-04-06 14:27:47 | ERROR | biosignals.src.utils.config | _load_config | ❌ SensorConfig JSON syntax error: Expecting property name enclosed in double quotes: line 22 column 1 (char 379)
2026-04-06 14:27:47 | ERROR | biosignals.src.utils.config | _load_config |    File: C:\bci\Neurokey\config\sensor_config.json
2026-04-06 14:27:47 | INFO | biosignals.src.utils.config | _watch_loop | ♻️ SensorConfig changed — reloading...
2026-04-06 14:27:47 | ERROR | biosignals.src.utils.config | _load_config | ❌ SensorConfig JSON syntax error: Expecting property name enclosed in double quotes: line 22 column 1 (char 379)
2026-04-06 14:27:47 | ERROR | biosignals.src.utils.config | _load_config |    File: C:\bci\Neurokey\config\sensor_config.json
2026-04-06 14:27:47 | INFO | biosignals.utils.config | _watch_loop | ♻️ SensorConfig changed — reloading...
2026-04-06 14:27:47 | ERROR | biosignals.utils.config | _load_config | ❌ SensorConfig JSON syntax error: Expecting property name enclosed in double quotes: line 22 column 1 (char 379)
2026-04-06 14:27:47 | ERROR | biosignals.utils.config | _load_config |    File: C:\bci\Neurokey\config\sensor_config.json
2026-04-06 14:27:47 | INFO | biosignals.utils.config | _watch_loop | ♻️ FilterConfig changed — reloading...
2026-04-06 14:27:47 | ERROR | biosignals.utils.config | _load_config | ❌ FilterConfig JSON syntax error: Expecting property name enclosed in double quotes: line 4 column 1 (char 30)
2026-04-06 14:27:47 | INFO | biosignals.utils.config | _watch_loop | ♻️ FilterConfig changed — reloading...
2026-04-06 14:27:47 | ERROR | biosignals.utils.config | _load_config |    File: C:\bci\Neurokey\config\filter_config.json
2026-04-06 14:27:47 | ERROR | biosignals.utils.config | _load_config | ❌ FilterConfig JSON syntax error: Expecting property name enclosed in double quotes: line 4 column 1 (char 30)
2026-04-06 14:27:47 | ERROR | biosignals.utils.config | _load_config |    File: C:\bci\Neurokey\config\filter_config.json
2026-04-06 14:27:47 | INFO | biosignals.utils.config | _watch_loop | ♻️ SensorConfig changed — reloading...
2026-04-06 14:27:47 | ERROR | biosignals.utils.config | _load_config | ❌ SensorConfig JSON syntax error: Expecting property name enclosed in double quotes: line 22 column 1 (char 379)
2026-04-06 14:27:47 | ERROR | biosignals.utils.config | _load_config |    File: C:\bci\Neurokey\config\sensor_config.json
2026-04-06 14:27:48 | INFO | biosignals.src.utils.config | _watch_loop | ♻️ FilterConfig changed — reloading...
2026-04-06 14:27:48 | ERROR | biosignals.src.utils.config | _load_config | ❌ FilterConfig JSON syntax error: Expecting property name enclosed in double quotes: line 4 column 1 (char 30)
2026-04-06 14:27:48 | INFO | biosignals.src.utils.config | _watch_loop | ♻️ FilterConfig changed — reloading...
2026-04-06 14:27:48 | ERROR | biosignals.src.utils.config | _load_config |    File: C:\bci\Neurokey\config\filter_config.json
2026-04-06 14:27:48 | ERROR | biosignals.src.utils.config | _load_config | ❌ FilterConfig JSON syntax error: Expecting property name enclosed in double quotes: line 4 column 1 (char 30)
2026-04-06 14:27:48 | ERROR | biosignals.src.utils.config | _load_config |    File: C:\bci\Neurokey\config\filter_config.json
2026-04-06 14:27:48 | INFO | biosignals.src.utils.config | _watch_loop | ♻️ FilterConfig changed — reloading...
2026-04-06 14:27:48 | ERROR | biosignals.src.utils.config | _load_config | ❌ FilterConfig JSON syntax error: Expecting property name enclosed in double quotes: line 4 column 1 (char 30)
2026-04-06 14:27:48 | ERROR | biosignals.src.utils.config | _load_config |    File: C:\bci\Neurokey\config\filter_config.json
2026-04-06 14:27:48 | INFO | biosignals.src.utils.config | _watch_loop | ♻️ SensorConfig changed — reloading...
2026-04-06 14:27:48 | ERROR | biosignals.src.utils.config | _load_config | ❌ SensorConfig JSON syntax error: Expecting property name enclosed in double quotes: line 22 column 1 (char 379)
2026-04-06 14:27:48 | ERROR | biosignals.src.utils.config | _load_config |    File: C:\bci\Neurokey\config\sensor_config.json
2026-04-06 14:27:48 | INFO | biosignals.src.utils.config | _watch_loop | ♻️ SensorConfig changed — reloading...
2026-04-06 14:27:48 | ERROR | biosignals.src.utils.config | _load_config | ❌ SensorConfig JSON syntax error: Expecting property name enclosed in double quotes: line 22 column 1 (char 379)
2026-04-06 14:27:48 | INFO | biosignals.utils.config | _watch_loop | ♻️ SensorConfig changed — reloading...
onfig.json
2026-04-06 14:27:48 | ERROR | biosignals.utils.config | _load_config | ❌ SensorConfig JSON syntax error: Expecting property name enclosed in double quotes: line 22 column 1 (char 379)
2026-04-06 14:27:48 | ERROR | biosignals.utils.config | _load_config |    File: C:\bci\Neurokey\config\sensor_config.json
2026-04-06 14:27:48 | INFO | biosignals.src.utils.config | _watch_loop | ♻️ SensorConfig changed — reloading...
2026-04-06 14:27:48 | ERROR | biosignals.src.utils.config | _load_config | ❌ SensorConfig JSON syntax error: Expecting property name enclosed in double quotes: line 22 column 1 (char 379)
2026-04-06 14:27:48 | ERROR | biosignals.src.utils.config | _load_config |    File: C:\bci\Neurokey\config\sensor_config.json
2026-04-06 14:27:48 | INFO | biosignals.src.utils.config | _watch_loop | ♻️ SensorConfig changed — reloading...
2026-04-06 14:27:48 | ERROR | biosignals.src.utils.config | _load_config | ❌ SensorConfig JSON syntax error: Expecting property name enclosed in double quotes: line 22 column 1 (char 379)
2026-04-06 14:27:48 | ERROR | biosignals.src.utils.config | _load_config |    File: C:\bci\Neurokey\config\sensor_config.json
2026-04-06 14:27:48 | INFO | biosignals.src.utils.config | _watch_loop | ♻️ FilterConfig changed — reloading...
2026-04-06 14:27:48 | ERROR | biosignals.src.utils.config | _load_config | ❌ FilterConfig JSON syntax error: Expecting property name enclosed in double quotes: line 4 column 1 (char 30)
2026-04-06 14:27:48 | ERROR | biosignals.src.utils.config | _load_config |    File: C:\bci\Neurokey\config\filter_config.json
2026-04-06 14:27:48 | ERROR | biosignals.__main__ | load_config | [Router] Failed to load sensor config (C:\bci\Neurokey\config\sensor_config.json): Expecting property name enclosed in double quotes: line 22 column 1 (char 379) — using defaults
2026-04-06 14:27:48 | ERROR | biosignals.__main__ | load_config | [Router] Failed to load filter config (C:\bci\Neurokey\config\filter_config.json): Expecting property name enclosed in double quotes: line 4 column 1 (char 30) — using defaults
2026-04-06 14:27:48 | INFO | biosignals.src.utils.config | _watch_loop | ♻️ FilterConfig changed — reloading...
2026-04-06 14:27:48 | ERROR | biosignals.src.utils.config | _load_config | ❌ FilterConfig JSON syntax error: Expecting property name enclosed in double quotes: line 4 column 1 (char 30)
2026-04-06 14:27:48 | ERROR | biosignals.src.utils.config | _load_config |    File: C:\bci\Neurokey\config\filter_config.json
2026-04-06 14:27:48 | INFO | biosignals.src.utils.config | _watch_loop | ♻️ FilterConfig changed — reloading...
2026-04-06 14:27:48 | ERROR | biosignals.src.utils.config | _load_config | ❌ FilterConfig JSON syntax error: Expecting property name enclosed in double quotes: line 4 column 1 (char 30)
2026-04-06 14:27:48 | ERROR | biosignals.src.utils.config | _load_config |    File: C:\bci\Neurokey\config\filter_config.json
2026-04-06 14:27:48 | INFO | biosignals.utils.config | _watch_loop | ♻️ FilterConfig changed — reloading...
2026-04-06 14:27:48 | ERROR | biosignals.utils.config | _load_config | ❌ FilterConfig JSON syntax error: Expecting property name enclosed in double quotes: line 4 column 1 (char 30)
2026-04-06 14:27:48 | ERROR | biosignals.utils.config | _load_config |    File: C:\bci\Neurokey\config\filter_config.json
2026-04-06 14:27:48 | INFO | biosignals.src.utils.config | _watch_loop | ♻️ SensorConfig changed — reloading...
2026-04-06 14:27:48 | ERROR | biosignals.src.utils.config | _load_config | ❌ SensorConfig JSON syntax error: Expecting property name enclosed in double quotes: line 22 column 1 (char 379)
2026-04-06 14:27:48 | ERROR | biosignals.src.utils.config | _load_config |    File: C:\bci\Neurokey\config\sensor_config.json
2026-04-06 14:27:48 | INFO | biosignals.utils.config | _watch_loop | ♻️ SensorConfig changed — reloading...
2026-04-06 14:27:48 | ERROR | biosignals.utils.config | _load_config | ❌ SensorConfig JSON syntax error: Expecting property name enclosed in double quotes: line 22 column 1 (char 379)
2026-04-06 14:27:48 | ERROR | biosignals.utils.config | _load_config |    File: C:\bci\Neurokey\config\sensor_config.json
2026-04-06 14:27:48 | INFO | biosignals.src.utils.config | _watch_loop | ♻️ SensorConfig changed — reloading...
2026-04-06 14:27:48 | ERROR | biosignals.src.utils.config | _load_config | ❌ SensorConfig JSON syntax error: Expecting property name enclosed in double quotes: line 22 column 1 (char 379)
2026-04-06 14:27:48 | ERROR | biosignals.src.utils.config | _load_config |    File: C:\bci\Neurokey\config\sensor_config.json
2026-04-06 14:27:48 | INFO | biosignals.utils.config | _watch_loop | ♻️ FilterConfig changed — reloading...
2026-04-06 14:27:48 | INFO | biosignals.utils.config | _watch_loop | ♻️ FilterConfig changed — reloading...
2026-04-06 14:27:48 | ERROR | biosignals.utils.config | _load_config | ❌ FilterConfig JSON syntax error: Expecting property name enclosed in double quotes: line 4 column 1 (char 30)
2026-04-06 14:27:48 | ERROR | biosignals.utils.config | _load_config |    File: C:\bci\Neurokey\config\filter_config.json
2026-04-06 14:27:48 | ERROR | biosignals.utils.config | _load_config | ❌ FilterConfig JSON syntax error: Expecting property name enclosed in double quotes: line 4 column 1 (char 30)
2026-04-06 14:27:48 | ERROR | biosignals.utils.config | _load_config |    File: C:\bci\Neurokey\config\filter_config.json
2026-04-06 14:27:48 | INFO | biosignals.utils.config | _watch_loop | ♻️ SensorConfig changed — reloading...
2026-04-06 14:27:48 | ERROR | biosignals.utils.config | _load_config | ❌ SensorConfig JSON syntax error: Expecting property name enclosed in double quotes: line 22 column 1 (char 379)
2026-04-06 14:27:48 | ERROR | biosignals.utils.config | _load_config |    File: C:\bci\Neurokey\config\sensor_config.json
2026-04-06 14:27:49 | INFO | biosignals.src.utils.config | _watch_loop | ♻️ FilterConfig changed — reloading...
2026-04-06 14:27:49 | ERROR | biosignals.src.utils.config | _load_config | ❌ FilterConfig JSON syntax error: Expecting property name enclosed in double quotes: line 4 column 1 (char 30)
2026-04-06 14:27:49 | ERROR | biosignals.src.utils.config | _load_config |    File: C:\bci\Neurokey\config\filter_config.json
2026-04-06 14:27:49 | INFO | biosignals.src.utils.config | _watch_loop | ♻️ FilterConfig changed — reloading...
2026-04-06 14:27:49 | ERROR | biosignals.src.utils.config | _load_config | ❌ FilterConfig JSON syntax error: Expecting property name enclosed in double quotes: line 4 column 1 (char 30)
2026-04-06 14:27:49 | ERROR | biosignals.src.utils.config | _load_config |    File: C:\bci\Neurokey\config\filter_config.json
2026-04-06 14:27:49 | INFO | biosignals.src.utils.config | _watch_loop | ♻️ FilterConfig changed — reloading...
2026-04-06 14:27:49 | ERROR | biosignals.src.utils.config | _load_config | ❌ FilterConfig JSON syntax error: Expecting property name enclosed in double quotes: line 4 column 1 (char 30)
2026-04-06 14:27:49 | ERROR | biosignals.src.utils.config | _load_config |    File: C:\bci\Neurokey\config\filter_config.json
2026-04-06 14:27:49 | INFO | biosignals.src.utils.config | _watch_loop | ♻️ SensorConfig changed — reloading...
2026-04-06 14:27:49 | ERROR | biosignals.src.utils.config | _load_config | ❌ SensorConfig JSON syntax error: Expecting property name enclosed in double quotes: line 22 column 1 (char 379)
2026-04-06 14:27:49 | ERROR | biosignals.src.utils.config | _load_config |    File: C:\bci\Neurokey\config\sensor_config.json
2026-04-06 14:27:49 | INFO | biosignals.src.utils.config | _watch_loop | ♻️ SensorConfig changed — reloading...
2026-04-06 14:27:49 | INFO | biosignals.utils.config | _watch_loop | ♻️ SensorConfig changed — reloading...
2026-04-06 14:27:49 | ERROR | biosignals.src.utils.config | _load_config | ❌ SensorConfig JSON syntax error: Expecting property name enclosed in double quotes: line 22 column 1 (char 379)
2026-04-06 14:27:49 | INFO | biosignals.src.utils.config | _watch_loop | ♻️ SensorConfig changed — reloading...
2026-04-06 14:27:49 | ERROR | biosignals.src.utils.config | _load_config |    File: C:\bci\Neurokey\config\sensor_config.json
2026-04-06 14:27:49 | ERROR | biosignals.utils.config | _load_config | ❌ SensorConfig JSON syntax error: Expecting property name enclosed in double quotes: line 22 column 1 (char 379)
2026-04-06 14:27:49 | ERROR | biosignals.src.utils.config | _load_config | ❌ SensorConfig JSON syntax error: Expecting property name enclosed in double quotes: line 22 column 1 (char 379)
2026-04-06 14:27:49 | ERROR | biosignals.utils.config | _load_config |    File: C:\bci\Neurokey\config\sensor_config.json
2026-04-06 14:27:49 | ERROR | biosignals.src.utils.config | _load_config |    File: C:\bci\Neurokey\config\sensor_config.json
2026-04-06 14:27:49 | INFO | biosignals.src.utils.config | _watch_loop | ♻️ SensorConfig changed — reloading...
2026-04-06 14:27:49 | INFO | biosignals.src.utils.config | _watch_loop | ♻️ FilterConfig changed — reloading...
2026-04-06 14:27:49 | ERROR | biosignals.src.utils.config | _load_config | ❌ SensorConfig JSON syntax error: Expecting property name enclosed in double quotes: line 22 column 1 (char 379)
2026-04-06 14:27:49 | ERROR | biosignals.src.utils.config | _load_config | ❌ FilterConfig JSON syntax error: Expecting property name enclosed in double quotes: line 4 column 1 (char 30)
2026-04-06 14:27:49 | ERROR | biosignals.src.utils.config | _load_config |    File: C:\bci\Neurokey\config\sensor_config.json
2026-04-06 14:27:49 | ERROR | biosignals.src.utils.config | _load_config |    File: C:\bci\Neurokey\config\filter_config.json
2026-04-06 14:27:49 | INFO | biosignals.src.utils.config | _watch_loop | ♻️ FilterConfig changed — reloading...
2026-04-06 14:27:49 | ERROR | biosignals.src.utils.config | _load_config | ❌ FilterConfig JSON syntax error: Expecting property name enclosed in double quotes: line 4 column 1 (char 30)
2026-04-06 14:27:49 | ERROR | biosignals.src.utils.config | _load_config |    File: C:\bci\Neurokey\config\filter_config.json
2026-04-06 14:27:49 | INFO | biosignals.src.utils.config | _watch_loop | ♻️ FilterConfig changed — reloading...
2026-04-06 14:27:49 | ERROR | biosignals.src.utils.config | _load_config | ❌ FilterConfig JSON syntax error: Expecting property name enclosed in double quotes: line 4 column 1 (char 30)
2026-04-06 14:27:49 | ERROR | biosignals.src.utils.config | _load_config |    File: C:\bci\Neurokey\config\filter_config.json
2026-04-06 14:27:49 | INFO | biosignals.utils.config | _watch_loop | ♻️ FilterConfig changed — reloading...
2026-04-06 14:27:49 | ERROR | biosignals.utils.config | _load_config | ❌ FilterConfig JSON syntax error: Expecting property name enclosed in double quotes: line 4 column 1 (char 30)
2026-04-06 14:27:49 | ERROR | biosignals.utils.config | _load_config |    File: C:\bci\Neurokey\config\filter_config.json
2026-04-06 14:27:49 | INFO | biosignals.src.utils.config | _watch_loop | ♻️ SensorConfig changed — reloading...
2026-04-06 14:27:49 | ERROR | biosignals.src.utils.config | _load_config | ❌ SensorConfig JSON syntax error: Expecting property name enclosed in double quotes: line 22 column 1 (char 379)
2026-04-06 14:27:49 | ERROR | biosignals.src.utils.config | _load_config |    File: C:\bci\Neurokey\config\sensor_config.json
2026-04-06 14:27:49 | INFO | biosignals.utils.config | _watch_loop | ♻️ SensorConfig changed — reloading...
2026-04-06 14:27:49 | ERROR | biosignals.utils.config | _load_config | ❌ SensorConfig JSON syntax error: Expecting property name enclosed in double quotes: line 22 column 1 (char 379)
2026-04-06 14:27:49 | ERROR | biosignals.utils.config | _load_config |    File: C:\bci\Neurokey\config\sensor_config.json
2026-04-06 14:27:49 | INFO | biosignals.src.utils.config | _watch_loop | ♻️ SensorConfig changed — reloading...
2026-04-06 14:27:49 | ERROR | biosignals.src.utils.config | _load_config | ❌ SensorConfig JSON syntax error: Expecting property name enclosed in double quotes: line 22 column 1 (char 379)
2026-04-06 14:27:49 | ERROR | biosignals.src.utils.config | _load_config |    File: C:\bci\Neurokey\config\sensor_config.json
2026-04-06 14:27:49 | INFO | biosignals.utils.config | _watch_loop | ♻️ FilterConfig changed — reloading...
2026-04-06 14:27:49 | ERROR | biosignals.utils.config | _load_config | ❌ FilterConfig JSON syntax error: Expecting property name enclosed in double quotes: line 4 column 1 (char 30)
2026-04-06 14:27:49 | ERROR | biosignals.utils.config | _load_config |    File: C:\bci\Neurokey\config\filter_config.json
2026-04-06 14:27:49 | INFO | biosignals.utils.config | _watch_loop | ♻️ FilterConfig changed — reloading...
2026-04-06 14:27:49 | ERROR | biosignals.utils.config | _load_config | ❌ FilterConfig JSON syntax error: Expecting property name enclosed in double quotes: line 4 column 1 (char 30)
2026-04-06 14:27:49 | ERROR | biosignals.utils.config | _load_config |    File: C:\bci\Neurokey\config\filter_config.json
2026-04-06 14:27:49 | INFO | biosignals.utils.config | _watch_loop | ♻️ SensorConfig changed — reloading...
2026-04-06 14:27:49 | ERROR | biosignals.utils.config | _load_config | ❌ SensorConfig JSON syntax error: Expecting property name enclosed in double quotes: line 22 column 1 (char 379)
2026-04-06 14:27:49 | ERROR | biosignals.utils.config | _load_config |    File: C:\bci\Neurokey\config\sensor_config.json
2026-04-06 14:27:50 | INFO | biosignals.src.utils.config | _watch_loop | ♻️ FilterConfig changed — reloading...
2026-04-06 14:27:50 | ERROR | biosignals.src.utils.config | _load_config | ❌ FilterConfig JSON syntax error: Expecting property name enclosed in double quotes: line 4 column 1 (char 30)
2026-04-06 14:27:50 | ERROR | biosignals.src.utils.config | _load_config |    File: C:\bci\Neurokey\config\filter_config.json
2026-04-06 14:27:50 | INFO | biosignals.src.utils.config | _watch_loop | ♻️ FilterConfig changed — reloading...
2026-04-06 14:27:50 | ERROR | biosignals.src.utils.config | _load_config | ❌ FilterConfig JSON syntax error: Expecting property name enclosed in double quotes: line 4 column 1 (char 30)
2026-04-06 14:27:50 | ERROR | biosignals.src.utils.config | _load_config |    File: C:\bci\Neurokey\config\filter_config.json
2026-04-06 14:27:50 | INFO | biosignals.src.utils.config | _watch_loop | ♻️ FilterConfig changed — reloading...
2026-04-06 14:27:50 | ERROR | biosignals.src.utils.config | _load_config | ❌ FilterConfig JSON syntax error: Expecting property name enclosed in double quotes: line 4 column 1 (char 30)
2026-04-06 14:27:50 | ERROR | biosignals.src.utils.config | _load_config |    File: C:\bci\Neurokey\config\filter_config.json
2026-04-06 14:27:50 | INFO | biosignals.src.utils.config | _watch_loop | ♻️ SensorConfig changed — reloading...
2026-04-06 14:27:50 | ERROR | biosignals.src.utils.config | _load_config | ❌ SensorConfig JSON syntax error: Expecting property name enclosed in double quotes: line 22 column 1 (char 379)
2026-04-06 14:27:50 | ERROR | biosignals.src.utils.config | _load_config |    File: C:\bci\Neurokey\config\sensor_config.json
2026-04-06 14:27:50 | INFO | biosignals.src.utils.config | _watch_loop | ♻️ SensorConfig changed — reloading...
2026-04-06 14:27:50 | ERROR | biosignals.src.utils.config | _load_config | ❌ SensorConfig JSON syntax error: Expecting property name enclosed in double quotes: line 22 column 1 (char 379)
2026-04-06 14:27:50 | ERROR | biosignals.src.utils.config | _load_config |    File: C:\bci\Neurokey\config\sensor_config.json
2026-04-06 14:27:50 | INFO | biosignals.utils.config | _watch_loop | ♻️ SensorConfig changed — reloading...
2026-04-06 14:27:50 | INFO | biosignals.src.utils.config | _watch_loop | ♻️ SensorConfig changed — reloading...
2026-04-06 14:27:50 | ERROR | biosignals.utils.config | _load_config | ❌ SensorConfig JSON syntax error: Expecting property name enclosed in double quotes: line 22 column 1 (char 379)
2026-04-06 14:27:50 | ERROR | biosignals.src.utils.config | _load_config | ❌ SensorConfig JSON syntax error: Expecting property name enclosed in double quotes: line 22 column 1 (char 379)
2026-04-06 14:27:50 | ERROR | biosignals.utils.config | _load_config |    File: C:\bci\Neurokey\config\sensor_config.json
2026-04-06 14:27:50 | ERROR | biosignals.src.utils.config | _load_config |    File: C:\bci\Neurokey\config\sensor_config.json
2026-04-06 14:27:50 | INFO | biosignals.src.utils.config | _watch_loop | ♻️ SensorConfig changed — reloading...
2026-04-06 14:27:50 | ERROR | biosignals.src.utils.config | _load_config | ❌ SensorConfig JSON syntax error: Expecting property name enclosed in double quotes: line 22 column 1 (char 379)
2026-04-06 14:27:50 | ERROR | biosignals.src.utils.config | _load_config |    File: C:\bci\Neurokey\config\sensor_config.json
2026-04-06 14:27:50 | INFO | biosignals.src.utils.config | _watch_loop | ♻️ FilterConfig changed — reloading...
2026-04-06 14:27:50 | ERROR | biosignals.src.utils.config | _load_config | ❌ FilterConfig JSON syntax error: Expecting property name enclosed in double quotes: line 4 column 1 (char 30)
2026-04-06 14:27:50 | ERROR | biosignals.src.utils.config | _load_config |    File: C:\bci\Neurokey\config\filter_config.json
2026-04-06 14:27:50 | ERROR | biosignals.__main__ | load_config | [Router] Failed to load sensor config (C:\bci\Neurokey\config\sensor_config.json): Expecting property name enclosed in double quotes: line 22 column 1 (char 379) — using defaults
2026-04-06 14:27:50 | ERROR | biosignals.__main__ | load_config | [Router] Failed to load filter config (C:\bci\Neurokey\config\filter_config.json): Expecting property name enclosed in double quotes: line 4 column 1 (char 30) — using defaults
2026-04-06 14:27:50 | INFO | biosignals.src.utils.config | _watch_loop | ♻️ FilterConfig changed — reloading...
2026-04-06 14:27:50 | ERROR | biosignals.src.utils.config | _load_config | ❌ FilterConfig JSON syntax error: Expecting property name enclosed in double quotes: line 4 column 1 (char 30)
2026-04-06 14:27:50 | ERROR | biosignals.src.utils.config | _load_config |    File: C:\bci\Neurokey\config\filter_config.json
2026-04-06 14:27:50 | INFO | biosignals.src.utils.config | _watch_loop | ♻️ FilterConfig changed — reloading...
2026-04-06 14:27:50 | ERROR | biosignals.src.utils.config | _load_config | ❌ FilterConfig JSON syntax error: Expecting property name enclosed in double quotes: line 4 column 1 (char 30)
2026-04-06 14:27:50 | ERROR | biosignals.src.utils.config | _load_config |    File: C:\bci\Neurokey\config\filter_config.json
2026-04-06 14:27:50 | INFO | biosignals.utils.config | _watch_loop | ♻️ FilterConfig changed — reloading...
2026-04-06 14:27:50 | ERROR | biosignals.utils.config | _load_config | ❌ FilterConfig JSON syntax error: Expecting property name enclosed in double quotes: line 4 column 1 (char 30)
2026-04-06 14:27:50 | ERROR | biosignals.utils.config | _load_config |    File: C:\bci\Neurokey\config\filter_config.json
2026-04-06 14:27:50 | INFO | biosignals.src.utils.config | _watch_loop | ♻️ SensorConfig changed — reloading...
2026-04-06 14:27:50 | ERROR | biosignals.src.utils.config | _load_config | ❌ SensorConfig JSON syntax error: Expecting property name enclosed in double quotes: line 22 column 1 (char 379)
2026-04-06 14:27:50 | ERROR | biosignals.src.utils.config | _load_config |    File: C:\bci\Neurokey\config\sensor_config.json
2026-04-06 14:27:50 | INFO | biosignals.utils.config | _watch_loop | ♻️ SensorConfig changed — reloading...
2026-04-06 14:27:50 | ERROR | biosignals.utils.config | _load_config | ❌ SensorConfig JSON syntax error: Expecting property name enclosed in double quotes: line 22 column 1 (char 379)
2026-04-06 14:27:50 | ERROR | biosignals.utils.config | _load_config |    File: C:\bci\Neurokey\config\sensor_config.json
2026-04-06 14:27:50 | INFO | biosignals.src.utils.config | _watch_loop | ♻️ SensorConfig changed — reloading...
2026-04-06 14:27:50 | ERROR | biosignals.src.utils.config | _load_config | ❌ SensorConfig JSON syntax error: Expecting property name enclosed in double quotes: line 22 column 1 (char 379)
2026-04-06 14:27:50 | ERROR | biosignals.src.utils.config | _load_config |    File: C:\bci\Neurokey\config\sensor_config.json
2026-04-06 14:27:50 | INFO | biosignals.utils.config | _watch_loop | ♻️ FilterConfig changed — reloading...
2026-04-06 14:27:50 | ERROR | biosignals.utils.config | _load_config | ❌ FilterConfig JSON syntax error: Expecting property name enclosed in double quotes: line 4 column 1 (char 30)
2026-04-06 14:27:50 | ERROR | biosignals.utils.config | _load_config |    File: C:\bci\Neurokey\config\filter_config.json
2026-04-06 14:27:50 | INFO | biosignals.utils.config | _watch_loop | ♻️ FilterConfig changed — reloading...
2026-04-06 14:27:50 | ERROR | biosignals.utils.config | _load_config | ❌ FilterConfig JSON syntax error: Expecting property name enclosed in double quotes: line 4 column 1 (char 30)
2026-04-06 14:27:50 | ERROR | biosignals.utils.config | _load_config |    File: C:\bci\Neurokey\config\filter_config.json
2026-04-06 14:27:50 | INFO | biosignals.utils.config | _watch_loop | ♻️ SensorConfig changed — reloading...
2026-04-06 14:27:50 | ERROR | biosignals.utils.config | _load_config | ❌ SensorConfig JSON syntax error: Expecting property name enclosed in double quotes: line 22 column 1 (char 379)
2026-04-06 14:27:50 | ERROR | biosignals.utils.config | _load_config |    File: C:\bci\Neurokey\config\sensor_config.json
2026-04-06 14:27:51 | INFO | biosignals.src.utils.config | _watch_loop | ♻️ FilterConfig changed — reloading...
2026-04-06 14:27:51 | ERROR | biosignals.src.utils.config | _load_config | ❌ FilterConfig JSON syntax error: Expecting property name enclosed in double quotes: line 4 column 1 (char 30)
2026-04-06 14:27:51 | ERROR | biosignals.src.utils.config | _load_config |    File: C:\bci\Neurokey\config\filter_config.json
2026-04-06 14:27:51 | INFO | biosignals.src.utils.config | _watch_loop | ♻️ FilterConfig changed — reloading...
2026-04-06 14:27:51 | ERROR | biosignals.src.utils.config | _load_config | ❌ FilterConfig JSON syntax error: Expecting property name enclosed in double quotes: line 4 column 1 (char 30)
2026-04-06 14:27:51 | ERROR | biosignals.src.utils.config | _load_config |    File: C:\bci\Neurokey\config\filter_config.json
2026-04-06 14:27:51 | INFO | biosignals.src.utils.config | _watch_loop | ♻️ FilterConfig changed — reloading...
2026-04-06 14:27:51 | ERROR | biosignals.src.utils.config | _load_config | ❌ FilterConfig JSON syntax error: Expecting property name enclosed in double quotes: line 4 column 1 (char 30)
2026-04-06 14:27:51 | ERROR | biosignals.src.utils.config | _load_config |    File: C:\bci\Neurokey\config\filter_config.json
2026-04-06 14:27:51 | INFO | biosignals.src.utils.config | _watch_loop | ♻️ SensorConfig changed — reloading...
2026-04-06 14:27:51 | ERROR | biosignals.src.utils.config | _load_config | ❌ SensorConfig JSON syntax error: Expecting property name enclosed in double quotes: line 22 column 1 (char 379)
2026-04-06 14:27:51 | ERROR | biosignals.src.utils.config | _load_config |    File: C:\bci\Neurokey\config\sensor_config.json
2026-04-06 14:27:51 | INFO | biosignals.src.utils.config | _watch_loop | ♻️ SensorConfig changed — reloading...
2026-04-06 14:27:51 | ERROR | biosignals.src.utils.config | _load_config | ❌ SensorConfig JSON syntax error: Expecting property name enclosed in double quotes: line 22 column 1 (char 379)
2026-04-06 14:27:51 | ERROR | biosignals.src.utils.config | _load_config |    File: C:\bci\Neurokey\config\sensor_config.json
2026-04-06 14:27:51 | INFO | biosignals.utils.config | _watch_loop | ♻️ SensorConfig changed — reloading...
2026-04-06 14:27:51 | INFO | biosignals.src.utils.config | _watch_loop | ♻️ SensorConfig changed — reloading...
2026-04-06 14:27:51 | ERROR | biosignals.utils.config | _load_config | ❌ SensorConfig JSON syntax error: Expecting property name enclosed in double quotes: line 22 column 1 (char 379)
2026-04-06 14:27:51 | ERROR | biosignals.src.utils.config | _load_config | ❌ SensorConfig JSON syntax error: Expecting property name enclosed in double quotes: line 22 column 1 (char 379)
2026-04-06 14:27:51 | ERROR | biosignals.utils.config | _load_config |    File: C:\bci\Neurokey\config\sensor_config.json
2026-04-06 14:27:51 | ERROR | biosignals.src.utils.config | _load_config |    File: C:\bci\Neurokey\config\sensor_config.json
2026-04-06 14:27:51 | INFO | biosignals.src.utils.config | _watch_loop | ♻️ SensorConfig changed — reloading...
2026-04-06 14:27:51 | ERROR | biosignals.src.utils.config | _load_config | ❌ SensorConfig JSON syntax error: Expecting property name enclosed in double quotes: line 22 column 1 (char 379)
2026-04-06 14:27:51 | INFO | biosignals.src.utils.config | _watch_loop | ♻️ FilterConfig changed — reloading...
2026-04-06 14:27:51 | ERROR | biosignals.src.utils.config | _load_config |    File: C:\bci\Neurokey\config\sensor_config.json
2026-04-06 14:27:51 | ERROR | biosignals.src.utils.config | _load_config | ❌ FilterConfig JSON syntax error: Expecting property name enclosed in double quotes: line 4 column 1 (char 30)
2026-04-06 14:27:51 | ERROR | biosignals.src.utils.config | _load_config |    File: C:\bci\Neurokey\config\filter_config.json
2026-04-06 14:27:51 | INFO | biosignals.src.utils.config | _watch_loop | ♻️ FilterConfig changed — reloading...
2026-04-06 14:27:51 | ERROR | biosignals.src.utils.config | _load_config | ❌ FilterConfig JSON syntax error: Expecting property name enclosed in double quotes: line 4 column 1 (char 30)
2026-04-06 14:27:51 | ERROR | biosignals.src.utils.config | _load_config |    File: C:\bci\Neurokey\config\filter_config.json
2026-04-06 14:27:51 | INFO | biosignals.src.utils.config | _watch_loop | ♻️ FilterConfig changed — reloading...
2026-04-06 14:27:51 | ERROR | biosignals.src.utils.config | _load_config | ❌ FilterConfig JSON syntax error: Expecting property name enclosed in double quotes: line 4 column 1 (char 30)
2026-04-06 14:27:51 | ERROR | biosignals.src.utils.config | _load_config |    File: C:\bci\Neurokey\config\filter_config.json
2026-04-06 14:27:51 | INFO | biosignals.utils.config | _watch_loop | ♻️ FilterConfig changed — reloading...
2026-04-06 14:27:51 | ERROR | biosignals.utils.config | _load_config | ❌ FilterConfig JSON syntax error: Expecting property name enclosed in double quotes: line 4 column 1 (char 30)
2026-04-06 14:27:51 | ERROR | biosignals.utils.config | _load_config |    File: C:\bci\Neurokey\config\filter_config.json
2026-04-06 14:27:51 | INFO | biosignals.src.utils.config | _watch_loop | ♻️ SensorConfig changed — reloading...
2026-04-06 14:27:51 | ERROR | biosignals.src.utils.config | _load_config | ❌ SensorConfig JSON syntax error: Expecting property name enclosed in double quotes: line 22 column 1 (char 379)
2026-04-06 14:27:51 | ERROR | biosignals.src.utils.config | _load_config |    File: C:\bci\Neurokey\config\sensor_config.json
2026-04-06 14:27:51 | INFO | biosignals.utils.config | _watch_loop | ♻️ SensorConfig changed — reloading...
2026-04-06 14:27:51 | ERROR | biosignals.utils.config | _load_config | ❌ SensorConfig JSON syntax error: Expecting property name enclosed in double quotes: line 22 column 1 (char 379)
2026-04-06 14:27:51 | ERROR | biosignals.utils.config | _load_config |    File: C:\bci\Neurokey\config\sensor_config.json
2026-04-06 14:27:51 | INFO | biosignals.src.utils.config | _watch_loop | ♻️ SensorConfig changed — reloading...
2026-04-06 14:27:51 | ERROR | biosignals.src.utils.config | _load_config | ❌ SensorConfig JSON syntax error: Expecting property name enclosed in double quotes: line 22 column 1 (char 379)
2026-04-06 14:27:51 | ERROR | biosignals.src.utils.config | _load_config |    File: C:\bci\Neurokey\config\sensor_config.json
2026-04-06 14:27:51 | INFO | biosignals.utils.config | _watch_loop | ♻️ FilterConfig changed — reloading...
2026-04-06 14:27:51 | ERROR | biosignals.utils.config | _load_config | ❌ FilterConfig JSON syntax error: Expecting property name enclosed in double quotes: line 4 column 1 (char 30)
2026-04-06 14:27:51 | ERROR | biosignals.utils.config | _load_config |    File: C:\bci\Neurokey\config\filter_config.json
2026-04-06 14:27:51 | INFO | biosignals.utils.config | _watch_loop | ♻️ FilterConfig changed — reloading...
2026-04-06 14:27:51 | ERROR | biosignals.utils.config | _load_config | ❌ FilterConfig JSON syntax error: Expecting property name enclosed in double quotes: line 4 column 1 (char 30)
2026-04-06 14:27:51 | ERROR | biosignals.utils.config | _load_config |    File: C:\bci\Neurokey\config\filter_config.json
2026-04-06 14:27:51 | INFO | biosignals.utils.config | _watch_loop | ♻️ SensorConfig changed — reloading...
2026-04-06 14:27:51 | ERROR | biosignals.utils.config | _load_config | ❌ SensorConfig JSON syntax error: Expecting property name enclosed in double quotes: line 22 column 1 (char 379)
2026-04-06 14:27:51 | ERROR | biosignals.utils.config | _load_config |    File: C:\bci\Neurokey\config\sensor_config.json
2026-04-06 14:27:52 | INFO | biosignals.src.utils.config | _watch_loop | ♻️ FilterConfig changed — reloading...
2026-04-06 14:27:52 | ERROR | biosignals.src.utils.config | _load_config | ❌ FilterConfig JSON syntax error: Expecting property name enclosed in double quotes: line 4 column 1 (char 30)
2026-04-06 14:27:52 | ERROR | biosignals.src.utils.config | _load_config |    File: C:\bci\Neurokey\config\filter_config.json
2026-04-06 14:27:52 | INFO | biosignals.src.utils.config | _watch_loop | ♻️ FilterConfig changed — reloading...
2026-04-06 14:27:52 | ERROR | biosignals.src.utils.config | _load_config | ❌ FilterConfig JSON syntax error: Expecting property name enclosed in double quotes: line 4 column 1 (char 30)
2026-04-06 14:27:52 | ERROR | biosignals.src.utils.config | _load_config |    File: C:\bci\Neurokey\config\filter_config.json
2026-04-06 14:27:52 | INFO | biosignals.src.utils.config | _watch_loop | ♻️ FilterConfig changed — reloading...
2026-04-06 14:27:52 | ERROR | biosignals.src.utils.config | _load_config | ❌ FilterConfig JSON syntax error: Expecting property name enclosed in double quotes: line 4 column 1 (char 30)
2026-04-06 14:27:52 | ERROR | biosignals.src.utils.config | _load_config |    File: C:\bci\Neurokey\config\filter_config.json
2026-04-06 14:27:52 | INFO | biosignals.src.utils.config | _watch_loop | ♻️ SensorConfig changed — reloading...
2026-04-06 14:27:52 | ERROR | biosignals.src.utils.config | _load_config | ❌ SensorConfig JSON syntax error: Expecting property name enclosed in double quotes: line 22 column 1 (char 379)
2026-04-06 14:27:52 | ERROR | biosignals.src.utils.config | _load_config |    File: C:\bci\Neurokey\config\sensor_config.json
2026-04-06 14:27:52 | INFO | biosignals.src.utils.config | _watch_loop | ♻️ SensorConfig changed — reloading...
2026-04-06 14:27:52 | ERROR | biosignals.src.utils.config | _load_config | ❌ SensorConfig JSON syntax error: Expecting property name enclosed in double quotes: line 22 column 1 (char 379)
2026-04-06 14:27:52 | ERROR | biosignals.src.utils.config | _load_config |    File: C:\bci\Neurokey\config\sensor_config.json
2026-04-06 14:27:52 | INFO | biosignals.utils.config | _watch_loop | ♻️ SensorConfig changed — reloading...
2026-04-06 14:27:52 | INFO | biosignals.src.utils.config | _watch_loop | ♻️ SensorConfig changed — reloading...
2026-04-06 14:27:52 | ERROR | biosignals.utils.config | _load_config | ❌ SensorConfig JSON syntax error: Expecting property name enclosed in double quotes: line 22 column 1 (char 379)
2026-04-06 14:27:52 | ERROR | biosignals.utils.config | _load_config |    File: C:\bci\Neurokey\config\sensor_config.json
2026-04-06 14:27:52 | ERROR | biosignals.src.utils.config | _load_config | ❌ SensorConfig JSON syntax error: Expecting property name enclosed in double quotes: line 22 column 1 (char 379)
2026-04-06 14:27:52 | ERROR | biosignals.src.utils.config | _load_config |    File: C:\bci\Neurokey\config\sensor_config.json
2026-04-06 14:27:52 | INFO | biosignals.src.utils.config | _watch_loop | ♻️ SensorConfig changed — reloading...
2026-04-06 14:27:52 | INFO | biosignals.src.utils.config | _watch_loop | ♻️ FilterConfig changed — reloading...
2026-04-06 14:27:52 | ERROR | biosignals.src.utils.config | _load_config | ❌ SensorConfig JSON syntax error: Expecting property name enclosed in double quotes: line 22 column 1 (char 379)
2026-04-06 14:27:52 | ERROR | biosignals.src.utils.config | _load_config |    File: C:\bci\Neurokey\config\sensor_config.json
2026-04-06 14:27:52 | ERROR | biosignals.src.utils.config | _load_config | ❌ FilterConfig JSON syntax error: Expecting property name enclosed in double quotes: line 4 column 1 (char 30)
2026-04-06 14:27:52 | ERROR | biosignals.src.utils.config | _load_config |    File: C:\bci\Neurokey\config\filter_config.json
2026-04-06 14:27:52 | ERROR | biosignals.__main__ | load_config | [Router] Failed to load sensor config (C:\bci\Neurokey\config\sensor_config.json): Expecting property name enclosed in double quotes: line 22 column 1 (char 379) — using defaults
2026-04-06 14:27:52 | ERROR | biosignals.__main__ | load_config | [Router] Failed to load filter config (C:\bci\Neurokey\config\filter_config.json): Expecting property name enclosed in double quotes: line 4 column 1 (char 30) — using defaults
2026-04-06 14:27:52 | INFO | biosignals.src.utils.config | _watch_loop | ♻️ FilterConfig changed — reloading...
2026-04-06 14:27:52 | ERROR | biosignals.src.utils.config | _load_config | ❌ FilterConfig JSON syntax error: Expecting property name enclosed in double quotes: line 4 column 1 (char 30)
2026-04-06 14:27:52 | ERROR | biosignals.src.utils.config | _load_config |    File: C:\bci\Neurokey\config\filter_config.json
2026-04-06 14:27:52 | INFO | biosignals.src.utils.config | _watch_loop | ♻️ FilterConfig changed — reloading...
2026-04-06 14:27:52 | ERROR | biosignals.src.utils.config | _load_config | ❌ FilterConfig JSON syntax error: Expecting property name enclosed in double quotes: line 4 column 1 (char 30)
2026-04-06 14:27:52 | ERROR | biosignals.src.utils.config | _load_config |    File: C:\bci\Neurokey\config\filter_config.json
2026-04-06 14:27:52 | INFO | biosignals.utils.config | _watch_loop | ♻️ FilterConfig changed — reloading...
2026-04-06 14:27:52 | ERROR | biosignals.utils.config | _load_config | ❌ FilterConfig JSON syntax error: Expecting property name enclosed in double quotes: line 4 column 1 (char 30)
2026-04-06 14:27:52 | ERROR | biosignals.utils.config | _load_config |    File: C:\bci\Neurokey\config\filter_config.json
2026-04-06 14:27:52 | INFO | biosignals.src.utils.config | _watch_loop | ♻️ SensorConfig changed — reloading...
2026-04-06 14:27:52 | ERROR | biosignals.src.utils.config | _load_config | ❌ SensorConfig JSON syntax error: Expecting property name enclosed in double quotes: line 22 column 1 (char 379)
2026-04-06 14:27:52 | ERROR | biosignals.src.utils.config | _load_config |    File: C:\bci\Neurokey\config\sensor_config.json
2026-04-06 14:27:52 | INFO | biosignals.utils.config | _watch_loop | ♻️ SensorConfig changed — reloading...
2026-04-06 14:27:52 | ERROR | biosignals.utils.config | _load_config | ❌ SensorConfig JSON syntax error: Expecting property name enclosed in double quotes: line 22 column 1 (char 379)
2026-04-06 14:27:52 | ERROR | biosignals.utils.config | _load_config |    File: C:\bci\Neurokey\config\sensor_config.json
2026-04-06 14:27:52 | INFO | biosignals.src.utils.config | _watch_loop | ♻️ SensorConfig changed — reloading...
2026-04-06 14:27:52 | ERROR | biosignals.src.utils.config | _load_config | ❌ SensorConfig JSON syntax error: Expecting property name enclosed in double quotes: line 22 column 1 (char 379)
2026-04-06 14:27:52 | ERROR | biosignals.src.utils.config | _load_config |    File: C:\bci\Neurokey\config\sensor_config.json
2026-04-06 14:27:52 | INFO | biosignals.utils.config | _watch_loop | ♻️ FilterConfig changed — reloading...
2026-04-06 14:27:52 | ERROR | biosignals.utils.config | _load_config | ❌ FilterConfig JSON syntax error: Expecting property name enclosed in double quotes: line 4 column 1 (char 30)
2026-04-06 14:27:52 | ERROR | biosignals.utils.config | _load_config |    File: C:\bci\Neurokey\config\filter_config.json
2026-04-06 14:27:52 | INFO | biosignals.utils.config | _watch_loop | ♻️ FilterConfig changed — reloading...
2026-04-06 14:27:52 | ERROR | biosignals.utils.config | _load_config | ❌ FilterConfig JSON syntax error: Expecting property name enclosed in double quotes: line 4 column 1 (char 30)
2026-04-06 14:27:52 | ERROR | biosignals.utils.config | _load_config |    File: C:\bci\Neurokey\config\filter_config.json
2026-04-06 14:27:52 | INFO | biosignals.utils.config | _watch_loop | ♻️ SensorConfig changed — reloading...
2026-04-06 14:27:52 | ERROR | biosignals.utils.config | _load_config | ❌ SensorConfig JSON syntax error: Expecting property name enclosed in double quotes: line 22 column 1 (char 379)
2026-04-06 14:27:52 | ERROR | biosignals.utils.config | _load_config |    File: C:\bci\Neurokey\config\sensor_config.json
2026-04-06 14:27:53 | INFO | biosignals.src.utils.config | _watch_loop | ♻️ FilterConfig changed — reloading...
2026-04-06 14:27:53 | ERROR | biosignals.src.utils.config | _load_config | ❌ FilterConfig JSON syntax error: Expecting property name enclosed in double quotes: line 4 column 1 (char 30)
2026-04-06 14:27:53 | ERROR | biosignals.src.utils.config | _load_config |    File: C:\bci\Neurokey\config\filter_config.json
2026-04-06 14:27:53 | INFO | biosignals.src.utils.config | _watch_loop | ♻️ FilterConfig changed — reloading...
2026-04-06 14:27:53 | ERROR | biosignals.src.utils.config | _load_config | ❌ FilterConfig JSON syntax error: Expecting property name enclosed in double quotes: line 4 column 1 (char 30)
2026-04-06 14:27:53 | ERROR | biosignals.src.utils.config | _load_config |    File: C:\bci\Neurokey\config\filter_config.json
2026-04-06 14:27:53 | INFO | biosignals.src.utils.config | _watch_loop | ♻️ FilterConfig changed — reloading...
2026-04-06 14:27:53 | ERROR | biosignals.src.utils.config | _load_config | ❌ FilterConfig JSON syntax error: Expecting property name enclosed in double quotes: line 4 column 1 (char 30)
2026-04-06 14:27:53 | ERROR | biosignals.src.utils.config | _load_config |    File: C:\bci\Neurokey\config\filter_config.json
2026-04-06 14:27:53 | INFO | biosignals.src.utils.config | _watch_loop | ♻️ SensorConfig changed — reloading...
2026-04-06 14:27:53 | ERROR | biosignals.src.utils.config | _load_config | ❌ SensorConfig JSON syntax error: Expecting property name enclosed in double quotes: line 22 column 1 (char 379)
2026-04-06 14:27:53 | ERROR | biosignals.src.utils.config | _load_config |    File: C:\bci\Neurokey\config\sensor_config.json
2026-04-06 14:27:53 | INFO | biosignals.src.utils.config | _watch_loop | ♻️ SensorConfig changed — reloading...
2026-04-06 14:27:53 | ERROR | biosignals.src.utils.config | _load_config | ❌ SensorConfig JSON syntax error: Expecting property name enclosed in double quotes: line 22 column 1 (char 379)
2026-04-06 14:27:53 | ERROR | biosignals.src.utils.config | _load_config |    File: C:\bci\Neurokey\config\sensor_config.json
2026-04-06 14:27:53 | INFO | biosignals.utils.config | _watch_loop | ♻️ SensorConfig changed — reloading...
2026-04-06 14:27:53 | ERROR | biosignals.utils.config | _load_config | ❌ SensorConfig JSON syntax error: Expecting property name enclosed in double quotes: line 22 column 1 (char 379)
2026-04-06 14:27:53 | INFO | biosignals.src.utils.config | _watch_loop | ♻️ SensorConfig changed — reloading...
2026-04-06 14:27:53 | ERROR | biosignals.utils.config | _load_config |    File: C:\bci\Neurokey\config\sensor_config.json
2026-04-06 14:27:53 | ERROR | biosignals.src.utils.config | _load_config | ❌ SensorConfig JSON syntax error: Expecting property name enclosed in double quotes: line 22 column 1 (char 379)
2026-04-06 14:27:53 | ERROR | biosignals.src.utils.config | _load_config |    File: C:\bci\Neurokey\config\sensor_config.json
2026-04-06 14:27:53 | INFO | biosignals.src.utils.config | _watch_loop | ♻️ SensorConfig changed — reloading...
2026-04-06 14:27:53 | ERROR | biosignals.src.utils.config | _load_config | ❌ SensorConfig JSON syntax error: Expecting property name enclosed in double quotes: line 22 column 1 (char 379)
2026-04-06 14:27:53 | INFO | biosignals.src.utils.config | _watch_loop | ♻️ FilterConfig changed — reloading...
2026-04-06 14:27:53 | ERROR | biosignals.src.utils.config | _load_config |    File: C:\bci\Neurokey\config\sensor_config.json
2026-04-06 14:27:53 | ERROR | biosignals.src.utils.config | _load_config | ❌ FilterConfig JSON syntax error: Expecting property name enclosed in double quotes: line 4 column 1 (char 30)
2026-04-06 14:27:53 | ERROR | biosignals.src.utils.config | _load_config |    File: C:\bci\Neurokey\config\filter_config.json
2026-04-06 14:27:53 | INFO | biosignals.src.utils.config | _watch_loop | ♻️ FilterConfig changed — reloading...
2026-04-06 14:27:53 | ERROR | biosignals.src.utils.config | _load_config | ❌ FilterConfig JSON syntax error: Expecting property name enclosed in double quotes: line 4 column 1 (char 30)
2026-04-06 14:27:53 | ERROR | biosignals.src.utils.config | _load_config |    File: C:\bci\Neurokey\config\filter_config.json
2026-04-06 14:27:53 | INFO | biosignals.src.utils.config | _watch_loop | ♻️ FilterConfig changed — reloading...
2026-04-06 14:27:53 | ERROR | biosignals.src.utils.config | _load_config | ❌ FilterConfig JSON syntax error: Expecting property name enclosed in double quotes: line 4 column 1 (char 30)
2026-04-06 14:27:53 | ERROR | biosignals.src.utils.config | _load_config |    File: C:\bci\Neurokey\config\filter_config.json
2026-04-06 14:27:53 | INFO | biosignals.utils.config | _watch_loop | ♻️ FilterConfig changed — reloading...
2026-04-06 14:27:53 | ERROR | biosignals.utils.config | _load_config | ❌ FilterConfig JSON syntax error: Expecting property name enclosed in double quotes: line 4 column 1 (char 30)
2026-04-06 14:27:53 | ERROR | biosignals.utils.config | _load_config |    File: C:\bci\Neurokey\config\filter_config.json
2026-04-06 14:27:53 | INFO | biosignals.src.utils.config | _watch_loop | ♻️ SensorConfig changed — reloading...
2026-04-06 14:27:53 | ERROR | biosignals.src.utils.config | _load_config | ❌ SensorConfig JSON syntax error: Expecting property name enclosed in double quotes: line 22 column 1 (char 379)
2026-04-06 14:27:53 | ERROR | biosignals.src.utils.config | _load_config |    File: C:\bci\Neurokey\config\sensor_config.json
2026-04-06 14:27:53 | INFO | biosignals.utils.config | _watch_loop | ♻️ SensorConfig changed — reloading...
2026-04-06 14:27:53 | ERROR | biosignals.utils.config | _load_config | ❌ SensorConfig JSON syntax error: Expecting property name enclosed in double quotes: line 22 column 1 (char 379)
2026-04-06 14:27:53 | ERROR | biosignals.utils.config | _load_config |    File: C:\bci\Neurokey\config\sensor_config.json
2026-04-06 14:27:53 | INFO | biosignals.src.utils.config | _watch_loop | ♻️ SensorConfig changed — reloading...
2026-04-06 14:27:53 | ERROR | biosignals.src.utils.config | _load_config | ❌ SensorConfig JSON syntax error: Expecting property name enclosed in double quotes: line 22 column 1 (char 379)
2026-04-06 14:27:53 | ERROR | biosignals.src.utils.config | _load_config |    File: C:\bci\Neurokey\config\sensor_config.json
2026-04-06 14:27:53 | INFO | biosignals.utils.config | _watch_loop | ♻️ FilterConfig changed — reloading...
2026-04-06 14:27:53 | ERROR | biosignals.utils.config | _load_config | ❌ FilterConfig JSON syntax error: Expecting property name enclosed in double quotes: line 4 column 1 (char 30)
2026-04-06 14:27:53 | ERROR | biosignals.utils.config | _load_config |    File: C:\bci\Neurokey\config\filter_config.json
2026-04-06 14:27:53 | INFO | biosignals.utils.config | _watch_loop | ♻️ FilterConfig changed — reloading...
2026-04-06 14:27:53 | ERROR | biosignals.utils.config | _load_config | ❌ FilterConfig JSON syntax error: Expecting property name enclosed in double quotes: line 4 column 1 (char 30)
2026-04-06 14:27:53 | ERROR | biosignals.utils.config | _load_config |    File: C:\bci\Neurokey\config\filter_config.json
2026-04-06 14:27:53 | INFO | biosignals.utils.config | _watch_loop | ♻️ SensorConfig changed — reloading...
2026-04-06 14:27:53 | ERROR | biosignals.utils.config | _load_config | ❌ SensorConfig JSON syntax error: Expecting property name enclosed in double quotes: line 22 column 1 (char 379)
2026-04-06 14:27:53 | ERROR | biosignals.utils.config | _load_config |    File: C:\bci\Neurokey\config\sensor_config.json
2026-04-06 14:27:54 | INFO | biosignals.src.utils.config | _watch_loop | ♻️ FilterConfig changed — reloading...
2026-04-06 14:27:54 | ERROR | biosignals.src.utils.config | _load_config | ❌ FilterConfig JSON syntax error: Expecting property name enclosed in double quotes: line 4 column 1 (char 30)
2026-04-06 14:27:54 | ERROR | biosignals.src.utils.config | _load_config |    File: C:\bci\Neurokey\config\filter_config.json
2026-04-06 14:27:54 | INFO | biosignals.src.utils.config | _watch_loop | ♻️ FilterConfig changed — reloading...
2026-04-06 14:27:54 | ERROR | biosignals.src.utils.config | _load_config | ❌ FilterConfig JSON syntax error: Expecting property name enclosed in double quotes: line 4 column 1 (char 30)
2026-04-06 14:27:54 | ERROR | biosignals.src.utils.config | _load_config |    File: C:\bci\Neurokey\config\filter_config.json
2026-04-06 14:27:54 | INFO | biosignals.src.utils.config | _watch_loop | ♻️ FilterConfig changed — reloading...
2026-04-06 14:27:54 | ERROR | biosignals.src.utils.config | _load_config | ❌ FilterConfig JSON syntax error: Expecting property name enclosed in double quotes: line 4 column 1 (char 30)
2026-04-06 14:27:54 | ERROR | biosignals.src.utils.config | _load_config |    File: C:\bci\Neurokey\config\filter_config.json
2026-04-06 14:27:54 | INFO | biosignals.src.utils.config | _watch_loop | ♻️ SensorConfig changed — reloading...
2026-04-06 14:27:54 | ERROR | biosignals.src.utils.config | _load_config | ❌ SensorConfig JSON syntax error: Expecting property name enclosed in double quotes: line 22 column 1 (char 379)
2026-04-06 14:27:54 | ERROR | biosignals.src.utils.config | _load_config |    File: C:\bci\Neurokey\config\sensor_config.json
2026-04-06 14:27:54 | INFO | biosignals.src.utils.config | _watch_loop | ♻️ SensorConfig changed — reloading...
2026-04-06 14:27:54 | ERROR | biosignals.src.utils.config | _load_config | ❌ SensorConfig JSON syntax error: Expecting property name enclosed in double quotes: line 22 column 1 (char 379)
2026-04-06 14:27:54 | ERROR | biosignals.src.utils.config | _load_config |    File: C:\bci\Neurokey\config\sensor_config.json
2026-04-06 14:27:54 | INFO | biosignals.utils.config | _watch_loop | ♻️ SensorConfig changed — reloading...
2026-04-06 14:27:54 | ERROR | biosignals.utils.config | _load_config | ❌ SensorConfig JSON syntax error: Expecting property name enclosed in double quotes: line 22 column 1 (char 379)
2026-04-06 14:27:54 | ERROR | biosignals.utils.config | _load_config |    File: C:\bci\Neurokey\config\sensor_config.json
2026-04-06 14:27:54 | INFO | biosignals.src.utils.config | _watch_loop | ♻️ SensorConfig changed — reloading...
2026-04-06 14:27:54 | ERROR | biosignals.src.utils.config | _load_config | ❌ SensorConfig JSON syntax error: Expecting property name enclosed in double quotes: line 22 column 1 (char 379)
2026-04-06 14:27:54 | ERROR | biosignals.src.utils.config | _load_config |    File: C:\bci\Neurokey\config\sensor_config.json
2026-04-06 14:27:54 | INFO | biosignals.src.utils.config | _watch_loop | ♻️ SensorConfig changed — reloading...
2026-04-06 14:27:54 | ERROR | biosignals.src.utils.config | _load_config | ❌ SensorConfig JSON syntax error: Expecting property name enclosed in double quotes: line 22 column 1 (char 379)
2026-04-06 14:27:54 | INFO | biosignals.src.utils.config | _watch_loop | ♻️ FilterConfig changed — reloading...
2026-04-06 14:27:54 | ERROR | biosignals.src.utils.config | _load_config |    File: C:\bci\Neurokey\config\sensor_config.json
2026-04-06 14:27:54 | ERROR | biosignals.src.utils.config | _load_config | ❌ FilterConfig JSON syntax error: Expecting property name enclosed in double quotes: line 4 column 1 (char 30)
2026-04-06 14:27:54 | ERROR | biosignals.src.utils.config | _load_config |    File: C:\bci\Neurokey\config\filter_config.json
2026-04-06 14:27:54 | ERROR | biosignals.__main__ | load_config | [Router] Failed to load sensor config (C:\bci\Neurokey\config\sensor_config.json): Expecting property name enclosed in double quotes: line 22 column 1 (char 379) — using defaults
2026-04-06 14:27:54 | ERROR | biosignals.__main__ | load_config | [Router] Failed to load filter config (C:\bci\Neurokey\config\filter_config.json): Expecting property name enclosed in double quotes: line 4 column 1 (char 30) — using defaults
2026-04-06 14:27:54 | INFO | biosignals.src.utils.config | _watch_loop | ♻️ FilterConfig changed — reloading...
2026-04-06 14:27:54 | ERROR | biosignals.src.utils.config | _load_config | ❌ FilterConfig JSON syntax error: Expecting property name enclosed in double quotes: line 4 column 1 (char 30)
2026-04-06 14:27:54 | ERROR | biosignals.src.utils.config | _load_config |    File: C:\bci\Neurokey\config\filter_config.json
2026-04-06 14:27:54 | INFO | biosignals.src.utils.config | _watch_loop | ♻️ FilterConfig changed — reloading...
2026-04-06 14:27:54 | ERROR | biosignals.src.utils.config | _load_config | ❌ FilterConfig JSON syntax error: Expecting property name enclosed in double quotes: line 4 column 1 (char 30)
2026-04-06 14:27:54 | ERROR | biosignals.src.utils.config | _load_config |    File: C:\bci\Neurokey\config\filter_config.json
2026-04-06 14:27:54 | INFO | biosignals.utils.config | _watch_loop | ♻️ FilterConfig changed — reloading...
2026-04-06 14:27:54 | ERROR | biosignals.utils.config | _load_config | ❌ FilterConfig JSON syntax error: Expecting property name enclosed in double quotes: line 4 column 1 (char 30)
2026-04-06 14:27:54 | ERROR | biosignals.utils.config | _load_config |    File: C:\bci\Neurokey\config\filter_config.json
2026-04-06 14:27:54 | INFO | biosignals.src.utils.config | _watch_loop | ♻️ SensorConfig changed — reloading...
2026-04-06 14:27:54 | ERROR | biosignals.src.utils.config | _load_config | ❌ SensorConfig JSON syntax error: Expecting property name enclosed in double quotes: line 22 column 1 (char 379)
2026-04-06 14:27:54 | ERROR | biosignals.src.utils.config | _load_config |    File: C:\bci\Neurokey\config\sensor_config.json
2026-04-06 14:27:54 | INFO | biosignals.utils.config | _watch_loop | ♻️ SensorConfig changed — reloading...
2026-04-06 14:27:54 | ERROR | biosignals.utils.config | _load_config | ❌ SensorConfig JSON syntax error: Expecting property name enclosed in double quotes: line 22 column 1 (char 379)
2026-04-06 14:27:54 | ERROR | biosignals.utils.config | _load_config |    File: C:\bci\Neurokey\config\sensor_config.json
2026-04-06 14:27:54 | INFO | biosignals.src.utils.config | _watch_loop | ♻️ SensorConfig changed — reloading...
2026-04-06 14:27:54 | ERROR | biosignals.src.utils.config | _load_config | ❌ SensorConfig JSON syntax error: Expecting property name enclosed in double quotes: line 22 column 1 (char 379)
2026-04-06 14:27:54 | ERROR | biosignals.src.utils.config | _load_config |    File: C:\bci\Neurokey\config\sensor_config.json
2026-04-06 14:27:54 | INFO | biosignals.utils.config | _watch_loop | ♻️ FilterConfig changed — reloading...
2026-04-06 14:27:54 | ERROR | biosignals.utils.config | _load_config | ❌ FilterConfig JSON syntax error: Expecting property name enclosed in double quotes: line 4 column 1 (char 30)
2026-04-06 14:27:54 | ERROR | biosignals.utils.config | _load_config |    File: C:\bci\Neurokey\config\filter_config.json
2026-04-06 14:27:54 | INFO | biosignals.utils.config | _watch_loop | ♻️ FilterConfig changed — reloading...
2026-04-06 14:27:54 | ERROR | biosignals.utils.config | _load_config | ❌ FilterConfig JSON syntax error: Expecting property name enclosed in double quotes: line 4 column 1 (char 30)
2026-04-06 14:27:54 | ERROR | biosignals.utils.config | _load_config |    File: C:\bci\Neurokey\config\filter_config.json
2026-04-06 14:27:54 | INFO | biosignals.utils.config | _watch_loop | ♻️ SensorConfig changed — reloading...
2026-04-06 14:27:54 | ERROR | biosignals.utils.config | _load_config | ❌ SensorConfig JSON syntax error: Expecting property name enclosed in double quotes: line 22 column 1 (char 379)
2026-04-06 14:27:54 | ERROR | biosignals.utils.config | _load_config |    File: C:\bci\Neurokey\config\sensor_config.json
2026-04-06 14:27:55 | INFO | biosignals.src.utils.config | _watch_loop | ♻️ FilterConfig changed — reloading...
2026-04-06 14:27:55 | ERROR | biosignals.src.utils.config | _load_config | ❌ FilterConfig JSON syntax error: Expecting property name enclosed in double quotes: line 4 column 1 (char 30)
2026-04-06 14:27:55 | ERROR | biosignals.src.utils.config | _load_config |    File: C:\bci\Neurokey\config\filter_config.json
2026-04-06 14:27:55 | INFO | biosignals.src.utils.config | _watch_loop | ♻️ FilterConfig changed — reloading...
2026-04-06 14:27:55 | ERROR | biosignals.src.utils.config | _load_config | ❌ FilterConfig JSON syntax error: Expecting property name enclosed in double quotes: line 4 column 1 (char 30)
2026-04-06 14:27:55 | ERROR | biosignals.src.utils.config | _load_config |    File: C:\bci\Neurokey\config\filter_config.json
2026-04-06 14:27:55 | INFO | biosignals.src.utils.config | _watch_loop | ♻️ FilterConfig changed — reloading...
2026-04-06 14:27:55 | ERROR | biosignals.src.utils.config | _load_config | ❌ FilterConfig JSON syntax error: Expecting property name enclosed in double quotes: line 4 column 1 (char 30)
2026-04-06 14:27:55 | ERROR | biosignals.src.utils.config | _load_config |    File: C:\bci\Neurokey\config\filter_config.json
2026-04-06 14:27:55 | INFO | biosignals.src.utils.config | _watch_loop | ♻️ SensorConfig changed — reloading...
2026-04-06 14:27:55 | ERROR | biosignals.src.utils.config | _load_config | ❌ SensorConfig JSON syntax error: Expecting property name enclosed in double quotes: line 22 column 1 (char 379)
2026-04-06 14:27:55 | ERROR | biosignals.src.utils.config | _load_config |    File: C:\bci\Neurokey\config\sensor_config.json
2026-04-06 14:27:55 | INFO | biosignals.src.utils.config | _watch_loop | ♻️ SensorConfig changed — reloading...
2026-04-06 14:27:55 | ERROR | biosignals.src.utils.config | _load_config | ❌ SensorConfig JSON syntax error: Expecting property name enclosed in double quotes: line 22 column 1 (char 379)
2026-04-06 14:27:55 | ERROR | biosignals.src.utils.config | _load_config |    File: C:\bci\Neurokey\config\sensor_config.json
2026-04-06 14:27:55 | INFO | biosignals.utils.config | _watch_loop | ♻️ SensorConfig changed — reloading...
2026-04-06 14:27:55 | ERROR | biosignals.utils.config | _load_config | ❌ SensorConfig JSON syntax error: Expecting property name enclosed in double quotes: line 22 column 1 (char 379)
2026-04-06 14:27:55 | INFO | biosignals.src.utils.config | _watch_loop | ♻️ SensorConfig changed — reloading...
2026-04-06 14:27:55 | ERROR | biosignals.utils.config | _load_config |    File: C:\bci\Neurokey\config\sensor_config.json
2026-04-06 14:27:55 | ERROR | biosignals.src.utils.config | _load_config | ❌ SensorConfig JSON syntax error: Expecting property name enclosed in double quotes: line 22 column 1 (char 379)
2026-04-06 14:27:55 | ERROR | biosignals.src.utils.config | _load_config |    File: C:\bci\Neurokey\config\sensor_config.json
2026-04-06 14:27:55 | INFO | biosignals.src.utils.config | _watch_loop | ♻️ SensorConfig changed — reloading...
2026-04-06 14:27:55 | INFO | biosignals.src.utils.config | _watch_loop | ♻️ FilterConfig changed — reloading...
2026-04-06 14:27:55 | ERROR | biosignals.src.utils.config | _load_config | ❌ SensorConfig JSON syntax error: Expecting property name enclosed in double quotes: line 22 column 1 (char 379)
2026-04-06 14:27:55 | ERROR | biosignals.src.utils.config | _load_config | ❌ FilterConfig JSON syntax error: Expecting property name enclosed in double quotes: line 4 column 1 (char 30)
2026-04-06 14:27:55 | ERROR | biosignals.src.utils.config | _load_config |    File: C:\bci\Neurokey\config\sensor_config.json
2026-04-06 14:27:55 | ERROR | biosignals.src.utils.config | _load_config |    File: C:\bci\Neurokey\config\filter_config.json
2026-04-06 14:27:55 | INFO | biosignals.src.utils.config | _watch_loop | ♻️ FilterConfig changed — reloading...
2026-04-06 14:27:55 | ERROR | biosignals.src.utils.config | _load_config | ❌ FilterConfig JSON syntax error: Expecting property name enclosed in double quotes: line 4 column 1 (char 30)
2026-04-06 14:27:55 | ERROR | biosignals.src.utils.config | _load_config |    File: C:\bci\Neurokey\config\filter_config.json
2026-04-06 14:27:55 | INFO | biosignals.src.utils.config | _watch_loop | ♻️ FilterConfig changed — reloading...
2026-04-06 14:27:55 | ERROR | biosignals.src.utils.config | _load_config | ❌ FilterConfig JSON syntax error: Expecting property name enclosed in double quotes: line 4 column 1 (char 30)
2026-04-06 14:27:55 | ERROR | biosignals.src.utils.config | _load_config |    File: C:\bci\Neurokey\config\filter_config.json
2026-04-06 14:27:55 | INFO | biosignals.utils.config | _watch_loop | ♻️ FilterConfig changed — reloading...
2026-04-06 14:27:55 | ERROR | biosignals.utils.config | _load_config | ❌ FilterConfig JSON syntax error: Expecting property name enclosed in double quotes: line 4 column 1 (char 30)
2026-04-06 14:27:55 | ERROR | biosignals.utils.config | _load_config |    File: C:\bci\Neurokey\config\filter_config.json
2026-04-06 14:27:55 | INFO | biosignals.src.utils.config | _watch_loop | ♻️ SensorConfig changed — reloading...
2026-04-06 14:27:55 | ERROR | biosignals.src.utils.config | _load_config | ❌ SensorConfig JSON syntax error: Expecting property name enclosed in double quotes: line 22 column 1 (char 379)
2026-04-06 14:27:55 | ERROR | biosignals.src.utils.config | _load_config |    File: C:\bci\Neurokey\config\sensor_config.json
2026-04-06 14:27:55 | INFO | biosignals.utils.config | _watch_loop | ♻️ SensorConfig changed — reloading...
2026-04-06 14:27:55 | ERROR | biosignals.utils.config | _load_config | ❌ SensorConfig JSON syntax error: Expecting property name enclosed in double quotes: line 22 column 1 (char 379)
2026-04-06 14:27:55 | ERROR | biosignals.utils.config | _load_config |    File: C:\bci\Neurokey\config\sensor_config.json
2026-04-06 14:27:55 | INFO | biosignals.src.utils.config | _watch_loop | ♻️ SensorConfig changed — reloading...
2026-04-06 14:27:55 | ERROR | biosignals.src.utils.config | _load_config | ❌ SensorConfig JSON syntax error: Expecting property name enclosed in double quotes: line 22 column 1 (char 379)
2026-04-06 14:27:55 | ERROR | biosignals.src.utils.config | _load_config |    File: C:\bci\Neurokey\config\sensor_config.json
2026-04-06 14:27:55 | INFO | biosignals.utils.config | _watch_loop | ♻️ FilterConfig changed — reloading...
2026-04-06 14:27:55 | ERROR | biosignals.utils.config | _load_config | ❌ FilterConfig JSON syntax error: Expecting property name enclosed in double quotes: line 4 column 1 (char 30)
2026-04-06 14:27:55 | ERROR | biosignals.utils.config | _load_config |    File: C:\bci\Neurokey\config\filter_config.json
2026-04-06 14:27:55 | INFO | biosignals.utils.config | _watch_loop | ♻️ FilterConfig changed — reloading...
2026-04-06 14:27:55 | ERROR | biosignals.utils.config | _load_config | ❌ FilterConfig JSON syntax error: Expecting property name enclosed in double quotes: line 4 column 1 (char 30)
2026-04-06 14:27:55 | ERROR | biosignals.utils.config | _load_config |    File: C:\bci\Neurokey\config\filter_config.json
2026-04-06 14:27:55 | INFO | biosignals.utils.config | _watch_loop | ♻️ SensorConfig changed — reloading...
2026-04-06 14:27:55 | ERROR | biosignals.utils.config | _load_config | ❌ SensorConfig JSON syntax error: Expecting property name enclosed in double quotes: line 22 column 1 (char 379)
2026-04-06 14:27:55 | ERROR | biosignals.utils.config | _load_config |    File: C:\bci\Neurokey\config\sensor_config.json
2026-04-06 14:27:56 | INFO | biosignals.src.utils.config | _watch_loop | ♻️ FilterConfig changed — reloading...
2026-04-06 14:27:56 | ERROR | biosignals.src.utils.config | _load_config | ❌ FilterConfig JSON syntax error: Expecting property name enclosed in double quotes: line 4 column 1 (char 30)
2026-04-06 14:27:56 | ERROR | biosignals.src.utils.config | _load_config |    File: C:\bci\Neurokey\config\filter_config.json
2026-04-06 14:27:56 | INFO | biosignals.src.utils.config | _watch_loop | ♻️ FilterConfig changed — reloading...
2026-04-06 14:27:56 | ERROR | biosignals.src.utils.config | _load_config | ❌ FilterConfig JSON syntax error: Expecting property name enclosed in double quotes: line 4 column 1 (char 30)
2026-04-06 14:27:56 | ERROR | biosignals.src.utils.config | _load_config |    File: C:\bci\Neurokey\config\filter_config.json
2026-04-06 14:27:56 | INFO | biosignals.src.utils.config | _watch_loop | ♻️ FilterConfig changed — reloading...
2026-04-06 14:27:56 | ERROR | biosignals.src.utils.config | _load_config | ❌ FilterConfig JSON syntax error: Expecting property name enclosed in double quotes: line 4 column 1 (char 30)
2026-04-06 14:27:56 | ERROR | biosignals.src.utils.config | _load_config |    File: C:\bci\Neurokey\config\filter_config.json
2026-04-06 14:27:56 | INFO | biosignals.src.utils.config | _watch_loop | ♻️ SensorConfig changed — reloading...
2026-04-06 14:27:56 | ERROR | biosignals.src.utils.config | _load_config | ❌ SensorConfig JSON syntax error: Expecting property name enclosed in double quotes: line 22 column 1 (char 379)
2026-04-06 14:27:56 | ERROR | biosignals.src.utils.config | _load_config |    File: C:\bci\Neurokey\config\sensor_config.json
2026-04-06 14:27:56 | INFO | biosignals.src.utils.config | _watch_loop | ♻️ SensorConfig changed — reloading...
2026-04-06 14:27:56 | ERROR | biosignals.src.utils.config | _load_config | ❌ SensorConfig JSON syntax error: Expecting property name enclosed in double quotes: line 22 column 1 (char 379)
2026-04-06 14:27:56 | ERROR | biosignals.src.utils.config | _load_config |    File: C:\bci\Neurokey\config\sensor_config.json
2026-04-06 14:27:56 | INFO | biosignals.utils.config | _watch_loop | ♻️ SensorConfig changed — reloading...
2026-04-06 14:27:56 | INFO | biosignals.src.utils.config | _watch_loop | ♻️ SensorConfig changed — reloading...
2026-04-06 14:27:56 | ERROR | biosignals.src.utils.config | _load_config | ❌ SensorConfig JSON syntax error: Expecting property name enclosed in double quotes: line 22 column 1 (char 379)
2026-04-06 14:27:56 | ERROR | biosignals.src.utils.config | _load_config |    File: C:\bci\Neurokey\config\sensor_config.json
2026-04-06 14:27:56 | ERROR | biosignals.utils.config | _load_config | ❌ SensorConfig JSON syntax error: Expecting property name enclosed in double quotes: line 22 column 1 (char 379)
2026-04-06 14:27:56 | ERROR | biosignals.utils.config | _load_config |    File: C:\bci\Neurokey\config\sensor_config.json
2026-04-06 14:27:56 | INFO | biosignals.src.utils.config | _watch_loop | ♻️ SensorConfig changed — reloading...
2026-04-06 14:27:56 | INFO | biosignals.src.utils.config | _watch_loop | ♻️ FilterConfig changed — reloading...
2026-04-06 14:27:56 | ERROR | biosignals.src.utils.config | _load_config | ❌ SensorConfig JSON syntax error: Expecting property name enclosed in double quotes: line 22 column 1 (char 379)
2026-04-06 14:27:56 | ERROR | biosignals.src.utils.config | _load_config | ❌ FilterConfig JSON syntax error: Expecting property name enclosed in double quotes: line 4 column 1 (char 30)
2026-04-06 14:27:56 | ERROR | biosignals.src.utils.config | _load_config |    File: C:\bci\Neurokey\config\sensor_config.json
2026-04-06 14:27:56 | ERROR | biosignals.src.utils.config | _load_config |    File: C:\bci\Neurokey\config\filter_config.json
2026-04-06 14:27:56 | ERROR | biosignals.__main__ | load_config | [Router] Failed to load sensor config (C:\bci\Neurokey\config\sensor_config.json): Expecting property name enclosed in double quotes: line 22 column 1 (char 379) — using defaults
2026-04-06 14:27:56 | ERROR | biosignals.__main__ | load_config | [Router] Failed to load filter config (C:\bci\Neurokey\config\filter_config.json): Expecting property name enclosed in double quotes: line 4 column 1 (char 30) — using defaults
2026-04-06 14:27:56 | INFO | biosignals.src.utils.config | _watch_loop | ♻️ FilterConfig changed — reloading...
2026-04-06 14:27:56 | ERROR | biosignals.src.utils.config | _load_config | ❌ FilterConfig JSON syntax error: Expecting property name enclosed in double quotes: line 4 column 1 (char 30)
2026-04-06 14:27:56 | ERROR | biosignals.src.utils.config | _load_config |    File: C:\bci\Neurokey\config\filter_config.json
2026-04-06 14:27:56 | INFO | biosignals.src.utils.config | _watch_loop | ♻️ FilterConfig changed — reloading...
2026-04-06 14:27:56 | ERROR | biosignals.src.utils.config | _load_config | ❌ FilterConfig JSON syntax error: Expecting property name enclosed in double quotes: line 4 column 1 (char 30)
2026-04-06 14:27:56 | ERROR | biosignals.src.utils.config | _load_config |    File: C:\bci\Neurokey\config\filter_config.json
2026-04-06 14:27:56 | INFO | biosignals.utils.config | _watch_loop | ♻️ FilterConfig changed — reloading...
2026-04-06 14:27:56 | ERROR | biosignals.utils.config | _load_config | ❌ FilterConfig JSON syntax error: Expecting property name enclosed in double quotes: line 4 column 1 (char 30)
2026-04-06 14:27:56 | ERROR | biosignals.utils.config | _load_config |    File: C:\bci\Neurokey\config\filter_config.json
2026-04-06 14:27:56 | INFO | biosignals.src.utils.config | _watch_loop | ♻️ SensorConfig changed — reloading...
2026-04-06 14:27:56 | ERROR | biosignals.src.utils.config | _load_config | ❌ SensorConfig JSON syntax error: Expecting property name enclosed in double quotes: line 22 column 1 (char 379)
2026-04-06 14:27:56 | ERROR | biosignals.src.utils.config | _load_config |    File: C:\bci\Neurokey\config\sensor_config.json
2026-04-06 14:27:56 | INFO | biosignals.utils.config | _watch_loop | ♻️ SensorConfig changed — reloading...
2026-04-06 14:27:56 | ERROR | biosignals.utils.config | _load_config | ❌ SensorConfig JSON syntax error: Expecting property name enclosed in double quotes: line 22 column 1 (char 379)
2026-04-06 14:27:56 | ERROR | biosignals.utils.config | _load_config |    File: C:\bci\Neurokey\config\sensor_config.json
2026-04-06 14:27:56 | INFO | biosignals.src.utils.config | _watch_loop | ♻️ SensorConfig changed — reloading...
2026-04-06 14:27:56 | ERROR | biosignals.src.utils.config | _load_config | ❌ SensorConfig JSON syntax error: Expecting property name enclosed in double quotes: line 22 column 1 (char 379)
2026-04-06 14:27:56 | ERROR | biosignals.src.utils.config | _load_config |    File: C:\bci\Neurokey\config\sensor_config.json
2026-04-06 14:27:56 | INFO | biosignals.utils.config | _watch_loop | ♻️ FilterConfig changed — reloading...
2026-04-06 14:27:56 | ERROR | biosignals.utils.config | _load_config | ❌ FilterConfig JSON syntax error: Expecting property name enclosed in double quotes: line 4 column 1 (char 30)
2026-04-06 14:27:56 | ERROR | biosignals.utils.config | _load_config |    File: C:\bci\Neurokey\config\filter_config.json
2026-04-06 14:27:56 | INFO | biosignals.utils.config | _watch_loop | ♻️ FilterConfig changed — reloading...
2026-04-06 14:27:56 | ERROR | biosignals.utils.config | _load_config | ❌ FilterConfig JSON syntax error: Expecting property name enclosed in double quotes: line 4 column 1 (char 30)
2026-04-06 14:27:56 | ERROR | biosignals.utils.config | _load_config |    File: C:\bci\Neurokey\config\filter_config.json
2026-04-06 14:27:57 | INFO | biosignals.utils.config | _watch_loop | ♻️ SensorConfig changed — reloading...
2026-04-06 14:27:57 | ERROR | biosignals.utils.config | _load_config | ❌ SensorConfig JSON syntax error: Expecting property name enclosed in double quotes: line 22 column 1 (char 379)
2026-04-06 14:27:57 | ERROR | biosignals.utils.config | _load_config |    File: C:\bci\Neurokey\config\sensor_config.json
2026-04-06 14:27:57 | INFO | biosignals.src.utils.config | _watch_loop | ♻️ FilterConfig changed — reloading...
2026-04-06 14:27:57 | ERROR | biosignals.src.utils.config | _load_config | ❌ FilterConfig JSON syntax error: Expecting property name enclosed in double quotes: line 4 column 1 (char 30)
2026-04-06 14:27:57 | ERROR | biosignals.src.utils.config | _load_config |    File: C:\bci\Neurokey\config\filter_config.json
2026-04-06 14:27:57 | INFO | biosignals.src.utils.config | _watch_loop | ♻️ FilterConfig changed — reloading...
2026-04-06 14:27:57 | ERROR | biosignals.src.utils.config | _load_config | ❌ FilterConfig JSON syntax error: Expecting property name enclosed in double quotes: line 4 column 1 (char 30)
2026-04-06 14:27:57 | ERROR | biosignals.src.utils.config | _load_config |    File: C:\bci\Neurokey\config\filter_config.json
2026-04-06 14:27:57 | INFO | biosignals.src.utils.config | _watch_loop | ♻️ FilterConfig changed — reloading...
2026-04-06 14:27:57 | ERROR | biosignals.src.utils.config | _load_config | ❌ FilterConfig JSON syntax error: Expecting property name enclosed in double quotes: line 4 column 1 (char 30)
2026-04-06 14:27:57 | ERROR | biosignals.src.utils.config | _load_config |    File: C:\bci\Neurokey\config\filter_config.json
2026-04-06 14:27:57 | INFO | biosignals.src.utils.config | _watch_loop | ♻️ SensorConfig changed — reloading...
2026-04-06 14:27:57 | ERROR | biosignals.src.utils.config | _load_config | ❌ SensorConfig JSON syntax error: Expecting property name enclosed in double quotes: line 22 column 1 (char 379)
2026-04-06 14:27:57 | ERROR | biosignals.src.utils.config | _load_config |    File: C:\bci\Neurokey\config\sensor_config.json
2026-04-06 14:27:57 | INFO | biosignals.src.utils.config | _watch_loop | ♻️ SensorConfig changed — reloading...
2026-04-06 14:27:57 | ERROR | biosignals.src.utils.config | _load_config | ❌ SensorConfig JSON syntax error: Expecting property name enclosed in double quotes: line 22 column 1 (char 379)
2026-04-06 14:27:57 | ERROR | biosignals.src.utils.config | _load_config |    File: C:\bci\Neurokey\config\sensor_config.json
2026-04-06 14:27:57 | INFO | biosignals.src.utils.config | _watch_loop | ♻️ SensorConfig changed — reloading...
2026-04-06 14:27:57 | ERROR | biosignals.src.utils.config | _load_config | ❌ SensorConfig JSON syntax error: Expecting property name enclosed in double quotes: line 22 column 1 (char 379)
2026-04-06 14:27:57 | INFO | biosignals.utils.config | _watch_loop | ♻️ SensorConfig changed — reloading...
2026-04-06 14:27:57 | ERROR | biosignals.src.utils.config | _load_config |    File: C:\bci\Neurokey\config\sensor_config.json
2026-04-06 14:27:57 | ERROR | biosignals.utils.config | _load_config | ❌ SensorConfig JSON syntax error: Expecting property name enclosed in double quotes: line 22 column 1 (char 379)
2026-04-06 14:27:57 | ERROR | biosignals.utils.config | _load_config |    File: C:\bci\Neurokey\config\sensor_config.json
2026-04-06 14:27:57 | INFO | biosignals.src.utils.config | _watch_loop | ♻️ FilterConfig changed — reloading...
2026-04-06 14:27:57 | INFO | biosignals.src.utils.config | _watch_loop | ♻️ SensorConfig changed — reloading...
2026-04-06 14:27:57 | ERROR | biosignals.src.utils.config | _load_config | ❌ FilterConfig JSON syntax error: Expecting property name enclosed in double quotes: line 4 column 1 (char 30)
2026-04-06 14:27:57 | ERROR | biosignals.src.utils.config | _load_config |    File: C:\bci\Neurokey\config\filter_config.json
2026-04-06 14:27:57 | ERROR | biosignals.src.utils.config | _load_config | ❌ SensorConfig JSON syntax error: Expecting property name enclosed in double quotes: line 22 column 1 (char 379)
2026-04-06 14:27:57 | ERROR | biosignals.src.utils.config | _load_config |    File: C:\bci\Neurokey\config\sensor_config.json
2026-04-06 14:27:57 | INFO | biosignals.src.utils.config | _watch_loop | ♻️ FilterConfig changed — reloading...
2026-04-06 14:27:57 | ERROR | biosignals.src.utils.config | _load_config | ❌ FilterConfig JSON syntax error: Expecting property name enclosed in double quotes: line 4 column 1 (char 30)
2026-04-06 14:27:57 | ERROR | biosignals.src.utils.config | _load_config |    File: C:\bci\Neurokey\config\filter_config.json
2026-04-06 14:27:57 | INFO | biosignals.src.utils.config | _watch_loop | ♻️ FilterConfig changed — reloading...
2026-04-06 14:27:57 | ERROR | biosignals.src.utils.config | _load_config | ❌ FilterConfig JSON syntax error: Expecting property name enclosed in double quotes: line 4 column 1 (char 30)
2026-04-06 14:27:57 | ERROR | biosignals.src.utils.config | _load_config |    File: C:\bci\Neurokey\config\filter_config.json
2026-04-06 14:27:57 | INFO | biosignals.utils.config | _watch_loop | ♻️ FilterConfig changed — reloading...
2026-04-06 14:27:57 | ERROR | biosignals.utils.config | _load_config | ❌ FilterConfig JSON syntax error: Expecting property name enclosed in double quotes: line 4 column 1 (char 30)
2026-04-06 14:27:57 | ERROR | biosignals.utils.config | _load_config |    File: C:\bci\Neurokey\config\filter_config.json
2026-04-06 14:27:57 | INFO | biosignals.src.utils.config | _watch_loop | ♻️ SensorConfig changed — reloading...
2026-04-06 14:27:57 | ERROR | biosignals.src.utils.config | _load_config | ❌ SensorConfig JSON syntax error: Expecting property name enclosed in double quotes: line 22 column 1 (char 379)
2026-04-06 14:27:57 | ERROR | biosignals.src.utils.config | _load_config |    File: C:\bci\Neurokey\config\sensor_config.json
2026-04-06 14:27:57 | INFO | biosignals.utils.config | _watch_loop | ♻️ SensorConfig changed — reloading...
2026-04-06 14:27:57 | ERROR | biosignals.utils.config | _load_config | ❌ SensorConfig JSON syntax error: Expecting property name enclosed in double quotes: line 22 column 1 (char 379)
2026-04-06 14:27:57 | ERROR | biosignals.utils.config | _load_config |    File: C:\bci\Neurokey\config\sensor_config.json
2026-04-06 14:27:57 | INFO | biosignals.src.utils.config | _watch_loop | ♻️ SensorConfig changed — reloading...
2026-04-06 14:27:57 | ERROR | biosignals.src.utils.config | _load_config | ❌ SensorConfig JSON syntax error: Expecting property name enclosed in double quotes: line 22 column 1 (char 379)
2026-04-06 14:27:57 | ERROR | biosignals.src.utils.config | _load_config |    File: C:\bci\Neurokey\config\sensor_config.json
2026-04-06 14:27:57 | INFO | biosignals.utils.config | _watch_loop | ♻️ FilterConfig changed — reloading...
2026-04-06 14:27:57 | ERROR | biosignals.utils.config | _load_config | ❌ FilterConfig JSON syntax error: Expecting property name enclosed in double quotes: line 4 column 1 (char 30)
2026-04-06 14:27:57 | ERROR | biosignals.utils.config | _load_config |    File: C:\bci\Neurokey\config\filter_config.json
2026-04-06 14:27:57 | INFO | biosignals.utils.config | _watch_loop | ♻️ FilterConfig changed — reloading...
2026-04-06 14:27:57 | ERROR | biosignals.utils.config | _load_config | ❌ FilterConfig JSON syntax error: Expecting property name enclosed in double quotes: line 4 column 1 (char 30)
2026-04-06 14:27:57 | ERROR | biosignals.utils.config | _load_config |    File: C:\bci\Neurokey\config\filter_config.json
2026-04-06 14:27:58 | INFO | biosignals.utils.config | _watch_loop | ♻️ SensorConfig changed — reloading...
2026-04-06 14:27:58 | ERROR | biosignals.utils.config | _load_config | ❌ SensorConfig JSON syntax error: Expecting property name enclosed in double quotes: line 22 column 1 (char 379)
2026-04-06 14:27:58 | ERROR | biosignals.utils.config | _load_config |    File: C:\bci\Neurokey\config\sensor_config.json
2026-04-06 14:27:58 | INFO | biosignals.src.utils.config | _watch_loop | ♻️ FilterConfig changed — reloading...
2026-04-06 14:27:58 | ERROR | biosignals.src.utils.config | _load_config | ❌ FilterConfig JSON syntax error: Expecting property name enclosed in double quotes: line 4 column 1 (char 30)
2026-04-06 14:27:58 | ERROR | biosignals.src.utils.config | _load_config |    File: C:\bci\Neurokey\config\filter_config.json
2026-04-06 14:27:58 | INFO | biosignals.src.utils.config | _watch_loop | ♻️ FilterConfig changed — reloading...
2026-04-06 14:27:58 | ERROR | biosignals.src.utils.config | _load_config | ❌ FilterConfig JSON syntax error: Expecting property name enclosed in double quotes: line 4 column 1 (char 30)
2026-04-06 14:27:58 | ERROR | biosignals.src.utils.config | _load_config |    File: C:\bci\Neurokey\config\filter_config.json
2026-04-06 14:27:58 | INFO | biosignals.src.utils.config | _watch_loop | ♻️ FilterConfig changed — reloading...
2026-04-06 14:27:58 | ERROR | biosignals.src.utils.config | _load_config | ❌ FilterConfig JSON syntax error: Expecting property name enclosed in double quotes: line 4 column 1 (char 30)
2026-04-06 14:27:58 | ERROR | biosignals.src.utils.config | _load_config |    File: C:\bci\Neurokey\config\filter_config.json
2026-04-06 14:27:58 | INFO | biosignals.src.utils.config | _watch_loop | ♻️ SensorConfig changed — reloading...
2026-04-06 14:27:58 | ERROR | biosignals.src.utils.config | _load_config | ❌ SensorConfig JSON syntax error: Expecting property name enclosed in double quotes: line 22 column 1 (char 379)
2026-04-06 14:27:58 | ERROR | biosignals.src.utils.config | _load_config |    File: C:\bci\Neurokey\config\sensor_config.json
2026-04-06 14:27:58 | INFO | biosignals.src.utils.config | _watch_loop | ♻️ SensorConfig changed — reloading...
2026-04-06 14:27:58 | ERROR | biosignals.src.utils.config | _load_config | ❌ SensorConfig JSON syntax error: Expecting property name enclosed in double quotes: line 22 column 1 (char 379)
2026-04-06 14:27:58 | ERROR | biosignals.src.utils.config | _load_config |    File: C:\bci\Neurokey\config\sensor_config.json
2026-04-06 14:27:58 | INFO | biosignals.src.utils.config | _watch_loop | ♻️ SensorConfig changed — reloading...
2026-04-06 14:27:58 | INFO | biosignals.utils.config | _watch_loop | ♻️ SensorConfig changed — reloading...
cting property name enclosed in double quotes: line 22 column 1 (char 379)
2026-04-06 14:27:58 | ERROR | biosignals.src.utils.config | _load_config |    File: C:\bci\Neurokey\config\sensor_config.json
2026-04-06 14:27:58 | ERROR | biosignals.utils.config | _load_config | ❌ SensorConfig JSON syntax error: Expecting property name enclosed in double quotes: line 22 column 1 (char 379)
2026-04-06 14:27:58 | ERROR | biosignals.utils.config | _load_config |    File: C:\bci\Neurokey\config\sensor_config.json
2026-04-06 14:27:58 | INFO | biosignals.src.utils.config | _watch_loop | ♻️ FilterConfig changed — reloading...
2026-04-06 14:27:58 | INFO | biosignals.src.utils.config | _watch_loop | ♻️ SensorConfig changed — reloading...
g property name enclosed in double quotes: line 4 column 1 (char 30)
2026-04-06 14:27:58 | ERROR | biosignals.src.utils.config | _load_config |    File: C:\bci\Neurokey\config\filter_config.json
2026-04-06 14:27:58 | ERROR | biosignals.src.utils.config | _load_config | ❌ SensorConfig JSON syntax error: Expecting property name enclosed in double quotes: line 22 column 1 (char 379)
2026-04-06 14:27:58 | ERROR | biosignals.src.utils.config | _load_config |    File: C:\bci\Neurokey\config\sensor_config.json
2026-04-06 14:27:58 | ERROR | biosignals.__main__ | load_config | [Router] Failed to load sensor config (C:\bci\Neurokey\config\sensor_config.json): Expecting property name enclosed in double quotes: line 22 column 1 (char 379) — using defaults
2026-04-06 14:27:58 | ERROR | biosignals.__main__ | load_config | [Router] Failed to load filter config (C:\bci\Neurokey\config\filter_config.json): Expecting property name enclosed in double quotes: line 4 column 1 (char 30) — using defaults
2026-04-06 14:27:58 | INFO | biosignals.src.utils.config | _watch_loop | ♻️ FilterConfig changed — reloading...
2026-04-06 14:27:58 | ERROR | biosignals.src.utils.config | _load_config | ❌ FilterConfig JSON syntax error: Expecting property name enclosed in double quotes: line 4 column 1 (char 30)
2026-04-06 14:27:58 | ERROR | biosignals.src.utils.config | _load_config |    File: C:\bci\Neurokey\config\filter_config.json
2026-04-06 14:27:58 | INFO | biosignals.src.utils.config | _watch_loop | ♻️ FilterConfig changed — reloading...
2026-04-06 14:27:58 | ERROR | biosignals.src.utils.config | _load_config | ❌ FilterConfig JSON syntax error: Expecting property name enclosed in double quotes: line 4 column 1 (char 30)
2026-04-06 14:27:58 | ERROR | biosignals.src.utils.config | _load_config |    File: C:\bci\Neurokey\config\filter_config.json
2026-04-06 14:27:58 | INFO | biosignals.utils.config | _watch_loop | ♻️ FilterConfig changed — reloading...
2026-04-06 14:27:58 | ERROR | biosignals.utils.config | _load_config | ❌ FilterConfig JSON syntax error: Expecting property name enclosed in double quotes: line 4 column 1 (char 30)
2026-04-06 14:27:58 | ERROR | biosignals.utils.config | _load_config |    File: C:\bci\Neurokey\config\filter_config.json
2026-04-06 14:27:58 | INFO | biosignals.src.utils.config | _watch_loop | ♻️ SensorConfig changed — reloading...
2026-04-06 14:27:58 | ERROR | biosignals.src.utils.config | _load_config | ❌ SensorConfig JSON syntax error: Expecting property name enclosed in double quotes: line 22 column 1 (char 379)
2026-04-06 14:27:58 | ERROR | biosignals.src.utils.config | _load_config |    File: C:\bci\Neurokey\config\sensor_config.json
2026-04-06 14:27:58 | INFO | biosignals.utils.config | _watch_loop | ♻️ SensorConfig changed — reloading...
2026-04-06 14:27:58 | ERROR | biosignals.utils.config | _load_config | ❌ SensorConfig JSON syntax error: Expecting property name enclosed in double quotes: line 22 column 1 (char 379)
2026-04-06 14:27:58 | ERROR | biosignals.utils.config | _load_config |    File: C:\bci\Neurokey\config\sensor_config.json
2026-04-06 14:27:58 | INFO | biosignals.src.utils.config | _watch_loop | ♻️ SensorConfig changed — reloading...
2026-04-06 14:27:58 | ERROR | biosignals.src.utils.config | _load_config | ❌ SensorConfig JSON syntax error: Expecting property name enclosed in double quotes: line 22 column 1 (char 379)
2026-04-06 14:27:58 | ERROR | biosignals.src.utils.config | _load_config |    File: C:\bci\Neurokey\config\sensor_config.json
2026-04-06 14:27:58 | INFO | biosignals.utils.config | _watch_loop | ♻️ FilterConfig changed — reloading...
2026-04-06 14:27:58 | ERROR | biosignals.utils.config | _load_config | ❌ FilterConfig JSON syntax error: Expecting property name enclosed in double quotes: line 4 column 1 (char 30)
2026-04-06 14:27:58 | ERROR | biosignals.utils.config | _load_config |    File: C:\bci\Neurokey\config\filter_config.json
2026-04-06 14:27:58 | INFO | biosignals.utils.config | _watch_loop | ♻️ FilterConfig changed — reloading...
2026-04-06 14:27:58 | ERROR | biosignals.utils.config | _load_config | ❌ FilterConfig JSON syntax error: Expecting property name enclosed in double quotes: line 4 column 1 (char 30)
2026-04-06 14:27:58 | ERROR | biosignals.utils.config | _load_config |    File: C:\bci\Neurokey\config\filter_config.json
2026-04-06 14:27:59 | INFO | biosignals.utils.config | _watch_loop | ♻️ SensorConfig changed — reloading...
2026-04-06 14:27:59 | ERROR | biosignals.utils.config | _load_config | ❌ SensorConfig JSON syntax error: Expecting property name enclosed in double quotes: line 22 column 1 (char 379)
2026-04-06 14:27:59 | ERROR | biosignals.utils.config | _load_config |    File: C:\bci\Neurokey\config\sensor_config.json
2026-04-06 14:27:59 | INFO | biosignals.src.utils.config | _watch_loop | ♻️ FilterConfig changed — reloading...
2026-04-06 14:27:59 | ERROR | biosignals.src.utils.config | _load_config | ❌ FilterConfig JSON syntax error: Expecting property name enclosed in double quotes: line 4 column 1 (char 30)
2026-04-06 14:27:59 | ERROR | biosignals.src.utils.config | _load_config |    File: C:\bci\Neurokey\config\filter_config.json
2026-04-06 14:27:59 | INFO | biosignals.src.utils.config | _watch_loop | ♻️ FilterConfig changed — reloading...
2026-04-06 14:27:59 | ERROR | biosignals.src.utils.config | _load_config | ❌ FilterConfig JSON syntax error: Expecting property name enclosed in double quotes: line 4 column 1 (char 30)
2026-04-06 14:27:59 | ERROR | biosignals.src.utils.config | _load_config |    File: C:\bci\Neurokey\config\filter_config.json
2026-04-06 14:27:59 | INFO | biosignals.src.utils.config | _watch_loop | ♻️ FilterConfig changed — reloading...
2026-04-06 14:27:59 | ERROR | biosignals.src.utils.config | _load_config | ❌ FilterConfig JSON syntax error: Expecting property name enclosed in double quotes: line 4 column 1 (char 30)
2026-04-06 14:27:59 | ERROR | biosignals.src.utils.config | _load_config |    File: C:\bci\Neurokey\config\filter_config.json
2026-04-06 14:27:59 | INFO | biosignals.src.utils.config | _watch_loop | ♻️ SensorConfig changed — reloading...
2026-04-06 14:27:59 | ERROR | biosignals.src.utils.config | _load_config | ❌ SensorConfig JSON syntax error: Expecting property name enclosed in double quotes: line 22 column 1 (char 379)
2026-04-06 14:27:59 | ERROR | biosignals.src.utils.config | _load_config |    File: C:\bci\Neurokey\config\sensor_config.json
2026-04-06 14:27:59 | INFO | biosignals.src.utils.config | _watch_loop | ♻️ SensorConfig changed — reloading...
2026-04-06 14:27:59 | ERROR | biosignals.src.utils.config | _load_config | ❌ SensorConfig JSON syntax error: Expecting property name enclosed in double quotes: line 22 column 1 (char 379)
2026-04-06 14:27:59 | ERROR | biosignals.src.utils.config | _load_config |    File: C:\bci\Neurokey\config\sensor_config.json
2026-04-06 14:27:59 | INFO | biosignals.src.utils.config | _watch_loop | ♻️ SensorConfig changed — reloading...
2026-04-06 14:27:59 | ERROR | biosignals.src.utils.config | _load_config | ❌ SensorConfig JSON syntax error: Expecting property name enclosed in double quotes: line 22 column 1 (char 379)
2026-04-06 14:27:59 | ERROR | biosignals.src.utils.config | _load_config |    File: C:\bci\Neurokey\config\sensor_config.json
2026-04-06 14:27:59 | INFO | biosignals.utils.config | _watch_loop | ♻️ SensorConfig changed — reloading...
2026-04-06 14:27:59 | ERROR | biosignals.utils.config | _load_config | ❌ SensorConfig JSON syntax error: Expecting property name enclosed in double quotes: line 22 column 1 (char 379)
2026-04-06 14:27:59 | ERROR | biosignals.utils.config | _load_config |    File: C:\bci\Neurokey\config\sensor_config.json
2026-04-06 14:27:59 | INFO | biosignals.src.utils.config | _watch_loop | ♻️ FilterConfig changed — reloading...
2026-04-06 14:27:59 | ERROR | biosignals.src.utils.config | _load_config | ❌ FilterConfig JSON syntax error: Expecting property name enclosed in double quotes: line 4 column 1 (char 30)
2026-04-06 14:27:59 | ERROR | biosignals.src.utils.config | _load_config |    File: C:\bci\Neurokey\config\filter_config.json
2026-04-06 14:27:59 | INFO | biosignals.src.utils.config | _watch_loop | ♻️ SensorConfig changed — reloading...
2026-04-06 14:27:59 | ERROR | biosignals.src.utils.config | _load_config | ❌ SensorConfig JSON syntax error: Expecting property name enclosed in double quotes: line 22 column 1 (char 379)
2026-04-06 14:27:59 | ERROR | biosignals.src.utils.config | _load_config |    File: C:\bci\Neurokey\config\sensor_config.json
2026-04-06 14:27:59 | INFO | biosignals.src.utils.config | _watch_loop | ♻️ FilterConfig changed — reloading...
2026-04-06 14:27:59 | ERROR | biosignals.src.utils.config | _load_config | ❌ FilterConfig JSON syntax error: Expecting property name enclosed in double quotes: line 4 column 1 (char 30)
2026-04-06 14:27:59 | ERROR | biosignals.src.utils.config | _load_config |    File: C:\bci\Neurokey\config\filter_config.json
2026-04-06 14:27:59 | INFO | biosignals.src.utils.config | _watch_loop | ♻️ FilterConfig changed — reloading...
2026-04-06 14:27:59 | ERROR | biosignals.src.utils.config | _load_config | ❌ FilterConfig JSON syntax error: Expecting property name enclosed in double quotes: line 4 column 1 (char 30)
2026-04-06 14:27:59 | ERROR | biosignals.src.utils.config | _load_config |    File: C:\bci\Neurokey\config\filter_config.json
2026-04-06 14:27:59 | INFO | biosignals.utils.config | _watch_loop | ♻️ FilterConfig changed — reloading...
2026-04-06 14:27:59 | ERROR | biosignals.utils.config | _load_config | ❌ FilterConfig JSON syntax error: Expecting property name enclosed in double quotes: line 4 column 1 (char 30)
2026-04-06 14:27:59 | ERROR | biosignals.utils.config | _load_config |    File: C:\bci\Neurokey\config\filter_config.json
2026-04-06 14:27:59 | INFO | biosignals.src.utils.config | _watch_loop | ♻️ SensorConfig changed — reloading...
2026-04-06 14:27:59 | ERROR | biosignals.src.utils.config | _load_config | ❌ SensorConfig JSON syntax error: Expecting property name enclosed in double quotes: line 22 column 1 (char 379)
2026-04-06 14:27:59 | ERROR | biosignals.src.utils.config | _load_config |    File: C:\bci\Neurokey\config\sensor_config.json
2026-04-06 14:27:59 | INFO | biosignals.utils.config | _watch_loop | ♻️ SensorConfig changed — reloading...
2026-04-06 14:27:59 | ERROR | biosignals.utils.config | _load_config | ❌ SensorConfig JSON syntax error: Expecting property name enclosed in double quotes: line 22 column 1 (char 379)
2026-04-06 14:27:59 | ERROR | biosignals.utils.config | _load_config |    File: C:\bci\Neurokey\config\sensor_config.json
2026-04-06 14:27:59 | INFO | biosignals.src.utils.config | _watch_loop | ♻️ SensorConfig changed — reloading...
2026-04-06 14:27:59 | ERROR | biosignals.src.utils.config | _load_config | ❌ SensorConfig JSON syntax error: Expecting property name enclosed in double quotes: line 22 column 1 (char 379)
2026-04-06 14:27:59 | ERROR | biosignals.src.utils.config | _load_config |    File: C:\bci\Neurokey\config\sensor_config.json
2026-04-06 14:27:59 | INFO | biosignals.utils.config | _watch_loop | ♻️ FilterConfig changed — reloading...
2026-04-06 14:27:59 | ERROR | biosignals.utils.config | _load_config | ❌ FilterConfig JSON syntax error: Expecting property name enclosed in double quotes: line 4 column 1 (char 30)
2026-04-06 14:27:59 | ERROR | biosignals.utils.config | _load_config |    File: C:\bci\Neurokey\config\filter_config.json
2026-04-06 14:27:59 | INFO | biosignals.utils.config | _watch_loop | ♻️ FilterConfig changed — reloading...
2026-04-06 14:27:59 | ERROR | biosignals.utils.config | _load_config | ❌ FilterConfig JSON syntax error: Expecting property name enclosed in double quotes: line 4 column 1 (char 30)
2026-04-06 14:27:59 | ERROR | biosignals.utils.config | _load_config |    File: C:\bci\Neurokey\config\filter_config.json
2026-04-06 14:28:00 | INFO | biosignals.utils.config | _watch_loop | ♻️ SensorConfig changed — reloading...
2026-04-06 14:28:00 | ERROR | biosignals.utils.config | _load_config | ❌ SensorConfig JSON syntax error: Expecting property name enclosed in double quotes: line 22 column 1 (char 379)
2026-04-06 14:28:00 | ERROR | biosignals.utils.config | _load_config |    File: C:\bci\Neurokey\config\sensor_config.json
2026-04-06 14:28:00 | INFO | biosignals.src.utils.config | _watch_loop | ♻️ FilterConfig changed — reloading...
2026-04-06 14:28:00 | ERROR | biosignals.src.utils.config | _load_config | ❌ FilterConfig JSON syntax error: Expecting property name enclosed in double quotes: line 4 column 1 (char 30)
2026-04-06 14:28:00 | ERROR | biosignals.src.utils.config | _load_config |    File: C:\bci\Neurokey\config\filter_config.json
2026-04-06 14:28:00 | INFO | biosignals.src.utils.config | _watch_loop | ♻️ FilterConfig changed — reloading...
2026-04-06 14:28:00 | ERROR | biosignals.src.utils.config | _load_config | ❌ FilterConfig JSON syntax error: Expecting property name enclosed in double quotes: line 4 column 1 (char 30)
2026-04-06 14:28:00 | ERROR | biosignals.src.utils.config | _load_config |    File: C:\bci\Neurokey\config\filter_config.json
2026-04-06 14:28:00 | INFO | biosignals.src.utils.config | _watch_loop | ♻️ FilterConfig changed — reloading...
2026-04-06 14:28:00 | ERROR | biosignals.src.utils.config | _load_config | ❌ FilterConfig JSON syntax error: Expecting property name enclosed in double quotes: line 4 column 1 (char 30)
2026-04-06 14:28:00 | ERROR | biosignals.src.utils.config | _load_config |    File: C:\bci\Neurokey\config\filter_config.json
2026-04-06 14:28:00 | INFO | biosignals.src.utils.config | _watch_loop | ♻️ SensorConfig changed — reloading...
2026-04-06 14:28:00 | ERROR | biosignals.src.utils.config | _load_config | ❌ SensorConfig JSON syntax error: Expecting property name enclosed in double quotes: line 22 column 1 (char 379)
2026-04-06 14:28:00 | ERROR | biosignals.src.utils.config | _load_config |    File: C:\bci\Neurokey\config\sensor_config.json
2026-04-06 14:28:00 | INFO | biosignals.src.utils.config | _watch_loop | ♻️ SensorConfig changed — reloading...
2026-04-06 14:28:00 | ERROR | biosignals.src.utils.config | _load_config | ❌ SensorConfig JSON syntax error: Expecting property name enclosed in double quotes: line 22 column 1 (char 379)
2026-04-06 14:28:00 | ERROR | biosignals.src.utils.config | _load_config |    File: C:\bci\Neurokey\config\sensor_config.json
2026-04-06 14:28:00 | INFO | biosignals.src.utils.config | _watch_loop | ♻️ SensorConfig changed — reloading...
2026-04-06 14:28:00 | INFO | biosignals.utils.config | _watch_loop | ♻️ SensorConfig changed — reloading...
2026-04-06 14:28:00 | ERROR | biosignals.src.utils.config | _load_config | ❌ SensorConfig JSON syntax error: Expecting property name enclosed in double quotes: line 22 column 1 (char 379)
2026-04-06 14:28:00 | ERROR | biosignals.utils.config | _load_config | ❌ SensorConfig JSON syntax error: Expecting property name enclosed in double quotes: line 22 column 1 (char 379)
2026-04-06 14:28:00 | ERROR | biosignals.src.utils.config | _load_config |    File: C:\bci\Neurokey\config\sensor_config.json
2026-04-06 14:28:00 | ERROR | biosignals.utils.config | _load_config |    File: C:\bci\Neurokey\config\sensor_config.json
2026-04-06 14:28:00 | INFO | biosignals.src.utils.config | _watch_loop | ♻️ FilterConfig changed — reloading...
2026-04-06 14:28:00 | INFO | biosignals.src.utils.config | _watch_loop | ♻️ SensorConfig changed — reloading...
2026-04-06 14:28:00 | ERROR | biosignals.src.utils.config | _load_config | ❌ FilterConfig JSON syntax error: Expecting property name enclosed in double quotes: line 4 column 1 (char 30)
2026-04-06 14:28:00 | ERROR | biosignals.src.utils.config | _load_config |    File: C:\bci\Neurokey\config\filter_config.json
2026-04-06 14:28:00 | ERROR | biosignals.src.utils.config | _load_config | ❌ SensorConfig JSON syntax error: Expecting property name enclosed in double quotes: line 22 column 1 (char 379)
2026-04-06 14:28:00 | ERROR | biosignals.src.utils.config | _load_config |    File: C:\bci\Neurokey\config\sensor_config.json
2026-04-06 14:28:00 | ERROR | biosignals.__main__ | load_config | [Router] Failed to load sensor config (C:\bci\Neurokey\config\sensor_config.json): Expecting property name enclosed in double quotes: line 22 column 1 (char 379) — using defaults
2026-04-06 14:28:00 | ERROR | biosignals.__main__ | load_config | [Router] Failed to load filter config (C:\bci\Neurokey\config\filter_config.json): Expecting property name enclosed in double quotes: line 4 column 1 (char 30) — using defaults
2026-04-06 14:28:00 | INFO | biosignals.src.utils.config | _watch_loop | ♻️ FilterConfig changed — reloading...
2026-04-06 14:28:00 | ERROR | biosignals.src.utils.config | _load_config | ❌ FilterConfig JSON syntax error: Expecting property name enclosed in double quotes: line 4 column 1 (char 30)
2026-04-06 14:28:00 | ERROR | biosignals.src.utils.config | _load_config |    File: C:\bci\Neurokey\config\filter_config.json
2026-04-06 14:28:00 | INFO | biosignals.src.utils.config | _watch_loop | ♻️ FilterConfig changed — reloading...
2026-04-06 14:28:00 | ERROR | biosignals.src.utils.config | _load_config | ❌ FilterConfig JSON syntax error: Expecting property name enclosed in double quotes: line 4 column 1 (char 30)
2026-04-06 14:28:00 | ERROR | biosignals.src.utils.config | _load_config |    File: C:\bci\Neurokey\config\filter_config.json
2026-04-06 14:28:00 | INFO | biosignals.utils.config | _watch_loop | ♻️ FilterConfig changed — reloading...
2026-04-06 14:28:00 | ERROR | biosignals.utils.config | _load_config | ❌ FilterConfig JSON syntax error: Expecting property name enclosed in double quotes: line 4 column 1 (char 30)
2026-04-06 14:28:00 | ERROR | biosignals.utils.config | _load_config |    File: C:\bci\Neurokey\config\filter_config.json
2026-04-06 14:28:00 | INFO | biosignals.src.utils.config | _watch_loop | ♻️ SensorConfig changed — reloading...
2026-04-06 14:28:00 | ERROR | biosignals.src.utils.config | _load_config | ❌ SensorConfig JSON syntax error: Expecting property name enclosed in double quotes: line 22 column 1 (char 379)
2026-04-06 14:28:00 | ERROR | biosignals.src.utils.config | _load_config |    File: C:\bci\Neurokey\config\sensor_config.json
2026-04-06 14:28:00 | INFO | biosignals.utils.config | _watch_loop | ♻️ SensorConfig changed — reloading...
2026-04-06 14:28:00 | ERROR | biosignals.utils.config | _load_config | ❌ SensorConfig JSON syntax error: Expecting property name enclosed in double quotes: line 22 column 1 (char 379)
2026-04-06 14:28:00 | ERROR | biosignals.utils.config | _load_config |    File: C:\bci\Neurokey\config\sensor_config.json
2026-04-06 14:28:00 | INFO | biosignals.src.utils.config | _watch_loop | ♻️ SensorConfig changed — reloading...
2026-04-06 14:28:00 | ERROR | biosignals.src.utils.config | _load_config | ❌ SensorConfig JSON syntax error: Expecting property name enclosed in double quotes: line 22 column 1 (char 379)
2026-04-06 14:28:00 | ERROR | biosignals.src.utils.config | _load_config |    File: C:\bci\Neurokey\config\sensor_config.json
2026-04-06 14:28:00 | INFO | biosignals.utils.config | _watch_loop | ♻️ FilterConfig changed — reloading...
2026-04-06 14:28:00 | ERROR | biosignals.utils.config | _load_config | ❌ FilterConfig JSON syntax error: Expecting property name enclosed in double quotes: line 4 column 1 (char 30)
2026-04-06 14:28:00 | ERROR | biosignals.utils.config | _load_config |    File: C:\bci\Neurokey\config\filter_config.json
2026-04-06 14:28:00 | INFO | biosignals.utils.config | _watch_loop | ♻️ FilterConfig changed — reloading...
2026-04-06 14:28:00 | ERROR | biosignals.utils.config | _load_config | ❌ FilterConfig JSON syntax error: Expecting property name enclosed in double quotes: line 4 column 1 (char 30)
2026-04-06 14:28:01 | ERROR | biosignals.utils.config | _load_config |    File: C:\bci\Neurokey\config\filter_config.json
2026-04-06 14:28:01 | INFO | biosignals.utils.config | _watch_loop | ♻️ SensorConfig changed — reloading...
2026-04-06 14:28:01 | ERROR | biosignals.utils.config | _load_config | ❌ SensorConfig JSON syntax error: Expecting property name enclosed in double quotes: line 22 column 1 (char 379)
2026-04-06 14:28:01 | ERROR | biosignals.utils.config | _load_config |    File: C:\bci\Neurokey\config\sensor_config.json
2026-04-06 14:28:01 | INFO | biosignals.src.utils.config | _watch_loop | ♻️ FilterConfig changed — reloading...
2026-04-06 14:28:01 | ERROR | biosignals.src.utils.config | _load_config | ❌ FilterConfig JSON syntax error: Expecting property name enclosed in double quotes: line 4 column 1 (char 30)
2026-04-06 14:28:01 | INFO | biosignals.src.utils.config | _watch_loop | ♻️ FilterConfig changed — reloading...
2026-04-06 14:28:01 | ERROR | biosignals.src.utils.config | _load_config |    File: C:\bci\Neurokey\config\filter_config.json
2026-04-06 14:28:01 | ERROR | biosignals.src.utils.config | _load_config | ❌ FilterConfig JSON syntax error: Expecting property name enclosed in double quotes: line 4 column 1 (char 30)
2026-04-06 14:28:01 | ERROR | biosignals.src.utils.config | _load_config |    File: C:\bci\Neurokey\config\filter_config.json
2026-04-06 14:28:01 | INFO | biosignals.src.utils.config | _watch_loop | ♻️ FilterConfig changed — reloading...
2026-04-06 14:28:01 | ERROR | biosignals.src.utils.config | _load_config | ❌ FilterConfig JSON syntax error: Expecting property name enclosed in double quotes: line 4 column 1 (char 30)
2026-04-06 14:28:01 | ERROR | biosignals.src.utils.config | _load_config |    File: C:\bci\Neurokey\config\filter_config.json
2026-04-06 14:28:01 | INFO | biosignals.src.utils.config | _watch_loop | ♻️ SensorConfig changed — reloading...
2026-04-06 14:28:01 | ERROR | biosignals.src.utils.config | _load_config | ❌ SensorConfig JSON syntax error: Expecting property name enclosed in double quotes: line 22 column 1 (char 379)
2026-04-06 14:28:01 | ERROR | biosignals.src.utils.config | _load_config |    File: C:\bci\Neurokey\config\sensor_config.json
2026-04-06 14:28:01 | INFO | biosignals.src.utils.config | _watch_loop | ♻️ SensorConfig changed — reloading...
2026-04-06 14:28:01 | ERROR | biosignals.src.utils.config | _load_config | ❌ SensorConfig JSON syntax error: Expecting property name enclosed in double quotes: line 22 column 1 (char 379)
2026-04-06 14:28:01 | ERROR | biosignals.src.utils.config | _load_config |    File: C:\bci\Neurokey\config\sensor_config.json
2026-04-06 14:28:01 | INFO | biosignals.src.utils.config | _watch_loop | ♻️ SensorConfig changed — reloading...
2026-04-06 14:28:01 | INFO | biosignals.utils.config | _watch_loop | ♻️ SensorConfig changed — reloading...
cting property name enclosed in double quotes: line 22 column 1 (char 379)
2026-04-06 14:28:01 | ERROR | biosignals.src.utils.config | _load_config |    File: C:\bci\Neurokey\config\sensor_config.json
2026-04-06 14:28:01 | ERROR | biosignals.utils.config | _load_config | ❌ SensorConfig JSON syntax error: Expecting property name enclosed in double quotes: line 22 column 1 (char 379)
2026-04-06 14:28:01 | ERROR | biosignals.utils.config | _load_config |    File: C:\bci\Neurokey\config\sensor_config.json
2026-04-06 14:28:01 | INFO | biosignals.src.utils.config | _watch_loop | ♻️ FilterConfig changed — reloading...
2026-04-06 14:28:01 | ERROR | biosignals.src.utils.config | _load_config | ❌ FilterConfig JSON syntax error: Expecting property name enclosed in double quotes: line 4 column 1 (char 30)
2026-04-06 14:28:01 | ERROR | biosignals.src.utils.config | _load_config |    File: C:\bci\Neurokey\config\filter_config.json
2026-04-06 14:28:01 | INFO | biosignals.src.utils.config | _watch_loop | ♻️ SensorConfig changed — reloading...
2026-04-06 14:28:01 | ERROR | biosignals.src.utils.config | _load_config | ❌ SensorConfig JSON syntax error: Expecting property name enclosed in double quotes: line 22 column 1 (char 379)
2026-04-06 14:28:01 | ERROR | biosignals.src.utils.config | _load_config |    File: C:\bci\Neurokey\config\sensor_config.json
2026-04-06 14:28:01 | INFO | biosignals.src.utils.config | _watch_loop | ♻️ FilterConfig changed — reloading...
2026-04-06 14:28:01 | ERROR | biosignals.src.utils.config | _load_config | ❌ FilterConfig JSON syntax error: Expecting property name enclosed in double quotes: line 4 column 1 (char 30)
2026-04-06 14:28:01 | ERROR | biosignals.src.utils.config | _load_config |    File: C:\bci\Neurokey\config\filter_config.json
2026-04-06 14:28:01 | INFO | biosignals.src.utils.config | _watch_loop | ♻️ FilterConfig changed — reloading...
2026-04-06 14:28:01 | ERROR | biosignals.src.utils.config | _load_config | ❌ FilterConfig JSON syntax error: Expecting property name enclosed in double quotes: line 4 column 1 (char 30)
2026-04-06 14:28:01 | ERROR | biosignals.src.utils.config | _load_config |    File: C:\bci\Neurokey\config\filter_config.json
2026-04-06 14:28:01 | INFO | biosignals.utils.config | _watch_loop | ♻️ FilterConfig changed — reloading...
2026-04-06 14:28:01 | ERROR | biosignals.utils.config | _load_config | ❌ FilterConfig JSON syntax error: Expecting property name enclosed in double quotes: line 4 column 1 (char 30)
2026-04-06 14:28:01 | ERROR | biosignals.utils.config | _load_config |    File: C:\bci\Neurokey\config\filter_config.json
2026-04-06 14:28:01 | INFO | biosignals.src.utils.config | _watch_loop | ♻️ SensorConfig changed — reloading...
2026-04-06 14:28:01 | ERROR | biosignals.src.utils.config | _load_config | ❌ SensorConfig JSON syntax error: Expecting property name enclosed in double quotes: line 22 column 1 (char 379)
2026-04-06 14:28:01 | ERROR | biosignals.src.utils.config | _load_config |    File: C:\bci\Neurokey\config\sensor_config.json
2026-04-06 14:28:01 | INFO | biosignals.utils.config | _watch_loop | ♻️ SensorConfig changed — reloading...
2026-04-06 14:28:01 | ERROR | biosignals.utils.config | _load_config | ❌ SensorConfig JSON syntax error: Expecting property name enclosed in double quotes: line 22 column 1 (char 379)
2026-04-06 14:28:01 | ERROR | biosignals.utils.config | _load_config |    File: C:\bci\Neurokey\config\sensor_config.json
2026-04-06 14:28:01 | INFO | biosignals.src.utils.config | _watch_loop | ♻️ SensorConfig changed — reloading...
2026-04-06 14:28:01 | ERROR | biosignals.src.utils.config | _load_config | ❌ SensorConfig JSON syntax error: Expecting property name enclosed in double quotes: line 22 column 1 (char 379)
2026-04-06 14:28:01 | ERROR | biosignals.src.utils.config | _load_config |    File: C:\bci\Neurokey\config\sensor_config.json
2026-04-06 14:28:01 | INFO | biosignals.utils.config | _watch_loop | ♻️ FilterConfig changed — reloading...
2026-04-06 14:28:01 | ERROR | biosignals.utils.config | _load_config | ❌ FilterConfig JSON syntax error: Expecting property name enclosed in double quotes: line 4 column 1 (char 30)
2026-04-06 14:28:02 | ERROR | biosignals.utils.config | _load_config |    File: C:\bci\Neurokey\config\filter_config.json
2026-04-06 14:28:02 | INFO | biosignals.utils.config | _watch_loop | ♻️ FilterConfig changed — reloading...
2026-04-06 14:28:02 | ERROR | biosignals.utils.config | _load_config | ❌ FilterConfig JSON syntax error: Expecting property name enclosed in double quotes: line 4 column 1 (char 30)
2026-04-06 14:28:02 | ERROR | biosignals.utils.config | _load_config |    File: C:\bci\Neurokey\config\filter_config.json
2026-04-06 14:28:02 | INFO | biosignals.utils.config | _watch_loop | ♻️ SensorConfig changed — reloading...
2026-04-06 14:28:02 | ERROR | biosignals.utils.config | _load_config | ❌ SensorConfig JSON syntax error: Expecting property name enclosed in double quotes: line 22 column 1 (char 379)
2026-04-06 14:28:02 | ERROR | biosignals.utils.config | _load_config |    File: C:\bci\Neurokey\config\sensor_config.json
2026-04-06 14:28:02 | INFO | biosignals.src.utils.config | _watch_loop | ♻️ FilterConfig changed — reloading...
2026-04-06 14:28:02 | ERROR | biosignals.src.utils.config | _load_config | ❌ FilterConfig JSON syntax error: Expecting property name enclosed in double quotes: line 4 column 1 (char 30)
2026-04-06 14:28:02 | INFO | biosignals.src.utils.config | _watch_loop | ♻️ FilterConfig changed — reloading...
2026-04-06 14:28:02 | ERROR | biosignals.src.utils.config | _load_config |    File: C:\bci\Neurokey\config\filter_config.json
2026-04-06 14:28:02 | ERROR | biosignals.src.utils.config | _load_config | ❌ FilterConfig JSON syntax error: Expecting property name enclosed in double quotes: line 4 column 1 (char 30)
2026-04-06 14:28:02 | INFO | biosignals.src.utils.config | _watch_loop | ♻️ FilterConfig changed — reloading...
2026-04-06 14:28:02 | ERROR | biosignals.src.utils.config | _load_config |    File: C:\bci\Neurokey\config\filter_config.json
2026-04-06 14:28:02 | ERROR | biosignals.src.utils.config | _load_config | ❌ FilterConfig JSON syntax error: Expecting property name enclosed in double quotes: line 4 column 1 (char 30)
2026-04-06 14:28:02 | ERROR | biosignals.src.utils.config | _load_config |    File: C:\bci\Neurokey\config\filter_config.json
2026-04-06 14:28:02 | INFO | biosignals.src.utils.config | _watch_loop | ♻️ SensorConfig changed — reloading...
2026-04-06 14:28:02 | ERROR | biosignals.src.utils.config | _load_config | ❌ SensorConfig JSON syntax error: Expecting property name enclosed in double quotes: line 22 column 1 (char 379)
2026-04-06 14:28:02 | ERROR | biosignals.src.utils.config | _load_config |    File: C:\bci\Neurokey\config\sensor_config.json
2026-04-06 14:28:02 | INFO | biosignals.src.utils.config | _watch_loop | ♻️ SensorConfig changed — reloading...
2026-04-06 14:28:02 | ERROR | biosignals.src.utils.config | _load_config | ❌ SensorConfig JSON syntax error: Expecting property name enclosed in double quotes: line 22 column 1 (char 379)
2026-04-06 14:28:02 | ERROR | biosignals.src.utils.config | _load_config |    File: C:\bci\Neurokey\config\sensor_config.json
2026-04-06 14:28:02 | INFO | biosignals.src.utils.config | _watch_loop | ♻️ SensorConfig changed — reloading...
2026-04-06 14:28:02 | INFO | biosignals.utils.config | _watch_loop | ♻️ SensorConfig changed — reloading...
2026-04-06 14:28:02 | ERROR | biosignals.src.utils.config | _load_config | ❌ SensorConfig JSON syntax error: Expecting property name enclosed in double quotes: line 22 column 1 (char 379)
2026-04-06 14:28:02 | ERROR | biosignals.utils.config | _load_config | ❌ SensorConfig JSON syntax error: Expecting property name enclosed in double quotes: line 22 column 1 (char 379)
2026-04-06 14:28:02 | ERROR | biosignals.src.utils.config | _load_config |    File: C:\bci\Neurokey\config\sensor_config.json
2026-04-06 14:28:02 | ERROR | biosignals.utils.config | _load_config |    File: C:\bci\Neurokey\config\sensor_config.json
2026-04-06 14:28:02 | INFO | biosignals.src.utils.config | _watch_loop | ♻️ FilterConfig changed — reloading...
2026-04-06 14:28:02 | ERROR | biosignals.src.utils.config | _load_config | ❌ FilterConfig JSON syntax error: Expecting property name enclosed in double quotes: line 4 column 1 (char 30)
2026-04-06 14:28:02 | ERROR | biosignals.src.utils.config | _load_config |    File: C:\bci\Neurokey\config\filter_config.json
2026-04-06 14:28:02 | INFO | biosignals.src.utils.config | _watch_loop | ♻️ SensorConfig changed — reloading...
2026-04-06 14:28:02 | ERROR | biosignals.src.utils.config | _load_config | ❌ SensorConfig JSON syntax error: Expecting property name enclosed in double quotes: line 22 column 1 (char 379)
2026-04-06 14:28:02 | ERROR | biosignals.src.utils.config | _load_config |    File: C:\bci\Neurokey\config\sensor_config.json
2026-04-06 14:28:02 | ERROR | biosignals.__main__ | load_config | [Router] Failed to load sensor config (C:\bci\Neurokey\config\sensor_config.json): Expecting property name enclosed in double quotes: line 22 column 1 (char 379) — using defaults
2026-04-06 14:28:02 | ERROR | biosignals.__main__ | load_config | [Router] Failed to load filter config (C:\bci\Neurokey\config\filter_config.json): Expecting property name enclosed in double quotes: line 4 column 1 (char 30) — using defaults
2026-04-06 14:28:02 | INFO | biosignals.src.utils.config | _watch_loop | ♻️ FilterConfig changed — reloading...
2026-04-06 14:28:02 | ERROR | biosignals.src.utils.config | _load_config | ❌ FilterConfig JSON syntax error: Expecting property name enclosed in double quotes: line 4 column 1 (char 30)
2026-04-06 14:28:02 | ERROR | biosignals.src.utils.config | _load_config |    File: C:\bci\Neurokey\config\filter_config.json
2026-04-06 14:28:02 | INFO | biosignals.src.utils.config | _watch_loop | ♻️ FilterConfig changed — reloading...
2026-04-06 14:28:02 | ERROR | biosignals.src.utils.config | _load_config | ❌ FilterConfig JSON syntax error: Expecting property name enclosed in double quotes: line 4 column 1 (char 30)
2026-04-06 14:28:02 | ERROR | biosignals.src.utils.config | _load_config |    File: C:\bci\Neurokey\config\filter_config.json
2026-04-06 14:28:02 | INFO | biosignals.utils.config | _watch_loop | ♻️ FilterConfig changed — reloading...
2026-04-06 14:28:02 | ERROR | biosignals.utils.config | _load_config | ❌ FilterConfig JSON syntax error: Expecting property name enclosed in double quotes: line 4 column 1 (char 30)
2026-04-06 14:28:02 | ERROR | biosignals.utils.config | _load_config |    File: C:\bci\Neurokey\config\filter_config.json
2026-04-06 14:28:02 | INFO | biosignals.src.utils.config | _watch_loop | ♻️ SensorConfig changed — reloading...
2026-04-06 14:28:02 | ERROR | biosignals.src.utils.config | _load_config | ❌ SensorConfig JSON syntax error: Expecting property name enclosed in double quotes: line 22 column 1 (char 379)
2026-04-06 14:28:02 | ERROR | biosignals.src.utils.config | _load_config |    File: C:\bci\Neurokey\config\sensor_config.json
2026-04-06 14:28:02 | INFO | biosignals.utils.config | _watch_loop | ♻️ SensorConfig changed — reloading...
2026-04-06 14:28:02 | ERROR | biosignals.utils.config | _load_config | ❌ SensorConfig JSON syntax error: Expecting property name enclosed in double quotes: line 22 column 1 (char 379)
2026-04-06 14:28:02 | ERROR | biosignals.utils.config | _load_config |    File: C:\bci\Neurokey\config\sensor_config.json
2026-04-06 14:28:02 | INFO | biosignals.src.utils.config | _watch_loop | ♻️ SensorConfig changed — reloading...
2026-04-06 14:28:02 | ERROR | biosignals.src.utils.config | _load_config | ❌ SensorConfig JSON syntax error: Expecting property name enclosed in double quotes: line 22 column 1 (char 379)
2026-04-06 14:28:02 | ERROR | biosignals.src.utils.config | _load_config |    File: C:\bci\Neurokey\config\sensor_config.json
2026-04-06 14:28:03 | INFO | biosignals.utils.config | _watch_loop | ♻️ FilterConfig changed — reloading...
2026-04-06 14:28:03 | ERROR | biosignals.utils.config | _load_config | ❌ FilterConfig JSON syntax error: Expecting property name enclosed in double quotes: line 4 column 1 (char 30)
2026-04-06 14:28:03 | ERROR | biosignals.utils.config | _load_config |    File: C:\bci\Neurokey\config\filter_config.json
2026-04-06 14:28:03 | INFO | biosignals.utils.config | _watch_loop | ♻️ FilterConfig changed — reloading...
2026-04-06 14:28:03 | ERROR | biosignals.utils.config | _load_config | ❌ FilterConfig JSON syntax error: Expecting property name enclosed in double quotes: line 4 column 1 (char 30)
2026-04-06 14:28:03 | ERROR | biosignals.utils.config | _load_config |    File: C:\bci\Neurokey\config\filter_config.json
2026-04-06 14:28:03 | INFO | biosignals.utils.config | _watch_loop | ♻️ SensorConfig changed — reloading...
2026-04-06 14:28:03 | ERROR | biosignals.utils.config | _load_config | ❌ SensorConfig JSON syntax error: Expecting property name enclosed in double quotes: line 22 column 1 (char 379)
2026-04-06 14:28:03 | ERROR | biosignals.utils.config | _load_config |    File: C:\bci\Neurokey\config\sensor_config.json
2026-04-06 14:28:03 | INFO | biosignals.src.utils.config | _watch_loop | ♻️ FilterConfig changed — reloading...
2026-04-06 14:28:03 | ERROR | biosignals.src.utils.config | _load_config | ❌ FilterConfig JSON syntax error: Expecting property name enclosed in double quotes: line 4 column 1 (char 30)
2026-04-06 14:28:03 | ERROR | biosignals.src.utils.config | _load_config |    File: C:\bci\Neurokey\config\filter_config.json
2026-04-06 14:28:03 | INFO | biosignals.src.utils.config | _watch_loop | ♻️ FilterConfig changed — reloading...
2026-04-06 14:28:03 | ERROR | biosignals.src.utils.config | _load_config | ❌ FilterConfig JSON syntax error: Expecting property name enclosed in double quotes: line 4 column 1 (char 30)
2026-04-06 14:28:03 | ERROR | biosignals.src.utils.config | _load_config |    File: C:\bci\Neurokey\config\filter_config.json
2026-04-06 14:28:03 | INFO | biosignals.src.utils.config | _watch_loop | ♻️ FilterConfig changed — reloading...
2026-04-06 14:28:03 | ERROR | biosignals.src.utils.config | _load_config | ❌ FilterConfig JSON syntax error: Expecting property name enclosed in double quotes: line 4 column 1 (char 30)
2026-04-06 14:28:03 | ERROR | biosignals.src.utils.config | _load_config |    File: C:\bci\Neurokey\config\filter_config.json
2026-04-06 14:28:03 | INFO | biosignals.src.utils.config | _watch_loop | ♻️ SensorConfig changed — reloading...
2026-04-06 14:28:03 | ERROR | biosignals.src.utils.config | _load_config | ❌ SensorConfig JSON syntax error: Expecting property name enclosed in double quotes: line 22 column 1 (char 379)
2026-04-06 14:28:03 | ERROR | biosignals.src.utils.config | _load_config |    File: C:\bci\Neurokey\config\sensor_config.json
2026-04-06 14:28:03 | INFO | biosignals.src.utils.config | _watch_loop | ♻️ SensorConfig changed — reloading...
2026-04-06 14:28:03 | ERROR | biosignals.src.utils.config | _load_config | ❌ SensorConfig JSON syntax error: Expecting property name enclosed in double quotes: line 22 column 1 (char 379)
2026-04-06 14:28:03 | ERROR | biosignals.src.utils.config | _load_config |    File: C:\bci\Neurokey\config\sensor_config.json
2026-04-06 14:28:03 | INFO | biosignals.src.utils.config | _watch_loop | ♻️ SensorConfig changed — reloading...
2026-04-06 14:28:03 | INFO | biosignals.utils.config | _watch_loop | ♻️ SensorConfig changed — reloading...
2026-04-06 14:28:03 | ERROR | biosignals.src.utils.config | _load_config | ❌ SensorConfig JSON syntax error: Expecting property name enclosed in double quotes: line 22 column 1 (char 379)
2026-04-06 14:28:03 | ERROR | biosignals.src.utils.config | _load_config |    File: C:\bci\Neurokey\config\sensor_config.json
2026-04-06 14:28:03 | ERROR | biosignals.utils.config | _load_config | ❌ SensorConfig JSON syntax error: Expecting property name enclosed in double quotes: line 22 column 1 (char 379)
2026-04-06 14:28:03 | ERROR | biosignals.utils.config | _load_config |    File: C:\bci\Neurokey\config\sensor_config.json
2026-04-06 14:28:03 | INFO | biosignals.src.utils.config | _watch_loop | ♻️ FilterConfig changed — reloading...
2026-04-06 14:28:03 | ERROR | biosignals.src.utils.config | _load_config | ❌ FilterConfig JSON syntax error: Expecting property name enclosed in double quotes: line 4 column 1 (char 30)
2026-04-06 14:28:03 | ERROR | biosignals.src.utils.config | _load_config |    File: C:\bci\Neurokey\config\filter_config.json
2026-04-06 14:28:03 | INFO | biosignals.src.utils.config | _watch_loop | ♻️ SensorConfig changed — reloading...
2026-04-06 14:28:03 | ERROR | biosignals.src.utils.config | _load_config | ❌ SensorConfig JSON syntax error: Expecting property name enclosed in double quotes: line 22 column 1 (char 379)
2026-04-06 14:28:03 | ERROR | biosignals.src.utils.config | _load_config |    File: C:\bci\Neurokey\config\sensor_config.json
2026-04-06 14:28:03 | INFO | biosignals.src.utils.config | _watch_loop | ♻️ FilterConfig changed — reloading...
2026-04-06 14:28:03 | ERROR | biosignals.src.utils.config | _load_config | ❌ FilterConfig JSON syntax error: Expecting property name enclosed in double quotes: line 4 column 1 (char 30)
2026-04-06 14:28:03 | ERROR | biosignals.src.utils.config | _load_config |    File: C:\bci\Neurokey\config\filter_config.json
2026-04-06 14:28:03 | INFO | biosignals.src.utils.config | _watch_loop | ♻️ FilterConfig changed — reloading...
2026-04-06 14:28:03 | ERROR | biosignals.src.utils.config | _load_config | ❌ FilterConfig JSON syntax error: Expecting property name enclosed in double quotes: line 4 column 1 (char 30)
2026-04-06 14:28:03 | ERROR | biosignals.src.utils.config | _load_config |    File: C:\bci\Neurokey\config\filter_config.json
2026-04-06 14:28:03 | INFO | biosignals.utils.config | _watch_loop | ♻️ FilterConfig changed — reloading...
2026-04-06 14:28:03 | ERROR | biosignals.utils.config | _load_config | ❌ FilterConfig JSON syntax error: Expecting property name enclosed in double quotes: line 4 column 1 (char 30)
2026-04-06 14:28:03 | ERROR | biosignals.utils.config | _load_config |    File: C:\bci\Neurokey\config\filter_config.json
2026-04-06 14:28:03 | INFO | biosignals.src.utils.config | _watch_loop | ♻️ SensorConfig changed — reloading...
2026-04-06 14:28:03 | ERROR | biosignals.src.utils.config | _load_config | ❌ SensorConfig JSON syntax error: Expecting property name enclosed in double quotes: line 22 column 1 (char 379)
2026-04-06 14:28:03 | ERROR | biosignals.src.utils.config | _load_config |    File: C:\bci\Neurokey\config\sensor_config.json
2026-04-06 14:28:03 | INFO | biosignals.utils.config | _watch_loop | ♻️ SensorConfig changed — reloading...
2026-04-06 14:28:03 | ERROR | biosignals.utils.config | _load_config | ❌ SensorConfig JSON syntax error: Expecting property name enclosed in double quotes: line 22 column 1 (char 379)
2026-04-06 14:28:03 | ERROR | biosignals.utils.config | _load_config |    File: C:\bci\Neurokey\config\sensor_config.json
2026-04-06 14:28:03 | INFO | biosignals.src.utils.config | _watch_loop | ♻️ SensorConfig changed — reloading...
2026-04-06 14:28:03 | ERROR | biosignals.src.utils.config | _load_config | ❌ SensorConfig JSON syntax error: Expecting property name enclosed in double quotes: line 22 column 1 (char 379)
2026-04-06 14:28:03 | ERROR | biosignals.src.utils.config | _load_config |    File: C:\bci\Neurokey\config\sensor_config.json
2026-04-06 14:28:04 | INFO | biosignals.utils.config | _watch_loop | ♻️ FilterConfig changed — reloading...
2026-04-06 14:28:04 | ERROR | biosignals.utils.config | _load_config | ❌ FilterConfig JSON syntax error: Expecting property name enclosed in double quotes: line 4 column 1 (char 30)
2026-04-06 14:28:04 | INFO | biosignals.utils.config | _watch_loop | ♻️ FilterConfig changed — reloading...
2026-04-06 14:28:04 | ERROR | biosignals.utils.config | _load_config |    File: C:\bci\Neurokey\config\filter_config.json
2026-04-06 14:28:04 | ERROR | biosignals.utils.config | _load_config | ❌ FilterConfig JSON syntax error: Expecting property name enclosed in double quotes: line 4 column 1 (char 30)
2026-04-06 14:28:04 | ERROR | biosignals.utils.config | _load_config |    File: C:\bci\Neurokey\config\filter_config.json
2026-04-06 14:28:04 | INFO | biosignals.utils.config | _watch_loop | ♻️ SensorConfig changed — reloading...
2026-04-06 14:28:04 | ERROR | biosignals.utils.config | _load_config | ❌ SensorConfig JSON syntax error: Expecting property name enclosed in double quotes: line 22 column 1 (char 379)
2026-04-06 14:28:04 | ERROR | biosignals.utils.config | _load_config |    File: C:\bci\Neurokey\config\sensor_config.json
2026-04-06 14:28:04 | INFO | biosignals.src.utils.config | _watch_loop | ♻️ FilterConfig changed — reloading...
2026-04-06 14:28:04 | ERROR | biosignals.src.utils.config | _load_config | ❌ FilterConfig JSON syntax error: Expecting property name enclosed in double quotes: line 4 column 1 (char 30)
2026-04-06 14:28:04 | INFO | biosignals.src.utils.config | _watch_loop | ♻️ FilterConfig changed — reloading...
2026-04-06 14:28:04 | ERROR | biosignals.src.utils.config | _load_config |    File: C:\bci\Neurokey\config\filter_config.json
2026-04-06 14:28:04 | ERROR | biosignals.src.utils.config | _load_config | ❌ FilterConfig JSON syntax error: Expecting property name enclosed in double quotes: line 4 column 1 (char 30)
2026-04-06 14:28:04 | INFO | biosignals.src.utils.config | _watch_loop | ♻️ FilterConfig changed — reloading...
2026-04-06 14:28:04 | ERROR | biosignals.src.utils.config | _load_config |    File: C:\bci\Neurokey\config\filter_config.json
2026-04-06 14:28:04 | ERROR | biosignals.src.utils.config | _load_config | ❌ FilterConfig JSON syntax error: Expecting property name enclosed in double quotes: line 4 column 1 (char 30)
2026-04-06 14:28:04 | ERROR | biosignals.src.utils.config | _load_config |    File: C:\bci\Neurokey\config\filter_config.json
2026-04-06 14:28:04 | INFO | biosignals.src.utils.config | _watch_loop | ♻️ SensorConfig changed — reloading...
2026-04-06 14:28:04 | ERROR | biosignals.src.utils.config | _load_config | ❌ SensorConfig JSON syntax error: Expecting property name enclosed in double quotes: line 22 column 1 (char 379)
2026-04-06 14:28:04 | ERROR | biosignals.src.utils.config | _load_config |    File: C:\bci\Neurokey\config\sensor_config.json
2026-04-06 14:28:04 | INFO | biosignals.src.utils.config | _watch_loop | ♻️ SensorConfig changed — reloading...
2026-04-06 14:28:04 | ERROR | biosignals.src.utils.config | _load_config | ❌ SensorConfig JSON syntax error: Expecting property name enclosed in double quotes: line 22 column 1 (char 379)
2026-04-06 14:28:04 | ERROR | biosignals.src.utils.config | _load_config |    File: C:\bci\Neurokey\config\sensor_config.json
2026-04-06 14:28:04 | INFO | biosignals.src.utils.config | _watch_loop | ♻️ SensorConfig changed — reloading...
2026-04-06 14:28:04 | INFO | biosignals.utils.config | _watch_loop | ♻️ SensorConfig changed — reloading...
2026-04-06 14:28:04 | ERROR | biosignals.src.utils.config | _load_config | ❌ SensorConfig JSON syntax error: Expecting property name enclosed in double quotes: line 22 column 1 (char 379)
2026-04-06 14:28:04 | ERROR | biosignals.utils.config | _load_config | ❌ SensorConfig JSON syntax error: Expecting property name enclosed in double quotes: line 22 column 1 (char 379)
2026-04-06 14:28:04 | ERROR | biosignals.src.utils.config | _load_config |    File: C:\bci\Neurokey\config\sensor_config.json
2026-04-06 14:28:04 | ERROR | biosignals.utils.config | _load_config |    File: C:\bci\Neurokey\config\sensor_config.json
2026-04-06 14:28:04 | INFO | biosignals.src.utils.config | _watch_loop | ♻️ FilterConfig changed — reloading...
2026-04-06 14:28:04 | ERROR | biosignals.src.utils.config | _load_config | ❌ FilterConfig JSON syntax error: Expecting property name enclosed in double quotes: line 4 column 1 (char 30)
2026-04-06 14:28:04 | ERROR | biosignals.src.utils.config | _load_config |    File: C:\bci\Neurokey\config\filter_config.json
2026-04-06 14:28:04 | INFO | biosignals.src.utils.config | _watch_loop | ♻️ SensorConfig changed — reloading...
2026-04-06 14:28:04 | ERROR | biosignals.src.utils.config | _load_config | ❌ SensorConfig JSON syntax error: Expecting property name enclosed in double quotes: line 22 column 1 (char 379)
2026-04-06 14:28:04 | ERROR | biosignals.src.utils.config | _load_config |    File: C:\bci\Neurokey\config\sensor_config.json
2026-04-06 14:28:04 | ERROR | biosignals.__main__ | load_config | [Router] Failed to load sensor config (C:\bci\Neurokey\config\sensor_config.json): Expecting property name enclosed in double quotes: line 22 column 1 (char 379) — using defaults
2026-04-06 14:28:04 | ERROR | biosignals.__main__ | load_config | [Router] Failed to load filter config (C:\bci\Neurokey\config\filter_config.json): Expecting property name enclosed in double quotes: line 4 column 1 (char 30) — using defaults
2026-04-06 14:28:04 | INFO | biosignals.src.utils.config | _watch_loop | ♻️ FilterConfig changed — reloading...
2026-04-06 14:28:04 | ERROR | biosignals.src.utils.config | _load_config | ❌ FilterConfig JSON syntax error: Expecting property name enclosed in double quotes: line 4 column 1 (char 30)
2026-04-06 14:28:04 | ERROR | biosignals.src.utils.config | _load_config |    File: C:\bci\Neurokey\config\filter_config.json
2026-04-06 14:28:04 | INFO | biosignals.src.utils.config | _watch_loop | ♻️ FilterConfig changed — reloading...
2026-04-06 14:28:04 | ERROR | biosignals.src.utils.config | _load_config | ❌ FilterConfig JSON syntax error: Expecting property name enclosed in double quotes: line 4 column 1 (char 30)
2026-04-06 14:28:04 | ERROR | biosignals.src.utils.config | _load_config |    File: C:\bci\Neurokey\config\filter_config.json
2026-04-06 14:28:04 | INFO | biosignals.utils.config | _watch_loop | ♻️ FilterConfig changed — reloading...
2026-04-06 14:28:04 | ERROR | biosignals.utils.config | _load_config | ❌ FilterConfig JSON syntax error: Expecting property name enclosed in double quotes: line 4 column 1 (char 30)
2026-04-06 14:28:04 | ERROR | biosignals.utils.config | _load_config |    File: C:\bci\Neurokey\config\filter_config.json
2026-04-06 14:28:04 | INFO | biosignals.src.utils.config | _watch_loop | ♻️ SensorConfig changed — reloading...
2026-04-06 14:28:04 | ERROR | biosignals.src.utils.config | _load_config | ❌ SensorConfig JSON syntax error: Expecting property name enclosed in double quotes: line 22 column 1 (char 379)
2026-04-06 14:28:04 | ERROR | biosignals.src.utils.config | _load_config |    File: C:\bci\Neurokey\config\sensor_config.json
2026-04-06 14:28:04 | INFO | biosignals.utils.config | _watch_loop | ♻️ SensorConfig changed — reloading...
2026-04-06 14:28:04 | ERROR | biosignals.utils.config | _load_config | ❌ SensorConfig JSON syntax error: Expecting property name enclosed in double quotes: line 22 column 1 (char 379)
2026-04-06 14:28:04 | ERROR | biosignals.utils.config | _load_config |    File: C:\bci\Neurokey\config\sensor_config.json
2026-04-06 14:28:04 | INFO | biosignals.src.utils.config | _watch_loop | ♻️ SensorConfig changed — reloading...
2026-04-06 14:28:04 | ERROR | biosignals.src.utils.config | _load_config | ❌ SensorConfig JSON syntax error: Expecting property name enclosed in double quotes: line 22 column 1 (char 379)
2026-04-06 14:28:05 | ERROR | biosignals.src.utils.config | _load_config |    File: C:\bci\Neurokey\config\sensor_config.json
2026-04-06 14:28:05 | INFO | biosignals.utils.config | _watch_loop | ♻️ FilterConfig changed — reloading...
2026-04-06 14:28:05 | INFO | biosignals.utils.config | _watch_loop | ♻️ FilterConfig changed — reloading...
2026-04-06 14:28:05 | ERROR | biosignals.utils.config | _load_config | ❌ FilterConfig JSON syntax error: Expecting property name enclosed in double quotes: line 4 column 1 (char 30)
2026-04-06 14:28:05 | ERROR | biosignals.utils.config | _load_config | ❌ FilterConfig JSON syntax error: Expecting property name enclosed in double quotes: line 4 column 1 (char 30)
2026-04-06 14:28:05 | ERROR | biosignals.utils.config | _load_config |    File: C:\bci\Neurokey\config\filter_config.json
2026-04-06 14:28:05 | ERROR | biosignals.utils.config | _load_config |    File: C:\bci\Neurokey\config\filter_config.json
2026-04-06 14:28:05 | INFO | biosignals.utils.config | _watch_loop | ♻️ SensorConfig changed — reloading...
2026-04-06 14:28:05 | ERROR | biosignals.utils.config | _load_config | ❌ SensorConfig JSON syntax error: Expecting property name enclosed in double quotes: line 22 column 1 (char 379)
2026-04-06 14:28:05 | ERROR | biosignals.utils.config | _load_config |    File: C:\bci\Neurokey\config\sensor_config.json
2026-04-06 14:28:05 | INFO | biosignals.src.utils.config | _watch_loop | ♻️ FilterConfig changed — reloading...
2026-04-06 14:28:05 | ERROR | biosignals.src.utils.config | _load_config | ❌ FilterConfig JSON syntax error: Expecting property name enclosed in double quotes: line 4 column 1 (char 30)
2026-04-06 14:28:05 | ERROR | biosignals.src.utils.config | _load_config |    File: C:\bci\Neurokey\config\filter_config.json
2026-04-06 14:28:05 | INFO | biosignals.src.utils.config | _watch_loop | ♻️ FilterConfig changed — reloading...
2026-04-06 14:28:05 | ERROR | biosignals.src.utils.config | _load_config | ❌ FilterConfig JSON syntax error: Expecting property name enclosed in double quotes: line 4 column 1 (char 30)
2026-04-06 14:28:05 | ERROR | biosignals.src.utils.config | _load_config |    File: C:\bci\Neurokey\config\filter_config.json
2026-04-06 14:28:05 | INFO | biosignals.src.utils.config | _watch_loop | ♻️ FilterConfig changed — reloading...
2026-04-06 14:28:05 | ERROR | biosignals.src.utils.config | _load_config | ❌ FilterConfig JSON syntax error: Expecting property name enclosed in double quotes: line 4 column 1 (char 30)
2026-04-06 14:28:05 | ERROR | biosignals.src.utils.config | _load_config |    File: C:\bci\Neurokey\config\filter_config.json
2026-04-06 14:28:05 | INFO | biosignals.src.utils.config | _watch_loop | ♻️ SensorConfig changed — reloading...
2026-04-06 14:28:05 | ERROR | biosignals.src.utils.config | _load_config | ❌ SensorConfig JSON syntax error: Expecting property name enclosed in double quotes: line 22 column 1 (char 379)
2026-04-06 14:28:05 | ERROR | biosignals.src.utils.config | _load_config |    File: C:\bci\Neurokey\config\sensor_config.json
2026-04-06 14:28:05 | INFO | biosignals.src.utils.config | _watch_loop | ♻️ SensorConfig changed — reloading...
2026-04-06 14:28:05 | ERROR | biosignals.src.utils.config | _load_config | ❌ SensorConfig JSON syntax error: Expecting property name enclosed in double quotes: line 22 column 1 (char 379)
2026-04-06 14:28:05 | ERROR | biosignals.src.utils.config | _load_config |    File: C:\bci\Neurokey\config\sensor_config.json
2026-04-06 14:28:05 | INFO | biosignals.src.utils.config | _watch_loop | ♻️ SensorConfig changed — reloading...
2026-04-06 14:28:05 | ERROR | biosignals.src.utils.config | _load_config | ❌ SensorConfig JSON syntax error: Expecting property name enclosed in double quotes: line 22 column 1 (char 379)
2026-04-06 14:28:05 | INFO | biosignals.utils.config | _watch_loop | ♻️ SensorConfig changed — reloading...
2026-04-06 14:28:05 | ERROR | biosignals.src.utils.config | _load_config |    File: C:\bci\Neurokey\config\sensor_config.json
2026-04-06 14:28:05 | ERROR | biosignals.utils.config | _load_config | ❌ SensorConfig JSON syntax error: Expecting property name enclosed in double quotes: line 22 column 1 (char 379)
2026-04-06 14:28:05 | ERROR | biosignals.src.utils.config | _load_config | ❌ FilterConfig JSON syntax error: Expecting property name enclosed in double quotes: line 4 column 1 (char 30)
2026-04-06 14:28:05 | ERROR | biosignals.utils.config | _load_config |    File: C:\bci\Neurokey\config\sensor_config.json
2026-04-06 14:28:05 | ERROR | biosignals.src.utils.config | _load_config |    File: C:\bci\Neurokey\config\filter_config.json
2026-04-06 14:28:05 | INFO | biosignals.src.utils.config | _watch_loop | ♻️ SensorConfig changed — reloading...
2026-04-06 14:28:05 | ERROR | biosignals.src.utils.config | _load_config | ❌ SensorConfig JSON syntax error: Expecting property name enclosed in double quotes: line 22 column 1 (char 379)
2026-04-06 14:28:05 | ERROR | biosignals.src.utils.config | _load_config |    File: C:\bci\Neurokey\config\sensor_config.json
2026-04-06 14:28:05 | INFO | biosignals.src.utils.config | _watch_loop | ♻️ FilterConfig changed — reloading...
2026-04-06 14:28:05 | ERROR | biosignals.src.utils.config | _load_config | ❌ FilterConfig JSON syntax error: Expecting property name enclosed in double quotes: line 4 column 1 (char 30)
2026-04-06 14:28:05 | ERROR | biosignals.src.utils.config | _load_config |    File: C:\bci\Neurokey\config\filter_config.json
2026-04-06 14:28:05 | INFO | biosignals.src.utils.config | _watch_loop | ♻️ FilterConfig changed — reloading...
2026-04-06 14:28:05 | ERROR | biosignals.src.utils.config | _load_config | ❌ FilterConfig JSON syntax error: Expecting property name enclosed in double quotes: line 4 column 1 (char 30)
2026-04-06 14:28:05 | ERROR | biosignals.src.utils.config | _load_config |    File: C:\bci\Neurokey\config\filter_config.json
2026-04-06 14:28:05 | INFO | biosignals.utils.config | _watch_loop | ♻️ FilterConfig changed — reloading...
2026-04-06 14:28:05 | ERROR | biosignals.utils.config | _load_config | ❌ FilterConfig JSON syntax error: Expecting property name enclosed in double quotes: line 4 column 1 (char 30)
2026-04-06 14:28:05 | ERROR | biosignals.utils.config | _load_config |    File: C:\bci\Neurokey\config\filter_config.json
2026-04-06 14:28:05 | INFO | biosignals.src.utils.config | _watch_loop | ♻️ SensorConfig changed — reloading...
2026-04-06 14:28:05 | ERROR | biosignals.src.utils.config | _load_config | ❌ SensorConfig JSON syntax error: Expecting property name enclosed in double quotes: line 22 column 1 (char 379)
2026-04-06 14:28:05 | ERROR | biosignals.src.utils.config | _load_config |    File: C:\bci\Neurokey\config\sensor_config.json
2026-04-06 14:28:05 | INFO | biosignals.utils.config | _watch_loop | ♻️ SensorConfig changed — reloading...
2026-04-06 14:28:05 | ERROR | biosignals.utils.config | _load_config | ❌ SensorConfig JSON syntax error: Expecting property name enclosed in double quotes: line 22 column 1 (char 379)
2026-04-06 14:28:05 | ERROR | biosignals.utils.config | _load_config |    File: C:\bci\Neurokey\config\sensor_config.json
2026-04-06 14:28:06 | INFO | biosignals.src.utils.config | _watch_loop | ♻️ SensorConfig changed — reloading...
2026-04-06 14:28:06 | ERROR | biosignals.src.utils.config | _load_config | ❌ SensorConfig JSON syntax error: Expecting property name enclosed in double quotes: line 22 column 1 (char 379)
2026-04-06 14:28:06 | ERROR | biosignals.src.utils.config | _load_config |    File: C:\bci\Neurokey\config\sensor_config.json
2026-04-06 14:28:06 | INFO | biosignals.utils.config | _watch_loop | ♻️ FilterConfig changed — reloading...
2026-04-06 14:28:06 | INFO | biosignals.utils.config | _watch_loop | ♻️ FilterConfig changed — reloading...
2026-04-06 14:28:06 | ERROR | biosignals.utils.config | _load_config | ❌ FilterConfig JSON syntax error: Expecting property name enclosed in double quotes: line 4 column 1 (char 30)
2026-04-06 14:28:06 | ERROR | biosignals.utils.config | _load_config |    File: C:\bci\Neurokey\config\filter_config.json
2026-04-06 14:28:06 | ERROR | biosignals.utils.config | _load_config | ❌ FilterConfig JSON syntax error: Expecting property name enclosed in double quotes: line 4 column 1 (char 30)
2026-04-06 14:28:06 | ERROR | biosignals.utils.config | _load_config |    File: C:\bci\Neurokey\config\filter_config.json
2026-04-06 14:28:06 | INFO | biosignals.utils.config | _watch_loop | ♻️ SensorConfig changed — reloading...
2026-04-06 14:28:06 | ERROR | biosignals.utils.config | _load_config | ❌ SensorConfig JSON syntax error: Expecting property name enclosed in double quotes: line 22 column 1 (char 379)
2026-04-06 14:28:06 | ERROR | biosignals.utils.config | _load_config |    File: C:\bci\Neurokey\config\sensor_config.json
2026-04-06 14:28:06 | INFO | biosignals.src.utils.config | _watch_loop | ♻️ FilterConfig changed — reloading...
2026-04-06 14:28:06 | ERROR | biosignals.src.utils.config | _load_config | ❌ FilterConfig JSON syntax error: Expecting property name enclosed in double quotes: line 4 column 1 (char 30)
2026-04-06 14:28:06 | ERROR | biosignals.src.utils.config | _load_config |    File: C:\bci\Neurokey\config\filter_config.json
2026-04-06 14:28:06 | INFO | biosignals.src.utils.config | _watch_loop | ♻️ FilterConfig changed — reloading...
2026-04-06 14:28:06 | ERROR | biosignals.src.utils.config | _load_config | ❌ FilterConfig JSON syntax error: Expecting property name enclosed in double quotes: line 4 column 1 (char 30)
2026-04-06 14:28:06 | ERROR | biosignals.src.utils.config | _load_config |    File: C:\bci\Neurokey\config\filter_config.json
2026-04-06 14:28:06 | INFO | biosignals.src.utils.config | _watch_loop | ♻️ FilterConfig changed — reloading...
2026-04-06 14:28:06 | ERROR | biosignals.src.utils.config | _load_config | ❌ FilterConfig JSON syntax error: Expecting property name enclosed in double quotes: line 4 column 1 (char 30)
2026-04-06 14:28:06 | ERROR | biosignals.src.utils.config | _load_config |    File: C:\bci\Neurokey\config\filter_config.json
2026-04-06 14:28:06 | INFO | biosignals.src.utils.config | _watch_loop | ♻️ SensorConfig changed — reloading...
2026-04-06 14:28:06 | ERROR | biosignals.src.utils.config | _load_config | ❌ SensorConfig JSON syntax error: Expecting property name enclosed in double quotes: line 22 column 1 (char 379)
2026-04-06 14:28:06 | ERROR | biosignals.src.utils.config | _load_config |    File: C:\bci\Neurokey\config\sensor_config.json
2026-04-06 14:28:06 | INFO | biosignals.src.utils.config | _watch_loop | ♻️ SensorConfig changed — reloading...
2026-04-06 14:28:06 | ERROR | biosignals.src.utils.config | _load_config | ❌ SensorConfig JSON syntax error: Expecting property name enclosed in double quotes: line 22 column 1 (char 379)
2026-04-06 14:28:06 | ERROR | biosignals.src.utils.config | _load_config |    File: C:\bci\Neurokey\config\sensor_config.json
2026-04-06 14:28:06 | INFO | biosignals.src.utils.config | _watch_loop | ♻️ SensorConfig changed — reloading...
2026-04-06 14:28:06 | ERROR | biosignals.src.utils.config | _load_config | ❌ SensorConfig JSON syntax error: Expecting property name enclosed in double quotes: line 22 column 1 (char 379)
2026-04-06 14:28:06 | ERROR | biosignals.src.utils.config | _load_config |    File: C:\bci\Neurokey\config\sensor_config.json
2026-04-06 14:28:06 | INFO | biosignals.utils.config | _watch_loop | ♻️ SensorConfig changed — reloading...
2026-04-06 14:28:06 | INFO | biosignals.src.utils.config | _watch_loop | ♻️ FilterConfig changed — reloading...
2026-04-06 14:28:06 | ERROR | biosignals.utils.config | _load_config | ❌ SensorConfig JSON syntax error: Expecting property name enclosed in double quotes: line 22 column 1 (char 379)
2026-04-06 14:28:06 | ERROR | biosignals.src.utils.config | _load_config | ❌ FilterConfig JSON syntax error: Expecting property name enclosed in double quotes: line 4 column 1 (char 30)
2026-04-06 14:28:06 | ERROR | biosignals.utils.config | _load_config |    File: C:\bci\Neurokey\config\sensor_config.json
2026-04-06 14:28:06 | ERROR | biosignals.src.utils.config | _load_config |    File: C:\bci\Neurokey\config\filter_config.json
2026-04-06 14:28:06 | INFO | biosignals.src.utils.config | _watch_loop | ♻️ SensorConfig changed — reloading...
2026-04-06 14:28:06 | ERROR | biosignals.src.utils.config | _load_config | ❌ SensorConfig JSON syntax error: Expecting property name enclosed in double quotes: line 22 column 1 (char 379)
2026-04-06 14:28:06 | ERROR | biosignals.src.utils.config | _load_config |    File: C:\bci\Neurokey\config\sensor_config.json
2026-04-06 14:28:06 | ERROR | biosignals.__main__ | load_config | [Router] Failed to load sensor config (C:\bci\Neurokey\config\sensor_config.json): Expecting property name enclosed in double quotes: line 22 column 1 (char 379) — using defaults
2026-04-06 14:28:06 | ERROR | biosignals.__main__ | load_config | [Router] Failed to load filter config (C:\bci\Neurokey\config\filter_config.json): Expecting property name enclosed in double quotes: line 4 column 1 (char 30) — using defaults
2026-04-06 14:28:06 | INFO | biosignals.src.utils.config | _watch_loop | ♻️ FilterConfig changed — reloading...
2026-04-06 14:28:06 | ERROR | biosignals.src.utils.config | _load_config | ❌ FilterConfig JSON syntax error: Expecting property name enclosed in double quotes: line 4 column 1 (char 30)
2026-04-06 14:28:06 | ERROR | biosignals.src.utils.config | _load_config |    File: C:\bci\Neurokey\config\filter_config.json
2026-04-06 14:28:06 | INFO | biosignals.src.utils.config | _watch_loop | ♻️ FilterConfig changed — reloading...
2026-04-06 14:28:06 | ERROR | biosignals.src.utils.config | _load_config | ❌ FilterConfig JSON syntax error: Expecting property name enclosed in double quotes: line 4 column 1 (char 30)
2026-04-06 14:28:06 | ERROR | biosignals.src.utils.config | _load_config |    File: C:\bci\Neurokey\config\filter_config.json
2026-04-06 14:28:06 | INFO | biosignals.utils.config | _watch_loop | ♻️ FilterConfig changed — reloading...
2026-04-06 14:28:06 | ERROR | biosignals.utils.config | _load_config | ❌ FilterConfig JSON syntax error: Expecting property name enclosed in double quotes: line 4 column 1 (char 30)
2026-04-06 14:28:06 | ERROR | biosignals.utils.config | _load_config |    File: C:\bci\Neurokey\config\filter_config.json
2026-04-06 14:28:06 | INFO | biosignals.src.utils.config | _watch_loop | ♻️ SensorConfig changed — reloading...
2026-04-06 14:28:06 | ERROR | biosignals.src.utils.config | _load_config | ❌ SensorConfig JSON syntax error: Expecting property name enclosed in double quotes: line 22 column 1 (char 379)
2026-04-06 14:28:06 | ERROR | biosignals.src.utils.config | _load_config |    File: C:\bci\Neurokey\config\sensor_config.json
2026-04-06 14:28:07 | INFO | biosignals.utils.config | _watch_loop | ♻️ SensorConfig changed — reloading...
2026-04-06 14:28:07 | ERROR | biosignals.utils.config | _load_config | ❌ SensorConfig JSON syntax error: Expecting property name enclosed in double quotes: line 22 column 1 (char 379)
2026-04-06 14:28:07 | INFO | biosignals.src.utils.config | _watch_loop | ♻️ SensorConfig changed — reloading...
2026-04-06 14:28:07 | ERROR | biosignals.utils.config | _load_config |    File: C:\bci\Neurokey\config\sensor_config.json
2026-04-06 14:28:07 | ERROR | biosignals.src.utils.config | _load_config | ❌ SensorConfig JSON syntax error: Expecting property name enclosed in double quotes: line 22 column 1 (char 379)
2026-04-06 14:28:07 | ERROR | biosignals.src.utils.config | _load_config |    File: C:\bci\Neurokey\config\sensor_config.json
2026-04-06 14:28:07 | INFO | biosignals.utils.config | _watch_loop | ♻️ FilterConfig changed — reloading...
2026-04-06 14:28:07 | INFO | biosignals.utils.config | _watch_loop | ♻️ FilterConfig changed — reloading...
2026-04-06 14:28:07 | ERROR | biosignals.utils.config | _load_config | ❌ FilterConfig JSON syntax error: Expecting property name enclosed in double quotes: line 4 column 1 (char 30)
2026-04-06 14:28:07 | ERROR | biosignals.utils.config | _load_config | ❌ FilterConfig JSON syntax error: Expecting property name enclosed in double quotes: line 4 column 1 (char 30)
2026-04-06 14:28:07 | ERROR | biosignals.utils.config | _load_config |    File: C:\bci\Neurokey\config\filter_config.json
2026-04-06 14:28:07 | ERROR | biosignals.utils.config | _load_config |    File: C:\bci\Neurokey\config\filter_config.json
2026-04-06 14:28:07 | INFO | biosignals.utils.config | _watch_loop | ♻️ SensorConfig changed — reloading...
2026-04-06 14:28:07 | ERROR | biosignals.utils.config | _load_config | ❌ SensorConfig JSON syntax error: Expecting property name enclosed in double quotes: line 22 column 1 (char 379)
2026-04-06 14:28:07 | ERROR | biosignals.utils.config | _load_config |    File: C:\bci\Neurokey\config\sensor_config.json
2026-04-06 14:28:07 | INFO | biosignals.src.utils.config | _watch_loop | ♻️ FilterConfig changed — reloading...
2026-04-06 14:28:07 | ERROR | biosignals.src.utils.config | _load_config | ❌ FilterConfig JSON syntax error: Expecting property name enclosed in double quotes: line 4 column 1 (char 30)
2026-04-06 14:28:07 | ERROR | biosignals.src.utils.config | _load_config |    File: C:\bci\Neurokey\config\filter_config.json
2026-04-06 14:28:07 | INFO | biosignals.src.utils.config | _watch_loop | ♻️ FilterConfig changed — reloading...
2026-04-06 14:28:07 | INFO | biosignals.src.utils.config | _watch_loop | ♻️ FilterConfig changed — reloading...
2026-04-06 14:28:07 | ERROR | biosignals.src.utils.config | _load_config | ❌ FilterConfig JSON syntax error: Expecting property name enclosed in double quotes: line 4 column 1 (char 30)
2026-04-06 14:28:07 | ERROR | biosignals.src.utils.config | _load_config |    File: C:\bci\Neurokey\config\filter_config.json
2026-04-06 14:28:07 | ERROR | biosignals.src.utils.config | _load_config | ❌ FilterConfig JSON syntax error: Expecting property name enclosed in double quotes: line 4 column 1 (char 30)
2026-04-06 14:28:07 | ERROR | biosignals.src.utils.config | _load_config |    File: C:\bci\Neurokey\config\filter_config.json
2026-04-06 14:28:07 | INFO | biosignals.src.utils.config | _watch_loop | ♻️ SensorConfig changed — reloading...
2026-04-06 14:28:07 | ERROR | biosignals.src.utils.config | _load_config | ❌ SensorConfig JSON syntax error: Expecting property name enclosed in double quotes: line 22 column 1 (char 379)
2026-04-06 14:28:07 | ERROR | biosignals.src.utils.config | _load_config |    File: C:\bci\Neurokey\config\sensor_config.json
2026-04-06 14:28:07 | INFO | biosignals.src.utils.config | _watch_loop | ♻️ SensorConfig changed — reloading...
2026-04-06 14:28:07 | ERROR | biosignals.src.utils.config | _load_config | ❌ SensorConfig JSON syntax error: Expecting property name enclosed in double quotes: line 22 column 1 (char 379)
2026-04-06 14:28:07 | ERROR | biosignals.src.utils.config | _load_config |    File: C:\bci\Neurokey\config\sensor_config.json
2026-04-06 14:28:07 | INFO | biosignals.src.utils.config | _watch_loop | ♻️ SensorConfig changed — reloading...
2026-04-06 14:28:07 | ERROR | biosignals.src.utils.config | _load_config | ❌ SensorConfig JSON syntax error: Expecting property name enclosed in double quotes: line 22 column 1 (char 379)
2026-04-06 14:28:07 | INFO | biosignals.utils.config | _watch_loop | ♻️ SensorConfig changed — reloading...
2026-04-06 14:28:07 | INFO | biosignals.src.utils.config | _watch_loop | ♻️ FilterConfig changed — reloading...
2026-04-06 14:28:07 | ERROR | biosignals.src.utils.config | _load_config |    File: C:\bci\Neurokey\config\sensor_config.json
2026-04-06 14:28:07 | ERROR | biosignals.utils.config | _load_config | ❌ SensorConfig JSON syntax error: Expecting property name enclosed in double quotes: line 22 column 1 (char 379)
2026-04-06 14:28:07 | ERROR | biosignals.src.utils.config | _load_config | ❌ FilterConfig JSON syntax error: Expecting property name enclosed in double quotes: line 4 column 1 (char 30)
2026-04-06 14:28:07 | ERROR | biosignals.utils.config | _load_config |    File: C:\bci\Neurokey\config\sensor_config.json
2026-04-06 14:28:07 | ERROR | biosignals.src.utils.config | _load_config |    File: C:\bci\Neurokey\config\filter_config.json
2026-04-06 14:28:07 | INFO | biosignals.src.utils.config | _watch_loop | ♻️ SensorConfig changed — reloading...
2026-04-06 14:28:07 | ERROR | biosignals.src.utils.config | _load_config | ❌ SensorConfig JSON syntax error: Expecting property name enclosed in double quotes: line 22 column 1 (char 379)
2026-04-06 14:28:07 | ERROR | biosignals.src.utils.config | _load_config |    File: C:\bci\Neurokey\config\sensor_config.json
2026-04-06 14:28:07 | INFO | biosignals.src.utils.config | _watch_loop | ♻️ FilterConfig changed — reloading...
2026-04-06 14:28:07 | ERROR | biosignals.src.utils.config | _load_config | ❌ FilterConfig JSON syntax error: Expecting property name enclosed in double quotes: line 4 column 1 (char 30)
2026-04-06 14:28:07 | ERROR | biosignals.src.utils.config | _load_config |    File: C:\bci\Neurokey\config\filter_config.json
2026-04-06 14:28:07 | INFO | biosignals.src.utils.config | _watch_loop | ♻️ FilterConfig changed — reloading...
2026-04-06 14:28:07 | ERROR | biosignals.src.utils.config | _load_config | ❌ FilterConfig JSON syntax error: Expecting property name enclosed in double quotes: line 4 column 1 (char 30)
2026-04-06 14:28:07 | ERROR | biosignals.src.utils.config | _load_config |    File: C:\bci\Neurokey\config\filter_config.json
2026-04-06 14:28:07 | INFO | biosignals.utils.config | _watch_loop | ♻️ FilterConfig changed — reloading...
2026-04-06 14:28:07 | ERROR | biosignals.utils.config | _load_config | ❌ FilterConfig JSON syntax error: Expecting property name enclosed in double quotes: line 4 column 1 (char 30)
2026-04-06 14:28:07 | ERROR | biosignals.utils.config | _load_config |    File: C:\bci\Neurokey\config\filter_config.json
2026-04-06 14:28:07 | INFO | biosignals.src.utils.config | _watch_loop | ♻️ SensorConfig changed — reloading...
2026-04-06 14:28:07 | ERROR | biosignals.src.utils.config | _load_config | ❌ SensorConfig JSON syntax error: Expecting property name enclosed in double quotes: line 22 column 1 (char 379)
2026-04-06 14:28:07 | ERROR | biosignals.src.utils.config | _load_config |    File: C:\bci\Neurokey\config\sensor_config.json
2026-04-06 14:28:08 | INFO | biosignals.utils.config | _watch_loop | ♻️ SensorConfig changed — reloading...
2026-04-06 14:28:08 | INFO | biosignals.src.utils.config | _watch_loop | ♻️ SensorConfig changed — reloading...
2026-04-06 14:28:08 | ERROR | biosignals.utils.config | _load_config | ❌ SensorConfig JSON syntax error: Expecting property name enclosed in double quotes: line 22 column 1 (char 379)
2026-04-06 14:28:08 | ERROR | biosignals.utils.config | _load_config |    File: C:\bci\Neurokey\config\sensor_config.json
2026-04-06 14:28:08 | ERROR | biosignals.src.utils.config | _load_config | ❌ SensorConfig JSON syntax error: Expecting property name enclosed in double quotes: line 22 column 1 (char 379)
2026-04-06 14:28:08 | ERROR | biosignals.src.utils.config | _load_config |    File: C:\bci\Neurokey\config\sensor_config.json
2026-04-06 14:28:08 | INFO | biosignals.utils.config | _watch_loop | ♻️ FilterConfig changed — reloading...
2026-04-06 14:28:08 | INFO | biosignals.utils.config | _watch_loop | ♻️ FilterConfig changed — reloading...
2026-04-06 14:28:08 | ERROR | biosignals.utils.config | _load_config | ❌ FilterConfig JSON syntax error: Expecting property name enclosed in double quotes: line 4 column 1 (char 30)
2026-04-06 14:28:08 | ERROR | biosignals.utils.config | _load_config | ❌ FilterConfig JSON syntax error: Expecting property name enclosed in double quotes: line 4 column 1 (char 30)
2026-04-06 14:28:08 | ERROR | biosignals.utils.config | _load_config |    File: C:\bci\Neurokey\config\filter_config.json
2026-04-06 14:28:08 | INFO | biosignals.utils.config | _watch_loop | ♻️ SensorConfig changed — reloading...
2026-04-06 14:28:08 | ERROR | biosignals.utils.config | _load_config | ❌ SensorConfig JSON syntax error: Expecting property name enclosed in double quotes: line 22 column 1 (char 379)
2026-04-06 14:28:08 | ERROR | biosignals.utils.config | _load_config |    File: C:\bci\Neurokey\config\sensor_config.json
2026-04-06 14:28:08 | INFO | biosignals.src.utils.config | _watch_loop | ♻️ FilterConfig changed — reloading...
2026-04-06 14:28:08 | ERROR | biosignals.src.utils.config | _load_config | ❌ FilterConfig JSON syntax error: Expecting property name enclosed in double quotes: line 4 column 1 (char 30)
2026-04-06 14:28:08 | ERROR | biosignals.src.utils.config | _load_config |    File: C:\bci\Neurokey\config\filter_config.json
2026-04-06 14:28:08 | INFO | biosignals.src.utils.config | _watch_loop | ♻️ FilterConfig changed — reloading...
2026-04-06 14:28:08 | ERROR | biosignals.src.utils.config | _load_config | ❌ FilterConfig JSON syntax error: Expecting property name enclosed in double quotes: line 4 column 1 (char 30)
2026-04-06 14:28:08 | INFO | biosignals.src.utils.config | _watch_loop | ♻️ FilterConfig changed — reloading...
2026-04-06 14:28:08 | ERROR | biosignals.src.utils.config | _load_config |    File: C:\bci\Neurokey\config\filter_config.json
2026-04-06 14:28:08 | ERROR | biosignals.src.utils.config | _load_config | ❌ FilterConfig JSON syntax error: Expecting property name enclosed in double quotes: line 4 column 1 (char 30)
2026-04-06 14:28:08 | ERROR | biosignals.src.utils.config | _load_config |    File: C:\bci\Neurokey\config\filter_config.json
2026-04-06 14:28:08 | INFO | biosignals.src.utils.config | _watch_loop | ♻️ SensorConfig changed — reloading...
2026-04-06 14:28:08 | ERROR | biosignals.src.utils.config | _load_config | ❌ SensorConfig JSON syntax error: Expecting property name enclosed in double quotes: line 22 column 1 (char 379)
2026-04-06 14:28:08 | ERROR | biosignals.src.utils.config | _load_config |    File: C:\bci\Neurokey\config\sensor_config.json
2026-04-06 14:28:08 | INFO | biosignals.src.utils.config | _watch_loop | ♻️ SensorConfig changed — reloading...
2026-04-06 14:28:08 | ERROR | biosignals.src.utils.config | _load_config | ❌ SensorConfig JSON syntax error: Expecting property name enclosed in double quotes: line 22 column 1 (char 379)
2026-04-06 14:28:08 | ERROR | biosignals.src.utils.config | _load_config |    File: C:\bci\Neurokey\config\sensor_config.json
2026-04-06 14:28:08 | INFO | biosignals.src.utils.config | _watch_loop | ♻️ SensorConfig changed — reloading...
2026-04-06 14:28:08 | ERROR | biosignals.src.utils.config | _load_config | ❌ SensorConfig JSON syntax error: Expecting property name enclosed in double quotes: line 22 column 1 (char 379)
2026-04-06 14:28:08 | ERROR | biosignals.src.utils.config | _load_config |    File: C:\bci\Neurokey\config\sensor_config.json
2026-04-06 14:28:08 | INFO | biosignals.src.utils.config | _watch_loop | ♻️ FilterConfig changed — reloading...
2026-04-06 14:28:08 | INFO | biosignals.utils.config | _watch_loop | ♻️ SensorConfig changed — reloading...
2026-04-06 14:28:08 | ERROR | biosignals.src.utils.config | _load_config | ❌ FilterConfig JSON syntax error: Expecting property name enclosed in double quotes: line 4 column 1 (char 30)
2026-04-06 14:28:08 | ERROR | biosignals.utils.config | _load_config | ❌ SensorConfig JSON syntax error: Expecting property name enclosed in double quotes: line 22 column 1 (char 379)
2026-04-06 14:28:08 | ERROR | biosignals.src.utils.config | _load_config |    File: C:\bci\Neurokey\config\filter_config.json
2026-04-06 14:28:08 | ERROR | biosignals.utils.config | _load_config |    File: C:\bci\Neurokey\config\sensor_config.json
2026-04-06 14:28:08 | INFO | biosignals.src.utils.config | _watch_loop | ♻️ SensorConfig changed — reloading...
2026-04-06 14:28:08 | ERROR | biosignals.src.utils.config | _load_config | ❌ SensorConfig JSON syntax error: Expecting property name enclosed in double quotes: line 22 column 1 (char 379)
2026-04-06 14:28:08 | ERROR | biosignals.src.utils.config | _load_config |    File: C:\bci\Neurokey\config\sensor_config.json
2026-04-06 14:28:08 | ERROR | biosignals.__main__ | load_config | [Router] Failed to load sensor config (C:\bci\Neurokey\config\sensor_config.json): Expecting property name enclosed in double quotes: line 22 column 1 (char 379) — using defaults
2026-04-06 14:28:08 | ERROR | biosignals.__main__ | load_config | [Router] Failed to load filter config (C:\bci\Neurokey\config\filter_config.json): Expecting property name enclosed in double quotes: line 4 column 1 (char 30) — using defaults
2026-04-06 14:28:08 | INFO | biosignals.src.utils.config | _watch_loop | ♻️ FilterConfig changed — reloading...
2026-04-06 14:28:08 | ERROR | biosignals.src.utils.config | _load_config | ❌ FilterConfig JSON syntax error: Expecting property name enclosed in double quotes: line 4 column 1 (char 30)
2026-04-06 14:28:08 | ERROR | biosignals.src.utils.config | _load_config |    File: C:\bci\Neurokey\config\filter_config.json
2026-04-06 14:28:08 | INFO | biosignals.src.utils.config | _watch_loop | ♻️ FilterConfig changed — reloading...
2026-04-06 14:28:08 | ERROR | biosignals.src.utils.config | _load_config | ❌ FilterConfig JSON syntax error: Expecting property name enclosed in double quotes: line 4 column 1 (char 30)
2026-04-06 14:28:08 | ERROR | biosignals.src.utils.config | _load_config |    File: C:\bci\Neurokey\config\filter_config.json
2026-04-06 14:28:08 | INFO | biosignals.utils.config | _watch_loop | ♻️ FilterConfig changed — reloading...
2026-04-06 14:28:08 | ERROR | biosignals.utils.config | _load_config | ❌ FilterConfig JSON syntax error: Expecting property name enclosed in double quotes: line 4 column 1 (char 30)
2026-04-06 14:28:08 | ERROR | biosignals.utils.config | _load_config |    File: C:\bci\Neurokey\config\filter_config.json
2026-04-06 14:28:09 | INFO | biosignals.src.utils.config | _watch_loop | ♻️ SensorConfig changed — reloading...
2026-04-06 14:28:09 | ERROR | biosignals.src.utils.config | _load_config | ❌ SensorConfig JSON syntax error: Expecting property name enclosed in double quotes: line 22 column 1 (char 379)
2026-04-06 14:28:09 | ERROR | biosignals.src.utils.config | _load_config |    File: C:\bci\Neurokey\config\sensor_config.json
2026-04-06 14:28:09 | INFO | biosignals.utils.config | _watch_loop | ♻️ SensorConfig changed — reloading...
2026-04-06 14:28:09 | INFO | biosignals.src.utils.config | _watch_loop | ♻️ SensorConfig changed — reloading...
2026-04-06 14:28:09 | ERROR | biosignals.utils.config | _load_config | ❌ SensorConfig JSON syntax error: Expecting property name enclosed in double quotes: line 22 column 1 (char 379)
2026-04-06 14:28:09 | ERROR | biosignals.utils.config | _load_config |    File: C:\bci\Neurokey\config\sensor_config.json
2026-04-06 14:28:09 | ERROR | biosignals.src.utils.config | _load_config | ❌ SensorConfig JSON syntax error: Expecting property name enclosed in double quotes: line 22 column 1 (char 379)
2026-04-06 14:28:09 | ERROR | biosignals.src.utils.config | _load_config |    File: C:\bci\Neurokey\config\sensor_config.json
2026-04-06 14:28:09 | INFO | biosignals.utils.config | _watch_loop | ♻️ FilterConfig changed — reloading...
2026-04-06 14:28:09 | INFO | biosignals.utils.config | _watch_loop | ♻️ FilterConfig changed — reloading...
2026-04-06 14:28:09 | ERROR | biosignals.utils.config | _load_config | ❌ FilterConfig JSON syntax error: Expecting property name enclosed in double quotes: line 4 column 1 (char 30)
2026-04-06 14:28:09 | ERROR | biosignals.utils.config | _load_config |    File: C:\bci\Neurokey\config\filter_config.json
2026-04-06 14:28:09 | ERROR | biosignals.utils.config | _load_config | ❌ FilterConfig JSON syntax error: Expecting property name enclosed in double quotes: line 4 column 1 (char 30)
2026-04-06 14:28:09 | ERROR | biosignals.utils.config | _load_config |    File: C:\bci\Neurokey\config\filter_config.json
2026-04-06 14:28:09 | INFO | biosignals.utils.config | _watch_loop | ♻️ SensorConfig changed — reloading...
2026-04-06 14:28:09 | ERROR | biosignals.utils.config | _load_config | ❌ SensorConfig JSON syntax error: Expecting property name enclosed in double quotes: line 22 column 1 (char 379)
2026-04-06 14:28:09 | ERROR | biosignals.utils.config | _load_config |    File: C:\bci\Neurokey\config\sensor_config.json
2026-04-06 14:28:09 | INFO | biosignals.src.utils.config | _watch_loop | ♻️ FilterConfig changed — reloading...
2026-04-06 14:28:09 | ERROR | biosignals.src.utils.config | _load_config | ❌ FilterConfig JSON syntax error: Expecting property name enclosed in double quotes: line 4 column 1 (char 30)
2026-04-06 14:28:09 | ERROR | biosignals.src.utils.config | _load_config |    File: C:\bci\Neurokey\config\filter_config.json
2026-04-06 14:28:09 | INFO | biosignals.src.utils.config | _watch_loop | ♻️ FilterConfig changed — reloading...
2026-04-06 14:28:09 | ERROR | biosignals.src.utils.config | _load_config | ❌ FilterConfig JSON syntax error: Expecting property name enclosed in double quotes: line 4 column 1 (char 30)
2026-04-06 14:28:09 | INFO | biosignals.src.utils.config | _watch_loop | ♻️ FilterConfig changed — reloading...
2026-04-06 14:28:09 | ERROR | biosignals.src.utils.config | _load_config |    File: C:\bci\Neurokey\config\filter_config.json
2026-04-06 14:28:09 | ERROR | biosignals.src.utils.config | _load_config | ❌ FilterConfig JSON syntax error: Expecting property name enclosed in double quotes: line 4 column 1 (char 30)
2026-04-06 14:28:09 | ERROR | biosignals.src.utils.config | _load_config |    File: C:\bci\Neurokey\config\filter_config.json
2026-04-06 14:28:09 | INFO | biosignals.src.utils.config | _watch_loop | ♻️ SensorConfig changed — reloading...
2026-04-06 14:28:09 | ERROR | biosignals.src.utils.config | _load_config | ❌ SensorConfig JSON syntax error: Expecting property name enclosed in double quotes: line 22 column 1 (char 379)
2026-04-06 14:28:09 | ERROR | biosignals.src.utils.config | _load_config |    File: C:\bci\Neurokey\config\sensor_config.json
2026-04-06 14:28:09 | INFO | biosignals.src.utils.config | _watch_loop | ♻️ SensorConfig changed — reloading...
2026-04-06 14:28:09 | ERROR | biosignals.src.utils.config | _load_config | ❌ SensorConfig JSON syntax error: Expecting property name enclosed in double quotes: line 22 column 1 (char 379)
2026-04-06 14:28:09 | ERROR | biosignals.src.utils.config | _load_config |    File: C:\bci\Neurokey\config\sensor_config.json
2026-04-06 14:28:09 | INFO | biosignals.src.utils.config | _watch_loop | ♻️ SensorConfig changed — reloading...
2026-04-06 14:28:09 | ERROR | biosignals.src.utils.config | _load_config | ❌ SensorConfig JSON syntax error: Expecting property name enclosed in double quotes: line 22 column 1 (char 379)
2026-04-06 14:28:09 | ERROR | biosignals.src.utils.config | _load_config |    File: C:\bci\Neurokey\config\sensor_config.json
2026-04-06 14:28:09 | INFO | biosignals.src.utils.config | _watch_loop | ♻️ FilterConfig changed — reloading...
2026-04-06 14:28:09 | INFO | biosignals.utils.config | _watch_loop | ♻️ SensorConfig changed — reloading...
2026-04-06 14:28:09 | ERROR | biosignals.src.utils.config | _load_config | ❌ FilterConfig JSON syntax error: Expecting property name enclosed in double quotes: line 4 column 1 (char 30)
2026-04-06 14:28:09 | ERROR | biosignals.utils.config | _load_config | ❌ SensorConfig JSON syntax error: Expecting property name enclosed in double quotes: line 22 column 1 (char 379)
2026-04-06 14:28:09 | INFO | biosignals.src.utils.config | _watch_loop | ♻️ SensorConfig changed — reloading...
2026-04-06 14:28:09 | ERROR | biosignals.src.utils.config | _load_config |    File: C:\bci\Neurokey\config\filter_config.json
2026-04-06 14:28:09 | ERROR | biosignals.utils.config | _load_config |    File: C:\bci\Neurokey\config\sensor_config.json
2026-04-06 14:28:09 | ERROR | biosignals.src.utils.config | _load_config | ❌ SensorConfig JSON syntax error: Expecting property name enclosed in double quotes: line 22 column 1 (char 379)
2026-04-06 14:28:09 | ERROR | biosignals.src.utils.config | _load_config |    File: C:\bci\Neurokey\config\sensor_config.json
2026-04-06 14:28:09 | INFO | biosignals.src.utils.config | _watch_loop | ♻️ FilterConfig changed — reloading...
2026-04-06 14:28:09 | ERROR | biosignals.src.utils.config | _load_config | ❌ FilterConfig JSON syntax error: Expecting property name enclosed in double quotes: line 4 column 1 (char 30)
2026-04-06 14:28:09 | ERROR | biosignals.src.utils.config | _load_config |    File: C:\bci\Neurokey\config\filter_config.json
2026-04-06 14:28:09 | INFO | biosignals.src.utils.config | _watch_loop | ♻️ FilterConfig changed — reloading...
2026-04-06 14:28:09 | ERROR | biosignals.src.utils.config | _load_config | ❌ FilterConfig JSON syntax error: Expecting property name enclosed in double quotes: line 4 column 1 (char 30)
2026-04-06 14:28:09 | ERROR | biosignals.src.utils.config | _load_config |    File: C:\bci\Neurokey\config\filter_config.json
2026-04-06 14:28:09 | INFO | biosignals.utils.config | _watch_loop | ♻️ FilterConfig changed — reloading...
2026-04-06 14:28:09 | ERROR | biosignals.utils.config | _load_config | ❌ FilterConfig JSON syntax error: Expecting property name enclosed in double quotes: line 4 column 1 (char 30)
2026-04-06 14:28:09 | ERROR | biosignals.utils.config | _load_config |    File: C:\bci\Neurokey\config\filter_config.json
2026-04-06 14:28:10 | INFO | biosignals.src.utils.config | _watch_loop | ♻️ SensorConfig changed — reloading...
2026-04-06 14:28:10 | ERROR | biosignals.src.utils.config | _load_config | ❌ SensorConfig JSON syntax error: Expecting property name enclosed in double quotes: line 22 column 1 (char 379)
2026-04-06 14:28:10 | ERROR | biosignals.src.utils.config | _load_config |    File: C:\bci\Neurokey\config\sensor_config.json
2026-04-06 14:28:10 | INFO | biosignals.utils.config | _watch_loop | ♻️ SensorConfig changed — reloading...
2026-04-06 14:28:10 | INFO | biosignals.src.utils.config | _watch_loop | ♻️ SensorConfig changed — reloading...
2026-04-06 14:28:10 | ERROR | biosignals.utils.config | _load_config | ❌ SensorConfig JSON syntax error: Expecting property name enclosed in double quotes: line 22 column 1 (char 379)
2026-04-06 14:28:10 | ERROR | biosignals.utils.config | _load_config |    File: C:\bci\Neurokey\config\sensor_config.json
2026-04-06 14:28:10 | ERROR | biosignals.src.utils.config | _load_config | ❌ SensorConfig JSON syntax error: Expecting property name enclosed in double quotes: line 22 column 1 (char 379)
2026-04-06 14:28:10 | ERROR | biosignals.src.utils.config | _load_config |    File: C:\bci\Neurokey\config\sensor_config.json
2026-04-06 14:28:10 | INFO | biosignals.utils.config | _watch_loop | ♻️ FilterConfig changed — reloading...
2026-04-06 14:28:10 | ERROR | biosignals.utils.config | _load_config | ❌ FilterConfig JSON syntax error: Expecting property name enclosed in double quotes: line 4 column 1 (char 30)
2026-04-06 14:28:10 | ERROR | biosignals.utils.config | _load_config |    File: C:\bci\Neurokey\config\filter_config.json
2026-04-06 14:28:10 | ERROR | biosignals.utils.config | _load_config | ❌ FilterConfig JSON syntax error: Expecting property name enclosed in double quotes: line 4 column 1 (char 30)
2026-04-06 14:28:10 | ERROR | biosignals.utils.config | _load_config |    File: C:\bci\Neurokey\config\filter_config.json
2026-04-06 14:28:10 | INFO | biosignals.utils.config | _watch_loop | ♻️ SensorConfig changed — reloading...
2026-04-06 14:28:10 | ERROR | biosignals.utils.config | _load_config | ❌ SensorConfig JSON syntax error: Expecting property name enclosed in double quotes: line 22 column 1 (char 379)
2026-04-06 14:28:10 | ERROR | biosignals.utils.config | _load_config |    File: C:\bci\Neurokey\config\sensor_config.json
2026-04-06 14:28:10 | INFO | biosignals.src.utils.config | _watch_loop | ♻️ FilterConfig changed — reloading...
2026-04-06 14:28:10 | ERROR | biosignals.src.utils.config | _load_config | ❌ FilterConfig JSON syntax error: Expecting property name enclosed in double quotes: line 4 column 1 (char 30)
2026-04-06 14:28:10 | ERROR | biosignals.src.utils.config | _load_config |    File: C:\bci\Neurokey\config\filter_config.json
2026-04-06 14:28:10 | INFO | biosignals.src.utils.config | _watch_loop | ♻️ FilterConfig changed — reloading...
2026-04-06 14:28:10 | ERROR | biosignals.src.utils.config | _load_config | ❌ FilterConfig JSON syntax error: Expecting property name enclosed in double quotes: line 4 column 1 (char 30)
2026-04-06 14:28:10 | ERROR | biosignals.src.utils.config | _load_config |    File: C:\bci\Neurokey\config\filter_config.json
2026-04-06 14:28:10 | INFO | biosignals.src.utils.config | _watch_loop | ♻️ FilterConfig changed — reloading...
2026-04-06 14:28:10 | ERROR | biosignals.src.utils.config | _load_config | ❌ FilterConfig JSON syntax error: Expecting property name enclosed in double quotes: line 4 column 1 (char 30)
2026-04-06 14:28:10 | ERROR | biosignals.src.utils.config | _load_config |    File: C:\bci\Neurokey\config\filter_config.json
2026-04-06 14:28:10 | INFO | biosignals.src.utils.config | _watch_loop | ♻️ SensorConfig changed — reloading...
2026-04-06 14:28:10 | ERROR | biosignals.src.utils.config | _load_config | ❌ SensorConfig JSON syntax error: Expecting property name enclosed in double quotes: line 22 column 1 (char 379)
2026-04-06 14:28:10 | ERROR | biosignals.src.utils.config | _load_config |    File: C:\bci\Neurokey\config\sensor_config.json
2026-04-06 14:28:10 | INFO | biosignals.src.utils.config | _watch_loop | ♻️ SensorConfig changed — reloading...
2026-04-06 14:28:10 | ERROR | biosignals.src.utils.config | _load_config | ❌ SensorConfig JSON syntax error: Expecting property name enclosed in double quotes: line 22 column 1 (char 379)
2026-04-06 14:28:10 | ERROR | biosignals.src.utils.config | _load_config |    File: C:\bci\Neurokey\config\sensor_config.json
2026-04-06 14:28:10 | INFO | biosignals.src.utils.config | _watch_loop | ♻️ SensorConfig changed — reloading...
2026-04-06 14:28:10 | ERROR | biosignals.src.utils.config | _load_config | ❌ SensorConfig JSON syntax error: Expecting property name enclosed in double quotes: line 22 column 1 (char 379)
2026-04-06 14:28:10 | ERROR | biosignals.src.utils.config | _load_config |    File: C:\bci\Neurokey\config\sensor_config.json
2026-04-06 14:28:10 | INFO | biosignals.utils.config | _watch_loop | ♻️ SensorConfig changed — reloading...
2026-04-06 14:28:10 | INFO | biosignals.src.utils.config | _watch_loop | ♻️ FilterConfig changed — reloading...
2026-04-06 14:28:10 | ERROR | biosignals.utils.config | _load_config | ❌ SensorConfig JSON syntax error: Expecting property name enclosed in double quotes: line 22 column 1 (char 379)
2026-04-06 14:28:10 | ERROR | biosignals.src.utils.config | _load_config | ❌ FilterConfig JSON syntax error: Expecting property name enclosed in double quotes: line 4 column 1 (char 30)
2026-04-06 14:28:10 | ERROR | biosignals.utils.config | _load_config |    File: C:\bci\Neurokey\config\sensor_config.json
2026-04-06 14:28:10 | ERROR | biosignals.src.utils.config | _load_config |    File: C:\bci\Neurokey\config\filter_config.json
2026-04-06 14:28:10 | INFO | biosignals.src.utils.config | _watch_loop | ♻️ SensorConfig changed — reloading...
2026-04-06 14:28:10 | ERROR | biosignals.src.utils.config | _load_config | ❌ SensorConfig JSON syntax error: Expecting property name enclosed in double quotes: line 22 column 1 (char 379)
2026-04-06 14:28:10 | ERROR | biosignals.src.utils.config | _load_config |    File: C:\bci\Neurokey\config\sensor_config.json
2026-04-06 14:28:10 | ERROR | biosignals.__main__ | load_config | [Router] Failed to load sensor config (C:\bci\Neurokey\config\sensor_config.json): Expecting property name enclosed in double quotes: line 22 column 1 (char 379) — using defaults
2026-04-06 14:28:10 | ERROR | biosignals.__main__ | load_config | [Router] Failed to load filter config (C:\bci\Neurokey\config\filter_config.json): Expecting property name enclosed in double quotes: line 4 column 1 (char 30) — using defaults
2026-04-06 14:28:10 | INFO | biosignals.src.utils.config | _watch_loop | ♻️ FilterConfig changed — reloading...
2026-04-06 14:28:10 | ERROR | biosignals.src.utils.config | _load_config | ❌ FilterConfig JSON syntax error: Expecting property name enclosed in double quotes: line 4 column 1 (char 30)
2026-04-06 14:28:10 | ERROR | biosignals.src.utils.config | _load_config |    File: C:\bci\Neurokey\config\filter_config.json
2026-04-06 14:28:10 | INFO | biosignals.src.utils.config | _watch_loop | ♻️ FilterConfig changed — reloading...
2026-04-06 14:28:10 | ERROR | biosignals.src.utils.config | _load_config | ❌ FilterConfig JSON syntax error: Expecting property name enclosed in double quotes: line 4 column 1 (char 30)
2026-04-06 14:28:10 | ERROR | biosignals.src.utils.config | _load_config |    File: C:\bci\Neurokey\config\filter_config.json
2026-04-06 14:28:10 | INFO | biosignals.utils.config | _watch_loop | ♻️ FilterConfig changed — reloading...
2026-04-06 14:28:10 | ERROR | biosignals.utils.config | _load_config | ❌ FilterConfig JSON syntax error: Expecting property name enclosed in double quotes: line 4 column 1 (char 30)
2026-04-06 14:28:10 | ERROR | biosignals.utils.config | _load_config |    File: C:\bci\Neurokey\config\filter_config.json
2026-04-06 14:28:11 | INFO | biosignals.src.utils.config | _watch_loop | ♻️ SensorConfig changed — reloading...
2026-04-06 14:28:11 | ERROR | biosignals.src.utils.config | _load_config | ❌ SensorConfig JSON syntax error: Expecting property name enclosed in double quotes: line 22 column 1 (char 379)
2026-04-06 14:28:11 | ERROR | biosignals.src.utils.config | _load_config |    File: C:\bci\Neurokey\config\sensor_config.json
2026-04-06 14:28:11 | INFO | biosignals.utils.config | _watch_loop | ♻️ SensorConfig changed — reloading...
2026-04-06 14:28:11 | INFO | biosignals.src.utils.config | _watch_loop | ♻️ SensorConfig changed — reloading...
2026-04-06 14:28:11 | ERROR | biosignals.src.utils.config | _load_config | ❌ SensorConfig JSON syntax error: Expecting property name enclosed in double quotes: line 22 column 1 (char 379)
2026-04-06 14:28:11 | ERROR | biosignals.utils.config | _load_config | ❌ SensorConfig JSON syntax error: Expecting property name enclosed in double quotes: line 22 column 1 (char 379)
2026-04-06 14:28:11 | ERROR | biosignals.src.utils.config | _load_config |    File: C:\bci\Neurokey\config\sensor_config.json
2026-04-06 14:28:11 | ERROR | biosignals.utils.config | _load_config |    File: C:\bci\Neurokey\config\sensor_config.json
2026-04-06 14:28:11 | INFO | biosignals.utils.config | _watch_loop | ♻️ FilterConfig changed — reloading...
2026-04-06 14:28:11 | ERROR | biosignals.utils.config | _load_config | ❌ FilterConfig JSON syntax error: Expecting property name enclosed in double quotes: line 4 column 1 (char 30)
2026-04-06 14:28:11 | INFO | biosignals.utils.config | _watch_loop | ♻️ FilterConfig changed — reloading...
2026-04-06 14:28:11 | ERROR | biosignals.utils.config | _load_config |    File: C:\bci\Neurokey\config\filter_config.json
2026-04-06 14:28:11 | ERROR | biosignals.utils.config | _load_config | ❌ FilterConfig JSON syntax error: Expecting property name enclosed in double quotes: line 4 column 1 (char 30)
2026-04-06 14:28:11 | ERROR | biosignals.utils.config | _load_config |    File: C:\bci\Neurokey\config\filter_config.json
2026-04-06 14:28:11 | INFO | biosignals.utils.config | _watch_loop | ♻️ SensorConfig changed — reloading...
2026-04-06 14:28:11 | ERROR | biosignals.utils.config | _load_config | ❌ SensorConfig JSON syntax error: Expecting property name enclosed in double quotes: line 22 column 1 (char 379)
2026-04-06 14:28:11 | ERROR | biosignals.utils.config | _load_config |    File: C:\bci\Neurokey\config\sensor_config.json
2026-04-06 14:28:11 | INFO | biosignals.src.utils.config | _watch_loop | ♻️ FilterConfig changed — reloading...
2026-04-06 14:28:11 | ERROR | biosignals.src.utils.config | _load_config | ❌ FilterConfig JSON syntax error: Expecting property name enclosed in double quotes: line 4 column 1 (char 30)
2026-04-06 14:28:11 | ERROR | biosignals.src.utils.config | _load_config |    File: C:\bci\Neurokey\config\filter_config.json
2026-04-06 14:28:11 | INFO | biosignals.src.utils.config | _watch_loop | ♻️ FilterConfig changed — reloading...
2026-04-06 14:28:11 | ERROR | biosignals.src.utils.config | _load_config | ❌ FilterConfig JSON syntax error: Expecting property name enclosed in double quotes: line 4 column 1 (char 30)
2026-04-06 14:28:11 | ERROR | biosignals.src.utils.config | _load_config |    File: C:\bci\Neurokey\config\filter_config.json
2026-04-06 14:28:11 | INFO | biosignals.src.utils.config | _watch_loop | ♻️ FilterConfig changed — reloading...
2026-04-06 14:28:11 | ERROR | biosignals.src.utils.config | _load_config | ❌ FilterConfig JSON syntax error: Expecting property name enclosed in double quotes: line 4 column 1 (char 30)
2026-04-06 14:28:11 | ERROR | biosignals.src.utils.config | _load_config |    File: C:\bci\Neurokey\config\filter_config.json
2026-04-06 14:28:11 | INFO | biosignals.src.utils.config | _watch_loop | ♻️ SensorConfig changed — reloading...
2026-04-06 14:28:11 | ERROR | biosignals.src.utils.config | _load_config | ❌ SensorConfig JSON syntax error: Expecting property name enclosed in double quotes: line 22 column 1 (char 379)
2026-04-06 14:28:11 | ERROR | biosignals.src.utils.config | _load_config |    File: C:\bci\Neurokey\config\sensor_config.json
2026-04-06 14:28:11 | INFO | biosignals.src.utils.config | _watch_loop | ♻️ SensorConfig changed — reloading...
2026-04-06 14:28:11 | ERROR | biosignals.src.utils.config | _load_config | ❌ SensorConfig JSON syntax error: Expecting property name enclosed in double quotes: line 22 column 1 (char 379)
2026-04-06 14:28:11 | ERROR | biosignals.src.utils.config | _load_config |    File: C:\bci\Neurokey\config\sensor_config.json
2026-04-06 14:28:11 | INFO | biosignals.src.utils.config | _watch_loop | ♻️ SensorConfig changed — reloading...
2026-04-06 14:28:11 | ERROR | biosignals.src.utils.config | _load_config | ❌ SensorConfig JSON syntax error: Expecting property name enclosed in double quotes: line 22 column 1 (char 379)
2026-04-06 14:28:11 | ERROR | biosignals.src.utils.config | _load_config |    File: C:\bci\Neurokey\config\sensor_config.json
2026-04-06 14:28:11 | INFO | biosignals.src.utils.config | _watch_loop | ♻️ FilterConfig changed — reloading...
2026-04-06 14:28:11 | ERROR | biosignals.utils.config | _load_config | ❌ SensorConfig JSON syntax error: Expecting property name enclosed in double quotes: line 22 column 1 (char 379)
2026-04-06 14:28:11 | ERROR | biosignals.src.utils.config | _load_config | ❌ FilterConfig JSON syntax error: Expecting property name enclosed in double quotes: line 4 column 1 (char 30)
2026-04-06 14:28:11 | ERROR | biosignals.src.utils.config | _load_config |    File: C:\bci\Neurokey\config\filter_config.json
2026-04-06 14:28:11 | ERROR | biosignals.utils.config | _load_config |    File: C:\bci\Neurokey\config\sensor_config.json
2026-04-06 14:28:11 | INFO | biosignals.src.utils.config | _watch_loop | ♻️ SensorConfig changed — reloading...
2026-04-06 14:28:11 | ERROR | biosignals.src.utils.config | _load_config | ❌ SensorConfig JSON syntax error: Expecting property name enclosed in double quotes: line 22 column 1 (char 379)
2026-04-06 14:28:11 | ERROR | biosignals.src.utils.config | _load_config |    File: C:\bci\Neurokey\config\sensor_config.json
2026-04-06 14:28:11 | INFO | biosignals.src.utils.config | _watch_loop | ♻️ FilterConfig changed — reloading...
2026-04-06 14:28:11 | ERROR | biosignals.src.utils.config | _load_config | ❌ FilterConfig JSON syntax error: Expecting property name enclosed in double quotes: line 4 column 1 (char 30)
2026-04-06 14:28:11 | ERROR | biosignals.src.utils.config | _load_config |    File: C:\bci\Neurokey\config\filter_config.json
2026-04-06 14:28:11 | INFO | biosignals.src.utils.config | _watch_loop | ♻️ FilterConfig changed — reloading...
2026-04-06 14:28:11 | ERROR | biosignals.src.utils.config | _load_config | ❌ FilterConfig JSON syntax error: Expecting property name enclosed in double quotes: line 4 column 1 (char 30)
2026-04-06 14:28:11 | ERROR | biosignals.src.utils.config | _load_config |    File: C:\bci\Neurokey\config\filter_config.json
2026-04-06 14:28:11 | INFO | biosignals.utils.config | _watch_loop | ♻️ FilterConfig changed — reloading...
2026-04-06 14:28:11 | ERROR | biosignals.utils.config | _load_config | ❌ FilterConfig JSON syntax error: Expecting property name enclosed in double quotes: line 4 column 1 (char 30)
2026-04-06 14:28:11 | ERROR | biosignals.utils.config | _load_config |    File: C:\bci\Neurokey\config\filter_config.json
2026-04-06 14:28:12 | INFO | biosignals.src.utils.config | _watch_loop | ♻️ SensorConfig changed — reloading...
2026-04-06 14:28:12 | ERROR | biosignals.src.utils.config | _load_config | ❌ SensorConfig JSON syntax error: Expecting property name enclosed in double quotes: line 22 column 1 (char 379)
2026-04-06 14:28:12 | ERROR | biosignals.src.utils.config | _load_config |    File: C:\bci\Neurokey\config\sensor_config.json
2026-04-06 14:28:12 | INFO | biosignals.utils.config | _watch_loop | ♻️ SensorConfig changed — reloading...
..
2026-04-06 14:28:12 | ERROR | biosignals.src.utils.config | _load_config | ❌ SensorConfig JSON syntax error: Expecting property name enclosed in double quotes: line 22 column 1 (char 379)
2026-04-06 14:28:12 | ERROR | biosignals.utils.config | _load_config | ❌ SensorConfig JSON syntax error: Expecting property name enclosed in double quotes: line 22 column 1 (char 379)
2026-04-06 14:28:12 | ERROR | biosignals.src.utils.config | _load_config |    File: C:\bci\Neurokey\config\sensor_config.json
2026-04-06 14:28:12 | ERROR | biosignals.utils.config | _load_config |    File: C:\bci\Neurokey\config\sensor_config.json
2026-04-06 14:28:12 | INFO | biosignals.utils.config | _watch_loop | ♻️ FilterConfig changed — reloading...
2026-04-06 14:28:12 | ERROR | biosignals.utils.config | _load_config | ❌ FilterConfig JSON syntax error: Expecting property name enclosed in double quotes: line 4 column 1 (char 30)
2026-04-06 14:28:12 | ERROR | biosignals.utils.config | _load_config |    File: C:\bci\Neurokey\config\filter_config.json
2026-04-06 14:28:12 | INFO | biosignals.utils.config | _watch_loop | ♻️ FilterConfig changed — reloading...
2026-04-06 14:28:12 | ERROR | biosignals.utils.config | _load_config | ❌ FilterConfig JSON syntax error: Expecting property name enclosed in double quotes: line 4 column 1 (char 30)
2026-04-06 14:28:12 | ERROR | biosignals.utils.config | _load_config |    File: C:\bci\Neurokey\config\filter_config.json
2026-04-06 14:28:12 | INFO | biosignals.utils.config | _watch_loop | ♻️ SensorConfig changed — reloading...
2026-04-06 14:28:12 | ERROR | biosignals.utils.config | _load_config | ❌ SensorConfig JSON syntax error: Expecting property name enclosed in double quotes: line 22 column 1 (char 379)
2026-04-06 14:28:12 | ERROR | biosignals.utils.config | _load_config |    File: C:\bci\Neurokey\config\sensor_config.json
2026-04-06 14:28:12 | INFO | biosignals.src.utils.config | _watch_loop | ♻️ FilterConfig changed — reloading...
2026-04-06 14:28:12 | ERROR | biosignals.src.utils.config | _load_config | ❌ FilterConfig JSON syntax error: Expecting property name enclosed in double quotes: line 4 column 1 (char 30)
2026-04-06 14:28:12 | ERROR | biosignals.src.utils.config | _load_config |    File: C:\bci\Neurokey\config\filter_config.json
2026-04-06 14:28:12 | INFO | biosignals.src.utils.config | _watch_loop | ♻️ FilterConfig changed — reloading...
2026-04-06 14:28:12 | ERROR | biosignals.src.utils.config | _load_config | ❌ FilterConfig JSON syntax error: Expecting property name enclosed in double quotes: line 4 column 1 (char 30)
2026-04-06 14:28:12 | ERROR | biosignals.src.utils.config | _load_config |    File: C:\bci\Neurokey\config\filter_config.json
2026-04-06 14:28:12 | INFO | biosignals.src.utils.config | _watch_loop | ♻️ FilterConfig changed — reloading...
2026-04-06 14:28:12 | ERROR | biosignals.src.utils.config | _load_config | ❌ FilterConfig JSON syntax error: Expecting property name enclosed in double quotes: line 4 column 1 (char 30)
2026-04-06 14:28:12 | ERROR | biosignals.src.utils.config | _load_config |    File: C:\bci\Neurokey\config\filter_config.json
2026-04-06 14:28:12 | INFO | biosignals.src.utils.config | _watch_loop | ♻️ SensorConfig changed — reloading...
2026-04-06 14:28:12 | ERROR | biosignals.src.utils.config | _load_config | ❌ SensorConfig JSON syntax error: Expecting property name enclosed in double quotes: line 22 column 1 (char 379)
2026-04-06 14:28:12 | ERROR | biosignals.src.utils.config | _load_config |    File: C:\bci\Neurokey\config\sensor_config.json
2026-04-06 14:28:12 | INFO | biosignals.src.utils.config | _watch_loop | ♻️ SensorConfig changed — reloading...
2026-04-06 14:28:12 | ERROR | biosignals.src.utils.config | _load_config | ❌ SensorConfig JSON syntax error: Expecting property name enclosed in double quotes: line 22 column 1 (char 379)
2026-04-06 14:28:12 | ERROR | biosignals.src.utils.config | _load_config |    File: C:\bci\Neurokey\config\sensor_config.json
2026-04-06 14:28:12 | INFO | biosignals.src.utils.config | _watch_loop | ♻️ SensorConfig changed — reloading...
2026-04-06 14:28:12 | ERROR | biosignals.src.utils.config | _load_config | ❌ SensorConfig JSON syntax error: Expecting property name enclosed in double quotes: line 22 column 1 (char 379)
2026-04-06 14:28:12 | ERROR | biosignals.src.utils.config | _load_config |    File: C:\bci\Neurokey\config\sensor_config.json
2026-04-06 14:28:12 | INFO | biosignals.src.utils.config | _watch_loop | ♻️ FilterConfig changed — reloading...
2026-04-06 14:28:12 | INFO | biosignals.utils.config | _watch_loop | ♻️ SensorConfig changed — reloading...
2026-04-06 14:28:12 | ERROR | biosignals.src.utils.config | _load_config | ❌ FilterConfig JSON syntax error: Expecting property name enclosed in double quotes: line 4 column 1 (char 30)
2026-04-06 14:28:12 | ERROR | biosignals.src.utils.config | _load_config |    File: C:\bci\Neurokey\config\filter_config.json
2026-04-06 14:28:12 | ERROR | biosignals.utils.config | _load_config | ❌ SensorConfig JSON syntax error: Expecting property name enclosed in double quotes: line 22 column 1 (char 379)
2026-04-06 14:28:12 | INFO | biosignals.src.utils.config | _watch_loop | ♻️ SensorConfig changed — reloading...
2026-04-06 14:28:12 | ERROR | biosignals.utils.config | _load_config |    File: C:\bci\Neurokey\config\sensor_config.json
2026-04-06 14:28:12 | ERROR | biosignals.src.utils.config | _load_config | ❌ SensorConfig JSON syntax error: Expecting property name enclosed in double quotes: line 22 column 1 (char 379)
2026-04-06 14:28:12 | ERROR | biosignals.src.utils.config | _load_config |    File: C:\bci\Neurokey\config\sensor_config.json
2026-04-06 14:28:12 | ERROR | biosignals.__main__ | load_config | [Router] Failed to load sensor config (C:\bci\Neurokey\config\sensor_config.json): Expecting property name enclosed in double quotes: line 22 column 1 (char 379) — using defaults
2026-04-06 14:28:12 | ERROR | biosignals.__main__ | load_config | [Router] Failed to load filter config (C:\bci\Neurokey\config\filter_config.json): Expecting property name enclosed in double quotes: line 4 column 1 (char 30) — using defaults
2026-04-06 14:28:12 | INFO | biosignals.src.utils.config | _watch_loop | ♻️ FilterConfig changed — reloading...
2026-04-06 14:28:12 | ERROR | biosignals.src.utils.config | _load_config | ❌ FilterConfig JSON syntax error: Expecting property name enclosed in double quotes: line 4 column 1 (char 30)
2026-04-06 14:28:12 | ERROR | biosignals.src.utils.config | _load_config |    File: C:\bci\Neurokey\config\filter_config.json
2026-04-06 14:28:12 | INFO | biosignals.src.utils.config | _watch_loop | ♻️ FilterConfig changed — reloading...
2026-04-06 14:28:12 | ERROR | biosignals.src.utils.config | _load_config | ❌ FilterConfig JSON syntax error: Expecting property name enclosed in double quotes: line 4 column 1 (char 30)
2026-04-06 14:28:12 | ERROR | biosignals.src.utils.config | _load_config |    File: C:\bci\Neurokey\config\filter_config.json
2026-04-06 14:28:12 | INFO | biosignals.utils.config | _watch_loop | ♻️ FilterConfig changed — reloading...
2026-04-06 14:28:12 | ERROR | biosignals.utils.config | _load_config | ❌ FilterConfig JSON syntax error: Expecting property name enclosed in double quotes: line 4 column 1 (char 30)
2026-04-06 14:28:12 | ERROR | biosignals.utils.config | _load_config |    File: C:\bci\Neurokey\config\filter_config.json
2026-04-06 14:28:13 | INFO | biosignals.src.utils.config | _watch_loop | ♻️ SensorConfig changed — reloading...
2026-04-06 14:28:13 | ERROR | biosignals.src.utils.config | _load_config | ❌ SensorConfig JSON syntax error: Expecting property name enclosed in double quotes: line 22 column 1 (char 379)
2026-04-06 14:28:13 | ERROR | biosignals.src.utils.config | _load_config |    File: C:\bci\Neurokey\config\sensor_config.json
2026-04-06 14:28:13 | INFO | biosignals.utils.config | _watch_loop | ♻️ SensorConfig changed — reloading...
2026-04-06 14:28:13 | INFO | biosignals.src.utils.config | _watch_loop | ♻️ SensorConfig changed — reloading...
2026-04-06 14:28:13 | ERROR | biosignals.src.utils.config | _load_config | ❌ SensorConfig JSON syntax error: Expecting property name enclosed in double quotes: line 22 column 1 (char 379)
2026-04-06 14:28:13 | ERROR | biosignals.utils.config | _load_config | ❌ SensorConfig JSON syntax error: Expecting property name enclosed in double quotes: line 22 column 1 (char 379)
2026-04-06 14:28:13 | ERROR | biosignals.src.utils.config | _load_config |    File: C:\bci\Neurokey\config\sensor_config.json
2026-04-06 14:28:13 | ERROR | biosignals.utils.config | _load_config |    File: C:\bci\Neurokey\config\sensor_config.json
2026-04-06 14:28:13 | INFO | biosignals.utils.config | _watch_loop | ♻️ FilterConfig changed — reloading...
2026-04-06 14:28:13 | INFO | biosignals.utils.config | _watch_loop | ♻️ FilterConfig changed — reloading...
2026-04-06 14:28:13 | ERROR | biosignals.utils.config | _load_config | ❌ FilterConfig JSON syntax error: Expecting property name enclosed in double quotes: line 4 column 1 (char 30)
2026-04-06 14:28:13 | ERROR | biosignals.utils.config | _load_config | ❌ FilterConfig JSON syntax error: Expecting property name enclosed in double quotes: line 4 column 1 (char 30)
2026-04-06 14:28:13 | ERROR | biosignals.utils.config | _load_config |    File: C:\bci\Neurokey\config\filter_config.json
2026-04-06 14:28:13 | ERROR | biosignals.utils.config | _load_config |    File: C:\bci\Neurokey\config\filter_config.json
2026-04-06 14:28:13 | INFO | biosignals.utils.config | _watch_loop | ♻️ SensorConfig changed — reloading...
2026-04-06 14:28:13 | ERROR | biosignals.utils.config | _load_config | ❌ SensorConfig JSON syntax error: Expecting property name enclosed in double quotes: line 22 column 1 (char 379)
2026-04-06 14:28:13 | ERROR | biosignals.utils.config | _load_config |    File: C:\bci\Neurokey\config\sensor_config.json
2026-04-06 14:28:13 | INFO | biosignals.src.utils.config | _watch_loop | ♻️ FilterConfig changed — reloading...
2026-04-06 14:28:13 | ERROR | biosignals.src.utils.config | _load_config | ❌ FilterConfig JSON syntax error: Expecting property name enclosed in double quotes: line 4 column 1 (char 30)
2026-04-06 14:28:13 | ERROR | biosignals.src.utils.config | _load_config |    File: C:\bci\Neurokey\config\filter_config.json
2026-04-06 14:28:13 | INFO | biosignals.src.utils.config | _watch_loop | ♻️ FilterConfig changed — reloading...
2026-04-06 14:28:13 | ERROR | biosignals.src.utils.config | _load_config | ❌ FilterConfig JSON syntax error: Expecting property name enclosed in double quotes: line 4 column 1 (char 30)
2026-04-06 14:28:13 | ERROR | biosignals.src.utils.config | _load_config |    File: C:\bci\Neurokey\config\filter_config.json
2026-04-06 14:28:13 | INFO | biosignals.src.utils.config | _watch_loop | ♻️ FilterConfig changed — reloading...
2026-04-06 14:28:13 | ERROR | biosignals.src.utils.config | _load_config | ❌ FilterConfig JSON syntax error: Expecting property name enclosed in double quotes: line 4 column 1 (char 30)
2026-04-06 14:28:13 | ERROR | biosignals.src.utils.config | _load_config |    File: C:\bci\Neurokey\config\filter_config.json
2026-04-06 14:28:13 | INFO | biosignals.src.utils.config | _watch_loop | ♻️ SensorConfig changed — reloading...
2026-04-06 14:28:13 | ERROR | biosignals.src.utils.config | _load_config | ❌ SensorConfig JSON syntax error: Expecting property name enclosed in double quotes: line 22 column 1 (char 379)
2026-04-06 14:28:13 | ERROR | biosignals.src.utils.config | _load_config |    File: C:\bci\Neurokey\config\sensor_config.json
2026-04-06 14:28:13 | INFO | biosignals.src.utils.config | _watch_loop | ♻️ SensorConfig changed — reloading...
2026-04-06 14:28:13 | ERROR | biosignals.src.utils.config | _load_config | ❌ SensorConfig JSON syntax error: Expecting property name enclosed in double quotes: line 22 column 1 (char 379)
2026-04-06 14:28:13 | ERROR | biosignals.src.utils.config | _load_config |    File: C:\bci\Neurokey\config\sensor_config.json
2026-04-06 14:28:13 | INFO | biosignals.src.utils.config | _watch_loop | ♻️ SensorConfig changed — reloading...
2026-04-06 14:28:13 | ERROR | biosignals.src.utils.config | _load_config | ❌ SensorConfig JSON syntax error: Expecting property name enclosed in double quotes: line 22 column 1 (char 379)
2026-04-06 14:28:13 | ERROR | biosignals.src.utils.config | _load_config |    File: C:\bci\Neurokey\config\sensor_config.json
2026-04-06 14:28:13 | INFO | biosignals.src.utils.config | _watch_loop | ♻️ FilterConfig changed — reloading...
2026-04-06 14:28:13 | INFO | biosignals.utils.config | _watch_loop | ♻️ SensorConfig changed — reloading...
2026-04-06 14:28:13 | INFO | biosignals.src.utils.config | _watch_loop | ♻️ SensorConfig changed — reloading...
2026-04-06 14:28:13 | ERROR | biosignals.src.utils.config | _load_config | ❌ FilterConfig JSON syntax error: Expecting property name enclosed in double quotes: line 4 column 1 (char 30)
2026-04-06 14:28:13 | ERROR | biosignals.utils.config | _load_config | ❌ SensorConfig JSON syntax error: Expecting property name enclosed in double quotes: line 22 column 1 (char 379)
2026-04-06 14:28:13 | ERROR | biosignals.src.utils.config | _load_config |    File: C:\bci\Neurokey\config\filter_config.json
2026-04-06 14:28:13 | ERROR | biosignals.utils.config | _load_config |    File: C:\bci\Neurokey\config\sensor_config.json
2026-04-06 14:28:13 | ERROR | biosignals.src.utils.config | _load_config | ❌ SensorConfig JSON syntax error: Expecting property name enclosed in double quotes: line 22 column 1 (char 379)
2026-04-06 14:28:13 | ERROR | biosignals.src.utils.config | _load_config |    File: C:\bci\Neurokey\config\sensor_config.json
2026-04-06 14:28:13 | INFO | biosignals.src.utils.config | _watch_loop | ♻️ FilterConfig changed — reloading...
2026-04-06 14:28:13 | ERROR | biosignals.src.utils.config | _load_config | ❌ FilterConfig JSON syntax error: Expecting property name enclosed in double quotes: line 4 column 1 (char 30)
2026-04-06 14:28:13 | ERROR | biosignals.src.utils.config | _load_config |    File: C:\bci\Neurokey\config\filter_config.json
2026-04-06 14:28:13 | INFO | biosignals.src.utils.config | _watch_loop | ♻️ FilterConfig changed — reloading...
2026-04-06 14:28:13 | ERROR | biosignals.src.utils.config | _load_config | ❌ FilterConfig JSON syntax error: Expecting property name enclosed in double quotes: line 4 column 1 (char 30)
2026-04-06 14:28:13 | ERROR | biosignals.src.utils.config | _load_config |    File: C:\bci\Neurokey\config\filter_config.json
2026-04-06 14:28:13 | INFO | biosignals.utils.config | _watch_loop | ♻️ FilterConfig changed — reloading...
2026-04-06 14:28:13 | ERROR | biosignals.utils.config | _load_config | ❌ FilterConfig JSON syntax error: Expecting property name enclosed in double quotes: line 4 column 1 (char 30)
2026-04-06 14:28:13 | ERROR | biosignals.utils.config | _load_config |    File: C:\bci\Neurokey\config\filter_config.json
2026-04-06 14:28:14 | INFO | biosignals.src.utils.config | _watch_loop | ♻️ SensorConfig changed — reloading...
2026-04-06 14:28:14 | ERROR | biosignals.src.utils.config | _load_config | ❌ SensorConfig JSON syntax error: Expecting property name enclosed in double quotes: line 22 column 1 (char 379)
2026-04-06 14:28:14 | ERROR | biosignals.src.utils.config | _load_config |    File: C:\bci\Neurokey\config\sensor_config.json
2026-04-06 14:28:14 | INFO | biosignals.src.utils.config | _watch_loop | ♻️ SensorConfig changed — reloading...
2026-04-06 14:28:14 | INFO | biosignals.utils.config | _watch_loop | ♻️ SensorConfig changed — reloading...
2026-04-06 14:28:14 | ERROR | biosignals.src.utils.config | _load_config | ❌ SensorConfig JSON syntax error: Expecting property name enclosed in double quotes: line 22 column 1 (char 379)
2026-04-06 14:28:14 | ERROR | biosignals.src.utils.config | _load_config |    File: C:\bci\Neurokey\config\sensor_config.json
2026-04-06 14:28:14 | ERROR | biosignals.utils.config | _load_config | ❌ SensorConfig JSON syntax error: Expecting property name enclosed in double quotes: line 22 column 1 (char 379)
2026-04-06 14:28:14 | ERROR | biosignals.utils.config | _load_config |    File: C:\bci\Neurokey\config\sensor_config.json
2026-04-06 14:28:14 | INFO | biosignals.utils.config | _watch_loop | ♻️ FilterConfig changed — reloading...
2026-04-06 14:28:14 | INFO | biosignals.utils.config | _watch_loop | ♻️ FilterConfig changed — reloading...
2026-04-06 14:28:14 | ERROR | biosignals.utils.config | _load_config | ❌ FilterConfig JSON syntax error: Expecting property name enclosed in double quotes: line 4 column 1 (char 30)
2026-04-06 14:28:14 | ERROR | biosignals.utils.config | _load_config | ❌ FilterConfig JSON syntax error: Expecting property name enclosed in double quotes: line 4 column 1 (char 30)
2026-04-06 14:28:14 | ERROR | biosignals.utils.config | _load_config |    File: C:\bci\Neurokey\config\filter_config.json
2026-04-06 14:28:14 | ERROR | biosignals.utils.config | _load_config |    File: C:\bci\Neurokey\config\filter_config.json
2026-04-06 14:28:14 | INFO | biosignals.utils.config | _watch_loop | ♻️ SensorConfig changed — reloading...
2026-04-06 14:28:14 | ERROR | biosignals.utils.config | _load_config | ❌ SensorConfig JSON syntax error: Expecting property name enclosed in double quotes: line 22 column 1 (char 379)
2026-04-06 14:28:14 | ERROR | biosignals.utils.config | _load_config |    File: C:\bci\Neurokey\config\sensor_config.json
2026-04-06 14:28:14 | INFO | biosignals.src.utils.config | _watch_loop | ♻️ FilterConfig changed — reloading...
2026-04-06 14:28:14 | ERROR | biosignals.src.utils.config | _load_config | ❌ FilterConfig JSON syntax error: Expecting property name enclosed in double quotes: line 4 column 1 (char 30)
2026-04-06 14:28:14 | ERROR | biosignals.src.utils.config | _load_config |    File: C:\bci\Neurokey\config\filter_config.json
2026-04-06 14:28:14 | INFO | biosignals.src.utils.config | _watch_loop | ♻️ FilterConfig changed — reloading...
2026-04-06 14:28:14 | ERROR | biosignals.src.utils.config | _load_config | ❌ FilterConfig JSON syntax error: Expecting property name enclosed in double quotes: line 4 column 1 (char 30)
2026-04-06 14:28:14 | ERROR | biosignals.src.utils.config | _load_config |    File: C:\bci\Neurokey\config\filter_config.json
2026-04-06 14:28:14 | INFO | biosignals.src.utils.config | _watch_loop | ♻️ FilterConfig changed — reloading...
2026-04-06 14:28:14 | ERROR | biosignals.src.utils.config | _load_config | ❌ FilterConfig JSON syntax error: Expecting property name enclosed in double quotes: line 4 column 1 (char 30)
2026-04-06 14:28:14 | ERROR | biosignals.src.utils.config | _load_config |    File: C:\bci\Neurokey\config\filter_config.json
2026-04-06 14:28:14 | INFO | biosignals.src.utils.config | _watch_loop | ♻️ SensorConfig changed — reloading...
2026-04-06 14:28:14 | ERROR | biosignals.src.utils.config | _load_config | ❌ SensorConfig JSON syntax error: Expecting property name enclosed in double quotes: line 22 column 1 (char 379)
2026-04-06 14:28:14 | ERROR | biosignals.src.utils.config | _load_config |    File: C:\bci\Neurokey\config\sensor_config.json
2026-04-06 14:28:14 | INFO | biosignals.src.utils.config | _watch_loop | ♻️ SensorConfig changed — reloading...
2026-04-06 14:28:14 | ERROR | biosignals.src.utils.config | _load_config | ❌ SensorConfig JSON syntax error: Expecting property name enclosed in double quotes: line 22 column 1 (char 379)
2026-04-06 14:28:14 | ERROR | biosignals.src.utils.config | _load_config |    File: C:\bci\Neurokey\config\sensor_config.json
2026-04-06 14:28:14 | INFO | biosignals.src.utils.config | _watch_loop | ♻️ SensorConfig changed — reloading...
2026-04-06 14:28:14 | ERROR | biosignals.src.utils.config | _load_config | ❌ SensorConfig JSON syntax error: Expecting property name enclosed in double quotes: line 22 column 1 (char 379)
2026-04-06 14:28:14 | ERROR | biosignals.src.utils.config | _load_config |    File: C:\bci\Neurokey\config\sensor_config.json
2026-04-06 14:28:14 | INFO | biosignals.src.utils.config | _watch_loop | ♻️ FilterConfig changed — reloading...
2026-04-06 14:28:14 | INFO | biosignals.utils.config | _watch_loop | ♻️ SensorConfig changed — reloading...
2026-04-06 14:28:14 | ERROR | biosignals.src.utils.config | _load_config | ❌ FilterConfig JSON syntax error: Expecting property name enclosed in double quotes: line 4 column 1 (char 30)
2026-04-06 14:28:14 | ERROR | biosignals.utils.config | _load_config | ❌ SensorConfig JSON syntax error: Expecting property name enclosed in double quotes: line 22 column 1 (char 379)
2026-04-06 14:28:14 | ERROR | biosignals.src.utils.config | _load_config |    File: C:\bci\Neurokey\config\filter_config.json
2026-04-06 14:28:14 | ERROR | biosignals.utils.config | _load_config |    File: C:\bci\Neurokey\config\sensor_config.json
2026-04-06 14:28:14 | INFO | biosignals.src.utils.config | _watch_loop | ♻️ SensorConfig changed — reloading...
2026-04-06 14:28:14 | ERROR | biosignals.src.utils.config | _load_config | ❌ SensorConfig JSON syntax error: Expecting property name enclosed in double quotes: line 22 column 1 (char 379)
2026-04-06 14:28:14 | ERROR | biosignals.src.utils.config | _load_config |    File: C:\bci\Neurokey\config\sensor_config.json
2026-04-06 14:28:14 | ERROR | biosignals.__main__ | load_config | [Router] Failed to load sensor config (C:\bci\Neurokey\config\sensor_config.json): Expecting property name enclosed in double quotes: line 22 column 1 (char 379) — using defaults
2026-04-06 14:28:14 | ERROR | biosignals.__main__ | load_config | [Router] Failed to load filter config (C:\bci\Neurokey\config\filter_config.json): Expecting property name enclosed in double quotes: line 4 column 1 (char 30) — using defaults
2026-04-06 14:28:14 | INFO | biosignals.src.utils.config | _watch_loop | ♻️ FilterConfig changed — reloading...
2026-04-06 14:28:14 | ERROR | biosignals.src.utils.config | _load_config | ❌ FilterConfig JSON syntax error: Expecting property name enclosed in double quotes: line 4 column 1 (char 30)
2026-04-06 14:28:14 | ERROR | biosignals.src.utils.config | _load_config |    File: C:\bci\Neurokey\config\filter_config.json
2026-04-06 14:28:14 | INFO | biosignals.src.utils.config | _watch_loop | ♻️ FilterConfig changed — reloading...
2026-04-06 14:28:14 | ERROR | biosignals.src.utils.config | _load_config | ❌ FilterConfig JSON syntax error: Expecting property name enclosed in double quotes: line 4 column 1 (char 30)
2026-04-06 14:28:14 | ERROR | biosignals.src.utils.config | _load_config |    File: C:\bci\Neurokey\config\filter_config.json
2026-04-06 14:28:14 | INFO | biosignals.utils.config | _watch_loop | ♻️ FilterConfig changed — reloading...
2026-04-06 14:28:14 | ERROR | biosignals.utils.config | _load_config | ❌ FilterConfig JSON syntax error: Expecting property name enclosed in double quotes: line 4 column 1 (char 30)
2026-04-06 14:28:14 | ERROR | biosignals.utils.config | _load_config |    File: C:\bci\Neurokey\config\filter_config.json
2026-04-06 14:28:15 | INFO | biosignals.src.utils.config | _watch_loop | ♻️ SensorConfig changed — reloading...
2026-04-06 14:28:15 | ERROR | biosignals.src.utils.config | _load_config | ❌ SensorConfig JSON syntax error: Expecting property name enclosed in double quotes: line 22 column 1 (char 379)
2026-04-06 14:28:15 | ERROR | biosignals.src.utils.config | _load_config |    File: C:\bci\Neurokey\config\sensor_config.json
2026-04-06 14:28:15 | INFO | biosignals.src.utils.config | _watch_loop | ♻️ SensorConfig changed — reloading...
2026-04-06 14:28:15 | ERROR | biosignals.src.utils.config | _load_config | ❌ SensorConfig JSON syntax error: Expecting property name enclosed in double quotes: line 22 column 1 (char 379)
2026-04-06 14:28:15 | ERROR | biosignals.src.utils.config | _load_config |    File: C:\bci\Neurokey\config\sensor_config.json
2026-04-06 14:28:15 | INFO | biosignals.utils.config | _watch_loop | ♻️ SensorConfig changed — reloading...
2026-04-06 14:28:15 | ERROR | biosignals.utils.config | _load_config | ❌ SensorConfig JSON syntax error: Expecting property name enclosed in double quotes: line 22 column 1 (char 379)
2026-04-06 14:28:15 | ERROR | biosignals.utils.config | _load_config |    File: C:\bci\Neurokey\config\sensor_config.json
2026-04-06 14:28:15 | INFO | biosignals.utils.config | _watch_loop | ♻️ FilterConfig changed — reloading...
2026-04-06 14:28:15 | INFO | biosignals.utils.config | _watch_loop | ♻️ FilterConfig changed — reloading...
2026-04-06 14:28:15 | ERROR | biosignals.utils.config | _load_config | ❌ FilterConfig JSON syntax error: Expecting property name enclosed in double quotes: line 4 column 1 (char 30)
2026-04-06 14:28:15 | ERROR | biosignals.utils.config | _load_config |    File: C:\bci\Neurokey\config\filter_config.json
2026-04-06 14:28:15 | ERROR | biosignals.utils.config | _load_config | ❌ FilterConfig JSON syntax error: Expecting property name enclosed in double quotes: line 4 column 1 (char 30)
2026-04-06 14:28:15 | ERROR | biosignals.utils.config | _load_config |    File: C:\bci\Neurokey\config\filter_config.json
2026-04-06 14:28:15 | INFO | biosignals.utils.config | _watch_loop | ♻️ SensorConfig changed — reloading...
2026-04-06 14:28:15 | ERROR | biosignals.utils.config | _load_config | ❌ SensorConfig JSON syntax error: Expecting property name enclosed in double quotes: line 22 column 1 (char 379)
2026-04-06 14:28:15 | ERROR | biosignals.utils.config | _load_config |    File: C:\bci\Neurokey\config\sensor_config.json
2026-04-06 14:28:15 | INFO | biosignals.src.utils.config | _watch_loop | ♻️ FilterConfig changed — reloading...
2026-04-06 14:28:15 | ERROR | biosignals.src.utils.config | _load_config | ❌ FilterConfig JSON syntax error: Expecting property name enclosed in double quotes: line 4 column 1 (char 30)
2026-04-06 14:28:15 | ERROR | biosignals.src.utils.config | _load_config |    File: C:\bci\Neurokey\config\filter_config.json
2026-04-06 14:28:15 | INFO | biosignals.src.utils.config | _watch_loop | ♻️ FilterConfig changed — reloading...
2026-04-06 14:28:15 | ERROR | biosignals.src.utils.config | _load_config | ❌ FilterConfig JSON syntax error: Expecting property name enclosed in double quotes: line 4 column 1 (char 30)
2026-04-06 14:28:15 | ERROR | biosignals.src.utils.config | _load_config |    File: C:\bci\Neurokey\config\filter_config.json
2026-04-06 14:28:15 | INFO | biosignals.src.utils.config | _watch_loop | ♻️ FilterConfig changed — reloading...
2026-04-06 14:28:15 | ERROR | biosignals.src.utils.config | _load_config | ❌ FilterConfig JSON syntax error: Expecting property name enclosed in double quotes: line 4 column 1 (char 30)
2026-04-06 14:28:15 | ERROR | biosignals.src.utils.config | _load_config |    File: C:\bci\Neurokey\config\filter_config.json
2026-04-06 14:28:15 | INFO | biosignals.src.utils.config | _watch_loop | ♻️ SensorConfig changed — reloading...
2026-04-06 14:28:15 | ERROR | biosignals.src.utils.config | _load_config | ❌ SensorConfig JSON syntax error: Expecting property name enclosed in double quotes: line 22 column 1 (char 379)
2026-04-06 14:28:15 | ERROR | biosignals.src.utils.config | _load_config |    File: C:\bci\Neurokey\config\sensor_config.json
2026-04-06 14:28:15 | INFO | biosignals.src.utils.config | _watch_loop | ♻️ SensorConfig changed — reloading...
2026-04-06 14:28:15 | ERROR | biosignals.src.utils.config | _load_config | ❌ SensorConfig JSON syntax error: Expecting property name enclosed in double quotes: line 22 column 1 (char 379)
2026-04-06 14:28:15 | ERROR | biosignals.src.utils.config | _load_config |    File: C:\bci\Neurokey\config\sensor_config.json
2026-04-06 14:28:15 | INFO | biosignals.src.utils.config | _watch_loop | ♻️ SensorConfig changed — reloading...
2026-04-06 14:28:15 | ERROR | biosignals.src.utils.config | _load_config | ❌ SensorConfig JSON syntax error: Expecting property name enclosed in double quotes: line 22 column 1 (char 379)
2026-04-06 14:28:15 | ERROR | biosignals.src.utils.config | _load_config |    File: C:\bci\Neurokey\config\sensor_config.json
2026-04-06 14:28:15 | INFO | biosignals.src.utils.config | _watch_loop | ♻️ FilterConfig changed — reloading...
2026-04-06 14:28:15 | INFO | biosignals.utils.config | _watch_loop | ♻️ SensorConfig changed — reloading...
2026-04-06 14:28:15 | ERROR | biosignals.src.utils.config | _load_config | ❌ FilterConfig JSON syntax error: Expecting property name enclosed in double quotes: line 4 column 1 (char 30)
2026-04-06 14:28:15 | ERROR | biosignals.utils.config | _load_config | ❌ SensorConfig JSON syntax error: Expecting property name enclosed in double quotes: line 22 column 1 (char 379)
2026-04-06 14:28:15 | ERROR | biosignals.src.utils.config | _load_config |    File: C:\bci\Neurokey\config\filter_config.json
2026-04-06 14:28:15 | ERROR | biosignals.utils.config | _load_config |    File: C:\bci\Neurokey\config\sensor_config.json
2026-04-06 14:28:15 | INFO | biosignals.src.utils.config | _watch_loop | ♻️ SensorConfig changed — reloading...
2026-04-06 14:28:15 | ERROR | biosignals.src.utils.config | _load_config | ❌ SensorConfig JSON syntax error: Expecting property name enclosed in double quotes: line 22 column 1 (char 379)
2026-04-06 14:28:15 | ERROR | biosignals.src.utils.config | _load_config |    File: C:\bci\Neurokey\config\sensor_config.json
2026-04-06 14:28:15 | INFO | biosignals.src.utils.config | _watch_loop | ♻️ FilterConfig changed — reloading...
2026-04-06 14:28:15 | ERROR | biosignals.src.utils.config | _load_config | ❌ FilterConfig JSON syntax error: Expecting property name enclosed in double quotes: line 4 column 1 (char 30)
2026-04-06 14:28:15 | ERROR | biosignals.src.utils.config | _load_config |    File: C:\bci\Neurokey\config\filter_config.json
2026-04-06 14:28:15 | INFO | biosignals.src.utils.config | _watch_loop | ♻️ FilterConfig changed — reloading...
2026-04-06 14:28:15 | ERROR | biosignals.src.utils.config | _load_config | ❌ FilterConfig JSON syntax error: Expecting property name enclosed in double quotes: line 4 column 1 (char 30)
2026-04-06 14:28:15 | ERROR | biosignals.src.utils.config | _load_config |    File: C:\bci\Neurokey\config\filter_config.json
2026-04-06 14:28:15 | INFO | biosignals.utils.config | _watch_loop | ♻️ FilterConfig changed — reloading...
2026-04-06 14:28:15 | ERROR | biosignals.utils.config | _load_config | ❌ FilterConfig JSON syntax error: Expecting property name enclosed in double quotes: line 4 column 1 (char 30)
2026-04-06 14:28:15 | ERROR | biosignals.utils.config | _load_config |    File: C:\bci\Neurokey\config\filter_config.json
2026-04-06 14:28:16 | INFO | biosignals.src.utils.config | _watch_loop | ♻️ SensorConfig changed — reloading...
2026-04-06 14:28:16 | ERROR | biosignals.src.utils.config | _load_config | ❌ SensorConfig JSON syntax error: Expecting property name enclosed in double quotes: line 22 column 1 (char 379)
2026-04-06 14:28:16 | ERROR | biosignals.src.utils.config | _load_config |    File: C:\bci\Neurokey\config\sensor_config.json
2026-04-06 14:28:16 | INFO | biosignals.src.utils.config | _watch_loop | ♻️ SensorConfig changed — reloading...
2026-04-06 14:28:16 | ERROR | biosignals.src.utils.config | _load_config | ❌ SensorConfig JSON syntax error: Expecting property name enclosed in double quotes: line 22 column 1 (char 379)
2026-04-06 14:28:16 | ERROR | biosignals.src.utils.config | _load_config |    File: C:\bci\Neurokey\config\sensor_config.json
2026-04-06 14:28:16 | INFO | biosignals.utils.config | _watch_loop | ♻️ SensorConfig changed — reloading...
2026-04-06 14:28:16 | ERROR | biosignals.utils.config | _load_config | ❌ SensorConfig JSON syntax error: Expecting property name enclosed in double quotes: line 22 column 1 (char 379)
2026-04-06 14:28:16 | ERROR | biosignals.utils.config | _load_config |    File: C:\bci\Neurokey\config\sensor_config.json
2026-04-06 14:28:16 | INFO | biosignals.utils.config | _watch_loop | ♻️ FilterConfig changed — reloading...
2026-04-06 14:28:16 | ERROR | biosignals.utils.config | _load_config | ❌ FilterConfig JSON syntax error: Expecting property name enclosed in double quotes: line 4 column 1 (char 30)
2026-04-06 14:28:16 | ERROR | biosignals.utils.config | _load_config |    File: C:\bci\Neurokey\config\filter_config.json
2026-04-06 14:28:16 | INFO | biosignals.utils.config | _watch_loop | ♻️ FilterConfig changed — reloading...
2026-04-06 14:28:16 | INFO | biosignals.utils.config | _watch_loop | ♻️ SensorConfig changed — reloading...
2026-04-06 14:28:16 | ERROR | biosignals.utils.config | _load_config | ❌ FilterConfig JSON syntax error: Expecting property name enclosed in double quotes: line 4 column 1 (char 30)
2026-04-06 14:28:16 | ERROR | biosignals.utils.config | _load_config |    File: C:\bci\Neurokey\config\filter_config.json
2026-04-06 14:28:16 | ERROR | biosignals.utils.config | _load_config | ❌ SensorConfig JSON syntax error: Expecting property name enclosed in double quotes: line 22 column 1 (char 379)
2026-04-06 14:28:16 | ERROR | biosignals.utils.config | _load_config |    File: C:\bci\Neurokey\config\sensor_config.json
2026-04-06 14:28:16 | INFO | biosignals.src.utils.config | _watch_loop | ♻️ FilterConfig changed — reloading...
2026-04-06 14:28:16 | ERROR | biosignals.src.utils.config | _load_config | ❌ FilterConfig JSON syntax error: Expecting property name enclosed in double quotes: line 4 column 1 (char 30)
2026-04-06 14:28:16 | ERROR | biosignals.src.utils.config | _load_config |    File: C:\bci\Neurokey\config\filter_config.json
2026-04-06 14:28:16 | INFO | biosignals.src.utils.config | _watch_loop | ♻️ FilterConfig changed — reloading...
2026-04-06 14:28:16 | ERROR | biosignals.src.utils.config | _load_config | ❌ FilterConfig JSON syntax error: Expecting property name enclosed in double quotes: line 4 column 1 (char 30)
2026-04-06 14:28:16 | ERROR | biosignals.src.utils.config | _load_config |    File: C:\bci\Neurokey\config\filter_config.json
2026-04-06 14:28:16 | INFO | biosignals.src.utils.config | _watch_loop | ♻️ FilterConfig changed — reloading...
2026-04-06 14:28:16 | ERROR | biosignals.src.utils.config | _load_config | ❌ FilterConfig JSON syntax error: Expecting property name enclosed in double quotes: line 4 column 1 (char 30)
2026-04-06 14:28:16 | ERROR | biosignals.src.utils.config | _load_config |    File: C:\bci\Neurokey\config\filter_config.json
2026-04-06 14:28:16 | INFO | biosignals.src.utils.config | _watch_loop | ♻️ SensorConfig changed — reloading...
2026-04-06 14:28:16 | ERROR | biosignals.src.utils.config | _load_config | ❌ SensorConfig JSON syntax error: Expecting property name enclosed in double quotes: line 22 column 1 (char 379)
2026-04-06 14:28:16 | ERROR | biosignals.src.utils.config | _load_config |    File: C:\bci\Neurokey\config\sensor_config.json
2026-04-06 14:28:16 | INFO | biosignals.src.utils.config | _watch_loop | ♻️ SensorConfig changed — reloading...
2026-04-06 14:28:16 | ERROR | biosignals.src.utils.config | _load_config | ❌ SensorConfig JSON syntax error: Expecting property name enclosed in double quotes: line 22 column 1 (char 379)
2026-04-06 14:28:16 | ERROR | biosignals.src.utils.config | _load_config |    File: C:\bci\Neurokey\config\sensor_config.json
2026-04-06 14:28:16 | INFO | biosignals.src.utils.config | _watch_loop | ♻️ SensorConfig changed — reloading...
2026-04-06 14:28:16 | ERROR | biosignals.src.utils.config | _load_config | ❌ SensorConfig JSON syntax error: Expecting property name enclosed in double quotes: line 22 column 1 (char 379)
2026-04-06 14:28:16 | ERROR | biosignals.src.utils.config | _load_config |    File: C:\bci\Neurokey\config\sensor_config.json
2026-04-06 14:28:16 | INFO | biosignals.src.utils.config | _watch_loop | ♻️ FilterConfig changed — reloading...
2026-04-06 14:28:16 | ERROR | biosignals.utils.config | _load_config | ❌ SensorConfig JSON syntax error: Expecting property name enclosed in double quotes: line 22 column 1 (char 379)
2026-04-06 14:28:16 | ERROR | biosignals.src.utils.config | _load_config | ❌ FilterConfig JSON syntax error: Expecting property name enclosed in double quotes: line 4 column 1 (char 30)
2026-04-06 14:28:16 | ERROR | biosignals.utils.config | _load_config |    File: C:\bci\Neurokey\config\sensor_config.json
2026-04-06 14:28:16 | ERROR | biosignals.src.utils.config | _load_config |    File: C:\bci\Neurokey\config\filter_config.json
2026-04-06 14:28:16 | INFO | biosignals.src.utils.config | _watch_loop | ♻️ SensorConfig changed — reloading...
2026-04-06 14:28:16 | ERROR | biosignals.src.utils.config | _load_config | ❌ SensorConfig JSON syntax error: Expecting property name enclosed in double quotes: line 22 column 1 (char 379)
2026-04-06 14:28:16 | ERROR | biosignals.src.utils.config | _load_config |    File: C:\bci\Neurokey\config\sensor_config.json
2026-04-06 14:28:16 | ERROR | biosignals.__main__ | load_config | [Router] Failed to load sensor config (C:\bci\Neurokey\config\sensor_config.json): Expecting property name enclosed in double quotes: line 22 column 1 (char 379) — using defaults
2026-04-06 14:28:16 | ERROR | biosignals.__main__ | load_config | [Router] Failed to load filter config (C:\bci\Neurokey\config\filter_config.json): Expecting property name enclosed in double quotes: line 4 column 1 (char 30) — using defaults
2026-04-06 14:28:16 | INFO | biosignals.src.utils.config | _watch_loop | ♻️ FilterConfig changed — reloading...
2026-04-06 14:28:16 | ERROR | biosignals.src.utils.config | _load_config | ❌ FilterConfig JSON syntax error: Expecting property name enclosed in double quotes: line 4 column 1 (char 30)
2026-04-06 14:28:16 | ERROR | biosignals.src.utils.config | _load_config |    File: C:\bci\Neurokey\config\filter_config.json
2026-04-06 14:28:16 | INFO | biosignals.src.utils.config | _watch_loop | ♻️ FilterConfig changed — reloading...
2026-04-06 14:28:16 | ERROR | biosignals.src.utils.config | _load_config | ❌ FilterConfig JSON syntax error: Expecting property name enclosed in double quotes: line 4 column 1 (char 30)
2026-04-06 14:28:16 | ERROR | biosignals.src.utils.config | _load_config |    File: C:\bci\Neurokey\config\filter_config.json
2026-04-06 14:28:16 | INFO | biosignals.utils.config | _watch_loop | ♻️ FilterConfig changed — reloading...
2026-04-06 14:28:16 | ERROR | biosignals.utils.config | _load_config | ❌ FilterConfig JSON syntax error: Expecting property name enclosed in double quotes: line 4 column 1 (char 30)
2026-04-06 14:28:16 | ERROR | biosignals.utils.config | _load_config |    File: C:\bci\Neurokey\config\filter_config.json
2026-04-06 14:28:17 | INFO | biosignals.src.utils.config | _watch_loop | ♻️ SensorConfig changed — reloading...
2026-04-06 14:28:17 | ERROR | biosignals.src.utils.config | _load_config | ❌ SensorConfig JSON syntax error: Expecting property name enclosed in double quotes: line 22 column 1 (char 379)
2026-04-06 14:28:17 | ERROR | biosignals.src.utils.config | _load_config |    File: C:\bci\Neurokey\config\sensor_config.json
2026-04-06 14:28:17 | INFO | biosignals.src.utils.config | _watch_loop | ♻️ SensorConfig changed — reloading...
2026-04-06 14:28:17 | ERROR | biosignals.src.utils.config | _load_config | ❌ SensorConfig JSON syntax error: Expecting property name enclosed in double quotes: line 22 column 1 (char 379)
2026-04-06 14:28:17 | ERROR | biosignals.src.utils.config | _load_config |    File: C:\bci\Neurokey\config\sensor_config.json
2026-04-06 14:28:17 | INFO | biosignals.utils.config | _watch_loop | ♻️ SensorConfig changed — reloading...
2026-04-06 14:28:17 | ERROR | biosignals.utils.config | _load_config | ❌ SensorConfig JSON syntax error: Expecting property name enclosed in double quotes: line 22 column 1 (char 379)
2026-04-06 14:28:17 | ERROR | biosignals.utils.config | _load_config |    File: C:\bci\Neurokey\config\sensor_config.json
2026-04-06 14:28:17 | INFO | biosignals.utils.config | _watch_loop | ♻️ FilterConfig changed — reloading...
2026-04-06 14:28:17 | ERROR | biosignals.utils.config | _load_config | ❌ FilterConfig JSON syntax error: Expecting property name enclosed in double quotes: line 4 column 1 (char 30)
2026-04-06 14:28:17 | ERROR | biosignals.utils.config | _load_config |    File: C:\bci\Neurokey\config\filter_config.json
2026-04-06 14:28:17 | INFO | biosignals.utils.config | _watch_loop | ♻️ FilterConfig changed — reloading...
2026-04-06 14:28:17 | INFO | biosignals.utils.config | _watch_loop | ♻️ SensorConfig changed — reloading...
2026-04-06 14:28:17 | ERROR | biosignals.utils.config | _load_config | ❌ FilterConfig JSON syntax error: Expecting property name enclosed in double quotes: line 4 column 1 (char 30)
2026-04-06 14:28:17 | ERROR | biosignals.utils.config | _load_config |    File: C:\bci\Neurokey\config\filter_config.json
2026-04-06 14:28:17 | ERROR | biosignals.utils.config | _load_config | ❌ SensorConfig JSON syntax error: Expecting property name enclosed in double quotes: line 22 column 1 (char 379)
2026-04-06 14:28:17 | ERROR | biosignals.utils.config | _load_config |    File: C:\bci\Neurokey\config\sensor_config.json
2026-04-06 14:28:17 | INFO | biosignals.src.utils.config | _watch_loop | ♻️ FilterConfig changed — reloading...
2026-04-06 14:28:17 | ERROR | biosignals.src.utils.config | _load_config | ❌ FilterConfig JSON syntax error: Expecting property name enclosed in double quotes: line 4 column 1 (char 30)
2026-04-06 14:28:17 | ERROR | biosignals.src.utils.config | _load_config |    File: C:\bci\Neurokey\config\filter_config.json
2026-04-06 14:28:17 | INFO | biosignals.src.utils.config | _watch_loop | ♻️ FilterConfig changed — reloading...
2026-04-06 14:28:17 | ERROR | biosignals.src.utils.config | _load_config | ❌ FilterConfig JSON syntax error: Expecting property name enclosed in double quotes: line 4 column 1 (char 30)
2026-04-06 14:28:17 | ERROR | biosignals.src.utils.config | _load_config |    File: C:\bci\Neurokey\config\filter_config.json
2026-04-06 14:28:17 | INFO | biosignals.src.utils.config | _watch_loop | ♻️ FilterConfig changed — reloading...
2026-04-06 14:28:17 | ERROR | biosignals.src.utils.config | _load_config | ❌ FilterConfig JSON syntax error: Expecting property name enclosed in double quotes: line 4 column 1 (char 30)
2026-04-06 14:28:17 | ERROR | biosignals.src.utils.config | _load_config |    File: C:\bci\Neurokey\config\filter_config.json
2026-04-06 14:28:17 | INFO | biosignals.src.utils.config | _watch_loop | ♻️ SensorConfig changed — reloading...
2026-04-06 14:28:17 | ERROR | biosignals.src.utils.config | _load_config | ❌ SensorConfig JSON syntax error: Expecting property name enclosed in double quotes: line 22 column 1 (char 379)
2026-04-06 14:28:17 | ERROR | biosignals.src.utils.config | _load_config |    File: C:\bci\Neurokey\config\sensor_config.json
2026-04-06 14:28:17 | INFO | biosignals.src.utils.config | _watch_loop | ♻️ SensorConfig changed — reloading...
2026-04-06 14:28:17 | ERROR | biosignals.src.utils.config | _load_config | ❌ SensorConfig JSON syntax error: Expecting property name enclosed in double quotes: line 22 column 1 (char 379)
2026-04-06 14:28:17 | ERROR | biosignals.src.utils.config | _load_config |    File: C:\bci\Neurokey\config\sensor_config.json
2026-04-06 14:28:17 | INFO | biosignals.src.utils.config | _watch_loop | ♻️ SensorConfig changed — reloading...
2026-04-06 14:28:17 | ERROR | biosignals.src.utils.config | _load_config | ❌ SensorConfig JSON syntax error: Expecting property name enclosed in double quotes: line 22 column 1 (char 379)
2026-04-06 14:28:17 | ERROR | biosignals.src.utils.config | _load_config |    File: C:\bci\Neurokey\config\sensor_config.json
2026-04-06 14:28:17 | INFO | biosignals.utils.config | _watch_loop | ♻️ SensorConfig changed — reloading...
..
2026-04-06 14:28:17 | ERROR | biosignals.src.utils.config | _load_config | ❌ FilterConfig JSON syntax error: Expecting property name enclosed in double quotes: line 4 column 1 (char 30)
2026-04-06 14:28:17 | ERROR | biosignals.utils.config | _load_config | ❌ SensorConfig JSON syntax error: Expecting property name enclosed in double quotes: line 22 column 1 (char 379)
2026-04-06 14:28:17 | ERROR | biosignals.utils.config | _load_config |    File: C:\bci\Neurokey\config\sensor_config.json
2026-04-06 14:28:17 | ERROR | biosignals.src.utils.config | _load_config |    File: C:\bci\Neurokey\config\filter_config.json
2026-04-06 14:28:17 | INFO | biosignals.src.utils.config | _watch_loop | ♻️ SensorConfig changed — reloading...
2026-04-06 14:28:17 | ERROR | biosignals.src.utils.config | _load_config | ❌ SensorConfig JSON syntax error: Expecting property name enclosed in double quotes: line 22 column 1 (char 379)
2026-04-06 14:28:17 | ERROR | biosignals.src.utils.config | _load_config |    File: C:\bci\Neurokey\config\sensor_config.json
2026-04-06 14:28:17 | INFO | biosignals.src.utils.config | _watch_loop | ♻️ FilterConfig changed — reloading...
2026-04-06 14:28:17 | ERROR | biosignals.src.utils.config | _load_config | ❌ FilterConfig JSON syntax error: Expecting property name enclosed in double quotes: line 4 column 1 (char 30)
2026-04-06 14:28:17 | ERROR | biosignals.src.utils.config | _load_config |    File: C:\bci\Neurokey\config\filter_config.json
2026-04-06 14:28:17 | INFO | biosignals.src.utils.config | _watch_loop | ♻️ FilterConfig changed — reloading...
2026-04-06 14:28:17 | ERROR | biosignals.src.utils.config | _load_config | ❌ FilterConfig JSON syntax error: Expecting property name enclosed in double quotes: line 4 column 1 (char 30)
2026-04-06 14:28:17 | ERROR | biosignals.src.utils.config | _load_config |    File: C:\bci\Neurokey\config\filter_config.json
2026-04-06 14:28:18 | INFO | biosignals.utils.config | _watch_loop | ♻️ FilterConfig changed — reloading...
2026-04-06 14:28:18 | ERROR | biosignals.utils.config | _load_config | ❌ FilterConfig JSON syntax error: Expecting property name enclosed in double quotes: line 4 column 1 (char 30)
2026-04-06 14:28:18 | ERROR | biosignals.utils.config | _load_config |    File: C:\bci\Neurokey\config\filter_config.json
2026-04-06 14:28:18 | INFO | biosignals.src.utils.config | _watch_loop | ♻️ SensorConfig changed — reloading...
2026-04-06 14:28:18 | ERROR | biosignals.src.utils.config | _load_config | ❌ SensorConfig JSON syntax error: Expecting property name enclosed in double quotes: line 22 column 1 (char 379)
2026-04-06 14:28:18 | ERROR | biosignals.src.utils.config | _load_config |    File: C:\bci\Neurokey\config\sensor_config.json
2026-04-06 14:28:18 | INFO | biosignals.src.utils.config | _watch_loop | ♻️ SensorConfig changed — reloading...
2026-04-06 14:28:18 | ERROR | biosignals.src.utils.config | _load_config | ❌ SensorConfig JSON syntax error: Expecting property name enclosed in double quotes: line 22 column 1 (char 379)
2026-04-06 14:28:18 | ERROR | biosignals.src.utils.config | _load_config |    File: C:\bci\Neurokey\config\sensor_config.json
2026-04-06 14:28:18 | INFO | biosignals.utils.config | _watch_loop | ♻️ SensorConfig changed — reloading...
2026-04-06 14:28:18 | ERROR | biosignals.utils.config | _load_config | ❌ SensorConfig JSON syntax error: Expecting property name enclosed in double quotes: line 22 column 1 (char 379)
2026-04-06 14:28:18 | INFO | biosignals.utils.config | _watch_loop | ♻️ FilterConfig changed — reloading...
2026-04-06 14:28:18 | ERROR | biosignals.utils.config | _load_config |    File: C:\bci\Neurokey\config\sensor_config.json
2026-04-06 14:28:18 | ERROR | biosignals.utils.config | _load_config | ❌ FilterConfig JSON syntax error: Expecting property name enclosed in double quotes: line 4 column 1 (char 30)
2026-04-06 14:28:18 | ERROR | biosignals.utils.config | _load_config |    File: C:\bci\Neurokey\config\filter_config.json
2026-04-06 14:28:18 | INFO | biosignals.utils.config | _watch_loop | ♻️ FilterConfig changed — reloading...
2026-04-06 14:28:18 | ERROR | biosignals.utils.config | _load_config | ❌ FilterConfig JSON syntax error: Expecting property name enclosed in double quotes: line 4 column 1 (char 30)
2026-04-06 14:28:18 | INFO | biosignals.utils.config | _watch_loop | ♻️ SensorConfig changed — reloading...
2026-04-06 14:28:18 | ERROR | biosignals.utils.config | _load_config |    File: C:\bci\Neurokey\config\filter_config.json
2026-04-06 14:28:18 | ERROR | biosignals.utils.config | _load_config | ❌ SensorConfig JSON syntax error: Expecting property name enclosed in double quotes: line 22 column 1 (char 379)
2026-04-06 14:28:18 | ERROR | biosignals.utils.config | _load_config |    File: C:\bci\Neurokey\config\sensor_config.json
2026-04-06 14:28:18 | INFO | biosignals.src.utils.config | _watch_loop | ♻️ FilterConfig changed — reloading...
2026-04-06 14:28:18 | ERROR | biosignals.src.utils.config | _load_config | ❌ FilterConfig JSON syntax error: Expecting property name enclosed in double quotes: line 4 column 1 (char 30)
2026-04-06 14:28:18 | ERROR | biosignals.src.utils.config | _load_config |    File: C:\bci\Neurokey\config\filter_config.json
2026-04-06 14:28:18 | INFO | biosignals.src.utils.config | _watch_loop | ♻️ FilterConfig changed — reloading...
2026-04-06 14:28:18 | ERROR | biosignals.src.utils.config | _load_config | ❌ FilterConfig JSON syntax error: Expecting property name enclosed in double quotes: line 4 column 1 (char 30)
2026-04-06 14:28:18 | ERROR | biosignals.src.utils.config | _load_config |    File: C:\bci\Neurokey\config\filter_config.json
2026-04-06 14:28:18 | INFO | biosignals.src.utils.config | _watch_loop | ♻️ FilterConfig changed — reloading...
2026-04-06 14:28:18 | ERROR | biosignals.src.utils.config | _load_config | ❌ FilterConfig JSON syntax error: Expecting property name enclosed in double quotes: line 4 column 1 (char 30)
2026-04-06 14:28:18 | ERROR | biosignals.src.utils.config | _load_config |    File: C:\bci\Neurokey\config\filter_config.json
2026-04-06 14:28:18 | INFO | biosignals.src.utils.config | _watch_loop | ♻️ SensorConfig changed — reloading...
2026-04-06 14:28:18 | ERROR | biosignals.src.utils.config | _load_config | ❌ SensorConfig JSON syntax error: Expecting property name enclosed in double quotes: line 22 column 1 (char 379)
2026-04-06 14:28:18 | ERROR | biosignals.src.utils.config | _load_config |    File: C:\bci\Neurokey\config\sensor_config.json
2026-04-06 14:28:18 | INFO | biosignals.src.utils.config | _watch_loop | ♻️ SensorConfig changed — reloading...
2026-04-06 14:28:18 | ERROR | biosignals.src.utils.config | _load_config | ❌ SensorConfig JSON syntax error: Expecting property name enclosed in double quotes: line 22 column 1 (char 379)
2026-04-06 14:28:18 | ERROR | biosignals.src.utils.config | _load_config |    File: C:\bci\Neurokey\config\sensor_config.json
2026-04-06 14:28:18 | INFO | biosignals.src.utils.config | _watch_loop | ♻️ SensorConfig changed — reloading...
2026-04-06 14:28:18 | ERROR | biosignals.src.utils.config | _load_config | ❌ SensorConfig JSON syntax error: Expecting property name enclosed in double quotes: line 22 column 1 (char 379)
2026-04-06 14:28:18 | ERROR | biosignals.src.utils.config | _load_config |    File: C:\bci\Neurokey\config\sensor_config.json
2026-04-06 14:28:18 | INFO | biosignals.src.utils.config | _watch_loop | ♻️ FilterConfig changed — reloading...
2026-04-06 14:28:18 | INFO | biosignals.utils.config | _watch_loop | ♻️ SensorConfig changed — reloading...
2026-04-06 14:28:18 | ERROR | biosignals.src.utils.config | _load_config | ❌ FilterConfig JSON syntax error: Expecting property name enclosed in double quotes: line 4 column 1 (char 30)
2026-04-06 14:28:18 | ERROR | biosignals.utils.config | _load_config | ❌ SensorConfig JSON syntax error: Expecting property name enclosed in double quotes: line 22 column 1 (char 379)
2026-04-06 14:28:18 | ERROR | biosignals.utils.config | _load_config |    File: C:\bci\Neurokey\config\sensor_config.json
2026-04-06 14:28:18 | ERROR | biosignals.src.utils.config | _load_config |    File: C:\bci\Neurokey\config\filter_config.json
2026-04-06 14:28:18 | INFO | biosignals.src.utils.config | _watch_loop | ♻️ SensorConfig changed — reloading...
2026-04-06 14:28:18 | ERROR | biosignals.src.utils.config | _load_config | ❌ SensorConfig JSON syntax error: Expecting property name enclosed in double quotes: line 22 column 1 (char 379)
2026-04-06 14:28:18 | ERROR | biosignals.src.utils.config | _load_config |    File: C:\bci\Neurokey\config\sensor_config.json
2026-04-06 14:28:18 | ERROR | biosignals.__main__ | load_config | [Router] Failed to load sensor config (C:\bci\Neurokey\config\sensor_config.json): Expecting property name enclosed in double quotes: line 22 column 1 (char 379) — using defaults
2026-04-06 14:28:18 | ERROR | biosignals.__main__ | load_config | [Router] Failed to load filter config (C:\bci\Neurokey\config\filter_config.json): Expecting property name enclosed in double quotes: line 4 column 1 (char 30) — using defaults
2026-04-06 14:28:18 | INFO | biosignals.src.utils.config | _watch_loop | ♻️ FilterConfig changed — reloading...
2026-04-06 14:28:18 | ERROR | biosignals.src.utils.config | _load_config | ❌ FilterConfig JSON syntax error: Expecting property name enclosed in double quotes: line 4 column 1 (char 30)
2026-04-06 14:28:18 | ERROR | biosignals.src.utils.config | _load_config |    File: C:\bci\Neurokey\config\filter_config.json
2026-04-06 14:28:18 | INFO | biosignals.src.utils.config | _watch_loop | ♻️ FilterConfig changed — reloading...
2026-04-06 14:28:18 | ERROR | biosignals.src.utils.config | _load_config | ❌ FilterConfig JSON syntax error: Expecting property name enclosed in double quotes: line 4 column 1 (char 30)
2026-04-06 14:28:18 | ERROR | biosignals.src.utils.config | _load_config |    File: C:\bci\Neurokey\config\filter_config.json
2026-04-06 14:28:19 | INFO | biosignals.utils.config | _watch_loop | ♻️ FilterConfig changed — reloading...
2026-04-06 14:28:19 | ERROR | biosignals.utils.config | _load_config | ❌ FilterConfig JSON syntax error: Expecting property name enclosed in double quotes: line 4 column 1 (char 30)
2026-04-06 14:28:19 | ERROR | biosignals.utils.config | _load_config |    File: C:\bci\Neurokey\config\filter_config.json
2026-04-06 14:28:19 | INFO | biosignals.src.utils.config | _watch_loop | ♻️ SensorConfig changed — reloading...
2026-04-06 14:28:19 | ERROR | biosignals.src.utils.config | _load_config | ❌ SensorConfig JSON syntax error: Expecting property name enclosed in double quotes: line 22 column 1 (char 379)
2026-04-06 14:28:19 | ERROR | biosignals.src.utils.config | _load_config |    File: C:\bci\Neurokey\config\sensor_config.json
2026-04-06 14:28:19 | INFO | biosignals.src.utils.config | _watch_loop | ♻️ SensorConfig changed — reloading...
2026-04-06 14:28:19 | ERROR | biosignals.src.utils.config | _load_config | ❌ SensorConfig JSON syntax error: Expecting property name enclosed in double quotes: line 22 column 1 (char 379)
2026-04-06 14:28:19 | ERROR | biosignals.src.utils.config | _load_config |    File: C:\bci\Neurokey\config\sensor_config.json
2026-04-06 14:28:19 | INFO | biosignals.utils.config | _watch_loop | ♻️ SensorConfig changed — reloading...
2026-04-06 14:28:19 | INFO | biosignals.utils.config | _watch_loop | ♻️ FilterConfig changed — reloading...
2026-04-06 14:28:19 | ERROR | biosignals.utils.config | _load_config | ❌ SensorConfig JSON syntax error: Expecting property name enclosed in double quotes: line 22 column 1 (char 379)
2026-04-06 14:28:19 | ERROR | biosignals.utils.config | _load_config | ❌ FilterConfig JSON syntax error: Expecting property name enclosed in double quotes: line 4 column 1 (char 30)
2026-04-06 14:28:19 | ERROR | biosignals.utils.config | _load_config |    File: C:\bci\Neurokey\config\sensor_config.json
2026-04-06 14:28:19 | ERROR | biosignals.utils.config | _load_config |    File: C:\bci\Neurokey\config\filter_config.json
2026-04-06 14:28:19 | INFO | biosignals.utils.config | _watch_loop | ♻️ FilterConfig changed — reloading...
2026-04-06 14:28:19 | INFO | biosignals.utils.config | _watch_loop | ♻️ SensorConfig changed — reloading...
2026-04-06 14:28:19 | ERROR | biosignals.utils.config | _load_config | ❌ FilterConfig JSON syntax error: Expecting property name enclosed in double quotes: line 4 column 1 (char 30)
2026-04-06 14:28:19 | ERROR | biosignals.utils.config | _load_config |    File: C:\bci\Neurokey\config\filter_config.json
2026-04-06 14:28:19 | ERROR | biosignals.utils.config | _load_config | ❌ SensorConfig JSON syntax error: Expecting property name enclosed in double quotes: line 22 column 1 (char 379)
2026-04-06 14:28:19 | ERROR | biosignals.utils.config | _load_config |    File: C:\bci\Neurokey\config\sensor_config.json
2026-04-06 14:28:19 | INFO | biosignals.src.utils.config | _watch_loop | ♻️ FilterConfig changed — reloading...
2026-04-06 14:28:19 | ERROR | biosignals.src.utils.config | _load_config | ❌ FilterConfig JSON syntax error: Expecting property name enclosed in double quotes: line 4 column 1 (char 30)
2026-04-06 14:28:19 | ERROR | biosignals.src.utils.config | _load_config |    File: C:\bci\Neurokey\config\filter_config.json
2026-04-06 14:28:19 | INFO | biosignals.src.utils.config | _watch_loop | ♻️ FilterConfig changed — reloading...
2026-04-06 14:28:19 | ERROR | biosignals.src.utils.config | _load_config | ❌ FilterConfig JSON syntax error: Expecting property name enclosed in double quotes: line 4 column 1 (char 30)
2026-04-06 14:28:19 | ERROR | biosignals.src.utils.config | _load_config |    File: C:\bci\Neurokey\config\filter_config.json
2026-04-06 14:28:19 | INFO | biosignals.src.utils.config | _watch_loop | ♻️ FilterConfig changed — reloading...
2026-04-06 14:28:19 | ERROR | biosignals.src.utils.config | _load_config | ❌ FilterConfig JSON syntax error: Expecting property name enclosed in double quotes: line 4 column 1 (char 30)
2026-04-06 14:28:19 | ERROR | biosignals.src.utils.config | _load_config |    File: C:\bci\Neurokey\config\filter_config.json
2026-04-06 14:28:19 | INFO | biosignals.src.utils.config | _watch_loop | ♻️ SensorConfig changed — reloading...
2026-04-06 14:28:19 | ERROR | biosignals.src.utils.config | _load_config | ❌ SensorConfig JSON syntax error: Expecting property name enclosed in double quotes: line 22 column 1 (char 379)
2026-04-06 14:28:19 | ERROR | biosignals.src.utils.config | _load_config |    File: C:\bci\Neurokey\config\sensor_config.json
2026-04-06 14:28:19 | INFO | biosignals.src.utils.config | _watch_loop | ♻️ SensorConfig changed — reloading...
2026-04-06 14:28:19 | ERROR | biosignals.src.utils.config | _load_config | ❌ SensorConfig JSON syntax error: Expecting property name enclosed in double quotes: line 22 column 1 (char 379)
2026-04-06 14:28:19 | ERROR | biosignals.src.utils.config | _load_config |    File: C:\bci\Neurokey\config\sensor_config.json
2026-04-06 14:28:19 | INFO | biosignals.src.utils.config | _watch_loop | ♻️ SensorConfig changed — reloading...
2026-04-06 14:28:19 | ERROR | biosignals.src.utils.config | _load_config | ❌ SensorConfig JSON syntax error: Expecting property name enclosed in double quotes: line 22 column 1 (char 379)
2026-04-06 14:28:19 | ERROR | biosignals.src.utils.config | _load_config |    File: C:\bci\Neurokey\config\sensor_config.json
2026-04-06 14:28:19 | INFO | biosignals.utils.config | _watch_loop | ♻️ SensorConfig changed — reloading...
2026-04-06 14:28:19 | INFO | biosignals.src.utils.config | _watch_loop | ♻️ FilterConfig changed — reloading...
2026-04-06 14:28:19 | ERROR | biosignals.utils.config | _load_config | ❌ SensorConfig JSON syntax error: Expecting property name enclosed in double quotes: line 22 column 1 (char 379)
2026-04-06 14:28:19 | ERROR | biosignals.src.utils.config | _load_config | ❌ FilterConfig JSON syntax error: Expecting property name enclosed in double quotes: line 4 column 1 (char 30)
2026-04-06 14:28:19 | ERROR | biosignals.src.utils.config | _load_config |    File: C:\bci\Neurokey\config\filter_config.json
2026-04-06 14:28:19 | ERROR | biosignals.utils.config | _load_config |    File: C:\bci\Neurokey\config\sensor_config.json
2026-04-06 14:28:19 | INFO | biosignals.src.utils.config | _watch_loop | ♻️ SensorConfig changed — reloading...
2026-04-06 14:28:19 | ERROR | biosignals.src.utils.config | _load_config | ❌ SensorConfig JSON syntax error: Expecting property name enclosed in double quotes: line 22 column 1 (char 379)
2026-04-06 14:28:19 | ERROR | biosignals.src.utils.config | _load_config |    File: C:\bci\Neurokey\config\sensor_config.json
2026-04-06 14:28:19 | INFO | biosignals.src.utils.config | _watch_loop | ♻️ FilterConfig changed — reloading...
2026-04-06 14:28:19 | ERROR | biosignals.src.utils.config | _load_config | ❌ FilterConfig JSON syntax error: Expecting property name enclosed in double quotes: line 4 column 1 (char 30)
2026-04-06 14:28:19 | ERROR | biosignals.src.utils.config | _load_config |    File: C:\bci\Neurokey\config\filter_config.json
2026-04-06 14:28:19 | INFO | biosignals.src.utils.config | _watch_loop | ♻️ FilterConfig changed — reloading...
2026-04-06 14:28:19 | ERROR | biosignals.src.utils.config | _load_config | ❌ FilterConfig JSON syntax error: Expecting property name enclosed in double quotes: line 4 column 1 (char 30)
2026-04-06 14:28:19 | ERROR | biosignals.src.utils.config | _load_config |    File: C:\bci\Neurokey\config\filter_config.json
2026-04-06 14:28:20 | INFO | biosignals.utils.config | _watch_loop | ♻️ FilterConfig changed — reloading...
2026-04-06 14:28:20 | ERROR | biosignals.utils.config | _load_config | ❌ FilterConfig JSON syntax error: Expecting property name enclosed in double quotes: line 4 column 1 (char 30)
2026-04-06 14:28:20 | ERROR | biosignals.utils.config | _load_config |    File: C:\bci\Neurokey\config\filter_config.json
2026-04-06 14:28:20 | INFO | biosignals.src.utils.config | _watch_loop | ♻️ SensorConfig changed — reloading...
2026-04-06 14:28:20 | ERROR | biosignals.src.utils.config | _load_config | ❌ SensorConfig JSON syntax error: Expecting property name enclosed in double quotes: line 22 column 1 (char 379)
2026-04-06 14:28:20 | ERROR | biosignals.src.utils.config | _load_config |    File: C:\bci\Neurokey\config\sensor_config.json
2026-04-06 14:28:20 | INFO | biosignals.src.utils.config | _watch_loop | ♻️ SensorConfig changed — reloading...
2026-04-06 14:28:20 | ERROR | biosignals.src.utils.config | _load_config | ❌ SensorConfig JSON syntax error: Expecting property name enclosed in double quotes: line 22 column 1 (char 379)
2026-04-06 14:28:20 | ERROR | biosignals.src.utils.config | _load_config |    File: C:\bci\Neurokey\config\sensor_config.json
2026-04-06 14:28:20 | INFO | biosignals.utils.config | _watch_loop | ♻️ SensorConfig changed — reloading...
2026-04-06 14:28:20 | INFO | biosignals.utils.config | _watch_loop | ♻️ FilterConfig changed — reloading...
2026-04-06 14:28:20 | ERROR | biosignals.utils.config | _load_config | ❌ SensorConfig JSON syntax error: Expecting property name enclosed in double quotes: line 22 column 1 (char 379)
2026-04-06 14:28:20 | ERROR | biosignals.utils.config | _load_config | ❌ FilterConfig JSON syntax error: Expecting property name enclosed in double quotes: line 4 column 1 (char 30)
2026-04-06 14:28:20 | ERROR | biosignals.utils.config | _load_config |    File: C:\bci\Neurokey\config\filter_config.json
2026-04-06 14:28:20 | ERROR | biosignals.utils.config | _load_config |    File: C:\bci\Neurokey\config\sensor_config.json
2026-04-06 14:28:20 | INFO | biosignals.utils.config | _watch_loop | ♻️ FilterConfig changed — reloading...
2026-04-06 14:28:20 | INFO | biosignals.utils.config | _watch_loop | ♻️ SensorConfig changed — reloading...
2026-04-06 14:28:20 | ERROR | biosignals.utils.config | _load_config | ❌ FilterConfig JSON syntax error: Expecting property name enclosed in double quotes: line 4 column 1 (char 30)
2026-04-06 14:28:20 | ERROR | biosignals.utils.config | _load_config |    File: C:\bci\Neurokey\config\filter_config.json
2026-04-06 14:28:20 | ERROR | biosignals.utils.config | _load_config | ❌ SensorConfig JSON syntax error: Expecting property name enclosed in double quotes: line 22 column 1 (char 379)
2026-04-06 14:28:20 | ERROR | biosignals.utils.config | _load_config |    File: C:\bci\Neurokey\config\sensor_config.json
2026-04-06 14:28:20 | INFO | biosignals.src.utils.config | _watch_loop | ♻️ FilterConfig changed — reloading...
2026-04-06 14:28:20 | ERROR | biosignals.src.utils.config | _load_config | ❌ FilterConfig JSON syntax error: Expecting property name enclosed in double quotes: line 4 column 1 (char 30)
2026-04-06 14:28:20 | ERROR | biosignals.src.utils.config | _load_config |    File: C:\bci\Neurokey\config\filter_config.json
2026-04-06 14:28:20 | INFO | biosignals.src.utils.config | _watch_loop | ♻️ FilterConfig changed — reloading...
2026-04-06 14:28:20 | ERROR | biosignals.src.utils.config | _load_config | ❌ FilterConfig JSON syntax error: Expecting property name enclosed in double quotes: line 4 column 1 (char 30)
2026-04-06 14:28:20 | ERROR | biosignals.src.utils.config | _load_config |    File: C:\bci\Neurokey\config\filter_config.json
2026-04-06 14:28:20 | INFO | biosignals.src.utils.config | _watch_loop | ♻️ FilterConfig changed — reloading...
2026-04-06 14:28:20 | ERROR | biosignals.src.utils.config | _load_config | ❌ FilterConfig JSON syntax error: Expecting property name enclosed in double quotes: line 4 column 1 (char 30)
2026-04-06 14:28:20 | ERROR | biosignals.src.utils.config | _load_config |    File: C:\bci\Neurokey\config\filter_config.json
2026-04-06 14:28:20 | INFO | biosignals.src.utils.config | _watch_loop | ♻️ SensorConfig changed — reloading...
2026-04-06 14:28:20 | ERROR | biosignals.src.utils.config | _load_config | ❌ SensorConfig JSON syntax error: Expecting property name enclosed in double quotes: line 22 column 1 (char 379)
2026-04-06 14:28:20 | ERROR | biosignals.src.utils.config | _load_config |    File: C:\bci\Neurokey\config\sensor_config.json
2026-04-06 14:28:20 | INFO | biosignals.src.utils.config | _watch_loop | ♻️ SensorConfig changed — reloading...
2026-04-06 14:28:20 | ERROR | biosignals.src.utils.config | _load_config | ❌ SensorConfig JSON syntax error: Expecting property name enclosed in double quotes: line 22 column 1 (char 379)
2026-04-06 14:28:20 | ERROR | biosignals.src.utils.config | _load_config |    File: C:\bci\Neurokey\config\sensor_config.json
2026-04-06 14:28:20 | INFO | biosignals.src.utils.config | _watch_loop | ♻️ SensorConfig changed — reloading...
2026-04-06 14:28:20 | ERROR | biosignals.src.utils.config | _load_config | ❌ SensorConfig JSON syntax error: Expecting property name enclosed in double quotes: line 22 column 1 (char 379)
2026-04-06 14:28:20 | ERROR | biosignals.src.utils.config | _load_config |    File: C:\bci\Neurokey\config\sensor_config.json
2026-04-06 14:28:20 | INFO | biosignals.src.utils.config | _watch_loop | ♻️ FilterConfig changed — reloading...
2026-04-06 14:28:20 | INFO | biosignals.utils.config | _watch_loop | ♻️ SensorConfig changed — reloading...
2026-04-06 14:28:20 | ERROR | biosignals.src.utils.config | _load_config | ❌ FilterConfig JSON syntax error: Expecting property name enclosed in double quotes: line 4 column 1 (char 30)
2026-04-06 14:28:20 | ERROR | biosignals.utils.config | _load_config | ❌ SensorConfig JSON syntax error: Expecting property name enclosed in double quotes: line 22 column 1 (char 379)
2026-04-06 14:28:20 | ERROR | biosignals.utils.config | _load_config |    File: C:\bci\Neurokey\config\sensor_config.json
2026-04-06 14:28:20 | INFO | biosignals.src.utils.config | _watch_loop | ♻️ SensorConfig changed — reloading...
2026-04-06 14:28:20 | ERROR | biosignals.src.utils.config | _load_config | ❌ SensorConfig JSON syntax error: Expecting property name enclosed in double quotes: line 22 column 1 (char 379)
2026-04-06 14:28:20 | ERROR | biosignals.src.utils.config | _load_config |    File: C:\bci\Neurokey\config\sensor_config.json
2026-04-06 14:28:20 | ERROR | biosignals.__main__ | load_config | [Router] Failed to load sensor config (C:\bci\Neurokey\config\sensor_config.json): Expecting property name enclosed in double quotes: line 22 column 1 (char 379) — using defaults
2026-04-06 14:28:20 | ERROR | biosignals.__main__ | load_config | [Router] Failed to load filter config (C:\bci\Neurokey\config\filter_config.json): Expecting property name enclosed in double quotes: line 4 column 1 (char 30) — using defaults
2026-04-06 14:28:20 | INFO | biosignals.src.utils.config | _watch_loop | ♻️ FilterConfig changed — reloading...
2026-04-06 14:28:20 | ERROR | biosignals.src.utils.config | _load_config | ❌ FilterConfig JSON syntax error: Expecting property name enclosed in double quotes: line 4 column 1 (char 30)
2026-04-06 14:28:20 | ERROR | biosignals.src.utils.config | _load_config |    File: C:\bci\Neurokey\config\filter_config.json
2026-04-06 14:28:20 | INFO | biosignals.src.utils.config | _watch_loop | ♻️ FilterConfig changed — reloading...
2026-04-06 14:28:20 | ERROR | biosignals.src.utils.config | _load_config | ❌ FilterConfig JSON syntax error: Expecting property name enclosed in double quotes: line 4 column 1 (char 30)
2026-04-06 14:28:21 | ERROR | biosignals.src.utils.config | _load_config |    File: C:\bci\Neurokey\config\filter_config.json
2026-04-06 14:28:21 | INFO | biosignals.utils.config | _watch_loop | ♻️ FilterConfig changed — reloading...
2026-04-06 14:28:21 | ERROR | biosignals.utils.config | _load_config | ❌ FilterConfig JSON syntax error: Expecting property name enclosed in double quotes: line 4 column 1 (char 30)
2026-04-06 14:28:21 | ERROR | biosignals.utils.config | _load_config |    File: C:\bci\Neurokey\config\filter_config.json
2026-04-06 14:28:21 | INFO | biosignals.src.utils.config | _watch_loop | ♻️ SensorConfig changed — reloading...
2026-04-06 14:28:21 | ERROR | biosignals.src.utils.config | _load_config | ❌ SensorConfig JSON syntax error: Expecting property name enclosed in double quotes: line 22 column 1 (char 379)
2026-04-06 14:28:21 | ERROR | biosignals.src.utils.config | _load_config |    File: C:\bci\Neurokey\config\sensor_config.json
2026-04-06 14:28:21 | INFO | biosignals.src.utils.config | _watch_loop | ♻️ SensorConfig changed — reloading...
2026-04-06 14:28:21 | ERROR | biosignals.src.utils.config | _load_config | ❌ SensorConfig JSON syntax error: Expecting property name enclosed in double quotes: line 22 column 1 (char 379)
2026-04-06 14:28:21 | ERROR | biosignals.src.utils.config | _load_config |    File: C:\bci\Neurokey\config\sensor_config.json
2026-04-06 14:28:21 | INFO | biosignals.utils.config | _watch_loop | ♻️ FilterConfig changed — reloading...
2026-04-06 14:28:21 | ERROR | biosignals.utils.config | _load_config | ❌ FilterConfig JSON syntax error: Expecting property name enclosed in double quotes: line 4 column 1 (char 30)
2026-04-06 14:28:21 | ERROR | biosignals.utils.config | _load_config |    File: C:\bci\Neurokey\config\filter_config.json
2026-04-06 14:28:21 | INFO | biosignals.utils.config | _watch_loop | ♻️ SensorConfig changed — reloading...
2026-04-06 14:28:21 | ERROR | biosignals.utils.config | _load_config | ❌ SensorConfig JSON syntax error: Expecting property name enclosed in double quotes: line 22 column 1 (char 379)
2026-04-06 14:28:21 | ERROR | biosignals.utils.config | _load_config |    File: C:\bci\Neurokey\config\sensor_config.json
2026-04-06 14:28:21 | INFO | biosignals.utils.config | _watch_loop | ♻️ FilterConfig changed — reloading...
2026-04-06 14:28:21 | INFO | biosignals.utils.config | _watch_loop | ♻️ SensorConfig changed — reloading...
2026-04-06 14:28:21 | ERROR | biosignals.utils.config | _load_config | ❌ FilterConfig JSON syntax error: Expecting property name enclosed in double quotes: line 4 column 1 (char 30)
2026-04-06 14:28:21 | ERROR | biosignals.utils.config | _load_config | ❌ SensorConfig JSON syntax error: Expecting property name enclosed in double quotes: line 22 column 1 (char 379)
2026-04-06 14:28:21 | ERROR | biosignals.utils.config | _load_config |    File: C:\bci\Neurokey\config\filter_config.json
2026-04-06 14:28:21 | ERROR | biosignals.utils.config | _load_config |    File: C:\bci\Neurokey\config\sensor_config.json
2026-04-06 14:28:21 | INFO | biosignals.src.utils.config | _watch_loop | ♻️ FilterConfig changed — reloading...
2026-04-06 14:28:21 | ERROR | biosignals.src.utils.config | _load_config | ❌ FilterConfig JSON syntax error: Expecting property name enclosed in double quotes: line 4 column 1 (char 30)
2026-04-06 14:28:21 | ERROR | biosignals.src.utils.config | _load_config |    File: C:\bci\Neurokey\config\filter_config.json
2026-04-06 14:28:21 | INFO | biosignals.src.utils.config | _watch_loop | ♻️ FilterConfig changed — reloading...
2026-04-06 14:28:21 | INFO | biosignals.src.utils.config | _watch_loop | ♻️ FilterConfig changed — reloading...
2026-04-06 14:28:21 | ERROR | biosignals.src.utils.config | _load_config | ❌ FilterConfig JSON syntax error: Expecting property name enclosed in double quotes: line 4 column 1 (char 30)
2026-04-06 14:28:21 | ERROR | biosignals.src.utils.config | _load_config |    File: C:\bci\Neurokey\config\filter_config.json
2026-04-06 14:28:21 | ERROR | biosignals.src.utils.config | _load_config | ❌ FilterConfig JSON syntax error: Expecting property name enclosed in double quotes: line 4 column 1 (char 30)
2026-04-06 14:28:21 | INFO | biosignals.src.utils.config | _watch_loop | ♻️ SensorConfig changed — reloading...
g.json
2026-04-06 14:28:21 | ERROR | biosignals.src.utils.config | _load_config | ❌ SensorConfig JSON syntax error: Expecting property name enclosed in double quotes: line 22 column 1 (char 379)
2026-04-06 14:28:21 | ERROR | biosignals.src.utils.config | _load_config |    File: C:\bci\Neurokey\config\sensor_config.json
2026-04-06 14:28:21 | INFO | biosignals.src.utils.config | _watch_loop | ♻️ SensorConfig changed — reloading...
2026-04-06 14:28:21 | ERROR | biosignals.src.utils.config | _load_config | ❌ SensorConfig JSON syntax error: Expecting property name enclosed in double quotes: line 22 column 1 (char 379)
2026-04-06 14:28:21 | ERROR | biosignals.src.utils.config | _load_config |    File: C:\bci\Neurokey\config\sensor_config.json
2026-04-06 14:28:21 | INFO | biosignals.src.utils.config | _watch_loop | ♻️ SensorConfig changed — reloading...
2026-04-06 14:28:21 | ERROR | biosignals.src.utils.config | _load_config | ❌ SensorConfig JSON syntax error: Expecting property name enclosed in double quotes: line 22 column 1 (char 379)
2026-04-06 14:28:21 | ERROR | biosignals.src.utils.config | _load_config |    File: C:\bci\Neurokey\config\sensor_config.json
2026-04-06 14:28:21 | INFO | biosignals.src.utils.config | _watch_loop | ♻️ FilterConfig changed — reloading...
2026-04-06 14:28:21 | ERROR | biosignals.src.utils.config | _load_config | ❌ FilterConfig JSON syntax error: Expecting property name enclosed in double quotes: line 4 column 1 (char 30)
2026-04-06 14:28:21 | ERROR | biosignals.src.utils.config | _load_config |    File: C:\bci\Neurokey\config\filter_config.json
2026-04-06 14:28:21 | INFO | biosignals.utils.config | _watch_loop | ♻️ SensorConfig changed — reloading...
2026-04-06 14:28:21 | ERROR | biosignals.utils.config | _load_config | ❌ SensorConfig JSON syntax error: Expecting property name enclosed in double quotes: line 22 column 1 (char 379)
2026-04-06 14:28:21 | ERROR | biosignals.utils.config | _load_config |    File: C:\bci\Neurokey\config\sensor_config.json
2026-04-06 14:28:21 | INFO | biosignals.src.utils.config | _watch_loop | ♻️ SensorConfig changed — reloading...
2026-04-06 14:28:21 | ERROR | biosignals.src.utils.config | _load_config | ❌ SensorConfig JSON syntax error: Expecting property name enclosed in double quotes: line 22 column 1 (char 379)
2026-04-06 14:28:21 | ERROR | biosignals.src.utils.config | _load_config |    File: C:\bci\Neurokey\config\sensor_config.json
2026-04-06 14:28:21 | INFO | biosignals.src.utils.config | _watch_loop | ♻️ FilterConfig changed — reloading...
2026-04-06 14:28:21 | ERROR | biosignals.src.utils.config | _load_config | ❌ FilterConfig JSON syntax error: Expecting property name enclosed in double quotes: line 4 column 1 (char 30)
2026-04-06 14:28:21 | ERROR | biosignals.src.utils.config | _load_config |    File: C:\bci\Neurokey\config\filter_config.json
2026-04-06 14:28:22 | INFO | biosignals.src.utils.config | _watch_loop | ♻️ FilterConfig changed — reloading...
2026-04-06 14:28:22 | ERROR | biosignals.src.utils.config | _load_config | ❌ FilterConfig JSON syntax error: Expecting property name enclosed in double quotes: line 4 column 1 (char 30)
2026-04-06 14:28:22 | ERROR | biosignals.src.utils.config | _load_config |    File: C:\bci\Neurokey\config\filter_config.json
2026-04-06 14:28:22 | INFO | biosignals.utils.config | _watch_loop | ♻️ FilterConfig changed — reloading...
2026-04-06 14:28:22 | ERROR | biosignals.utils.config | _load_config | ❌ FilterConfig JSON syntax error: Expecting property name enclosed in double quotes: line 4 column 1 (char 30)
2026-04-06 14:28:22 | ERROR | biosignals.utils.config | _load_config |    File: C:\bci\Neurokey\config\filter_config.json
2026-04-06 14:28:22 | INFO | biosignals.src.utils.config | _watch_loop | ♻️ SensorConfig changed — reloading...
2026-04-06 14:28:22 | ERROR | biosignals.src.utils.config | _load_config | ❌ SensorConfig JSON syntax error: Expecting property name enclosed in double quotes: line 22 column 1 (char 379)
2026-04-06 14:28:22 | ERROR | biosignals.src.utils.config | _load_config |    File: C:\bci\Neurokey\config\sensor_config.json
2026-04-06 14:28:22 | INFO | biosignals.src.utils.config | _watch_loop | ♻️ SensorConfig changed — reloading...
2026-04-06 14:28:22 | ERROR | biosignals.src.utils.config | _load_config | ❌ SensorConfig JSON syntax error: Expecting property name enclosed in double quotes: line 22 column 1 (char 379)
2026-04-06 14:28:22 | ERROR | biosignals.src.utils.config | _load_config |    File: C:\bci\Neurokey\config\sensor_config.json
2026-04-06 14:28:22 | INFO | biosignals.utils.config | _watch_loop | ♻️ FilterConfig changed — reloading...
2026-04-06 14:28:22 | ERROR | biosignals.utils.config | _load_config | ❌ FilterConfig JSON syntax error: Expecting property name enclosed in double quotes: line 4 column 1 (char 30)
2026-04-06 14:28:22 | ERROR | biosignals.utils.config | _load_config |    File: C:\bci\Neurokey\config\filter_config.json
2026-04-06 14:28:22 | INFO | biosignals.utils.config | _watch_loop | ♻️ SensorConfig changed — reloading...
2026-04-06 14:28:22 | ERROR | biosignals.utils.config | _load_config | ❌ SensorConfig JSON syntax error: Expecting property name enclosed in double quotes: line 22 column 1 (char 379)
2026-04-06 14:28:22 | ERROR | biosignals.utils.config | _load_config |    File: C:\bci\Neurokey\config\sensor_config.json
2026-04-06 14:28:22 | INFO | biosignals.utils.config | _watch_loop | ♻️ FilterConfig changed — reloading...
2026-04-06 14:28:22 | ERROR | biosignals.utils.config | _load_config | ❌ FilterConfig JSON syntax error: Expecting property name enclosed in double quotes: line 4 column 1 (char 30)
2026-04-06 14:28:22 | INFO | biosignals.utils.config | _watch_loop | ♻️ SensorConfig changed — reloading...
2026-04-06 14:28:22 | ERROR | biosignals.utils.config | _load_config |    File: C:\bci\Neurokey\config\filter_config.json
2026-04-06 14:28:22 | ERROR | biosignals.utils.config | _load_config | ❌ SensorConfig JSON syntax error: Expecting property name enclosed in double quotes: line 22 column 1 (char 379)
2026-04-06 14:28:22 | ERROR | biosignals.utils.config | _load_config |    File: C:\bci\Neurokey\config\sensor_config.json
2026-04-06 14:28:22 | INFO | biosignals.src.utils.config | _watch_loop | ♻️ FilterConfig changed — reloading...
2026-04-06 14:28:22 | ERROR | biosignals.src.utils.config | _load_config | ❌ FilterConfig JSON syntax error: Expecting property name enclosed in double quotes: line 4 column 1 (char 30)
2026-04-06 14:28:22 | ERROR | biosignals.src.utils.config | _load_config |    File: C:\bci\Neurokey\config\filter_config.json
2026-04-06 14:28:22 | INFO | biosignals.src.utils.config | _watch_loop | ♻️ FilterConfig changed — reloading...
2026-04-06 14:28:22 | INFO | biosignals.src.utils.config | _watch_loop | ♻️ FilterConfig changed — reloading...
2026-04-06 14:28:22 | ERROR | biosignals.src.utils.config | _load_config | ❌ FilterConfig JSON syntax error: Expecting property name enclosed in double quotes: line 4 column 1 (char 30)
2026-04-06 14:28:22 | ERROR | biosignals.src.utils.config | _load_config | ❌ FilterConfig JSON syntax error: Expecting property name enclosed in double quotes: line 4 column 1 (char 30)
2026-04-06 14:28:22 | ERROR | biosignals.src.utils.config | _load_config |    File: C:\bci\Neurokey\config\filter_config.json
2026-04-06 14:28:22 | ERROR | biosignals.src.utils.config | _load_config |    File: C:\bci\Neurokey\config\filter_config.json
2026-04-06 14:28:22 | INFO | biosignals.src.utils.config | _watch_loop | ♻️ SensorConfig changed — reloading...
2026-04-06 14:28:22 | ERROR | biosignals.src.utils.config | _load_config | ❌ SensorConfig JSON syntax error: Expecting property name enclosed in double quotes: line 22 column 1 (char 379)
2026-04-06 14:28:22 | ERROR | biosignals.src.utils.config | _load_config |    File: C:\bci\Neurokey\config\sensor_config.json
2026-04-06 14:28:22 | INFO | biosignals.src.utils.config | _watch_loop | ♻️ SensorConfig changed — reloading...
2026-04-06 14:28:22 | ERROR | biosignals.src.utils.config | _load_config | ❌ SensorConfig JSON syntax error: Expecting property name enclosed in double quotes: line 22 column 1 (char 379)
2026-04-06 14:28:22 | ERROR | biosignals.src.utils.config | _load_config |    File: C:\bci\Neurokey\config\sensor_config.json
2026-04-06 14:28:22 | INFO | biosignals.src.utils.config | _watch_loop | ♻️ SensorConfig changed — reloading...
2026-04-06 14:28:22 | ERROR | biosignals.src.utils.config | _load_config | ❌ SensorConfig JSON syntax error: Expecting property name enclosed in double quotes: line 22 column 1 (char 379)
2026-04-06 14:28:22 | ERROR | biosignals.src.utils.config | _load_config |    File: C:\bci\Neurokey\config\sensor_config.json
2026-04-06 14:28:22 | INFO | biosignals.src.utils.config | _watch_loop | ♻️ FilterConfig changed — reloading...
2026-04-06 14:28:22 | ERROR | biosignals.src.utils.config | _load_config | ❌ FilterConfig JSON syntax error: Expecting property name enclosed in double quotes: line 4 column 1 (char 30)
2026-04-06 14:28:22 | ERROR | biosignals.src.utils.config | _load_config |    File: C:\bci\Neurokey\config\filter_config.json
2026-04-06 14:28:22 | INFO | biosignals.utils.config | _watch_loop | ♻️ SensorConfig changed — reloading...
2026-04-06 14:28:22 | ERROR | biosignals.utils.config | _load_config | ❌ SensorConfig JSON syntax error: Expecting property name enclosed in double quotes: line 22 column 1 (char 379)
2026-04-06 14:28:22 | ERROR | biosignals.utils.config | _load_config |    File: C:\bci\Neurokey\config\sensor_config.json
2026-04-06 14:28:22 | INFO | biosignals.src.utils.config | _watch_loop | ♻️ SensorConfig changed — reloading...
2026-04-06 14:28:22 | ERROR | biosignals.src.utils.config | _load_config | ❌ SensorConfig JSON syntax error: Expecting property name enclosed in double quotes: line 22 column 1 (char 379)
2026-04-06 14:28:22 | ERROR | biosignals.src.utils.config | _load_config |    File: C:\bci\Neurokey\config\sensor_config.json
2026-04-06 14:28:22 | ERROR | biosignals.__main__ | load_config | [Router] Failed to load sensor config (C:\bci\Neurokey\config\sensor_config.json): Expecting property name enclosed in double quotes: line 22 column 1 (char 379) — using defaults
2026-04-06 14:28:22 | ERROR | biosignals.__main__ | load_config | [Router] Failed to load filter config (C:\bci\Neurokey\config\filter_config.json): Expecting property name enclosed in double quotes: line 4 column 1 (char 30) — using defaults
2026-04-06 14:28:22 | INFO | biosignals.src.utils.config | _watch_loop | ♻️ FilterConfig changed — reloading...
2026-04-06 14:28:22 | ERROR | biosignals.src.utils.config | _load_config | ❌ FilterConfig JSON syntax error: Expecting property name enclosed in double quotes: line 4 column 1 (char 30)
2026-04-06 14:28:22 | ERROR | biosignals.src.utils.config | _load_config |    File: C:\bci\Neurokey\config\filter_config.json
2026-04-06 14:28:23 | INFO | biosignals.src.utils.config | _watch_loop | ♻️ FilterConfig changed — reloading...
2026-04-06 14:28:23 | ERROR | biosignals.src.utils.config | _load_config | ❌ FilterConfig JSON syntax error: Expecting property name enclosed in double quotes: line 4 column 1 (char 30)
2026-04-06 14:28:23 | ERROR | biosignals.src.utils.config | _load_config |    File: C:\bci\Neurokey\config\filter_config.json
2026-04-06 14:28:23 | INFO | biosignals.utils.config | _watch_loop | ♻️ FilterConfig changed — reloading...
2026-04-06 14:28:23 | ERROR | biosignals.utils.config | _load_config | ❌ FilterConfig JSON syntax error: Expecting property name enclosed in double quotes: line 4 column 1 (char 30)
2026-04-06 14:28:23 | ERROR | biosignals.utils.config | _load_config |    File: C:\bci\Neurokey\config\filter_config.json
2026-04-06 14:28:23 | INFO | biosignals.src.utils.config | _watch_loop | ♻️ SensorConfig changed — reloading...
2026-04-06 14:28:23 | ERROR | biosignals.src.utils.config | _load_config | ❌ SensorConfig JSON syntax error: Expecting property name enclosed in double quotes: line 22 column 1 (char 379)
2026-04-06 14:28:23 | ERROR | biosignals.src.utils.config | _load_config |    File: C:\bci\Neurokey\config\sensor_config.json
2026-04-06 14:28:23 | INFO | biosignals.src.utils.config | _watch_loop | ♻️ SensorConfig changed — reloading...
2026-04-06 14:28:23 | ERROR | biosignals.src.utils.config | _load_config | ❌ SensorConfig JSON syntax error: Expecting property name enclosed in double quotes: line 22 column 1 (char 379)
2026-04-06 14:28:23 | ERROR | biosignals.src.utils.config | _load_config |    File: C:\bci\Neurokey\config\sensor_config.json
2026-04-06 14:28:23 | INFO | biosignals.utils.config | _watch_loop | ♻️ FilterConfig changed — reloading...
2026-04-06 14:28:23 | ERROR | biosignals.utils.config | _load_config | ❌ FilterConfig JSON syntax error: Expecting property name enclosed in double quotes: line 4 column 1 (char 30)
2026-04-06 14:28:23 | ERROR | biosignals.utils.config | _load_config |    File: C:\bci\Neurokey\config\filter_config.json
2026-04-06 14:28:23 | INFO | biosignals.utils.config | _watch_loop | ♻️ SensorConfig changed — reloading...
2026-04-06 14:28:23 | ERROR | biosignals.utils.config | _load_config | ❌ SensorConfig JSON syntax error: Expecting property name enclosed in double quotes: line 22 column 1 (char 379)
2026-04-06 14:28:23 | ERROR | biosignals.utils.config | _load_config |    File: C:\bci\Neurokey\config\sensor_config.json
2026-04-06 14:28:23 | INFO | biosignals.utils.config | _watch_loop | ♻️ FilterConfig changed — reloading...
2026-04-06 14:28:23 | ERROR | biosignals.utils.config | _load_config | ❌ FilterConfig JSON syntax error: Expecting property name enclosed in double quotes: line 4 column 1 (char 30)
2026-04-06 14:28:23 | ERROR | biosignals.utils.config | _load_config |    File: C:\bci\Neurokey\config\filter_config.json
2026-04-06 14:28:23 | INFO | biosignals.utils.config | _watch_loop | ♻️ SensorConfig changed — reloading...
2026-04-06 14:28:23 | ERROR | biosignals.utils.config | _load_config | ❌ SensorConfig JSON syntax error: Expecting property name enclosed in double quotes: line 22 column 1 (char 379)
2026-04-06 14:28:23 | ERROR | biosignals.utils.config | _load_config |    File: C:\bci\Neurokey\config\sensor_config.json
2026-04-06 14:28:23 | INFO | biosignals.src.utils.config | _watch_loop | ♻️ FilterConfig changed — reloading...
2026-04-06 14:28:23 | ERROR | biosignals.src.utils.config | _load_config | ❌ FilterConfig JSON syntax error: Expecting property name enclosed in double quotes: line 4 column 1 (char 30)
2026-04-06 14:28:23 | ERROR | biosignals.src.utils.config | _load_config |    File: C:\bci\Neurokey\config\filter_config.json
2026-04-06 14:28:23 | INFO | biosignals.src.utils.config | _watch_loop | ♻️ FilterConfig changed — reloading...
2026-04-06 14:28:23 | ERROR | biosignals.src.utils.config | _load_config | ❌ FilterConfig JSON syntax error: Expecting property name enclosed in double quotes: line 4 column 1 (char 30)
2026-04-06 14:28:23 | INFO | biosignals.src.utils.config | _watch_loop | ♻️ FilterConfig changed — reloading...
2026-04-06 14:28:23 | ERROR | biosignals.src.utils.config | _load_config |    File: C:\bci\Neurokey\config\filter_config.json
2026-04-06 14:28:23 | ERROR | biosignals.src.utils.config | _load_config | ❌ FilterConfig JSON syntax error: Expecting property name enclosed in double quotes: line 4 column 1 (char 30)
2026-04-06 14:28:23 | ERROR | biosignals.src.utils.config | _load_config |    File: C:\bci\Neurokey\config\filter_config.json
2026-04-06 14:28:23 | INFO | biosignals.src.utils.config | _watch_loop | ♻️ SensorConfig changed — reloading...
2026-04-06 14:28:23 | ERROR | biosignals.src.utils.config | _load_config | ❌ SensorConfig JSON syntax error: Expecting property name enclosed in double quotes: line 22 column 1 (char 379)
2026-04-06 14:28:23 | ERROR | biosignals.src.utils.config | _load_config |    File: C:\bci\Neurokey\config\sensor_config.json
2026-04-06 14:28:23 | INFO | biosignals.src.utils.config | _watch_loop | ♻️ SensorConfig changed — reloading...
2026-04-06 14:28:23 | ERROR | biosignals.src.utils.config | _load_config | ❌ SensorConfig JSON syntax error: Expecting property name enclosed in double quotes: line 22 column 1 (char 379)
2026-04-06 14:28:23 | ERROR | biosignals.src.utils.config | _load_config |    File: C:\bci\Neurokey\config\sensor_config.json
2026-04-06 14:28:23 | INFO | biosignals.src.utils.config | _watch_loop | ♻️ SensorConfig changed — reloading...
2026-04-06 14:28:23 | ERROR | biosignals.src.utils.config | _load_config | ❌ SensorConfig JSON syntax error: Expecting property name enclosed in double quotes: line 22 column 1 (char 379)
2026-04-06 14:28:23 | ERROR | biosignals.src.utils.config | _load_config |    File: C:\bci\Neurokey\config\sensor_config.json
2026-04-06 14:28:23 | INFO | biosignals.src.utils.config | _watch_loop | ♻️ FilterConfig changed — reloading...
2026-04-06 14:28:23 | ERROR | biosignals.src.utils.config | _load_config | ❌ FilterConfig JSON syntax error: Expecting property name enclosed in double quotes: line 4 column 1 (char 30)
2026-04-06 14:28:23 | ERROR | biosignals.src.utils.config | _load_config |    File: C:\bci\Neurokey\config\filter_config.json
2026-04-06 14:28:23 | INFO | biosignals.utils.config | _watch_loop | ♻️ SensorConfig changed — reloading...
2026-04-06 14:28:23 | ERROR | biosignals.utils.config | _load_config | ❌ SensorConfig JSON syntax error: Expecting property name enclosed in double quotes: line 22 column 1 (char 379)
2026-04-06 14:28:23 | ERROR | biosignals.utils.config | _load_config |    File: C:\bci\Neurokey\config\sensor_config.json
2026-04-06 14:28:23 | INFO | biosignals.src.utils.config | _watch_loop | ♻️ SensorConfig changed — reloading...
2026-04-06 14:28:23 | ERROR | biosignals.src.utils.config | _load_config | ❌ SensorConfig JSON syntax error: Expecting property name enclosed in double quotes: line 22 column 1 (char 379)
2026-04-06 14:28:23 | ERROR | biosignals.src.utils.config | _load_config |    File: C:\bci\Neurokey\config\sensor_config.json
2026-04-06 14:28:23 | INFO | biosignals.src.utils.config | _watch_loop | ♻️ FilterConfig changed — reloading...
2026-04-06 14:28:23 | ERROR | biosignals.src.utils.config | _load_config | ❌ FilterConfig JSON syntax error: Expecting property name enclosed in double quotes: line 4 column 1 (char 30)
2026-04-06 14:28:23 | ERROR | biosignals.src.utils.config | _load_config |    File: C:\bci\Neurokey\config\filter_config.json
2026-04-06 14:28:24 | INFO | biosignals.src.utils.config | _watch_loop | ♻️ FilterConfig changed — reloading...
2026-04-06 14:28:24 | ERROR | biosignals.src.utils.config | _load_config | ❌ FilterConfig JSON syntax error: Expecting property name enclosed in double quotes: line 4 column 1 (char 30)
2026-04-06 14:28:24 | ERROR | biosignals.src.utils.config | _load_config |    File: C:\bci\Neurokey\config\filter_config.json
2026-04-06 14:28:24 | INFO | biosignals.utils.config | _watch_loop | ♻️ FilterConfig changed — reloading...
2026-04-06 14:28:24 | ERROR | biosignals.utils.config | _load_config | ❌ FilterConfig JSON syntax error: Expecting property name enclosed in double quotes: line 4 column 1 (char 30)
2026-04-06 14:28:24 | ERROR | biosignals.utils.config | _load_config |    File: C:\bci\Neurokey\config\filter_config.json
2026-04-06 14:28:24 | INFO | biosignals.src.utils.config | _watch_loop | ♻️ SensorConfig changed — reloading...
2026-04-06 14:28:24 | ERROR | biosignals.src.utils.config | _load_config | ❌ SensorConfig JSON syntax error: Expecting property name enclosed in double quotes: line 22 column 1 (char 379)
2026-04-06 14:28:24 | ERROR | biosignals.src.utils.config | _load_config |    File: C:\bci\Neurokey\config\sensor_config.json
2026-04-06 14:28:24 | INFO | biosignals.src.utils.config | _watch_loop | ♻️ SensorConfig changed — reloading...
2026-04-06 14:28:24 | ERROR | biosignals.src.utils.config | _load_config | ❌ SensorConfig JSON syntax error: Expecting property name enclosed in double quotes: line 22 column 1 (char 379)
2026-04-06 14:28:24 | ERROR | biosignals.src.utils.config | _load_config |    File: C:\bci\Neurokey\config\sensor_config.json
2026-04-06 14:28:24 | INFO | biosignals.utils.config | _watch_loop | ♻️ FilterConfig changed — reloading...
2026-04-06 14:28:24 | ERROR | biosignals.utils.config | _load_config | ❌ FilterConfig JSON syntax error: Expecting property name enclosed in double quotes: line 4 column 1 (char 30)
2026-04-06 14:28:24 | ERROR | biosignals.utils.config | _load_config |    File: C:\bci\Neurokey\config\filter_config.json
2026-04-06 14:28:24 | INFO | biosignals.utils.config | _watch_loop | ♻️ SensorConfig changed — reloading...
2026-04-06 14:28:24 | ERROR | biosignals.utils.config | _load_config | ❌ SensorConfig JSON syntax error: Expecting property name enclosed in double quotes: line 22 column 1 (char 379)
2026-04-06 14:28:24 | ERROR | biosignals.utils.config | _load_config |    File: C:\bci\Neurokey\config\sensor_config.json
2026-04-06 14:28:24 | INFO | biosignals.utils.config | _watch_loop | ♻️ FilterConfig changed — reloading...
2026-04-06 14:28:24 | INFO | biosignals.utils.config | _watch_loop | ♻️ SensorConfig changed — reloading...
2026-04-06 14:28:24 | ERROR | biosignals.utils.config | _load_config | ❌ FilterConfig JSON syntax error: Expecting property name enclosed in double quotes: line 4 column 1 (char 30)
2026-04-06 14:28:24 | ERROR | biosignals.utils.config | _load_config | ❌ SensorConfig JSON syntax error: Expecting property name enclosed in double quotes: line 22 column 1 (char 379)
2026-04-06 14:28:24 | ERROR | biosignals.utils.config | _load_config |    File: C:\bci\Neurokey\config\filter_config.json
2026-04-06 14:28:24 | ERROR | biosignals.utils.config | _load_config |    File: C:\bci\Neurokey\config\sensor_config.json
2026-04-06 14:28:24 | INFO | biosignals.src.utils.config | _watch_loop | ♻️ FilterConfig changed — reloading...
2026-04-06 14:28:24 | ERROR | biosignals.src.utils.config | _load_config | ❌ FilterConfig JSON syntax error: Expecting property name enclosed in double quotes: line 4 column 1 (char 30)
2026-04-06 14:28:24 | ERROR | biosignals.src.utils.config | _load_config |    File: C:\bci\Neurokey\config\filter_config.json
2026-04-06 14:28:24 | INFO | biosignals.src.utils.config | _watch_loop | ♻️ FilterConfig changed — reloading...
2026-04-06 14:28:24 | INFO | biosignals.src.utils.config | _watch_loop | ♻️ FilterConfig changed — reloading...
2026-04-06 14:28:24 | ERROR | biosignals.src.utils.config | _load_config | ❌ FilterConfig JSON syntax error: Expecting property name enclosed in double quotes: line 4 column 1 (char 30)
2026-04-06 14:28:24 | ERROR | biosignals.src.utils.config | _load_config | ❌ FilterConfig JSON syntax error: Expecting property name enclosed in double quotes: line 4 column 1 (char 30)
2026-04-06 14:28:24 | ERROR | biosignals.src.utils.config | _load_config |    File: C:\bci\Neurokey\config\filter_config.json
2026-04-06 14:28:24 | ERROR | biosignals.src.utils.config | _load_config |    File: C:\bci\Neurokey\config\filter_config.json
2026-04-06 14:28:24 | ERROR | biosignals.src.utils.config | _load_config | ❌ SensorConfig JSON syntax error: Expecting property name enclosed in double quotes: line 22 column 1 (char 379)
2026-04-06 14:28:24 | ERROR | biosignals.src.utils.config | _load_config |    File: C:\bci\Neurokey\config\sensor_config.json
2026-04-06 14:28:24 | INFO | biosignals.src.utils.config | _watch_loop | ♻️ SensorConfig changed — reloading...
2026-04-06 14:28:24 | ERROR | biosignals.src.utils.config | _load_config | ❌ SensorConfig JSON syntax error: Expecting property name enclosed in double quotes: line 22 column 1 (char 379)
2026-04-06 14:28:24 | ERROR | biosignals.src.utils.config | _load_config |    File: C:\bci\Neurokey\config\sensor_config.json
2026-04-06 14:28:24 | INFO | biosignals.src.utils.config | _watch_loop | ♻️ SensorConfig changed — reloading...
2026-04-06 14:28:24 | ERROR | biosignals.src.utils.config | _load_config | ❌ SensorConfig JSON syntax error: Expecting property name enclosed in double quotes: line 22 column 1 (char 379)
2026-04-06 14:28:24 | ERROR | biosignals.src.utils.config | _load_config |    File: C:\bci\Neurokey\config\sensor_config.json
2026-04-06 14:28:24 | INFO | biosignals.src.utils.config | _watch_loop | ♻️ FilterConfig changed — reloading...
2026-04-06 14:28:24 | INFO | biosignals.utils.config | _watch_loop | ♻️ SensorConfig changed — reloading...
2026-04-06 14:28:24 | ERROR | biosignals.src.utils.config | _load_config | ❌ FilterConfig JSON syntax error: Expecting property name enclosed in double quotes: line 4 column 1 (char 30)
2026-04-06 14:28:24 | ERROR | biosignals.src.utils.config | _load_config |    File: C:\bci\Neurokey\config\filter_config.json
2026-04-06 14:28:24 | ERROR | biosignals.utils.config | _load_config | ❌ SensorConfig JSON syntax error: Expecting property name enclosed in double quotes: line 22 column 1 (char 379)
2026-04-06 14:28:24 | INFO | biosignals.src.utils.config | _watch_loop | ♻️ SensorConfig changed — reloading...
2026-04-06 14:28:24 | ERROR | biosignals.utils.config | _load_config |    File: C:\bci\Neurokey\config\sensor_config.json
2026-04-06 14:28:24 | ERROR | biosignals.src.utils.config | _load_config | ❌ SensorConfig JSON syntax error: Expecting property name enclosed in double quotes: line 22 column 1 (char 379)
2026-04-06 14:28:24 | ERROR | biosignals.src.utils.config | _load_config |    File: C:\bci\Neurokey\config\sensor_config.json
2026-04-06 14:28:24 | ERROR | biosignals.__main__ | load_config | [Router] Failed to load sensor config (C:\bci\Neurokey\config\sensor_config.json): Expecting property name enclosed in double quotes: line 22 column 1 (char 379) — using defaults
2026-04-06 14:28:24 | ERROR | biosignals.__main__ | load_config | [Router] Failed to load filter config (C:\bci\Neurokey\config\filter_config.json): Expecting property name enclosed in double quotes: line 4 column 1 (char 30) — using defaults
2026-04-06 14:28:24 | INFO | biosignals.src.utils.config | _watch_loop | ♻️ FilterConfig changed — reloading...
2026-04-06 14:28:24 | ERROR | biosignals.src.utils.config | _load_config | ❌ FilterConfig JSON syntax error: Expecting property name enclosed in double quotes: line 4 column 1 (char 30)
2026-04-06 14:28:24 | ERROR | biosignals.src.utils.config | _load_config |    File: C:\bci\Neurokey\config\filter_config.json
2026-04-06 14:28:25 | INFO | biosignals.src.utils.config | _watch_loop | ♻️ FilterConfig changed — reloading...
2026-04-06 14:28:25 | ERROR | biosignals.src.utils.config | _load_config | ❌ FilterConfig JSON syntax error: Expecting property name enclosed in double quotes: line 4 column 1 (char 30)
2026-04-06 14:28:25 | ERROR | biosignals.src.utils.config | _load_config |    File: C:\bci\Neurokey\config\filter_config.json
2026-04-06 14:28:25 | INFO | biosignals.utils.config | _watch_loop | ♻️ FilterConfig changed — reloading...
2026-04-06 14:28:25 | ERROR | biosignals.utils.config | _load_config | ❌ FilterConfig JSON syntax error: Expecting property name enclosed in double quotes: line 4 column 1 (char 30)
2026-04-06 14:28:25 | ERROR | biosignals.utils.config | _load_config |    File: C:\bci\Neurokey\config\filter_config.json
2026-04-06 14:28:25 | INFO | biosignals.src.utils.config | _watch_loop | ♻️ SensorConfig changed — reloading...
2026-04-06 14:28:25 | ERROR | biosignals.src.utils.config | _load_config | ❌ SensorConfig JSON syntax error: Expecting property name enclosed in double quotes: line 22 column 1 (char 379)
2026-04-06 14:28:25 | ERROR | biosignals.src.utils.config | _load_config |    File: C:\bci\Neurokey\config\sensor_config.json
2026-04-06 14:28:25 | INFO | biosignals.src.utils.config | _watch_loop | ♻️ SensorConfig changed — reloading...
2026-04-06 14:28:25 | ERROR | biosignals.src.utils.config | _load_config | ❌ SensorConfig JSON syntax error: Expecting property name enclosed in double quotes: line 22 column 1 (char 379)
2026-04-06 14:28:25 | ERROR | biosignals.src.utils.config | _load_config |    File: C:\bci\Neurokey\config\sensor_config.json
2026-04-06 14:28:25 | INFO | biosignals.utils.config | _watch_loop | ♻️ FilterConfig changed — reloading...
2026-04-06 14:28:25 | ERROR | biosignals.utils.config | _load_config | ❌ FilterConfig JSON syntax error: Expecting property name enclosed in double quotes: line 4 column 1 (char 30)
2026-04-06 14:28:25 | ERROR | biosignals.utils.config | _load_config |    File: C:\bci\Neurokey\config\filter_config.json
2026-04-06 14:28:25 | INFO | biosignals.utils.config | _watch_loop | ♻️ SensorConfig changed — reloading...
2026-04-06 14:28:25 | ERROR | biosignals.utils.config | _load_config | ❌ SensorConfig JSON syntax error: Expecting property name enclosed in double quotes: line 22 column 1 (char 379)
2026-04-06 14:28:25 | ERROR | biosignals.utils.config | _load_config |    File: C:\bci\Neurokey\config\sensor_config.json
2026-04-06 14:28:25 | INFO | biosignals.utils.config | _watch_loop | ♻️ FilterConfig changed — reloading...
2026-04-06 14:28:25 | INFO | biosignals.utils.config | _watch_loop | ♻️ SensorConfig changed — reloading...
2026-04-06 14:28:25 | ERROR | biosignals.utils.config | _load_config | ❌ FilterConfig JSON syntax error: Expecting property name enclosed in double quotes: line 4 column 1 (char 30)
2026-04-06 14:28:25 | ERROR | biosignals.utils.config | _load_config | ❌ SensorConfig JSON syntax error: Expecting property name enclosed in double quotes: line 22 column 1 (char 379)
2026-04-06 14:28:25 | ERROR | biosignals.utils.config | _load_config |    File: C:\bci\Neurokey\config\filter_config.json
2026-04-06 14:28:25 | ERROR | biosignals.utils.config | _load_config |    File: C:\bci\Neurokey\config\sensor_config.json
2026-04-06 14:28:25 | INFO | biosignals.src.utils.config | _watch_loop | ♻️ FilterConfig changed — reloading...
2026-04-06 14:28:25 | ERROR | biosignals.src.utils.config | _load_config | ❌ FilterConfig JSON syntax error: Expecting property name enclosed in double quotes: line 4 column 1 (char 30)
2026-04-06 14:28:25 | ERROR | biosignals.src.utils.config | _load_config |    File: C:\bci\Neurokey\config\filter_config.json
2026-04-06 14:28:25 | INFO | biosignals.src.utils.config | _watch_loop | ♻️ FilterConfig changed — reloading...
2026-04-06 14:28:25 | INFO | biosignals.src.utils.config | _watch_loop | ♻️ FilterConfig changed — reloading...
2026-04-06 14:28:25 | ERROR | biosignals.src.utils.config | _load_config | ❌ FilterConfig JSON syntax error: Expecting property name enclosed in double quotes: line 4 column 1 (char 30)
2026-04-06 14:28:25 | ERROR | biosignals.src.utils.config | _load_config | ❌ FilterConfig JSON syntax error: Expecting property name enclosed in double quotes: line 4 column 1 (char 30)
2026-04-06 14:28:25 | ERROR | biosignals.src.utils.config | _load_config |    File: C:\bci\Neurokey\config\filter_config.json
2026-04-06 14:28:25 | ERROR | biosignals.src.utils.config | _load_config |    File: C:\bci\Neurokey\config\filter_config.json
2026-04-06 14:28:25 | INFO | biosignals.src.utils.config | _watch_loop | ♻️ SensorConfig changed — reloading...
2026-04-06 14:28:25 | ERROR | biosignals.src.utils.config | _load_config | ❌ SensorConfig JSON syntax error: Expecting property name enclosed in double quotes: line 22 column 1 (char 379)
2026-04-06 14:28:25 | ERROR | biosignals.src.utils.config | _load_config |    File: C:\bci\Neurokey\config\sensor_config.json
2026-04-06 14:28:25 | INFO | biosignals.src.utils.config | _watch_loop | ♻️ SensorConfig changed — reloading...
2026-04-06 14:28:25 | ERROR | biosignals.src.utils.config | _load_config | ❌ SensorConfig JSON syntax error: Expecting property name enclosed in double quotes: line 22 column 1 (char 379)
2026-04-06 14:28:25 | ERROR | biosignals.src.utils.config | _load_config |    File: C:\bci\Neurokey\config\sensor_config.json
2026-04-06 14:28:25 | INFO | biosignals.src.utils.config | _watch_loop | ♻️ SensorConfig changed — reloading...
2026-04-06 14:28:25 | ERROR | biosignals.src.utils.config | _load_config | ❌ SensorConfig JSON syntax error: Expecting property name enclosed in double quotes: line 22 column 1 (char 379)
2026-04-06 14:28:25 | ERROR | biosignals.src.utils.config | _load_config |    File: C:\bci\Neurokey\config\sensor_config.json
2026-04-06 14:28:25 | INFO | biosignals.src.utils.config | _watch_loop | ♻️ FilterConfig changed — reloading...
2026-04-06 14:28:25 | ERROR | biosignals.src.utils.config | _load_config | ❌ FilterConfig JSON syntax error: Expecting property name enclosed in double quotes: line 4 column 1 (char 30)
2026-04-06 14:28:25 | INFO | biosignals.utils.config | _watch_loop | ♻️ SensorConfig changed — reloading...
2026-04-06 14:28:25 | ERROR | biosignals.src.utils.config | _load_config |    File: C:\bci\Neurokey\config\filter_config.json
2026-04-06 14:28:25 | ERROR | biosignals.utils.config | _load_config | ❌ SensorConfig JSON syntax error: Expecting property name enclosed in double quotes: line 22 column 1 (char 379)
2026-04-06 14:28:25 | INFO | biosignals.src.utils.config | _watch_loop | ♻️ SensorConfig changed — reloading...
2026-04-06 14:28:25 | ERROR | biosignals.utils.config | _load_config |    File: C:\bci\Neurokey\config\sensor_config.json
2026-04-06 14:28:25 | ERROR | biosignals.src.utils.config | _load_config | ❌ SensorConfig JSON syntax error: Expecting property name enclosed in double quotes: line 22 column 1 (char 379)
2026-04-06 14:28:25 | ERROR | biosignals.src.utils.config | _load_config |    File: C:\bci\Neurokey\config\sensor_config.json
2026-04-06 14:28:25 | INFO | biosignals.src.utils.config | _watch_loop | ♻️ FilterConfig changed — reloading...
2026-04-06 14:28:25 | DEBUG | biosignals.src.utils.config | _load_config | ✅ FilterConfig loaded: C:\bci\Neurokey\config\filter_config.json
2026-04-06 14:28:26 | INFO | biosignals.src.utils.config | _watch_loop | ♻️ FilterConfig changed — reloading...
2026-04-06 14:28:26 | DEBUG | biosignals.src.utils.config | _load_config | ✅ FilterConfig loaded: C:\bci\Neurokey\config\filter_config.json
2026-04-06 14:28:26 | INFO | biosignals.utils.config | _watch_loop | ♻️ FilterConfig changed — reloading...
2026-04-06 14:28:26 | DEBUG | biosignals.utils.config | _load_config | ✅ FilterConfig loaded: C:\bci\Neurokey\config\filter_config.json
2026-04-06 14:28:26 | INFO | biosignals.__main__ | run | Config changed — reloading pipeline...
2026-04-06 14:28:26 | INFO | biosignals.__main__ | configure_pipeline | Configuring features for 2 channels...
2026-04-06 14:28:26 | DEBUG | biosignals.__main__ | configure_pipeline |  [0] -> EMG RPS Pipeline (Extractor + Detector)
2026-04-06 14:28:26 | INFO | biosignals.utils.config | _watch_loop | ♻️ FilterConfig changed — reloading...
2026-04-06 14:28:26 | INFO | biosignals.utils.config | _watch_loop | ♻️ SensorConfig changed — reloading...
2026-04-06 14:28:26 | DEBUG | biosignals.utils.config | _load_config | ✅ FilterConfig loaded: C:\bci\Neurokey\config\filter_config.json
2026-04-06 14:28:26 | INFO | biosignals.utils.config | _watch_loop | ♻️ FilterConfig changed — reloading...
2026-04-06 14:28:26 | INFO | biosignals.src.utils.config | _watch_loop | ♻️ SensorConfig changed — reloading...
2026-04-06 14:28:26 | DEBUG | biosignals.utils.config | _load_config | ✅ SensorConfig loaded: C:\bci\Neurokey\config\sensor_config.json
2026-04-06 14:28:26 | INFO | biosignals.src.utils.config | _watch_loop | ♻️ SensorConfig changed — reloading...
2026-04-06 14:28:26 | DEBUG | biosignals.utils.config | _load_config | ✅ FilterConfig loaded: C:\bci\Neurokey\config\filter_config.json
2026-04-06 14:28:26 | DEBUG | biosignals.src.utils.config | _load_config | ✅ SensorConfig loaded: C:\bci\Neurokey\config\sensor_config.json
2026-04-06 14:28:26 | INFO | biosignals.utils.config | _watch_loop | ♻️ SensorConfig changed — reloading...
2026-04-06 14:28:26 | DEBUG | biosignals.utils.config | _load_config | ✅ SensorConfig loaded: C:\bci\Neurokey\config\sensor_config.json
2026-04-06 14:28:26 | DEBUG | biosignals.src.utils.config | _load_config | ✅ SensorConfig loaded: C:\bci\Neurokey\config\sensor_config.json
2026-04-06 14:28:26 | INFO | biosignals.src.utils.config | _watch_loop | ♻️ FilterConfig changed — reloading...
2026-04-06 14:28:26 | DEBUG | biosignals.src.utils.config | _load_config | ✅ FilterConfig loaded: C:\bci\Neurokey\config\filter_config.json
2026-04-06 14:28:26 | INFO | biosignals.HIDController | run | Config Reloaded. Mode: None
2026-04-06 14:28:26 | INFO | biosignals.src.utils.config | _watch_loop | ♻️ FilterConfig changed — reloading...
2026-04-06 14:28:26 | DEBUG | biosignals.src.utils.config | _load_config | ✅ FilterConfig loaded: C:\bci\Neurokey\config\filter_config.json
2026-04-06 14:28:26 | INFO | biosignals.src.utils.config | _watch_loop | ♻️ FilterConfig changed — reloading...
2026-04-06 14:28:26 | DEBUG | biosignals.src.utils.config | _load_config | ✅ FilterConfig loaded: C:\bci\Neurokey\config\filter_config.json
2026-04-06 14:28:26 | INFO | biosignals.src.utils.config | _watch_loop | ♻️ SensorConfig changed — reloading...
2026-04-06 14:28:26 | DEBUG | biosignals.src.utils.config | _load_config | ✅ SensorConfig loaded: C:\bci\Neurokey\config\sensor_config.json
2026-04-06 14:28:26 | INFO | biosignals.src.utils.config | _watch_loop | ♻️ SensorConfig changed — reloading...
2026-04-06 14:28:26 | DEBUG | biosignals.src.utils.config | _load_config | ✅ SensorConfig loaded: C:\bci\Neurokey\config\sensor_config.json
2026-04-06 14:28:26 | INFO | biosignals.src.utils.config | _watch_loop | ♻️ SensorConfig changed — reloading...
2026-04-06 14:28:26 | DEBUG | biosignals.src.utils.config | _load_config | ✅ SensorConfig loaded: C:\bci\Neurokey\config\sensor_config.json
2026-04-06 14:28:26 | INFO | biosignals.src.utils.config | _watch_loop | ♻️ FilterConfig changed — reloading...
2026-04-06 14:28:26 | DEBUG | biosignals.src.utils.config | _load_config | ✅ FilterConfig loaded: C:\bci\Neurokey\config\filter_config.json
2026-04-06 14:28:26 | INFO | biosignals.utils.config | _watch_loop | ♻️ SensorConfig changed — reloading...
2026-04-06 14:28:26 | DEBUG | biosignals.utils.config | _load_config | ✅ SensorConfig loaded: C:\bci\Neurokey\config\sensor_config.json
2026-04-06 14:28:26 | INFO | biosignals.src.utils.config | _watch_loop | ♻️ SensorConfig changed — reloading...
2026-04-06 14:28:26 | DEBUG | biosignals.src.utils.config | _load_config | ✅ SensorConfig loaded: C:\bci\Neurokey\config\sensor_config.json
2026-04-06 14:28:26 | INFO | biosignals.__main__ | _config_watcher | Channel mapping changed - reconfiguring pipeline...
2026-04-06 14:28:26 | DEBUG | biosignals.__main__ | _configure_pipeline | [Router] 📍 Configuring pipeline for 2 channels...
2026-04-06 14:28:26 | INFO | biosignals.__main__ | _configure_pipeline | Pipeline configured successfully (Routing to Stream Manager)
2026-04-06 14:28:26 | INFO | biosignals.src.utils.config | save | 📦 Backup created: C:\bci\Neurokey\config\sensor_config.json.bak
2026-04-06 14:28:26 | INFO | biosignals.src.utils.config | save | 💾 SensorConfig saved: C:\bci\Neurokey\config\sensor_config.json
2026-04-06 14:28:26 | DEBUG | biosignals.__main__ | configure_pipeline |  [1] -> EEG Pipeline (FBCCA SSVEP)
2026-04-06 14:28:26 | INFO | biosignals.__main__ | run | Config changed — reloading pipeline...
2026-04-06 14:28:26 | INFO | biosignals.__main__ | configure_pipeline | Configuring features for 2 channels...
2026-04-06 14:28:26 | DEBUG | biosignals.__main__ | configure_pipeline |  [0] -> EMG RPS Pipeline (Extractor + Detector)
2026-04-06 14:28:27 | DEBUG | biosignals.__main__ | configure_pipeline |  [1] -> EOG Blink Pipeline (Extractor + ML Detector)
2026-04-06 14:28:27 | INFO | biosignals.utils.config | _watch_loop | ♻️ SensorConfig changed — reloading...
2026-04-06 14:28:27 | DEBUG | biosignals.utils.config | _load_config | ✅ SensorConfig loaded: C:\bci\Neurokey\config\sensor_config.json
2026-04-06 14:28:27 | INFO | biosignals.src.utils.config | _watch_loop | ♻️ SensorConfig changed — reloading...
2026-04-06 14:28:27 | INFO | biosignals.utils.config | _watch_loop | ♻️ SensorConfig changed — reloading...
2026-04-06 14:28:27 | DEBUG | biosignals.src.utils.config | _load_config | ✅ SensorConfig loaded: C:\bci\Neurokey\config\sensor_config.json
2026-04-06 14:28:27 | DEBUG | biosignals.utils.config | _load_config | ✅ SensorConfig loaded: C:\bci\Neurokey\config\sensor_config.json
2026-04-06 14:28:27 | INFO | biosignals.src.utils.config | _watch_loop | ♻️ SensorConfig changed — reloading...
2026-04-06 14:28:27 | DEBUG | biosignals.src.utils.config | _load_config | ✅ SensorConfig loaded: C:\bci\Neurokey\config\sensor_config.json
2026-04-06 14:28:27 | INFO | biosignals.__main__ | run | Config changed — reloading pipeline...
2026-04-06 14:28:27 | INFO | biosignals.__main__ | configure_pipeline | Configuring features for 2 channels...
2026-04-06 14:28:27 | DEBUG | biosignals.__main__ | configure_pipeline |  [0] -> EMG RPS Pipeline (Extractor + Detector)
2026-04-06 14:28:27 | INFO | biosignals.src.utils.config | _watch_loop | ♻️ SensorConfig changed — reloading...
2026-04-06 14:28:27 | DEBUG | biosignals.src.utils.config | _load_config | ✅ SensorConfig loaded: C:\bci\Neurokey\config\sensor_config.json
2026-04-06 14:28:27 | INFO | biosignals.src.utils.config | _watch_loop | ♻️ SensorConfig changed — reloading...
2026-04-06 14:28:27 | DEBUG | biosignals.src.utils.config | _load_config | ✅ SensorConfig loaded: C:\bci\Neurokey\config\sensor_config.json
2026-04-06 14:28:27 | INFO | biosignals.src.utils.config | _watch_loop | ♻️ SensorConfig changed — reloading...
2026-04-06 14:28:27 | DEBUG | biosignals.__main__ | configure_pipeline |  [1] -> EOG Blink Pipeline (Extractor + ML Detector)
2026-04-06 14:28:27 | DEBUG | biosignals.src.utils.config | _load_config | ✅ SensorConfig loaded: C:\bci\Neurokey\config\sensor_config.json
2026-04-06 14:28:27 | INFO | biosignals.utils.config | _watch_loop | ♻️ SensorConfig changed — reloading...
2026-04-06 14:28:27 | DEBUG | biosignals.utils.config | _load_config | ✅ SensorConfig loaded: C:\bci\Neurokey\config\sensor_config.json
2026-04-06 14:28:27 | INFO | biosignals.src.utils.config | _watch_loop | ♻️ SensorConfig changed — reloading...
2026-04-06 14:28:27 | DEBUG | biosignals.src.utils.config | _load_config | ✅ SensorConfig loaded: C:\bci\Neurokey\config\sensor_config.json
2026-04-06 14:28:27 | INFO | biosignals.HIDController | run | Config Reloaded. Mode: None
2026-04-06 14:29:13 | INFO | biosignals.src.utils.config | _watch_loop | ♻️ FeatureConfig changed — reloading...
2026-04-06 14:29:13 | INFO | biosignals.src.utils.config | _watch_loop | ♻️ SensorConfig changed — reloading...
2026-04-06 14:29:13 | INFO | biosignals.src.utils.config | _watch_loop | ♻️ FeatureConfig changed — reloading...
2026-04-06 14:29:13 | DEBUG | biosignals.src.utils.config | _load_config | ✅ SensorConfig loaded: C:\bci\Neurokey\config\sensor_config.json
2026-04-06 14:29:13 | INFO | biosignals.utils.config | _watch_loop | ♻️ SensorConfig changed — reloading...
2026-04-06 14:29:13 | INFO | biosignals.utils.config | _watch_loop | ♻️ SensorConfig changed — reloading...
2026-04-06 14:29:13 | DEBUG | biosignals.utils.config | _load_config | ✅ SensorConfig loaded: C:\bci\Neurokey\config\sensor_config.json
2026-04-06 14:29:13 | DEBUG | biosignals.utils.config | _load_config | ✅ SensorConfig loaded: C:\bci\Neurokey\config\sensor_config.json
2026-04-06 14:29:13 | INFO | biosignals.src.utils.config | _watch_loop | ♻️ FeatureConfig changed — reloading...
2026-04-06 14:29:13 | DEBUG | biosignals.src.utils.config | _load_config | ✅ SensorConfig loaded: C:\bci\Neurokey\config\sensor_config.json
2026-04-06 14:29:13 | DEBUG | biosignals.src.utils.config | _load_config | ✅ FeatureConfig loaded: C:\bci\Neurokey\config\feature_config.json
2026-04-06 14:29:13 | DEBUG | biosignals.src.utils.config | _load_config | ✅ FeatureConfig loaded: C:\bci\Neurokey\config\feature_config.json
2026-04-06 14:29:13 | DEBUG | biosignals.src.utils.config | _load_config | ✅ FeatureConfig loaded: C:\bci\Neurokey\config\feature_config.json
2026-04-06 14:29:13 | INFO | biosignals.__main__ | run | Config changed — reloading pipeline...
2026-04-06 14:29:13 | INFO | biosignals.__main__ | configure_pipeline | Configuring features for 2 channels...
2026-04-06 14:29:13 | INFO | biosignals.src.utils.config | _watch_loop | ♻️ SensorConfig changed — reloading...
2026-04-06 14:29:13 | DEBUG | biosignals.src.utils.config | _load_config | ✅ SensorConfig loaded: C:\bci\Neurokey\config\sensor_config.json
2026-04-06 14:29:13 | INFO | biosignals.utils.config | _watch_loop | ♻️ FeatureConfig changed — reloading...
2026-04-06 14:29:13 | INFO | biosignals.src.utils.config | _watch_loop | ♻️ SensorConfig changed — reloading...
2026-04-06 14:29:13 | DEBUG | biosignals.src.utils.config | _load_config | ✅ SensorConfig loaded: C:\bci\Neurokey\config\sensor_config.json
2026-04-06 14:29:13 | INFO | biosignals.src.utils.config | _watch_loop | ♻️ FeatureConfig changed — reloading...
feature_config.json
2026-04-06 14:29:13 | INFO | biosignals.utils.config | _watch_loop | ♻️ FeatureConfig changed — reloading...
2026-04-06 14:29:13 | INFO | biosignals.utils.config | _watch_loop | ♻️ FeatureConfig changed — reloading...
.
2026-04-06 14:29:13 | INFO | biosignals.src.utils.config | _watch_loop | ♻️ FeatureConfig changed — reloading...
2026-04-06 14:29:13 | DEBUG | biosignals.src.utils.config | _load_config | ✅ SensorConfig loaded: C:\bci\Neurokey\config\sensor_config.json
2026-04-06 14:29:13 | DEBUG | biosignals.src.utils.config | _load_config | ✅ FeatureConfig loaded: C:\bci\Neurokey\config\feature_config.json
2026-04-06 14:29:13 | DEBUG | biosignals.__main__ | configure_pipeline |  [0] -> EMG RPS Pipeline (Extractor + Detector)
2026-04-06 14:29:13 | DEBUG | biosignals.src.utils.config | _load_config | ✅ FeatureConfig loaded: C:\bci\Neurokey\config\feature_config.json
2026-04-06 14:29:13 | DEBUG | biosignals.utils.config | _load_config | ✅ FeatureConfig loaded: C:\bci\Neurokey\config\feature_config.json
2026-04-06 14:29:13 | DEBUG | biosignals.utils.config | _load_config | ✅ FeatureConfig loaded: C:\bci\Neurokey\config\feature_config.json
2026-04-06 14:29:13 | INFO | biosignals.utils.config | _watch_loop | ♻️ SensorConfig changed — reloading...
2026-04-06 14:29:13 | DEBUG | biosignals.utils.config | _load_config | ✅ SensorConfig loaded: C:\bci\Neurokey\config\sensor_config.json
2026-04-06 14:29:13 | INFO | biosignals.src.utils.config | _watch_loop | ♻️ SensorConfig changed — reloading...
2026-04-06 14:29:13 | INFO | biosignals.HIDController | run | Config Reloaded. Mode: None
2026-04-06 14:29:13 | DEBUG | biosignals.src.utils.config | _load_config | ✅ SensorConfig loaded: C:\bci\Neurokey\config\sensor_config.json
2026-04-06 14:29:13 | INFO | biosignals.src.utils.config | _watch_loop | ♻️ FeatureConfig changed — reloading...
2026-04-06 14:29:13 | DEBUG | biosignals.src.utils.config | _load_config | ✅ FeatureConfig loaded: C:\bci\Neurokey\config\feature_config.json
2026-04-06 14:29:13 | DEBUG | biosignals.__main__ | configure_pipeline |  [1] -> EOG Blink Pipeline (Extractor + ML Detector)
2026-04-06 14:29:14 | INFO | biosignals.__main__ | run | Config changed — reloading pipeline...
2026-04-06 14:29:14 | INFO | biosignals.__main__ | configure_pipeline | Configuring features for 2 channels...
2026-04-06 14:29:14 | DEBUG | biosignals.__main__ | configure_pipeline |  [0] -> EMG RPS Pipeline (Extractor + Detector)
2026-04-06 14:29:14 | DEBUG | biosignals.__main__ | configure_pipeline |  [1] -> EOG Blink Pipeline (Extractor + ML Detector)
2026-04-06 14:29:34 | INFO | biosignals.src.utils.config | _watch_loop | ♻️ SensorConfig changed — reloading...
2026-04-06 14:29:34 | DEBUG | biosignals.src.utils.config | _load_config | ✅ SensorConfig loaded: C:\bci\Neurokey\config\sensor_config.json
2026-04-06 14:29:34 | INFO | biosignals.HIDController | run | Config Reloaded. Mode: None
2026-04-06 14:29:34 | INFO | biosignals.src.utils.config | _watch_loop | ♻️ SensorConfig changed — reloading...
2026-04-06 14:29:34 | DEBUG | biosignals.src.utils.config | _load_config | ✅ SensorConfig loaded: C:\bci\Neurokey\config\sensor_config.json
2026-04-06 14:29:34 | INFO | biosignals.src.utils.config | _watch_loop | ♻️ SensorConfig changed — reloading...
2026-04-06 14:29:34 | DEBUG | biosignals.src.utils.config | _load_config | ✅ SensorConfig loaded: C:\bci\Neurokey\config\sensor_config.json
2026-04-06 14:29:34 | INFO | biosignals.utils.config | _watch_loop | ♻️ FeatureConfig changed — reloading...
2026-04-06 14:29:34 | INFO | biosignals.src.utils.config | _watch_loop | ♻️ FeatureConfig changed — reloading...
2026-04-06 14:29:34 | INFO | biosignals.utils.config | _watch_loop | ♻️ FeatureConfig changed — reloading...
2026-04-06 14:29:34 | INFO | biosignals.src.utils.config | _watch_loop | ♻️ FeatureConfig changed — reloading...
2026-04-06 14:29:34 | DEBUG | biosignals.src.utils.config | _load_config | ✅ FeatureConfig loaded: C:\bci\Neurokey\config\feature_config.json
2026-04-06 14:29:34 | DEBUG | biosignals.utils.config | _load_config | ✅ FeatureConfig loaded: C:\bci\Neurokey\config\feature_config.json
2026-04-06 14:29:34 | DEBUG | biosignals.src.utils.config | _load_config | ✅ FeatureConfig loaded: C:\bci\Neurokey\config\feature_config.json
2026-04-06 14:29:34 | DEBUG | biosignals.utils.config | _load_config | ✅ FeatureConfig loaded: C:\bci\Neurokey\config\feature_config.json
2026-04-06 14:29:34 | INFO | biosignals.utils.config | _watch_loop | ♻️ FeatureConfig changed — reloading...
2026-04-06 14:29:34 | DEBUG | biosignals.utils.config | _load_config | ✅ FeatureConfig loaded: C:\bci\Neurokey\config\feature_config.json
2026-04-06 14:29:34 | INFO | biosignals.__main__ | run | Config changed — reloading pipeline...
2026-04-06 14:29:34 | INFO | biosignals.__main__ | configure_pipeline | Configuring features for 2 channels...
2026-04-06 14:29:34 | DEBUG | biosignals.__main__ | configure_pipeline |  [0] -> EMG RPS Pipeline (Extractor + Detector)
2026-04-06 14:29:34 | INFO | biosignals.utils.config | _watch_loop | ♻️ SensorConfig changed — reloading...
2026-04-06 14:29:34 | DEBUG | biosignals.utils.config | _load_config | ✅ SensorConfig loaded: C:\bci\Neurokey\config\sensor_config.json
2026-04-06 14:29:34 | DEBUG | biosignals.__main__ | configure_pipeline |  [1] -> EOG Blink Pipeline (Extractor + ML Detector)
2026-04-06 14:29:34 | INFO | biosignals.src.utils.config | _watch_loop | ♻️ SensorConfig changed — reloading...
2026-04-06 14:29:34 | DEBUG | biosignals.src.utils.config | _load_config | ✅ SensorConfig loaded: C:\bci\Neurokey\config\sensor_config.json
2026-04-06 14:29:34 | INFO | biosignals.HIDController | run | Config Reloaded. Mode: None
2026-04-06 14:29:34 | INFO | biosignals.src.utils.config | _watch_loop | ♻️ FeatureConfig changed — reloading...
2026-04-06 14:29:34 | DEBUG | biosignals.src.utils.config | _load_config | ✅ FeatureConfig loaded: C:\bci\Neurokey\config\feature_config.json
2026-04-06 14:29:35 | INFO | biosignals.src.utils.config | _watch_loop | ♻️ SensorConfig changed — reloading...
2026-04-06 14:29:35 | DEBUG | biosignals.src.utils.config | _load_config | ✅ SensorConfig loaded: C:\bci\Neurokey\config\sensor_config.json
2026-04-06 14:29:35 | INFO | biosignals.utils.config | _watch_loop | ♻️ SensorConfig changed — reloading...
2026-04-06 14:29:35 | DEBUG | biosignals.utils.config | _load_config | ✅ SensorConfig loaded: C:\bci\Neurokey\config\sensor_config.json
2026-04-06 14:29:35 | INFO | biosignals.utils.config | _watch_loop | ♻️ SensorConfig changed — reloading...
2026-04-06 14:29:35 | DEBUG | biosignals.utils.config | _load_config | ✅ SensorConfig loaded: C:\bci\Neurokey\config\sensor_config.json
2026-04-06 14:29:35 | INFO | biosignals.src.utils.config | _watch_loop | ♻️ SensorConfig changed — reloading...
2026-04-06 14:29:35 | DEBUG | biosignals.src.utils.config | _load_config | ✅ SensorConfig loaded: C:\bci\Neurokey\config\sensor_config.json
2026-04-06 14:29:35 | INFO | biosignals.src.utils.config | _watch_loop | ♻️ FeatureConfig changed — reloading...
2026-04-06 14:29:35 | DEBUG | biosignals.src.utils.config | _load_config | ✅ FeatureConfig loaded: C:\bci\Neurokey\config\feature_config.json
2026-04-06 14:29:35 | INFO | biosignals.src.utils.config | _watch_loop | ♻️ FeatureConfig changed — reloading...
2026-04-06 14:29:35 | INFO | biosignals.src.utils.config | _watch_loop | ♻️ FeatureConfig changed — reloading...
2026-04-06 14:29:35 | DEBUG | biosignals.src.utils.config | _load_config | ✅ FeatureConfig loaded: C:\bci\Neurokey\config\feature_config.json
2026-04-06 14:29:35 | DEBUG | biosignals.src.utils.config | _load_config | ✅ FeatureConfig loaded: C:\bci\Neurokey\config\feature_config.json
2026-04-06 14:29:35 | INFO | biosignals.__main__ | run | Config changed — reloading pipeline...
2026-04-06 14:29:35 | INFO | biosignals.__main__ | configure_pipeline | Configuring features for 2 channels...
2026-04-06 14:29:35 | DEBUG | biosignals.__main__ | configure_pipeline |  [0] -> EMG RPS Pipeline (Extractor + Detector)
2026-04-06 14:29:35 | DEBUG | biosignals.__main__ | configure_pipeline |  [1] -> EOG Blink Pipeline (Extractor + ML Detector)
2026-04-06 14:33:23 | DEBUG | biosignals.src.utils.config | _load_config | ✅ SensorConfig loaded: C:\bci\Neurokey\data\config\sensor_config.json
2026-04-06 14:33:23 | DEBUG | biosignals.src.utils.config | _load_config | ✅ FilterConfig loaded: C:\bci\Neurokey\data\config\filter_config.json
2026-04-06 14:33:23 | DEBUG | biosignals.src.utils.config | _load_config | ✅ CalibrationConfig loaded: C:\bci\Neurokey\data\config\calibration_config.json
2026-04-06 14:33:23 | DEBUG | biosignals.src.utils.config | _load_config | ✅ FeatureConfig loaded: C:\bci\Neurokey\data\config\feature_config.json
2026-04-06 14:33:23 | DEBUG | biosignals.src.utils.config | _load_config | ✅ SensorPresets loaded: C:\bci\Neurokey\data\config\sensor_presets.json
2026-04-06 14:33:27 | DEBUG | biosignals.utils.config | _load_config | ✅ SensorConfig loaded: C:\bci\Neurokey\data\config\sensor_config.json
2026-04-06 14:33:27 | DEBUG | biosignals.utils.config | _load_config | ✅ FilterConfig loaded: C:\bci\Neurokey\data\config\filter_config.json
2026-04-06 14:33:27 | DEBUG | biosignals.utils.config | _load_config | ✅ CalibrationConfig loaded: C:\bci\Neurokey\data\config\calibration_config.json
2026-04-06 14:33:27 | DEBUG | biosignals.utils.config | _load_config | ✅ FeatureConfig loaded: C:\bci\Neurokey\data\config\feature_config.json
2026-04-06 14:33:27 | DEBUG | biosignals.utils.config | _load_config | ✅ SensorPresets loaded: C:\bci\Neurokey\data\config\sensor_presets.json
2026-04-06 14:33:47 | DEBUG | biosignals.src.utils.config | _load_config | ✅ SensorConfig loaded: C:\bci\Neurokey\data\config\sensor_config.json
2026-04-06 14:33:47 | DEBUG | biosignals.src.utils.config | _load_config | ✅ FilterConfig loaded: C:\bci\Neurokey\data\config\filter_config.json
2026-04-06 14:33:47 | DEBUG | biosignals.src.utils.config | _load_config | ✅ CalibrationConfig loaded: C:\bci\Neurokey\data\config\calibration_config.json
2026-04-06 14:33:47 | DEBUG | biosignals.src.utils.config | _load_config | ✅ FeatureConfig loaded: C:\bci\Neurokey\data\config\feature_config.json
2026-04-06 14:33:47 | DEBUG | biosignals.src.utils.config | _load_config | ✅ SensorPresets loaded: C:\bci\Neurokey\data\config\sensor_presets.json
2026-04-06 14:33:49 | DEBUG | biosignals.__main__ | resolve_raw_stream | Searching for raw LSL stream (Timeout remaining: 3.0s)...
2026-04-06 14:33:49 | INFO | biosignals.__main__ | resolve_raw_stream | Connected to raw stream: BioSignals-Raw-uV
2026-04-06 14:33:49 | DEBUG | biosignals.__main__ | resolve_raw_stream | [Router]    Channels: 2 @ 1000.0 Hz
2026-04-06 14:33:49 | INFO | biosignals.__main__ | _configure_pipeline | Connected to Stream Manager (Processed)
2026-04-06 14:33:49 | DEBUG | biosignals.__main__ | _configure_pipeline | [Router] 📍 Configuring pipeline for 2 channels...
2026-04-06 14:33:49 | INFO | biosignals.__main__ | _configure_pipeline | Pipeline configured successfully (Routing to Stream Manager)
2026-04-06 14:33:49 | INFO | biosignals.__main__ | run | Starting processing loop...
2026-04-06 14:33:50 | DEBUG | biosignals.src.utils.config | _load_config | ✅ SensorConfig loaded: C:\bci\Neurokey\data\config\sensor_config.json
2026-04-06 14:33:50 | DEBUG | biosignals.src.utils.config | _load_config | ✅ FilterConfig loaded: C:\bci\Neurokey\data\config\filter_config.json
2026-04-06 14:33:50 | DEBUG | biosignals.src.utils.config | _load_config | ✅ CalibrationConfig loaded: C:\bci\Neurokey\data\config\calibration_config.json
2026-04-06 14:33:50 | DEBUG | biosignals.src.utils.config | _load_config | ✅ FeatureConfig loaded: C:\bci\Neurokey\data\config\feature_config.json
2026-04-06 14:33:50 | DEBUG | biosignals.src.utils.config | _load_config | ✅ SensorPresets loaded: C:\bci\Neurokey\data\config\sensor_presets.json
2026-04-06 14:33:59 | INFO | biosignals.__main__ | main | Feature Router starting... (watching C:\bci\Neurokey\data\config\sensor_config.json)
2026-04-06 14:33:59 | DEBUG | biosignals.__main__ | resolve_stream | Searching for BioSignals-Processed...
2026-04-06 14:33:59 | INFO | biosignals.__main__ | resolve_stream | Connected to BioSignals-Processed (2 ch @ 1000 Hz)
2026-04-06 14:33:59 | DEBUG | biosignals.utils.config | _load_config | ✅ SensorConfig loaded: C:\bci\Neurokey\data\config\sensor_config.json
2026-04-06 14:33:59 | DEBUG | biosignals.utils.config | _load_config | ✅ FilterConfig loaded: C:\bci\Neurokey\data\config\filter_config.json
2026-04-06 14:33:59 | DEBUG | biosignals.utils.config | _load_config | ✅ CalibrationConfig loaded: C:\bci\Neurokey\data\config\calibration_config.json
2026-04-06 14:33:59 | DEBUG | biosignals.utils.config | _load_config | ✅ FeatureConfig loaded: C:\bci\Neurokey\data\config\feature_config.json
2026-04-06 14:33:59 | DEBUG | biosignals.utils.config | _load_config | ✅ SensorPresets loaded: C:\bci\Neurokey\data\config\sensor_presets.json
2026-04-06 14:34:00 | DEBUG | biosignals.src.utils.config | _load_config | ✅ SensorConfig loaded: C:\bci\Neurokey\data\config\sensor_config.json
2026-04-06 14:34:00 | DEBUG | biosignals.src.utils.config | _load_config | ✅ FilterConfig loaded: C:\bci\Neurokey\data\config\filter_config.json
2026-04-06 14:34:00 | DEBUG | biosignals.src.utils.config | _load_config | ✅ CalibrationConfig loaded: C:\bci\Neurokey\data\config\calibration_config.json
2026-04-06 14:34:00 | DEBUG | biosignals.src.utils.config | _load_config | ✅ FeatureConfig loaded: C:\bci\Neurokey\data\config\feature_config.json
2026-04-06 14:34:00 | DEBUG | biosignals.src.utils.config | _load_config | ✅ SensorPresets loaded: C:\bci\Neurokey\data\config\sensor_presets.json
2026-04-06 14:34:00 | INFO | biosignals.HIDController | run | HID Controller Loop Starting...
2026-04-06 14:34:00 | INFO | biosignals.HIDController | run | Config Reloaded. Mode: None
2026-04-06 14:34:00 | INFO | biosignals.HIDController | resolve_stream | Searching for BioSignals-Events stream...
2026-04-06 14:34:00 | INFO | biosignals.HIDController | resolve_stream | Connected to Event Stream
2026-04-06 14:34:01 | DEBUG | biosignals.__main__ | resolve_stream | Created Event Outlet: BioSignals-Events
2026-04-06 14:34:01 | INFO | biosignals.__main__ | configure_pipeline | Configuring features for 2 channels...
2026-04-06 14:34:01 | DEBUG | biosignals.__main__ | configure_pipeline |  [0] -> EEG Pipeline (FBCCA SSVEP)
2026-04-06 14:34:01 | DEBUG | biosignals.__main__ | configure_pipeline |  [1] -> EEG Pipeline (FBCCA SSVEP)
2026-04-06 14:34:01 | INFO | biosignals.__main__ | run | Loop started
2026-04-06 14:34:01 | DEBUG | biosignals.src.utils.config | _load_config | ✅ SensorConfig loaded: C:\bci\Neurokey\data\config\sensor_config.json
2026-04-06 14:34:01 | DEBUG | biosignals.src.utils.config | _load_config | ✅ FilterConfig loaded: C:\bci\Neurokey\data\config\filter_config.json
2026-04-06 14:34:01 | DEBUG | biosignals.src.utils.config | _load_config | ✅ CalibrationConfig loaded: C:\bci\Neurokey\data\config\calibration_config.json
2026-04-06 14:34:01 | DEBUG | biosignals.src.utils.config | _load_config | ✅ FeatureConfig loaded: C:\bci\Neurokey\data\config\feature_config.json
2026-04-06 14:34:01 | DEBUG | biosignals.src.utils.config | _load_config | ✅ SensorPresets loaded: C:\bci\Neurokey\data\config\sensor_presets.json
2026-04-06 14:34:04 | DEBUG | biosignals.src.utils.config | _load_config | ✅ SensorConfig loaded: C:\bci\Neurokey\data\config\sensor_config.json
2026-04-06 14:34:04 | DEBUG | biosignals.src.utils.config | _load_config | ✅ FilterConfig loaded: C:\bci\Neurokey\data\config\filter_config.json
2026-04-06 14:34:04 | DEBUG | biosignals.src.utils.config | _load_config | ✅ CalibrationConfig loaded: C:\bci\Neurokey\data\config\calibration_config.json
2026-04-06 14:34:04 | DEBUG | biosignals.src.utils.config | _load_config | ✅ FeatureConfig loaded: C:\bci\Neurokey\data\config\feature_config.json
2026-04-06 14:34:04 | DEBUG | biosignals.src.utils.config | _load_config | ✅ SensorPresets loaded: C:\bci\Neurokey\data\config\sensor_presets.json
2026-04-06 14:43:29 | DEBUG | biosignals.src.utils.config | _load_config | ✅ SensorConfig loaded: C:\bci\Neurokey\data\config\sensor_config.json
2026-04-06 14:43:29 | DEBUG | biosignals.src.utils.config | _load_config | ✅ FilterConfig loaded: C:\bci\Neurokey\data\config\filter_config.json
2026-04-06 14:43:29 | DEBUG | biosignals.src.utils.config | _load_config | ✅ CalibrationConfig loaded: C:\bci\Neurokey\data\config\calibration_config.json
2026-04-06 14:43:29 | DEBUG | biosignals.src.utils.config | _load_config | ✅ FeatureConfig loaded: C:\bci\Neurokey\data\config\feature_config.json
2026-04-06 14:43:29 | DEBUG | biosignals.src.utils.config | _load_config | ✅ SensorPresets loaded: C:\bci\Neurokey\data\config\sensor_presets.json
2026-04-06 14:43:29 | DEBUG | biosignals.utils.config | _load_config | ✅ SensorConfig loaded: C:\bci\Neurokey\data\config\sensor_config.json
2026-04-06 14:43:29 | DEBUG | biosignals.utils.config | _load_config | ✅ FilterConfig loaded: C:\bci\Neurokey\data\config\filter_config.json
2026-04-06 14:43:29 | DEBUG | biosignals.utils.config | _load_config | ✅ CalibrationConfig loaded: C:\bci\Neurokey\data\config\calibration_config.json
2026-04-06 14:43:29 | DEBUG | biosignals.utils.config | _load_config | ✅ FeatureConfig loaded: C:\bci\Neurokey\data\config\feature_config.json
2026-04-06 14:43:29 | DEBUG | biosignals.utils.config | _load_config | ✅ SensorPresets loaded: C:\bci\Neurokey\data\config\sensor_presets.json
2026-04-06 14:43:33 | DEBUG | biosignals.src.utils.config | _load_config | ✅ SensorConfig loaded: C:\bci\Neurokey\data\config\sensor_config.json
2026-04-06 14:43:33 | DEBUG | biosignals.src.utils.config | _load_config | ✅ FilterConfig loaded: C:\bci\Neurokey\data\config\filter_config.json
2026-04-06 14:43:33 | DEBUG | biosignals.src.utils.config | _load_config | ✅ CalibrationConfig loaded: C:\bci\Neurokey\data\config\calibration_config.json
2026-04-06 14:43:33 | DEBUG | biosignals.src.utils.config | _load_config | ✅ FeatureConfig loaded: C:\bci\Neurokey\data\config\feature_config.json
2026-04-06 14:43:33 | DEBUG | biosignals.src.utils.config | _load_config | ✅ SensorPresets loaded: C:\bci\Neurokey\data\config\sensor_presets.json
2026-04-06 14:43:36 | DEBUG | biosignals.__main__ | resolve_raw_stream | Searching for raw LSL stream (Timeout remaining: 3.0s)...
2026-04-06 14:43:36 | INFO | biosignals.__main__ | resolve_raw_stream | Connected to raw stream: BioSignals-Raw-uV
2026-04-06 14:43:36 | DEBUG | biosignals.__main__ | resolve_raw_stream | [Router]    Channels: 2 @ 1000.0 Hz
2026-04-06 14:43:36 | INFO | biosignals.__main__ | _configure_pipeline | Connected to Stream Manager (Processed)
2026-04-06 14:43:36 | DEBUG | biosignals.__main__ | _configure_pipeline | [Router] 📍 Configuring pipeline for 2 channels...
2026-04-06 14:43:36 | INFO | biosignals.__main__ | _configure_pipeline | Pipeline configured successfully (Routing to Stream Manager)
2026-04-06 14:43:36 | INFO | biosignals.__main__ | run | Starting processing loop...
2026-04-06 14:43:37 | DEBUG | biosignals.src.utils.config | _load_config | ✅ SensorConfig loaded: C:\bci\Neurokey\data\config\sensor_config.json
2026-04-06 14:43:37 | DEBUG | biosignals.src.utils.config | _load_config | ✅ FilterConfig loaded: C:\bci\Neurokey\data\config\filter_config.json
2026-04-06 14:43:37 | DEBUG | biosignals.src.utils.config | _load_config | ✅ CalibrationConfig loaded: C:\bci\Neurokey\data\config\calibration_config.json
2026-04-06 14:43:37 | DEBUG | biosignals.src.utils.config | _load_config | ✅ FeatureConfig loaded: C:\bci\Neurokey\data\config\feature_config.json
2026-04-06 14:43:37 | DEBUG | biosignals.src.utils.config | _load_config | ✅ SensorPresets loaded: C:\bci\Neurokey\data\config\sensor_presets.json
2026-04-06 14:43:43 | INFO | biosignals.__main__ | main | Feature Router starting... (watching C:\bci\Neurokey\data\config\sensor_config.json)
2026-04-06 14:43:43 | DEBUG | biosignals.__main__ | resolve_stream | Searching for BioSignals-Processed...
2026-04-06 14:43:43 | INFO | biosignals.__main__ | resolve_stream | Connected to BioSignals-Processed (2 ch @ 1000 Hz)
2026-04-06 14:43:43 | DEBUG | biosignals.utils.config | _load_config | ✅ SensorConfig loaded: C:\bci\Neurokey\data\config\sensor_config.json
2026-04-06 14:43:43 | DEBUG | biosignals.utils.config | _load_config | ✅ FilterConfig loaded: C:\bci\Neurokey\data\config\filter_config.json
2026-04-06 14:43:43 | DEBUG | biosignals.utils.config | _load_config | ✅ CalibrationConfig loaded: C:\bci\Neurokey\data\config\calibration_config.json
2026-04-06 14:43:43 | DEBUG | biosignals.utils.config | _load_config | ✅ FeatureConfig loaded: C:\bci\Neurokey\data\config\feature_config.json
2026-04-06 14:43:43 | DEBUG | biosignals.utils.config | _load_config | ✅ SensorPresets loaded: C:\bci\Neurokey\data\config\sensor_presets.json
2026-04-06 14:43:44 | DEBUG | biosignals.src.utils.config | _load_config | ✅ SensorConfig loaded: C:\bci\Neurokey\data\config\sensor_config.json
2026-04-06 14:43:44 | DEBUG | biosignals.src.utils.config | _load_config | ✅ FilterConfig loaded: C:\bci\Neurokey\data\config\filter_config.json
2026-04-06 14:43:44 | DEBUG | biosignals.src.utils.config | _load_config | ✅ CalibrationConfig loaded: C:\bci\Neurokey\data\config\calibration_config.json
2026-04-06 14:43:44 | DEBUG | biosignals.src.utils.config | _load_config | ✅ FeatureConfig loaded: C:\bci\Neurokey\data\config\feature_config.json
2026-04-06 14:43:44 | DEBUG | biosignals.src.utils.config | _load_config | ✅ SensorPresets loaded: C:\bci\Neurokey\data\config\sensor_presets.json
2026-04-06 14:43:44 | INFO | biosignals.HIDController | run | HID Controller Loop Starting...
2026-04-06 14:43:44 | INFO | biosignals.HIDController | run | Config Reloaded. Mode: None
2026-04-06 14:43:44 | INFO | biosignals.HIDController | resolve_stream | Searching for BioSignals-Events stream...
2026-04-06 14:43:44 | INFO | biosignals.HIDController | resolve_stream | Connected to Event Stream
2026-04-06 14:43:45 | DEBUG | biosignals.src.utils.config | _load_config | ✅ SensorConfig loaded: C:\bci\Neurokey\data\config\sensor_config.json
2026-04-06 14:43:45 | DEBUG | biosignals.src.utils.config | _load_config | ✅ FilterConfig loaded: C:\bci\Neurokey\data\config\filter_config.json
2026-04-06 14:43:45 | DEBUG | biosignals.src.utils.config | _load_config | ✅ CalibrationConfig loaded: C:\bci\Neurokey\data\config\calibration_config.json
2026-04-06 14:43:45 | DEBUG | biosignals.src.utils.config | _load_config | ✅ FeatureConfig loaded: C:\bci\Neurokey\data\config\feature_config.json
2026-04-06 14:43:45 | DEBUG | biosignals.src.utils.config | _load_config | ✅ SensorPresets loaded: C:\bci\Neurokey\data\config\sensor_presets.json
2026-04-06 14:43:46 | DEBUG | biosignals.__main__ | resolve_stream | Created Event Outlet: BioSignals-Events
2026-04-06 14:43:46 | INFO | biosignals.__main__ | configure_pipeline | Configuring features for 2 channels...
2026-04-06 14:43:46 | DEBUG | biosignals.__main__ | configure_pipeline |  [0] -> EEG Pipeline (FBCCA SSVEP)
2026-04-06 14:43:46 | DEBUG | biosignals.__main__ | configure_pipeline |  [1] -> EEG Pipeline (FBCCA SSVEP)
2026-04-06 14:43:46 | INFO | biosignals.__main__ | run | Loop started
2026-04-06 14:43:48 | DEBUG | biosignals.src.utils.config | _load_config | ✅ SensorConfig loaded: C:\bci\Neurokey\data\config\sensor_config.json
2026-04-06 14:43:48 | DEBUG | biosignals.src.utils.config | _load_config | ✅ FilterConfig loaded: C:\bci\Neurokey\data\config\filter_config.json
2026-04-06 14:43:48 | DEBUG | biosignals.src.utils.config | _load_config | ✅ CalibrationConfig loaded: C:\bci\Neurokey\data\config\calibration_config.json
2026-04-06 14:43:48 | DEBUG | biosignals.src.utils.config | _load_config | ✅ FeatureConfig loaded: C:\bci\Neurokey\data\config\feature_config.json
2026-04-06 14:43:48 | DEBUG | biosignals.src.utils.config | _load_config | ✅ SensorPresets loaded: C:\bci\Neurokey\data\config\sensor_presets.json
2026-04-06 14:45:09 | DEBUG | biosignals.src.utils.config | _load_config | ✅ SensorConfig loaded: C:\bci\Neurokey\data\config\sensor_config.json
2026-04-06 14:45:09 | DEBUG | biosignals.src.utils.config | _load_config | ✅ FilterConfig loaded: C:\bci\Neurokey\data\config\filter_config.json
2026-04-06 14:45:09 | DEBUG | biosignals.src.utils.config | _load_config | ✅ CalibrationConfig loaded: C:\bci\Neurokey\data\config\calibration_config.json
2026-04-06 14:45:09 | DEBUG | biosignals.src.utils.config | _load_config | ✅ FeatureConfig loaded: C:\bci\Neurokey\data\config\feature_config.json
2026-04-06 14:45:09 | DEBUG | biosignals.src.utils.config | _load_config | ✅ SensorPresets loaded: C:\bci\Neurokey\data\config\sensor_presets.json
2026-04-06 14:45:09 | DEBUG | biosignals.utils.config | _load_config | ✅ SensorConfig loaded: C:\bci\Neurokey\data\config\sensor_config.json
2026-04-06 14:45:09 | DEBUG | biosignals.utils.config | _load_config | ✅ FilterConfig loaded: C:\bci\Neurokey\data\config\filter_config.json
2026-04-06 14:45:09 | DEBUG | biosignals.utils.config | _load_config | ✅ CalibrationConfig loaded: C:\bci\Neurokey\data\config\calibration_config.json
2026-04-06 14:45:09 | DEBUG | biosignals.utils.config | _load_config | ✅ FeatureConfig loaded: C:\bci\Neurokey\data\config\feature_config.json
2026-04-06 14:45:09 | DEBUG | biosignals.utils.config | _load_config | ✅ SensorPresets loaded: C:\bci\Neurokey\data\config\sensor_presets.json
2026-04-06 14:45:14 | DEBUG | biosignals.src.utils.config | _load_config | ✅ SensorConfig loaded: C:\bci\Neurokey\data\config\sensor_config.json
2026-04-06 14:45:14 | DEBUG | biosignals.src.utils.config | _load_config | ✅ FilterConfig loaded: C:\bci\Neurokey\data\config\filter_config.json
2026-04-06 14:45:14 | DEBUG | biosignals.src.utils.config | _load_config | ✅ CalibrationConfig loaded: C:\bci\Neurokey\data\config\calibration_config.json
2026-04-06 14:45:14 | DEBUG | biosignals.src.utils.config | _load_config | ✅ FeatureConfig loaded: C:\bci\Neurokey\data\config\feature_config.json
2026-04-06 14:45:14 | DEBUG | biosignals.src.utils.config | _load_config | ✅ SensorPresets loaded: C:\bci\Neurokey\data\config\sensor_presets.json
2026-04-06 14:45:17 | DEBUG | biosignals.__main__ | resolve_raw_stream | Searching for raw LSL stream (Timeout remaining: 3.0s)...
2026-04-06 14:45:17 | INFO | biosignals.__main__ | resolve_raw_stream | Connected to raw stream: BioSignals-Raw-uV
2026-04-06 14:45:17 | DEBUG | biosignals.__main__ | resolve_raw_stream | [Router]    Channels: 2 @ 1000.0 Hz
2026-04-06 14:45:17 | INFO | biosignals.__main__ | _configure_pipeline | Connected to Stream Manager (Processed)
2026-04-06 14:45:17 | DEBUG | biosignals.__main__ | _configure_pipeline | [Router] 📍 Configuring pipeline for 2 channels...
2026-04-06 14:45:17 | INFO | biosignals.__main__ | _configure_pipeline | Pipeline configured successfully (Routing to Stream Manager)
2026-04-06 14:45:17 | INFO | biosignals.__main__ | run | Starting processing loop...
2026-04-06 14:45:18 | DEBUG | biosignals.src.utils.config | _load_config | ✅ SensorConfig loaded: C:\bci\Neurokey\data\config\sensor_config.json
2026-04-06 14:45:18 | DEBUG | biosignals.src.utils.config | _load_config | ✅ FilterConfig loaded: C:\bci\Neurokey\data\config\filter_config.json
2026-04-06 14:45:18 | DEBUG | biosignals.src.utils.config | _load_config | ✅ CalibrationConfig loaded: C:\bci\Neurokey\data\config\calibration_config.json
2026-04-06 14:45:18 | DEBUG | biosignals.src.utils.config | _load_config | ✅ FeatureConfig loaded: C:\bci\Neurokey\data\config\feature_config.json
2026-04-06 14:45:18 | DEBUG | biosignals.src.utils.config | _load_config | ✅ SensorPresets loaded: C:\bci\Neurokey\data\config\sensor_presets.json
2026-04-06 14:45:22 | INFO | biosignals.__main__ | main | Feature Router starting... (watching C:\bci\Neurokey\data\config\sensor_config.json)
2026-04-06 14:45:22 | DEBUG | biosignals.__main__ | resolve_stream | Searching for BioSignals-Processed...
2026-04-06 14:45:22 | INFO | biosignals.__main__ | resolve_stream | Connected to BioSignals-Processed (2 ch @ 1000 Hz)
2026-04-06 14:45:22 | DEBUG | biosignals.utils.config | _load_config | ✅ SensorConfig loaded: C:\bci\Neurokey\data\config\sensor_config.json
2026-04-06 14:45:22 | DEBUG | biosignals.utils.config | _load_config | ✅ FilterConfig loaded: C:\bci\Neurokey\data\config\filter_config.json
2026-04-06 14:45:22 | DEBUG | biosignals.utils.config | _load_config | ✅ CalibrationConfig loaded: C:\bci\Neurokey\data\config\calibration_config.json
2026-04-06 14:45:22 | DEBUG | biosignals.utils.config | _load_config | ✅ FeatureConfig loaded: C:\bci\Neurokey\data\config\feature_config.json
2026-04-06 14:45:22 | DEBUG | biosignals.utils.config | _load_config | ✅ SensorPresets loaded: C:\bci\Neurokey\data\config\sensor_presets.json
2026-04-06 14:45:22 | DEBUG | biosignals.src.utils.config | _load_config | ✅ SensorConfig loaded: C:\bci\Neurokey\data\config\sensor_config.json
2026-04-06 14:45:22 | DEBUG | biosignals.src.utils.config | _load_config | ✅ FilterConfig loaded: C:\bci\Neurokey\data\config\filter_config.json
2026-04-06 14:45:22 | DEBUG | biosignals.src.utils.config | _load_config | ✅ CalibrationConfig loaded: C:\bci\Neurokey\data\config\calibration_config.json
2026-04-06 14:45:22 | DEBUG | biosignals.src.utils.config | _load_config | ✅ FeatureConfig loaded: C:\bci\Neurokey\data\config\feature_config.json
2026-04-06 14:45:22 | DEBUG | biosignals.src.utils.config | _load_config | ✅ SensorPresets loaded: C:\bci\Neurokey\data\config\sensor_presets.json
2026-04-06 14:45:23 | INFO | biosignals.HIDController | run | HID Controller Loop Starting...
2026-04-06 14:45:23 | INFO | biosignals.HIDController | run | Config Reloaded. Mode: None
2026-04-06 14:45:23 | INFO | biosignals.HIDController | resolve_stream | Searching for BioSignals-Events stream...
2026-04-06 14:45:23 | INFO | biosignals.HIDController | resolve_stream | Connected to Event Stream
2026-04-06 14:45:23 | DEBUG | biosignals.__main__ | resolve_stream | Created Event Outlet: BioSignals-Events
2026-04-06 14:45:23 | INFO | biosignals.__main__ | configure_pipeline | Configuring features for 2 channels...
2026-04-06 14:45:23 | DEBUG | biosignals.__main__ | configure_pipeline |  [0] -> EEG Pipeline (FBCCA SSVEP)
2026-04-06 14:45:23 | DEBUG | biosignals.__main__ | configure_pipeline |  [1] -> EEG Pipeline (FBCCA SSVEP)
2026-04-06 14:45:23 | INFO | biosignals.__main__ | run | Loop started
2026-04-06 14:45:23 | DEBUG | biosignals.src.utils.config | _load_config | ✅ SensorConfig loaded: C:\bci\Neurokey\data\config\sensor_config.json
2026-04-06 14:45:23 | DEBUG | biosignals.src.utils.config | _load_config | ✅ FilterConfig loaded: C:\bci\Neurokey\data\config\filter_config.json
2026-04-06 14:45:23 | DEBUG | biosignals.src.utils.config | _load_config | ✅ CalibrationConfig loaded: C:\bci\Neurokey\data\config\calibration_config.json
2026-04-06 14:45:23 | DEBUG | biosignals.src.utils.config | _load_config | ✅ FeatureConfig loaded: C:\bci\Neurokey\data\config\feature_config.json
2026-04-06 14:45:23 | DEBUG | biosignals.src.utils.config | _load_config | ✅ SensorPresets loaded: C:\bci\Neurokey\data\config\sensor_presets.json
2026-04-06 14:45:26 | DEBUG | biosignals.src.utils.config | _load_config | ✅ SensorConfig loaded: C:\bci\Neurokey\data\config\sensor_config.json
2026-04-06 14:45:26 | DEBUG | biosignals.src.utils.config | _load_config | ✅ FilterConfig loaded: C:\bci\Neurokey\data\config\filter_config.json
2026-04-06 14:45:26 | DEBUG | biosignals.src.utils.config | _load_config | ✅ CalibrationConfig loaded: C:\bci\Neurokey\data\config\calibration_config.json
2026-04-06 14:45:26 | DEBUG | biosignals.src.utils.config | _load_config | ✅ FeatureConfig loaded: C:\bci\Neurokey\data\config\feature_config.json
2026-04-06 14:45:26 | DEBUG | biosignals.src.utils.config | _load_config | ✅ SensorPresets loaded: C:\bci\Neurokey\data\config\sensor_presets.json
2026-04-06 14:47:17 | DEBUG | biosignals.src.utils.config | _load_config | ✅ SensorConfig loaded: C:\bci\Neurokey\data\config\sensor_config.json
2026-04-06 14:47:17 | DEBUG | biosignals.src.utils.config | _load_config | ✅ FilterConfig loaded: C:\bci\Neurokey\data\config\filter_config.json
2026-04-06 14:47:17 | DEBUG | biosignals.src.utils.config | _load_config | ✅ CalibrationConfig loaded: C:\bci\Neurokey\data\config\calibration_config.json
2026-04-06 14:47:17 | DEBUG | biosignals.src.utils.config | _load_config | ✅ FeatureConfig loaded: C:\bci\Neurokey\data\config\feature_config.json
2026-04-06 14:47:17 | DEBUG | biosignals.src.utils.config | _load_config | ✅ SensorPresets loaded: C:\bci\Neurokey\data\config\sensor_presets.json
2026-04-06 14:47:18 | DEBUG | biosignals.utils.config | _load_config | ✅ SensorConfig loaded: C:\bci\Neurokey\data\config\sensor_config.json
2026-04-06 14:47:18 | DEBUG | biosignals.utils.config | _load_config | ✅ FilterConfig loaded: C:\bci\Neurokey\data\config\filter_config.json
2026-04-06 14:47:18 | DEBUG | biosignals.utils.config | _load_config | ✅ CalibrationConfig loaded: C:\bci\Neurokey\data\config\calibration_config.json
2026-04-06 14:47:18 | DEBUG | biosignals.utils.config | _load_config | ✅ FeatureConfig loaded: C:\bci\Neurokey\data\config\feature_config.json
2026-04-06 14:47:18 | DEBUG | biosignals.utils.config | _load_config | ✅ SensorPresets loaded: C:\bci\Neurokey\data\config\sensor_presets.json
2026-04-06 14:47:22 | DEBUG | biosignals.src.utils.config | _load_config | ✅ SensorConfig loaded: C:\bci\Neurokey\data\config\sensor_config.json
2026-04-06 14:47:22 | DEBUG | biosignals.src.utils.config | _load_config | ✅ FilterConfig loaded: C:\bci\Neurokey\data\config\filter_config.json
2026-04-06 14:47:22 | DEBUG | biosignals.src.utils.config | _load_config | ✅ CalibrationConfig loaded: C:\bci\Neurokey\data\config\calibration_config.json
2026-04-06 14:47:22 | DEBUG | biosignals.src.utils.config | _load_config | ✅ FeatureConfig loaded: C:\bci\Neurokey\data\config\feature_config.json
2026-04-06 14:47:22 | DEBUG | biosignals.src.utils.config | _load_config | ✅ SensorPresets loaded: C:\bci\Neurokey\data\config\sensor_presets.json
2026-04-06 14:47:24 | DEBUG | biosignals.__main__ | resolve_raw_stream | Searching for raw LSL stream (Timeout remaining: 3.0s)...
2026-04-06 14:47:25 | INFO | biosignals.__main__ | resolve_raw_stream | Connected to raw stream: BioSignals-Raw-uV
2026-04-06 14:47:25 | DEBUG | biosignals.__main__ | resolve_raw_stream | [Router]    Channels: 2 @ 1000.0 Hz
2026-04-06 14:47:25 | INFO | biosignals.__main__ | _configure_pipeline | Connected to Stream Manager (Processed)
2026-04-06 14:47:25 | DEBUG | biosignals.__main__ | _configure_pipeline | [Router] 📍 Configuring pipeline for 2 channels...
2026-04-06 14:47:25 | INFO | biosignals.__main__ | _configure_pipeline | Pipeline configured successfully (Routing to Stream Manager)
2026-04-06 14:47:25 | INFO | biosignals.__main__ | run | Starting processing loop...
2026-04-06 14:47:25 | DEBUG | biosignals.src.utils.config | _load_config | ✅ SensorConfig loaded: C:\bci\Neurokey\data\config\sensor_config.json
2026-04-06 14:47:25 | DEBUG | biosignals.src.utils.config | _load_config | ✅ FilterConfig loaded: C:\bci\Neurokey\data\config\filter_config.json
2026-04-06 14:47:25 | DEBUG | biosignals.src.utils.config | _load_config | ✅ CalibrationConfig loaded: C:\bci\Neurokey\data\config\calibration_config.json
2026-04-06 14:47:25 | DEBUG | biosignals.src.utils.config | _load_config | ✅ FeatureConfig loaded: C:\bci\Neurokey\data\config\feature_config.json
2026-04-06 14:47:25 | DEBUG | biosignals.src.utils.config | _load_config | ✅ SensorPresets loaded: C:\bci\Neurokey\data\config\sensor_presets.json
2026-04-06 14:47:28 | INFO | biosignals.__main__ | main | Feature Router starting... (watching C:\bci\Neurokey\data\config\sensor_config.json)
2026-04-06 14:47:28 | DEBUG | biosignals.__main__ | resolve_stream | Searching for BioSignals-Processed...
2026-04-06 14:47:28 | INFO | biosignals.__main__ | resolve_stream | Connected to BioSignals-Processed (2 ch @ 1000 Hz)
2026-04-06 14:47:28 | DEBUG | biosignals.utils.config | _load_config | ✅ SensorConfig loaded: C:\bci\Neurokey\data\config\sensor_config.json
2026-04-06 14:47:28 | DEBUG | biosignals.utils.config | _load_config | ✅ FilterConfig loaded: C:\bci\Neurokey\data\config\filter_config.json
2026-04-06 14:47:28 | DEBUG | biosignals.utils.config | _load_config | ✅ CalibrationConfig loaded: C:\bci\Neurokey\data\config\calibration_config.json
2026-04-06 14:47:28 | DEBUG | biosignals.utils.config | _load_config | ✅ FeatureConfig loaded: C:\bci\Neurokey\data\config\feature_config.json
2026-04-06 14:47:28 | DEBUG | biosignals.utils.config | _load_config | ✅ SensorPresets loaded: C:\bci\Neurokey\data\config\sensor_presets.json
2026-04-06 14:47:29 | DEBUG | biosignals.src.utils.config | _load_config | ✅ SensorConfig loaded: C:\bci\Neurokey\data\config\sensor_config.json
2026-04-06 14:47:29 | DEBUG | biosignals.src.utils.config | _load_config | ✅ FilterConfig loaded: C:\bci\Neurokey\data\config\filter_config.json
2026-04-06 14:47:29 | DEBUG | biosignals.src.utils.config | _load_config | ✅ CalibrationConfig loaded: C:\bci\Neurokey\data\config\calibration_config.json
2026-04-06 14:47:29 | DEBUG | biosignals.src.utils.config | _load_config | ✅ FeatureConfig loaded: C:\bci\Neurokey\data\config\feature_config.json
2026-04-06 14:47:29 | DEBUG | biosignals.src.utils.config | _load_config | ✅ SensorPresets loaded: C:\bci\Neurokey\data\config\sensor_presets.json
2026-04-06 14:47:29 | DEBUG | biosignals.__main__ | resolve_stream | Created Event Outlet: BioSignals-Events
2026-04-06 14:47:29 | INFO | biosignals.__main__ | configure_pipeline | Configuring features for 2 channels...
2026-04-06 14:47:29 | DEBUG | biosignals.__main__ | configure_pipeline |  [0] -> EEG Pipeline (FBCCA SSVEP)
2026-04-06 14:47:29 | DEBUG | biosignals.__main__ | configure_pipeline |  [1] -> EEG Pipeline (FBCCA SSVEP)
2026-04-06 14:47:29 | INFO | biosignals.__main__ | run | Loop started
2026-04-06 14:47:29 | INFO | biosignals.HIDController | run | HID Controller Loop Starting...
2026-04-06 14:47:29 | INFO | biosignals.HIDController | run | Config Reloaded. Mode: None
2026-04-06 14:47:29 | INFO | biosignals.HIDController | resolve_stream | Searching for BioSignals-Events stream...
2026-04-06 14:47:29 | INFO | biosignals.HIDController | resolve_stream | Connected to Event Stream
2026-04-06 14:47:30 | DEBUG | biosignals.src.utils.config | _load_config | ✅ SensorConfig loaded: C:\bci\Neurokey\data\config\sensor_config.json
2026-04-06 14:47:30 | DEBUG | biosignals.src.utils.config | _load_config | ✅ FilterConfig loaded: C:\bci\Neurokey\data\config\filter_config.json
2026-04-06 14:47:30 | DEBUG | biosignals.src.utils.config | _load_config | ✅ CalibrationConfig loaded: C:\bci\Neurokey\data\config\calibration_config.json
2026-04-06 14:47:30 | DEBUG | biosignals.src.utils.config | _load_config | ✅ FeatureConfig loaded: C:\bci\Neurokey\data\config\feature_config.json
2026-04-06 14:47:30 | DEBUG | biosignals.src.utils.config | _load_config | ✅ SensorPresets loaded: C:\bci\Neurokey\data\config\sensor_presets.json
2026-04-06 14:47:33 | DEBUG | biosignals.src.utils.config | _load_config | ✅ SensorConfig loaded: C:\bci\Neurokey\data\config\sensor_config.json
2026-04-06 14:47:33 | DEBUG | biosignals.src.utils.config | _load_config | ✅ FilterConfig loaded: C:\bci\Neurokey\data\config\filter_config.json
2026-04-06 14:47:33 | DEBUG | biosignals.src.utils.config | _load_config | ✅ CalibrationConfig loaded: C:\bci\Neurokey\data\config\calibration_config.json
2026-04-06 14:47:33 | DEBUG | biosignals.src.utils.config | _load_config | ✅ FeatureConfig loaded: C:\bci\Neurokey\data\config\feature_config.json
2026-04-06 14:47:33 | DEBUG | biosignals.src.utils.config | _load_config | ✅ SensorPresets loaded: C:\bci\Neurokey\data\config\sensor_presets.json
2026-04-06 14:47:40 | DEBUG | biosignals.utils.config | _load_config | ✅ SensorConfig loaded: C:\bci\Neurokey\data\config\sensor_config.json
2026-04-06 14:47:40 | DEBUG | biosignals.utils.config | _load_config | ✅ FilterConfig loaded: C:\bci\Neurokey\data\config\filter_config.json
2026-04-06 14:47:40 | DEBUG | biosignals.utils.config | _load_config | ✅ CalibrationConfig loaded: C:\bci\Neurokey\data\config\calibration_config.json
2026-04-06 14:47:40 | DEBUG | biosignals.utils.config | _load_config | ✅ FeatureConfig loaded: C:\bci\Neurokey\data\config\feature_config.json
2026-04-06 14:47:40 | DEBUG | biosignals.utils.config | _load_config | ✅ SensorPresets loaded: C:\bci\Neurokey\data\config\sensor_presets.json
2026-04-06 14:48:58 | DEBUG | biosignals.src.utils.config | _load_config | ✅ SensorConfig loaded: C:\bci\Neurokey\config\sensor_config.json
2026-04-06 14:48:58 | DEBUG | biosignals.src.utils.config | _load_config | ✅ FilterConfig loaded: C:\bci\Neurokey\config\filter_config.json
2026-04-06 14:48:58 | DEBUG | biosignals.src.utils.config | _load_config | ✅ CalibrationConfig loaded: C:\bci\Neurokey\config\calibration_config.json
2026-04-06 14:48:58 | DEBUG | biosignals.src.utils.config | _load_config | ✅ FeatureConfig loaded: C:\bci\Neurokey\config\feature_config.json
2026-04-06 14:48:58 | DEBUG | biosignals.utils.config | _load_config | ✅ SensorConfig loaded: C:\bci\Neurokey\config\sensor_config.json
2026-04-06 14:48:58 | DEBUG | biosignals.utils.config | _load_config | ✅ FilterConfig loaded: C:\bci\Neurokey\config\filter_config.json
2026-04-06 14:48:58 | DEBUG | biosignals.utils.config | _load_config | ✅ CalibrationConfig loaded: C:\bci\Neurokey\config\calibration_config.json
2026-04-06 14:48:58 | DEBUG | biosignals.utils.config | _load_config | ✅ FeatureConfig loaded: C:\bci\Neurokey\config\feature_config.json
2026-04-06 14:49:03 | DEBUG | biosignals.src.utils.config | _load_config | ✅ SensorConfig loaded: C:\bci\Neurokey\config\sensor_config.json
2026-04-06 14:49:03 | DEBUG | biosignals.src.utils.config | _load_config | ✅ FilterConfig loaded: C:\bci\Neurokey\config\filter_config.json
2026-04-06 14:49:03 | DEBUG | biosignals.src.utils.config | _load_config | ✅ CalibrationConfig loaded: C:\bci\Neurokey\config\calibration_config.json
2026-04-06 14:49:03 | DEBUG | biosignals.src.utils.config | _load_config | ✅ FeatureConfig loaded: C:\bci\Neurokey\config\feature_config.json
2026-04-06 14:49:05 | DEBUG | biosignals.__main__ | resolve_raw_stream | Searching for raw LSL stream (Timeout remaining: 3.0s)...
2026-04-06 14:49:06 | INFO | biosignals.__main__ | resolve_raw_stream | Connected to raw stream: BioSignals-Raw-uV
2026-04-06 14:49:06 | DEBUG | biosignals.__main__ | resolve_raw_stream | [Router]    Channels: 2 @ 1000.0 Hz
2026-04-06 14:49:06 | INFO | biosignals.__main__ | _configure_pipeline | Connected to Stream Manager (Processed)
2026-04-06 14:49:06 | DEBUG | biosignals.__main__ | _configure_pipeline | [Router] 📍 Configuring pipeline for 2 channels...
2026-04-06 14:49:06 | INFO | biosignals.__main__ | _configure_pipeline | Pipeline configured successfully (Routing to Stream Manager)
2026-04-06 14:49:06 | INFO | biosignals.__main__ | run | Starting processing loop...
2026-04-06 14:49:07 | DEBUG | biosignals.src.utils.config | _load_config | ✅ SensorConfig loaded: C:\bci\Neurokey\config\sensor_config.json
2026-04-06 14:49:07 | DEBUG | biosignals.src.utils.config | _load_config | ✅ FilterConfig loaded: C:\bci\Neurokey\config\filter_config.json
2026-04-06 14:49:07 | DEBUG | biosignals.src.utils.config | _load_config | ✅ CalibrationConfig loaded: C:\bci\Neurokey\config\calibration_config.json
2026-04-06 14:49:07 | DEBUG | biosignals.src.utils.config | _load_config | ✅ FeatureConfig loaded: C:\bci\Neurokey\config\feature_config.json
2026-04-06 14:49:14 | INFO | biosignals.__main__ | main | Feature Router starting... (watching C:\bci\Neurokey\config\sensor_config.json)
2026-04-06 14:49:14 | DEBUG | biosignals.__main__ | resolve_stream | Searching for BioSignals-Processed...
2026-04-06 14:49:14 | INFO | biosignals.__main__ | resolve_stream | Connected to BioSignals-Processed (2 ch @ 1000 Hz)
2026-04-06 14:49:14 | DEBUG | biosignals.utils.config | _load_config | ✅ SensorConfig loaded: C:\bci\Neurokey\config\sensor_config.json
2026-04-06 14:49:14 | DEBUG | biosignals.utils.config | _load_config | ✅ FilterConfig loaded: C:\bci\Neurokey\config\filter_config.json
2026-04-06 14:49:14 | DEBUG | biosignals.utils.config | _load_config | ✅ CalibrationConfig loaded: C:\bci\Neurokey\config\calibration_config.json
2026-04-06 14:49:14 | DEBUG | biosignals.utils.config | _load_config | ✅ FeatureConfig loaded: C:\bci\Neurokey\config\feature_config.json
2026-04-06 14:49:15 | DEBUG | biosignals.src.utils.config | _load_config | ✅ SensorConfig loaded: C:\bci\Neurokey\config\sensor_config.json
2026-04-06 14:49:15 | DEBUG | biosignals.src.utils.config | _load_config | ✅ FilterConfig loaded: C:\bci\Neurokey\config\filter_config.json
2026-04-06 14:49:15 | DEBUG | biosignals.src.utils.config | _load_config | ✅ CalibrationConfig loaded: C:\bci\Neurokey\config\calibration_config.json
2026-04-06 14:49:15 | DEBUG | biosignals.src.utils.config | _load_config | ✅ FeatureConfig loaded: C:\bci\Neurokey\config\feature_config.json
2026-04-06 14:49:15 | INFO | biosignals.HIDController | run | HID Controller Loop Starting...
2026-04-06 14:49:15 | INFO | biosignals.HIDController | run | Config Reloaded. Mode: None
2026-04-06 14:49:15 | INFO | biosignals.HIDController | resolve_stream | Searching for BioSignals-Events stream...
2026-04-06 14:49:16 | INFO | biosignals.HIDController | resolve_stream | Connected to Event Stream
2026-04-06 14:49:17 | DEBUG | biosignals.src.utils.config | _load_config | ✅ SensorConfig loaded: C:\bci\Neurokey\config\sensor_config.json
2026-04-06 14:49:17 | DEBUG | biosignals.src.utils.config | _load_config | ✅ FilterConfig loaded: C:\bci\Neurokey\config\filter_config.json
2026-04-06 14:49:17 | DEBUG | biosignals.src.utils.config | _load_config | ✅ CalibrationConfig loaded: C:\bci\Neurokey\config\calibration_config.json
2026-04-06 14:49:17 | DEBUG | biosignals.src.utils.config | _load_config | ✅ FeatureConfig loaded: C:\bci\Neurokey\config\feature_config.json
2026-04-06 14:49:17 | DEBUG | biosignals.__main__ | resolve_stream | Created Event Outlet: BioSignals-Events
2026-04-06 14:49:17 | INFO | biosignals.__main__ | configure_pipeline | Configuring features for 2 channels...
2026-04-06 14:49:17 | DEBUG | biosignals.__main__ | configure_pipeline |  [0] -> EMG RPS Pipeline (Extractor + Detector)
2026-04-06 14:49:18 | DEBUG | biosignals.__main__ | configure_pipeline |  [1] -> EOG Blink Pipeline (Extractor + ML Detector)
2026-04-06 14:49:18 | INFO | biosignals.__main__ | run | Loop started
2026-04-06 14:49:20 | DEBUG | biosignals.src.utils.config | _load_config | ✅ SensorConfig loaded: C:\bci\Neurokey\config\sensor_config.json
2026-04-06 14:49:20 | DEBUG | biosignals.src.utils.config | _load_config | ✅ FilterConfig loaded: C:\bci\Neurokey\config\filter_config.json
2026-04-06 14:49:20 | DEBUG | biosignals.src.utils.config | _load_config | ✅ CalibrationConfig loaded: C:\bci\Neurokey\config\calibration_config.json
2026-04-06 14:49:20 | DEBUG | biosignals.src.utils.config | _load_config | ✅ FeatureConfig loaded: C:\bci\Neurokey\config\feature_config.json
2026-04-06 14:51:09 | DEBUG | biosignals.src.utils.config | _load_config | ✅ SensorConfig loaded: C:\bci\Neurokey\config\sensor_config.json
2026-04-06 14:51:09 | DEBUG | biosignals.src.utils.config | _load_config | ✅ FilterConfig loaded: C:\bci\Neurokey\config\filter_config.json
2026-04-06 14:51:09 | DEBUG | biosignals.src.utils.config | _load_config | ✅ CalibrationConfig loaded: C:\bci\Neurokey\config\calibration_config.json
2026-04-06 14:51:09 | DEBUG | biosignals.src.utils.config | _load_config | ✅ FeatureConfig loaded: C:\bci\Neurokey\config\feature_config.json
2026-04-06 14:51:10 | DEBUG | biosignals.utils.config | _load_config | ✅ SensorConfig loaded: C:\bci\Neurokey\config\sensor_config.json
2026-04-06 14:51:10 | DEBUG | biosignals.utils.config | _load_config | ✅ FilterConfig loaded: C:\bci\Neurokey\config\filter_config.json
2026-04-06 14:51:10 | DEBUG | biosignals.utils.config | _load_config | ✅ CalibrationConfig loaded: C:\bci\Neurokey\config\calibration_config.json
2026-04-06 14:51:10 | DEBUG | biosignals.utils.config | _load_config | ✅ FeatureConfig loaded: C:\bci\Neurokey\config\feature_config.json
2026-04-06 14:51:17 | DEBUG | biosignals.src.utils.config | _load_config | ✅ SensorConfig loaded: C:\bci\Neurokey\config\sensor_config.json
2026-04-06 14:51:17 | DEBUG | biosignals.src.utils.config | _load_config | ✅ FilterConfig loaded: C:\bci\Neurokey\config\filter_config.json
2026-04-06 14:51:17 | DEBUG | biosignals.src.utils.config | _load_config | ✅ CalibrationConfig loaded: C:\bci\Neurokey\config\calibration_config.json
2026-04-06 14:51:17 | DEBUG | biosignals.src.utils.config | _load_config | ✅ FeatureConfig loaded: C:\bci\Neurokey\config\feature_config.json
2026-04-06 14:51:21 | DEBUG | biosignals.__main__ | resolve_raw_stream | Searching for raw LSL stream (Timeout remaining: 3.0s)...
2026-04-06 14:51:21 | INFO | biosignals.__main__ | resolve_raw_stream | Connected to raw stream: BioSignals-Raw-uV
2026-04-06 14:51:21 | DEBUG | biosignals.__main__ | resolve_raw_stream | [Router]    Channels: 2 @ 1000.0 Hz
2026-04-06 14:51:21 | INFO | biosignals.__main__ | _configure_pipeline | Connected to Stream Manager (Processed)
2026-04-06 14:51:21 | DEBUG | biosignals.__main__ | _configure_pipeline | [Router] 📍 Configuring pipeline for 2 channels...
2026-04-06 14:51:21 | INFO | biosignals.__main__ | _configure_pipeline | Pipeline configured successfully (Routing to Stream Manager)
2026-04-06 14:51:21 | INFO | biosignals.__main__ | run | Starting processing loop...
2026-04-06 14:51:22 | DEBUG | biosignals.src.utils.config | _load_config | ✅ SensorConfig loaded: C:\bci\Neurokey\config\sensor_config.json
2026-04-06 14:51:22 | DEBUG | biosignals.src.utils.config | _load_config | ✅ FilterConfig loaded: C:\bci\Neurokey\config\filter_config.json
2026-04-06 14:51:22 | DEBUG | biosignals.src.utils.config | _load_config | ✅ CalibrationConfig loaded: C:\bci\Neurokey\config\calibration_config.json
2026-04-06 14:51:22 | DEBUG | biosignals.src.utils.config | _load_config | ✅ FeatureConfig loaded: C:\bci\Neurokey\config\feature_config.json
2026-04-06 14:51:27 | INFO | biosignals.__main__ | main | Feature Router starting... (watching C:\bci\Neurokey\config\sensor_config.json)
2026-04-06 14:51:27 | DEBUG | biosignals.__main__ | resolve_stream | Searching for BioSignals-Processed...
2026-04-06 14:51:27 | INFO | biosignals.__main__ | resolve_stream | Connected to BioSignals-Processed (2 ch @ 1000 Hz)
2026-04-06 14:51:28 | DEBUG | biosignals.utils.config | _load_config | ✅ SensorConfig loaded: C:\bci\Neurokey\config\sensor_config.json
2026-04-06 14:51:28 | DEBUG | biosignals.utils.config | _load_config | ✅ FilterConfig loaded: C:\bci\Neurokey\config\filter_config.json
2026-04-06 14:51:28 | DEBUG | biosignals.utils.config | _load_config | ✅ CalibrationConfig loaded: C:\bci\Neurokey\config\calibration_config.json
2026-04-06 14:51:28 | DEBUG | biosignals.utils.config | _load_config | ✅ FeatureConfig loaded: C:\bci\Neurokey\config\feature_config.json
2026-04-06 14:51:28 | DEBUG | biosignals.src.utils.config | _load_config | ✅ SensorConfig loaded: C:\bci\Neurokey\config\sensor_config.json
2026-04-06 14:51:28 | DEBUG | biosignals.src.utils.config | _load_config | ✅ FilterConfig loaded: C:\bci\Neurokey\config\filter_config.json
2026-04-06 14:51:28 | DEBUG | biosignals.src.utils.config | _load_config | ✅ CalibrationConfig loaded: C:\bci\Neurokey\config\calibration_config.json
2026-04-06 14:51:28 | DEBUG | biosignals.src.utils.config | _load_config | ✅ FeatureConfig loaded: C:\bci\Neurokey\config\feature_config.json
2026-04-06 14:51:29 | INFO | biosignals.HIDController | run | HID Controller Loop Starting...
2026-04-06 14:51:29 | INFO | biosignals.HIDController | run | Config Reloaded. Mode: None
2026-04-06 14:51:29 | INFO | biosignals.HIDController | resolve_stream | Searching for BioSignals-Events stream...
2026-04-06 14:51:29 | INFO | biosignals.HIDController | resolve_stream | Connected to Event Stream
2026-04-06 14:51:29 | DEBUG | biosignals.__main__ | resolve_stream | Created Event Outlet: BioSignals-Events
2026-04-06 14:51:29 | INFO | biosignals.__main__ | configure_pipeline | Configuring features for 2 channels...
2026-04-06 14:51:29 | DEBUG | biosignals.__main__ | configure_pipeline |  [0] -> EMG RPS Pipeline (Extractor + Detector)
2026-04-06 14:51:29 | DEBUG | biosignals.src.utils.config | _load_config | ✅ SensorConfig loaded: C:\bci\Neurokey\config\sensor_config.json
2026-04-06 14:51:29 | DEBUG | biosignals.src.utils.config | _load_config | ✅ FilterConfig loaded: C:\bci\Neurokey\config\filter_config.json
2026-04-06 14:51:29 | DEBUG | biosignals.src.utils.config | _load_config | ✅ CalibrationConfig loaded: C:\bci\Neurokey\config\calibration_config.json
2026-04-06 14:51:29 | DEBUG | biosignals.src.utils.config | _load_config | ✅ FeatureConfig loaded: C:\bci\Neurokey\config\feature_config.json
2026-04-06 14:51:30 | DEBUG | biosignals.__main__ | configure_pipeline |  [1] -> EOG Blink Pipeline (Extractor + ML Detector)
2026-04-06 14:51:30 | INFO | biosignals.__main__ | run | Loop started
2026-04-06 14:51:32 | DEBUG | biosignals.src.utils.config | _load_config | ✅ SensorConfig loaded: C:\bci\Neurokey\config\sensor_config.json
2026-04-06 14:51:32 | DEBUG | biosignals.src.utils.config | _load_config | ✅ FilterConfig loaded: C:\bci\Neurokey\config\filter_config.json
2026-04-06 14:51:32 | DEBUG | biosignals.src.utils.config | _load_config | ✅ CalibrationConfig loaded: C:\bci\Neurokey\config\calibration_config.json
2026-04-06 14:51:32 | DEBUG | biosignals.src.utils.config | _load_config | ✅ FeatureConfig loaded: C:\bci\Neurokey\config\feature_config.json
2026-04-06 14:51:41 | DEBUG | biosignals.utils.config | _load_config | ✅ SensorConfig loaded: C:\bci\Neurokey\config\sensor_config.json
2026-04-06 14:51:41 | DEBUG | biosignals.utils.config | _load_config | ✅ FilterConfig loaded: C:\bci\Neurokey\config\filter_config.json
2026-04-06 14:51:41 | DEBUG | biosignals.utils.config | _load_config | ✅ CalibrationConfig loaded: C:\bci\Neurokey\config\calibration_config.json
2026-04-06 14:51:41 | DEBUG | biosignals.utils.config | _load_config | ✅ FeatureConfig loaded: C:\bci\Neurokey\config\feature_config.json
2026-05-29 23:35:40 | [36mINFO[0m | biosignals.HIDController | run | HID Controller Loop Starting...
2026-05-29 23:35:40 | [36mINFO[0m | biosignals.HIDController | run | Config Reloaded. Mode: None
2026-05-29 23:35:40 | [36mINFO[0m | biosignals.HIDController | resolve_stream | Searching for BioSignals-Events stream...
2026-05-29 23:35:40 | [36mINFO[0m | biosignals.HIDController | resolve_stream | Connected to Event Stream
2026-05-29 23:52:26 | [36mINFO[0m | biosignals.HIDController | run | HID Controller Loop Starting...
2026-05-29 23:52:26 | [36mINFO[0m | biosignals.HIDController | run | Config Reloaded. Mode: None
2026-05-29 23:52:26 | [36mINFO[0m | biosignals.HIDController | resolve_stream | Searching for BioSignals-Events stream...
2026-05-29 23:52:26 | [36mINFO[0m | biosignals.HIDController | resolve_stream | Connected to Event Stream
2026-05-29 23:59:57 | [36mINFO[0m | biosignals.HIDController | run | HID Controller Loop Starting...
2026-05-29 23:59:57 | [36mINFO[0m | biosignals.HIDController | run | Config Reloaded. Mode: None
2026-05-29 23:59:57 | [36mINFO[0m | biosignals.HIDController | resolve_stream | Searching for BioSignals-Events stream...
2026-05-29 23:59:57 | [36mINFO[0m | biosignals.HIDController | resolve_stream | Connected to Event Stream
2026-05-30 01:02:04 | [36mINFO[0m | biosignals.HIDController | run | HID Controller Loop Starting...
2026-05-30 01:02:04 | [36mINFO[0m | biosignals.HIDController | run | Config Reloaded. Mode: None
2026-05-30 01:02:04 | [36mINFO[0m | biosignals.HIDController | resolve_stream | Searching for BioSignals-Events stream...
2026-05-30 01:02:04 | [36mINFO[0m | biosignals.HIDController | resolve_stream | Connected to Event Stream
2026-05-30 01:09:01 | [36mINFO[0m | biosignals.HIDController | run | Config Reloaded. Mode: None
2026-05-30 01:14:31 | [36mINFO[0m | biosignals.HIDController | run | Config Reloaded. Mode: None
2026-05-30 09:17:16 | [36mINFO[0m | biosignals.HIDController | run | HID Controller Loop Starting...
2026-05-30 09:17:16 | [36mINFO[0m | biosignals.HIDController | run | Config Reloaded. Mode: None
2026-05-30 09:17:16 | [36mINFO[0m | biosignals.HIDController | resolve_stream | Searching for BioSignals-Events stream...
2026-05-30 09:17:16 | [36mINFO[0m | biosignals.HIDController | resolve_stream | Connected to Event Stream
2026-05-30 09:22:24 | [36mINFO[0m | biosignals.HIDController | run | HID Controller Loop Starting...
2026-05-30 09:22:24 | [36mINFO[0m | biosignals.HIDController | run | Config Reloaded. Mode: None
2026-05-30 09:22:24 | [36mINFO[0m | biosignals.HIDController | resolve_stream | Searching for BioSignals-Events stream...
2026-05-30 09:22:24 | [36mINFO[0m | biosignals.HIDController | resolve_stream | Connected to Event Stream
2026-05-30 09:33:17 | [36mINFO[0m | biosignals.HIDController | run | HID Controller Loop Starting...
2026-05-30 09:33:17 | [36mINFO[0m | biosignals.HIDController | run | Config Reloaded. Mode: None
2026-05-30 09:33:17 | [36mINFO[0m | biosignals.HIDController | resolve_stream | Searching for BioSignals-Events stream...
2026-05-30 09:33:17 | [36mINFO[0m | biosignals.HIDController | resolve_stream | Connected to Event Stream
2026-05-30 09:34:20 | [36mINFO[0m | biosignals.HIDController | run | Config Reloaded. Mode: None
2026-05-30 10:12:41 | [36mINFO[0m | biosignals.HIDController | run | Config Reloaded. Mode: None
2026-05-30 10:12:41 | [36mINFO[0m | biosignals.HIDController | run | Config Reloaded. Mode: None
2026-05-30 10:12:41 | [36mINFO[0m | biosignals.HIDController | run | Config Reloaded. Mode: None
2026-05-30 10:12:42 | [36mINFO[0m | biosignals.HIDController | run | Config Reloaded. Mode: None
2026-05-30 10:12:45 | [36mINFO[0m | biosignals.HIDController | run | Config Reloaded. Mode: None
2026-05-30 10:12:45 | [36mINFO[0m | biosignals.HIDController | run | Config Reloaded. Mode: None
2026-05-30 10:12:46 | [36mINFO[0m | biosignals.HIDController | run | Config Reloaded. Mode: None
2026-05-30 10:35:28 | [36mINFO[0m | biosignals.HIDController | run | Config Reloaded. Mode: None
2026-05-30 10:41:32 | [36mINFO[0m | biosignals.HIDController | run | Config Reloaded. Mode: None
2026-05-30 10:43:10 | [36mINFO[0m | biosignals.HIDController | run | Config Reloaded. Mode: None
2026-05-30 10:43:33 | [36mINFO[0m | biosignals.HIDController | run | Config Reloaded. Mode: None
2026-05-30 10:43:43 | [36mINFO[0m | biosignals.HIDController | run | Config Reloaded. Mode: None
2026-05-30 10:43:45 | [36mINFO[0m | biosignals.HIDController | run | Config Reloaded. Mode: None
2026-05-30 10:43:46 | [36mINFO[0m | biosignals.HIDController | run | Config Reloaded. Mode: None
2026-05-30 10:43:47 | [36mINFO[0m | biosignals.HIDController | run | Config Reloaded. Mode: None
2026-05-30 10:43:52 | [36mINFO[0m | biosignals.HIDController | run | Config Reloaded. Mode: None
2026-05-30 10:43:54 | [36mINFO[0m | biosignals.HIDController | run | Config Reloaded. Mode: None
2026-05-30 10:43:57 | [36mINFO[0m | biosignals.HIDController | run | Config Reloaded. Mode: None
2026-05-30 10:44:01 | [36mINFO[0m | biosignals.HIDController | run | Config Reloaded. Mode: None
2026-05-30 10:44:06 | [36mINFO[0m | biosignals.HIDController | run | Config Reloaded. Mode: None
2026-05-30 10:44:07 | [36mINFO[0m | biosignals.HIDController | run | Config Reloaded. Mode: None
2026-05-30 10:44:14 | [36mINFO[0m | biosignals.HIDController | run | Config Reloaded. Mode: None
2026-05-30 10:45:32 | [36mINFO[0m | biosignals.HIDController | run | Config Reloaded. Mode: None
2026-05-30 10:45:35 | [36mINFO[0m | biosignals.HIDController | run | Config Reloaded. Mode: None
2026-05-30 10:45:45 | [36mINFO[0m | biosignals.HIDController | run | Config Reloaded. Mode: None
2026-05-30 10:45:48 | [36mINFO[0m | biosignals.HIDController | run | Config Reloaded. Mode: None
2026-05-30 10:45:52 | [36mINFO[0m | biosignals.HIDController | run | Config Reloaded. Mode: None
2026-05-30 10:45:59 | [36mINFO[0m | biosignals.HIDController | run | Config Reloaded. Mode: None
2026-05-30 10:46:02 | [36mINFO[0m | biosignals.HIDController | run | Config Reloaded. Mode: None
2026-05-30 10:46:03 | [36mINFO[0m | biosignals.HIDController | run | Config Reloaded. Mode: None
2026-05-30 10:46:05 | [36mINFO[0m | biosignals.HIDController | run | Config Reloaded. Mode: None
2026-05-30 10:46:06 | [36mINFO[0m | biosignals.HIDController | run | Config Reloaded. Mode: None
2026-05-30 10:46:07 | [36mINFO[0m | biosignals.HIDController | run | Config Reloaded. Mode: None
2026-05-30 10:46:08 | [36mINFO[0m | biosignals.HIDController | run | Config Reloaded. Mode: None
2026-05-30 10:46:27 | [36mINFO[0m | biosignals.HIDController | run | Config Reloaded. Mode: None
2026-05-30 10:46:28 | [36mINFO[0m | biosignals.HIDController | run | Config Reloaded. Mode: None
2026-05-30 10:46:29 | [36mINFO[0m | biosignals.HIDController | run | Config Reloaded. Mode: None
2026-05-30 10:46:30 | [36mINFO[0m | biosignals.HIDController | run | Config Reloaded. Mode: None
2026-05-30 10:46:31 | [36mINFO[0m | biosignals.HIDController | run | Config Reloaded. Mode: None
2026-05-30 10:46:34 | [36mINFO[0m | biosignals.HIDController | run | Config Reloaded. Mode: None
2026-05-30 10:46:35 | [36mINFO[0m | biosignals.HIDController | run | Config Reloaded. Mode: None
2026-05-30 10:46:40 | [36mINFO[0m | biosignals.HIDController | run | Config Reloaded. Mode: None
2026-05-30 10:46:44 | [36mINFO[0m | biosignals.HIDController | run | Config Reloaded. Mode: None
2026-05-30 10:46:53 | [36mINFO[0m | biosignals.HIDController | run | Config Reloaded. Mode: None
2026-05-30 10:48:04 | [36mINFO[0m | biosignals.HIDController | run | HID Controller Loop Starting...
2026-05-30 10:48:04 | [36mINFO[0m | biosignals.HIDController | run | Config Reloaded. Mode: None
2026-05-30 10:48:04 | [36mINFO[0m | biosignals.HIDController | resolve_stream | Searching for BioSignals-Events stream...
2026-05-30 10:48:04 | [36mINFO[0m | biosignals.HIDController | resolve_stream | Connected to Event Stream
2026-05-30 10:48:33 | [36mINFO[0m | biosignals.HIDController | run | Config Reloaded. Mode: None
2026-05-30 10:50:47 | [36mINFO[0m | biosignals.HIDController | run | Config Reloaded. Mode: None
2026-05-30 10:53:31 | [36mINFO[0m | biosignals.HIDController | run | Config Reloaded. Mode: None
2026-05-30 10:53:32 | [36mINFO[0m | biosignals.HIDController | run | Config Reloaded. Mode: None
2026-05-30 10:54:24 | [36mINFO[0m | biosignals.HIDController | run | Config Reloaded. Mode: None
2026-05-30 10:56:17 | [36mINFO[0m | biosignals.HIDController | run | Config Reloaded. Mode: None
2026-05-30 10:56:18 | [36mINFO[0m | biosignals.HIDController | run | Config Reloaded. Mode: None
2026-05-30 10:56:56 | [36mINFO[0m | biosignals.HIDController | run | HID Controller Loop Starting...
2026-05-30 10:56:56 | [36mINFO[0m | biosignals.HIDController | run | Config Reloaded. Mode: None
2026-05-30 10:56:56 | [36mINFO[0m | biosignals.HIDController | resolve_stream | Searching for BioSignals-Events stream...
2026-05-30 10:56:56 | [36mINFO[0m | biosignals.HIDController | resolve_stream | Connected to Event Stream
2026-05-30 10:57:10 | [36mINFO[0m | biosignals.HIDController | run | Config Reloaded. Mode: None
2026-05-30 10:59:33 | [36mINFO[0m | biosignals.HIDController | run | Config Reloaded. Mode: None
2026-05-30 11:01:54 | [36mINFO[0m | biosignals.HIDController | run | Config Reloaded. Mode: None
2026-05-30 11:02:53 | [36mINFO[0m | biosignals.HIDController | run | Config Reloaded. Mode: None
2026-05-30 11:02:53 | [36mINFO[0m | biosignals.HIDController | run | Config Reloaded. Mode: None
2026-05-30 11:06:53 | [36mINFO[0m | biosignals.HIDController | run | HID Controller Loop Starting...
2026-05-30 11:06:53 | [36mINFO[0m | biosignals.HIDController | run | Config Reloaded. Mode: None
2026-05-30 11:06:53 | [36mINFO[0m | biosignals.HIDController | resolve_stream | Searching for BioSignals-Events stream...
2026-05-30 11:06:53 | [36mINFO[0m | biosignals.HIDController | resolve_stream | Connected to Event Stream
2026-05-30 11:25:28 | [36mINFO[0m | biosignals.HIDController | run | Config Reloaded. Mode: None
2026-05-30 11:25:31 | [36mINFO[0m | biosignals.HIDController | run | Config Reloaded. Mode: None
2026-05-30 11:25:32 | [36mINFO[0m | biosignals.HIDController | run | Config Reloaded. Mode: None
2026-05-30 11:25:34 | [36mINFO[0m | biosignals.HIDController | run | Config Reloaded. Mode: None
2026-05-30 11:28:02 | [36mINFO[0m | biosignals.HIDController | run | Config Reloaded. Mode: None
2026-05-30 11:28:07 | [36mINFO[0m | biosignals.HIDController | run | Config Reloaded. Mode: None
2026-05-30 12:08:00 | [36mINFO[0m | biosignals.HIDController | run | HID Controller Loop Starting...
2026-05-30 12:08:00 | [36mINFO[0m | biosignals.HIDController | run | Config Reloaded. Mode: None
2026-05-30 12:08:00 | [36mINFO[0m | biosignals.HIDController | resolve_stream | Searching for BioSignals-Events stream...
2026-05-30 12:08:00 | [36mINFO[0m | biosignals.HIDController | resolve_stream | Connected to Event Stream
2026-05-30 21:54:40 | [36mINFO[0m | biosignals.HIDController | run | HID Controller Loop Starting...
2026-05-30 21:54:40 | [36mINFO[0m | biosignals.HIDController | run | Config Reloaded. Mode: None
2026-05-30 21:54:40 | [36mINFO[0m | biosignals.HIDController | resolve_stream | Searching for BioSignals-Events stream...
2026-05-30 21:54:40 | [36mINFO[0m | biosignals.HIDController | resolve_stream | Connected to Event Stream
2026-05-30 21:56:45 | [36mINFO[0m | biosignals.HIDController | run | HID Controller Loop Starting...
2026-05-30 21:56:45 | [36mINFO[0m | biosignals.HIDController | run | Config Reloaded. Mode: None
2026-05-30 21:56:45 | [36mINFO[0m | biosignals.HIDController | resolve_stream | Searching for BioSignals-Events stream...
2026-05-30 21:56:45 | [36mINFO[0m | biosignals.HIDController | resolve_stream | Connected to Event Stream
2026-05-30 21:59:29 | [36mINFO[0m | biosignals.HIDController | run | Config Reloaded. Mode: None
2026-05-30 21:59:30 | DEBUG | biosignals.HIDController | run | Unhandled event type: Rest
2026-05-30 21:59:31 | DEBUG | biosignals.HIDController | run | Unhandled event type: Rest
2026-05-30 21:59:32 | DEBUG | biosignals.HIDController | run | Unhandled event type: Rest
2026-05-30 21:59:32 | DEBUG | biosignals.HIDController | run | Unhandled event type: Rest
2026-05-30 21:59:32 | DEBUG | biosignals.HIDController | run | Unhandled event type: Rest
2026-05-30 21:59:32 | DEBUG | biosignals.HIDController | run | Unhandled event type: Rest
2026-05-30 21:59:32 | DEBUG | biosignals.HIDController | run | Unhandled event type: Rest
2026-05-30 21:59:38 | [36mINFO[0m | biosignals.HIDController | run | Config Reloaded. Mode: None
2026-05-30 21:59:51 | [36mINFO[0m | biosignals.HIDController | run | Config Reloaded. Mode: None
2026-05-30 21:59:55 | [36mINFO[0m | biosignals.HIDController | run | Config Reloaded. Mode: None
2026-05-30 22:00:08 | [36mINFO[0m | biosignals.HIDController | run | Config Reloaded. Mode: None
2026-05-30 22:00:10 | [36mINFO[0m | biosignals.HIDController | run | Config Reloaded. Mode: None
2026-05-30 22:00:18 | [36mINFO[0m | biosignals.HIDController | run | Config Reloaded. Mode: None
2026-05-30 22:00:24 | [36mINFO[0m | biosignals.HIDController | run | Config Reloaded. Mode: None
2026-05-30 22:00:26 | [36mINFO[0m | biosignals.HIDController | run | Config Reloaded. Mode: None
2026-05-30 22:00:27 | DEBUG | biosignals.HIDController | run | Unhandled event type: Rest
2026-05-30 22:00:27 | DEBUG | biosignals.HIDController | run | Unhandled event type: Rest
2026-05-30 22:00:27 | DEBUG | biosignals.HIDController | run | Unhandled event type: Rest
2026-05-30 22:00:28 | DEBUG | biosignals.HIDController | run | Unhandled event type: Rest
2026-05-30 22:00:28 | DEBUG | biosignals.HIDController | run | Unhandled event type: Rest
2026-05-30 22:00:28 | DEBUG | biosignals.HIDController | run | Unhandled event type: Rest
2026-05-30 22:00:28 | DEBUG | biosignals.HIDController | run | Unhandled event type: Rest
2026-05-30 22:00:28 | DEBUG | biosignals.HIDController | run | Unhandled event type: Rest
2026-05-30 22:00:28 | DEBUG | biosignals.HIDController | run | Unhandled event type: Rest
2026-05-30 22:00:28 | DEBUG | biosignals.HIDController | run | Unhandled event type: Rest
2026-05-30 22:00:30 | DEBUG | biosignals.HIDController | run | Unhandled event type: Rest
2026-05-30 22:00:30 | DEBUG | biosignals.HIDController | run | Unhandled event type: Rest
2026-05-30 22:00:30 | DEBUG | biosignals.HIDController | run | Unhandled event type: Rest
2026-05-30 22:00:30 | DEBUG | biosignals.HIDController | run | Unhandled event type: Rest
2026-05-30 22:00:30 | DEBUG | biosignals.HIDController | run | Unhandled event type: Rest
2026-05-30 22:00:30 | DEBUG | biosignals.HIDController | run | Unhandled event type: Rest
2026-05-30 22:00:30 | DEBUG | biosignals.HIDController | run | Unhandled event type: Rest
2026-05-30 22:00:30 | DEBUG | biosignals.HIDController | run | Unhandled event type: Rest
2026-05-30 22:00:31 | DEBUG | biosignals.HIDController | run | Unhandled event type: Rest
2026-05-30 22:00:31 | DEBUG | biosignals.HIDController | run | Unhandled event type: Rest
2026-05-30 22:00:31 | DEBUG | biosignals.HIDController | run | Unhandled event type: Rest
2026-05-30 22:00:31 | DEBUG | biosignals.HIDController | run | Unhandled event type: Rest
2026-05-30 22:00:31 | DEBUG | biosignals.HIDController | run | Unhandled event type: Rest
2026-05-30 22:00:31 | DEBUG | biosignals.HIDController | run | Unhandled event type: Rest
2026-05-30 22:00:31 | DEBUG | biosignals.HIDController | run | Unhandled event type: Rest
2026-05-30 22:00:31 | DEBUG | biosignals.HIDController | run | Unhandled event type: Rest
2026-05-30 22:00:32 | DEBUG | biosignals.HIDController | run | Unhandled event type: Rest
2026-05-30 22:00:33 | DEBUG | biosignals.HIDController | run | Unhandled event type: Rest
2026-05-30 22:00:33 | DEBUG | biosignals.HIDController | run | Unhandled event type: Rest
2026-05-30 22:00:33 | DEBUG | biosignals.HIDController | run | Unhandled event type: Rest
2026-05-30 22:00:33 | DEBUG | biosignals.HIDController | run | Unhandled event type: Rest
2026-05-30 22:00:33 | DEBUG | biosignals.HIDController | run | Unhandled event type: Rest
2026-05-30 22:00:34 | DEBUG | biosignals.HIDController | run | Unhandled event type: Rest
2026-05-30 22:00:34 | DEBUG | biosignals.HIDController | run | Unhandled event type: Rest
2026-05-30 22:00:34 | DEBUG | biosignals.HIDController | run | Unhandled event type: Rest
2026-05-30 22:00:34 | DEBUG | biosignals.HIDController | run | Unhandled event type: Rest
2026-05-30 22:00:34 | DEBUG | biosignals.HIDController | run | Unhandled event type: Rest
2026-05-30 22:00:34 | DEBUG | biosignals.HIDController | run | Unhandled event type: Rest
2026-05-30 22:00:34 | DEBUG | biosignals.HIDController | run | Unhandled event type: Rest
2026-05-30 22:00:34 | DEBUG | biosignals.HIDController | run | Unhandled event type: Rest
2026-05-30 22:00:35 | DEBUG | biosignals.HIDController | run | Unhandled event type: Rest
2026-05-30 22:00:35 | DEBUG | biosignals.HIDController | run | Unhandled event type: Rest
2026-05-30 22:00:35 | DEBUG | biosignals.HIDController | run | Unhandled event type: Rest
2026-05-30 22:00:35 | DEBUG | biosignals.HIDController | run | Unhandled event type: Rest
2026-05-30 22:00:35 | DEBUG | biosignals.HIDController | run | Unhandled event type: Rest
2026-05-30 22:00:35 | DEBUG | biosignals.HIDController | run | Unhandled event type: Rest
2026-05-30 22:00:35 | DEBUG | biosignals.HIDController | run | Unhandled event type: Rest
2026-05-30 22:00:35 | DEBUG | biosignals.HIDController | run | Unhandled event type: Rest
2026-05-30 22:00:36 | DEBUG | biosignals.HIDController | run | Unhandled event type: Rest
2026-05-30 22:00:36 | DEBUG | biosignals.HIDController | run | Unhandled event type: Rest
2026-05-30 22:00:36 | DEBUG | biosignals.HIDController | run | Unhandled event type: Rest
2026-05-30 22:00:36 | DEBUG | biosignals.HIDController | run | Unhandled event type: Rest
2026-05-30 22:00:36 | DEBUG | biosignals.HIDController | run | Unhandled event type: Rest
2026-05-30 22:00:36 | DEBUG | biosignals.HIDController | run | Unhandled event type: Rest
2026-05-30 22:00:37 | DEBUG | biosignals.HIDController | run | Unhandled event type: Rest
2026-05-30 22:00:37 | DEBUG | biosignals.HIDController | run | Unhandled event type: Rest
2026-05-30 22:00:37 | DEBUG | biosignals.HIDController | run | Unhandled event type: Rest
2026-05-30 22:00:38 | DEBUG | biosignals.HIDController | run | Unhandled event type: Rest
2026-05-30 22:00:38 | DEBUG | biosignals.HIDController | run | Unhandled event type: Rest
2026-05-30 22:00:38 | DEBUG | biosignals.HIDController | run | Unhandled event type: Rest
2026-05-30 22:00:38 | DEBUG | biosignals.HIDController | run | Unhandled event type: Rest
2026-05-30 22:00:38 | DEBUG | biosignals.HIDController | run | Unhandled event type: Rest
2026-05-30 22:00:38 | DEBUG | biosignals.HIDController | run | Unhandled event type: Rest
2026-05-30 22:00:38 | DEBUG | biosignals.HIDController | run | Unhandled event type: Rest
2026-05-30 22:00:38 | DEBUG | biosignals.HIDController | run | Unhandled event type: Rest
2026-05-30 22:00:39 | DEBUG | biosignals.HIDController | run | Unhandled event type: Rest
2026-05-30 22:00:39 | DEBUG | biosignals.HIDController | run | Unhandled event type: Rest
2026-05-30 22:00:39 | DEBUG | biosignals.HIDController | run | Unhandled event type: Rest
2026-05-30 22:00:39 | DEBUG | biosignals.HIDController | run | Unhandled event type: Rest
2026-05-30 22:00:39 | DEBUG | biosignals.HIDController | run | Unhandled event type: Rest
2026-05-30 22:00:39 | DEBUG | biosignals.HIDController | run | Unhandled event type: Rest
2026-05-30 22:00:39 | DEBUG | biosignals.HIDController | run | Unhandled event type: Rest
2026-05-30 22:00:39 | DEBUG | biosignals.HIDController | run | Unhandled event type: Rest
2026-05-30 22:00:40 | DEBUG | biosignals.HIDController | run | Unhandled event type: Rest
2026-05-30 22:00:40 | DEBUG | biosignals.HIDController | run | Unhandled event type: Rest
2026-05-30 22:00:40 | DEBUG | biosignals.HIDController | run | Unhandled event type: Rest
2026-05-30 22:00:40 | DEBUG | biosignals.HIDController | run | Unhandled event type: Rest
2026-05-30 22:00:40 | DEBUG | biosignals.HIDController | run | Unhandled event type: Rest
2026-05-30 22:00:40 | DEBUG | biosignals.HIDController | run | Unhandled event type: Rest
2026-05-30 22:00:40 | DEBUG | biosignals.HIDController | run | Unhandled event type: Rest
2026-05-30 22:00:40 | DEBUG | biosignals.HIDController | run | Unhandled event type: Rest
2026-05-30 22:00:41 | DEBUG | biosignals.HIDController | run | Unhandled event type: Rest
2026-05-30 22:00:41 | DEBUG | biosignals.HIDController | run | Unhandled event type: Rest
2026-05-30 22:00:41 | DEBUG | biosignals.HIDController | run | Unhandled event type: Rest
2026-05-30 22:00:41 | DEBUG | biosignals.HIDController | run | Unhandled event type: Rest
2026-05-30 22:00:41 | DEBUG | biosignals.HIDController | run | Unhandled event type: Rest
2026-05-30 22:00:41 | DEBUG | biosignals.HIDController | run | Unhandled event type: Rest
2026-05-30 22:00:41 | DEBUG | biosignals.HIDController | run | Unhandled event type: Rest
2026-05-30 22:00:41 | DEBUG | biosignals.HIDController | run | Unhandled event type: Rest
2026-05-30 22:00:42 | DEBUG | biosignals.HIDController | run | Unhandled event type: Rest
2026-05-30 22:00:42 | DEBUG | biosignals.HIDController | run | Unhandled event type: Rest
2026-05-30 22:00:42 | DEBUG | biosignals.HIDController | run | Unhandled event type: Rest
2026-05-30 22:00:42 | DEBUG | biosignals.HIDController | run | Unhandled event type: Rest
2026-05-30 22:00:42 | DEBUG | biosignals.HIDController | run | Unhandled event type: Rest
2026-05-30 22:00:42 | DEBUG | biosignals.HIDController | run | Unhandled event type: Rest
2026-05-30 22:00:42 | DEBUG | biosignals.HIDController | run | Unhandled event type: Rest
2026-05-30 22:00:42 | DEBUG | biosignals.HIDController | run | Unhandled event type: Rest
2026-05-30 22:00:43 | DEBUG | biosignals.HIDController | run | Unhandled event type: Rest
2026-05-30 22:00:43 | DEBUG | biosignals.HIDController | run | Unhandled event type: Rest
2026-05-30 22:00:43 | DEBUG | biosignals.HIDController | run | Unhandled event type: Rest
2026-05-30 22:00:43 | DEBUG | biosignals.HIDController | run | Unhandled event type: Rest
2026-05-30 22:00:43 | DEBUG | biosignals.HIDController | run | Unhandled event type: Rest
2026-05-30 22:00:43 | DEBUG | biosignals.HIDController | run | Unhandled event type: Rest
2026-05-30 22:00:43 | DEBUG | biosignals.HIDController | run | Unhandled event type: Rest
2026-05-30 22:00:43 | DEBUG | biosignals.HIDController | run | Unhandled event type: Rest
2026-05-30 22:00:44 | DEBUG | biosignals.HIDController | run | Unhandled event type: Rest
2026-05-30 22:00:54 | DEBUG | biosignals.HIDController | run | Unhandled event type: Rest
2026-05-30 22:00:54 | DEBUG | biosignals.HIDController | run | Unhandled event type: Rest
2026-05-30 22:00:55 | DEBUG | biosignals.HIDController | run | Unhandled event type: Rest
2026-05-30 22:00:55 | DEBUG | biosignals.HIDController | run | Unhandled event type: Rest
2026-05-30 22:01:00 | DEBUG | biosignals.HIDController | run | Unhandled event type: Rest
2026-05-30 22:01:01 | DEBUG | biosignals.HIDController | run | Unhandled event type: Rest
2026-05-30 22:01:01 | DEBUG | biosignals.HIDController | run | Unhandled event type: Rest
2026-05-30 22:01:01 | DEBUG | biosignals.HIDController | run | Unhandled event type: Rest
2026-05-30 22:01:01 | DEBUG | biosignals.HIDController | run | Unhandled event type: Rest
2026-05-30 22:01:01 | DEBUG | biosignals.HIDController | run | Unhandled event type: Rest
2026-05-30 22:01:04 | DEBUG | biosignals.HIDController | run | Unhandled event type: Rest
2026-05-30 22:01:04 | DEBUG | biosignals.HIDController | run | Unhandled event type: Rest
2026-05-30 22:01:04 | DEBUG | biosignals.HIDController | run | Unhandled event type: Rest
2026-05-30 22:01:04 | DEBUG | biosignals.HIDController | run | Unhandled event type: Rest
2026-05-30 22:01:05 | DEBUG | biosignals.HIDController | run | Unhandled event type: Rest
2026-05-30 22:01:05 | DEBUG | biosignals.HIDController | run | Unhandled event type: Rest
2026-05-30 22:01:05 | DEBUG | biosignals.HIDController | run | Unhandled event type: Rest
2026-05-30 22:01:06 | DEBUG | biosignals.HIDController | run | Unhandled event type: Rest
2026-05-30 22:01:06 | DEBUG | biosignals.HIDController | run | Unhandled event type: Rest
2026-05-30 22:01:07 | DEBUG | biosignals.HIDController | run | Unhandled event type: Rest
2026-05-30 22:01:07 | DEBUG | biosignals.HIDController | run | Unhandled event type: Rest
2026-05-30 22:01:07 | DEBUG | biosignals.HIDController | run | Unhandled event type: Rest
2026-05-30 22:01:07 | DEBUG | biosignals.HIDController | run | Unhandled event type: Rest
2026-05-30 22:01:08 | DEBUG | biosignals.HIDController | run | Unhandled event type: Rest
2026-05-30 22:01:09 | DEBUG | biosignals.HIDController | run | Unhandled event type: Rest
2026-05-30 22:01:09 | DEBUG | biosignals.HIDController | run | Unhandled event type: Rest
2026-05-30 22:01:09 | DEBUG | biosignals.HIDController | run | Unhandled event type: Rest
2026-05-30 22:01:10 | DEBUG | biosignals.HIDController | run | Unhandled event type: Rest
2026-05-30 22:01:10 | DEBUG | biosignals.HIDController | run | Unhandled event type: Rest
2026-05-30 22:01:10 | DEBUG | biosignals.HIDController | run | Unhandled event type: Rest
2026-05-30 22:01:14 | DEBUG | biosignals.HIDController | run | Unhandled event type: Rest
2026-05-30 22:01:14 | DEBUG | biosignals.HIDController | run | Unhandled event type: Rest
2026-05-30 22:01:14 | DEBUG | biosignals.HIDController | run | Unhandled event type: Rest
2026-05-30 22:01:14 | DEBUG | biosignals.HIDController | run | Unhandled event type: Rest
2026-05-30 22:01:14 | DEBUG | biosignals.HIDController | run | Unhandled event type: Rest
2026-05-30 22:01:14 | DEBUG | biosignals.HIDController | run | Unhandled event type: Rest
2026-05-30 22:01:14 | DEBUG | biosignals.HIDController | run | Unhandled event type: Rest
2026-05-30 22:01:15 | DEBUG | biosignals.HIDController | run | Unhandled event type: Rest
2026-05-30 22:01:16 | DEBUG | biosignals.HIDController | run | Unhandled event type: Rest
2026-05-30 22:01:16 | DEBUG | biosignals.HIDController | run | Unhandled event type: Rest
2026-05-30 22:01:16 | DEBUG | biosignals.HIDController | run | Unhandled event type: Rest
2026-05-30 22:01:16 | DEBUG | biosignals.HIDController | run | Unhandled event type: Rest
2026-05-30 22:01:16 | DEBUG | biosignals.HIDController | run | Unhandled event type: Rest
2026-05-30 22:01:17 | DEBUG | biosignals.HIDController | run | Unhandled event type: Rest
2026-05-30 22:01:17 | DEBUG | biosignals.HIDController | run | Unhandled event type: Rest
2026-05-30 22:01:17 | DEBUG | biosignals.HIDController | run | Unhandled event type: Rest
2026-05-30 22:01:17 | DEBUG | biosignals.HIDController | run | Unhandled event type: Rest
2026-05-30 22:01:17 | DEBUG | biosignals.HIDController | run | Unhandled event type: Rest
2026-05-30 22:01:17 | DEBUG | biosignals.HIDController | run | Unhandled event type: Rest
2026-05-30 22:01:17 | DEBUG | biosignals.HIDController | run | Unhandled event type: Rest
2026-05-30 22:01:18 | DEBUG | biosignals.HIDController | run | Unhandled event type: Rest
2026-05-30 22:01:18 | DEBUG | biosignals.HIDController | run | Unhandled event type: Rest
2026-05-30 22:01:18 | DEBUG | biosignals.HIDController | run | Unhandled event type: Rest
2026-05-30 22:01:18 | DEBUG | biosignals.HIDController | run | Unhandled event type: Rest
2026-05-30 22:01:18 | DEBUG | biosignals.HIDController | run | Unhandled event type: Rest
2026-05-30 22:01:18 | DEBUG | biosignals.HIDController | run | Unhandled event type: Rest
2026-05-30 22:01:18 | DEBUG | biosignals.HIDController | run | Unhandled event type: Rest
2026-05-30 22:01:18 | DEBUG | biosignals.HIDController | run | Unhandled event type: Rest
2026-05-30 22:01:19 | DEBUG | biosignals.HIDController | run | Unhandled event type: Rest
2026-05-30 22:01:21 | DEBUG | biosignals.HIDController | run | Unhandled event type: Rest
2026-05-30 22:01:22 | DEBUG | biosignals.HIDController | run | Unhandled event type: Rest
2026-05-30 22:01:22 | DEBUG | biosignals.HIDController | run | Unhandled event type: Rest
2026-05-30 22:01:22 | DEBUG | biosignals.HIDController | run | Unhandled event type: Rest
2026-05-30 22:01:22 | DEBUG | biosignals.HIDController | run | Unhandled event type: Rest
2026-05-30 22:01:22 | DEBUG | biosignals.HIDController | run | Unhandled event type: Rest
2026-05-30 22:01:22 | DEBUG | biosignals.HIDController | run | Unhandled event type: Rest
2026-05-30 22:01:22 | DEBUG | biosignals.HIDController | run | Unhandled event type: Rest
2026-05-30 22:01:22 | DEBUG | biosignals.HIDController | run | Unhandled event type: Rest
2026-05-30 22:01:27 | [36mINFO[0m | biosignals.HIDController | run | Config Reloaded. Mode: None
2026-05-30 22:01:27 | [36mINFO[0m | biosignals.HIDController | run | Config Reloaded. Mode: None
2026-05-30 22:01:29 | [36mINFO[0m | biosignals.HIDController | run | Config Reloaded. Mode: None
2026-05-30 22:01:31 | [36mINFO[0m | biosignals.HIDController | run | Config Reloaded. Mode: None
2026-05-30 22:03:21 | [36mINFO[0m | biosignals.HIDController | run | Config Reloaded. Mode: None
2026-05-30 22:09:26 | [36mINFO[0m | biosignals.HIDController | run | Config Reloaded. Mode: None
2026-05-31 00:23:54 | [36mINFO[0m | biosignals.HIDController | run | HID Controller Loop Starting...
2026-05-31 00:23:54 | [36mINFO[0m | biosignals.HIDController | run | Config Reloaded. Mode: None
2026-05-31 00:23:54 | [36mINFO[0m | biosignals.HIDController | resolve_stream | Searching for BioSignals-Events stream...
2026-05-31 00:23:54 | [36mINFO[0m | biosignals.HIDController | resolve_stream | Connected to Event Stream
2026-05-31 00:32:32 | [36mINFO[0m | biosignals.HIDController | run | HID Controller Loop Starting...
2026-05-31 00:32:32 | [36mINFO[0m | biosignals.HIDController | run | Config Reloaded. Mode: None
2026-05-31 00:32:32 | [36mINFO[0m | biosignals.HIDController | resolve_stream | Searching for BioSignals-Events stream...
2026-05-31 00:32:32 | [36mINFO[0m | biosignals.HIDController | resolve_stream | Connected to Event Stream
2026-05-31 00:55:53 | [36mINFO[0m | biosignals.HIDController | run | HID Controller Loop Starting...
2026-05-31 00:55:53 | [36mINFO[0m | biosignals.HIDController | run | Config Reloaded. Mode: None
2026-05-31 00:55:53 | [36mINFO[0m | biosignals.HIDController | resolve_stream | Searching for BioSignals-Events stream...
2026-05-31 00:55:53 | [36mINFO[0m | biosignals.HIDController | resolve_stream | Connected to Event Stream
2026-05-31 01:14:30 | [36mINFO[0m | biosignals.HIDController | run | HID Controller Loop Starting...
2026-05-31 01:14:30 | [36mINFO[0m | biosignals.HIDController | run | Config Reloaded. Mode: None
2026-05-31 01:14:30 | [36mINFO[0m | biosignals.HIDController | resolve_stream | Searching for BioSignals-Events stream...
2026-05-31 01:14:30 | [36mINFO[0m | biosignals.HIDController | resolve_stream | Connected to Event Stream
2026-05-31 01:38:15 | [36mINFO[0m | biosignals.HIDController | run | HID Controller Loop Starting...
2026-05-31 01:38:15 | [36mINFO[0m | biosignals.HIDController | run | Config Reloaded. Mode: None
2026-05-31 01:38:15 | [36mINFO[0m | biosignals.HIDController | resolve_stream | Searching for BioSignals-Events stream...
2026-05-31 01:38:15 | [36mINFO[0m | biosignals.HIDController | resolve_stream | Connected to Event Stream
