{
  "EOG": {
    "DoubleBlink": {
      "amplitude": [
        790.5522695481777,
        1171.2694118499755
      ],
      "asymmetry": [
        0.2071823201489576,
        0.36440677887043954
      ],
      "duration_ms": [
        628.90625,
        955.078125
      ],
      "fall_time_ms": [
        460.9375,
        787.109375
      ],
      "kurtosis": [
        -0.9234302016349352,
        0.21701828583412253
      ],
      "peak_count": [
        1.8,
        2.2
      ],
      "rise_time_ms": [
        146.484375,
        216.796875
      ],
      "skewness": [
        0.5346295996807835,
        1.0781174118684869
      ]
    },
    "Rest": {
      "amplitude": [
        6.740798169374466,
        307.81365756988527
      ],
      "asymmetry": [
        0.12053571401020409,
        499.9997440001311
      ],
      "duration_ms": [
        490.234375,
        1076.3671875
      ],
      "fall_time_ms": [
        1.953125,
        871.09375
      ],
      "kurtosis": [
        -1.4349191870366054,
        10.307785527112813
      ],
      "peak_count": [
        0,
        0
      ],
      "rise_time_ms": [
        52.734375,
        976.5625
      ],
      "skewness": [
        -1.4319117084386348,
        2.6697288061539926
      ]
    },
    "SingleBlink": {
      "amplitude": [
        10.870918983221054,
        1133.9296295285226
      ],
      "asymmetry": [
        0.10596026478090143,
        40.833329848889186
      ],
      "duration_ms": [
        261.71875,
        978.515625
      ],
      "fall_time_ms": [
        11.71875,
        884.765625
      ],
      "kurtosis": [
        -1.120632588280625,
        2.8765696718694933
      ],
      "peak_count": [
        0,
        1.1
      ],
      "rise_time_ms": [
        80.078125,
        855.46875
      ],
      "skewness": [
        -1.1561713324029093,
        1.661000554415611
      ]
    },
    "detection_method": "ML"
  }
}