{
  "active_models": {
    "EMG": "sample_3400",
    "EOG": "lucifer-100"
  },
  "baud": 230400,
  "binary": true,
  "channel_mapping": {
    "ch0": {
      "enabled": true,
      "sensor": "EMG"
    },
    "ch1": {
      "enabled": true,
      "sensor": "EOG"
    },
    "ch2": {
      "sensor": "",
      "enabled": true
    },
    "ch3": {
      "sensor": "",
      "enabled": true
    }
  },
  "display": {
    "scannerX": 0,
    "showGrid": true,
    "timeWindowMs": 10000
  },
  "features": {
    "EEG": {
      "Concentration": {
        "bp_alpha": [
          0.0032752312997608585,
          0.020557661907551317
        ],
        "bp_beta": [
          0.006537331659448302,
          0.02507889481075895
        ],
        "bp_delta": [
          0.002768309071695919,
          0.015300966745061914
        ],
        "bp_gamma": [
          0.01061936830210487,
          0.02069527218142295
        ],
        "bp_theta": [
          0.00594400665790698,
          0.014026034665248613
        ],
        "max": [
          0.6947744786739349,
          1.0946062803268433
        ],
        "mean": [
          -0.032206713472631945,
          0.05345139228655193
        ],
        "min": [
          -0.7853009104728699,
          -0.49245280027389526
        ],
        "rel_alpha": [
          0.05050957883866372,
          0.330813990307593
        ],
        "rel_beta": [
          0.12476804824009663,
          0.3920250637752346
        ],
        "rel_delta": [
          0.06533294745554606,
          0.2359666586521404
        ],
        "rel_gamma": [
          0.1835776832459792,
          0.34173933585367927
        ],
        "rel_theta": [
          0.0956509825757382,
          0.26769346591154786
        ],
        "std": [
          0.20953389125435823,
          0.31319788888879446
        ]
      },
      "debounce_ms": 500,
      "num_harmonics": 3,
      "rest_threshold": 0.35,
      "target_freqs": [
        9,
        10,
        11,
        12,
        13,
        15
      ],
      "window_len_sec": 1
    },
    "EMG": {
      "Paper": {
        "energy": [
          0.3029600471746994,
          11772181.706618588
        ],
        "entropy": [
          -191.97883070948285,
          3.972009338229545
        ],
        "iemg": [
          1.0745509676635265,
          65026.045018583536
        ],
        "kurtosis": [
          -1.4828111123978513,
          18.081034298817205
        ],
        "mav": [
          0.1790918279439211,
          130.05209003716706
        ],
        "peak": [
          0.29592716693878174,
          400.8326110839844
        ],
        "range": [
          0.14743255078792572,
          395.13342809677124
        ],
        "rms": [
          0.22470723440909335,
          153.2885144943528
        ],
        "skewness": [
          -0.5592999181183455,
          4.3008384502390555
        ],
        "ssc": [
          5,
          30
        ],
        "var": [
          0.0015446191927848286,
          7992.8811893411985
        ],
        "wamp": [
          89,
          546.7
        ],
        "wl": [
          0.8552079796791077,
          1220.393681526184
        ],
        "zcr": [
          0,
          0.9000000000000001
        ]
      },
      "Rest": {
        "energy": [
          6.091933112371796,
          96108234.49306759
        ],
        "entropy": [
          -531.9763746174493,
          5.165078096070834
        ],
        "iemg": [
          25.17276418209076,
          268363.04376220703
        ],
        "kurtosis": [
          -1.743704280365109,
          19.32853182316063
        ],
        "mav": [
          0.2209143377840519,
          371.7817492675781
        ],
        "peak": [
          0.28885579109191895,
          457.61810302734375
        ],
        "range": [
          0.07558368146419525,
          348.84900176525116
        ],
        "rms": [
          0.22397958802929588,
          372.6647274519228
        ],
        "skewness": [
          -1.313052840018312,
          3.9775892807398723
        ],
        "ssc": [
          0,
          28
        ],
        "var": [
          0.0005428499076541646,
          12817.57973210769
        ],
        "wamp": [
          24,
          748
        ],
        "wl": [
          0.21799606084823608,
          994.1965637207031
        ],
        "zcr": [
          0,
          0
        ]
      },
      "Rock": {
        "energy": [
          0.4165940571471305,
          121965342.36184783
        ],
        "entropy": [
          -1266.3916554069474,
          4.786491431179171
        ],
        "iemg": [
          0.9113082587718964,
          302577.39962768555
        ],
        "kurtosis": [
          -1.7194188601301637,
          43.69017017452381
        ],
        "mav": [
          0.2232565384105857,
          755.2214426040649
        ],
        "peak": [
          0.3414648771286011,
          2384.10498046875
        ],
        "range": [
          0.05201318860054016,
          2988.1650390625
        ],
        "rms": [
          0.23367849288669013,
          881.9802936261764
        ],
        "skewness": [
          -2.8745121426422866,
          6.057732838314007
        ],
        "ssc": [
          4,
          41
        ],
        "var": [
          0.0006763429470988402,
          775505.9343789455
        ],
        "wamp": [
          76,
          816.2
        ],
        "wl": [
          0.05201318860054016,
          11775.353481292725
        ],
        "zcr": [
          0,
          0.8888888888888888
        ]
      },
      "Scissors": {
        "energy": [
          33.26936766551218,
          6111766.2478856305
        ],
        "entropy": [
          -32.39344752710984,
          3.861221879129741
        ],
        "iemg": [
          18.596864904463292,
          42102.218547821045
        ],
        "kurtosis": [
          -1.4433389325042363,
          26.455307233682397
        ],
        "mav": [
          0.24367911944875936,
          84.03636436690827
        ],
        "peak": [
          0.6605677604675293,
          291.7956848144531
        ],
        "range": [
          0.6005043163895607,
          273.7566089630127
        ],
        "rms": [
          0.257693468066337,
          110.4496909335496
        ],
        "skewness": [
          -0.9610707287177369,
          5.191101405697674
        ],
        "ssc": [
          8,
          27
        ],
        "var": [
          0.007026410228733516,
          5137.023691308857
        ],
        "wamp": [
          143,
          750
        ],
        "wl": [
          2.5114497542381287,
          939.8481750488281
        ],
        "zcr": [
          0,
          0.61875
        ]
      }
    },
    "EOG": {
      "DoubleBlink": {
        "amplitude": [
          420.80289764404296,
          1340.4787063598633
        ],
        "asymmetry": [
          0.3839779000094014,
          208.9998929920548
        ],
        "duration_ms": [
          121.09375,
          1076.3671875
        ],
        "fall_time_ms": [
          1.953125,
          707.03125
        ],
        "kurtosis": [
          -1.4956880652604827,
          1.943681930419113
        ],
        "peak_count": [
          1,
          4.4
        ],
        "rise_time_ms": [
          58.59375,
          587.890625
        ],
        "skewness": [
          -0.5086164405290012,
          1.710416063552083
        ]
      },
      "Rest": {
        "amplitude": [
          0,
          989.1873077392578
        ],
        "asymmetry": [
          0,
          499.9997440001311
        ],
        "duration_ms": [
          107.421875,
          1466.796875
        ],
        "fall_time_ms": [
          1.953125,
          1466.796875
        ],
        "kurtosis": [
          -1.3512541921918337,
          10.494981040030748
        ],
        "peak_count": [
          0,
          8
        ],