timestamp,ch0,ch1
0.0,-2.4169921875,-1.611328125
0.001953,-1.409912109375,-0.8056640625
0.003906,-0.604248046875,0.0
0.005859,0.0,0.8056640625
0.007812,0.40283203125,1.20849609375
0.009766,0.604248046875,1.20849609375
0.011719,0.40283203125,1.20849609375
0.013672,0.0,0.8056640625
0.015625,-0.604248046875,0.0
0.017578,-1.409912109375,-0.8056640625
0.019531,-2.4169921875,-1.611328125
0.021484,-3.424072265625,-2.618408203125
0.023438,-4.229736328125,-3.62548828125
0.025391,-5.035400390625,-4.43115234375
0.027344,-5.6396484375,-5.035400390625
0.029297,-6.04248046875,-5.23681640625
0.03125,-6.04248046875,-5.23681640625
0.033203,-5.841064453125,-5.035400390625
0.035156,-5.23681640625,-4.632568359375
0.037109,-4.632568359375,-3.826904296875
0.039062,-3.62548828125,-3.021240234375
0.041016,-2.618408203125,-2.01416015625
0.042969,-1.812744140625,-1.007080078125
0.044922,-0.8056640625,-0.201416015625
0.046875,-0.201416015625,0.604248046875
0.048828,0.40283203125,1.007080078125
0.050781,0.604248046875,1.20849609375
0.052734,0.604248046875,1.20849609375
0.054688,0.201416015625,0.8056640625
0.056641,-0.40283203125,0.201416015625
0.058594,-1.20849609375,-0.40283203125
0.060547,-2.01416015625,-1.409912109375
0.0625,-3.021240234375,-2.4169921875
0.064453,-4.0283203125,-3.22265625
0.066406,-4.833984375,-4.0283203125
0.068359,-5.438232421875,-4.833984375
0.070312,-5.841064453125,-5.23681640625
0.072266,-6.04248046875,-5.23681640625
0.074219,-5.841064453125,-5.23681640625
0.076172,-5.438232421875,-4.833984375
0.078125,-4.833984375,-4.0283203125
0.080078,-4.0283203125,-3.22265625
0.082031,-3.021240234375,-2.4169921875
0.083984,-2.01416015625,-1.409912109375
0.085938,-1.20849609375,-0.40283203125
0.087891,-0.40283203125,0.201416015625
0.089844,3.424072265625,-3.021240234375
0.091797,6.4453125,-0.604248046875
0.09375,6.4453125,-0.604248046875
0.095703,6.243896484375,-0.8056640625
0.097656,12.48779296875,23.76708984375
0.099609,11.68212890625,23.162841796875
0.101562,10.87646484375,22.15576171875
0.103516,19.940185546875,47.93701171875
0.105469,18.93310546875,46.929931640625
0.107422,18.12744140625,46.124267578125
0.109375,17.523193359375,45.318603515625
0.111328,16.9189453125,44.915771484375
0.113281,16.717529296875,44.71435546875
0.115234,16.717529296875,44.71435546875
0.117188,17.120361328125,44.915771484375
0.119141,17.724609375,45.52001953125
0.121094,18.5302734375,46.32568359375
0.123047,19.3359375,47.332763671875
0.125,20.343017578125,48.138427734375
0.126953,21.35009765625,49.1455078125
0.128906,22.15576171875,49.951171875
0.130859,22.760009765625,50.555419921875
0.132812,23.162841796875,51.15966796875
0.134766,23.3642578125,51.15966796875
0.136719,23.162841796875,51.15966796875
0.138672,22.760009765625,50.555419921875
0.140625,22.15576171875,49.951171875
0.142578,21.35009765625,49.1455078125
0.144531,21.954345703125,47.13134765625
0.146484,20.947265625,46.124267578125
0.148438,20.1416015625,45.318603515625
0.150391,19.3359375,44.512939453125
0.152344,18.731689453125,43.90869140625
0.154297,18.328857421875,43.505859375
0.15625,18.328857421875,43.505859375
0.158203,18.5302734375,43.707275390625
0.160156,19.134521484375,44.3115234375
0.162109,19.73876953125,44.915771484375
0.164062,20.745849609375,45.9228515625
0.166016,21.7529296875,46.728515625
0.167969,22.55859375,47.735595703125
0.169922,23.565673828125,48.74267578125
0.171875,24.169921875,49.346923828125
0.173828,24.774169921875,49.951171875
0.175781,24.9755859375,50.152587890625
0.177734,24.9755859375,50.152587890625
0.179688,24.57275390625,49.749755859375
0.181641,23.968505859375,49.1455078125
0.183594,23.162841796875,48.33984375
0.185547,22.357177734375,47.5341796875
0.1875,21.35009765625,46.527099609375
0.189453,22.357177734375,35.247802734375
0.191406,21.35009765625,20.1416015625
0.193359,20.745849609375,19.3359375
0.195312,20.343017578125,18.93310546875
0.197266,20.1416015625,18.93310546875
0.199219,20.343017578125,18.93310546875
0.201172,20.745849609375,12.689208984375
0.203125,21.551513671875,13.29345703125
0.205078,22.357177734375,14.09912109375
0.207031,23.162841796875,15.106201171875
0.208984,24.169921875,16.11328125
0.210938,25.177001953125,16.9189453125
0.212891,25.982666015625,17.724609375
0.214844,26.5869140625,18.328857421875
0.216797,26.788330078125,18.731689453125
0.21875,26.788330078125,18.731689453125
0.220703,26.5869140625,18.5302734375
0.222656,26.18408203125,17.926025390625
0.224609,25.37841796875,17.32177734375
0.226562,24.57275390625,16.314697265625
0.228516,23.565673828125,15.509033203125
0.230469,22.55859375,14.501953125
0.232422,21.7529296875,13.6962890625
0.234375,20.947265625,12.890625
0.236328,20.54443359375,12.48779296875
0.238281,20.343017578125,12.0849609375
0.240234,20.343017578125,12.286376953125
0.242188,20.745849609375,12.48779296875
0.244141,21.148681640625,13.092041015625
0.246094,21.954345703125,13.897705078125
0.248047,22.96142578125,14.703369140625
0.25,23.968505859375,15.71044921875
0.251953,24.774169921875,16.717529296875
0.253906,25.579833984375,17.523193359375
0.255859,26.385498046875,18.12744140625
0.257812,26.788330078125,18.5302734375
0.259766,26.788330078125,18.731689453125
0.261719,26.788330078125,18.5302734375
0.263672,26.385498046875,18.12744140625
0.265625,25.579833984375,17.523193359375
0.267578,24.774169921875,16.717529296875
0.269531,23.968505859375,15.71044921875
0.271484,22.96142578125,14.703369140625
0.273438,21.954345703125,13.897705078125
0.275391,18.5302734375,-9.26513671875
0.277344,17.926025390625,-9.869384765625
0.279297,17.724609375,-10.272216796875
0.28125,17.724609375,-10.272216796875
0.283203,17.926025390625,-10.07080078125
0.285156,18.328857421875,-9.466552734375
0.287109,19.134521484375,-8.8623046875
0.289062,19.940185546875,-7.855224609375
0.291016,20.947265625,-6.84814453125
0.292969,21.954345703125,-6.04248046875
0.294922,22.760009765625,-5.035400390625
0.296875,23.3642578125,-4.43115234375
0.298828,23.968505859375,-3.826904296875
0.300781,24.169921875,-3.62548828125
0.302734,24.169921875,-3.62548828125
0.304688,23.76708984375,-4.0283203125
0.306641,23.162841796875,-4.632568359375
0.308594,22.55859375,-5.438232421875
0.310547,21.551513671875,-6.243896484375
0.3125,20.54443359375,-7.2509765625
0.314453,19.73876953125,-8.258056640625
0.316406,18.731689453125,-9.063720703125
0.318359,18.12744140625,-9.66796875
0.320312,17.724609375,-10.07080078125
0.322266,17.523193359375,-10.272216796875
0.324219,17.724609375,-10.07080078125
0.326172,18.12744140625,-9.66796875
0.328125,18.731689453125,-9.063720703125
0.330078,19.73876953125,-8.258056640625
0.332031,20.54443359375,-7.2509765625
0.333984,21.551513671875,-6.243896484375
0.335938,22.55859375,-5.438232421875
0.337891,23.162841796875,-4.632568359375
0.339844,23.76708984375,-4.0283203125
0.341797,24.169921875,-3.62548828125
0.34375,24.169921875,-3.62548828125
0.345703,23.968505859375,-3.826904296875
0.347656,23.3642578125,-4.43115234375
0.349609,22.760009765625,-5.035400390625
0.351562,21.954345703125,-6.04248046875
0.353516,20.947265625,-6.84814453125
0.355469,19.940185546875,-7.855224609375
0.357422,19.134521484375,-8.8623046875
0.359375,18.328857421875,-9.466552734375
0.361328,11.883544921875,-2.81982421875
0.363281,11.68212890625,-3.021240234375
0.365234,11.68212890625,-3.021240234375
0.367188,12.0849609375,-2.618408203125
0.369141,12.689208984375,-2.215576171875
0.371094,13.29345703125,-1.409912109375
0.373047,14.300537109375,-0.40283203125
0.375,15.3076171875,0.604248046875
0.376953,7.65380859375,36.053466796875
0.378906,8.45947265625,36.859130859375
0.380859,2.618408203125,48.944091796875
0.382812,3.021240234375,49.346923828125
0.384766,0.40283203125,37.664794921875
0.386719,0.201416015625,37.46337890625
0.388672,-0.201416015625,37.060546875
0.390625,-0.8056640625,36.456298828125
0.392578,-1.611328125,35.650634765625
0.394531,-2.618408203125,34.6435546875
0.396484,-3.62548828125,33.636474609375
0.398438,-4.43115234375,32.830810546875
0.400391,-5.23681640625,32.025146484375
0.402344,-5.841064453125,31.4208984375
0.404297,-6.243896484375,31.219482421875
0.40625,-6.243896484375,31.01806640625
0.408203,-6.04248046875,31.219482421875
0.410156,-5.438232421875,31.82373046875
0.412109,-4.833984375,32.427978515625
0.414062,-4.0283203125,33.43505859375
0.416016,-3.021240234375,34.442138671875
0.417969,-2.01416015625,35.247802734375
0.419922,-1.20849609375,36.2548828125
0.421875,-0.40283203125,36.859130859375
0.423828,0.0,37.46337890625
0.425781,0.40283203125,37.664794921875
0.427734,0.201416015625,37.664794921875
0.429688,0.0,37.261962890625
0.431641,-0.604248046875,36.65771484375
0.433594,-1.409912109375,35.85205078125
0.435547,-2.4169921875,35.04638671875
0.4375,-3.22265625,34.039306640625
0.439453,-4.229736328125,33.0322265625
0.441406,-5.035400390625,32.2265625
0.443359,-5.6396484375,31.622314453125
0.445312,-6.04248046875,31.219482421875
0.447266,-6.243896484375,31.01806640625
0.449219,-6.04248046875,31.219482421875
0.451172,-5.6396484375,31.622314453125
0.453125,-5.035400390625,32.2265625
0.455078,-4.229736328125,33.0322265625
0.457031,-3.22265625,34.039306640625
0.458984,-4.0283203125,7.855224609375
0.460938,-3.021240234375,8.8623046875
0.462891,-2.215576171875,9.66796875
0.464844,-1.611328125,10.07080078125
0.466797,-1.409912109375,10.4736328125
0.46875,-1.409912109375,10.4736328125
0.470703,-1.611328125,10.272216796875
0.472656,-2.01416015625,9.869384765625
0.474609,-2.81982421875,9.063720703125
0.476562,-2.81982421875,4.632568359375
0.478516,-3.62548828125,3.62548828125
0.480469,-4.632568359375,2.618408203125
0.482422,-5.6396484375,1.812744140625
0.484375,-6.243896484375,1.007080078125
0.486328,-6.84814453125,0.604248046875
0.488281,-7.049560546875,0.40283203125
0.490234,-7.049560546875,0.40283203125
0.492188,-6.646728515625,0.604248046875
0.494141,-6.04248046875,1.20849609375
0.496094,-5.23681640625,2.01416015625
0.498047,-4.43115234375,3.021240234375
0.5,-3.424072265625,4.0283203125
0.501953,-2.4169921875,4.833984375
0.503906,-1.611328125,5.6396484375
0.505859,-1.007080078125,6.4453125
0.507812,-0.604248046875,6.84814453125
0.509766,-0.40283203125,6.84814453125
0.511719,-0.604248046875,6.84814453125
0.513672,-1.007080078125,6.4453125
0.515625,-1.611328125,5.6396484375
0.517578,-2.4169921875,4.833984375
0.519531,-3.424072265625,4.0283203125
0.521484,-4.43115234375,3.021240234375
0.523438,-5.23681640625,2.01416015625
0.525391,-6.04248046875,1.20849609375
0.527344,-6.646728515625,0.604248046875
0.529297,-7.049560546875,0.40283203125
0.53125,-7.049560546875,0.40283203125
0.533203,-6.84814453125,0.604248046875
0.535156,-6.243896484375,1.007080078125
0.537109,-5.6396484375,1.812744140625
0.539062,-4.632568359375,2.618408203125
0.541016,-3.62548828125,3.62548828125
0.542969,-2.81982421875,4.632568359375
0.544922,-1.812744140625,5.438232421875
0.546875,-1.20849609375,6.243896484375
0.548828,-0.604248046875,6.646728515625
0.550781,3.021240234375,-2.215576171875
0.552734,3.021240234375,-2.4169921875
0.554688,2.618408203125,-2.618408203125
0.556641,2.01416015625,-3.22265625
0.558594,1.20849609375,-4.0283203125
0.560547,0.40283203125,-4.833984375
0.5625,-0.604248046875,-5.841064453125
0.564453,-1.611328125,-6.84814453125
0.566406,-2.4169921875,-7.65380859375
0.568359,-3.021240234375,-8.258056640625
0.570312,-3.424072265625,-8.660888671875
0.572266,-3.62548828125,-8.8623046875
0.574219,-3.424072265625,-8.660888671875
0.576172,-3.021240234375,-8.258056640625
0.578125,-0.201416015625,-7.855224609375
0.580078,1.611328125,-4.43115234375
0.582031,2.618408203125,-3.424072265625
0.583984,3.62548828125,-2.618408203125
0.585938,4.43115234375,-1.611328125
0.587891,5.23681640625,-0.8056640625
0.589844,5.841064453125,-0.201416015625
0.591797,6.243896484375,0.0
0.59375,6.243896484375,0.201416015625
0.595703,6.04248046875,-0.201416015625
0.597656,5.438232421875,-0.604248046875
0.599609,4.833984375,-1.409912109375
0.601562,3.826904296875,-2.215576171875
0.603516,3.021240234375,-3.22265625
0.605469,2.01416015625,-4.0283203125
0.607422,1.007080078125,-5.035400390625
0.609375,0.40283203125,-5.6396484375
0.611328,-0.201416015625,-6.243896484375
0.613281,-0.40283203125,-6.4453125
0.615234,-0.40283203125,-6.4453125
0.617188,0.0,-6.04248046875
0.619141,0.604248046875,-5.438232421875
0.621094,1.409912109375,-4.632568359375
0.623047,2.215576171875,-3.826904296875
0.625,3.22265625,-2.81982421875
0.626953,4.229736328125,-1.812744140625
0.628906,5.035400390625,-1.007080078125
0.630859,5.6396484375,-0.40283203125
0.632812,11.279296875,17.32177734375
0.634766,11.480712890625,17.32177734375
0.636719,11.279296875,17.32177734375
0.638672,10.87646484375,16.717529296875
0.640625,10.272216796875,16.11328125
0.642578,9.26513671875,15.3076171875
0.644531,8.45947265625,14.300537109375
0.646484,7.452392578125,13.494873046875
0.648438,16.717529296875,47.93701171875
0.650391,15.911865234375,47.13134765625
0.652344,15.3076171875,46.527099609375
0.654297,15.106201171875,46.32568359375
0.65625,19.134521484375,36.456298828125
0.658203,20.343017578125,33.0322265625
0.660156,20.745849609375,33.636474609375
0.662109,21.551513671875,34.24072265625
0.664062,22.357177734375,35.247802734375
0.666016,23.3642578125,36.053466796875
0.667969,24.57275390625,4.0283203125
0.669922,25.37841796875,4.833984375
0.671875,26.18408203125,5.6396484375
0.673828,26.5869140625,6.04248046875
0.675781,26.788330078125,6.4453125
0.677734,26.788330078125,6.243896484375
0.679688,26.5869140625,6.04248046875
0.681641,25.982666015625,5.438232421875
0.683594,25.177001953125,4.632568359375
0.685547,24.169921875,3.62548828125
0.6875,23.3642578125,2.81982421875
0.689453,20.54443359375,-7.65380859375
0.691406,19.73876953125,-8.45947265625
0.693359,19.134521484375,-9.063720703125
0.695312,18.731689453125,-9.466552734375
0.697266,18.5302734375,-9.66796875
0.699219,18.731689453125,-9.466552734375
0.701172,19.134521484375,-9.063720703125
0.703125,19.73876953125,-8.45947265625
0.705078,20.54443359375,-7.65380859375
0.707031,21.551513671875,-6.646728515625
0.708984,22.357177734375,-5.6396484375
0.710938,23.3642578125,-4.833984375
0.712891,24.169921875,-4.0283203125
0.714844,24.774169921875,-3.424072265625
0.716797,24.9755859375,-3.021240234375
0.71875,25.177001953125,-3.021240234375
0.720703,24.774169921875,-3.22265625
0.722656,24.371337890625,-3.826904296875
0.724609,23.565673828125,-4.43115234375
0.726562,22.760009765625,-5.438232421875
0.728516,21.7529296875,-6.243896484375
0.730469,19.134521484375,-7.2509765625
0.732422,18.12744140625,-8.056640625
0.734375,17.523193359375,-8.8623046875
0.736328,16.9189453125,-9.26513671875
0.738281,16.717529296875,-9.66796875
0.740234,16.717529296875,-9.466552734375
0.742188,17.120361328125,-9.26513671875
0.744141,17.724609375,-8.660888671875
0.746094,18.5302734375,-7.855224609375
0.748047,19.3359375,-7.049560546875
0.75,18.328857421875,-5.6396484375
0.751953,19.134521484375,-4.632568359375
0.753906,19.940185546875,-3.826904296875
0.755859,20.745849609375,-3.22265625
0.757812,21.148681640625,-2.81982421875
0.759766,21.148681640625,-2.618408203125
0.761719,21.148681640625,-2.81982421875
0.763672,20.745849609375,-3.22265625
0.765625,19.940185546875,-3.826904296875
0.767578,19.134521484375,-4.632568359375
0.769531,18.328857421875,-5.6396484375
0.771484,17.32177734375,-6.646728515625
0.773438,16.314697265625,-7.452392578125
0.775391,9.466552734375,11.480712890625
0.777344,8.8623046875,10.87646484375
0.779297,8.45947265625,10.675048828125
0.78125,8.45947265625,10.4736328125
0.783203,8.660888671875,10.87646484375
0.785156,9.26513671875,11.279296875
0.787109,9.869384765625,12.0849609375
0.789062,10.87646484375,12.890625
0.791016,11.68212890625,13.897705078125
0.792969,12.689208984375,14.703369140625
0.794922,13.494873046875,15.71044921875
0.796875,14.300537109375,16.314697265625
0.798828,14.703369140625,16.9189453125
0.800781,15.106201171875,17.120361328125
0.802734,14.90478515625,17.120361328125
0.804688,14.703369140625,16.717529296875
0.806641,14.09912109375,16.11328125
0.808594,13.29345703125,15.3076171875
0.810547,12.286376953125,14.501953125
0.8125,9.66796875,20.947265625
0.814453,8.660888671875,19.940185546875
0.816406,7.855224609375,19.134521484375
0.818359,7.2509765625,18.5302734375
0.820312,6.646728515625,18.12744140625
0.822266,6.646728515625,17.926025390625
0.824219,6.646728515625,18.12744140625
0.826172,7.2509765625,18.5302734375
0.828125,7.855224609375,19.134521484375
0.830078,8.660888671875,19.940185546875
0.832031,9.66796875,20.947265625
0.833984,10.4736328125,21.954345703125
0.835938,11.480712890625,22.760009765625
0.837891,12.286376953125,23.565673828125
0.839844,12.890625,24.169921875
0.841797,13.092041015625,24.57275390625
0.84375,13.092041015625,24.57275390625
0.845703,12.890625,24.371337890625
0.847656,12.48779296875,23.76708984375
0.849609,11.68212890625,23.162841796875
0.851562,10.87646484375,22.15576171875
0.853516,9.869384765625,21.35009765625
0.855469,8.8623046875,20.343017578125
0.857422,8.056640625,19.537353515625
0.859375,7.2509765625,18.731689453125
0.861328,6.84814453125,18.12744140625
0.863281,6.646728515625,17.926025390625
0.865234,6.646728515625,18.12744140625
0.867188,7.049560546875,18.328857421875
0.869141,7.65380859375,18.93310546875
0.871094,8.258056640625,19.73876953125
0.873047,9.26513671875,20.54443359375
0.875,10.272216796875,21.551513671875
0.876953,11.077880859375,22.55859375
0.878906,12.0849609375,23.3642578125
0.880859,12.689208984375,23.968505859375
0.882812,13.092041015625,24.371337890625
0.884766,13.29345703125,24.57275390625
0.886719,13.092041015625,24.371337890625
0.888672,12.689208984375,23.968505859375
0.890625,12.0849609375,23.3642578125
0.892578,11.077880859375,22.55859375
0.894531,10.272216796875,21.551513671875
0.896484,9.26513671875,20.54443359375
0.898438,8.258056640625,19.73876953125
0.900391,7.65380859375,18.93310546875
0.902344,7.049560546875,18.328857421875
0.904297,6.646728515625,18.12744140625
0.90625,6.646728515625,17.926025390625
0.908203,6.84814453125,18.12744140625
0.910156,7.2509765625,18.731689453125
0.912109,8.056640625,19.537353515625
0.914062,8.8623046875,20.343017578125
0.916016,9.869384765625,21.35009765625
0.917969,10.87646484375,22.15576171875
0.919922,11.68212890625,23.162841796875
0.921875,12.48779296875,23.76708984375
0.923828,12.890625,24.371337890625
0.925781,13.092041015625,24.57275390625
0.927734,13.092041015625,24.57275390625
0.929688,12.890625,24.169921875
0.931641,12.286376953125,23.565673828125
0.933594,11.480712890625,22.760009765625
0.935547,10.4736328125,21.954345703125
0.9375,0.201416015625,48.138427734375
0.939453,-0.604248046875,47.332763671875
0.941406,-1.409912109375,46.32568359375
0.943359,-4.229736328125,40.283203125
0.945312,-6.646728515625,25.177001953125
0.947266,-6.84814453125,25.177001953125
0.949219,-6.646728515625,25.177001953125
0.951172,-5.6396484375,-0.201416015625
0.953125,-5.035400390625,0.40283203125
0.955078,-4.229736328125,1.409912109375
0.957031,-3.22265625,2.215576171875
0.958984,-2.4169921875,3.22265625
0.960938,-1.409912109375,4.229736328125
0.962891,-0.604248046875,4.833984375
0.964844,0.0,5.438232421875
0.966797,0.201416015625,5.841064453125
0.96875,1.611328125,-1.611328125
0.970703,1.812744140625,-6.646728515625
0.972656,1.20849609375,-7.2509765625
0.974609,0.40283203125,-7.855224609375
0.976562,-0.40283203125,-8.660888671875
0.978516,-1.409912109375,-9.66796875
0.980469,-2.215576171875,-10.675048828125
0.982422,-3.22265625,-11.480712890625
0.984375,-3.826904296875,-12.286376953125
0.986328,-4.43115234375,-12.689208984375
0.988281,-4.632568359375,-13.092041015625
0.990234,-4.632568359375,-12.890625
0.992188,-1.812744140625,-11.279296875
0.994141,-1.20849609375,-10.675048828125
0.996094,-0.40283203125,-9.869384765625
0.998047,0.604248046875,-9.063720703125
1.0,1.409912109375,-8.056640625
1.001953,2.4169921875,-7.049560546875
1.003906,3.22265625,-6.243896484375
1.005859,3.826904296875,-5.6396484375
1.007812,4.43115234375,-5.23681640625
1.009766,4.43115234375,-5.035400390625
1.011719,4.43115234375,-5.23681640625
1.013672,3.826904296875,-5.6396484375
1.015625,3.22265625,-6.243896484375
1.017578,2.4169921875,-7.049560546875
1.019531,1.409912109375,-8.056640625
1.021484,0.604248046875,-9.063720703125
1.023438,-0.40283203125,-9.869384765625
1.025391,-1.20849609375,-10.675048828125
1.027344,-1.812744140625,-11.279296875
1.029297,-2.01416015625,-11.480712890625
1.03125,-2.01416015625,-11.68212890625
1.033203,-1.812744140625,-11.480712890625
1.035156,-1.409912109375,-10.87646484375
1.037109,-0.604248046875,-10.07080078125
1.039062,0.201416015625,-9.26513671875
1.041016,1.20849609375,-8.258056640625
1.042969,2.215576171875,-7.452392578125
1.044922,3.021240234375,-6.4453125
1.046875,3.62548828125,-5.841064453125
1.048828,4.229736328125,-5.23681640625
1.050781,4.43115234375,-5.035400390625
1.052734,4.43115234375,-5.035400390625
1.054688,4.0283203125,-5.438232421875
1.056641,3.424072265625,-6.04248046875
1.058594,2.81982421875,-6.84814453125
1.060547,1.812744140625,-7.65380859375
1.0625,7.855224609375,13.897705078125
1.064453,6.84814453125,13.092041015625
1.066406,6.04248046875,12.286376953125
1.068359,5.438232421875,11.480712890625
1.070312,5.035400390625,11.077880859375
1.072266,4.833984375,11.077880859375
1.074219,5.035400390625,11.077880859375
1.076172,5.438232421875,11.480712890625
1.078125,6.04248046875,12.286376953125
1.080078,6.84814453125,13.092041015625
1.082031,7.855224609375,13.897705078125
1.083984,8.8623046875,14.90478515625
1.085938,9.66796875,15.911865234375
1.087891,10.4736328125,16.717529296875
1.089844,11.077880859375,17.32177734375
1.091797,11.279296875,17.523193359375
1.09375,11.480712890625,17.523193359375
1.095703,11.077880859375,17.32177734375
1.097656,10.675048828125,16.9189453125
1.099609,9.869384765625,16.11328125
1.101562,9.063720703125,15.3076171875
1.103516,8.056640625,14.300537109375
1.105469,7.2509765625,13.29345703125
1.107422,6.243896484375,12.48779296875
1.109375,5.6396484375,11.68212890625
1.111328,5.035400390625,11.279296875
1.113281,4.833984375,11.077880859375
1.115234,4.833984375,11.077880859375
1.117188,5.23681640625,11.480712890625
1.119141,5.841064453125,11.883544921875
1.121094,6.646728515625,12.689208984375
1.123047,7.452392578125,13.6962890625
1.125,13.6962890625,34.844970703125
1.126953,14.703369140625,35.650634765625
1.128906,15.509033203125,36.65771484375
1.130859,16.11328125,37.261962890625
1.132812,16.51611328125,37.664794921875
1.134766,16.717529296875,37.8662109375
1.136719,16.51611328125,37.664794921875
1.138672,16.11328125,37.261962890625
1.140625,15.509033203125,36.65771484375
1.142578,14.703369140625,35.650634765625
1.144531,13.6962890625,34.844970703125
1.146484,12.689208984375,33.837890625
1.148438,11.883544921875,32.830810546875
1.150391,11.077880859375,32.2265625
1.152344,10.4736328125,31.622314453125
1.154297,10.272216796875,31.219482421875
1.15625,10.07080078125,31.219482421875
1.158203,10.272216796875,31.4208984375
1.160156,10.87646484375,32.025146484375
1.162109,11.480712890625,32.62939453125
1.164062,12.48779296875,33.43505859375
1.166016,21.148681640625,48.33984375
1.167969,22.15576171875,49.346923828125
1.169922,22.96142578125,50.35400390625
1.171875,23.565673828125,50.958251953125
1.173828,24.169921875,51.5625
1.175781,24.371337890625,51.763916015625
1.177734,24.371337890625,51.763916015625
1.179688,23.968505859375,51.361083984375
1.181641,23.3642578125,50.7568359375
1.183594,22.760009765625,49.951171875
1.185547,21.7529296875,49.1455078125
1.1875,20.745849609375,48.138427734375
1.189453,19.940185546875,47.13134765625
1.191406,18.93310546875,46.32568359375
1.193359,18.328857421875,45.721435546875
1.195312,17.926025390625,45.318603515625
1.197266,17.724609375,45.1171875
1.199219,17.926025390625,45.318603515625
1.201172,18.328857421875,45.721435546875
1.203125,18.93310546875,46.32568359375
1.205078,19.940185546875,47.13134765625
1.207031,20.745849609375,48.138427734375
1.208984,21.7529296875,49.1455078125
1.210938,22.760009765625,49.951171875
1.212891,23.3642578125,50.7568359375
1.214844,23.968505859375,51.361083984375
1.216797,24.371337890625,51.763916015625
1.21875,24.371337890625,51.763916015625
1.220703,24.169921875,51.5625
1.222656,23.565673828125,50.958251953125
1.224609,22.96142578125,50.35400390625
1.226562,22.15576171875,49.346923828125
1.228516,21.148681640625,48.33984375
1.230469,20.1416015625,47.5341796875
1.232422,19.3359375,46.527099609375
1.234375,21.954345703125,26.385498046875
1.236328,21.35009765625,25.78125
1.238281,21.148681640625,25.579833984375
1.240234,21.148681640625,25.78125
1.242188,21.551513671875,25.982666015625
1.244141,22.15576171875,26.5869140625
1.246094,21.551513671875,5.6396484375
1.248047,22.357177734375,6.4453125
1.25,23.3642578125,7.452392578125
1.251953,23.3642578125,-4.632568359375
1.253906,24.169921875,-3.826904296875
1.255859,24.774169921875,-3.021240234375
1.257812,25.177001953125,-2.618408203125
1.259766,25.37841796875,-2.618408203125
1.261719,14.90478515625,17.523193359375
1.263672,14.501953125,17.120361328125
1.265625,13.897705078125,16.51611328125
1.267578,12.890625,15.71044921875
1.269531,12.0849609375,14.703369140625
1.271484,11.077880859375,13.6962890625
1.273438,10.272216796875,12.890625
1.275391,9.466552734375,12.0849609375
1.277344,8.8623046875,11.480712890625
1.279297,8.45947265625,11.279296875
1.28125,8.45947265625,11.077880859375
1.283203,8.660888671875,11.279296875
1.285156,9.26513671875,11.883544921875
1.287109,9.869384765625,12.48779296875
1.289062,10.675048828125,13.494873046875
1.291016,8.056640625,28.60107421875
1.292969,7.2509765625,36.859130859375
1.294922,8.258056640625,37.664794921875
1.296875,8.8623046875,38.470458984375
1.298828,9.466552734375,38.873291015625
1.300781,9.66796875,39.07470703125
1.302734,9.466552734375,39.07470703125
1.304688,9.26513671875,38.873291015625
1.306641,8.660888671875,38.26904296875
1.308594,7.855224609375,37.46337890625
1.310547,7.049560546875,36.456298828125
1.3125,6.04248046875,35.650634765625
1.314453,5.035400390625,34.6435546875
1.316406,4.229736328125,33.837890625
1.318359,3.62548828125,33.233642578125
1.320312,3.22265625,32.62939453125
1.322266,3.021240234375,32.62939453125
1.324219,3.22265625,32.62939453125
1.326172,3.62548828125,33.233642578125
1.328125,4.229736328125,33.837890625
1.330078,5.035400390625,34.6435546875
1.332031,6.04248046875,35.650634765625
1.333984,7.049560546875,36.456298828125
1.335938,7.855224609375,37.46337890625
1.337891,8.660888671875,38.26904296875
1.339844,9.26513671875,38.873291015625
1.341797,9.466552734375,39.07470703125
1.34375,9.66796875,39.07470703125
1.345703,9.466552734375,38.873291015625
1.347656,8.8623046875,38.470458984375
1.349609,8.258056640625,37.664794921875
1.351562,7.2509765625,36.859130859375
1.353516,6.243896484375,35.85205078125
1.355469,5.438232421875,34.844970703125
1.357422,4.43115234375,34.039306640625
1.359375,3.826904296875,33.233642578125
1.361328,-4.43115234375,43.10302734375
1.363281,-4.833984375,42.901611328125
1.365234,-4.632568359375,42.901611328125
1.367188,-4.43115234375,43.304443359375
1.369141,-3.826904296875,43.90869140625
1.371094,-3.021240234375,44.71435546875
1.373047,-2.215576171875,45.52001953125
1.375,-1.20849609375,46.527099609375
1.376953,-0.201416015625,47.5341796875
1.378906,0.604248046875,48.33984375
1.380859,1.20849609375,48.944091796875
1.382812,1.611328125,49.346923828125
1.384766,1.812744140625,49.54833984375
1.386719,1.611328125,49.346923828125
1.388672,1.20849609375,48.944091796875
1.390625,-1.20849609375,43.90869140625
1.392578,-2.01416015625,43.10302734375
1.394531,-3.021240234375,42.29736328125
1.396484,-4.0283203125,41.290283203125
1.398438,-4.833984375,40.283203125
1.400391,-5.6396484375,39.4775390625
1.402344,-6.243896484375,38.873291015625
1.404297,-6.4453125,38.671875
1.40625,-6.646728515625,38.671875
1.408203,-6.4453125,38.873291015625
1.410156,-5.841064453125,39.276123046875
1.412109,-5.035400390625,40.081787109375
1.414062,-4.229736328125,40.887451171875
1.416016,-3.22265625,41.89453125
1.417969,-2.4169921875,42.901611328125
1.419922,-1.409912109375,43.707275390625
1.421875,-0.8056640625,44.512939453125
1.423828,-0.201416015625,44.915771484375
1.425781,0.0,45.1171875
1.427734,0.0,45.1171875
1.429688,-0.40283203125,44.71435546875
1.431641,-1.007080078125,44.110107421875
1.433594,-1.812744140625,43.505859375
1.435547,-2.618408203125,42.498779296875
1.4375,-3.62548828125,41.49169921875
1.439453,-4.632568359375,40.68603515625
1.441406,-5.438232421875,39.88037109375
1.443359,-6.04248046875,39.07470703125
1.445312,-6.4453125,38.671875
1.447266,-6.646728515625,38.671875
1.449219,-6.4453125,38.671875
1.451172,-6.04248046875,39.07470703125
1.453125,-5.438232421875,39.88037109375
1.455078,-4.632568359375,40.68603515625
1.457031,-3.62548828125,41.49169921875
1.458984,-3.021240234375,15.3076171875
1.460938,-2.01416015625,16.314697265625
1.462891,-1.20849609375,17.120361328125
1.464844,-0.604248046875,17.724609375
1.466797,-0.40283203125,17.926025390625
1.46875,-0.201416015625,17.926025390625
1.470703,-0.604248046875,17.724609375
1.472656,-1.007080078125,17.32177734375
1.474609,-1.812744140625,16.51611328125
1.476562,-2.618408203125,15.71044921875
1.478516,-3.62548828125,14.703369140625
1.480469,-4.632568359375,13.6962890625
1.482422,-5.438232421875,12.890625
1.484375,-6.04248046875,12.286376953125
1.486328,-6.646728515625,11.68212890625
1.488281,-6.84814453125,11.480712890625
1.490234,-6.84814453125,11.480712890625
1.492188,-6.4453125,11.883544921875
1.494141,-5.841064453125,12.48779296875
1.496094,-5.23681640625,13.092041015625
1.498047,-4.229736328125,14.09912109375
1.5,-3.22265625,15.106201171875
1.501953,-2.4169921875,15.911865234375
1.503906,-1.409912109375,16.9189453125
1.505859,-0.8056640625,17.523193359375
1.507812,-0.40283203125,17.926025390625
1.509766,-0.201416015625,18.12744140625
1.511719,-0.40283203125,17.926025390625
1.513672,-0.8056640625,17.523193359375
1.515625,-1.409912109375,16.9189453125
1.517578,-2.4169921875,15.911865234375
1.519531,-3.22265625,15.106201171875
1.521484,-4.229736328125,14.09912109375
1.523438,-5.841064453125,6.4453125
1.525391,-4.0283203125,-7.049560546875
1.527344,-4.632568359375,-7.65380859375
1.529297,-4.833984375,-8.056640625
1.53125,-5.035400390625,-8.056640625
1.533203,-4.833984375,-7.855224609375
1.535156,2.215576171875,-2.215576171875
1.537109,2.81982421875,-1.409912109375
1.539062,3.826904296875,-0.604248046875
1.541016,4.833984375,0.40283203125
1.542969,5.6396484375,1.409912109375
1.544922,11.68212890625,23.162841796875
1.546875,17.523193359375,44.512939453125
1.548828,17.926025390625,45.1171875
1.550781,18.328857421875,45.318603515625
1.552734,18.12744140625,45.318603515625
1.554688,17.926025390625,44.915771484375
1.556641,20.343017578125,49.951171875
1.558594,19.537353515625,49.1455078125
1.560547,18.731689453125,48.33984375
1.5625,17.724609375,47.332763671875
1.564453,16.717529296875,46.32568359375
1.566406,15.911865234375,45.52001953125
1.568359,15.3076171875,44.915771484375
1.570312,14.90478515625,44.512939453125
1.572266,14.703369140625,44.3115234375
1.574219,14.90478515625,44.512939453125
1.576172,18.5302734375,45.721435546875
1.578125,19.134521484375,46.32568359375
1.580078,19.940185546875,47.13134765625
1.582031,20.947265625,48.138427734375
1.583984,21.7529296875,48.944091796875
1.585938,22.760009765625,49.951171875
1.587891,23.565673828125,50.7568359375
1.589844,24.169921875,51.361083984375
1.591797,24.371337890625,51.5625
1.59375,24.57275390625,51.5625
1.595703,24.169921875,51.361083984375
1.597656,23.76708984375,50.958251953125
1.599609,22.96142578125,50.152587890625
1.601562,22.15576171875,49.346923828125
1.603516,21.148681640625,48.33984375
1.605469,20.343017578125,47.332763671875
1.607422,19.3359375,46.527099609375
1.609375,18.731689453125,45.9228515625
1.611328,18.12744140625,45.318603515625
1.613281,17.926025390625,45.1171875
1.615234,17.926025390625,45.1171875
1.617188,18.328857421875,45.52001953125
1.619141,18.93310546875,46.124267578125
1.621094,19.73876953125,46.728515625
1.623047,20.54443359375,47.735595703125
1.625,21.551513671875,48.74267578125
1.626953,22.55859375,49.54833984375
1.628906,23.3642578125,50.555419921875
1.630859,23.968505859375,51.15966796875
1.632812,24.371337890625,51.5625
1.634766,24.57275390625,51.763916015625
1.636719,26.788330078125,32.427978515625
1.638672,26.385498046875,32.025146484375
1.640625,25.579833984375,31.4208984375
1.642578,24.774169921875,30.413818359375
1.644531,23.968505859375,29.608154296875
1.646484,22.96142578125,28.60107421875
1.648438,21.954345703125,27.593994140625
1.650391,21.148681640625,26.98974609375
1.652344,20.745849609375,26.385498046875
1.654297,20.343017578125,25.982666015625
1.65625,20.343017578125,25.982666015625
1.658203,20.54443359375,26.18408203125
1.660156,20.947265625,26.788330078125
1.662109,21.7529296875,27.392578125
1.664062,23.162841796875,13.6962890625
1.666016,24.169921875,14.703369140625
1.667969,24.9755859375,15.71044921875
1.669922,25.982666015625,16.51611328125
1.671875,26.5869140625,17.120361328125
1.673828,26.18408203125,12.48779296875
1.675781,26.5869140625,12.689208984375
1.677734,26.385498046875,12.48779296875
1.679688,26.18408203125,12.286376953125
1.681641,25.579833984375,11.68212890625
1.683594,24.774169921875,10.87646484375
1.685547,23.76708984375,10.07080078125
1.6875,22.96142578125,9.063720703125
1.689453,21.954345703125,8.056640625
1.691406,21.148681640625,7.2509765625
1.693359,20.54443359375,6.646728515625
1.695312,20.1416015625,6.243896484375
1.697266,19.940185546875,6.04248046875
1.699219,20.1416015625,6.243896484375
1.701172,20.54443359375,6.646728515625
1.703125,21.148681640625,7.2509765625
1.705078,21.954345703125,8.056640625
1.707031,22.96142578125,9.063720703125
1.708984,23.76708984375,10.07080078125
1.710938,24.774169921875,10.87646484375
1.712891,25.579833984375,11.68212890625
1.714844,26.18408203125,12.286376953125
1.716797,26.385498046875,12.48779296875
1.71875,26.5869140625,12.689208984375
1.720703,26.18408203125,12.48779296875
1.722656,25.78125,11.883544921875
1.724609,24.9755859375,11.279296875
1.726562,24.169921875,10.272216796875
1.728516,23.162841796875,9.26513671875
1.730469,22.15576171875,8.45947265625
1.732422,21.35009765625,7.452392578125
1.734375,20.745849609375,6.84814453125
1.736328,20.1416015625,6.243896484375
1.738281,19.940185546875,6.04248046875
1.740234,19.940185546875,6.04248046875
1.742188,20.343017578125,6.4453125
1.744141,20.947265625,7.049560546875
1.746094,21.551513671875,7.855224609375
1.748047,22.55859375,8.660888671875
1.75,21.148681640625,-6.04248046875
1.751953,18.328857421875,-2.01416015625
1.753906,19.134521484375,-1.20849609375
1.755859,19.73876953125,-0.604248046875
1.757812,13.092041015625,24.371337890625
1.759766,13.29345703125,24.57275390625
1.761719,13.092041015625,24.371337890625
1.763672,12.689208984375,23.968505859375
1.765625,12.0849609375,23.3642578125
1.767578,11.077880859375,22.55859375
1.769531,4.833984375,38.470458984375
1.771484,3.826904296875,37.664794921875
1.773438,2.81982421875,36.65771484375
1.775391,2.215576171875,35.85205078125
1.777344,1.611328125,35.247802734375
1.779297,1.20849609375,35.04638671875
1.78125,1.20849609375,35.04638671875
1.783203,1.409912109375,35.247802734375
1.785156,2.01416015625,35.650634765625
1.787109,2.618408203125,36.456298828125
1.789062,3.424072265625,37.261962890625
1.791016,4.43115234375,38.26904296875
1.792969,5.438232421875,39.276123046875
1.794922,6.243896484375,40.081787109375
1.796875,7.049560546875,40.887451171875
1.798828,7.452392578125,41.290283203125
1.800781,7.855224609375,41.49169921875
1.802734,7.65380859375,41.49169921875
1.804688,7.452392578125,41.0888671875
1.806641,6.84814453125,40.484619140625
1.808594,6.04248046875,39.88037109375
1.810547,5.035400390625,38.873291015625
1.8125,4.229736328125,37.8662109375
1.814453,3.22265625,37.060546875
1.816406,2.4169921875,36.053466796875
1.818359,1.812744140625,35.44921875
1.820312,1.409912109375,35.04638671875
1.822266,1.20849609375,34.844970703125
1.824219,-0.201416015625,42.901611328125
1.826172,-3.424072265625,44.3115234375
1.828125,-2.618408203125,45.1171875
1.830078,-1.812744140625,45.9228515625
1.832031,-1.812744140625,46.728515625
1.833984,-1.007080078125,47.735595703125
1.835938,0.0,48.74267578125
1.837891,0.8056640625,49.54833984375
1.839844,1.409912109375,49.951171875
1.841797,1.611328125,50.35400390625
1.84375,1.611328125,50.35400390625
1.845703,1.409912109375,50.152587890625
1.847656,1.007080078125,49.749755859375
1.849609,0.201416015625,48.944091796875
1.851562,-0.604248046875,48.138427734375
1.853516,-1.611328125,47.13134765625
1.855469,-2.618408203125,46.124267578125
1.857422,-3.424072265625,45.318603515625
1.859375,-4.229736328125,44.512939453125
1.861328,-4.632568359375,44.110107421875
1.863281,-4.833984375,43.90869140625
1.865234,-4.833984375,43.90869140625
1.867188,-4.43115234375,44.3115234375
1.869141,-3.826904296875,44.71435546875
1.871094,-3.22265625,45.52001953125
1.873047,-2.215576171875,46.527099609375
1.875,-1.20849609375,47.5341796875
1.876953,-0.40283203125,48.33984375
1.878906,0.604248046875,49.1455078125
1.880859,1.20849609375,49.951171875
1.882812,1.611328125,50.35400390625
1.884766,1.812744140625,50.35400390625
1.886719,1.611328125,50.35400390625
1.888672,1.20849609375,49.951171875
1.890625,0.604248046875,49.1455078125
1.892578,-0.40283203125,48.33984375
1.894531,-1.20849609375,47.5341796875
1.896484,-2.215576171875,46.527099609375
1.898438,-3.22265625,45.52001953125
1.900391,-3.826904296875,44.71435546875
1.902344,-4.43115234375,44.3115234375
1.904297,-4.833984375,43.90869140625
1.90625,-4.833984375,43.90869140625
1.908203,-4.632568359375,44.110107421875
1.910156,-4.229736328125,44.512939453125
1.912109,-3.424072265625,45.318603515625
1.914062,-5.841064453125,14.300537109375
1.916016,-4.833984375,15.3076171875
1.917969,-3.826904296875,16.11328125
1.919922,-3.021240234375,17.120361328125
1.921875,-2.215576171875,17.724609375
1.923828,-1.812744140625,18.328857421875
1.925781,0.0,11.480712890625
1.927734,-0.201416015625,11.480712890625
1.929688,-0.40283203125,11.077880859375
1.931641,-1.007080078125,10.4736328125
1.933594,-1.812744140625,9.66796875
1.935547,-2.81982421875,8.8623046875
1.9375,-3.62548828125,7.855224609375
1.939453,-4.632568359375,6.84814453125
1.941406,-5.438232421875,6.04248046875
1.943359,-6.04248046875,5.438232421875
1.945312,-6.4453125,5.035400390625
1.947266,-5.438232421875,-11.279296875
1.949219,-5.23681640625,-11.077880859375
1.951172,-4.833984375,-10.675048828125
1.953125,-4.229736328125,-10.07080078125
1.955078,-3.424072265625,-9.26513671875
1.957031,-2.4169921875,-8.258056640625
1.958984,-1.409912109375,-7.2509765625
1.960938,-0.604248046875,-6.4453125
1.962891,0.201416015625,-5.6396484375
1.964844,0.8056640625,-5.035400390625
1.966797,1.007080078125,-4.632568359375
1.96875,1.20849609375,-4.632568359375
1.970703,1.007080078125,-4.833984375
1.972656,0.40283203125,-5.438232421875
1.974609,-0.40283203125,-6.04248046875
1.976562,-1.20849609375,-7.049560546875
1.978516,-2.215576171875,-7.855224609375
1.980469,-3.021240234375,-8.8623046875
1.982422,-4.0283203125,-9.66796875
1.984375,-4.632568359375,-10.4736328125
1.986328,-5.23681640625,-10.87646484375
1.988281,-5.438232421875,-11.279296875
1.990234,-5.438232421875,-11.077880859375
1.992188,-5.035400390625,-10.87646484375
1.994141,-4.43115234375,-10.272216796875
1.996094,-3.62548828125,-9.466552734375
1.998047,2.215576171875,-4.632568359375
2.0,3.021240234375,-3.62548828125
2.001953,7.65380859375,9.66796875
2.003906,8.45947265625,10.4736328125
2.005859,9.26513671875,11.279296875
2.007812,9.66796875,11.68212890625
2.009766,18.731689453125,44.3115234375
2.011719,18.5302734375,44.110107421875
2.013672,18.12744140625,43.707275390625
2.015625,24.371337890625,44.71435546875
2.017578,23.565673828125,43.90869140625
2.019531,22.55859375,42.901611328125
2.021484,21.551513671875,41.89453125
2.023438,20.745849609375,41.0888671875
2.025391,19.940185546875,40.283203125
2.027344,20.54443359375,32.025146484375
2.029297,20.343017578125,31.82373046875
2.03125,20.1416015625,31.622314453125
2.033203,20.343017578125,31.82373046875
2.035156,20.947265625,32.427978515625
2.037109,21.7529296875,33.233642578125
2.039062,22.55859375,34.039306640625
2.041016,23.3642578125,29.40673828125
2.042969,24.371337890625,30.21240234375
2.044922,25.177001953125,31.219482421875
2.046875,25.982666015625,31.82373046875
2.048828,26.385498046875,32.427978515625
2.050781,26.5869140625,32.62939453125
2.052734,26.5869140625,32.62939453125
2.054688,26.385498046875,32.2265625
2.056641,25.78125,31.622314453125
2.058594,24.9755859375,30.816650390625
2.060547,23.968505859375,30.010986328125
2.0625,23.162841796875,29.00390625
2.064453,22.15576171875,27.996826171875
2.066406,21.35009765625,27.191162109375
2.068359,20.745849609375,26.5869140625
2.070312,20.343017578125,26.18408203125
2.072266,20.1416015625,25.982666015625
2.074219,20.343017578125,26.18408203125
2.076172,20.745849609375,26.5869140625
2.078125,21.35009765625,27.191162109375
2.080078,22.15576171875,27.996826171875
2.082031,23.162841796875,29.00390625
2.083984,23.968505859375,30.010986328125
2.085938,24.774169921875,9.26513671875
2.087891,25.579833984375,10.07080078125
2.089844,26.18408203125,10.675048828125
2.091797,26.385498046875,11.077880859375
2.09375,26.5869140625,11.077880859375
2.095703,26.385498046875,10.87646484375
2.097656,25.78125,10.272216796875
2.099609,24.9755859375,9.66796875
2.101562,24.169921875,8.660888671875
2.103516,23.162841796875,7.855224609375
2.105469,22.357177734375,6.84814453125
2.107422,20.745849609375,-3.021240234375
2.109375,20.1416015625,-3.826904296875
2.111328,19.537353515625,-4.229736328125
2.113281,19.3359375,-4.43115234375
2.115234,19.3359375,-4.43115234375
2.117188,19.73876953125,-4.0283203125
2.119141,20.343017578125,-3.62548828125
2.121094,21.148681640625,-2.81982421875
2.123047,21.954345703125,-1.812744140625
2.125,22.96142578125,-0.8056640625
2.126953,23.968505859375,0.0
2.128906,24.774169921875,0.8056640625
2.130859,25.37841796875,1.611328125
2.132812,24.57275390625,-0.8056640625
2.134766,23.968505859375,-4.0283203125
2.136719,23.76708984375,-4.229736328125
2.138672,23.3642578125,-4.632568359375
2.140625,22.760009765625,-5.23681640625
2.142578,21.35009765625,-8.8623046875
2.144531,20.343017578125,-9.869384765625
2.146484,19.3359375,-10.675048828125
2.148438,18.5302734375,-11.68212890625
2.150391,17.724609375,-12.48779296875
2.152344,17.120361328125,-13.092041015625
2.154297,16.717529296875,-13.29345703125
2.15625,16.717529296875,-13.494873046875
2.158203,16.9189453125,-13.092041015625
2.160156,17.523193359375,-12.689208984375
2.162109,18.12744140625,-11.883544921875
2.164062,19.134521484375,-11.077880859375
2.166016,19.940185546875,-10.07080078125
2.167969,20.947265625,-9.26513671875
2.169922,21.7529296875,-8.258056640625
2.171875,22.55859375,-7.65380859375
2.173828,23.162841796875,-7.049560546875
2.175781,23.3642578125,-6.84814453125
2.177734,19.73876953125,2.01416015625
2.179688,16.51611328125,10.07080078125
2.181641,13.897705078125,16.11328125
2.183594,13.29345703125,15.3076171875
2.185547,8.660888671875,29.8095703125
2.1875,7.65380859375,28.802490234375
2.189453,6.84814453125,27.79541015625
2.191406,-2.215576171875,44.915771484375
2.193359,-4.833984375,42.498779296875
2.195312,-5.23681640625,42.095947265625
2.197266,-5.438232421875,41.89453125
2.199219,-5.23681640625,42.095947265625
2.201172,-4.833984375,42.498779296875
2.203125,-4.229736328125,43.10302734375
2.205078,-5.23681640625,20.745849609375
2.207031,-2.81982421875,-8.258056640625
2.208984,-1.812744140625,-7.2509765625
2.210938,-1.007080078125,-6.4453125
2.212891,-0.201416015625,-5.6396484375
2.214844,7.855224609375,3.22265625
2.216797,8.056640625,3.424072265625
2.21875,8.056640625,3.424072265625
2.220703,7.855224609375,3.22265625
2.222656,7.452392578125,2.81982421875
2.224609,6.646728515625,2.01416015625
2.226562,12.689208984375,28.399658203125
2.228516,18.328857421875,45.1171875
2.230469,18.5302734375,47.93701171875
2.232422,22.15576171875,33.636474609375
2.234375,21.35009765625,32.830810546875
2.236328,20.947265625,32.427978515625
2.238281,20.745849609375,32.2265625
2.240234,20.745849609375,32.2265625
2.242188,21.148681640625,32.62939453125
2.244141,21.551513671875,33.0322265625
2.246094,22.357177734375,33.837890625
2.248047,23.3642578125,34.844970703125
2.25,24.371337890625,35.85205078125
2.251953,25.177001953125,36.65771484375
2.253906,25.982666015625,37.46337890625
2.255859,26.788330078125,38.26904296875
2.257812,27.191162109375,38.671875
2.259766,27.191162109375,38.671875
2.261719,27.191162109375,38.671875
2.263672,26.788330078125,38.26904296875
2.265625,25.982666015625,37.46337890625
2.267578,25.177001953125,36.65771484375
2.269531,24.371337890625,35.85205078125
2.271484,23.3642578125,34.844970703125
2.273438,22.357177734375,6.646728515625
2.275391,21.551513671875,5.841064453125
2.277344,20.947265625,5.438232421875
2.279297,20.745849609375,5.035400390625
2.28125,20.54443359375,5.035400390625
2.283203,20.745849609375,5.23681640625
2.285156,21.35009765625,5.6396484375
2.287109,21.954345703125,6.4453125
2.289062,22.96142578125,7.2509765625
2.291016,23.968505859375,8.258056640625
2.292969,24.774169921875,9.26513671875
2.294922,25.78125,10.07080078125
2.296875,26.385498046875,10.87646484375
2.298828,26.98974609375,11.279296875
2.300781,27.191162109375,11.480712890625
2.302734,27.191162109375,11.480712890625
2.304688,26.788330078125,11.077880859375
2.306641,26.18408203125,10.675048828125
2.308594,25.37841796875,9.869384765625
2.310547,24.57275390625,8.8623046875
2.3125,23.565673828125,7.855224609375
2.314453,22.55859375,7.049560546875
2.316406,21.7529296875,6.243896484375
2.318359,18.328857421875,-9.66796875
2.320312,17.926025390625,-10.07080078125
2.322266,17.926025390625,-10.07080078125
2.324219,17.926025390625,-10.07080078125
2.326172,18.328857421875,-9.66796875
2.328125,19.134521484375,-8.8623046875
2.330078,19.940185546875,-8.056640625
2.332031,20.745849609375,-7.2509765625
2.333984,21.7529296875,-6.243896484375
2.335938,22.760009765625,-5.23681640625
2.337891,19.3359375,-1.409912109375
2.339844,16.11328125,9.869384765625
2.341797,16.51611328125,10.07080078125
2.34375,16.51611328125,10.272216796875
2.345703,16.314697265625,9.869384765625
2.347656,15.71044921875,9.466552734375
2.349609,15.106201171875,8.660888671875
2.351562,14.300537109375,7.855224609375
2.353516,13.29345703125,6.84814453125
2.355469,12.286376953125,5.841064453125
2.357422,11.480712890625,5.035400390625
2.359375,10.675048828125,4.43115234375
2.361328,10.272216796875,3.826904296875
2.363281,10.07080078125,3.62548828125
2.365234,10.07080078125,3.62548828125
2.367188,10.272216796875,4.0283203125
2.369141,10.87646484375,4.632568359375
2.371094,11.68212890625,5.23681640625
2.373047,12.689208984375,6.243896484375
2.375,13.494873046875,7.2509765625
2.376953,14.501953125,8.056640625
2.378906,15.3076171875,9.063720703125
2.380859,15.911865234375,9.66796875
2.382812,16.51611328125,10.07080078125
2.384766,9.869384765625,36.65771484375
2.386719,9.66796875,36.65771484375
2.388672,9.26513671875,36.053466796875
2.390625,0.201416015625,47.5341796875
2.392578,-0.604248046875,46.728515625
2.394531,-1.409912109375,45.721435546875
2.396484,-2.4169921875,44.71435546875
2.398438,-3.424072265625,43.90869140625
2.400391,-4.229736328125,43.10302734375
2.402344,-4.632568359375,42.498779296875
2.404297,-5.035400390625,42.095947265625
2.40625,-7.65380859375,18.731689453125
2.408203,-6.646728515625,11.480712890625
2.410156,-6.243896484375,12.0849609375
2.412109,-5.035400390625,-2.4169921875
2.414062,-4.0283203125,-1.611328125
2.416016,-3.22265625,-0.604248046875
2.417969,-2.215576171875,0.40283203125
2.419922,5.23681640625,-1.812744140625
2.421875,6.04248046875,-1.007080078125
2.423828,9.26513671875,9.869384765625
2.425781,13.092041015625,24.57275390625
2.427734,13.092041015625,24.57275390625
2.429688,12.890625,24.169921875
2.431641,12.286376953125,23.565673828125
2.433594,11.480712890625,22.760009765625
2.435547,10.4736328125,21.954345703125
2.4375,9.66796875,20.947265625
2.439453,8.660888671875,19.940185546875
2.441406,7.855224609375,19.134521484375
2.443359,7.2509765625,18.5302734375
2.445312,6.646728515625,18.12744140625
2.447266,6.646728515625,17.926025390625
2.449219,6.646728515625,18.12744140625
2.451172,7.2509765625,18.5302734375
2.453125,7.855224609375,19.134521484375
2.455078,8.660888671875,19.940185546875
2.457031,9.66796875,20.947265625
2.458984,10.4736328125,21.954345703125
2.460938,13.29345703125,29.40673828125
2.462891,17.32177734375,41.693115234375
2.464844,17.926025390625,42.29736328125
2.466797,18.328857421875,42.7001953125
2.46875,18.328857421875,42.7001953125
2.470703,18.12744140625,42.498779296875
2.472656,17.724609375,41.89453125
2.474609,23.162841796875,47.332763671875
2.476562,23.968505859375,36.2548828125
2.478516,23.76708984375,29.00390625
2.480469,22.96142578125,28.1982421875
2.482422,21.954345703125,27.191162109375
2.484375,21.35009765625,0.201416015625
2.486328,20.745849609375,-0.40283203125
2.488281,17.926025390625,-11.883544921875
2.490234,17.926025390625,-11.68212890625
2.492188,7.049560546875,18.328857421875
2.494141,7.65380859375,18.93310546875
2.496094,8.258056640625,19.73876953125
2.498047,9.26513671875,20.54443359375
2.5,10.272216796875,21.551513671875
2.501953,11.077880859375,22.55859375
2.503906,12.0849609375,23.3642578125
2.505859,9.063720703125,36.456298828125
2.507812,9.466552734375,36.859130859375
2.509766,9.66796875,37.060546875
2.511719,9.466552734375,36.859130859375
2.513672,9.063720703125,36.456298828125
2.515625,8.45947265625,35.85205078125
2.517578,7.65380859375,35.04638671875
2.519531,3.62548828125,46.124267578125
2.521484,2.618408203125,45.318603515625
2.523438,1.812744140625,44.3115234375
2.525391,1.007080078125,43.505859375
2.527344,0.40283203125,42.901611328125
2.529297,0.0,42.7001953125
2.53125,0.0,42.498779296875
2.533203,-4.0283203125,46.929931640625
2.535156,-4.632568359375,43.707275390625
2.537109,-3.826904296875,44.3115234375
2.539062,-3.021240234375,45.318603515625
2.541016,-2.01416015625,46.124267578125
2.542969,-3.22265625,29.8095703125
2.544922,-1.409912109375,4.229736328125
2.546875,1.812744140625,-4.43115234375
2.548828,2.4169921875,-3.826904296875
2.550781,2.618408203125,-3.62548828125
2.552734,2.618408203125,-3.62548828125
2.554688,2.215576171875,-4.0283203125
2.556641,1.611328125,-4.632568359375
2.558594,0.8056640625,-5.438232421875
2.560547,0.0,-6.243896484375
2.5625,-1.007080078125,-7.2509765625
2.564453,-2.01416015625,-8.258056640625
2.566406,-2.81982421875,-9.063720703125
2.568359,-3.424072265625,-9.66796875
2.570312,-3.826904296875,-10.07080078125
2.572266,-4.0283203125,-10.272216796875
2.574219,-3.826904296875,-10.07080078125
2.576172,-3.424072265625,-9.66796875
2.578125,-2.81982421875,-9.063720703125
2.580078,-0.604248046875,-7.855224609375
2.582031,4.229736328125,1.812744140625
2.583984,5.23681640625,2.81982421875
2.585938,6.243896484375,3.826904296875
2.587891,6.84814453125,4.43115234375
2.589844,7.452392578125,5.035400390625
2.591797,7.855224609375,5.438232421875
2.59375,7.855224609375,5.438232421875
2.595703,7.65380859375,5.23681640625
2.597656,7.049560546875,4.632568359375
2.599609,6.4453125,4.0283203125
2.601562,5.6396484375,3.22265625
2.603516,4.632568359375,2.215576171875
2.605469,3.62548828125,1.20849609375
2.607422,2.81982421875,0.40283203125
2.609375,2.01416015625,-0.40283203125
2.611328,1.611328125,-0.8056640625
2.613281,1.409912109375,-1.20849609375
2.615234,1.409912109375,-1.007080078125
2.617188,1.611328125,-0.8056640625
2.619141,7.65380859375,19.134521484375
2.621094,8.258056640625,19.940185546875
2.623047,9.26513671875,20.745849609375
2.625,10.272216796875,21.7529296875
2.626953,11.077880859375,22.760009765625
2.628906,12.0849609375,23.565673828125
2.630859,12.689208984375,24.169921875
2.632812,13.092041015625,24.57275390625
2.634766,13.29345703125,24.774169921875
2.636719,13.092041015625,24.57275390625
2.638672,12.689208984375,24.169921875
2.640625,12.0849609375,23.565673828125
2.642578,11.077880859375,22.760009765625
2.644531,10.272216796875,21.7529296875
2.646484,9.26513671875,20.745849609375
2.648438,8.258056640625,19.940185546875
2.650391,7.65380859375,19.134521484375
2.652344,7.049560546875,18.5302734375
2.654297,6.646728515625,18.12744140625
2.65625,6.646728515625,18.12744140625
2.658203,6.84814453125,18.328857421875
2.660156,7.2509765625,18.93310546875
2.662109,8.056640625,19.537353515625
2.664062,8.8623046875,20.54443359375
2.666016,9.869384765625,21.35009765625
2.667969,10.87646484375,22.357177734375
2.669922,11.68212890625,23.162841796875
2.671875,19.537353515625,45.52001953125
2.673828,20.1416015625,46.124267578125
2.675781,20.343017578125,46.32568359375
2.677734,20.1416015625,46.32568359375
2.679688,19.940185546875,45.9228515625
2.681641,19.3359375,45.318603515625
2.683594,18.5302734375,44.512939453125
2.685547,17.724609375,43.707275390625
2.6875,16.717529296875,42.7001953125
2.689453,15.71044921875,41.89453125
2.691406,14.90478515625,40.887451171875
2.693359,14.300537109375,40.283203125
2.695312,13.897705078125,39.88037109375
2.697266,13.6962890625,39.678955078125
2.699219,13.897705078125,39.88037109375
2.701172,17.120361328125,47.5341796875
2.703125,17.724609375,48.138427734375
2.705078,18.5302734375,48.944091796875
2.707031,19.537353515625,49.951171875
2.708984,20.54443359375,50.958251953125
2.710938,21.35009765625,51.763916015625
2.712891,23.3642578125,51.361083984375
2.714844,23.968505859375,51.96533203125
2.716797,24.169921875,52.3681640625
2.71875,24.371337890625,52.3681640625
2.720703,23.968505859375,52.166748046875
2.722656,23.565673828125,51.5625
2.724609,22.760009765625,50.958251953125
2.726562,21.954345703125,49.951171875
2.728516,24.57275390625,14.501953125
2.730469,23.565673828125,13.6962890625
2.732422,22.760009765625,12.689208984375
2.734375,21.7529296875,5.23681640625
2.736328,21.35009765625,4.632568359375
2.738281,20.1416015625,-8.056640625
2.740234,20.1416015625,-8.056640625
2.742188,20.343017578125,-7.65380859375
2.744141,20.947265625,-7.049560546875
2.746094,21.7529296875,-6.4453125
2.748047,22.760009765625,-5.438232421875
2.75,23.565673828125,-4.43115234375
2.751953,24.57275390625,-3.62548828125
2.753906,25.37841796875,-2.81982421875
2.755859,25.982666015625,-2.01416015625
2.757812,26.5869140625,-1.611328125
2.759766,26.5869140625,-1.611328125
2.761719,26.5869140625,-1.611328125
2.763672,25.982666015625,-2.01416015625
2.765625,25.37841796875,-2.81982421875
2.767578,24.57275390625,-3.62548828125
2.769531,23.565673828125,-4.43115234375
2.771484,22.760009765625,-5.438232421875
2.773438,21.7529296875,-6.4453125
2.775391,15.911865234375,-11.279296875
2.777344,15.3076171875,-11.883544921875
2.779297,15.106201171875,-12.286376953125
2.78125,14.90478515625,-12.286376953125
2.783203,15.3076171875,-12.0849609375
2.785156,15.71044921875,-11.480712890625
2.787109,16.51611328125,-10.87646484375
2.789062,17.32177734375,-9.869384765625
2.791016,18.328857421875,-9.063720703125
2.792969,19.3359375,-8.056640625
2.794922,20.1416015625,-7.2509765625
2.796875,20.745849609375,-6.4453125
2.798828,21.35009765625,-6.04248046875
2.800781,21.551513671875,-5.6396484375
2.802734,21.551513671875,-5.841064453125
2.804688,21.148681640625,-6.04248046875
2.806641,20.54443359375,-6.646728515625
2.808594,19.73876953125,-7.452392578125
2.810547,18.93310546875,-8.258056640625
2.8125,17.926025390625,-9.26513671875
2.814453,16.9189453125,-10.272216796875
2.816406,16.11328125,-11.077880859375
2.818359,15.509033203125,-11.68212890625
2.820312,15.106201171875,-12.0849609375
2.822266,14.90478515625,-12.286376953125
2.824219,15.106201171875,-12.0849609375
2.826172,15.509033203125,-11.68212890625
2.828125,11.279296875,6.243896484375
2.830078,12.0849609375,7.049560546875
2.832031,13.092041015625,7.855224609375
2.833984,13.897705078125,8.8623046875
2.835938,14.90478515625,9.869384765625
2.837891,15.71044921875,10.675048828125
2.839844,16.314697265625,11.077880859375
2.841797,16.51611328125,11.480712890625
2.84375,16.51611328125,11.480712890625
2.845703,16.314697265625,11.279296875
2.847656,15.911865234375,10.87646484375
2.849609,15.106201171875,10.07080078125
2.851562,14.300537109375,9.26513671875
2.853516,13.29345703125,8.258056640625
2.855469,12.286376953125,7.2509765625
2.857422,11.480712890625,6.4453125
2.859375,10.675048828125,5.6396484375
2.861328,10.272216796875,5.23681640625
2.863281,10.07080078125,5.035400390625
2.865234,10.07080078125,5.035400390625
2.867188,10.4736328125,5.23681640625
2.869141,11.077880859375,5.841064453125
2.871094,11.68212890625,6.646728515625
2.873047,12.689208984375,7.65380859375
2.875,13.6962890625,8.660888671875
2.876953,14.501953125,9.466552734375
2.878906,15.509033203125,10.272216796875
2.880859,16.11328125,11.077880859375
2.882812,16.51611328125,11.480712890625
2.884766,16.717529296875,11.480712890625
2.886719,9.466552734375,37.8662109375
2.888672,9.063720703125,37.46337890625
2.890625,8.45947265625,36.859130859375
2.892578,7.65380859375,36.053466796875
2.894531,6.646728515625,35.04638671875
2.896484,5.6396484375,34.039306640625
2.898438,4.833984375,33.233642578125
2.900391,4.0283203125,32.427978515625
2.902344,3.424072265625,31.82373046875
2.904297,3.22265625,31.4208984375
2.90625,3.021240234375,31.4208984375
2.908203,3.424072265625,31.622314453125
2.910156,0.604248046875,42.901611328125
2.912109,1.409912109375,43.707275390625
2.914062,2.215576171875,44.512939453125
2.916016,3.22265625,45.52001953125
2.917969,4.229736328125,46.527099609375
2.919922,5.035400390625,47.332763671875
2.921875,5.841064453125,48.138427734375
2.923828,1.007080078125,49.749755859375
2.925781,1.20849609375,49.951171875
2.927734,1.20849609375,49.951171875
2.929688,0.8056640625,49.54833984375
2.931641,0.40283203125,49.1455078125
2.933594,-0.40283203125,48.33984375
2.935547,-1.409912109375,47.332763671875
2.9375,-2.4169921875,46.32568359375
2.939453,-3.22265625,45.52001953125
2.941406,-4.0283203125,44.71435546875
2.943359,-4.833984375,43.90869140625
2.945312,-5.23681640625,43.505859375
2.947266,-5.23681640625,43.505859375
2.949219,-5.23681640625,43.505859375
2.951172,-4.833984375,43.90869140625
2.953125,-4.0283203125,44.71435546875
2.955078,-3.22265625,45.52001953125
2.957031,-2.4169921875,46.32568359375
2.958984,-1.409912109375,47.332763671875
2.960938,-0.40283203125,48.33984375
2.962891,-1.812744140625,30.615234375
2.964844,-1.20849609375,31.219482421875
2.966797,-0.8056640625,31.622314453125
2.96875,-0.604248046875,25.177001953125
2.970703,-0.8056640625,24.774169921875
2.972656,1.812744140625,-3.021240234375
2.974609,1.20849609375,-3.826904296875
2.976562,0.201416015625,-4.632568359375
2.978516,2.01416015625,-6.84814453125
2.980469,1.007080078125,-7.855224609375
2.982422,4.632568359375,4.833984375
2.984375,3.826904296875,4.229736328125
2.986328,3.424072265625,3.62548828125
2.988281,3.021240234375,3.424072265625
2.990234,3.22265625,3.424072265625
2.992188,3.424072265625,3.826904296875
2.994141,4.0283203125,4.43115234375
2.996094,4.833984375,5.23681640625
2.998047,5.841064453125,6.04248046875
3.0,6.646728515625,7.049560546875
3.001953,7.65380859375,8.056640625
3.003906,8.45947265625,8.8623046875
3.005859,9.063720703125,9.466552734375
3.007812,9.466552734375,9.869384765625
3.009766,9.66796875,10.07080078125
3.011719,9.466552734375,9.869384765625
3.013672,12.689208984375,23.968505859375
3.015625,12.0849609375,23.3642578125
3.017578,11.077880859375,22.55859375
3.019531,10.272216796875,21.551513671875
3.021484,9.26513671875,20.54443359375
3.023438,8.258056640625,19.73876953125
3.025391,7.65380859375,18.93310546875
3.027344,7.049560546875,18.328857421875
3.029297,6.646728515625,17.926025390625
3.03125,6.646728515625,17.926025390625
3.033203,6.84814453125,18.12744140625
3.035156,7.2509765625,18.731689453125
3.037109,8.056640625,19.3359375
3.039062,8.8623046875,20.1416015625
3.041016,9.869384765625,21.148681640625
3.042969,10.87646484375,22.15576171875
3.044922,11.68212890625,22.96142578125
3.046875,12.48779296875,23.76708984375
3.048828,12.890625,24.169921875
3.050781,13.092041015625,24.57275390625
3.052734,13.092041015625,24.371337890625
3.054688,12.890625,24.169921875
3.056641,12.286376953125,23.565673828125
3.058594,11.480712890625,22.760009765625
3.060547,10.4736328125,21.7529296875
3.0625,9.66796875,20.947265625
3.064453,8.660888671875,19.940185546875
3.066406,7.855224609375,19.134521484375
3.068359,7.2509765625,18.5302734375
3.070312,6.646728515625,18.12744140625
3.072266,6.646728515625,17.926025390625
3.074219,6.646728515625,18.12744140625
3.076172,7.2509765625,18.5302734375
3.078125,7.855224609375,19.134521484375
3.080078,10.4736328125,26.385498046875
3.082031,16.314697265625,43.10302734375
3.083984,17.32177734375,43.90869140625
3.085938,18.12744140625,44.915771484375
3.087891,18.93310546875,45.721435546875
3.089844,19.537353515625,46.32568359375
3.091797,19.940185546875,46.527099609375
3.09375,19.940185546875,46.728515625
3.095703,20.947265625,50.958251953125
3.097656,20.343017578125,50.35400390625
3.099609,19.73876953125,49.749755859375
3.101562,18.731689453125,48.74267578125
3.103516,17.926025390625,47.93701171875
3.105469,16.9189453125,46.929931640625
3.107422,15.911865234375,46.124267578125
3.109375,15.3076171875,45.318603515625
3.111328,14.703369140625,44.915771484375
3.113281,14.501953125,44.512939453125
3.115234,14.501953125,44.71435546875
3.117188,14.90478515625,44.915771484375
3.119141,19.940185546875,38.067626953125
3.121094,20.745849609375,38.873291015625
3.123047,21.551513671875,39.88037109375
3.125,22.55859375,40.68603515625
3.126953,23.565673828125,41.693115234375
3.128906,24.371337890625,42.498779296875
3.130859,24.9755859375,43.10302734375
3.132812,26.18408203125,38.26904296875
3.134766,26.385498046875,38.470458984375
3.136719,26.18408203125,38.26904296875
3.138672,25.78125,37.8662109375
3.140625,25.177001953125,37.261962890625
3.142578,24.371337890625,36.456298828125
3.144531,23.3642578125,35.44921875
3.146484,22.55859375,34.442138671875
3.148438,21.551513671875,33.636474609375
3.150391,20.745849609375,32.830810546875
3.152344,20.1416015625,32.2265625
3.154297,19.940185546875,31.82373046875
3.15625,19.73876953125,31.82373046875
3.158203,20.1416015625,32.025146484375
3.160156,20.54443359375,32.62939453125
3.162109,21.954345703125,27.593994140625
3.164062,23.76708984375,21.148681640625
3.166016,24.774169921875,21.954345703125
3.167969,25.579833984375,22.96142578125
3.169922,24.57275390625,-2.4169921875
3.171875,25.37841796875,-1.611328125
3.173828,25.982666015625,-1.20849609375
3.175781,21.7529296875,-2.4169921875
3.177734,21.7529296875,-2.4169921875
3.179688,21.35009765625,-2.81982421875
3.181641,20.745849609375,-3.424072265625
3.183594,19.940185546875,-4.229736328125
3.185547,17.523193359375,-3.826904296875
3.1875,16.51611328125,-4.632568359375
3.189453,15.71044921875,-5.6396484375
3.191406,14.90478515625,-6.4453125
3.193359,14.09912109375,-7.049560546875
3.195312,13.6962890625,-7.452392578125
3.197266,13.6962890625,-7.65380859375
3.199219,13.6962890625,-7.452392578125
3.201172,14.09912109375,-7.049560546875
3.203125,14.90478515625,-6.4453125
3.205078,15.71044921875,-5.6396484375
3.207031,16.51611328125,-4.632568359375
3.208984,17.523193359375,-3.826904296875
3.210938,18.5302734375,-2.81982421875
3.212891,19.3359375,-2.01416015625
3.214844,19.73876953125,-1.409912109375
3.216797,20.1416015625,-1.20849609375
3.21875,20.1416015625,-1.007080078125
3.220703,19.940185546875,-1.409912109375
3.222656,19.537353515625,-1.812744140625
3.224609,18.731689453125,-2.618408203125
3.226562,17.926025390625,-3.424072265625
3.228516,16.9189453125,-4.43115234375
3.230469,15.911865234375,-5.438232421875
3.232422,15.106201171875,-6.243896484375
3.234375,14.300537109375,-6.84814453125
3.236328,13.897705078125,-7.452392578125
3.238281,13.6962890625,-7.65380859375
3.240234,13.6962890625,-7.65380859375
3.242188,14.09912109375,-7.2509765625
3.244141,14.501953125,-6.646728515625
3.246094,15.3076171875,-5.841064453125
3.248047,16.314697265625,-5.035400390625
3.25,17.32177734375,-4.0283203125
3.251953,18.12744140625,-3.22265625
3.253906,18.93310546875,-2.215576171875
3.255859,19.73876953125,-1.611328125
3.257812,20.1416015625,-1.20849609375
3.259766,13.29345703125,24.57275390625
3.261719,13.092041015625,24.371337890625
3.263672,12.689208984375,23.968505859375
3.265625,12.0849609375,23.3642578125
3.267578,11.077880859375,22.55859375
3.269531,10.272216796875,21.551513671875
3.271484,9.26513671875,20.54443359375
3.273438,8.258056640625,19.73876953125
3.275391,7.65380859375,18.93310546875
3.277344,7.049560546875,18.328857421875
3.279297,6.646728515625,17.926025390625
3.28125,4.833984375,25.37841796875
3.283203,5.035400390625,25.579833984375
3.285156,5.6396484375,26.18408203125
3.287109,6.243896484375,26.788330078125
3.289062,7.2509765625,27.79541015625
3.291016,8.056640625,28.802490234375
3.292969,9.063720703125,29.608154296875
3.294922,10.07080078125,30.615234375
3.296875,10.675048828125,31.219482421875
3.298828,11.279296875,31.82373046875
3.300781,11.480712890625,32.025146484375
3.302734,11.480712890625,32.025146484375
3.304688,11.077880859375,31.622314453125
3.306641,10.4736328125,31.01806640625
3.308594,9.66796875,30.21240234375
3.310547,8.8623046875,29.40673828125
3.3125,7.855224609375,28.399658203125
3.314453,2.01416015625,44.915771484375
3.316406,1.20849609375,44.110107421875
3.318359,0.604248046875,43.505859375
3.320312,0.201416015625,43.10302734375
3.322266,0.0,42.901611328125
3.324219,0.201416015625,43.10302734375
3.326172,0.604248046875,43.505859375
3.328125,1.20849609375,44.110107421875
3.330078,2.01416015625,44.915771484375
3.332031,3.021240234375,45.9228515625
3.333984,4.0283203125,46.929931640625
3.335938,4.833984375,47.735595703125
3.337891,5.6396484375,48.541259765625
3.339844,6.243896484375,49.1455078125
3.341797,6.646728515625,49.54833984375
3.34375,6.646728515625,49.54833984375
3.345703,6.4453125,49.346923828125
3.347656,5.841064453125,48.74267578125
3.349609,5.23681640625,48.138427734375
3.351562,4.229736328125,47.13134765625
3.353516,3.424072265625,46.32568359375
3.355469,2.4169921875,45.318603515625
3.357422,1.611328125,44.512939453125
3.359375,0.8056640625,43.707275390625
3.361328,0.40283203125,43.304443359375
3.363281,0.0,42.901611328125
3.365234,0.201416015625,43.10302734375
3.367188,0.40283203125,43.304443359375
3.369141,1.007080078125,43.90869140625
3.371094,1.812744140625,44.71435546875
3.373047,2.618408203125,45.52001953125
3.375,3.62548828125,46.527099609375
3.376953,4.632568359375,47.5341796875
3.378906,5.438232421875,48.33984375
3.380859,6.04248046875,48.944091796875
3.382812,6.4453125,49.346923828125
3.384766,6.646728515625,49.54833984375
3.386719,6.4453125,49.346923828125
3.388672,6.04248046875,48.944091796875
3.390625,5.438232421875,48.33984375
3.392578,4.632568359375,47.5341796875
3.394531,3.62548828125,46.527099609375
3.396484,2.618408203125,45.52001953125
3.398438,1.812744140625,44.71435546875
3.400391,1.007080078125,43.90869140625
3.402344,0.40283203125,43.304443359375
3.404297,0.201416015625,43.10302734375
3.40625,-5.035400390625,42.498779296875
3.408203,-4.833984375,42.7001953125
3.410156,-4.43115234375,43.304443359375
3.412109,-3.62548828125,43.90869140625
3.414062,-2.81982421875,44.915771484375
3.416016,-1.812744140625,45.721435546875
3.417969,-0.8056640625,46.728515625
3.419922,-1.409912109375,42.498779296875
3.421875,-0.604248046875,43.10302734375
3.423828,-0.201416015625,43.707275390625
3.425781,0.0,43.90869140625
3.427734,0.0,43.90869140625
3.429688,-0.604248046875,39.4775390625
3.431641,-1.20849609375,39.07470703125
3.433594,-2.01416015625,38.26904296875
3.435547,-3.021240234375,37.261962890625
3.4375,-3.826904296875,36.2548828125
3.439453,-4.833984375,35.44921875
3.441406,-5.6396484375,34.6435546875
3.443359,-6.243896484375,33.837890625
3.445312,-6.84814453125,33.43505859375
3.447266,-6.84814453125,33.43505859375
3.449219,-6.84814453125,33.43505859375
3.451172,-6.243896484375,33.837890625
3.453125,-5.6396484375,34.6435546875
3.455078,-4.833984375,35.44921875
3.457031,-3.826904296875,36.2548828125
3.458984,-3.021240234375,37.261962890625
3.460938,-2.01416015625,38.26904296875
3.462891,-1.611328125,24.371337890625
3.464844,-1.007080078125,24.9755859375
3.466797,-0.604248046875,25.37841796875
3.46875,-0.604248046875,25.37841796875
3.470703,-0.8056640625,25.177001953125
3.472656,-1.409912109375,24.57275390625
3.474609,-2.01416015625,23.968505859375
3.476562,-3.021240234375,22.96142578125
3.478516,-3.826904296875,22.15576171875
3.480469,-4.833984375,21.148681640625
3.482422,-5.6396484375,20.1416015625
3.484375,-6.4453125,19.537353515625
3.486328,-6.84814453125,18.93310546875
3.488281,-7.2509765625,18.731689453125
3.490234,-7.049560546875,18.731689453125
3.492188,-6.84814453125,19.134521484375
3.494141,-6.243896484375,19.73876953125
3.496094,-5.438232421875,20.54443359375
3.498047,-4.632568359375,21.35009765625
3.5,-3.22265625,8.056640625
3.501953,-2.4169921875,8.8623046875
3.503906,-1.409912109375,9.66796875
3.505859,-0.8056640625,10.4736328125
3.507812,0.40283203125,-0.8056640625
3.509766,3.826904296875,-3.22265625
3.511719,6.04248046875,0.8056640625
3.513672,5.6396484375,0.40283203125
3.515625,5.035400390625,-0.201416015625
3.517578,4.229736328125,-1.007080078125
3.519531,10.272216796875,21.7529296875
3.521484,9.26513671875,20.745849609375
3.523438,8.258056640625,19.940185546875
3.525391,12.689208984375,39.07470703125
3.527344,12.0849609375,38.470458984375
3.529297,11.68212890625,38.067626953125
3.53125,11.68212890625,38.067626953125
3.533203,11.883544921875,38.26904296875
3.535156,12.286376953125,38.873291015625
3.537109,13.092041015625,39.4775390625
3.539062,13.897705078125,40.484619140625
3.541016,14.90478515625,41.49169921875
3.542969,15.911865234375,42.29736328125
3.544922,16.717529296875,43.304443359375
3.546875,17.523193359375,43.90869140625
3.548828,17.926025390625,44.512939453125
3.550781,18.12744140625,44.71435546875
3.552734,18.12744140625,44.71435546875
3.554688,17.926025390625,44.3115234375
3.556641,17.32177734375,43.707275390625
3.558594,16.51611328125,42.901611328125
3.560547,15.509033203125,42.095947265625
3.5625,14.703369140625,41.0888671875
3.564453,13.6962890625,40.081787109375
3.566406,12.890625,39.276123046875
3.568359,12.286376953125,38.671875
3.570312,11.68212890625,38.26904296875
3.572266,11.68212890625,38.067626953125
3.574219,11.68212890625,38.26904296875
3.576172,12.286376953125,38.671875
3.578125,14.501953125,40.283203125
3.580078,19.73876953125,46.124267578125
3.582031,20.745849609375,47.13134765625
3.583984,21.7529296875,47.93701171875
3.585938,22.55859375,48.944091796875
3.587891,23.3642578125,49.749755859375
3.589844,23.968505859375,50.35400390625
3.591797,24.371337890625,50.555419921875
3.59375,24.371337890625,50.555419921875
3.595703,24.169921875,50.35400390625
3.597656,23.565673828125,49.951171875
3.599609,22.96142578125,49.1455078125
3.601562,21.954345703125,48.33984375
3.603516,21.148681640625,47.332763671875
3.605469,20.1416015625,46.32568359375
3.607422,19.134521484375,45.52001953125
3.609375,18.5302734375,44.71435546875
3.611328,17.926025390625,44.3115234375
3.613281,17.724609375,44.110107421875
3.615234,17.926025390625,44.110107421875
3.617188,18.12744140625,44.512939453125
3.619141,18.731689453125,45.1171875
3.621094,19.537353515625,45.721435546875
3.623047,20.343017578125,46.728515625
3.625,23.162841796875,35.04638671875
3.626953,23.968505859375,36.053466796875
3.628906,24.774169921875,36.859130859375
3.630859,25.579833984375,37.46337890625
3.632812,25.982666015625,37.8662109375
3.634766,25.982666015625,38.067626953125
3.636719,25.982666015625,37.8662109375
3.638672,25.579833984375,37.46337890625
3.640625,24.774169921875,36.859130859375
3.642578,23.968505859375,36.053466796875
3.644531,23.162841796875,35.04638671875
3.646484,22.15576171875,34.039306640625
3.648438,21.148681640625,33.233642578125
3.650391,20.343017578125,32.427978515625
3.652344,19.73876953125,31.82373046875
3.654297,19.537353515625,31.4208984375
3.65625,19.537353515625,31.4208984375
3.658203,19.73876953125,31.622314453125
3.660156,20.1416015625,32.2265625
3.662109,20.947265625,32.830810546875
3.664062,21.7529296875,33.837890625
3.666016,24.57275390625,21.954345703125
3.667969,25.579833984375,22.96142578125
3.669922,26.385498046875,23.968505859375
3.671875,27.191162109375,24.57275390625
3.673828,27.593994140625,25.177001953125
3.675781,27.996826171875,25.37841796875
3.677734,27.79541015625,25.177001953125
3.679688,27.593994140625,24.9755859375
3.681641,26.98974609375,24.371337890625
3.683594,26.18408203125,23.565673828125
3.685547,25.177001953125,22.760009765625
3.6875,24.371337890625,21.7529296875
3.689453,23.3642578125,20.745849609375
3.691406,22.55859375,19.940185546875
3.693359,21.954345703125,19.3359375
3.695312,21.551513671875,18.93310546875
3.697266,21.35009765625,18.731689453125
3.699219,21.551513671875,18.93310546875
3.701172,21.954345703125,19.3359375
3.703125,22.55859375,19.940185546875
3.705078,20.1416015625,-5.841064453125
3.707031,21.148681640625,-4.833984375
3.708984,22.15576171875,-3.826904296875
3.710938,21.35009765625,-4.229736328125
3.712891,15.911865234375,10.87646484375
3.714844,16.51611328125,11.480712890625
3.716797,16.717529296875,11.68212890625
3.71875,16.717529296875,11.883544921875
3.720703,16.51611328125,11.480712890625
3.722656,16.11328125,11.077880859375
3.724609,5.23681640625,48.138427734375
3.726562,4.229736328125,47.13134765625
3.728516,0.604248046875,45.721435546875
3.730469,-0.40283203125,44.71435546875
3.732422,-1.20849609375,43.90869140625
3.734375,-6.646728515625,25.78125
3.736328,-7.049560546875,25.37841796875
3.738281,-7.452392578125,25.177001953125
3.740234,-7.2509765625,25.177001953125
3.742188,-7.049560546875,25.579833984375
3.744141,-6.243896484375,19.940185546875
3.746094,-5.6396484375,20.745849609375
3.748047,-4.632568359375,21.551513671875
3.75,-3.62548828125,22.55859375
3.751953,-2.81982421875,23.565673828125
3.753906,-1.812744140625,24.371337890625
3.755859,-1.20849609375,24.9755859375
3.757812,-0.8056640625,25.37841796875
3.759766,-0.604248046875,25.579833984375
3.761719,-0.8056640625,25.37841796875
3.763672,-1.20849609375,24.9755859375
3.765625,-1.812744140625,24.371337890625
3.767578,-2.81982421875,23.565673828125
3.769531,-3.62548828125,22.55859375
3.771484,-4.632568359375,21.551513671875
3.773438,-5.6396484375,20.745849609375
3.775391,-6.243896484375,19.940185546875
3.777344,-6.84814453125,19.3359375
3.779297,-7.2509765625,18.93310546875
3.78125,-7.2509765625,18.93310546875
3.783203,-7.049560546875,19.134521484375
3.785156,-6.646728515625,19.73876953125
3.787109,-5.841064453125,20.343017578125
3.789062,-5.035400390625,21.35009765625
3.791016,-4.0283203125,22.15576171875
3.792969,-2.618408203125,2.215576171875
3.794922,-1.812744140625,3.22265625
3.796875,-1.007080078125,3.826904296875
3.798828,-0.604248046875,4.43115234375
3.800781,-0.40283203125,4.632568359375
3.802734,-0.40283203125,4.632568359375
3.804688,-0.8056640625,4.229736328125
3.806641,-1.409912109375,3.62548828125
3.808594,-2.01416015625,2.81982421875
3.810547,-3.021240234375,2.01416015625
3.8125,-4.0283203125,1.007080078125
3.814453,-4.833984375,0.0
3.816406,-5.841064453125,-0.8056640625
3.818359,-6.4453125,-1.409912109375
3.820312,-6.84814453125,-1.812744140625
3.822266,-6.84814453125,-2.01416015625
3.824219,-6.84814453125,-1.812744140625
3.826172,-6.4453125,-1.409912109375
3.828125,-5.841064453125,-0.8056640625
3.830078,-4.833984375,0.0
3.832031,-1.007080078125,-6.4453125
3.833984,-0.201416015625,-5.438232421875
3.835938,0.8056640625,-4.43115234375
3.837891,1.611328125,-3.826904296875
3.839844,2.215576171875,-3.22265625
3.841797,2.4169921875,-2.81982421875
3.84375,2.618408203125,-2.81982421875
3.845703,2.215576171875,-3.021240234375
3.847656,1.812744140625,-3.424072265625
3.849609,1.007080078125,-4.229736328125
3.851562,0.201416015625,-5.035400390625
3.853516,-0.8056640625,-6.04248046875
3.855469,-1.611328125,-7.049560546875
3.857422,-2.618408203125,-7.855224609375
3.859375,-3.22265625,-8.660888671875
3.861328,-3.826904296875,-9.063720703125
3.863281,-4.0283203125,-9.26513671875
3.865234,-4.0283203125,-9.26513671875
3.867188,-3.62548828125,-9.063720703125
3.869141,-3.021240234375,-8.45947265625
3.871094,-2.215576171875,-7.65380859375
3.873047,-1.409912109375,-6.646728515625
3.875,-0.40283203125,-5.841064453125
3.876953,0.604248046875,-4.833984375
3.878906,1.409912109375,-4.0283203125
3.880859,2.01416015625,-3.424072265625
3.882812,2.4169921875,-2.81982421875
3.884766,2.618408203125,-2.81982421875
3.886719,2.4169921875,-2.81982421875
3.888672,5.6396484375,-1.20849609375
3.890625,5.035400390625,-1.812744140625
3.892578,4.229736328125,-2.618408203125
3.894531,3.22265625,-3.62548828125
3.896484,2.215576171875,-4.632568359375
3.898438,8.258056640625,19.73876953125
3.900391,16.314697265625,47.13134765625
3.902344,16.9189453125,45.9228515625
3.904297,16.51611328125,45.52001953125
3.90625,16.51611328125,45.52001953125
3.908203,16.717529296875,45.721435546875
3.910156,17.32177734375,46.124267578125
3.912109,17.926025390625,46.929931640625
3.914062,18.93310546875,47.735595703125
3.916016,19.940185546875,48.74267578125
3.917969,20.745849609375,49.749755859375
3.919922,21.7529296875,50.555419921875
3.921875,22.357177734375,51.361083984375
3.923828,22.96142578125,51.763916015625
3.925781,23.162841796875,51.96533203125
3.927734,23.162841796875,51.96533203125
3.929688,22.760009765625,51.763916015625
3.931641,22.15576171875,51.15966796875
3.933594,21.35009765625,50.35400390625
3.935547,20.54443359375,49.346923828125
3.9375,19.537353515625,48.541259765625
3.939453,18.5302734375,47.5341796875
3.941406,17.724609375,46.728515625
3.943359,19.134521484375,41.290283203125
3.945312,18.731689453125,40.887451171875
3.947266,18.731689453125,40.68603515625
3.949219,18.731689453125,40.887451171875
3.951172,19.134521484375,41.290283203125
3.953125,19.940185546875,41.89453125
3.955078,20.745849609375,42.7001953125
3.957031,21.551513671875,43.707275390625
3.958984,24.371337890625,35.650634765625
3.960938,25.37841796875,36.456298828125
3.962891,25.982666015625,37.261962890625
3.964844,26.5869140625,37.8662109375
3.966797,26.98974609375,38.067626953125
3.96875,26.98974609375,38.26904296875
3.970703,26.788330078125,37.8662109375
3.972656,26.385498046875,37.46337890625
3.974609,25.579833984375,36.65771484375
3.976562,24.774169921875,35.85205078125
3.978516,23.76708984375,34.844970703125
3.980469,22.760009765625,34.039306640625
3.982422,21.954345703125,33.0322265625
3.984375,21.148681640625,32.427978515625
3.986328,20.745849609375,31.82373046875
3.988281,20.54443359375,31.622314453125
3.990234,20.947265625,18.731689453125
3.992188,21.148681640625,19.134521484375
3.994141,21.7529296875,19.73876953125
3.996094,22.55859375,20.54443359375
3.998047,23.3642578125,21.35009765625
4.0,24.371337890625,22.357177734375
4.001953,25.37841796875,23.3642578125
4.003906,26.18408203125,24.169921875
4.005859,26.788330078125,24.774169921875
4.007812,27.191162109375,25.177001953125
4.009766,27.392578125,25.37841796875
4.011719,27.191162109375,25.177001953125
4.013672,26.788330078125,24.774169921875
4.015625,26.18408203125,24.169921875
4.017578,25.37841796875,23.3642578125
4.019531,24.371337890625,22.357177734375
4.021484,23.3642578125,21.35009765625
4.023438,22.55859375,20.54443359375
4.025391,21.7529296875,19.73876953125
4.027344,21.148681640625,19.134521484375
4.029297,20.947265625,18.731689453125
4.03125,20.745849609375,18.731689453125
4.033203,21.148681640625,18.93310546875
4.035156,21.551513671875,19.537353515625
4.037109,22.357177734375,20.1416015625
4.039062,23.162841796875,21.148681640625
4.041016,24.169921875,21.954345703125
4.042969,24.9755859375,22.96142578125
4.044922,25.982666015625,23.76708984375
4.046875,26.5869140625,24.57275390625
4.048828,27.191162109375,24.9755859375
4.050781,27.392578125,25.37841796875
4.052734,26.5869140625,11.480712890625
4.054688,25.37841796875,-2.01416015625
4.056641,24.774169921875,-2.618408203125
4.058594,23.968505859375,-3.424072265625
4.060547,23.162841796875,-4.229736328125
4.0625,22.15576171875,-5.23681640625
4.064453,21.148681640625,-6.243896484375
4.066406,20.343017578125,-7.049560546875
4.068359,19.73876953125,-7.65380859375
4.070312,19.3359375,-8.056640625
4.072266,19.134521484375,-8.258056640625
4.074219,19.3359375,-8.056640625
4.076172,19.73876953125,-7.65380859375
4.078125,19.3359375,-6.646728515625
4.080078,20.1416015625,-5.841064453125
4.082031,20.947265625,-4.833984375
4.083984,21.954345703125,-3.826904296875
4.085938,22.96142578125,-3.021240234375
4.087891,23.565673828125,-2.215576171875
4.089844,24.169921875,-1.611328125
4.091797,24.57275390625,-1.20849609375
4.09375,24.57275390625,-1.20849609375
4.095703,24.169921875,-5.6396484375
4.097656,23.565673828125,-6.243896484375
4.099609,22.96142578125,-6.84814453125
4.101562,22.15576171875,-7.855224609375
4.103516,21.148681640625,-8.660888671875
4.105469,20.1416015625,-9.66796875
4.107422,19.3359375,-10.675048828125
4.109375,18.5302734375,-11.279296875
4.111328,18.12744140625,-11.883544921875
4.113281,17.724609375,-12.0849609375
4.115234,17.926025390625,-11.883544921875
4.117188,18.12744140625,-11.68212890625
4.119141,18.731689453125,-11.077880859375
4.121094,19.537353515625,-10.272216796875
4.123047,20.54443359375,-9.466552734375
4.125,21.35009765625,-8.45947265625
4.126953,19.73876953125,-2.618408203125
4.128906,20.54443359375,-1.812744140625
4.130859,21.148681640625,-1.20849609375
4.132812,21.551513671875,-0.8056640625
4.134766,21.7529296875,-0.604248046875
4.136719,21.551513671875,-0.8056640625
4.138672,21.148681640625,-1.20849609375
4.140625,20.54443359375,-1.812744140625
4.142578,19.73876953125,-2.618408203125
4.144531,18.731689453125,-3.62548828125
4.146484,17.926025390625,-4.632568359375
4.148438,16.9189453125,-5.438232421875
4.150391,16.11328125,-6.243896484375
4.152344,15.509033203125,-6.84814453125
4.154297,15.3076171875,-7.2509765625
4.15625,15.106201171875,-7.2509765625
4.158203,15.509033203125,-7.049560546875
4.160156,15.911865234375,-6.4453125
4.162109,16.717529296875,-5.841064453125
4.164062,17.523193359375,-4.833984375
4.166016,18.5302734375,-3.826904296875
4.167969,19.537353515625,-3.021240234375
4.169922,20.343017578125,-2.01416015625
4.171875,20.947265625,-1.409912109375
4.173828,21.551513671875,-0.8056640625
4.175781,21.7529296875,-0.604248046875
4.177734,14.90478515625,17.724609375
4.179688,14.501953125,17.523193359375
4.181641,13.897705078125,16.9189453125
4.183594,13.29345703125,16.11328125
4.185547,12.286376953125,15.106201171875
4.1875,11.279296875,14.300537109375
4.189453,0.604248046875,45.1171875
4.191406,-0.201416015625,44.3115234375
4.193359,-0.8056640625,43.707275390625
4.195312,-2.618408203125,46.728515625
4.197266,-6.4453125,38.26904296875
4.199219,-6.243896484375,38.26904296875
4.201172,-5.841064453125,38.671875
4.203125,-5.23681640625,39.4775390625
4.205078,-4.229736328125,40.283203125
4.207031,-3.424072265625,41.0888671875
4.208984,-2.4169921875,42.095947265625
4.210938,-1.409912109375,43.10302734375
4.212891,-0.8056640625,43.707275390625
4.214844,-0.201416015625,44.3115234375
4.216797,0.201416015625,44.71435546875
4.21875,0.201416015625,44.71435546875
4.220703,0.0,44.512939453125
4.222656,-0.604248046875,44.110107421875
4.224609,-1.20849609375,43.304443359375
4.226562,-2.01416015625,42.498779296875
4.228516,-4.43115234375,22.15576171875
4.230469,-5.23681640625,21.35009765625
4.232422,-6.243896484375,20.343017578125
4.234375,-6.84814453125,19.73876953125
4.236328,-7.452392578125,19.134521484375
4.238281,-7.65380859375,18.93310546875
4.240234,-7.65380859375,18.93310546875
4.242188,-7.2509765625,19.3359375
4.244141,-6.646728515625,19.940185546875
4.246094,-5.841064453125,20.745849609375
4.248047,-5.035400390625,21.551513671875
4.25,-4.0283203125,22.55859375
4.251953,-3.021240234375,23.565673828125
4.253906,-2.4169921875,17.523193359375
4.255859,-1.812744140625,18.12744140625
4.257812,-1.409912109375,18.5302734375
4.259766,-1.20849609375,18.731689453125
4.261719,-1.409912109375,18.5302734375
4.263672,-1.812744140625,18.12744140625
4.265625,-2.4169921875,17.523193359375
4.267578,-3.22265625,16.51611328125
4.269531,-4.229736328125,15.71044921875
4.271484,-5.23681640625,14.703369140625
4.273438,-6.04248046875,13.6962890625
4.275391,-6.84814453125,13.092041015625
4.277344,-7.452392578125,12.48779296875
4.279297,-7.855224609375,12.0849609375
4.28125,-7.855224609375,12.0849609375
4.283203,-7.65380859375,12.286376953125
4.285156,-7.049560546875,12.890625
4.287109,-6.4453125,13.494873046875
4.289062,-5.438232421875,14.300537109375
4.291016,-1.611328125,-8.258056640625
4.292969,-0.604248046875,-7.452392578125
4.294922,0.40283203125,-6.4453125
4.296875,1.007080078125,-5.841064453125
4.298828,1.611328125,-5.23681640625
4.300781,1.812744140625,-5.035400390625
4.302734,1.611328125,-5.035400390625
4.304688,1.409912109375,-5.438232421875
4.306641,0.8056640625,-6.04248046875
4.308594,0.40283203125,-7.452392578125
4.310547,-0.604248046875,-8.258056640625
4.3125,-1.409912109375,-9.26513671875
4.314453,-2.4169921875,-10.272216796875
4.316406,-3.22265625,-11.077880859375
4.318359,-3.826904296875,-11.68212890625
4.320312,-4.229736328125,-12.0849609375
4.322266,-4.43115234375,-12.286376953125
4.324219,-4.229736328125,-12.0849609375
4.326172,-3.826904296875,-11.68212890625
4.328125,-3.22265625,-11.077880859375
4.330078,-2.4169921875,-10.272216796875
4.332031,-1.409912109375,-9.26513671875
4.333984,-0.604248046875,-8.258056640625
4.335938,0.40283203125,-7.452392578125
4.337891,1.20849609375,-6.646728515625
4.339844,1.812744140625,-6.04248046875
4.341797,2.01416015625,-5.6396484375
4.34375,2.215576171875,-5.6396484375
4.345703,1.812744140625,-5.841064453125
4.347656,1.409912109375,-6.4453125
4.349609,0.604248046875,-7.049560546875
4.351562,-0.201416015625,-8.056640625
4.353516,3.021240234375,-3.22265625
4.355469,2.215576171875,-4.229736328125
4.357422,1.20849609375,-5.035400390625
4.359375,0.604248046875,-5.6396484375
4.361328,0.0,-6.243896484375
4.363281,-0.201416015625,-6.4453125
4.365234,-0.201416015625,-6.4453125
4.367188,0.201416015625,-6.04248046875
4.369141,0.8056640625,-5.438232421875
4.371094,1.611328125,-4.833984375
4.373047,2.4169921875,-3.826904296875
4.375,3.424072265625,-2.81982421875
4.376953,4.43115234375,-2.01416015625
4.378906,5.23681640625,-1.007080078125
4.380859,5.841064453125,-0.40283203125
4.382812,6.243896484375,0.0
4.384766,6.4453125,0.201416015625
4.386719,6.243896484375,0.0
4.388672,5.841064453125,-0.40283203125
4.390625,5.23681640625,-1.007080078125
4.392578,4.43115234375,-2.01416015625
4.394531,3.424072265625,-2.81982421875
4.396484,2.4169921875,-3.826904296875
4.398438,1.611328125,-4.833984375
4.400391,0.8056640625,-5.438232421875
4.402344,0.201416015625,-6.04248046875
4.404297,-0.201416015625,-6.4453125
4.40625,-0.201416015625,-6.4453125
4.408203,0.0,-6.243896484375
4.410156,0.604248046875,-5.6396484375
4.412109,1.20849609375,-5.035400390625
4.414062,2.215576171875,-4.229736328125
4.416016,3.021240234375,-3.22265625
4.417969,4.0283203125,-2.215576171875
4.419922,4.833984375,-1.409912109375
4.421875,5.6396484375,-0.604248046875
4.423828,6.04248046875,-0.201416015625
4.425781,6.4453125,0.0
4.427734,6.243896484375,0.0
4.429688,6.04248046875,-0.201416015625
4.431641,5.438232421875,-0.8056640625
4.433594,11.480712890625,22.96142578125
4.435547,10.4736328125,21.954345703125
4.4375,9.66796875,20.947265625
4.439453,12.286376953125,32.2265625
4.441406,14.703369140625,41.49169921875
4.443359,17.926025390625,46.527099609375
4.445312,17.523193359375,46.124267578125
4.447266,20.343017578125,26.385498046875
4.449219,20.54443359375,26.5869140625
4.451172,19.134521484375,-11.279296875
4.453125,19.940185546875,-10.675048828125
4.455078,20.745849609375,-9.869384765625
4.457031,21.551513671875,-8.8623046875
4.458984,22.55859375,-8.056640625
4.460938,23.565673828125,-7.049560546875
4.462891,24.371337890625,-6.243896484375
4.464844,24.774169921875,-5.6396484375
4.466797,25.177001953125,-5.438232421875
4.46875,25.177001953125,-5.23681640625
4.470703,24.9755859375,-5.6396484375
4.472656,24.57275390625,-6.04248046875
4.474609,23.76708984375,-6.84814453125
4.476562,22.96142578125,-7.65380859375
4.478516,21.954345703125,-8.660888671875
4.480469,20.947265625,-9.66796875
4.482422,20.1416015625,-10.4736328125
4.484375,19.3359375,-11.077880859375
4.486328,13.494873046875,-5.438232421875
4.488281,11.68212890625,0.0
4.490234,11.68212890625,0.201416015625
4.492188,12.0849609375,0.40283203125
4.494141,12.48779296875,1.007080078125
4.496094,13.29345703125,1.812744140625
4.498047,14.300537109375,2.81982421875
4.5,15.3076171875,3.62548828125
4.501953,16.11328125,4.632568359375
4.503906,16.9189453125,5.438232421875
4.505859,17.724609375,6.04248046875
4.507812,18.12744140625,6.4453125
4.509766,18.12744140625,6.646728515625
4.511719,18.12744140625,6.4453125
4.513672,17.724609375,6.04248046875
4.515625,16.9189453125,5.438232421875
4.517578,12.890625,15.71044921875
4.519531,12.0849609375,14.90478515625
4.521484,11.077880859375,13.897705078125
4.523438,10.07080078125,12.890625
4.525391,9.466552734375,12.286376953125
4.527344,8.8623046875,11.68212890625
4.529297,8.45947265625,11.279296875
4.53125,8.45947265625,11.279296875
4.533203,8.660888671875,11.480712890625
4.535156,9.063720703125,11.883544921875
4.537109,9.869384765625,12.689208984375
4.539062,10.675048828125,13.494873046875
4.541016,11.68212890625,14.501953125
4.542969,12.689208984375,15.509033203125
4.544922,13.494873046875,16.314697265625
4.546875,14.300537109375,17.120361328125
4.548828,14.703369140625,17.523193359375
4.550781,14.90478515625,17.724609375
4.552734,14.90478515625,17.724609375
4.554688,14.703369140625,17.523193359375
4.556641,14.09912109375,16.9189453125
4.558594,13.29345703125,16.11328125
4.560547,12.286376953125,15.106201171875
4.5625,11.480712890625,14.300537109375
4.564453,10.4736328125,13.29345703125
4.566406,9.66796875,12.48779296875
4.568359,9.063720703125,11.883544921875
4.570312,8.45947265625,11.279296875
4.572266,8.45947265625,11.279296875
4.574219,8.45947265625,11.279296875
4.576172,9.063720703125,11.883544921875
4.578125,9.66796875,12.48779296875
4.580078,10.4736328125,13.29345703125
4.582031,11.480712890625,14.300537109375
4.583984,12.286376953125,15.106201171875
4.585938,13.29345703125,16.11328125
4.587891,14.09912109375,16.9189453125
4.589844,14.703369140625,17.523193359375
4.591797,14.90478515625,17.724609375
4.59375,14.90478515625,17.724609375
4.595703,14.703369140625,17.523193359375
4.597656,14.300537109375,17.120361328125
4.599609,13.494873046875,16.314697265625
4.601562,12.689208984375,15.509033203125
4.603516,11.68212890625,14.501953125
4.605469,10.675048828125,13.494873046875
4.607422,9.869384765625,12.689208984375
4.609375,9.063720703125,11.883544921875
4.611328,8.660888671875,11.480712890625
4.613281,8.45947265625,11.279296875
4.615234,1.409912109375,37.261962890625
4.617188,1.812744140625,37.46337890625
4.619141,2.4169921875,38.067626953125
4.621094,3.22265625,38.873291015625
4.623047,-1.812744140625,47.5341796875
4.625,-0.8056640625,48.541259765625
4.626953,-1.409912109375,42.498779296875
4.628906,-0.604248046875,43.505859375
4.630859,0.0,44.110107421875
4.632812,0.604248046875,44.512939453125
4.634766,0.604248046875,44.71435546875
4.636719,0.604248046875,44.512939453125
4.638672,0.0,44.110107421875
4.640625,-0.604248046875,43.505859375
4.642578,-1.409912109375,42.498779296875
4.644531,-2.4169921875,41.693115234375
4.646484,-3.22265625,40.68603515625
4.648438,-4.229736328125,39.678955078125
4.650391,-5.035400390625,39.07470703125
4.652344,-5.6396484375,38.470458984375
4.654297,-5.841064453125,38.067626953125
4.65625,-5.841064453125,38.067626953125
4.658203,-5.6396484375,38.26904296875
4.660156,-5.23681640625,38.873291015625
4.662109,-4.43115234375,39.4775390625
4.664062,-3.62548828125,40.283203125
4.666016,-4.229736328125,14.703369140625
4.667969,-3.424072265625,15.71044921875
4.669922,-2.4169921875,16.51611328125
4.671875,-1.812744140625,17.32177734375
4.673828,-1.20849609375,17.724609375
4.675781,-1.007080078125,18.12744140625
4.677734,-1.007080078125,17.926025390625
4.679688,-1.409912109375,17.724609375
4.681641,-1.812744140625,5.6396484375
4.683594,-2.618408203125,4.833984375
4.685547,-3.62548828125,4.0283203125
4.6875,-4.43115234375,3.021240234375
4.689453,-5.438232421875,2.01416015625
4.691406,-6.243896484375,1.20849609375
4.693359,-6.84814453125,0.604248046875
4.695312,-7.2509765625,0.201416015625
4.697266,-7.452392578125,0.0
4.699219,-7.2509765625,0.201416015625
4.701172,-6.84814453125,0.604248046875
4.703125,-6.243896484375,1.20849609375
4.705078,-5.438232421875,2.01416015625
4.707031,-4.43115234375,3.021240234375
4.708984,-2.4169921875,-1.20849609375
4.710938,-1.611328125,-0.40283203125
4.712891,-0.8056640625,0.40283203125
4.714844,-0.201416015625,1.007080078125
4.716797,0.0,1.20849609375
4.71875,0.201416015625,1.409912109375
4.720703,0.0,1.20849609375
4.722656,-0.604248046875,0.604248046875
4.724609,-1.20849609375,0.0
4.726562,-2.215576171875,-1.007080078125
4.728516,-3.22265625,-2.01416015625
4.730469,-4.0283203125,-2.81982421875
4.732422,-5.035400390625,-3.826904296875
4.734375,-5.6396484375,-4.43115234375
4.736328,-6.243896484375,-5.035400390625
4.738281,-6.4453125,-5.23681640625
4.740234,-6.4453125,-5.23681640625
4.742188,-6.04248046875,-4.833984375
4.744141,-5.438232421875,-4.229736328125
4.746094,-4.632568359375,-3.424072265625
4.748047,-3.826904296875,-2.618408203125
4.75,-2.81982421875,-1.611328125
4.751953,-1.812744140625,-0.604248046875
4.753906,-1.007080078125,0.201416015625
4.755859,-0.40283203125,0.8056640625
4.757812,0.0,1.20849609375
4.759766,0.201416015625,1.409912109375
4.761719,0.0,1.20849609375
4.763672,-0.40283203125,0.8056640625
4.765625,-1.007080078125,0.201416015625
4.767578,-1.812744140625,-0.604248046875
4.769531,-2.81982421875,-1.611328125
4.771484,-3.826904296875,-2.618408203125
4.773438,-4.632568359375,-3.424072265625
4.775391,-5.438232421875,-4.229736328125
4.777344,-6.04248046875,-4.833984375
4.779297,-1.409912109375,-10.272216796875
4.78125,-1.611328125,-10.4736328125
4.783203,-1.20849609375,-10.272216796875
4.785156,-0.8056640625,-9.66796875
4.787109,0.0,-8.8623046875
4.789062,0.8056640625,-8.056640625
4.791016,1.812744140625,-7.049560546875
4.792969,2.81982421875,-6.243896484375
4.794922,3.62548828125,-5.23681640625
4.796875,4.229736328125,-4.632568359375
4.798828,4.833984375,-4.0283203125
4.800781,5.035400390625,-3.826904296875
4.802734,5.035400390625,-3.826904296875
4.804688,4.632568359375,-4.229736328125
4.806641,4.0283203125,-4.833984375
4.808594,3.22265625,-5.6396484375
4.810547,2.4169921875,-6.4453125
4.8125,1.409912109375,-7.452392578125
4.814453,0.40283203125,-8.45947265625
4.816406,-0.40283203125,-9.26513671875
4.818359,-1.007080078125,-9.869384765625
4.820312,-1.409912109375,-10.272216796875
4.822266,-1.611328125,-10.4736328125
4.824219,-1.409912109375,-10.272216796875
4.826172,-1.007080078125,-9.869384765625
4.828125,-0.40283203125,-9.26513671875
4.830078,0.40283203125,-8.45947265625
4.832031,1.409912109375,-7.452392578125
4.833984,6.84814453125,8.258056640625
4.835938,7.855224609375,9.063720703125
4.837891,8.660888671875,9.869384765625
4.839844,9.063720703125,10.4736328125
4.841797,9.466552734375,10.87646484375
4.84375,9.466552734375,10.87646484375
4.845703,9.26513671875,10.675048828125
4.847656,8.8623046875,10.07080078125
4.849609,8.056640625,9.466552734375
4.851562,7.2509765625,8.45947265625
4.853516,6.243896484375,7.65380859375
4.855469,5.23681640625,6.646728515625
4.857422,4.43115234375,5.841064453125
4.859375,3.62548828125,5.035400390625
4.861328,3.22265625,4.632568359375
4.863281,3.021240234375,4.229736328125
4.865234,3.021240234375,4.43115234375
4.867188,3.424072265625,4.632568359375
4.869141,3.826904296875,5.23681640625
4.871094,4.632568359375,6.04248046875
4.873047,5.6396484375,6.84814453125
4.875,6.646728515625,7.855224609375
4.876953,14.703369140625,37.060546875
4.878906,15.509033203125,37.8662109375
4.880859,16.11328125,38.470458984375
4.882812,16.51611328125,38.873291015625
4.884766,16.717529296875,39.07470703125
4.886719,16.51611328125,38.873291015625
4.888672,16.11328125,38.470458984375
4.890625,15.509033203125,37.8662109375
4.892578,14.703369140625,37.060546875
4.894531,13.6962890625,36.053466796875
4.896484,12.689208984375,35.04638671875
4.898438,11.883544921875,34.24072265625
4.900391,11.077880859375,33.43505859375
4.902344,10.4736328125,32.830810546875
4.904297,10.272216796875,32.427978515625
4.90625,10.07080078125,32.427978515625
4.908203,10.272216796875,32.62939453125
4.910156,10.87646484375,33.233642578125
4.912109,16.717529296875,45.721435546875
4.914062,17.523193359375,46.527099609375
4.916016,18.5302734375,47.5341796875
4.917969,19.537353515625,48.33984375
4.919922,20.343017578125,49.346923828125
4.921875,25.37841796875,44.71435546875
4.923828,25.982666015625,45.318603515625
4.925781,26.18408203125,45.52001953125
4.927734,27.79541015625,11.077880859375
4.929688,27.392578125,10.675048828125
4.931641,26.788330078125,10.272216796875
4.933594,25.982666015625,9.466552734375
4.935547,25.177001953125,8.45947265625
4.9375,24.169921875,7.452392578125
4.939453,23.162841796875,6.646728515625
4.941406,22.357177734375,5.841064453125
4.943359,21.7529296875,5.035400390625
4.945312,21.35009765625,4.632568359375
4.947266,21.148681640625,4.632568359375
4.949219,21.35009765625,4.632568359375
4.951172,21.7529296875,5.035400390625
4.953125,22.357177734375,5.841064453125
4.955078,23.162841796875,6.646728515625
4.957031,24.169921875,7.452392578125
4.958984,25.177001953125,8.45947265625
4.960938,25.982666015625,9.466552734375
4.962891,26.788330078125,10.272216796875
4.964844,27.392578125,10.675048828125
4.966797,27.79541015625,11.077880859375
4.96875,27.79541015625,11.077880859375
4.970703,27.593994140625,10.87646484375
4.972656,26.98974609375,10.4736328125
4.974609,26.385498046875,9.66796875
4.976562,25.37841796875,8.8623046875
4.978516,24.57275390625,7.855224609375
4.980469,23.565673828125,6.84814453125
4.982422,22.55859375,6.04248046875
4.984375,21.954345703125,5.23681640625
4.986328,21.35009765625,4.833984375
4.988281,21.148681640625,4.632568359375
4.990234,21.148681640625,4.632568359375
4.992188,17.523193359375,-9.063720703125
4.994141,18.12744140625,-8.45947265625
4.996094,18.93310546875,-7.65380859375
4.998047,19.73876953125,-6.84814453125
5.0,20.745849609375,-5.841064453125
5.001953,21.7529296875,-4.833984375
5.003906,22.55859375,-4.0283203125
5.005859,23.162841796875,-3.424072265625
5.007812,23.565673828125,-3.021240234375
5.009766,23.76708984375,-2.81982421875
5.011719,23.565673828125,-3.021240234375
5.013672,23.162841796875,-3.424072265625
5.015625,22.55859375,-4.0283203125
5.017578,21.7529296875,-4.833984375
5.019531,20.745849609375,-5.841064453125
5.021484,19.73876953125,-6.84814453125
5.023438,18.93310546875,-7.65380859375
5.025391,18.12744140625,-8.45947265625
5.027344,17.523193359375,-9.063720703125
5.029297,15.106201171875,-9.66796875
5.03125,14.90478515625,-9.66796875
5.033203,15.3076171875,-9.466552734375
5.035156,15.71044921875,-9.063720703125
5.037109,16.51611328125,-8.258056640625
5.039062,17.32177734375,-7.452392578125
5.041016,18.328857421875,-6.4453125
5.042969,19.3359375,-5.438232421875
5.044922,20.1416015625,-4.632568359375
5.046875,20.745849609375,-3.826904296875
5.048828,21.35009765625,-3.424072265625
5.050781,21.551513671875,-3.22265625
5.052734,21.551513671875,-3.22265625
5.054688,21.148681640625,-3.62548828125
5.056641,20.54443359375,-4.0283203125
5.058594,19.73876953125,-4.833984375
5.060547,18.93310546875,-5.841064453125
5.0625,17.926025390625,-6.84814453125
5.064453,16.9189453125,-7.65380859375
5.066406,16.11328125,-8.45947265625
5.068359,15.509033203125,-9.26513671875
5.070312,15.106201171875,-9.66796875
5.072266,6.646728515625,18.12744140625
5.074219,6.646728515625,18.12744140625
5.076172,7.2509765625,18.5302734375
5.078125,7.855224609375,19.3359375
5.080078,8.660888671875,20.1416015625
5.082031,9.66796875,20.947265625
5.083984,10.4736328125,21.954345703125
5.085938,11.480712890625,22.96142578125
5.087891,12.286376953125,23.76708984375
5.089844,12.890625,24.371337890625
5.091797,13.092041015625,24.57275390625
5.09375,13.092041015625,24.57275390625
5.095703,12.890625,24.371337890625
5.097656,12.48779296875,23.968505859375
5.099609,11.68212890625,23.162841796875
5.101562,7.452392578125,35.04638671875
5.103516,6.4453125,34.039306640625
5.105469,5.6396484375,33.233642578125
5.107422,4.632568359375,32.2265625
5.109375,4.0283203125,31.622314453125
5.111328,3.424072265625,31.01806640625
5.113281,3.22265625,30.816650390625
5.115234,3.22265625,30.816650390625
5.117188,3.62548828125,31.219482421875
5.119141,4.229736328125,31.82373046875
5.121094,5.035400390625,32.62939453125
5.123047,5.841064453125,33.43505859375
5.125,6.84814453125,34.442138671875
5.126953,7.855224609375,35.44921875
5.128906,8.660888671875,36.2548828125
5.130859,9.26513671875,36.859130859375
5.132812,9.66796875,37.261962890625
5.134766,9.869384765625,37.46337890625
5.136719,9.66796875,37.261962890625
5.138672,9.26513671875,36.859130859375
5.140625,8.660888671875,36.2548828125
5.142578,7.855224609375,35.44921875
5.144531,6.84814453125,34.442138671875
5.146484,5.841064453125,33.43505859375
5.148438,5.035400390625,32.62939453125
5.150391,4.229736328125,31.82373046875
5.152344,3.62548828125,31.219482421875
5.154297,3.22265625,30.816650390625
5.15625,3.22265625,30.816650390625
5.158203,3.424072265625,31.01806640625
5.160156,4.0283203125,31.622314453125
5.162109,4.632568359375,32.2265625
5.164062,0.8056640625,46.728515625
5.166016,1.812744140625,47.735595703125
5.167969,2.81982421875,48.74267578125
5.169922,3.62548828125,49.54833984375
5.171875,4.43115234375,50.35400390625
5.173828,4.833984375,50.7568359375
5.175781,5.23681640625,50.958251953125
5.177734,5.035400390625,50.958251953125
5.179688,4.833984375,50.555419921875
5.181641,4.229736328125,50.152587890625
5.183594,3.424072265625,49.346923828125
5.185547,2.4169921875,48.33984375
5.1875,1.611328125,47.332763671875
5.189453,0.604248046875,46.527099609375
5.191406,-0.201416015625,45.721435546875
5.193359,-0.8056640625,44.915771484375
5.195312,-1.20849609375,44.512939453125
5.197266,-1.409912109375,44.512939453125
5.199219,-1.20849609375,44.512939453125
5.201172,-0.8056640625,44.915771484375
5.203125,-0.201416015625,45.721435546875
5.205078,0.604248046875,46.527099609375
5.207031,1.611328125,47.332763671875
5.208984,2.4169921875,48.33984375
5.210938,3.424072265625,49.346923828125
5.212891,4.229736328125,50.152587890625
5.214844,4.833984375,50.555419921875
5.216797,5.035400390625,50.958251953125
5.21875,5.23681640625,50.958251953125
5.220703,4.833984375,50.7568359375
5.222656,4.43115234375,50.35400390625
5.224609,3.62548828125,49.54833984375
5.226562,2.81982421875,48.74267578125
5.228516,1.812744140625,47.735595703125
5.230469,0.8056640625,46.728515625
5.232422,0.0,45.9228515625
5.234375,-0.604248046875,45.1171875
5.236328,-6.243896484375,37.664794921875
5.238281,-6.4453125,37.46337890625
5.240234,-6.4453125,37.46337890625
5.242188,-6.04248046875,37.8662109375
5.244141,-5.6396484375,38.470458984375
5.246094,-5.23681640625,6.646728515625
5.248047,-4.229736328125,7.65380859375
5.25,-3.22265625,8.660888671875
5.251953,-1.409912109375,-5.841064453125
5.253906,-0.604248046875,-5.035400390625
5.255859,0.201416015625,-4.43115234375
5.257812,0.604248046875,-4.0283203125
5.259766,0.604248046875,-3.826904296875
5.261719,0.604248046875,-4.0283203125
5.263672,0.201416015625,-4.43115234375
5.265625,-0.604248046875,-5.035400390625
5.267578,1.812744140625,-7.65380859375
5.269531,3.826904296875,-4.833984375
5.271484,2.81982421875,-5.841064453125
5.273438,1.812744140625,-6.646728515625
5.275391,1.007080078125,-7.452392578125
5.277344,0.40283203125,-8.056640625
5.279297,0.201416015625,-8.45947265625
5.28125,0.201416015625,-8.45947265625
5.283203,0.40283203125,-8.258056640625
5.285156,2.01416015625,-2.4169921875
5.287109,2.81982421875,-1.812744140625
5.289062,3.62548828125,-0.8056640625
5.291016,6.4453125,7.855224609375
5.292969,7.452392578125,8.8623046875
5.294922,8.258056640625,9.66796875
5.296875,9.063720703125,10.4736328125
5.298828,9.466552734375,10.87646484375
5.300781,9.66796875,11.077880859375
5.302734,9.66796875,11.077880859375
5.304688,9.466552734375,10.675048828125
5.306641,8.8623046875,10.07080078125
5.308594,8.056640625,9.466552734375
5.310547,7.049560546875,8.45947265625
5.3125,6.243896484375,7.452392578125
5.314453,5.23681640625,6.646728515625
5.316406,4.43115234375,5.6396484375
5.318359,3.62548828125,5.035400390625
5.320312,3.22265625,4.632568359375
5.322266,3.22265625,4.43115234375
5.324219,3.22265625,4.632568359375
5.326172,3.62548828125,5.035400390625
5.328125,4.43115234375,5.6396484375
5.330078,5.23681640625,6.646728515625
5.332031,6.243896484375,7.452392578125
5.333984,7.049560546875,8.45947265625
5.335938,8.056640625,9.466552734375
5.337891,8.8623046875,10.07080078125
5.339844,9.466552734375,10.675048828125
5.341797,9.66796875,11.077880859375
5.34375,9.66796875,11.077880859375
5.345703,9.466552734375,10.87646484375
5.347656,9.063720703125,10.4736328125
5.349609,8.258056640625,9.66796875
5.351562,7.452392578125,8.8623046875
5.353516,6.4453125,7.855224609375
5.355469,5.438232421875,6.84814453125
5.357422,4.632568359375,6.04248046875
5.359375,3.826904296875,5.23681640625
5.361328,3.424072265625,4.833984375
5.363281,3.22265625,4.632568359375
5.365234,3.22265625,4.632568359375
5.367188,3.62548828125,4.833984375
5.369141,11.279296875,33.233642578125
5.371094,12.0849609375,34.039306640625
5.373047,12.890625,35.04638671875
5.375,13.897705078125,36.053466796875
5.376953,14.90478515625,36.859130859375
5.378906,15.71044921875,37.664794921875
5.380859,16.314697265625,38.470458984375
5.382812,16.717529296875,38.873291015625
5.384766,16.9189453125,38.873291015625
5.386719,18.5302734375,43.90869140625
5.388672,18.12744140625,43.505859375
5.390625,17.523193359375,42.901611328125
5.392578,16.51611328125,42.095947265625
5.394531,15.71044921875,41.0888671875
5.396484,14.703369140625,40.283203125
5.398438,13.6962890625,39.276123046875
5.400391,13.092041015625,38.470458984375
5.402344,12.48779296875,37.8662109375
5.404297,12.0849609375,37.664794921875
5.40625,12.0849609375,37.664794921875
5.408203,12.286376953125,37.8662109375
5.410156,12.689208984375,38.26904296875
5.412109,13.494873046875,39.07470703125
5.414062,14.300537109375,39.88037109375
5.416016,15.3076171875,40.887451171875
5.417969,16.314697265625,41.89453125
5.419922,17.120361328125,42.7001953125
5.421875,17.926025390625,43.304443359375
5.423828,18.328857421875,43.90869140625
5.425781,18.5302734375,44.110107421875
5.427734,18.5302734375,44.110107421875
5.429688,18.328857421875,43.707275390625
5.431641,17.724609375,43.10302734375
5.433594,16.9189453125,42.498779296875
5.435547,15.911865234375,41.49169921875
5.4375,15.106201171875,40.484619140625
5.439453,14.09912109375,39.678955078125
5.441406,13.29345703125,38.671875
5.443359,12.689208984375,38.067626953125
5.445312,12.0849609375,37.664794921875
5.447266,12.0849609375,37.46337890625
5.449219,12.0849609375,37.664794921875
5.451172,12.689208984375,38.067626953125
5.453125,13.29345703125,38.671875
5.455078,14.09912109375,39.678955078125
5.457031,15.106201171875,40.484619140625
5.458984,15.911865234375,41.49169921875
5.460938,16.9189453125,42.498779296875
5.462891,25.177001953125,36.65771484375
5.464844,25.78125,37.261962890625
5.466797,26.18408203125,37.664794921875
5.46875,27.191162109375,11.077880859375
5.470703,26.98974609375,10.87646484375
5.472656,26.5869140625,10.272216796875
5.474609,22.760009765625,-6.4453125
5.476562,21.954345703125,-7.452392578125
5.478516,20.947265625,-8.258056640625
5.480469,19.940185546875,-9.26513671875
5.482422,19.134521484375,-10.07080078125
5.484375,18.328857421875,-10.87646484375
5.486328,17.926025390625,-11.480712890625
5.488281,17.724609375,-11.68212890625
5.490234,17.724609375,-11.480712890625
5.492188,17.926025390625,-11.279296875
5.494141,17.724609375,-11.480712890625
5.496094,18.5302734375,-10.675048828125
5.498047,19.3359375,-9.869384765625
5.5,20.343017578125,-8.8623046875
5.501953,21.35009765625,-7.855224609375
5.503906,22.15576171875,-7.049560546875
5.505859,22.760009765625,-6.4453125
5.507812,23.162841796875,-6.04248046875
5.509766,23.3642578125,-5.841064453125
5.511719,23.162841796875,-6.04248046875
5.513672,22.760009765625,-6.4453125
5.515625,22.15576171875,-7.049560546875
5.517578,21.35009765625,-7.855224609375
5.519531,20.343017578125,-8.8623046875
5.521484,19.3359375,-9.869384765625
5.523438,18.5302734375,-10.675048828125
5.525391,17.724609375,-11.480712890625
5.527344,17.120361328125,-12.0849609375
5.529297,16.717529296875,-12.48779296875
5.53125,16.717529296875,-12.48779296875
5.533203,16.9189453125,-12.286376953125
5.535156,17.523193359375,-11.68212890625
5.537109,18.12744140625,-11.077880859375
5.539062,19.134521484375,-10.07080078125
5.541016,19.940185546875,-9.063720703125
5.542969,20.947265625,-8.258056640625
5.544922,21.7529296875,-7.2509765625
5.546875,22.55859375,-6.646728515625
5.548828,22.96142578125,-6.04248046875
5.550781,23.3642578125,-5.841064453125
5.552734,23.162841796875,-5.841064453125
5.554688,22.96142578125,-6.243896484375
5.556641,22.357177734375,-6.84814453125
5.558594,16.9189453125,4.632568359375
5.560547,15.911865234375,3.62548828125
5.5625,15.106201171875,2.618408203125
5.564453,14.09912109375,1.812744140625
5.566406,13.29345703125,0.8056640625
5.568359,12.689208984375,0.201416015625
5.570312,12.0849609375,-0.201416015625
5.572266,12.0849609375,-0.40283203125
5.574219,12.0849609375,-0.201416015625
5.576172,12.689208984375,0.201416015625
5.578125,13.29345703125,0.8056640625
5.580078,14.09912109375,1.812744140625
5.582031,15.106201171875,2.618408203125
5.583984,12.286376953125,14.501953125
5.585938,13.29345703125,15.3076171875
5.587891,14.09912109375,16.11328125
5.589844,14.703369140625,16.717529296875
5.591797,14.90478515625,17.120361328125
5.59375,14.90478515625,17.120361328125
5.595703,14.703369140625,16.9189453125
5.597656,14.300537109375,16.314697265625
5.599609,13.494873046875,15.71044921875
5.601562,12.689208984375,14.703369140625
5.603516,11.68212890625,13.897705078125
5.605469,10.675048828125,12.890625
5.607422,9.869384765625,11.883544921875
5.609375,9.063720703125,11.279296875
5.611328,8.660888671875,10.675048828125
5.613281,8.45947265625,10.4736328125
5.615234,8.45947265625,10.4736328125
5.617188,8.8623046875,10.87646484375
5.619141,9.26513671875,11.480712890625
5.621094,10.07080078125,12.286376953125
5.623047,11.077880859375,13.092041015625
5.625,12.0849609375,14.09912109375
5.626953,12.890625,15.106201171875
5.628906,13.6962890625,15.911865234375
5.630859,14.501953125,16.51611328125
5.632812,14.90478515625,16.9189453125
5.634766,14.90478515625,17.120361328125
5.636719,14.90478515625,16.9189453125
5.638672,14.501953125,16.51611328125
5.640625,13.6962890625,15.911865234375
5.642578,12.890625,15.106201171875
5.644531,12.0849609375,14.09912109375
5.646484,11.077880859375,13.092041015625
5.648438,10.07080078125,12.286376953125
5.650391,9.26513671875,11.480712890625
5.652344,8.8623046875,10.87646484375
5.654297,8.45947265625,10.4736328125
5.65625,8.45947265625,10.4736328125
5.658203,1.812744140625,36.2548828125
5.660156,2.215576171875,36.65771484375
5.662109,3.021240234375,37.46337890625
5.664062,3.826904296875,38.26904296875
5.666016,4.833984375,39.276123046875
5.667969,5.841064453125,40.283203125
5.669922,6.646728515625,41.0888671875
5.671875,7.2509765625,41.89453125
5.673828,7.855224609375,42.29736328125
5.675781,8.056640625,42.498779296875
5.677734,8.056640625,42.498779296875
5.679688,7.65380859375,42.095947265625
5.681641,7.049560546875,41.49169921875
5.683594,2.81982421875,50.152587890625
5.685547,1.812744140625,49.1455078125
5.6875,1.007080078125,48.138427734375
5.689453,0.0,47.332763671875
5.691406,-0.8056640625,46.527099609375
5.693359,-1.409912109375,45.721435546875
5.695312,-2.01416015625,45.318603515625
5.697266,-2.01416015625,45.318603515625
5.699219,-2.01416015625,45.318603515625
5.701172,-1.409912109375,45.721435546875
5.703125,-0.8056640625,46.527099609375
5.705078,0.0,47.332763671875
5.707031,1.007080078125,48.138427734375
5.708984,1.812744140625,49.1455078125
5.710938,2.81982421875,50.152587890625
5.712891,3.62548828125,50.958251953125
5.714844,4.229736328125,51.5625
5.716797,4.43115234375,51.763916015625
5.71875,4.43115234375,51.763916015625
5.720703,4.229736328125,51.5625
5.722656,3.826904296875,51.15966796875
5.724609,3.021240234375,50.35400390625
5.726562,2.215576171875,49.54833984375
5.728516,1.20849609375,48.541259765625
5.730469,0.201416015625,47.5341796875
5.732422,-0.604248046875,46.728515625
5.734375,-3.021240234375,44.915771484375
5.736328,-3.424072265625,44.3115234375
5.738281,-3.826904296875,44.110107421875
5.740234,-3.62548828125,44.110107421875
5.742188,-3.424072265625,44.512939453125
5.744141,-2.81982421875,45.1171875
5.746094,-2.01416015625,45.9228515625
5.748047,-1.007080078125,46.728515625
5.75,-0.201416015625,47.735595703125
5.751953,0.8056640625,48.74267578125
5.753906,0.604248046875,47.735595703125
5.755859,1.20849609375,48.541259765625
5.757812,1.611328125,48.944091796875
5.759766,1.812744140625,48.944091796875
5.761719,1.611328125,48.944091796875
5.763672,1.20849609375,48.541259765625
5.765625,0.604248046875,47.735595703125
5.767578,-0.201416015625,46.929931640625
5.769531,-1.20849609375,46.124267578125
5.771484,-2.215576171875,45.1171875
5.773438,-3.021240234375,44.110107421875
5.775391,-3.826904296875,43.505859375
5.777344,-4.43115234375,42.901611328125
5.779297,-4.632568359375,42.498779296875
5.78125,-4.833984375,42.498779296875
5.783203,-6.243896484375,33.636474609375
5.785156,-5.6396484375,34.24072265625
5.787109,-5.035400390625,34.844970703125
5.789062,-4.0283203125,35.85205078125
5.791016,-3.22265625,36.65771484375
5.792969,-2.81982421875,22.760009765625
5.794922,-1.812744140625,23.76708984375
5.796875,-1.20849609375,24.371337890625
5.798828,-1.812744140625,17.926025390625
5.800781,2.4169921875,-6.243896484375
5.802734,2.215576171875,-6.243896484375
5.804688,2.01416015625,-6.646728515625
5.806641,1.409912109375,-7.2509765625
5.808594,0.604248046875,-8.056640625
5.810547,-0.201416015625,-8.8623046875
5.8125,-1.20849609375,-9.869384765625
5.814453,-2.215576171875,-10.87646484375
5.816406,-3.021240234375,-11.68212890625
5.818359,-3.62548828125,-12.286376953125
5.820312,-4.0283203125,-12.689208984375
5.822266,-4.229736328125,-12.890625
5.824219,-4.0283203125,-12.689208984375
5.826172,-3.62548828125,-12.286376953125
5.828125,-3.021240234375,-11.68212890625
5.830078,-2.215576171875,-10.87646484375
5.832031,-1.20849609375,-9.869384765625
5.833984,-0.201416015625,-8.8623046875
5.835938,0.604248046875,-8.056640625
5.837891,1.409912109375,-7.2509765625
5.839844,2.01416015625,-6.646728515625
5.841797,2.215576171875,-6.243896484375
5.84375,2.4169921875,-6.243896484375
5.845703,2.215576171875,-6.4453125
5.847656,7.2509765625,4.43115234375
5.849609,6.4453125,3.62548828125
5.851562,5.6396484375,2.81982421875
5.853516,6.646728515625,8.056640625
5.855469,5.6396484375,7.049560546875
5.857422,4.632568359375,6.243896484375
5.859375,4.0283203125,5.438232421875
5.861328,3.424072265625,5.035400390625
5.863281,3.22265625,4.833984375
5.865234,3.22265625,4.833984375
5.867188,3.62548828125,5.035400390625
5.869141,4.229736328125,5.6396484375
5.871094,5.035400390625,6.4453125
5.873047,5.841064453125,7.452392578125
5.875,6.84814453125,8.45947265625
5.876953,7.855224609375,9.26513671875
5.878906,8.660888671875,10.07080078125
5.880859,9.26513671875,10.87646484375
5.882812,9.66796875,11.279296875
5.884766,9.869384765625,11.279296875
5.886719,9.66796875,11.279296875
5.888672,9.26513671875,10.87646484375
5.890625,8.660888671875,10.07080078125
5.892578,7.855224609375,9.26513671875
5.894531,6.84814453125,8.45947265625
5.896484,10.87646484375,28.1982421875
5.898438,10.07080078125,27.191162109375
5.900391,9.26513671875,26.5869140625
5.902344,8.660888671875,25.982666015625
5.904297,8.258056640625,25.579833984375
5.90625,8.258056640625,25.579833984375
5.908203,8.45947265625,25.78125
5.910156,9.063720703125,26.385498046875
5.912109,9.66796875,26.98974609375
5.914062,10.675048828125,27.79541015625
5.916016,11.68212890625,28.802490234375
5.917969,12.48779296875,29.8095703125
5.919922,13.494873046875,30.615234375
5.921875,14.09912109375,31.4208984375
5.923828,14.703369140625,31.82373046875
5.925781,14.90478515625,32.025146484375
5.927734,14.90478515625,32.025146484375
5.929688,14.501953125,31.82373046875
5.931641,13.897705078125,31.219482421875
5.933594,13.092041015625,30.413818359375
5.935547,12.286376953125,29.40673828125
5.9375,11.279296875,28.60107421875
5.939453,10.272216796875,27.593994140625
5.941406,9.466552734375,26.788330078125
5.943359,14.09912109375,39.678955078125
5.945312,13.6962890625,39.276123046875
5.947266,13.494873046875,39.276123046875
5.949219,13.6962890625,39.276123046875
5.951172,14.09912109375,39.678955078125
5.953125,14.703369140625,40.484619140625
5.955078,15.509033203125,41.290283203125
5.957031,16.51611328125,42.095947265625
5.958984,17.523193359375,43.10302734375
5.960938,18.328857421875,44.110107421875
5.962891,19.134521484375,44.915771484375
5.964844,19.73876953125,45.318603515625
5.966797,20.1416015625,45.721435546875
5.96875,20.1416015625,45.721435546875
5.970703,19.940185546875,45.52001953125
5.972656,19.3359375,45.1171875
5.974609,18.731689453125,44.3115234375
5.976562,17.724609375,43.505859375
5.978516,16.9189453125,42.498779296875
5.980469,15.911865234375,41.49169921875
5.982422,15.106201171875,40.68603515625
5.984375,14.300537109375,39.88037109375
5.986328,13.6962890625,39.4775390625
5.988281,13.494873046875,39.276123046875
5.990234,13.6962890625,39.276123046875
5.992188,13.897705078125,39.678955078125
5.994141,14.501953125,40.081787109375
5.996094,15.3076171875,40.887451171875
5.998047,16.11328125,41.89453125
6.0,17.120361328125,42.901611328125
6.001953,18.12744140625,43.707275390625
6.003906,18.93310546875,44.512939453125
6.005859,19.537353515625,45.318603515625
6.007812,19.940185546875,45.721435546875
6.009766,20.1416015625,45.721435546875
6.011719,19.940185546875,45.721435546875
6.013672,19.537353515625,45.318603515625
6.015625,24.371337890625,44.71435546875
6.017578,23.565673828125,43.90869140625
6.019531,22.55859375,42.901611328125
6.021484,21.551513671875,42.095947265625
6.023438,20.745849609375,41.0888671875
6.025391,19.940185546875,40.283203125
6.027344,19.3359375,39.678955078125
6.029297,18.93310546875,39.4775390625
6.03125,18.93310546875,39.4775390625
6.033203,19.134521484375,39.678955078125
6.035156,19.73876953125,40.081787109375
6.037109,20.343017578125,40.887451171875
6.039062,21.35009765625,41.693115234375
6.041016,22.15576171875,42.7001953125
6.042969,23.162841796875,43.707275390625
6.044922,23.968505859375,44.512939453125
6.046875,24.774169921875,45.318603515625
6.048828,26.98974609375,38.067626953125
6.050781,27.191162109375,38.26904296875
6.052734,27.191162109375,38.26904296875
6.054688,26.788330078125,37.8662109375
6.056641,26.385498046875,37.261962890625
6.058594,25.579833984375,36.65771484375
6.060547,24.57275390625,35.650634765625
6.0625,23.565673828125,34.6435546875
6.064453,22.760009765625,33.837890625
6.066406,21.954345703125,32.830810546875
6.068359,21.148681640625,32.2265625
6.070312,20.745849609375,31.82373046875
6.072266,20.745849609375,31.622314453125
6.074219,21.35009765625,18.93310546875
6.076172,21.7529296875,19.3359375
6.078125,22.357177734375,19.940185546875
6.080078,23.162841796875,20.745849609375
6.082031,24.169921875,21.7529296875
6.083984,25.177001953125,22.760009765625
6.085938,25.982666015625,23.565673828125
6.087891,26.788330078125,24.371337890625
6.089844,27.392578125,24.9755859375
6.091797,27.79541015625,25.37841796875
6.09375,27.79541015625,25.37841796875
6.095703,27.593994140625,25.177001953125
6.097656,26.98974609375,24.57275390625
6.099609,26.385498046875,23.968505859375
6.101562,25.37841796875,22.96142578125
6.103516,24.57275390625,22.15576171875
6.105469,23.565673828125,21.148681640625
6.107422,22.760009765625,20.343017578125
6.109375,21.954345703125,19.537353515625
6.111328,21.35009765625,19.134521484375
6.113281,21.148681640625,18.731689453125
6.115234,21.35009765625,18.93310546875
6.117188,21.551513671875,19.134521484375
6.119141,22.15576171875,19.73876953125
6.121094,22.96142578125,20.54443359375
6.123047,22.96142578125,14.300537109375
6.125,24.57275390625,7.855224609375
6.126953,25.579833984375,8.660888671875
6.128906,26.385498046875,9.466552734375
6.130859,26.98974609375,10.272216796875
6.132812,21.148681640625,-2.4169921875
6.134766,21.148681640625,-2.215576171875
6.136719,21.148681640625,-2.4169921875
6.138672,20.54443359375,-2.81982421875
6.140625,19.940185546875,-3.424072265625
6.142578,14.501953125,8.45947265625
6.144531,8.45947265625,29.40673828125
6.146484,7.452392578125,28.399658203125
6.148438,6.4453125,27.392578125
6.150391,5.6396484375,26.5869140625
6.152344,5.23681640625,26.18408203125
6.154297,4.833984375,25.78125
6.15625,4.833984375,25.78125
6.158203,5.035400390625,25.982666015625
6.160156,5.438232421875,26.385498046875
6.162109,6.243896484375,27.191162109375
6.164062,7.049560546875,27.996826171875
6.166016,8.056640625,29.00390625
6.167969,9.063720703125,30.010986328125
6.169922,9.869384765625,30.816650390625
6.171875,10.675048828125,31.622314453125
6.173828,7.65380859375,41.49169921875
6.175781,7.855224609375,41.693115234375
6.177734,7.855224609375,41.693115234375
6.179688,7.452392578125,41.290283203125
6.181641,7.049560546875,40.887451171875
6.183594,6.243896484375,40.081787109375
6.185547,5.23681640625,39.07470703125
6.1875,4.229736328125,38.067626953125
6.189453,3.424072265625,37.261962890625
6.191406,2.618408203125,36.456298828125
6.193359,1.812744140625,35.650634765625
6.195312,1.409912109375,35.247802734375
6.197266,1.409912109375,35.247802734375
6.199219,1.409912109375,35.247802734375
6.201172,1.812744140625,35.650634765625
6.203125,2.618408203125,36.456298828125
6.205078,3.424072265625,37.261962890625
6.207031,4.229736328125,38.067626953125
6.208984,5.23681640625,39.07470703125
6.210938,6.243896484375,40.081787109375
6.212891,7.049560546875,40.887451171875
6.214844,7.452392578125,41.290283203125
6.216797,7.855224609375,41.693115234375
6.21875,7.855224609375,41.693115234375
6.220703,7.65380859375,41.49169921875
6.222656,7.2509765625,41.0888671875
6.224609,6.4453125,40.283203125
6.226562,5.6396484375,39.4775390625
6.228516,4.632568359375,38.470458984375
6.230469,3.62548828125,37.46337890625
6.232422,2.81982421875,36.65771484375
6.234375,2.01416015625,35.85205078125
6.236328,1.611328125,35.44921875
6.238281,-4.229736328125,45.1171875
6.240234,-4.229736328125,45.1171875
6.242188,-3.826904296875,45.52001953125
6.244141,-4.229736328125,41.89453125
6.246094,-3.424072265625,42.498779296875
6.248047,-2.618408203125,43.505859375
6.25,-1.611328125,44.512939453125
6.251953,-0.604248046875,45.318603515625
6.253906,0.201416015625,46.32568359375
6.255859,0.8056640625,46.929931640625
6.257812,1.20849609375,47.332763671875
6.259766,1.409912109375,47.5341796875
6.261719,1.20849609375,47.332763671875
6.263672,0.8056640625,46.929931640625
6.265625,0.201416015625,46.32568359375
6.267578,-0.604248046875,45.318603515625
6.269531,-1.611328125,44.512939453125
6.271484,-2.618408203125,43.505859375
6.273438,-3.424072265625,42.498779296875
6.275391,-4.229736328125,41.89453125
6.277344,-4.833984375,41.290283203125
6.279297,-5.23681640625,40.887451171875
6.28125,-5.23681640625,40.887451171875
6.283203,-5.035400390625,41.0888671875
6.285156,-4.43115234375,41.693115234375
6.287109,-3.826904296875,42.29736328125
6.289062,-2.81982421875,43.10302734375
6.291016,-2.01416015625,44.110107421875
6.292969,-1.007080078125,45.1171875
6.294922,-0.201416015625,45.9228515625
6.296875,0.604248046875,46.728515625
6.298828,1.007080078125,47.13134765625
6.300781,1.409912109375,47.332763671875
6.302734,1.20849609375,47.332763671875
6.304688,1.007080078125,47.13134765625
6.306641,0.40283203125,46.527099609375
6.308594,-3.22265625,23.76708984375
6.310547,-4.229736328125,22.760009765625
6.3125,-5.035400390625,21.7529296875
6.314453,-6.04248046875,20.947265625
6.316406,-6.84814453125,19.940185546875
6.318359,-7.452392578125,19.3359375
6.320312,-8.056640625,18.93310546875
6.322266,-8.056640625,18.731689453125
6.324219,-7.65380859375,5.438232421875
6.326172,-7.2509765625,5.841064453125
6.328125,-6.646728515625,6.4453125
6.330078,-5.6396484375,7.452392578125
6.332031,-4.833984375,8.258056640625
6.333984,-3.826904296875,9.26513671875
6.335938,-2.81982421875,10.272216796875
6.337891,-2.215576171875,10.87646484375
6.339844,-1.611328125,11.480712890625
6.341797,-1.20849609375,11.883544921875
6.34375,-1.20849609375,11.883544921875
6.345703,-1.409912109375,11.68212890625
6.347656,-2.01416015625,11.077880859375
6.349609,-2.618408203125,10.4736328125
6.351562,-3.424072265625,9.66796875
6.353516,-4.43115234375,8.660888671875
6.355469,-5.438232421875,7.65380859375
6.357422,-6.243896484375,6.84814453125
6.359375,-7.049560546875,6.04248046875
6.361328,-7.452392578125,5.6396484375
6.363281,-7.65380859375,5.23681640625
6.365234,-7.65380859375,5.438232421875
6.367188,-7.452392578125,5.6396484375
6.369141,-6.84814453125,6.243896484375
6.371094,-6.04248046875,7.049560546875
6.373047,-5.035400390625,8.056640625
6.375,-4.229736328125,8.8623046875
6.376953,-3.22265625,9.869384765625
6.378906,-2.4169921875,10.675048828125
6.380859,0.40283203125,-5.6396484375
6.382812,0.8056640625,-5.23681640625
6.384766,1.007080078125,-5.035400390625
6.386719,0.8056640625,-5.23681640625
6.388672,0.40283203125,-5.6396484375
6.390625,-0.201416015625,-6.243896484375
6.392578,-1.007080078125,-7.049560546875
6.394531,8.45947265625,14.90478515625
6.396484,7.452392578125,13.897705078125
6.398438,6.4453125,12.890625
6.400391,5.841064453125,12.0849609375
6.402344,5.23681640625,11.68212890625
6.404297,10.07080078125,30.615234375
6.40625,14.703369140625,45.9228515625
6.408203,20.343017578125,31.4208984375
6.410156,20.745849609375,31.82373046875
6.412109,21.551513671875,32.62939453125
6.414062,22.15576171875,7.65380859375
6.416016,23.162841796875,8.660888671875
6.417969,24.169921875,9.66796875
6.419922,24.9755859375,10.4736328125
6.421875,25.78125,11.279296875
6.423828,26.18408203125,11.68212890625
6.425781,26.385498046875,11.883544921875
6.427734,26.385498046875,11.883544921875
6.429688,25.982666015625,11.480712890625
6.431641,25.579833984375,10.87646484375
6.433594,24.774169921875,10.272216796875
6.435547,23.76708984375,9.26513671875
6.4375,22.760009765625,8.258056640625
6.439453,20.343017578125,-8.660888671875
6.441406,19.537353515625,-9.466552734375
6.443359,18.93310546875,-10.07080078125
6.445312,18.328857421875,-10.4736328125
6.447266,16.717529296875,-10.87646484375
6.449219,16.717529296875,-10.675048828125
6.451172,17.120361328125,-10.272216796875
6.453125,17.926025390625,-9.66796875
6.455078,12.0849609375,5.6396484375
6.457031,9.66796875,20.947265625
6.458984,10.4736328125,21.7529296875
6.460938,9.66796875,29.40673828125
6.462891,10.4736328125,30.21240234375
6.464844,11.077880859375,30.816650390625
6.466797,11.279296875,31.219482421875
6.46875,11.279296875,31.219482421875
6.470703,11.077880859375,31.01806640625
6.472656,10.675048828125,30.413818359375
6.474609,9.869384765625,29.8095703125
6.476562,9.063720703125,28.802490234375
6.478516,8.056640625,27.996826171875
6.480469,7.049560546875,26.98974609375
6.482422,6.243896484375,26.18408203125
6.484375,5.438232421875,25.37841796875
6.486328,5.035400390625,24.774169921875
6.488281,4.833984375,24.57275390625
6.490234,4.833984375,24.774169921875
6.492188,5.23681640625,24.9755859375
6.494141,5.6396484375,25.579833984375
6.496094,6.4453125,26.385498046875
6.498047,2.618408203125,42.095947265625
6.5,3.62548828125,43.10302734375
6.501953,4.43115234375,44.110107421875
6.503906,5.23681640625,44.915771484375
6.505859,6.04248046875,45.52001953125
6.507812,6.4453125,45.9228515625
6.509766,6.4453125,46.124267578125
6.511719,6.4453125,45.9228515625
6.513672,6.04248046875,45.52001953125
6.515625,5.23681640625,44.915771484375
6.517578,4.43115234375,44.110107421875
6.519531,3.62548828125,43.10302734375
6.521484,2.618408203125,42.095947265625
6.523438,1.611328125,41.290283203125
6.525391,0.8056640625,40.484619140625
6.527344,0.40283203125,39.88037109375
6.529297,0.0,39.4775390625
6.53125,0.0,39.4775390625
6.533203,0.201416015625,39.678955078125
6.535156,0.604248046875,40.283203125
6.537109,1.409912109375,40.887451171875
6.539062,2.215576171875,41.89453125
6.541016,0.201416015625,46.124267578125
6.542969,1.007080078125,47.13134765625
6.544922,2.01416015625,47.93701171875
6.546875,2.618408203125,48.74267578125
6.548828,3.22265625,49.1455078125
6.550781,3.424072265625,49.346923828125
6.552734,3.424072265625,49.346923828125
6.554688,3.021240234375,48.944091796875
6.556641,0.8056640625,46.929931640625
6.558594,0.0,46.124267578125
6.560547,-1.007080078125,45.1171875
6.5625,-1.812744140625,44.110107421875
6.564453,-2.81982421875,43.304443359375
6.566406,-3.62548828125,42.498779296875
6.568359,-4.229736328125,41.693115234375
6.570312,-4.632568359375,41.290283203125
6.572266,-4.833984375,41.290283203125
6.574219,-4.632568359375,41.290283203125
6.576172,-4.229736328125,41.693115234375
6.578125,-3.62548828125,42.498779296875
6.580078,-2.81982421875,43.304443359375
6.582031,-1.812744140625,44.110107421875
6.583984,-1.007080078125,45.1171875
6.585938,0.0,46.124267578125
6.587891,0.8056640625,46.929931640625
6.589844,1.409912109375,47.332763671875
6.591797,1.611328125,47.735595703125
6.59375,1.812744140625,47.735595703125
6.595703,1.409912109375,47.5341796875
6.597656,1.007080078125,47.13134765625
6.599609,0.201416015625,46.32568359375
6.601562,-0.604248046875,45.52001953125
6.603516,-3.826904296875,36.053466796875
6.605469,-4.632568359375,35.04638671875
6.607422,-5.6396484375,34.24072265625
6.609375,-6.243896484375,33.43505859375
6.611328,-6.84814453125,33.0322265625
6.613281,-7.049560546875,32.830810546875
6.615234,-7.049560546875,32.830810546875
6.617188,-6.646728515625,33.0322265625
6.619141,-6.04248046875,33.636474609375
6.621094,-5.23681640625,34.442138671875
6.623047,-4.43115234375,35.44921875
6.625,-4.0283203125,22.55859375
6.626953,-3.22265625,23.3642578125
6.628906,-2.215576171875,24.169921875
6.630859,-1.611328125,24.9755859375
6.632812,-1.20849609375,25.37841796875
6.634766,-0.201416015625,18.12744140625
6.636719,-0.40283203125,18.12744140625
6.638672,-0.8056640625,17.724609375
6.640625,-1.409912109375,16.9189453125
6.642578,-2.215576171875,16.11328125
6.644531,-3.22265625,15.3076171875
6.646484,-4.229736328125,14.300537109375
6.648438,-5.035400390625,13.29345703125
6.650391,-5.841064453125,12.48779296875
6.652344,-6.4453125,12.0849609375
6.654297,-6.84814453125,11.68212890625
6.65625,-6.84814453125,11.68212890625
6.658203,-6.646728515625,11.883544921875
6.660156,-6.04248046875,12.286376953125
6.662109,-5.438232421875,13.092041015625
6.664062,-4.43115234375,13.897705078125
6.666016,-3.424072265625,14.90478515625
6.667969,-2.618408203125,15.911865234375
6.669922,-1.611328125,16.717529296875
6.671875,-1.007080078125,17.523193359375
6.673828,-0.40283203125,17.926025390625
6.675781,-0.201416015625,18.12744140625
6.677734,-1.20849609375,12.48779296875
6.679688,-1.007080078125,6.243896484375
6.681641,-1.611328125,5.6396484375
6.683594,-2.4169921875,4.833984375
6.685547,-3.424072265625,4.0283203125
6.6875,-4.229736328125,3.021240234375
6.689453,-5.23681640625,2.01416015625
6.691406,-6.04248046875,1.20849609375
6.693359,-6.646728515625,0.604248046875
6.695312,-7.049560546875,0.201416015625
6.697266,-7.2509765625,0.0
6.699219,-7.049560546875,0.201416015625
6.701172,-6.646728515625,0.604248046875
6.703125,-6.04248046875,1.20849609375
6.705078,-5.23681640625,2.01416015625
6.707031,-4.229736328125,3.021240234375
6.708984,-3.424072265625,4.0283203125
6.710938,-2.4169921875,4.833984375
6.712891,-1.611328125,5.6396484375
6.714844,-1.007080078125,6.243896484375
6.716797,-0.8056640625,6.646728515625
6.71875,-0.604248046875,6.646728515625
6.720703,-1.007080078125,6.4453125
6.722656,-1.409912109375,5.841064453125
6.724609,-2.215576171875,5.23681640625
6.726562,-3.021240234375,4.229736328125
6.728516,-4.0283203125,3.22265625
6.730469,-5.035400390625,2.4169921875
6.732422,-5.841064453125,1.409912109375
6.734375,-6.4453125,0.8056640625
6.736328,-7.049560546875,0.201416015625
6.738281,-7.2509765625,0.0
6.740234,-7.2509765625,0.0
6.742188,-6.84814453125,0.40283203125
6.744141,-6.243896484375,1.007080078125
6.746094,-5.438232421875,1.812744140625
6.748047,-4.632568359375,2.618408203125
6.75,1.611328125,-7.65380859375
6.751953,2.618408203125,-6.84814453125
6.753906,3.424072265625,-6.04248046875
6.755859,4.0283203125,-5.23681640625
6.757812,13.092041015625,24.371337890625
6.759766,13.29345703125,24.57275390625
6.761719,13.092041015625,24.371337890625
6.763672,12.689208984375,23.968505859375
6.765625,12.0849609375,23.3642578125
6.767578,14.501953125,36.65771484375
6.769531,19.73876953125,49.951171875
6.771484,18.93310546875,48.944091796875
6.773438,17.926025390625,48.138427734375
6.775391,17.120361328125,47.332763671875
6.777344,16.51611328125,46.728515625
6.779297,16.314697265625,46.527099609375
6.78125,16.11328125,46.32568359375
6.783203,16.51611328125,46.728515625
6.785156,22.15576171875,19.537353515625
6.787109,22.357177734375,12.689208984375
6.789062,23.3642578125,13.494873046875
6.791016,24.169921875,14.501953125
6.792969,25.177001953125,15.509033203125
6.794922,25.982666015625,16.314697265625
6.796875,26.788330078125,16.9189453125
6.798828,27.191162109375,17.523193359375
6.800781,27.593994140625,17.724609375
6.802734,27.392578125,17.724609375
6.804688,27.191162109375,17.32177734375
6.806641,26.5869140625,16.717529296875
6.808594,25.78125,16.11328125
6.810547,24.774169921875,15.106201171875
6.8125,23.968505859375,14.09912109375
6.814453,22.96142578125,13.29345703125
6.816406,22.15576171875,12.286376953125
6.818359,21.551513671875,11.68212890625
6.820312,21.148681640625,11.279296875
6.822266,20.947265625,11.077880859375
6.824219,21.148681640625,11.279296875
6.826172,21.551513671875,11.68212890625
6.828125,22.15576171875,12.286376953125
6.830078,21.551513671875,-5.035400390625
6.832031,22.55859375,-4.229736328125
6.833984,23.3642578125,-3.22265625
6.835938,24.371337890625,-2.215576171875
6.837891,25.177001953125,-1.611328125
6.839844,25.78125,-1.007080078125
6.841797,25.982666015625,-0.604248046875
6.84375,25.982666015625,-0.604248046875
6.845703,25.78125,-0.8056640625
6.847656,25.37841796875,-1.20849609375
6.849609,24.57275390625,-2.01416015625
6.851562,23.76708984375,-2.81982421875
6.853516,22.760009765625,-3.826904296875
6.855469,21.7529296875,-4.833984375
6.857422,20.947265625,-5.6396484375
6.859375,20.343017578125,-6.4453125
6.861328,19.73876953125,-6.84814453125
6.863281,19.537353515625,-7.049560546875
6.865234,19.537353515625,-7.049560546875
6.867188,19.940185546875,-6.84814453125
6.869141,20.54443359375,-6.243896484375
6.871094,21.148681640625,-5.438232421875
6.873047,22.15576171875,-4.43115234375
6.875,23.162841796875,-3.62548828125
6.876953,23.968505859375,-2.618408203125
6.878906,24.9755859375,-1.812744140625
6.880859,25.579833984375,-1.20849609375
6.882812,25.982666015625,-0.604248046875
6.884766,21.7529296875,-1.007080078125
6.886719,21.7529296875,-1.007080078125
6.888672,19.73876953125,1.20849609375
6.890625,19.134521484375,0.604248046875
6.892578,18.328857421875,-0.40283203125
6.894531,17.32177734375,-1.20849609375
6.896484,16.314697265625,-2.215576171875
6.898438,15.509033203125,-3.22265625
6.900391,14.703369140625,-3.826904296875
6.902344,14.09912109375,-4.43115234375
6.904297,13.6962890625,-4.833984375
6.90625,13.6962890625,-4.833984375
6.908203,13.897705078125,-4.632568359375
6.910156,14.501953125,-4.229736328125
6.912109,15.106201171875,-3.424072265625
6.914062,12.48779296875,5.841064453125
6.916016,13.494873046875,6.84814453125
6.917969,14.300537109375,7.855224609375
6.919922,15.3076171875,8.660888671875
6.921875,12.48779296875,23.968505859375
6.923828,12.890625,24.371337890625
6.925781,6.646728515625,46.527099609375
6.927734,6.646728515625,46.32568359375
6.929688,6.243896484375,46.124267578125
6.931641,5.841064453125,45.52001953125
6.933594,5.035400390625,44.71435546875
6.935547,4.0283203125,43.707275390625
6.9375,-2.215576171875,42.498779296875
6.939453,-3.22265625,41.49169921875
6.941406,-4.0283203125,40.68603515625
6.943359,-4.632568359375,40.081787109375
6.945312,-5.035400390625,39.678955078125
6.947266,-5.23681640625,39.4775390625
6.949219,-6.4453125,36.65771484375
6.951172,-6.04248046875,37.060546875
6.953125,-5.438232421875,37.664794921875
6.955078,-4.632568359375,38.470458984375
6.957031,-3.62548828125,39.4775390625
6.958984,-2.81982421875,40.484619140625
6.960938,-1.409912109375,36.859130859375
6.962891,-0.604248046875,37.664794921875
6.964844,0.0,38.26904296875
6.966797,0.201416015625,38.470458984375
6.96875,0.201416015625,38.671875
6.970703,0.0,38.470458984375
6.972656,-0.40283203125,37.8662109375
6.974609,-1.20849609375,37.060546875
6.976562,-2.01416015625,36.2548828125
6.978516,-3.021240234375,35.247802734375
6.980469,-4.0283203125,34.442138671875
6.982422,-4.833984375,33.43505859375
6.984375,-5.6396484375,32.830810546875
6.986328,-6.04248046875,32.2265625
6.988281,-6.243896484375,32.025146484375
6.990234,-6.243896484375,32.025146484375
6.992188,-5.841064453125,32.427978515625
6.994141,-5.438232421875,33.0322265625
6.996094,-4.632568359375,33.837890625
6.998047,-3.62548828125,34.6435546875
7.0,-2.618408203125,35.650634765625
7.001953,-1.812744140625,36.65771484375
7.003906,-1.007080078125,37.46337890625
7.005859,-0.201416015625,38.067626953125
7.007812,0.201416015625,38.470458984375
7.009766,0.201416015625,38.671875
7.011719,0.201416015625,38.470458984375
7.013672,-0.201416015625,38.067626953125
7.015625,-1.007080078125,37.46337890625
7.017578,-1.812744140625,36.65771484375
7.019531,-2.618408203125,35.650634765625
7.021484,-3.62548828125,34.6435546875
7.023438,-4.632568359375,33.837890625
7.025391,-5.438232421875,-5.035400390625
7.027344,-6.04248046875,-5.6396484375
7.029297,-6.243896484375,-6.04248046875
7.03125,-6.4453125,-6.04248046875
7.033203,-6.04248046875,-5.841064453125
7.035156,-5.6396484375,-5.23681640625
7.037109,-4.833984375,-4.632568359375
7.039062,-4.0283203125,-3.62548828125
7.041016,-3.021240234375,-2.81982421875
7.042969,-2.01416015625,-1.812744140625
7.044922,-1.20849609375,-0.8056640625
7.046875,-0.604248046875,-0.201416015625
7.048828,0.0,0.40283203125
7.050781,0.201416015625,0.604248046875
7.052734,0.201416015625,0.604248046875
7.054688,-0.201416015625,0.201416015625
7.056641,-0.8056640625,-0.40283203125
7.058594,0.8056640625,-4.833984375
7.060547,-0.201416015625,-5.6396484375
7.0625,-1.007080078125,-6.646728515625
7.064453,-2.01416015625,-7.65380859375
7.066406,-2.81982421875,-8.45947265625
7.068359,-3.424072265625,-9.063720703125
7.070312,-3.424072265625,-9.869384765625
7.072266,-3.424072265625,-10.07080078125
7.074219,-3.424072265625,-9.869384765625
7.076172,-3.021240234375,-9.466552734375
7.078125,-2.215576171875,-8.8623046875
7.080078,-1.409912109375,-8.056640625
7.082031,-0.604248046875,-7.049560546875
7.083984,0.40283203125,-6.04248046875
7.085938,1.409912109375,-5.23681640625
7.087891,2.215576171875,-4.43115234375
7.089844,2.81982421875,-3.826904296875
7.091797,3.021240234375,-3.424072265625
7.09375,3.021240234375,-3.424072265625
7.095703,2.81982421875,-3.62548828125
7.097656,2.4169921875,-4.229736328125
7.099609,1.611328125,-4.833984375
7.101562,0.8056640625,-5.6396484375
7.103516,-0.201416015625,-6.646728515625
7.105469,-1.20849609375,-7.65380859375
7.107422,-2.01416015625,-8.45947265625
7.109375,-2.81982421875,-9.26513671875
7.111328,-3.22265625,-9.66796875
7.113281,-3.424072265625,-10.07080078125
7.115234,-3.424072265625,-9.869384765625
7.117188,-3.021240234375,-9.66796875
7.119141,-2.618408203125,-9.063720703125
7.121094,-1.812744140625,-8.258056640625
7.123047,-0.8056640625,-7.2509765625
7.125,0.201416015625,-6.4453125
7.126953,1.007080078125,-5.438232421875
7.128906,1.812744140625,-4.632568359375
7.130859,2.618408203125,-4.0283203125
7.132812,3.021240234375,-3.62548828125
7.134766,3.021240234375,-3.424072265625
7.136719,3.021240234375,-3.62548828125
7.138672,2.618408203125,-4.0283203125
7.140625,1.812744140625,-4.632568359375
7.142578,1.007080078125,-5.438232421875
7.144531,0.201416015625,-6.4453125
7.146484,-0.8056640625,-7.2509765625
7.148438,-1.812744140625,-8.258056640625
7.150391,-2.618408203125,-9.063720703125
7.152344,-3.021240234375,-9.66796875
7.154297,-3.424072265625,-9.869384765625
7.15625,-3.424072265625,-10.07080078125
7.158203,-3.22265625,-9.66796875
7.160156,-2.81982421875,-9.26513671875
7.162109,-2.01416015625,-8.45947265625
7.164062,-1.20849609375,-7.65380859375
7.166016,6.4453125,8.660888671875
7.167969,7.452392578125,9.66796875
7.169922,8.258056640625,10.675048828125
7.171875,9.063720703125,11.279296875
7.173828,9.466552734375,11.883544921875
7.175781,9.869384765625,12.0849609375
7.177734,9.66796875,12.0849609375
7.179688,9.466552734375,11.68212890625
7.181641,8.8623046875,11.077880859375
7.183594,8.056640625,10.272216796875
7.185547,7.2509765625,9.466552734375
7.1875,6.243896484375,8.45947265625
7.189453,5.23681640625,7.452392578125
7.191406,4.43115234375,6.646728515625
7.193359,3.826904296875,6.04248046875
7.195312,3.424072265625,5.6396484375
7.197266,3.22265625,5.438232421875
7.199219,3.424072265625,5.6396484375
7.201172,3.826904296875,6.04248046875
7.203125,4.43115234375,6.646728515625
7.205078,5.23681640625,7.452392578125
7.207031,6.243896484375,8.45947265625
7.208984,7.2509765625,9.466552734375
7.210938,8.056640625,10.272216796875
7.212891,8.8623046875,11.077880859375
7.214844,9.466552734375,11.68212890625
7.216797,9.66796875,12.0849609375
7.21875,9.869384765625,12.0849609375
7.220703,18.12744140625,42.29736328125
7.222656,21.148681640625,49.951171875
7.224609,20.343017578125,49.1455078125
7.226562,19.537353515625,48.33984375
7.228516,18.5302734375,47.332763671875
7.230469,17.724609375,46.32568359375
7.232422,21.954345703125,12.890625
7.234375,21.148681640625,12.286376953125
7.236328,20.745849609375,11.68212890625
7.238281,20.54443359375,11.480712890625
7.240234,20.54443359375,11.480712890625
7.242188,20.947265625,11.883544921875
7.244141,21.551513671875,12.48779296875
7.246094,22.15576171875,13.092041015625
7.248047,23.162841796875,14.09912109375
7.25,24.169921875,15.106201171875
7.251953,24.9755859375,15.911865234375
7.253906,25.78125,16.9189453125
7.255859,26.5869140625,17.523193359375
7.257812,26.98974609375,17.926025390625
7.259766,26.98974609375,18.12744140625
7.261719,26.98974609375,17.926025390625
7.263672,27.191162109375,11.480712890625
7.265625,26.385498046875,10.87646484375
7.267578,25.579833984375,10.07080078125
7.269531,24.774169921875,9.063720703125
7.271484,23.76708984375,8.258056640625
7.273438,22.760009765625,7.2509765625
7.275391,21.954345703125,6.4453125
7.277344,21.35009765625,5.841064453125
7.279297,21.148681640625,5.6396484375
7.28125,21.148681640625,5.6396484375
7.283203,21.35009765625,5.841064453125
7.285156,21.7529296875,6.243896484375
7.287109,22.55859375,7.049560546875
7.289062,23.3642578125,7.855224609375
7.291016,24.371337890625,8.8623046875
7.292969,25.37841796875,9.869384765625
7.294922,26.18408203125,10.675048828125
7.296875,26.98974609375,11.480712890625
7.298828,27.392578125,11.883544921875
7.300781,27.593994140625,12.0849609375
7.302734,27.593994140625,12.0849609375
7.304688,27.191162109375,11.68212890625
7.306641,26.788330078125,11.077880859375
7.308594,25.982666015625,10.4736328125
7.310547,24.9755859375,9.466552734375
7.3125,23.968505859375,8.45947265625
7.314453,23.162841796875,7.65380859375
7.316406,22.357177734375,6.646728515625
7.318359,21.551513671875,6.04248046875
7.320312,21.148681640625,5.6396484375
7.322266,21.148681640625,5.438232421875
7.324219,21.148681640625,5.6396484375
7.326172,21.551513671875,6.04248046875
7.328125,22.357177734375,6.646728515625
7.330078,23.162841796875,7.65380859375
7.332031,23.968505859375,8.45947265625
7.333984,24.9755859375,9.466552734375
7.335938,25.982666015625,10.4736328125
7.337891,26.788330078125,11.077880859375
7.339844,27.191162109375,11.68212890625
7.341797,27.593994140625,12.0849609375
7.34375,27.593994140625,12.0849609375
7.345703,27.392578125,11.883544921875
7.347656,26.98974609375,11.480712890625
7.349609,26.18408203125,10.675048828125
7.351562,21.954345703125,-5.23681640625
7.353516,20.947265625,-6.243896484375
7.355469,19.940185546875,-7.049560546875
7.357422,19.134521484375,-8.056640625
7.359375,18.328857421875,-8.660888671875
7.361328,17.926025390625,-9.26513671875
7.363281,17.523193359375,-9.466552734375
7.365234,17.724609375,-9.466552734375
7.367188,17.926025390625,-9.063720703125
7.369141,18.5302734375,-8.45947265625
7.371094,19.3359375,-7.65380859375
7.373047,20.343017578125,-6.84814453125
7.375,21.148681640625,-5.841064453125
7.376953,22.15576171875,-4.833984375
7.378906,22.96142578125,-4.0283203125
7.380859,23.565673828125,-3.424072265625
7.382812,23.968505859375,-3.021240234375
7.384766,24.169921875,-2.81982421875
7.386719,23.968505859375,-3.021240234375
7.388672,23.565673828125,-3.424072265625
7.390625,22.96142578125,-4.0283203125
7.392578,19.940185546875,-7.2509765625
7.394531,18.93310546875,-8.056640625
7.396484,17.926025390625,-9.063720703125
7.398438,17.120361328125,-10.07080078125
7.400391,16.314697265625,-10.87646484375
7.402344,15.71044921875,-11.279296875
7.404297,15.3076171875,-11.68212890625
7.40625,15.3076171875,-11.68212890625
7.408203,15.509033203125,-11.480712890625
7.410156,16.11328125,-11.077880859375
7.412109,16.717529296875,-10.272216796875
7.414062,17.724609375,-9.466552734375
7.416016,13.494873046875,7.855224609375
7.417969,14.501953125,8.660888671875
7.419922,15.3076171875,9.66796875
7.421875,16.11328125,10.272216796875
7.423828,16.51611328125,10.87646484375
7.425781,16.9189453125,11.077880859375
7.427734,16.717529296875,11.077880859375
7.429688,16.51611328125,10.675048828125
7.431641,15.911865234375,10.07080078125
7.433594,15.106201171875,9.26513671875
7.435547,14.09912109375,8.45947265625
7.4375,13.29345703125,7.452392578125
7.439453,12.286376953125,6.4453125
7.441406,11.480712890625,5.6396484375
7.443359,10.87646484375,5.035400390625
7.445312,10.4736328125,4.632568359375
7.447266,10.272216796875,4.43115234375
7.449219,10.4736328125,4.632568359375
7.451172,10.87646484375,5.035400390625
7.453125,11.480712890625,5.6396484375
7.455078,12.286376953125,6.4453125
7.457031,13.29345703125,7.452392578125
7.458984,14.09912109375,8.45947265625
7.460938,15.106201171875,9.26513671875
7.462891,15.911865234375,10.07080078125
7.464844,16.51611328125,10.675048828125
7.466797,16.717529296875,11.077880859375
7.46875,16.9189453125,11.077880859375
7.470703,16.51611328125,10.87646484375
7.472656,16.11328125,10.272216796875
7.474609,15.3076171875,9.66796875
7.476562,14.501953125,8.660888671875
7.478516,13.494873046875,7.855224609375
7.480469,12.689208984375,6.84814453125
7.482422,11.68212890625,5.841064453125
7.484375,11.077880859375,5.23681640625
7.486328,10.4736328125,4.632568359375
7.488281,10.272216796875,4.43115234375
7.490234,10.272216796875,4.632568359375
7.492188,10.675048828125,4.833984375
7.494141,11.279296875,5.438232421875
7.496094,12.0849609375,6.243896484375
7.498047,12.890625,7.049560546875
7.5,13.897705078125,8.056640625
7.501953,7.65380859375,35.44921875
7.503906,8.45947265625,36.2548828125
7.505859,9.063720703125,36.859130859375
7.507812,9.466552734375,37.261962890625
7.509766,9.66796875,37.46337890625
7.511719,9.466552734375,37.261962890625
7.513672,9.063720703125,36.859130859375
7.515625,8.45947265625,36.2548828125
7.517578,7.65380859375,35.44921875
7.519531,6.646728515625,34.442138671875
7.521484,5.6396484375,33.43505859375
7.523438,4.833984375,32.62939453125
7.525391,4.0283203125,31.82373046875
7.527344,3.424072265625,31.219482421875
7.529297,3.021240234375,30.816650390625
7.53125,1.611328125,36.859130859375
7.533203,1.812744140625,37.261962890625
7.535156,2.215576171875,37.664794921875
7.537109,3.021240234375,38.470458984375
7.539062,3.826904296875,39.276123046875
7.541016,4.833984375,40.283203125
7.542969,5.841064453125,41.0888671875
7.544922,6.646728515625,42.095947265625
7.546875,7.2509765625,42.7001953125
7.548828,7.855224609375,43.304443359375
7.550781,8.056640625,43.505859375
7.552734,8.056640625,43.505859375
7.554688,7.65380859375,43.10302734375
7.556641,7.049560546875,42.498779296875
7.558594,6.4453125,41.693115234375
7.560547,5.438232421875,40.887451171875
7.5625,4.43115234375,39.88037109375
7.564453,3.62548828125,38.873291015625
7.566406,2.618408203125,38.067626953125
7.568359,2.01416015625,37.46337890625
7.570312,1.611328125,37.060546875
7.572266,1.409912109375,36.859130859375
7.574219,1.611328125,37.060546875
7.576172,2.01416015625,37.46337890625
7.578125,2.618408203125,38.067626953125
7.580078,3.62548828125,38.873291015625
7.582031,4.43115234375,39.88037109375
7.583984,5.438232421875,40.887451171875
7.585938,6.4453125,41.693115234375
7.587891,7.049560546875,42.498779296875
7.589844,7.65380859375,43.10302734375
7.591797,8.056640625,43.505859375
7.59375,8.056640625,43.505859375
7.595703,7.855224609375,43.304443359375
7.597656,7.2509765625,42.7001953125
7.599609,6.646728515625,42.095947265625
7.601562,5.841064453125,41.0888671875
7.603516,4.833984375,40.283203125
7.605469,3.826904296875,39.276123046875
7.607422,3.021240234375,38.470458984375
7.609375,2.215576171875,37.664794921875
7.611328,-5.6396484375,38.26904296875
7.613281,-5.841064453125,38.067626953125
7.615234,-5.841064453125,38.26904296875
7.617188,-7.65380859375,19.3359375
7.619141,-7.049560546875,19.940185546875
7.621094,-6.243896484375,20.54443359375
7.623047,-5.438232421875,21.551513671875
7.625,-4.43115234375,22.55859375
7.626953,-1.812744140625,2.4169921875
7.628906,-0.40283203125,1.20849609375
7.630859,0.40283203125,1.812744140625
7.632812,0.8056640625,2.215576171875
7.634766,0.8056640625,2.4169921875
7.636719,0.8056640625,2.215576171875
7.638672,0.40283203125,1.812744140625
7.640625,0.0,-6.646728515625
7.642578,-0.8056640625,-7.452392578125
7.644531,-1.812744140625,-8.45947265625
7.646484,-2.81982421875,-9.466552734375
7.648438,-3.62548828125,-10.272216796875
7.650391,-4.43115234375,-11.077880859375
7.652344,-5.035400390625,-11.68212890625
7.654297,-5.23681640625,-12.0849609375
7.65625,-5.438232421875,-12.0849609375
7.658203,-5.035400390625,-11.883544921875
7.660156,-4.632568359375,-11.279296875
7.662109,-3.826904296875,-10.675048828125
7.664062,-3.021240234375,-9.66796875
7.666016,-2.01416015625,-8.8623046875
7.667969,-1.20849609375,-7.855224609375
7.669922,-0.201416015625,-7.049560546875
7.671875,0.40283203125,-6.243896484375
7.673828,1.007080078125,-5.841064453125
7.675781,1.20849609375,-5.438232421875
7.677734,1.20849609375,-5.6396484375
7.679688,0.8056640625,-5.841064453125
7.681641,0.201416015625,-6.4453125
7.683594,-0.604248046875,-7.2509765625
7.685547,-1.409912109375,-8.056640625
7.6875,-2.4169921875,-9.063720703125
7.689453,-3.424072265625,-10.07080078125
7.691406,-4.229736328125,-10.87646484375
7.693359,-4.833984375,-11.480712890625
7.695312,-5.23681640625,-11.883544921875
7.697266,-5.438232421875,-12.0849609375
7.699219,-5.23681640625,-11.883544921875
7.701172,-4.833984375,-11.480712890625
7.703125,-4.229736328125,-10.87646484375
7.705078,-3.424072265625,-10.07080078125
7.707031,-2.4169921875,-9.063720703125
7.708984,-1.409912109375,-8.056640625
7.710938,-0.604248046875,-7.2509765625
7.712891,0.201416015625,-6.4453125
7.714844,0.8056640625,-5.841064453125
7.716797,1.20849609375,-5.6396484375
7.71875,1.20849609375,-5.438232421875
7.720703,1.007080078125,-5.841064453125
7.722656,0.40283203125,-6.243896484375
7.724609,-0.201416015625,-7.049560546875
7.726562,-1.20849609375,-7.855224609375
7.728516,-2.01416015625,-8.8623046875
7.730469,-3.021240234375,-9.66796875
7.732422,-3.826904296875,-10.675048828125
7.734375,-3.62548828125,-9.063720703125
7.736328,1.611328125,-1.812744140625
7.738281,1.409912109375,-2.215576171875
7.740234,1.409912109375,-2.01416015625
7.742188,1.812744140625,-1.812744140625
7.744141,2.4169921875,-1.20849609375
7.746094,3.22265625,-0.40283203125
7.748047,4.0283203125,0.604248046875
7.75,5.035400390625,1.409912109375
7.751953,6.04248046875,2.4169921875
7.753906,6.84814453125,3.22265625
7.755859,7.452392578125,3.826904296875
7.757812,7.855224609375,4.229736328125
7.759766,8.056640625,4.43115234375
7.761719,7.855224609375,4.229736328125
7.763672,7.452392578125,3.826904296875
7.765625,6.84814453125,3.22265625
7.767578,6.04248046875,2.4169921875
7.769531,5.035400390625,1.409912109375
7.771484,4.0283203125,0.604248046875
7.773438,3.22265625,-0.40283203125
7.775391,2.4169921875,-1.20849609375
7.777344,5.23681640625,11.077880859375
7.779297,4.833984375,10.87646484375
7.78125,4.833984375,10.675048828125
7.783203,5.035400390625,11.077880859375
7.785156,5.6396484375,11.480712890625
7.787109,6.243896484375,12.286376953125
7.789062,7.2509765625,13.092041015625
7.791016,8.056640625,14.09912109375
7.792969,9.063720703125,14.90478515625
7.794922,10.07080078125,15.911865234375
7.796875,10.675048828125,16.51611328125
7.798828,11.279296875,17.120361328125
7.800781,11.480712890625,17.32177734375
7.802734,11.480712890625,17.32177734375
7.804688,11.077880859375,16.9189453125
7.806641,17.32177734375,41.290283203125
7.808594,16.717529296875,40.484619140625
7.810547,15.71044921875,39.4775390625
7.8125,14.703369140625,38.671875
7.814453,13.897705078125,37.664794921875
7.816406,12.890625,36.859130859375
7.818359,12.286376953125,36.2548828125
7.820312,11.883544921875,35.85205078125
7.822266,11.68212890625,35.650634765625
7.824219,11.883544921875,35.85205078125
7.826172,12.286376953125,36.2548828125
7.828125,12.890625,36.859130859375
7.830078,13.897705078125,37.664794921875
7.832031,14.703369140625,38.671875
7.833984,15.71044921875,39.4775390625
7.835938,16.717529296875,40.484619140625
7.837891,17.32177734375,41.290283203125
7.839844,17.926025390625,41.89453125
7.841797,18.328857421875,42.095947265625
7.84375,18.328857421875,42.29736328125
7.845703,18.12744140625,41.89453125
7.847656,17.724609375,41.49169921875
7.849609,16.9189453125,40.68603515625
7.851562,16.11328125,39.88037109375
7.853516,15.106201171875,38.873291015625
7.855469,14.09912109375,37.8662109375
7.857422,13.29345703125,37.060546875
7.859375,12.48779296875,36.456298828125
7.861328,12.0849609375,35.85205078125
7.863281,11.883544921875,35.650634765625
7.865234,11.883544921875,35.650634765625
7.867188,12.0849609375,36.053466796875
7.869141,12.689208984375,36.65771484375
7.871094,13.494873046875,37.261962890625
7.873047,14.501953125,38.26904296875
7.875,15.3076171875,39.276123046875
7.876953,16.314697265625,40.081787109375
7.878906,17.120361328125,41.0888671875
7.880859,24.371337890625,46.32568359375
7.882812,24.774169921875,46.728515625
7.884766,24.9755859375,46.929931640625
7.886719,24.774169921875,46.728515625
7.888672,24.371337890625,46.32568359375
7.890625,23.76708984375,45.721435546875
7.892578,22.96142578125,44.915771484375
7.894531,21.954345703125,43.90869140625
7.896484,20.947265625,42.901611328125
7.898438,20.1416015625,42.095947265625
7.900391,19.3359375,41.290283203125
7.902344,18.731689453125,40.68603515625
7.904297,18.5302734375,40.484619140625
7.90625,18.328857421875,40.283203125
7.908203,18.731689453125,40.484619140625
7.910156,19.134521484375,41.0888671875
7.912109,19.940185546875,41.89453125
7.914062,20.745849609375,42.7001953125
7.916016,21.7529296875,43.707275390625
7.917969,22.55859375,44.512939453125
7.919922,25.37841796875,36.053466796875
7.921875,26.18408203125,36.859130859375
7.923828,26.5869140625,37.261962890625
7.925781,26.788330078125,37.46337890625
7.927734,26.788330078125,37.46337890625
7.929688,26.385498046875,37.060546875
7.931641,25.78125,4.43115234375
7.933594,24.9755859375,3.62548828125
7.935547,23.968505859375,2.81982421875
7.9375,20.54443359375,-6.4453125
7.939453,15.509033203125,-4.0283203125
7.941406,14.703369140625,-4.833984375
7.943359,10.675048828125,4.43115234375
7.945312,10.272216796875,4.0283203125
7.947266,10.07080078125,3.826904296875
7.949219,10.272216796875,4.0283203125
7.951172,10.675048828125,4.43115234375
7.953125,11.279296875,5.035400390625
7.955078,12.0849609375,5.841064453125
7.957031,13.092041015625,6.84814453125
7.958984,14.09912109375,7.855224609375
7.960938,14.90478515625,8.660888671875
7.962891,15.71044921875,9.466552734375
7.964844,16.314697265625,10.07080078125
7.966797,16.51611328125,10.4736328125
7.96875,16.717529296875,10.4736328125
7.970703,16.51611328125,10.272216796875
7.972656,15.911865234375,9.66796875
7.974609,15.3076171875,9.063720703125
7.976562,14.300537109375,8.056640625
7.978516,13.29345703125,7.2509765625
7.980469,12.48779296875,6.243896484375
7.982422,11.480712890625,5.438232421875
7.984375,10.87646484375,4.632568359375
7.986328,10.272216796875,4.229736328125
7.988281,10.07080078125,3.826904296875
7.990234,10.07080078125,4.0283203125
7.992188,10.4736328125,4.229736328125
7.994141,11.077880859375,4.833984375
7.996094,11.883544921875,5.6396484375
7.998047,12.689208984375,6.4453125
8.0,13.6962890625,7.452392578125
8.001953,4.229736328125,43.707275390625
8.003906,5.035400390625,44.512939453125
8.005859,5.6396484375,45.1171875
8.007812,6.04248046875,45.52001953125
8.009766,6.243896484375,45.721435546875
8.011719,6.04248046875,45.52001953125
8.013672,5.6396484375,45.1171875
8.015625,5.035400390625,44.512939453125
8.017578,4.229736328125,43.707275390625
8.019531,3.22265625,42.7001953125
8.021484,2.215576171875,41.693115234375
8.023438,1.409912109375,40.887451171875
8.025391,0.604248046875,40.081787109375
8.027344,0.0,39.4775390625
8.029297,-0.201416015625,39.07470703125
8.03125,-0.40283203125,39.07470703125
8.033203,-0.201416015625,39.276123046875
8.035156,0.40283203125,39.88037109375
8.037109,1.20849609375,40.484619140625
8.039062,2.01416015625,41.49169921875
8.041016,3.021240234375,42.29736328125
8.042969,3.826904296875,43.304443359375
8.044922,4.833984375,44.110107421875
8.046875,5.438232421875,44.915771484375
8.048828,6.04248046875,45.318603515625
8.050781,3.62548828125,50.35400390625
8.052734,3.62548828125,50.35400390625
8.054688,3.424072265625,49.951171875
8.056641,2.81982421875,49.54833984375
8.058594,2.01416015625,48.74267578125
8.060547,1.007080078125,47.735595703125
8.0625,0.201416015625,46.728515625
8.064453,-0.8056640625,45.9228515625
8.066406,-1.611328125,45.1171875
8.068359,-2.215576171875,44.3115234375
8.070312,-2.81982421875,43.90869140625
8.072266,-2.81982421875,43.90869140625
8.074219,-2.81982421875,43.90869140625
8.076172,-2.215576171875,44.3115234375
8.078125,-1.611328125,45.1171875
8.080078,-0.8056640625,45.9228515625
8.082031,0.201416015625,46.728515625
8.083984,1.007080078125,47.735595703125
8.085938,2.01416015625,48.74267578125
8.087891,2.81982421875,49.54833984375
8.089844,3.424072265625,49.951171875
8.091797,3.62548828125,50.35400390625
8.09375,3.62548828125,50.35400390625
8.095703,3.424072265625,50.152587890625
8.097656,3.021240234375,49.749755859375
8.099609,2.215576171875,48.944091796875
8.101562,1.409912109375,48.138427734375
8.103516,0.40283203125,47.13134765625
8.105469,-0.604248046875,46.124267578125
8.107422,-1.409912109375,45.318603515625
8.109375,-2.215576171875,44.512939453125
8.111328,-2.618408203125,44.110107421875
8.113281,-2.81982421875,43.90869140625
8.115234,-2.81982421875,43.90869140625
8.117188,-2.4169921875,44.3115234375
8.119141,-1.812744140625,44.71435546875
8.121094,-5.035400390625,33.233642578125
8.123047,-4.0283203125,34.24072265625
8.125,-3.021240234375,35.247802734375
8.126953,-2.215576171875,36.053466796875
8.128906,-2.4169921875,24.169921875
8.130859,-0.8056640625,1.20849609375
8.132812,-0.40283203125,1.611328125
8.134766,-0.201416015625,1.611328125
8.136719,-0.40283203125,1.611328125
8.138672,1.20849609375,-5.841064453125
8.140625,5.035400390625,-1.409912109375
8.142578,4.229736328125,-2.215576171875
8.144531,3.424072265625,-3.021240234375
8.146484,9.26513671875,20.54443359375
8.148438,8.258056640625,19.73876953125
8.150391,7.65380859375,18.93310546875
8.152344,7.049560546875,18.328857421875
8.154297,6.646728515625,17.926025390625
8.15625,6.646728515625,17.926025390625
8.158203,6.84814453125,18.12744140625
8.160156,7.2509765625,18.731689453125
8.162109,8.056640625,19.3359375
8.164062,8.8623046875,20.343017578125
8.166016,9.869384765625,21.35009765625
8.167969,10.87646484375,22.15576171875
8.169922,11.68212890625,23.162841796875
8.171875,12.48779296875,23.76708984375
8.173828,12.890625,24.371337890625
8.175781,13.092041015625,24.57275390625
8.177734,13.092041015625,24.57275390625
8.179688,12.890625,24.169921875
8.181641,12.286376953125,23.565673828125
8.183594,11.480712890625,22.760009765625
8.185547,10.4736328125,21.954345703125
8.1875,9.66796875,20.947265625
8.189453,8.660888671875,19.940185546875
8.191406,7.855224609375,19.134521484375
8.193359,7.2509765625,18.5302734375
8.195312,6.646728515625,18.12744140625
8.197266,15.3076171875,46.32568359375
8.199219,15.3076171875,46.32568359375
8.201172,15.71044921875,46.728515625
8.203125,16.51611328125,47.5341796875
8.205078,17.32177734375,48.33984375
8.207031,18.12744140625,49.1455078125
8.208984,19.134521484375,50.152587890625
8.210938,20.1416015625,51.15966796875
8.212891,20.947265625,51.96533203125
8.214844,23.162841796875,49.749755859375
8.216797,23.565673828125,49.951171875
8.21875,23.565673828125,50.152587890625
8.220703,23.3642578125,49.749755859375
8.222656,22.760009765625,49.346923828125
8.224609,22.15576171875,48.541259765625
8.226562,21.148681640625,47.735595703125
8.228516,20.343017578125,46.728515625
8.230469,19.3359375,45.9228515625
8.232422,18.5302734375,44.915771484375
8.234375,17.724609375,44.3115234375
8.236328,17.120361328125,43.707275390625
8.238281,16.9189453125,43.505859375
8.240234,17.120361328125,43.505859375
8.242188,17.32177734375,43.90869140625
8.244141,17.926025390625,44.512939453125
8.246094,18.731689453125,45.318603515625
8.248047,19.537353515625,46.124267578125
8.25,20.54443359375,47.13134765625
8.251953,21.551513671875,48.138427734375
8.253906,22.357177734375,48.944091796875
8.255859,22.96142578125,49.54833984375
8.257812,23.3642578125,49.951171875
8.259766,23.565673828125,50.152587890625
8.261719,23.3642578125,49.951171875
8.263672,22.96142578125,49.54833984375
8.265625,22.357177734375,48.944091796875
8.267578,21.551513671875,48.138427734375
8.269531,20.54443359375,47.13134765625
8.271484,19.537353515625,46.124267578125
8.273438,18.731689453125,45.318603515625
8.275391,17.926025390625,44.512939453125
8.277344,17.32177734375,43.90869140625
8.279297,17.120361328125,43.505859375
8.28125,16.9189453125,43.505859375
8.283203,17.120361328125,43.707275390625
8.285156,17.724609375,44.3115234375
8.287109,18.5302734375,44.915771484375
8.289062,21.148681640625,45.9228515625
8.291016,23.162841796875,35.85205078125
8.292969,24.169921875,36.859130859375
8.294922,24.9755859375,37.664794921875
8.296875,25.78125,38.470458984375
8.298828,26.18408203125,38.873291015625
8.300781,26.385498046875,39.07470703125
8.302734,26.385498046875,39.07470703125
8.304688,26.18408203125,38.873291015625
8.306641,25.579833984375,38.26904296875
8.308594,24.774169921875,37.46337890625
8.310547,23.76708984375,36.456298828125
8.3125,22.96142578125,35.650634765625
8.314453,21.954345703125,34.6435546875
8.316406,21.148681640625,33.837890625
8.318359,20.54443359375,33.233642578125
8.320312,20.1416015625,32.62939453125
8.322266,19.940185546875,32.62939453125
8.324219,20.1416015625,32.62939453125
8.326172,20.54443359375,33.233642578125
8.328125,21.148681640625,33.837890625
8.330078,21.954345703125,34.6435546875
8.332031,22.96142578125,35.650634765625
8.333984,23.76708984375,36.456298828125
8.335938,24.774169921875,37.46337890625
8.337891,25.579833984375,38.26904296875
8.339844,26.98974609375,24.774169921875
8.341797,27.593994140625,17.926025390625
8.34375,27.79541015625,17.926025390625
8.345703,27.392578125,17.724609375
8.347656,26.5869140625,3.22265625
8.349609,25.78125,2.618408203125
8.351562,20.1416015625,-7.049560546875
8.353516,13.29345703125,8.056640625
8.355469,12.48779296875,7.049560546875
8.357422,11.480712890625,6.243896484375
8.359375,10.87646484375,5.6396484375
8.361328,10.272216796875,5.035400390625
8.363281,4.833984375,24.169921875
8.365234,4.833984375,24.169921875
8.367188,5.23681640625,24.57275390625
8.369141,5.841064453125,25.177001953125
8.371094,6.646728515625,25.982666015625
8.373047,7.452392578125,26.788330078125
8.375,8.45947265625,27.79541015625
8.376953,9.466552734375,28.802490234375
8.378906,10.272216796875,29.608154296875
8.380859,10.87646484375,30.21240234375
8.382812,11.279296875,30.615234375
8.384766,11.480712890625,30.816650390625
8.386719,11.279296875,30.615234375
8.388672,10.87646484375,30.21240234375
8.390625,10.272216796875,29.608154296875
8.392578,3.22265625,47.5341796875
8.394531,2.215576171875,46.527099609375
8.396484,1.409912109375,45.721435546875
8.398438,0.40283203125,44.71435546875
8.400391,-0.40283203125,43.90869140625
8.402344,-1.007080078125,43.304443359375
8.404297,-1.20849609375,43.10302734375
8.40625,-1.20849609375,42.901611328125
8.408203,-1.007080078125,43.304443359375
8.410156,-0.604248046875,43.707275390625
8.412109,0.201416015625,44.512939453125
8.414062,1.007080078125,45.318603515625
8.416016,2.01416015625,46.32568359375
8.417969,3.021240234375,47.13134765625
8.419922,3.826904296875,48.138427734375
8.421875,4.632568359375,48.74267578125
8.423828,5.035400390625,49.346923828125
8.425781,5.23681640625,49.54833984375
8.427734,5.23681640625,49.54833984375
8.429688,4.833984375,49.1455078125
8.431641,4.229736328125,48.541259765625
8.433594,3.62548828125,47.735595703125
8.435547,2.618408203125,46.929931640625
8.4375,1.611328125,45.9228515625
8.439453,0.8056640625,44.915771484375
8.441406,-0.201416015625,44.110107421875
8.443359,-0.8056640625,43.505859375
8.445312,-1.20849609375,43.10302734375
8.447266,-1.409912109375,42.901611328125
8.449219,-1.20849609375,43.10302734375
8.451172,-0.8056640625,43.505859375
8.453125,-0.201416015625,44.110107421875
8.455078,0.8056640625,44.915771484375
8.457031,1.611328125,45.9228515625
8.458984,2.618408203125,46.929931640625
8.460938,3.62548828125,47.735595703125
8.462891,4.229736328125,48.541259765625
8.464844,4.833984375,49.1455078125
8.466797,5.23681640625,49.54833984375
8.46875,5.23681640625,49.54833984375
8.470703,5.035400390625,49.346923828125
8.472656,4.632568359375,48.74267578125
8.474609,3.826904296875,48.138427734375
8.476562,3.021240234375,47.13134765625
8.478516,-4.0283203125,35.04638671875
8.480469,-4.833984375,34.039306640625
8.482422,-5.841064453125,33.233642578125
8.484375,-6.4453125,32.427978515625
8.486328,-7.049560546875,32.025146484375
8.488281,-7.2509765625,31.622314453125
8.490234,-7.2509765625,31.82373046875
8.492188,-6.84814453125,32.025146484375
8.494141,-6.243896484375,32.62939453125
8.496094,-6.04248046875,28.1982421875
8.498047,-5.23681640625,29.00390625
8.5,-4.229736328125,30.010986328125
8.501953,-3.424072265625,31.01806640625
8.503906,-2.4169921875,31.82373046875
8.505859,-1.812744140625,32.427978515625
8.507812,-1.409912109375,32.830810546875
8.509766,-1.20849609375,33.0322265625
8.511719,-1.409912109375,32.830810546875
8.513672,-1.812744140625,32.427978515625
8.515625,-2.4169921875,31.82373046875
8.517578,-3.424072265625,31.01806640625
8.519531,-4.229736328125,30.010986328125
8.521484,-5.23681640625,29.00390625
8.523438,-6.04248046875,28.1982421875
8.525391,-6.84814453125,27.392578125
8.527344,-7.452392578125,26.788330078125
8.529297,-7.855224609375,26.385498046875
8.53125,-7.855224609375,26.385498046875
8.533203,-7.65380859375,26.5869140625
8.535156,-7.049560546875,27.191162109375
8.537109,-6.4453125,27.79541015625
8.539062,-5.6396484375,28.802490234375
8.541016,-4.632568359375,29.8095703125
8.542969,-3.62548828125,30.615234375
8.544922,-2.81982421875,31.622314453125
8.546875,-2.01416015625,32.2265625
8.548828,-1.611328125,32.830810546875
8.550781,-1.20849609375,33.0322265625
8.552734,-1.409912109375,33.0322265625
8.554688,-1.611328125,32.62939453125
8.556641,-2.215576171875,32.025146484375
8.558594,-3.021240234375,31.219482421875
8.560547,-2.81982421875,1.812744140625
8.5625,-3.826904296875,0.8056640625
8.564453,-4.833984375,-0.201416015625
8.566406,-5.6396484375,-1.007080078125
8.568359,-5.23681640625,-8.45947265625
8.570312,-5.6396484375,-8.8623046875
8.572266,-1.611328125,-10.675048828125
8.574219,1.611328125,-3.22265625
8.576172,2.01416015625,-2.81982421875
8.578125,2.618408203125,-2.215576171875
8.580078,3.424072265625,-1.409912109375
8.582031,11.480712890625,27.593994140625
8.583984,12.48779296875,28.60107421875
8.585938,13.29345703125,29.40673828125
8.587891,20.745849609375,49.1455078125
8.589844,21.35009765625,49.749755859375
8.591797,21.551513671875,49.951171875
8.59375,21.7529296875,49.951171875
8.595703,21.35009765625,49.749755859375
8.597656,20.947265625,49.346923828125
8.599609,20.1416015625,48.541259765625
8.601562,19.3359375,47.735595703125
8.603516,18.328857421875,46.728515625
8.605469,18.328857421875,46.32568359375
8.607422,17.523193359375,45.52001953125
8.609375,16.717529296875,44.71435546875
8.611328,16.314697265625,44.3115234375
8.613281,16.11328125,44.110107421875
8.615234,16.11328125,44.110107421875
8.617188,16.51611328125,44.512939453125
8.619141,16.9189453125,44.915771484375
8.621094,17.724609375,45.721435546875
8.623047,20.745849609375,45.721435546875
8.625,21.551513671875,46.728515625
8.626953,22.55859375,47.735595703125
8.628906,23.3642578125,48.541259765625
8.630859,23.968505859375,49.1455078125
8.632812,24.371337890625,49.54833984375
8.634766,24.57275390625,49.749755859375
8.636719,24.371337890625,49.54833984375
8.638672,23.968505859375,49.1455078125
8.640625,23.3642578125,48.541259765625
8.642578,22.55859375,47.735595703125
8.644531,21.551513671875,46.728515625
8.646484,20.745849609375,45.721435546875
8.648438,19.73876953125,44.915771484375
8.650391,18.93310546875,44.110107421875
8.652344,18.328857421875,43.505859375
8.654297,18.12744140625,43.10302734375
8.65625,17.926025390625,43.10302734375
8.658203,18.328857421875,43.304443359375
8.660156,18.731689453125,43.90869140625
8.662109,19.537353515625,44.512939453125
8.664062,20.343017578125,45.52001953125
8.666016,21.35009765625,46.32568359375
8.667969,22.357177734375,47.332763671875
8.669922,23.162841796875,48.138427734375
8.671875,26.385498046875,37.664794921875
8.673828,26.98974609375,38.067626953125
8.675781,27.191162109375,38.26904296875
8.677734,27.191162109375,38.26904296875
8.679688,26.788330078125,38.067626953125
8.681641,26.18408203125,37.46337890625
8.683594,25.579833984375,36.65771484375
8.685547,24.371337890625,29.205322265625
8.6875,23.3642578125,28.1982421875
8.689453,22.357177734375,27.392578125
8.691406,21.551513671875,26.5869140625
8.693359,20.947265625,25.78125
8.695312,20.54443359375,25.37841796875
8.697266,20.343017578125,25.37841796875
8.699219,20.54443359375,25.37841796875
8.701172,20.947265625,25.78125
8.703125,21.551513671875,26.5869140625
8.705078,22.357177734375,27.392578125
8.707031,23.3642578125,28.1982421875
8.708984,24.371337890625,29.205322265625
8.710938,25.177001953125,30.21240234375
8.712891,25.982666015625,31.01806640625
8.714844,26.5869140625,31.4208984375
8.716797,26.98974609375,31.82373046875
8.71875,26.98974609375,31.82373046875
8.720703,26.788330078125,31.622314453125
8.722656,26.18408203125,31.219482421875
8.724609,25.579833984375,30.413818359375
8.726562,24.57275390625,29.608154296875
8.728516,23.76708984375,28.60107421875
8.730469,22.760009765625,27.593994140625
8.732422,21.7529296875,26.788330078125
8.734375,21.148681640625,25.982666015625
8.736328,20.54443359375,25.579833984375
8.738281,20.343017578125,25.37841796875
8.740234,20.343017578125,25.37841796875
8.742188,20.343017578125,-0.40283203125
8.744141,20.745849609375,0.201416015625
8.746094,21.551513671875,1.007080078125
8.748047,22.55859375,2.01416015625
8.75,23.565673828125,2.81982421875
8.751953,24.371337890625,3.826904296875
8.753906,25.177001953125,4.632568359375
8.755859,25.982666015625,5.23681640625
8.757812,26.385498046875,5.841064453125
8.759766,26.385498046875,5.841064453125
8.761719,26.385498046875,5.841064453125
8.763672,25.982666015625,5.23681640625
8.765625,25.177001953125,4.632568359375
8.767578,24.371337890625,3.826904296875
8.769531,23.565673828125,2.81982421875
8.771484,22.55859375,2.01416015625
8.773438,21.551513671875,1.007080078125
8.775391,20.745849609375,0.201416015625
8.777344,20.343017578125,-0.40283203125
8.779297,19.940185546875,-0.604248046875
8.78125,19.940185546875,-0.604248046875
8.783203,16.9189453125,-12.0849609375
8.785156,17.32177734375,-11.480712890625
8.787109,9.869384765625,12.890625
8.789062,10.675048828125,13.897705078125
8.791016,11.68212890625,14.703369140625
8.792969,12.48779296875,15.71044921875
8.794922,13.494873046875,16.717529296875
8.796875,5.6396484375,46.124267578125
8.798828,6.243896484375,46.728515625
8.800781,6.4453125,46.929931640625
8.802734,6.4453125,46.929931640625
8.804688,6.04248046875,46.527099609375
8.806641,5.438232421875,45.9228515625
8.808594,4.632568359375,45.1171875
8.810547,3.826904296875,44.3115234375
8.8125,2.81982421875,43.304443359375
8.814453,1.812744140625,42.29736328125
8.816406,1.007080078125,41.49169921875
8.818359,0.40283203125,40.887451171875
8.820312,0.0,40.484619140625
8.822266,-0.201416015625,40.283203125
8.824219,0.0,40.484619140625
8.826172,0.40283203125,40.887451171875
8.828125,1.007080078125,41.49169921875
8.830078,1.812744140625,42.29736328125
8.832031,2.81982421875,43.304443359375
8.833984,3.826904296875,44.3115234375
8.835938,4.632568359375,45.1171875
8.837891,5.438232421875,45.9228515625
8.839844,6.04248046875,46.527099609375
8.841797,6.4453125,46.929931640625
8.84375,6.4453125,46.929931640625
8.845703,6.243896484375,46.728515625
8.847656,5.6396484375,46.124267578125
8.849609,5.035400390625,45.52001953125
8.851562,4.0283203125,44.512939453125
8.853516,3.021240234375,43.707275390625
8.855469,2.215576171875,42.7001953125
8.857422,1.20849609375,41.89453125
8.859375,-4.632568359375,43.707275390625
8.861328,-5.23681640625,43.304443359375
8.863281,-5.438232421875,42.901611328125
8.865234,-5.438232421875,43.10302734375
8.867188,-5.035400390625,43.304443359375
8.869141,-4.43115234375,43.90869140625
8.871094,-3.826904296875,44.71435546875
8.873047,-2.81982421875,45.721435546875
8.875,-2.81982421875,40.283203125
8.876953,-1.812744140625,41.290283203125
8.878906,-1.007080078125,42.095947265625
8.880859,-0.40283203125,42.7001953125
8.882812,0.0,43.10302734375
8.884766,0.201416015625,43.304443359375
8.886719,0.0,43.10302734375
8.888672,-0.40283203125,42.7001953125
8.890625,-1.007080078125,42.095947265625
8.892578,-1.812744140625,41.290283203125
8.894531,-2.81982421875,40.283203125
8.896484,-3.826904296875,39.276123046875
8.898438,-4.632568359375,38.470458984375
8.900391,-5.438232421875,37.664794921875
8.902344,-6.04248046875,37.060546875
8.904297,-6.4453125,36.65771484375
8.90625,-6.4453125,36.65771484375
8.908203,-6.243896484375,36.859130859375
8.910156,-5.6396484375,37.46337890625
8.912109,-5.035400390625,38.067626953125
8.914062,-4.0283203125,39.07470703125
8.916016,-3.22265625,39.88037109375
8.917969,-2.215576171875,40.887451171875
8.919922,-1.20849609375,41.89453125
8.921875,-0.604248046875,42.498779296875
8.923828,0.0,43.10302734375
8.925781,0.201416015625,43.304443359375
8.927734,0.0,43.304443359375
8.929688,-0.8056640625,17.523193359375
8.931641,-1.409912109375,16.9189453125
8.933594,-2.215576171875,16.11328125
8.935547,-3.021240234375,15.3076171875
8.9375,-4.0283203125,14.300537109375
8.939453,-5.035400390625,13.29345703125
8.941406,-5.841064453125,12.48779296875
8.943359,-6.4453125,11.883544921875
8.945312,-6.84814453125,11.480712890625
8.947266,-7.049560546875,11.279296875
8.949219,-6.84814453125,11.480712890625
8.951172,-6.4453125,-1.812744140625
8.953125,-5.6396484375,-1.007080078125
8.955078,-4.833984375,-0.201416015625
8.957031,-4.0283203125,0.604248046875
8.958984,-3.021240234375,1.611328125
8.960938,-2.01416015625,2.618408203125
8.962891,-1.20849609375,3.424072265625
8.964844,-0.8056640625,4.0283203125
8.966797,-0.40283203125,4.229736328125
8.96875,-0.40283203125,4.229736328125
8.970703,-0.604248046875,4.0283203125
8.972656,-1.007080078125,3.62548828125
8.974609,-1.812744140625,2.81982421875
8.976562,-2.618408203125,2.01416015625
8.978516,0.201416015625,-10.4736328125
8.980469,-0.8056640625,-11.480712890625
8.982422,-1.611328125,-12.286376953125
8.984375,-2.4169921875,-13.092041015625
8.986328,-2.81982421875,-13.494873046875
8.988281,-3.021240234375,-13.6962890625
8.990234,-3.021240234375,-13.6962890625
8.992188,-2.81982421875,-13.29345703125
8.994141,-2.215576171875,-12.890625
8.996094,-1.409912109375,-12.0849609375
8.998047,-0.40283203125,-11.077880859375
9.0,0.40283203125,-10.07080078125
9.001953,1.409912109375,-9.26513671875
9.003906,2.215576171875,-8.45947265625
9.005859,2.81982421875,-7.65380859375
9.007812,3.424072265625,-7.2509765625
9.009766,3.424072265625,-7.2509765625
9.011719,3.424072265625,-7.2509765625
9.013672,2.81982421875,-7.65380859375
9.015625,2.215576171875,-8.45947265625
9.017578,1.409912109375,-9.26513671875
9.019531,0.40283203125,-10.07080078125
9.021484,-0.40283203125,-11.077880859375
9.023438,-1.409912109375,-12.0849609375
9.025391,-2.215576171875,-12.890625
9.027344,-2.81982421875,-13.29345703125
9.029297,-3.021240234375,-13.6962890625
9.03125,-3.021240234375,-13.6962890625
9.033203,-2.81982421875,-13.494873046875
9.035156,-2.4169921875,-13.092041015625
9.037109,-1.611328125,-12.286376953125
9.039062,-0.8056640625,-11.480712890625
9.041016,0.201416015625,-10.4736328125
9.042969,1.20849609375,-9.466552734375
9.044922,2.01416015625,-8.660888671875
9.046875,2.81982421875,-7.855224609375
9.048828,3.22265625,-7.452392578125
9.050781,3.424072265625,-7.2509765625
9.052734,3.424072265625,-7.2509765625
9.054688,3.021240234375,-7.65380859375
9.056641,2.4169921875,-8.056640625
9.058594,1.812744140625,-8.8623046875
9.060547,0.8056640625,-9.869384765625
9.0625,-0.201416015625,-10.87646484375
9.064453,6.84814453125,12.689208984375
9.066406,7.855224609375,19.134521484375
9.068359,7.2509765625,18.5302734375
9.070312,6.646728515625,18.12744140625
9.072266,6.646728515625,17.926025390625
9.074219,13.6962890625,42.498779296875
9.076172,15.71044921875,46.32568359375
9.078125,16.314697265625,46.929931640625
9.080078,21.551513671875,38.26904296875
9.082031,23.3642578125,29.608154296875
9.083984,24.371337890625,30.413818359375
9.085938,25.177001953125,31.4208984375
9.087891,25.982666015625,32.2265625
9.089844,26.18408203125,10.07080078125
9.091797,26.5869140625,10.4736328125
9.09375,26.5869140625,10.4736328125
9.095703,26.385498046875,10.272216796875
9.097656,25.982666015625,9.66796875
9.099609,25.177001953125,9.063720703125
9.101562,24.371337890625,8.056640625
9.103516,23.3642578125,7.2509765625
9.105469,19.73876953125,-10.87646484375
9.107422,18.93310546875,-11.883544921875
9.109375,18.12744140625,-12.48779296875
9.111328,17.724609375,-13.092041015625
9.113281,17.32177734375,-13.29345703125
9.115234,17.523193359375,-13.29345703125
9.117188,17.724609375,-12.890625
9.119141,18.328857421875,-12.286376953125
9.121094,19.134521484375,-11.480712890625
9.123047,20.1416015625,-10.675048828125
9.125,20.947265625,-9.66796875
9.126953,21.954345703125,-8.660888671875
9.128906,22.760009765625,-7.855224609375
9.130859,23.3642578125,-7.2509765625
9.132812,23.76708984375,-6.84814453125
9.134766,23.968505859375,-6.646728515625
9.136719,23.76708984375,-6.84814453125
9.138672,23.3642578125,-7.2509765625
9.140625,22.760009765625,-7.855224609375
9.142578,21.954345703125,-8.660888671875
9.144531,20.947265625,-9.66796875
9.146484,20.1416015625,-10.675048828125
9.148438,19.134521484375,-11.480712890625
9.150391,18.328857421875,-12.286376953125
9.152344,17.724609375,-12.890625
9.154297,17.523193359375,-13.29345703125
9.15625,11.883544921875,-1.611328125
9.158203,12.0849609375,-1.409912109375
9.160156,12.689208984375,-1.007080078125
9.162109,13.29345703125,-0.201416015625
9.164062,14.300537109375,0.604248046875
9.166016,15.3076171875,1.611328125
9.167969,16.11328125,2.618408203125
9.169922,17.120361328125,3.424072265625
9.171875,17.724609375,4.229736328125
9.173828,11.279296875,31.4208984375
9.175781,11.480712890625,31.622314453125
9.177734,11.480712890625,31.622314453125
9.179688,11.077880859375,31.219482421875
9.181641,8.8623046875,37.8662109375
9.183594,8.056640625,37.060546875
9.185547,0.604248046875,50.555419921875
9.1875,-0.201416015625,49.54833984375
9.189453,-1.20849609375,48.541259765625
9.191406,-2.01416015625,47.735595703125
9.193359,-2.618408203125,47.13134765625
9.195312,-6.646728515625,31.82373046875
9.197266,-6.84814453125,31.82373046875
9.199219,-6.646728515625,31.82373046875
9.201172,-6.243896484375,32.2265625
9.203125,-5.6396484375,33.0322265625
9.205078,-4.833984375,33.837890625
9.207031,-3.826904296875,34.6435546875
9.208984,-2.81982421875,35.650634765625
9.210938,-2.01416015625,36.65771484375
9.212891,-1.20849609375,37.46337890625
9.214844,-0.604248046875,38.067626953125
9.216797,-0.201416015625,38.26904296875
9.21875,-0.201416015625,38.26904296875
9.220703,-0.40283203125,38.067626953125
9.222656,-1.007080078125,37.664794921875
9.224609,-1.611328125,36.859130859375
9.226562,-2.618408203125,36.053466796875
9.228516,-3.424072265625,35.04638671875
9.230469,-4.43115234375,34.039306640625
9.232422,-5.438232421875,33.233642578125
9.234375,-6.04248046875,32.427978515625
9.236328,-6.646728515625,32.025146484375
9.238281,-6.84814453125,31.82373046875
9.240234,-6.84814453125,31.82373046875
9.242188,-6.4453125,32.2265625
9.244141,-5.841064453125,32.62939453125
9.246094,-5.035400390625,33.43505859375
9.248047,-4.229736328125,34.442138671875
9.25,-3.22265625,35.44921875
9.251953,-2.215576171875,36.2548828125
9.253906,-2.215576171875,10.675048828125
9.255859,-1.611328125,11.279296875
9.257812,-1.20849609375,11.68212890625
9.259766,-1.007080078125,11.883544921875
9.261719,-1.20849609375,11.68212890625
9.263672,-1.611328125,11.279296875
9.265625,-2.215576171875,10.675048828125
9.267578,-3.021240234375,9.66796875
9.269531,-4.0283203125,8.8623046875
9.271484,-5.035400390625,7.855224609375
9.273438,-5.841064453125,6.84814453125
9.275391,-6.646728515625,6.243896484375
9.277344,-7.2509765625,5.6396484375
9.279297,-7.65380859375,5.23681640625
9.28125,-7.65380859375,5.23681640625
9.283203,-7.452392578125,5.438232421875
9.285156,-6.84814453125,6.04248046875
9.287109,-6.243896484375,6.646728515625
9.289062,-5.23681640625,7.452392578125
9.291016,-4.43115234375,8.45947265625
9.292969,-3.424072265625,9.466552734375
9.294922,-0.201416015625,-2.618408203125
9.296875,0.40283203125,-2.01416015625
9.298828,1.007080078125,-1.409912109375
9.300781,1.20849609375,-1.20849609375
9.302734,1.20849609375,-1.20849609375
9.304688,0.8056640625,-1.611328125
9.306641,0.201416015625,-2.215576171875
9.308594,-0.604248046875,-3.021240234375
9.310547,-1.409912109375,-3.826904296875
9.3125,-2.4169921875,-4.833984375
9.314453,-3.424072265625,-5.841064453125
9.316406,-4.229736328125,-6.646728515625
9.318359,-4.833984375,-7.2509765625
9.320312,-5.23681640625,-7.65380859375
9.322266,-5.438232421875,-7.855224609375
9.324219,-5.23681640625,-7.65380859375
9.326172,-4.833984375,-7.2509765625
9.328125,-4.229736328125,-6.646728515625
9.330078,-3.424072265625,-5.841064453125
9.332031,-2.4169921875,-4.833984375
9.333984,-1.409912109375,-3.826904296875
9.335938,-0.604248046875,-3.021240234375
9.337891,0.201416015625,-2.215576171875
9.339844,0.8056640625,-1.611328125
9.341797,1.20849609375,-1.20849609375
9.34375,1.20849609375,-1.20849609375
9.345703,1.007080078125,-1.409912109375
9.347656,0.40283203125,-2.01416015625
9.349609,-0.201416015625,-2.618408203125
9.351562,-1.20849609375,-3.62548828125
9.353516,-2.01416015625,-4.43115234375
9.355469,-3.021240234375,-5.438232421875
9.357422,-4.0283203125,-6.4453125
9.359375,-4.632568359375,-7.049560546875
9.361328,-5.23681640625,-7.65380859375
9.363281,-5.438232421875,-7.855224609375
9.365234,-5.23681640625,-7.855224609375
9.367188,-5.035400390625,-7.452392578125
9.369141,-1.812744140625,-11.883544921875
9.371094,3.22265625,-0.604248046875
9.373047,4.229736328125,0.40283203125
9.375,5.23681640625,1.409912109375
9.376953,6.04248046875,2.215576171875
9.378906,6.84814453125,3.021240234375
9.380859,7.65380859375,3.826904296875
9.382812,8.056640625,4.229736328125
9.384766,8.056640625,4.229736328125
9.386719,8.056640625,4.229736328125
9.388672,8.8623046875,11.077880859375
9.390625,8.258056640625,10.4736328125
9.392578,7.452392578125,9.66796875
9.394531,6.4453125,8.660888671875
9.396484,5.6396484375,7.65380859375
9.398438,4.632568359375,6.84814453125
9.400391,3.826904296875,6.04248046875
9.402344,3.22265625,5.438232421875
9.404297,3.021240234375,5.035400390625
9.40625,3.021240234375,5.035400390625
9.408203,3.22265625,5.23681640625
9.410156,3.62548828125,5.841064453125
9.412109,4.43115234375,6.4453125
9.414062,5.23681640625,7.452392578125
9.416016,6.243896484375,8.258056640625
9.417969,7.2509765625,9.26513671875
9.419922,8.056640625,10.07080078125
9.421875,8.660888671875,10.87646484375
9.423828,9.26513671875,11.279296875
9.425781,9.466552734375,11.68212890625
9.427734,9.466552734375,11.480712890625
9.429688,9.063720703125,11.279296875
9.431641,14.09912109375,31.01806640625
9.433594,13.29345703125,30.21240234375
9.435547,12.48779296875,29.205322265625
9.4375,11.480712890625,28.1982421875
9.439453,10.4736328125,27.392578125
9.441406,9.66796875,26.5869140625
9.443359,9.063720703125,25.78125
9.445312,8.660888671875,25.37841796875
9.447266,8.45947265625,25.37841796875
9.449219,8.660888671875,25.37841796875
9.451172,9.063720703125,25.78125
9.453125,9.66796875,26.5869140625
9.455078,10.4736328125,27.392578125
9.457031,11.480712890625,28.1982421875
9.458984,12.48779296875,29.205322265625
9.460938,13.29345703125,30.21240234375
9.462891,14.09912109375,31.01806640625
9.464844,14.703369140625,31.4208984375
9.466797,14.90478515625,31.82373046875
9.46875,15.106201171875,31.82373046875
9.470703,14.90478515625,31.622314453125
9.472656,14.300537109375,31.219482421875
9.474609,13.494873046875,30.413818359375
9.476562,12.689208984375,29.608154296875
9.478516,11.68212890625,28.60107421875
9.480469,10.87646484375,27.593994140625
9.482422,9.869384765625,26.788330078125
9.484375,9.26513671875,25.982666015625
9.486328,8.660888671875,25.579833984375
9.488281,8.45947265625,25.37841796875
9.490234,8.45947265625,25.37841796875
9.492188,8.8623046875,25.78125
9.494141,9.466552734375,26.18408203125
9.496094,10.272216796875,26.98974609375
9.498047,11.077880859375,27.996826171875
9.5,12.0849609375,29.00390625
9.501953,13.092041015625,29.8095703125
9.503906,13.897705078125,30.615234375
9.505859,14.501953125,31.4208984375
9.507812,14.90478515625,31.82373046875
9.509766,15.106201171875,31.82373046875
9.511719,14.90478515625,31.82373046875
9.513672,14.501953125,31.4208984375
9.515625,13.897705078125,30.615234375
9.517578,13.092041015625,29.8095703125
9.519531,12.0849609375,29.00390625
9.521484,11.077880859375,27.996826171875
9.523438,10.272216796875,26.98974609375
9.525391,15.71044921875,44.3115234375
9.527344,15.106201171875,43.707275390625
9.529297,14.703369140625,43.304443359375
9.53125,18.5302734375,43.505859375
9.533203,20.1416015625,37.46337890625
9.535156,20.54443359375,37.8662109375
9.537109,21.35009765625,38.671875
9.539062,22.15576171875,39.4775390625
9.541016,23.162841796875,40.484619140625
9.542969,25.579833984375,15.71044921875
9.544922,24.9755859375,-0.8056640625
9.546875,25.78125,0.0
9.548828,26.18408203125,0.40283203125
9.550781,26.385498046875,0.8056640625
9.552734,26.385498046875,0.604248046875
9.554688,26.18408203125,0.40283203125
9.556641,25.579833984375,-0.201416015625
9.558594,24.774169921875,-1.007080078125
9.560547,22.357177734375,-4.632568359375
9.5625,20.54443359375,-5.841064453125
9.564453,15.106201171875,-3.021240234375
9.566406,14.300537109375,-3.826904296875
9.568359,13.6962890625,-4.43115234375
9.570312,13.29345703125,-4.833984375
9.572266,13.092041015625,-5.035400390625
9.574219,13.29345703125,-4.833984375
9.576172,13.6962890625,-4.43115234375
9.578125,14.300537109375,-3.826904296875
9.580078,15.106201171875,-3.021240234375
9.582031,16.11328125,-2.01416015625
9.583984,17.120361328125,-1.007080078125
9.585938,17.926025390625,-0.201416015625
9.587891,18.731689453125,0.604248046875
9.589844,19.3359375,1.20849609375
9.591797,19.73876953125,1.611328125
9.59375,19.73876953125,1.611328125
9.595703,19.537353515625,1.409912109375
9.597656,18.93310546875,0.8056640625
9.599609,18.328857421875,0.201416015625
9.601562,17.32177734375,-0.8056640625
9.603516,16.314697265625,-1.812744140625
9.605469,15.509033203125,-2.618408203125
9.607422,14.501953125,-3.62548828125
9.609375,13.897705078125,-4.229736328125
9.611328,13.29345703125,-4.833984375
9.613281,13.092041015625,-5.035400390625
9.615234,13.092041015625,-5.035400390625
9.617188,13.494873046875,-4.632568359375
9.619141,14.09912109375,-4.0283203125
9.621094,14.90478515625,-3.22265625
9.623047,9.26513671875,20.54443359375
9.625,10.272216796875,21.551513671875
9.626953,11.077880859375,22.55859375
9.628906,12.0849609375,23.3642578125
9.630859,12.689208984375,23.968505859375
9.632812,13.092041015625,24.371337890625
9.634766,13.29345703125,24.57275390625
9.636719,13.092041015625,24.371337890625
9.638672,12.689208984375,23.968505859375
9.640625,12.0849609375,23.3642578125
9.642578,11.077880859375,22.55859375
9.644531,10.272216796875,21.551513671875
9.646484,9.26513671875,20.54443359375
9.648438,8.258056640625,19.73876953125
9.650391,7.65380859375,18.93310546875
9.652344,7.049560546875,18.328857421875
9.654297,6.646728515625,17.926025390625
9.65625,6.646728515625,17.926025390625
9.658203,6.84814453125,18.12744140625
9.660156,7.2509765625,18.731689453125
9.662109,8.056640625,19.3359375
9.664062,8.8623046875,20.1416015625
9.666016,9.869384765625,21.148681640625
9.667969,10.87646484375,22.15576171875
9.669922,11.68212890625,22.96142578125
9.671875,12.48779296875,23.76708984375
9.673828,12.890625,24.169921875
9.675781,13.092041015625,24.57275390625
9.677734,13.092041015625,24.371337890625
9.679688,12.890625,24.169921875
9.681641,12.286376953125,23.565673828125
9.683594,11.480712890625,22.760009765625
9.685547,10.4736328125,21.7529296875
9.6875,9.66796875,20.947265625
9.689453,8.660888671875,19.940185546875
9.691406,7.855224609375,19.134521484375
9.693359,7.2509765625,18.5302734375
9.695312,6.646728515625,18.12744140625
9.697266,-0.40283203125,38.873291015625
9.699219,-0.201416015625,38.873291015625
9.701172,0.201416015625,39.276123046875
9.703125,0.8056640625,40.081787109375
9.705078,1.812744140625,40.887451171875
9.707031,2.618408203125,41.89453125
9.708984,3.62548828125,42.7001953125
9.710938,4.632568359375,43.707275390625
9.712891,5.23681640625,44.512939453125
9.714844,5.841064453125,45.1171875
9.716797,6.243896484375,45.318603515625
9.71875,6.243896484375,45.318603515625
9.720703,6.04248046875,45.1171875
9.722656,5.438232421875,44.71435546875
9.724609,4.833984375,43.90869140625
9.726562,4.0283203125,43.10302734375
9.728516,3.021240234375,42.095947265625
9.730469,2.01416015625,41.0888671875
9.732422,1.20849609375,40.283203125
9.734375,0.40283203125,39.4775390625
9.736328,0.0,39.07470703125
9.738281,-0.40283203125,38.873291015625
9.740234,-0.201416015625,38.873291015625
9.742188,0.0,39.276123046875
9.744141,0.604248046875,39.88037109375
9.746094,1.409912109375,40.484619140625
9.748047,-1.611328125,45.9228515625
9.75,-2.01416015625,43.505859375
9.751953,-1.007080078125,44.512939453125
9.753906,-0.201416015625,45.318603515625
9.755859,0.40283203125,45.9228515625
9.757812,-0.604248046875,37.46337890625
9.759766,0.40283203125,0.8056640625
9.761719,0.201416015625,0.604248046875
9.763672,-0.201416015625,0.201416015625
9.765625,-0.8056640625,-0.40283203125
9.767578,-1.611328125,-1.409912109375
9.769531,-2.618408203125,-2.215576171875
9.771484,-3.62548828125,-3.22265625
9.773438,-4.43115234375,-4.229736328125
9.775391,-5.23681640625,-4.833984375
9.777344,-5.841064453125,-5.438232421875
9.779297,-6.243896484375,-5.841064453125
9.78125,-6.243896484375,-5.841064453125
9.783203,-6.04248046875,-5.6396484375
9.785156,-5.438232421875,-5.035400390625
9.787109,-2.618408203125,-8.660888671875
9.789062,-1.812744140625,-7.855224609375
9.791016,-0.8056640625,-6.84814453125
9.792969,0.0,-5.841064453125
9.794922,1.007080078125,-5.035400390625
9.796875,1.611328125,-4.229736328125
9.798828,2.215576171875,-3.826904296875
9.800781,2.4169921875,-3.424072265625
9.802734,2.4169921875,-3.62548828125
9.804688,2.01416015625,-3.826904296875
9.806641,1.409912109375,-4.43115234375
9.808594,0.604248046875,-5.23681640625
9.810547,-0.201416015625,-6.243896484375
9.8125,-1.20849609375,-7.049560546875
9.814453,-2.215576171875,-8.056640625
9.816406,-3.021240234375,-8.8623046875
9.818359,-3.62548828125,-9.466552734375
9.820312,-4.0283203125,-9.869384765625
9.822266,-4.229736328125,-10.07080078125
9.824219,-4.0283203125,-9.869384765625
9.826172,-3.62548828125,-9.466552734375
9.828125,-3.021240234375,-8.8623046875
9.830078,-2.215576171875,-8.056640625
9.832031,-1.20849609375,-7.049560546875
9.833984,-0.201416015625,-6.243896484375
9.835938,0.604248046875,-5.23681640625
9.837891,1.409912109375,-4.43115234375
9.839844,2.01416015625,-3.826904296875
9.841797,2.4169921875,-3.62548828125
9.84375,2.4169921875,-3.424072265625
9.845703,2.215576171875,-3.826904296875
9.847656,1.611328125,-4.229736328125
9.849609,1.007080078125,-5.035400390625
9.851562,0.0,-5.841064453125
9.853516,-0.8056640625,-6.84814453125
9.855469,-1.812744140625,-7.855224609375
9.857422,-2.618408203125,-8.660888671875
9.859375,2.01416015625,-2.4169921875
9.861328,1.409912109375,-2.81982421875
9.863281,1.20849609375,-3.021240234375
9.865234,1.20849609375,-3.021240234375
9.867188,1.611328125,-2.81982421875
9.869141,2.215576171875,-2.215576171875
9.871094,3.021240234375,-1.409912109375
9.873047,3.826904296875,-0.40283203125
9.875,4.833984375,0.40283203125
9.876953,5.841064453125,1.409912109375
9.878906,6.646728515625,2.215576171875
9.880859,7.2509765625,2.81982421875
9.882812,7.65380859375,3.424072265625
9.884766,7.855224609375,3.424072265625
9.886719,7.65380859375,3.424072265625
9.888672,7.2509765625,2.81982421875
9.890625,6.646728515625,2.215576171875
9.892578,5.841064453125,1.409912109375
9.894531,4.833984375,0.40283203125
9.896484,3.826904296875,-0.40283203125
9.898438,3.021240234375,-1.409912109375
9.900391,2.215576171875,-2.215576171875
9.902344,1.611328125,-2.81982421875
9.904297,1.20849609375,-3.021240234375
9.90625,1.20849609375,-3.021240234375
9.908203,1.409912109375,-2.81982421875
9.910156,2.01416015625,-2.4169921875
9.912109,2.618408203125,-1.611328125
9.914062,3.62548828125,-0.8056640625
9.916016,4.43115234375,0.201416015625
9.917969,5.438232421875,1.20849609375
9.919922,6.4453125,2.01416015625
9.921875,7.049560546875,2.81982421875
9.923828,7.65380859375,3.22265625
9.925781,7.855224609375,3.424072265625
9.927734,14.90478515625,32.025146484375
9.929688,14.501953125,31.622314453125
9.931641,13.897705078125,31.01806640625
9.933594,13.29345703125,30.21240234375
9.935547,12.286376953125,29.40673828125
9.9375,11.279296875,28.399658203125
9.939453,10.4736328125,27.392578125
9.941406,9.466552734375,26.5869140625
9.943359,8.8623046875,25.982666015625
9.945312,8.45947265625,25.579833984375
9.947266,8.45947265625,25.37841796875
9.949219,8.45947265625,25.579833984375
9.951172,8.8623046875,25.982666015625
9.953125,9.466552734375,26.5869140625
9.955078,15.71044921875,42.901611328125
9.957031,16.51611328125,43.90869140625
9.958984,17.523193359375,44.915771484375
9.960938,18.5302734375,45.721435546875
9.962891,19.134521484375,46.527099609375
9.964844,19.73876953125,47.13134765625
9.966797,20.1416015625,47.5341796875
9.96875,20.1416015625,47.5341796875
9.970703,19.940185546875,47.332763671875
9.972656,20.947265625,52.3681640625
9.974609,20.1416015625,51.5625
9.976562,19.3359375,50.7568359375
9.978516,18.328857421875,49.749755859375
9.980469,17.32177734375,48.74267578125
9.982422,16.51611328125,47.93701171875
9.984375,15.71044921875,47.332763671875
9.986328,15.3076171875,46.728515625
9.988281,15.106201171875,46.527099609375
9.990234,15.106201171875,46.527099609375
9.992188,15.509033203125,46.929931640625
9.994141,16.11328125,47.5341796875
9.996094,16.717529296875,48.138427734375
9.998047,17.724609375,49.1455078125
10.0,18.731689453125,50.152587890625
10.001953,19.537353515625,50.958251953125
10.003906,20.54443359375,51.96533203125
10.005859,21.148681640625,52.569580078125
10.007812,21.551513671875,52.972412109375
10.009766,21.7529296875,53.173828125
10.011719,21.551513671875,52.972412109375
10.013672,21.148681640625,52.569580078125
10.015625,20.54443359375,51.96533203125
10.017578,19.537353515625,50.958251953125
10.019531,18.731689453125,50.152587890625
10.021484,17.724609375,49.1455078125
10.023438,16.717529296875,48.138427734375
10.025391,16.11328125,47.5341796875
10.027344,15.509033203125,46.929931640625
10.029297,15.106201171875,46.527099609375
10.03125,15.106201171875,46.527099609375
10.033203,15.3076171875,46.728515625
10.035156,15.71044921875,47.332763671875
10.037109,16.51611328125,47.93701171875
10.039062,17.32177734375,48.74267578125
10.041016,18.328857421875,49.749755859375
10.042969,19.3359375,50.7568359375
10.044922,20.1416015625,51.5625
10.046875,20.947265625,52.3681640625
10.048828,21.35009765625,52.77099609375
10.050781,21.551513671875,53.173828125
10.052734,25.37841796875,45.1171875
10.054688,24.9755859375,44.71435546875
10.056641,24.9755859375,37.060546875
10.058594,24.371337890625,36.2548828125
10.060547,24.9755859375,9.869384765625
10.0625,24.169921875,8.8623046875
10.064453,20.1416015625,-11.077880859375
10.066406,19.3359375,-11.883544921875
10.068359,18.5302734375,-12.48779296875
10.070312,18.12744140625,-12.890625
10.072266,18.12744140625,-13.092041015625
10.074219,18.12744140625,-12.890625
10.076172,10.4736328125,4.43115234375
10.078125,11.077880859375,5.23681640625
10.080078,12.0849609375,6.04248046875
10.082031,12.890625,6.84814453125
10.083984,13.897705078125,7.855224609375
10.085938,14.703369140625,8.8623046875
10.087891,13.897705078125,16.11328125
10.089844,11.077880859375,30.413818359375
10.091797,11.279296875,30.816650390625
10.09375,11.480712890625,30.816650390625
10.095703,11.279296875,30.615234375
10.097656,10.675048828125,30.010986328125
10.099609,9.869384765625,29.40673828125
10.101562,9.063720703125,28.399658203125
10.103516,8.056640625,27.593994140625
10.105469,7.2509765625,26.5869140625
10.107422,6.243896484375,25.78125
10.109375,5.6396484375,24.9755859375
10.111328,5.035400390625,24.371337890625
10.113281,4.833984375,24.169921875
10.115234,4.833984375,24.371337890625
10.117188,5.23681640625,24.57275390625
10.119141,5.841064453125,25.177001953125
10.121094,6.646728515625,25.982666015625
10.123047,7.452392578125,26.788330078125
10.125,8.45947265625,27.79541015625
10.126953,9.466552734375,28.802490234375
10.128906,10.272216796875,29.608154296875
10.130859,10.87646484375,30.21240234375
10.132812,11.279296875,30.615234375
10.134766,11.480712890625,30.816650390625
10.136719,11.279296875,30.615234375
10.138672,10.87646484375,30.21240234375
10.140625,10.272216796875,29.608154296875
10.142578,9.466552734375,28.802490234375
10.144531,8.45947265625,27.79541015625
10.146484,7.452392578125,26.788330078125
10.148438,6.646728515625,25.982666015625
10.150391,-1.007080078125,42.095947265625
10.152344,-3.021240234375,47.93701171875
10.154297,-3.424072265625,47.735595703125
10.15625,-3.424072265625,47.5341796875
10.158203,-3.22265625,47.735595703125
10.160156,-2.618408203125,48.33984375
10.162109,-2.01416015625,49.1455078125
10.164062,-1.007080078125,49.951171875
10.166016,-0.201416015625,50.958251953125
10.167969,0.8056640625,51.763916015625
10.169922,1.812744140625,52.77099609375
10.171875,2.4169921875,53.375244140625
10.173828,3.021240234375,53.9794921875
10.175781,3.22265625,54.180908203125
10.177734,3.22265625,54.180908203125
10.179688,2.81982421875,53.778076171875
10.181641,2.215576171875,53.173828125
10.183594,1.409912109375,52.3681640625
10.185547,-0.8056640625,-6.646728515625
10.1875,-1.812744140625,-7.452392578125
10.189453,-2.618408203125,-8.45947265625
10.191406,-3.62548828125,-9.26513671875
10.193359,-4.229736328125,-9.869384765625
10.195312,-1.20849609375,-11.68212890625
10.197266,-1.409912109375,-11.883544921875
10.199219,-1.20849609375,-11.68212890625
10.201172,-0.8056640625,-11.279296875
10.203125,-0.201416015625,-10.675048828125
10.205078,6.84814453125,13.494873046875
10.207031,14.90478515625,41.89453125
10.208984,15.911865234375,42.901611328125
10.210938,21.148681640625,48.138427734375
10.212891,21.954345703125,48.944091796875
10.214844,25.982666015625,38.671875
10.216797,26.385498046875,38.873291015625
10.21875,26.385498046875,39.07470703125
10.220703,26.18408203125,38.873291015625
10.222656,25.78125,31.219482421875
10.224609,25.177001953125,30.615234375
10.226562,24.169921875,29.608154296875
10.228516,23.3642578125,28.802490234375
10.230469,22.357177734375,27.79541015625
10.232422,21.35009765625,26.788330078125
10.234375,20.745849609375,26.18408203125
10.236328,20.1416015625,25.579833984375
10.238281,20.745849609375,18.93310546875
10.240234,20.745849609375,18.93310546875
10.242188,20.947265625,19.3359375
10.244141,21.551513671875,19.73876953125
10.246094,22.357177734375,20.54443359375
10.248047,23.3642578125,21.551513671875
10.25,24.169921875,22.55859375
10.251953,25.177001953125,23.3642578125
10.253906,25.982666015625,24.169921875
10.255859,26.5869140625,24.9755859375
10.257812,27.191162109375,25.37841796875
10.259766,27.191162109375,25.37841796875
10.261719,27.191162109375,25.37841796875
10.263672,26.5869140625,24.9755859375
10.265625,25.982666015625,24.169921875
10.267578,25.177001953125,23.3642578125
10.269531,24.169921875,22.55859375
10.271484,23.3642578125,21.551513671875
10.273438,22.357177734375,20.54443359375
10.275391,21.551513671875,19.73876953125
10.277344,20.947265625,19.3359375
10.279297,20.745849609375,18.93310546875
10.28125,20.745849609375,18.93310546875
10.283203,20.947265625,19.134521484375
10.285156,21.35009765625,19.537353515625
10.287109,21.7529296875,13.494873046875
10.289062,22.55859375,-0.40283203125
10.291016,23.565673828125,0.604248046875
10.292969,24.371337890625,1.409912109375
10.294922,25.37841796875,2.4169921875
10.296875,25.982666015625,3.021240234375
10.298828,22.357177734375,-7.049560546875
10.300781,20.1416015625,-0.40283203125
10.302734,14.90478515625,17.120361328125
10.304688,14.703369140625,16.9189453125
10.306641,14.09912109375,16.314697265625
10.308594,13.29345703125,15.509033203125
10.310547,12.286376953125,14.501953125
10.3125,11.480712890625,13.6962890625
10.314453,10.4736328125,12.689208984375
10.316406,9.66796875,11.883544921875
10.318359,9.063720703125,11.279296875
10.320312,8.45947265625,10.675048828125
10.322266,8.45947265625,10.675048828125
10.324219,8.45947265625,10.675048828125
10.326172,9.063720703125,11.279296875
10.328125,9.66796875,11.883544921875
10.330078,10.4736328125,12.689208984375
10.332031,11.480712890625,13.6962890625
10.333984,12.286376953125,14.501953125
10.335938,13.29345703125,15.509033203125
10.337891,14.09912109375,16.314697265625
10.339844,14.703369140625,16.9189453125
10.341797,14.90478515625,17.120361328125
10.34375,14.90478515625,17.120361328125
10.345703,6.4453125,45.52001953125
10.347656,5.841064453125,45.1171875
10.349609,5.23681640625,44.3115234375
10.351562,4.43115234375,43.505859375
10.353516,3.424072265625,42.498779296875
10.355469,2.4169921875,41.49169921875
10.357422,1.611328125,40.68603515625
10.359375,0.8056640625,39.88037109375
10.361328,0.40283203125,39.4775390625
10.363281,0.0,39.276123046875
10.365234,0.201416015625,39.276123046875
10.367188,0.40283203125,39.678955078125
10.369141,1.007080078125,40.283203125
10.371094,1.812744140625,40.887451171875
10.373047,2.81982421875,41.89453125
10.375,0.0,50.35400390625
10.376953,1.007080078125,51.361083984375
10.378906,1.812744140625,52.166748046875
10.380859,2.4169921875,52.77099609375
10.382812,2.81982421875,53.173828125
10.384766,3.021240234375,53.375244140625
10.386719,2.81982421875,53.173828125
10.388672,2.01416015625,52.569580078125
10.390625,1.20849609375,51.96533203125
10.392578,0.40283203125,51.15966796875
10.394531,-0.40283203125,50.152587890625
10.396484,-1.409912109375,49.1455078125
10.398438,-2.4169921875,48.33984375
10.400391,-3.22265625,47.5341796875
10.402344,-3.62548828125,46.929931640625
10.404297,-5.23681640625,39.07470703125
10.40625,-5.23681640625,39.07470703125
10.408203,-5.035400390625,39.276123046875
10.410156,-4.632568359375,39.88037109375
10.412109,-3.826904296875,40.484619140625
10.414062,-3.021240234375,41.49169921875
10.416016,-2.01416015625,42.498779296875
10.417969,-1.007080078125,43.304443359375
10.419922,-0.201416015625,44.3115234375
10.421875,0.604248046875,44.915771484375
10.423828,1.007080078125,45.52001953125
10.425781,0.8056640625,45.318603515625
10.427734,-0.8056640625,37.8662109375
10.429688,-1.20849609375,37.46337890625
10.431641,-1.812744140625,36.859130859375
10.433594,-2.618408203125,36.053466796875
10.435547,-3.424072265625,35.247802734375
10.4375,-4.43115234375,34.24072265625
10.439453,-5.438232421875,33.233642578125
10.441406,-6.243896484375,32.427978515625
10.443359,-6.84814453125,31.82373046875
10.445312,-7.2509765625,31.4208984375
10.447266,-7.452392578125,31.219482421875
10.449219,-7.2509765625,31.4208984375
10.451172,-6.84814453125,31.82373046875
10.453125,-6.243896484375,32.427978515625
10.455078,-5.438232421875,33.233642578125
10.457031,-4.43115234375,34.24072265625
10.458984,-3.424072265625,35.247802734375
10.460938,-2.618408203125,36.053466796875
10.462891,-1.812744140625,36.859130859375
10.464844,-1.20849609375,37.46337890625
10.466797,-0.8056640625,37.8662109375
10.46875,-0.604248046875,25.37841796875
10.470703,-0.8056640625,25.177001953125
10.472656,-1.20849609375,24.774169921875
10.474609,-2.01416015625,23.968505859375
10.476562,-2.81982421875,23.162841796875
10.478516,-3.826904296875,22.15576171875
10.480469,-4.833984375,21.148681640625
10.482422,-5.6396484375,20.343017578125
10.484375,-6.4453125,19.537353515625
10.486328,-6.84814453125,19.134521484375
10.488281,-7.049560546875,18.93310546875
10.490234,-7.049560546875,18.93310546875
10.492188,-6.646728515625,19.3359375
10.494141,-6.243896484375,19.73876953125
10.496094,-5.438232421875,20.54443359375
10.498047,-4.43115234375,21.551513671875
10.5,-3.424072265625,22.55859375
10.501953,-2.618408203125,23.3642578125
10.503906,-1.812744140625,24.169921875
10.505859,-1.007080078125,24.9755859375
10.507812,-0.604248046875,25.37841796875
10.509766,-0.604248046875,25.37841796875
10.511719,-0.604248046875,25.37841796875
10.513672,-1.007080078125,24.9755859375
10.515625,-1.812744140625,24.169921875
10.517578,-2.618408203125,23.3642578125
10.519531,-3.424072265625,22.55859375
10.521484,-3.826904296875,-0.201416015625
10.523438,-4.632568359375,-1.007080078125
10.525391,-5.438232421875,-1.812744140625
10.527344,-6.04248046875,-2.4169921875
10.529297,-6.4453125,-2.81982421875
10.53125,-3.826904296875,-12.689208984375
10.533203,-1.812744140625,-7.452392578125
10.535156,-1.409912109375,-7.049560546875
10.537109,-0.604248046875,-6.243896484375
10.539062,0.201416015625,-5.438232421875
10.541016,11.68212890625,28.1982421875
10.542969,14.300537109375,35.650634765625
10.544922,15.106201171875,36.65771484375
10.546875,15.911865234375,37.261962890625
10.548828,16.314697265625,37.8662109375
10.550781,16.51611328125,38.067626953125
10.552734,23.162841796875,53.778076171875
10.554688,22.760009765625,53.375244140625
10.556641,22.15576171875,52.972412109375
10.558594,21.35009765625,52.166748046875
10.560547,20.54443359375,51.15966796875
10.5625,19.537353515625,50.152587890625
10.564453,18.5302734375,49.346923828125
10.566406,17.724609375,48.541259765625
10.568359,17.120361328125,47.735595703125
10.570312,16.717529296875,47.332763671875
10.572266,19.73876953125,38.873291015625
10.574219,19.940185546875,38.873291015625
10.576172,20.343017578125,39.276123046875
10.578125,20.947265625,40.081787109375
10.580078,21.7529296875,40.887451171875
10.582031,22.760009765625,41.693115234375
10.583984,23.76708984375,42.7001953125
10.585938,24.57275390625,43.707275390625
10.587891,26.5869140625,30.413818359375
10.589844,27.191162109375,31.01806640625
10.591797,27.593994140625,31.4208984375
10.59375,27.593994140625,31.4208984375
10.595703,27.392578125,31.219482421875
10.597656,26.98974609375,30.615234375
10.599609,26.18408203125,30.010986328125
10.601562,25.37841796875,29.205322265625
10.603516,24.371337890625,28.1982421875
10.605469,23.3642578125,27.191162109375
10.607422,22.55859375,26.385498046875
10.609375,21.7529296875,25.579833984375
10.611328,21.35009765625,25.177001953125
10.613281,21.148681640625,24.9755859375
10.615234,21.148681640625,24.9755859375
10.617188,21.35009765625,25.177001953125
10.619141,21.954345703125,25.78125
10.621094,22.760009765625,26.5869140625
10.623047,23.76708984375,27.593994140625
10.625,24.57275390625,28.399658203125
10.626953,25.579833984375,29.40673828125
10.628906,26.385498046875,30.21240234375
10.630859,26.98974609375,30.816650390625
10.632812,27.593994140625,31.4208984375
10.634766,27.593994140625,31.4208984375
10.636719,27.593994140625,31.4208984375
10.638672,26.98974609375,30.816650390625
10.640625,26.385498046875,30.21240234375
10.642578,25.579833984375,29.40673828125
10.644531,24.57275390625,28.399658203125
10.646484,23.76708984375,27.593994140625
10.648438,22.760009765625,26.5869140625
10.650391,21.954345703125,25.78125
10.652344,21.35009765625,25.177001953125
10.654297,21.148681640625,24.9755859375
10.65625,21.148681640625,24.9755859375
10.658203,21.35009765625,25.177001953125
10.660156,21.7529296875,25.579833984375
10.662109,22.55859375,26.385498046875
10.664062,23.3642578125,27.191162109375
10.666016,24.371337890625,28.1982421875
10.667969,25.37841796875,29.205322265625
10.669922,26.18408203125,30.010986328125
10.671875,26.98974609375,30.615234375
10.673828,26.18408203125,5.035400390625
10.675781,26.385498046875,5.23681640625
10.677734,26.385498046875,5.23681640625
10.679688,25.982666015625,4.833984375
10.681641,25.37841796875,4.229736328125
10.683594,24.57275390625,3.424072265625
10.685547,23.76708984375,2.618408203125
10.6875,22.760009765625,1.611328125
10.689453,21.7529296875,0.604248046875
10.691406,20.947265625,-0.201416015625
10.693359,19.73876953125,-7.2509765625
10.695312,19.3359375,-7.65380859375
10.697266,19.134521484375,-7.855224609375
10.699219,19.3359375,-7.65380859375
10.701172,19.73876953125,-7.2509765625
10.703125,20.343017578125,-6.646728515625
10.705078,21.148681640625,-5.841064453125
10.707031,22.15576171875,-4.833984375
10.708984,23.162841796875,-3.826904296875
10.710938,23.968505859375,-3.021240234375
10.712891,24.774169921875,-2.215576171875
10.714844,25.37841796875,-1.611328125
10.716797,25.78125,-1.20849609375
10.71875,25.78125,-1.20849609375
10.720703,25.579833984375,-1.409912109375
10.722656,24.9755859375,-2.01416015625
10.724609,24.371337890625,-2.618408203125
10.726562,23.3642578125,-3.62548828125
10.728516,19.537353515625,-10.675048828125
10.730469,18.5302734375,-11.68212890625
10.732422,17.724609375,-12.48779296875
10.734375,16.9189453125,-13.29345703125
10.736328,1.611328125,36.65771484375
10.738281,1.409912109375,36.2548828125
10.740234,1.409912109375,36.456298828125
10.742188,1.611328125,36.65771484375
10.744141,2.215576171875,37.261962890625
10.746094,3.021240234375,38.067626953125
10.748047,4.0283203125,38.873291015625
10.75,5.035400390625,39.88037109375
10.751953,5.841064453125,40.887451171875
10.753906,6.646728515625,41.693115234375
10.755859,7.452392578125,42.29736328125
10.757812,7.855224609375,42.7001953125
10.759766,7.855224609375,42.901611328125
10.761719,7.855224609375,42.7001953125
10.763672,7.452392578125,42.29736328125
10.765625,6.646728515625,41.693115234375
10.767578,5.841064453125,40.887451171875
10.769531,0.201416015625,49.54833984375
10.771484,-0.8056640625,48.541259765625
10.773438,-1.611328125,47.735595703125
10.775391,-2.4169921875,46.929931640625
10.777344,-3.021240234375,46.32568359375
10.779297,-3.424072265625,45.9228515625
10.78125,-3.424072265625,45.9228515625
10.783203,-3.22265625,46.124267578125
10.785156,-2.618408203125,46.728515625
10.787109,-2.01416015625,47.332763671875
10.789062,-1.007080078125,48.33984375
10.791016,-0.201416015625,49.1455078125
10.792969,0.8056640625,50.152587890625
10.794922,1.611328125,51.15966796875
10.796875,2.4169921875,51.763916015625
10.798828,3.021240234375,52.3681640625
10.800781,3.22265625,52.569580078125
10.802734,3.021240234375,52.569580078125
10.804688,2.81982421875,52.166748046875
10.806641,2.215576171875,51.5625
10.808594,1.409912109375,50.7568359375
10.810547,0.604248046875,49.951171875
10.8125,-0.40283203125,48.944091796875
10.814453,-1.409912109375,47.93701171875
10.816406,-2.215576171875,47.13134765625
10.818359,-2.81982421875,46.527099609375
10.820312,-3.22265625,46.124267578125
10.822266,-3.424072265625,45.9228515625
10.824219,-3.22265625,46.124267578125
10.826172,-2.81982421875,46.527099609375
10.828125,-2.215576171875,47.13134765625
10.830078,-1.409912109375,47.93701171875
10.832031,-0.40283203125,48.944091796875
10.833984,0.604248046875,49.951171875
10.835938,1.409912109375,50.7568359375
10.837891,2.215576171875,51.5625
10.839844,2.81982421875,52.166748046875
10.841797,3.021240234375,52.569580078125
10.84375,3.22265625,52.569580078125
10.845703,3.021240234375,52.3681640625
10.847656,2.4169921875,51.763916015625
10.849609,1.611328125,51.15966796875
10.851562,0.8056640625,50.152587890625
10.853516,-0.201416015625,49.1455078125
10.855469,-1.007080078125,48.33984375
10.857422,-2.01416015625,47.332763671875
10.859375,-2.618408203125,46.728515625
10.861328,-3.22265625,46.124267578125
10.863281,-3.424072265625,45.9228515625
10.865234,-3.424072265625,45.9228515625
10.867188,-6.243896484375,25.177001953125
10.869141,-5.6396484375,25.78125
10.871094,-4.833984375,26.5869140625
10.873047,-4.0283203125,27.593994140625
10.875,-3.021240234375,28.399658203125
10.876953,-2.01416015625,29.40673828125
10.878906,-1.20849609375,30.21240234375
10.880859,-0.604248046875,30.816650390625
10.882812,-0.201416015625,31.219482421875
10.884766,0.0,31.4208984375
10.886719,-1.007080078125,18.12744140625
10.888672,-1.409912109375,17.724609375
10.890625,-2.01416015625,17.120361328125
10.892578,-2.81982421875,16.314697265625
10.894531,-3.826904296875,15.3076171875
10.896484,-4.833984375,14.300537109375
10.898438,-5.6396484375,13.494873046875
10.900391,-6.4453125,12.689208984375
10.902344,-7.049560546875,12.0849609375
10.904297,-7.452392578125,11.883544921875
10.90625,-7.452392578125,11.68212890625
10.908203,-7.2509765625,12.0849609375
10.910156,-6.646728515625,12.48779296875
10.912109,-6.04248046875,13.29345703125
10.914062,-5.035400390625,14.09912109375
10.916016,-4.229736328125,15.106201171875
10.917969,-3.22265625,15.911865234375
10.919922,-2.4169921875,16.9189453125
10.921875,-1.611328125,17.523193359375
10.923828,-1.20849609375,18.12744140625
10.925781,-0.8056640625,18.328857421875
10.927734,-1.007080078125,18.328857421875
10.929688,-1.20849609375,17.926025390625
10.931641,0.8056640625,-2.215576171875
10.933594,0.201416015625,-3.021240234375
10.935547,-0.8056640625,-4.0283203125
10.9375,-1.812744140625,-4.833984375
10.939453,-2.618408203125,-5.841064453125
10.941406,-3.62548828125,-6.646728515625
10.943359,-4.229736328125,-7.2509765625
10.945312,-4.632568359375,-7.65380859375
10.947266,-4.833984375,-7.855224609375
10.949219,-4.632568359375,-7.65380859375
10.951172,-4.229736328125,-7.2509765625
10.953125,-3.62548828125,-6.646728515625
10.955078,-2.215576171875,-7.452392578125
10.957031,-1.409912109375,-6.4453125
10.958984,-0.40283203125,-5.6396484375
10.960938,0.604248046875,-4.632568359375
10.962891,1.409912109375,-3.826904296875
10.964844,2.01416015625,-3.22265625
10.966797,2.215576171875,-3.021240234375
10.96875,2.215576171875,-2.81982421875
10.970703,2.01416015625,-3.22265625
10.972656,1.611328125,-3.62548828125
10.974609,0.8056640625,-4.43115234375
10.976562,0.0,-5.23681640625
10.978516,-1.007080078125,-6.243896484375
10.980469,-2.01416015625,-7.049560546875
10.982422,-2.81982421875,-8.056640625
10.984375,-3.62548828125,-8.660888671875
10.986328,-4.0283203125,-9.26513671875
10.988281,-4.229736328125,-9.466552734375
10.990234,-4.229736328125,-9.466552734375
10.992188,-3.826904296875,-9.063720703125
10.994141,-3.424072265625,-8.45947265625
10.996094,-2.618408203125,-7.65380859375
10.998047,-1.611328125,-6.84814453125
11.0,-0.604248046875,-5.841064453125
11.001953,0.201416015625,-4.833984375
11.003906,1.007080078125,-4.0283203125
11.005859,1.812744140625,-3.424072265625
11.007812,2.215576171875,-3.021240234375
11.009766,2.215576171875,-2.81982421875
11.011719,2.215576171875,-3.021240234375
11.013672,7.452392578125,5.841064453125
11.015625,6.84814453125,5.23681640625
11.017578,6.04248046875,4.229736328125
11.019531,5.035400390625,3.424072265625
11.021484,4.0283203125,2.4169921875
11.023438,3.22265625,1.409912109375
11.025391,5.841064453125,11.68212890625
11.027344,5.23681640625,11.077880859375
11.029297,10.07080078125,32.2265625
11.03125,13.494873046875,43.304443359375
11.033203,13.897705078125,43.505859375
11.035156,20.1416015625,39.276123046875
11.037109,20.745849609375,39.88037109375
11.039062,21.7529296875,40.887451171875
11.041016,22.55859375,41.89453125
11.042969,23.565673828125,42.7001953125
11.044922,24.371337890625,43.707275390625
11.046875,25.177001953125,44.3115234375
11.048828,25.78125,44.915771484375
11.050781,25.982666015625,45.1171875
11.052734,25.78125,45.1171875
11.054688,25.579833984375,44.71435546875
11.056641,24.9755859375,44.110107421875
11.058594,24.169921875,43.304443359375
11.060547,23.3642578125,42.498779296875
11.0625,22.357177734375,41.49169921875
11.064453,21.35009765625,40.484619140625
11.066406,22.357177734375,20.1416015625
11.068359,21.7529296875,19.537353515625
11.070312,21.35009765625,19.134521484375
11.072266,21.148681640625,18.93310546875
11.074219,21.35009765625,19.134521484375
11.076172,21.7529296875,19.537353515625
11.078125,22.357177734375,20.1416015625
11.080078,23.162841796875,20.947265625
11.082031,24.169921875,21.954345703125
11.083984,25.177001953125,22.96142578125
11.085938,25.982666015625,23.76708984375
11.087891,26.788330078125,24.57275390625
11.089844,27.392578125,25.177001953125
11.091797,27.79541015625,25.37841796875
11.09375,27.79541015625,25.579833984375
11.095703,27.593994140625,25.37841796875
11.097656,26.98974609375,24.774169921875
11.099609,26.385498046875,24.169921875
11.101562,25.37841796875,23.162841796875
11.103516,24.371337890625,22.15576171875
11.105469,23.565673828125,21.35009765625
11.107422,22.55859375,20.343017578125
11.109375,21.954345703125,19.73876953125
11.111328,21.35009765625,19.134521484375
11.113281,21.148681640625,18.93310546875
11.115234,21.148681640625,18.93310546875
11.117188,21.551513671875,19.3359375
11.119141,22.15576171875,19.940185546875
11.121094,22.96142578125,20.745849609375
11.123047,23.76708984375,21.551513671875
11.125,24.774169921875,22.55859375
11.126953,23.76708984375,-1.409912109375
11.128906,24.57275390625,-0.604248046875
11.130859,25.37841796875,0.0
11.132812,25.78125,0.40283203125
11.134766,25.78125,0.604248046875
11.136719,25.78125,0.40283203125
11.138672,25.37841796875,0.0
11.140625,24.57275390625,-0.604248046875
11.142578,23.76708984375,-1.409912109375
11.144531,22.96142578125,-2.4169921875
11.146484,21.954345703125,-3.424072265625
11.148438,20.947265625,-4.229736328125
11.150391,20.1416015625,-5.035400390625
11.152344,19.73876953125,-5.6396484375
11.154297,19.3359375,-6.04248046875
11.15625,19.3359375,-6.04248046875
11.158203,19.537353515625,-5.841064453125
11.160156,19.940185546875,-5.23681640625
11.162109,20.745849609375,-4.632568359375
11.164062,21.551513671875,-3.62548828125
11.166016,22.55859375,-2.81982421875
11.167969,23.565673828125,-1.812744140625
11.169922,24.371337890625,-0.8056640625
11.171875,25.177001953125,-0.201416015625
11.173828,22.15576171875,-3.424072265625
11.175781,22.357177734375,-3.22265625
11.177734,22.357177734375,-3.22265625
11.179688,22.15576171875,-3.62548828125
11.181641,21.551513671875,-4.229736328125
11.183594,20.745849609375,-5.035400390625
11.185547,19.73876953125,-5.841064453125
11.1875,18.93310546875,-6.84814453125
11.189453,17.926025390625,-7.855224609375
11.191406,17.120361328125,-8.660888671875
11.193359,16.51611328125,-9.26513671875
11.195312,15.911865234375,-9.66796875
11.197266,15.911865234375,-9.869384765625
11.199219,15.911865234375,-9.66796875
11.201172,16.51611328125,-9.26513671875
11.203125,17.120361328125,-8.660888671875
11.205078,17.926025390625,-7.855224609375
11.207031,18.93310546875,-6.84814453125
11.208984,19.73876953125,-5.841064453125
11.210938,20.745849609375,-5.035400390625
11.212891,21.551513671875,-4.229736328125
11.214844,22.15576171875,-3.62548828125
11.216797,22.357177734375,-3.22265625
11.21875,22.357177734375,-3.22265625
11.220703,22.15576171875,-3.424072265625
11.222656,21.7529296875,-4.0283203125
11.224609,20.947265625,-4.632568359375
11.226562,20.1416015625,-5.438232421875
11.228516,19.134521484375,-6.4453125
11.230469,18.12744140625,-7.452392578125
11.232422,17.32177734375,-8.258056640625
11.234375,16.717529296875,-9.063720703125
11.236328,16.11328125,-9.466552734375
11.238281,15.911865234375,-9.869384765625
11.240234,15.911865234375,-9.66796875
11.242188,8.660888671875,11.077880859375
11.244141,9.26513671875,11.68212890625
11.246094,10.07080078125,12.48779296875
11.248047,11.077880859375,13.494873046875
11.25,11.883544921875,14.300537109375
11.251953,3.22265625,48.138427734375
11.253906,4.0283203125,49.1455078125
11.255859,4.632568359375,49.749755859375
11.257812,5.035400390625,50.152587890625
11.259766,5.23681640625,50.35400390625
11.261719,0.0,42.901611328125
11.263672,-1.20849609375,31.82373046875
11.265625,-1.812744140625,31.219482421875
11.267578,-2.81982421875,4.43115234375
11.269531,-3.826904296875,3.424072265625
11.271484,-3.424072265625,-5.035400390625
11.273438,-4.43115234375,-6.04248046875
11.275391,-5.23681640625,-6.646728515625
11.277344,-5.6396484375,-7.2509765625
11.279297,-6.04248046875,-7.65380859375
11.28125,-6.04248046875,-7.65380859375
11.283203,-5.841064453125,-7.452392578125
11.285156,-5.438232421875,-6.84814453125
11.287109,-4.632568359375,-6.243896484375
11.289062,-3.826904296875,-5.438232421875
11.291016,-2.81982421875,-4.43115234375
11.292969,-1.812744140625,-3.424072265625
11.294922,-1.007080078125,-2.618408203125
11.296875,-0.201416015625,-1.812744140625
11.298828,0.201416015625,-1.409912109375
11.300781,0.40283203125,-1.20849609375
11.302734,0.40283203125,-1.20849609375
11.304688,0.0,-1.409912109375
11.306641,-0.40283203125,-2.01416015625
11.308594,-1.20849609375,-2.81982421875
11.310547,0.0,-6.04248046875
11.3125,-1.007080078125,-7.049560546875
11.314453,-1.812744140625,-7.855224609375
11.316406,-2.618408203125,-8.660888671875
11.318359,-3.424072265625,-9.466552734375
11.320312,-3.826904296875,-9.869384765625
11.322266,3.021240234375,4.0283203125
11.324219,3.021240234375,4.229736328125
11.326172,3.424072265625,4.632568359375
11.328125,4.229736328125,5.23681640625
11.330078,5.035400390625,6.04248046875
11.332031,6.04248046875,7.049560546875
11.333984,6.84814453125,8.056640625
11.335938,7.855224609375,8.8623046875
11.337891,8.660888671875,9.66796875
11.339844,9.26513671875,10.272216796875
11.341797,9.466552734375,10.675048828125
11.34375,9.466552734375,10.675048828125
11.345703,9.26513671875,10.4736328125
11.347656,8.8623046875,9.869384765625
11.349609,8.056640625,9.26513671875
11.351562,7.2509765625,8.258056640625
11.353516,6.243896484375,7.452392578125
11.355469,5.23681640625,6.4453125
11.357422,4.43115234375,5.6396484375
11.359375,3.62548828125,4.833984375
11.361328,3.22265625,4.43115234375
11.363281,3.021240234375,4.0283203125
11.365234,3.021240234375,4.229736328125
11.367188,3.424072265625,4.43115234375
11.369141,4.0283203125,5.035400390625
11.371094,4.632568359375,5.841064453125
11.373047,5.6396484375,6.84814453125
11.375,6.646728515625,7.65380859375
11.376953,7.452392578125,8.660888671875
11.378906,8.45947265625,9.466552734375
11.380859,9.063720703125,10.07080078125
11.382812,9.466552734375,10.4736328125
11.384766,9.66796875,10.675048828125
11.386719,9.466552734375,10.4736328125
11.388672,9.063720703125,10.07080078125
11.390625,8.45947265625,9.466552734375
11.392578,7.452392578125,8.660888671875
11.394531,6.646728515625,7.65380859375
11.396484,5.6396484375,6.84814453125
11.398438,4.632568359375,5.841064453125
11.400391,4.0283203125,5.035400390625
11.402344,3.424072265625,4.43115234375
11.404297,3.021240234375,4.229736328125
11.40625,3.021240234375,4.0283203125
11.408203,3.22265625,4.43115234375
11.410156,10.87646484375,30.816650390625
11.412109,11.480712890625,31.4208984375
11.414062,12.48779296875,32.427978515625
11.416016,13.29345703125,33.233642578125
11.417969,14.300537109375,34.24072265625
11.419922,15.3076171875,35.04638671875
11.421875,20.54443359375,50.958251953125
11.423828,20.947265625,51.361083984375
11.425781,21.35009765625,51.5625
11.427734,21.148681640625,51.5625
11.429688,20.947265625,51.15966796875
11.431641,20.343017578125,50.7568359375
11.433594,19.537353515625,49.951171875
11.435547,18.5302734375,48.944091796875
11.4375,17.724609375,47.93701171875
11.439453,16.717529296875,47.13134765625
11.441406,15.911865234375,46.32568359375
11.443359,15.3076171875,45.52001953125
11.445312,14.90478515625,45.1171875
11.447266,14.703369140625,45.1171875
11.449219,14.90478515625,45.1171875
11.451172,15.3076171875,45.52001953125
11.453125,15.911865234375,46.32568359375
11.455078,16.717529296875,47.13134765625
11.457031,17.724609375,47.93701171875
11.458984,18.5302734375,48.944091796875
11.460938,19.537353515625,49.951171875
11.462891,20.343017578125,50.7568359375
11.464844,20.947265625,51.15966796875
11.466797,21.148681640625,51.5625
11.46875,21.35009765625,51.5625
11.470703,20.947265625,51.361083984375
11.472656,20.54443359375,50.958251953125
11.474609,25.982666015625,30.816650390625
11.476562,25.177001953125,30.010986328125
11.478516,24.169921875,29.00390625
11.480469,23.162841796875,27.996826171875
11.482422,22.357177734375,27.191162109375
11.484375,21.7529296875,26.385498046875
11.486328,21.148681640625,25.982666015625
11.488281,20.947265625,25.78125
11.490234,20.947265625,25.78125
11.492188,21.35009765625,26.18408203125
11.494141,21.954345703125,26.5869140625
11.496094,22.760009765625,27.392578125
11.498047,22.96142578125,14.300537109375
11.5,23.968505859375,15.3076171875
11.501953,24.9755859375,16.314697265625
11.503906,25.78125,17.120361328125
11.505859,26.385498046875,17.724609375
11.507812,26.788330078125,18.12744140625
11.509766,26.98974609375,18.328857421875
11.511719,26.788330078125,18.12744140625
11.513672,26.385498046875,17.724609375
11.515625,25.78125,17.120361328125
11.517578,24.774169921875,3.62548828125
11.519531,21.148681640625,-5.6396484375
11.521484,20.1416015625,-6.646728515625
11.523438,19.3359375,-7.452392578125
11.525391,18.5302734375,-8.258056640625
11.527344,17.926025390625,-8.8623046875
11.529297,17.523193359375,-9.26513671875
11.53125,17.523193359375,-9.26513671875
11.533203,17.724609375,-9.063720703125
11.535156,18.328857421875,-8.45947265625
11.537109,18.93310546875,-7.855224609375
11.539062,19.940185546875,-6.84814453125
11.541016,20.745849609375,-6.04248046875
11.542969,21.7529296875,-5.035400390625
11.544922,19.73876953125,-4.43115234375
11.546875,20.54443359375,-3.826904296875
11.548828,20.947265625,-3.22265625
11.550781,21.35009765625,-3.021240234375
11.552734,21.148681640625,-3.021240234375
11.554688,20.947265625,-3.424072265625
11.556641,20.343017578125,-4.0283203125
11.558594,19.537353515625,-4.833984375
11.560547,18.731689453125,-5.6396484375
11.5625,17.724609375,-6.646728515625
11.564453,15.509033203125,-3.826904296875
11.566406,14.703369140625,-4.632568359375
11.568359,14.09912109375,-5.438232421875
11.570312,13.494873046875,-5.841064453125
11.572266,13.494873046875,-5.841064453125
11.574219,13.494873046875,-5.841064453125
11.576172,14.09912109375,-5.438232421875
11.578125,14.703369140625,-4.632568359375
11.580078,15.509033203125,-3.826904296875
11.582031,16.51611328125,-3.021240234375
11.583984,17.32177734375,-2.01416015625
11.585938,18.328857421875,-1.007080078125
11.587891,19.134521484375,-0.201416015625
11.589844,19.73876953125,0.201416015625
11.591797,19.940185546875,0.604248046875
11.59375,19.940185546875,0.604248046875
11.595703,19.73876953125,0.40283203125
11.597656,19.3359375,0.0
11.599609,18.5302734375,-0.8056640625
11.601562,17.724609375,-1.611328125
11.603516,16.717529296875,-2.618408203125
11.605469,15.71044921875,-3.62548828125
11.607422,14.90478515625,-4.43115234375
11.609375,14.300537109375,-5.23681640625
11.611328,13.6962890625,-5.6396484375
11.613281,13.494873046875,-5.841064453125
11.615234,13.494873046875,-5.841064453125
11.617188,13.897705078125,-5.438232421875
11.619141,14.501953125,-5.035400390625
11.621094,15.106201171875,-4.229736328125
11.623047,16.11328125,-3.22265625
11.625,17.120361328125,-2.215576171875
11.626953,17.926025390625,-1.409912109375
11.628906,18.93310546875,-0.604248046875
11.630859,19.537353515625,0.201416015625
11.632812,19.940185546875,0.604248046875
11.634766,20.1416015625,0.604248046875
11.636719,13.092041015625,24.57275390625
11.638672,12.689208984375,24.169921875
11.640625,12.0849609375,23.565673828125
11.642578,11.077880859375,22.55859375
11.644531,10.272216796875,21.7529296875
11.646484,9.26513671875,20.745849609375
11.648438,8.258056640625,19.73876953125
11.650391,7.65380859375,19.134521484375
11.652344,7.049560546875,18.5302734375
11.654297,6.646728515625,18.12744140625
11.65625,6.646728515625,18.12744140625
11.658203,6.84814453125,18.328857421875
11.660156,7.2509765625,18.731689453125
11.662109,8.056640625,19.537353515625
11.664062,8.8623046875,20.343017578125
11.666016,9.869384765625,21.35009765625
11.667969,10.87646484375,22.357177734375
11.669922,11.68212890625,23.162841796875
11.671875,12.48779296875,23.968505859375
11.673828,9.26513671875,36.859130859375
11.675781,9.66796875,37.261962890625
11.677734,9.466552734375,37.060546875
11.679688,9.26513671875,36.859130859375
11.681641,6.84814453125,44.110107421875
11.683594,6.04248046875,43.304443359375
11.685547,-0.40283203125,45.52001953125
11.6875,-1.409912109375,44.512939453125
11.689453,-2.4169921875,43.707275390625
11.691406,-3.22265625,42.901611328125
11.693359,-3.826904296875,42.095947265625
11.695312,-4.229736328125,41.693115234375
11.697266,-4.43115234375,41.693115234375
11.699219,-4.229736328125,41.693115234375
11.701172,-3.826904296875,42.095947265625
11.703125,-3.22265625,42.901611328125
11.705078,-2.4169921875,43.707275390625
11.707031,-1.409912109375,44.512939453125
11.708984,-0.40283203125,45.52001953125
11.710938,0.40283203125,46.527099609375
11.712891,-2.01416015625,17.523193359375
11.714844,-1.409912109375,18.12744140625
11.716797,-1.007080078125,18.5302734375
11.71875,-1.007080078125,18.5302734375
11.720703,-1.20849609375,18.328857421875
11.722656,-1.812744140625,17.926025390625
11.724609,-2.4169921875,17.120361328125
11.726562,-3.22265625,16.314697265625
11.728516,-4.229736328125,15.3076171875
11.730469,-5.23681640625,14.300537109375
11.732422,-6.04248046875,13.494873046875
11.734375,-6.84814453125,12.689208984375
11.736328,-7.452392578125,5.035400390625
11.738281,-7.65380859375,4.833984375
11.740234,-7.65380859375,4.833984375
11.742188,-7.2509765625,5.23681640625
11.744141,-6.84814453125,5.841064453125
11.746094,-6.04248046875,6.646728515625
11.748047,-4.0283203125,2.01416015625
11.75,-3.22265625,3.021240234375
11.751953,-2.215576171875,4.0283203125
11.753906,-1.409912109375,4.833984375
11.755859,-0.8056640625,5.438232421875
11.757812,-0.40283203125,5.841064453125
11.759766,-0.201416015625,6.04248046875
11.761719,-0.40283203125,5.841064453125
11.763672,-0.8056640625,5.438232421875
11.765625,-0.604248046875,1.611328125
11.767578,-1.409912109375,0.8056640625
11.769531,-2.215576171875,-0.201416015625
11.771484,-3.22265625,-1.20849609375
11.773438,-4.229736328125,-2.01416015625
11.775391,-5.035400390625,-2.81982421875
11.777344,-5.438232421875,-3.424072265625
11.779297,-5.841064453125,-3.826904296875
11.78125,-5.841064453125,-3.826904296875
11.783203,-5.6396484375,-3.62548828125
11.785156,-5.23681640625,-3.021240234375
11.787109,-4.43115234375,-2.4169921875
11.789062,-3.62548828125,-1.409912109375
11.791016,-2.618408203125,-0.604248046875
11.792969,-1.611328125,0.40283203125
11.794922,-0.8056640625,1.20849609375
11.796875,0.604248046875,-2.4169921875
11.798828,1.007080078125,-1.812744140625
11.800781,1.20849609375,-1.611328125
11.802734,1.20849609375,-1.611328125
11.804688,0.8056640625,-2.01416015625
11.806641,0.40283203125,-2.618408203125
11.808594,-0.40283203125,-3.424072265625
11.810547,-1.409912109375,-4.229736328125
11.8125,-2.4169921875,-5.23681640625
11.814453,-3.22265625,-6.243896484375
11.816406,-4.0283203125,-7.049560546875
11.818359,-4.833984375,-7.65380859375
11.820312,-5.23681640625,-8.056640625
11.822266,-5.23681640625,-8.258056640625
11.824219,-5.23681640625,-8.056640625
11.826172,-4.833984375,-7.65380859375
11.828125,-4.0283203125,-7.049560546875
11.830078,-3.22265625,-6.243896484375
11.832031,-2.4169921875,-5.23681640625
11.833984,-1.409912109375,-4.229736328125
11.835938,-0.40283203125,-3.424072265625
11.837891,0.40283203125,-2.618408203125
11.839844,0.8056640625,-2.01416015625
11.841797,1.20849609375,-1.611328125
11.84375,1.20849609375,-1.611328125
11.845703,1.007080078125,-1.812744140625
11.847656,0.604248046875,-2.4169921875
11.849609,-0.201416015625,-3.021240234375
11.851562,-1.007080078125,-4.0283203125
11.853516,-2.01416015625,-4.833984375
11.855469,-3.021240234375,-5.841064453125
11.857422,-3.826904296875,-6.646728515625
11.859375,-4.632568359375,-7.452392578125
11.861328,-5.035400390625,-7.855224609375
11.863281,-5.23681640625,-8.258056640625
11.865234,-5.23681640625,-8.056640625
11.867188,-4.833984375,-7.855224609375
11.869141,-4.43115234375,-7.2509765625
11.871094,1.409912109375,-2.618408203125
11.873047,2.4169921875,-1.611328125
11.875,3.424072265625,-0.8056640625
11.876953,4.229736328125,0.201416015625
11.878906,5.23681640625,1.007080078125
11.880859,5.841064453125,1.611328125
11.882812,6.243896484375,2.215576171875
11.884766,6.4453125,2.215576171875
11.886719,6.243896484375,2.215576171875
11.888672,5.841064453125,1.611328125
11.890625,5.23681640625,1.007080078125
11.892578,4.229736328125,0.201416015625
11.894531,3.424072265625,-0.8056640625
11.896484,2.4169921875,-1.611328125
11.898438,1.409912109375,-2.618408203125
11.900391,0.8056640625,-3.424072265625
11.902344,0.201416015625,-4.0283203125
11.904297,-0.201416015625,-4.229736328125
11.90625,-0.201416015625,-4.229736328125
11.908203,6.84814453125,18.12744140625
11.910156,7.2509765625,18.731689453125
11.912109,8.056640625,19.3359375
11.914062,8.8623046875,20.343017578125
11.916016,9.869384765625,21.148681640625
11.917969,10.87646484375,22.15576171875
11.919922,11.68212890625,22.96142578125
11.921875,12.48779296875,23.76708984375
11.923828,12.890625,24.169921875
11.925781,13.092041015625,24.57275390625
11.927734,13.092041015625,24.371337890625
11.929688,16.51611328125,38.671875
11.931641,15.911865234375,38.067626953125
11.933594,15.106201171875,37.261962890625
11.935547,14.09912109375,36.456298828125
11.9375,13.29345703125,35.44921875
11.939453,12.286376953125,34.442138671875
11.941406,11.480712890625,33.636474609375
11.943359,10.87646484375,33.0322265625
11.945312,10.4736328125,32.62939453125
11.947266,10.272216796875,32.427978515625
11.949219,10.4736328125,32.62939453125
11.951172,12.286376953125,39.276123046875
11.953125,12.890625,39.88037109375
11.955078,13.6962890625,40.68603515625
11.957031,14.703369140625,41.693115234375
11.958984,15.71044921875,42.498779296875
11.960938,16.51611328125,43.505859375
11.962891,17.32177734375,44.3115234375
11.964844,17.926025390625,44.915771484375
11.966797,18.328857421875,45.1171875
11.96875,18.328857421875,45.1171875
11.970703,18.12744140625,44.915771484375
11.972656,17.523193359375,44.512939453125
11.974609,16.9189453125,43.707275390625
11.976562,15.911865234375,42.901611328125
11.978516,15.106201171875,41.89453125
11.980469,14.09912109375,40.887451171875
11.982422,13.29345703125,40.081787109375
11.984375,12.48779296875,39.4775390625
11.986328,12.0849609375,38.873291015625
11.988281,11.68212890625,38.671875
11.990234,11.883544921875,38.671875
11.992188,12.0849609375,39.07470703125
11.994141,12.689208984375,39.678955078125
11.996094,13.494873046875,40.283203125
11.998047,14.300537109375,41.290283203125
12.0,15.3076171875,42.29736328125
12.001953,16.314697265625,43.10302734375
12.003906,17.120361328125,44.110107421875
12.005859,17.724609375,44.71435546875
12.007812,18.12744140625,45.1171875
12.009766,18.328857421875,45.318603515625
12.011719,18.12744140625,45.1171875
12.013672,17.724609375,44.71435546875
12.015625,17.120361328125,44.110107421875
12.017578,16.314697265625,43.10302734375
12.019531,15.3076171875,42.29736328125
12.021484,14.300537109375,41.290283203125
12.023438,19.3359375,47.13134765625
12.025391,18.5302734375,46.32568359375
12.027344,18.5302734375,43.304443359375
12.029297,18.12744140625,42.901611328125
12.03125,18.12744140625,42.901611328125
12.033203,20.745849609375,25.37841796875
12.035156,21.148681640625,25.982666015625
12.037109,21.954345703125,26.5869140625
12.039062,22.760009765625,27.593994140625
12.041016,22.96142578125,-4.833984375
12.042969,23.968505859375,-3.826904296875
12.044922,24.774169921875,-3.021240234375
12.046875,25.579833984375,-2.215576171875
12.048828,25.982666015625,-1.812744140625
12.050781,26.18408203125,-1.409912109375
12.052734,26.18408203125,-1.611328125
12.054688,25.982666015625,-1.812744140625
12.056641,25.37841796875,-2.4169921875
12.058594,24.57275390625,-3.22265625
12.060547,23.565673828125,-4.0283203125
12.0625,22.760009765625,-5.035400390625
12.064453,21.7529296875,-6.04248046875
12.066406,20.947265625,-6.84814453125
12.068359,20.343017578125,-7.452392578125
12.070312,19.73876953125,-7.855224609375
12.072266,19.73876953125,-8.056640625
12.074219,19.73876953125,-7.855224609375
12.076172,20.343017578125,-7.452392578125
12.078125,20.947265625,-6.84814453125
12.080078,21.7529296875,-6.04248046875
12.082031,22.760009765625,-5.035400390625
12.083984,23.565673828125,-4.0283203125
12.085938,21.35009765625,-9.063720703125
12.087891,22.15576171875,-8.45947265625
12.089844,22.760009765625,-7.855224609375
12.091797,23.162841796875,-7.452392578125
12.09375,23.162841796875,-7.452392578125
12.095703,22.96142578125,-7.65380859375
12.097656,22.357177734375,-8.258056640625
12.099609,21.7529296875,-8.8623046875
12.101562,20.745849609375,-9.66796875
12.103516,16.717529296875,-4.0283203125
12.105469,15.71044921875,-5.035400390625
12.107422,14.90478515625,-5.841064453125
12.109375,14.09912109375,-6.646728515625
12.111328,13.6962890625,-7.049560546875
12.113281,13.29345703125,-7.2509765625
12.115234,13.494873046875,-7.2509765625
12.117188,13.6962890625,-6.84814453125
12.119141,14.300537109375,-6.4453125
12.121094,15.106201171875,-5.6396484375
12.123047,16.11328125,-4.632568359375
12.125,16.9189453125,-3.62548828125
12.126953,17.926025390625,-2.81982421875
12.128906,18.731689453125,-2.01416015625
12.130859,19.3359375,-1.20849609375
12.132812,19.73876953125,-0.8056640625
12.134766,19.940185546875,-0.8056640625
12.136719,19.73876953125,-0.8056640625
12.138672,19.3359375,-1.20849609375
12.140625,18.731689453125,-2.01416015625
12.142578,17.926025390625,-2.81982421875
12.144531,16.9189453125,-3.62548828125
12.146484,16.11328125,-4.632568359375
12.148438,15.106201171875,-5.6396484375
12.150391,14.300537109375,-6.4453125
12.152344,13.6962890625,-6.84814453125
12.154297,13.494873046875,-7.2509765625
12.15625,13.29345703125,-7.2509765625
12.158203,13.6962890625,-7.049560546875
12.160156,14.09912109375,-6.646728515625
12.162109,14.90478515625,-5.841064453125
12.164062,10.675048828125,12.689208984375
12.166016,11.68212890625,13.6962890625
12.167969,12.689208984375,14.703369140625
12.169922,13.494873046875,15.509033203125
12.171875,14.300537109375,16.314697265625
12.173828,14.703369140625,16.717529296875
12.175781,14.90478515625,16.9189453125
12.177734,14.90478515625,16.9189453125
12.179688,14.703369140625,16.51611328125
12.181641,14.09912109375,16.11328125
12.183594,13.29345703125,15.3076171875
12.185547,12.286376953125,14.300537109375
12.1875,11.480712890625,13.29345703125
12.189453,10.4736328125,12.48779296875
12.191406,9.66796875,11.68212890625
12.193359,9.063720703125,10.87646484375
12.195312,8.45947265625,10.4736328125
12.197266,8.45947265625,10.4736328125
12.199219,8.45947265625,10.4736328125
12.201172,9.063720703125,10.87646484375
12.203125,9.66796875,11.68212890625
12.205078,10.4736328125,12.48779296875
12.207031,11.480712890625,13.29345703125
12.208984,12.286376953125,14.300537109375
12.210938,13.29345703125,15.3076171875
12.212891,14.09912109375,16.11328125
12.214844,14.703369140625,16.51611328125
12.216797,14.90478515625,16.9189453125
12.21875,14.90478515625,16.9189453125
12.220703,14.703369140625,16.717529296875
12.222656,14.300537109375,16.314697265625
12.224609,13.494873046875,15.509033203125
12.226562,12.689208984375,14.703369140625
12.228516,11.68212890625,13.6962890625
12.230469,8.8623046875,20.343017578125
12.232422,3.021240234375,40.283203125
12.234375,2.215576171875,39.678955078125
12.236328,1.611328125,39.07470703125
12.238281,1.409912109375,38.873291015625
12.240234,1.611328125,38.873291015625
12.242188,1.812744140625,39.276123046875
12.244141,2.4169921875,39.88037109375
12.246094,3.22265625,40.68603515625
12.248047,4.0283203125,41.49169921875
12.25,5.035400390625,42.498779296875
12.251953,6.04248046875,43.304443359375
12.253906,6.84814453125,44.3115234375
12.255859,7.452392578125,44.915771484375
12.257812,7.855224609375,45.318603515625
12.259766,8.056640625,45.52001953125
12.261719,7.855224609375,45.318603515625
12.263672,7.452392578125,44.915771484375
12.265625,6.84814453125,44.3115234375
12.267578,6.04248046875,43.304443359375
12.269531,5.035400390625,42.498779296875
12.271484,4.0283203125,41.49169921875
12.273438,3.22265625,40.68603515625
12.275391,2.4169921875,39.88037109375
12.277344,1.812744140625,39.276123046875
12.279297,1.611328125,38.873291015625
12.28125,1.409912109375,38.873291015625
12.283203,1.611328125,39.07470703125
12.285156,2.215576171875,39.678955078125
12.287109,3.021240234375,40.283203125
12.289062,3.826904296875,41.0888671875
12.291016,4.833984375,42.095947265625
12.292969,5.6396484375,43.10302734375
12.294922,6.646728515625,43.90869140625
12.296875,7.2509765625,44.71435546875
12.298828,0.604248046875,45.9228515625
12.300781,-0.40283203125,40.081787109375
12.302734,-0.604248046875,40.081787109375
12.304688,-0.8056640625,39.88037109375
12.306641,-1.409912109375,9.869384765625
12.308594,-2.01416015625,9.063720703125
12.310547,-3.021240234375,8.258056640625
12.3125,-4.0283203125,7.2509765625
12.314453,-4.833984375,6.243896484375
12.316406,-5.841064453125,5.438232421875
12.318359,-6.4453125,4.833984375
12.320312,-6.84814453125,4.43115234375
12.322266,-7.049560546875,4.229736328125
12.324219,-6.84814453125,4.43115234375
12.326172,-6.4453125,4.833984375
12.328125,-5.841064453125,5.438232421875
12.330078,-4.833984375,6.243896484375
12.332031,-4.0283203125,7.2509765625
12.333984,-3.021240234375,8.258056640625
12.335938,-2.01416015625,9.063720703125
12.337891,-1.409912109375,9.869384765625
12.339844,-0.8056640625,10.4736328125
12.341797,-0.40283203125,10.87646484375
12.34375,-0.40283203125,10.87646484375
12.345703,2.4169921875,-5.23681640625
12.347656,2.01416015625,-5.6396484375
12.349609,1.20849609375,-6.4453125
12.351562,0.40283203125,-7.2509765625
12.353516,-0.604248046875,-8.258056640625
12.355469,-1.409912109375,-9.063720703125
12.357422,-2.4169921875,-10.07080078125
12.359375,-3.021240234375,-10.675048828125
12.361328,-3.62548828125,-11.279296875
12.363281,-3.22265625,-11.077880859375
12.365234,-3.22265625,-10.87646484375
12.367188,-2.81982421875,-10.675048828125
12.369141,-2.4169921875,-10.07080078125
12.371094,-1.611328125,-9.26513671875
12.373047,-0.604248046875,-8.258056640625
12.375,0.40283203125,-7.452392578125
12.376953,1.20849609375,-6.4453125
12.378906,2.01416015625,-5.6396484375
12.380859,2.81982421875,-5.035400390625
12.382812,3.22265625,-4.632568359375
12.384766,3.22265625,-4.43115234375
12.386719,3.22265625,-4.632568359375
12.388672,2.81982421875,-5.035400390625
12.390625,2.01416015625,-5.6396484375
12.392578,1.20849609375,-6.4453125
12.394531,0.40283203125,-7.452392578125
12.396484,-0.604248046875,-8.258056640625
12.398438,-1.611328125,-9.26513671875
12.400391,-2.4169921875,-10.07080078125
12.402344,-2.81982421875,-10.675048828125
12.404297,-3.22265625,-10.87646484375
12.40625,-3.22265625,-11.077880859375
12.408203,-3.021240234375,-10.675048828125
12.410156,-2.618408203125,-10.272216796875
12.412109,-1.812744140625,-9.466552734375
12.414062,-1.007080078125,-8.660888671875
12.416016,0.0,-7.65380859375
12.417969,1.007080078125,-6.84814453125
12.419922,1.812744140625,-5.841064453125
12.421875,2.618408203125,-5.23681640625
12.423828,3.021240234375,-4.632568359375
12.425781,3.22265625,-4.43115234375
12.427734,3.22265625,-4.43115234375
12.429688,2.81982421875,-4.833984375
12.431641,2.4169921875,-5.438232421875
12.433594,1.611328125,-6.243896484375
12.435547,0.604248046875,-7.049560546875
12.4375,-0.40283203125,-8.056640625
12.439453,3.22265625,-0.8056640625
12.441406,2.4169921875,-1.812744140625
12.443359,1.812744140625,-2.4169921875
12.445312,1.409912109375,-2.81982421875
12.447266,1.20849609375,-2.81982421875
12.449219,3.22265625,3.22265625
12.451172,3.62548828125,3.62548828125
12.453125,4.229736328125,4.229736328125
12.455078,5.035400390625,5.035400390625
12.457031,6.04248046875,6.04248046875
12.458984,6.84814453125,7.049560546875
12.460938,7.855224609375,7.855224609375
12.462891,8.660888671875,8.660888671875
12.464844,9.26513671875,9.26513671875
12.466797,9.466552734375,9.66796875
12.46875,9.466552734375,9.66796875
12.470703,9.26513671875,9.466552734375
12.472656,8.8623046875,8.8623046875
12.474609,8.056640625,8.258056640625
12.476562,7.2509765625,7.2509765625
12.478516,6.243896484375,6.4453125
12.480469,5.23681640625,5.438232421875
12.482422,4.43115234375,4.632568359375
12.484375,3.826904296875,3.826904296875
12.486328,3.22265625,3.22265625
12.488281,3.021240234375,3.021240234375
12.490234,3.021240234375,3.22265625
12.492188,8.660888671875,25.37841796875
12.494141,13.092041015625,36.2548828125
12.496094,13.6962890625,37.060546875
12.498047,14.703369140625,37.8662109375
12.5,15.71044921875,38.873291015625
12.501953,16.51611328125,39.88037109375
12.503906,17.523193359375,40.68603515625
12.505859,18.12744140625,41.290283203125
12.507812,18.5302734375,41.693115234375
12.509766,18.731689453125,41.89453125
12.511719,18.5302734375,41.693115234375
12.513672,18.12744140625,41.290283203125
12.515625,17.523193359375,40.68603515625
12.517578,16.51611328125,39.88037109375
12.519531,15.71044921875,38.873291015625
12.521484,14.703369140625,37.8662109375
12.523438,13.6962890625,37.060546875
12.525391,13.092041015625,36.2548828125
12.527344,12.48779296875,35.650634765625
12.529297,12.0849609375,35.247802734375
12.53125,12.0849609375,35.247802734375
12.533203,12.286376953125,35.44921875
12.535156,12.890625,36.053466796875
12.537109,13.494873046875,36.65771484375
12.539062,14.300537109375,37.664794921875
12.541016,15.3076171875,38.470458984375
12.542969,16.314697265625,39.4775390625
12.544922,17.120361328125,40.484619140625
12.546875,17.926025390625,41.0888671875
12.548828,18.328857421875,41.693115234375
12.550781,18.5302734375,41.89453125
12.552734,18.5302734375,41.89453125
12.554688,18.328857421875,41.49169921875
12.556641,17.724609375,40.887451171875
12.558594,16.9189453125,40.081787109375
12.560547,15.911865234375,39.276123046875
12.5625,15.106201171875,38.26904296875
12.564453,14.09912109375,37.261962890625
12.566406,18.93310546875,45.1171875
12.568359,18.12744140625,44.512939453125
12.570312,17.724609375,44.110107421875
12.572266,17.724609375,43.90869140625
12.574219,17.724609375,44.110107421875
12.576172,18.12744140625,44.512939453125
12.578125,18.93310546875,45.1171875
12.580078,19.73876953125,46.124267578125
12.582031,20.54443359375,46.929931640625
12.583984,21.551513671875,47.93701171875
12.585938,22.55859375,48.944091796875
12.587891,23.3642578125,49.54833984375
12.589844,23.76708984375,50.152587890625
12.591797,24.169921875,50.555419921875
12.59375,24.169921875,50.555419921875
12.595703,23.968505859375,50.35400390625
12.597656,23.565673828125,49.951171875
12.599609,22.760009765625,49.1455078125
12.601562,21.954345703125,48.33984375
12.603516,20.947265625,47.332763671875
12.605469,19.940185546875,46.32568359375
12.607422,19.134521484375,45.52001953125
12.609375,18.328857421875,44.71435546875
12.611328,17.926025390625,44.3115234375
12.613281,17.724609375,44.110107421875
12.615234,17.724609375,44.110107421875
12.617188,18.12744140625,44.3115234375
12.619141,20.745849609375,33.837890625
12.621094,22.15576171875,27.996826171875
12.623047,23.162841796875,29.00390625
12.625,23.968505859375,29.8095703125
12.626953,24.9755859375,2.618408203125
12.628906,24.371337890625,-2.618408203125
12.630859,24.9755859375,-2.01416015625
12.632812,22.96142578125,-3.22265625
12.634766,20.343017578125,-1.812744140625
12.636719,20.1416015625,-2.01416015625
12.638672,10.87646484375,31.01806640625
12.640625,10.272216796875,30.21240234375
12.642578,9.466552734375,29.40673828125
12.644531,8.45947265625,28.60107421875
12.646484,7.452392578125,27.593994140625
12.648438,6.646728515625,26.5869140625
12.650391,5.841064453125,25.78125
12.652344,5.23681640625,25.37841796875
12.654297,4.833984375,24.9755859375
12.65625,4.833984375,24.9755859375
12.658203,5.035400390625,25.177001953125
12.660156,5.6396484375,25.579833984375
12.662109,6.243896484375,26.385498046875
12.664062,7.2509765625,27.191162109375
12.666016,8.056640625,28.1982421875
12.667969,5.6396484375,41.89453125
12.669922,6.646728515625,42.901611328125
12.671875,7.2509765625,43.505859375
12.673828,7.855224609375,44.110107421875
12.675781,8.056640625,44.3115234375
12.677734,8.056640625,44.3115234375
12.679688,6.243896484375,46.32568359375
12.681641,5.6396484375,45.721435546875
12.683594,4.833984375,44.915771484375
12.685547,4.0283203125,44.110107421875
12.6875,3.021240234375,43.10302734375
12.689453,-2.215576171875,44.110107421875
12.691406,-3.826904296875,44.71435546875
12.693359,-4.43115234375,44.110107421875
12.695312,-4.833984375,43.707275390625
12.697266,-5.035400390625,43.505859375
12.699219,-4.833984375,43.707275390625
12.701172,-4.43115234375,44.110107421875
12.703125,-3.826904296875,44.71435546875
12.705078,-3.021240234375,45.52001953125
12.707031,-2.01416015625,46.527099609375
12.708984,-1.007080078125,47.5341796875
12.710938,-0.201416015625,48.33984375
12.712891,0.604248046875,49.1455078125
12.714844,1.20849609375,49.749755859375
12.716797,-1.007080078125,37.46337890625
12.71875,-0.8056640625,37.664794921875
12.720703,-1.007080078125,37.261962890625
12.722656,-1.611328125,36.859130859375
12.724609,-2.215576171875,36.053466796875
12.726562,-3.22265625,35.247802734375
12.728516,-4.229736328125,34.24072265625
12.730469,-5.035400390625,33.43505859375
12.732422,-6.04248046875,32.427978515625
12.734375,-6.646728515625,31.82373046875
12.736328,-7.2509765625,31.219482421875
12.738281,-7.452392578125,31.01806640625
12.740234,-7.452392578125,31.01806640625
12.742188,-7.049560546875,31.4208984375
12.744141,-6.4453125,32.025146484375
12.746094,-5.6396484375,32.830810546875
12.748047,-4.833984375,33.636474609375
12.75,-3.826904296875,34.6435546875
12.751953,-2.81982421875,35.650634765625
12.753906,-2.01416015625,36.456298828125
12.755859,-1.409912109375,37.060546875
12.757812,-1.007080078125,37.46337890625
12.759766,-0.8056640625,37.664794921875
12.761719,-1.007080078125,37.46337890625
12.763672,-1.409912109375,37.060546875
12.765625,-2.01416015625,36.456298828125
12.767578,-2.81982421875,35.650634765625
12.769531,-3.826904296875,34.6435546875
12.771484,-4.833984375,33.636474609375
12.773438,-5.6396484375,32.830810546875
12.775391,-6.4453125,32.025146484375
12.777344,-7.049560546875,31.4208984375
12.779297,-7.452392578125,31.01806640625
12.78125,-7.049560546875,11.480712890625
12.783203,-6.84814453125,11.68212890625
12.785156,-6.243896484375,12.0849609375
12.787109,-5.6396484375,12.890625
12.789062,-2.01416015625,-9.466552734375
12.791016,-1.007080078125,-8.660888671875
12.792969,0.0,-7.65380859375
12.794922,2.215576171875,-6.243896484375
12.796875,7.452392578125,4.43115234375
12.798828,7.855224609375,4.833984375
12.800781,8.056640625,5.035400390625
12.802734,8.056640625,5.035400390625
12.804688,7.65380859375,4.632568359375
12.806641,7.2509765625,4.229736328125
12.808594,9.66796875,16.314697265625
12.810547,8.8623046875,15.3076171875
12.8125,7.855224609375,14.300537109375
12.814453,6.84814453125,13.494873046875
12.816406,6.04248046875,12.689208984375
12.818359,5.438232421875,11.883544921875
12.820312,5.035400390625,11.480712890625
12.822266,4.833984375,11.480712890625
12.824219,5.035400390625,11.480712890625
12.826172,5.438232421875,11.883544921875
12.828125,6.04248046875,12.689208984375
12.830078,6.84814453125,13.494873046875
12.832031,7.855224609375,14.300537109375
12.833984,8.8623046875,15.3076171875
12.835938,9.66796875,16.314697265625
12.837891,10.4736328125,17.120361328125
12.839844,11.077880859375,17.724609375
12.841797,14.90478515625,32.025146484375
12.84375,14.90478515625,32.025146484375
12.845703,14.703369140625,31.82373046875
12.847656,14.300537109375,31.219482421875
12.849609,13.494873046875,30.615234375
12.851562,12.689208984375,29.8095703125
12.853516,11.68212890625,28.802490234375
12.855469,10.675048828125,27.79541015625
12.857422,9.869384765625,26.98974609375
12.859375,9.063720703125,26.18408203125
12.861328,8.660888671875,25.78125
12.863281,10.07080078125,32.2265625
12.865234,10.272216796875,32.2265625
12.867188,10.4736328125,32.62939453125
12.869141,11.077880859375,33.233642578125
12.871094,11.883544921875,33.837890625
12.873047,12.689208984375,34.844970703125
12.875,13.6962890625,35.85205078125
12.876953,14.703369140625,36.65771484375
12.878906,15.509033203125,37.664794921875
12.880859,16.11328125,38.26904296875
12.882812,16.51611328125,38.671875
12.884766,20.1416015625,45.721435546875
12.886719,20.1416015625,45.52001953125
12.888672,19.73876953125,45.1171875
12.890625,18.93310546875,44.512939453125
12.892578,18.12744140625,43.707275390625
12.894531,17.32177734375,42.7001953125
12.896484,16.314697265625,41.693115234375
12.898438,15.3076171875,40.887451171875
12.900391,14.501953125,40.081787109375
12.902344,14.09912109375,39.4775390625
12.904297,13.6962890625,39.07470703125
12.90625,13.6962890625,39.07470703125
12.908203,16.9189453125,46.124267578125
12.910156,17.523193359375,46.728515625
12.912109,18.12744140625,47.332763671875
12.914062,18.93310546875,48.33984375
12.916016,19.940185546875,49.346923828125
12.917969,20.947265625,50.152587890625
12.919922,21.7529296875,51.15966796875
12.921875,22.55859375,51.763916015625
12.923828,22.96142578125,52.3681640625
12.925781,23.3642578125,52.569580078125
12.927734,23.162841796875,52.569580078125
12.929688,22.96142578125,52.166748046875
12.931641,22.357177734375,51.5625
12.933594,21.551513671875,50.7568359375
12.935547,20.54443359375,49.951171875
12.9375,19.73876953125,48.944091796875
12.939453,18.731689453125,47.93701171875
12.941406,17.926025390625,47.13134765625
12.943359,17.32177734375,46.527099609375
12.945312,16.9189453125,46.124267578125
12.947266,16.717529296875,45.9228515625
12.949219,16.9189453125,46.124267578125
12.951172,17.32177734375,46.527099609375
12.953125,17.926025390625,47.13134765625
12.955078,18.731689453125,47.93701171875
12.957031,19.73876953125,48.944091796875
12.958984,20.54443359375,49.951171875
12.960938,21.551513671875,50.7568359375
12.962891,22.357177734375,51.5625
12.964844,22.96142578125,52.166748046875
12.966797,23.162841796875,52.569580078125
12.96875,26.788330078125,39.88037109375
12.970703,26.5869140625,39.4775390625
12.972656,25.982666015625,39.07470703125
12.974609,25.37841796875,38.26904296875
12.976562,24.371337890625,37.46337890625
12.978516,23.3642578125,36.456298828125
12.980469,22.55859375,35.650634765625
12.982422,21.551513671875,34.6435546875
12.984375,20.947265625,34.039306640625
12.986328,20.343017578125,33.43505859375
12.988281,20.1416015625,33.233642578125
12.990234,20.1416015625,33.233642578125
12.992188,20.54443359375,26.18408203125
12.994141,20.947265625,26.788330078125
12.996094,21.7529296875,27.593994140625
12.998047,22.760009765625,28.399658203125
13.0,23.76708984375,29.40673828125
13.001953,25.37841796875,23.162841796875
13.003906,26.18408203125,23.968505859375
13.005859,26.98974609375,24.774169921875
13.007812,27.392578125,25.177001953125
13.009766,27.392578125,25.177001953125
13.011719,27.392578125,25.177001953125
13.013672,26.98974609375,24.774169921875
13.015625,26.18408203125,23.968505859375
13.017578,25.37841796875,23.162841796875
13.019531,24.57275390625,22.357177734375
13.021484,23.565673828125,21.35009765625
13.023438,22.55859375,20.343017578125
13.025391,21.7529296875,19.537353515625
13.027344,21.35009765625,19.134521484375
13.029297,20.947265625,18.731689453125
13.03125,20.947265625,5.438232421875
13.033203,21.148681640625,5.6396484375
13.035156,21.7529296875,6.243896484375
13.037109,22.357177734375,6.84814453125
13.039062,20.343017578125,-5.6396484375
13.041016,21.148681640625,-6.4453125
13.042969,21.954345703125,-5.438232421875
13.044922,22.96142578125,-4.632568359375
13.046875,12.48779296875,23.968505859375
13.048828,12.890625,24.371337890625
13.050781,7.855224609375,43.304443359375
13.052734,6.04248046875,47.735595703125
13.054688,5.6396484375,47.332763671875
13.056641,5.23681640625,46.728515625
13.058594,4.43115234375,46.124267578125
13.060547,3.424072265625,45.1171875
13.0625,2.4169921875,44.110107421875
13.064453,1.611328125,43.304443359375
13.066406,0.8056640625,42.29736328125
13.068359,0.0,41.693115234375
13.070312,-0.40283203125,41.290283203125
13.072266,-0.40283203125,41.0888671875
13.074219,-0.40283203125,41.290283203125
13.076172,0.0,41.693115234375
13.078125,0.8056640625,42.29736328125
13.080078,-2.618408203125,47.5341796875
13.082031,-1.812744140625,48.541259765625
13.083984,-0.8056640625,49.346923828125
13.085938,0.201416015625,50.35400390625
13.087891,0.8056640625,51.15966796875
13.089844,1.409912109375,51.763916015625
13.091797,1.812744140625,51.96533203125
13.09375,1.812744140625,51.96533203125
13.095703,1.20849609375,49.749755859375
13.097656,0.8056640625,49.1455078125
13.099609,0.0,48.541259765625
13.101562,-0.8056640625,47.5341796875
13.103516,-1.812744140625,46.728515625
13.105469,-2.81982421875,45.721435546875
13.107422,-3.62548828125,44.71435546875
13.109375,-4.43115234375,44.110107421875
13.111328,-4.833984375,43.505859375
13.113281,-5.035400390625,43.304443359375
13.115234,-5.035400390625,43.304443359375
13.117188,-4.632568359375,43.707275390625
13.119141,-4.229736328125,44.3115234375
13.121094,-3.424072265625,45.1171875
13.123047,-2.4169921875,45.9228515625
13.125,-1.409912109375,46.929931640625
13.126953,-0.604248046875,47.93701171875
13.128906,0.201416015625,48.74267578125
13.130859,1.007080078125,49.346923828125
13.132812,1.409912109375,49.749755859375
13.134766,1.409912109375,49.951171875
13.136719,1.409912109375,49.749755859375
13.138672,1.007080078125,49.346923828125
13.140625,0.201416015625,48.74267578125
13.142578,-0.604248046875,47.93701171875
13.144531,-1.409912109375,46.929931640625
13.146484,-2.4169921875,45.9228515625
13.148438,-3.424072265625,45.1171875
13.150391,-4.229736328125,44.3115234375
13.152344,-4.632568359375,43.707275390625
13.154297,-5.035400390625,43.304443359375
13.15625,-5.035400390625,43.304443359375
13.158203,-4.833984375,43.505859375
13.160156,-4.43115234375,44.110107421875
13.162109,-3.62548828125,44.71435546875
13.164062,-2.81982421875,45.721435546875
13.166016,-1.812744140625,46.728515625
13.167969,-0.8056640625,47.5341796875
13.169922,0.0,48.541259765625
13.171875,0.8056640625,49.1455078125
13.173828,1.20849609375,49.749755859375
13.175781,1.409912109375,49.951171875
13.177734,-1.409912109375,25.37841796875
13.179688,-1.611328125,25.177001953125
13.181641,-2.215576171875,24.57275390625
13.183594,-3.021240234375,23.76708984375
13.185547,-4.0283203125,22.96142578125
13.1875,-5.035400390625,21.954345703125
13.189453,-5.841064453125,20.947265625
13.191406,-5.841064453125,13.092041015625
13.193359,-6.646728515625,12.48779296875
13.195312,-7.049560546875,12.0849609375
13.197266,-7.049560546875,11.883544921875
13.199219,-7.049560546875,12.0849609375
13.201172,-6.646728515625,12.48779296875
13.203125,-5.841064453125,13.092041015625
13.205078,-5.035400390625,13.897705078125
13.207031,-4.229736328125,14.90478515625
13.208984,-3.22265625,15.911865234375
13.210938,-2.215576171875,16.717529296875
13.212891,-1.409912109375,17.523193359375
13.214844,-1.007080078125,18.12744140625
13.216797,-0.604248046875,18.5302734375
13.21875,-0.604248046875,18.5302734375
13.220703,-0.8056640625,18.328857421875
13.222656,-1.20849609375,17.724609375
13.224609,-2.01416015625,17.120361328125
13.226562,-2.81982421875,16.11328125
13.228516,-3.826904296875,15.3076171875
13.230469,-4.833984375,14.300537109375
13.232422,-5.6396484375,13.494873046875
13.234375,-6.4453125,12.689208984375
13.236328,-6.84814453125,12.0849609375
13.238281,-7.049560546875,11.883544921875
13.240234,-7.049560546875,12.0849609375
13.242188,-6.84814453125,12.286376953125
13.244141,-6.243896484375,12.890625
13.246094,-5.438232421875,13.6962890625
13.248047,-4.43115234375,14.501953125
13.25,-3.424072265625,15.509033203125
13.251953,-2.618408203125,16.51611328125
13.253906,-1.812744140625,17.32177734375
13.255859,-1.007080078125,17.926025390625
13.257812,-0.604248046875,18.328857421875
13.259766,1.007080078125,-3.021240234375
13.261719,0.8056640625,-3.22265625
13.263672,1.812744140625,-7.65380859375
13.265625,6.646728515625,4.43115234375
13.267578,5.841064453125,3.62548828125
13.269531,4.833984375,2.81982421875
13.271484,4.0283203125,1.812744140625
13.273438,3.021240234375,0.8056640625
13.275391,11.279296875,33.233642578125
13.277344,10.675048828125,32.62939453125
13.279297,10.272216796875,32.427978515625
13.28125,10.272216796875,32.427978515625
13.283203,10.4736328125,32.62939453125
13.285156,20.343017578125,37.664794921875
13.287109,20.947265625,38.470458984375
13.289062,21.7529296875,39.276123046875
13.291016,22.760009765625,40.283203125
13.292969,23.76708984375,41.290283203125
13.294922,25.78125,36.053466796875
13.296875,26.385498046875,36.65771484375
13.298828,26.98974609375,37.261962890625
13.300781,27.191162109375,37.46337890625
13.302734,27.191162109375,37.46337890625
13.304688,26.788330078125,37.060546875
13.306641,26.18408203125,36.456298828125
13.308594,25.37841796875,35.650634765625
13.310547,24.57275390625,34.844970703125
13.3125,23.565673828125,33.837890625
13.314453,22.55859375,32.830810546875
13.316406,21.7529296875,32.025146484375
13.318359,21.148681640625,31.4208984375
13.320312,20.745849609375,31.01806640625
13.322266,20.54443359375,30.816650390625
13.324219,20.745849609375,31.01806640625
13.326172,21.148681640625,31.4208984375
13.328125,21.551513671875,19.940185546875
13.330078,22.357177734375,20.745849609375
13.332031,23.3642578125,21.7529296875
13.333984,24.371337890625,22.760009765625
13.335938,25.177001953125,23.565673828125
13.337891,25.982666015625,24.371337890625
13.339844,26.5869140625,24.9755859375
13.341797,26.788330078125,25.177001953125
13.34375,26.98974609375,25.37841796875
13.345703,26.5869140625,25.177001953125
13.347656,26.18408203125,24.57275390625
13.349609,25.37841796875,23.76708984375
13.351562,24.57275390625,22.96142578125
13.353516,23.565673828125,21.954345703125
13.355469,22.760009765625,21.148681640625
13.357422,21.7529296875,20.1416015625
13.359375,21.148681640625,19.537353515625
13.361328,20.54443359375,18.93310546875
13.363281,20.343017578125,18.731689453125
13.365234,20.343017578125,18.731689453125
13.367188,20.745849609375,19.134521484375
13.369141,21.35009765625,19.73876953125
13.371094,22.15576171875,20.54443359375
13.373047,22.96142578125,21.35009765625
13.375,23.968505859375,22.357177734375
13.376953,24.9755859375,23.3642578125
13.378906,25.78125,24.169921875
13.380859,26.385498046875,24.774169921875
13.382812,26.788330078125,25.177001953125
13.384766,26.98974609375,25.37841796875
13.386719,26.98974609375,18.328857421875
13.388672,25.579833984375,-1.611328125
13.390625,24.9755859375,-2.4169921875
13.392578,24.169921875,-3.22265625
13.394531,23.162841796875,-4.0283203125
13.396484,22.15576171875,-5.035400390625
13.398438,21.35009765625,-6.04248046875
13.400391,20.54443359375,-6.84814453125
13.402344,19.940185546875,-7.2509765625
13.404297,19.73876953125,-7.65380859375
13.40625,19.537353515625,-7.65380859375
13.408203,19.73876953125,-7.452392578125
13.410156,20.343017578125,-7.049560546875
13.412109,18.731689453125,-9.66796875
13.414062,19.73876953125,-8.8623046875
13.416016,20.745849609375,-7.855224609375
13.417969,21.551513671875,-7.049560546875
13.419922,22.55859375,-6.04248046875
13.421875,23.162841796875,-5.438232421875
13.423828,19.537353515625,-1.20849609375
13.425781,19.73876953125,-0.8056640625
13.427734,13.092041015625,24.57275390625
13.429688,9.26513671875,37.261962890625
13.431641,8.660888671875,36.65771484375
13.433594,7.855224609375,35.85205078125
13.435547,7.049560546875,35.04638671875
13.4375,6.04248046875,34.039306640625
13.439453,5.035400390625,33.0322265625
13.441406,4.229736328125,32.2265625
13.443359,3.62548828125,31.622314453125
13.445312,3.22265625,31.219482421875
13.447266,3.021240234375,31.01806640625
13.449219,3.22265625,31.219482421875
13.451172,3.62548828125,31.622314453125
13.453125,4.229736328125,32.2265625
13.455078,5.035400390625,33.0322265625
13.457031,6.04248046875,34.039306640625
13.458984,7.049560546875,35.04638671875
13.460938,7.855224609375,35.85205078125
13.462891,8.660888671875,36.65771484375
13.464844,9.26513671875,37.261962890625
13.466797,9.66796875,37.664794921875
13.46875,9.66796875,37.664794921875
13.470703,3.424072265625,51.96533203125
13.472656,2.81982421875,51.361083984375
13.474609,2.215576171875,50.7568359375
13.476562,1.409912109375,49.951171875
13.478516,0.40283203125,48.944091796875
13.480469,-0.604248046875,47.93701171875
13.482422,-1.409912109375,47.13134765625
13.484375,-2.215576171875,46.32568359375
13.486328,-2.618408203125,45.9228515625
13.488281,-3.021240234375,45.721435546875
13.490234,-2.81982421875,45.721435546875
13.492188,-2.618408203125,45.9228515625
13.494141,-2.01416015625,46.527099609375
13.496094,-1.20849609375,47.332763671875
13.498047,-0.201416015625,48.33984375
13.5,0.604248046875,49.1455078125
13.501953,1.611328125,50.152587890625
13.503906,2.4169921875,50.958251953125
13.505859,3.021240234375,51.5625
13.507812,3.424072265625,51.96533203125
13.509766,3.62548828125,52.166748046875
13.511719,3.424072265625,51.96533203125
13.513672,3.021240234375,51.5625
13.515625,2.4169921875,50.958251953125
13.517578,1.611328125,50.152587890625
13.519531,0.604248046875,49.1455078125
13.521484,-3.826904296875,38.26904296875
13.523438,-4.632568359375,37.261962890625
13.525391,-5.438232421875,36.456298828125
13.527344,-6.04248046875,35.85205078125
13.529297,-6.4453125,35.650634765625
13.53125,-6.4453125,35.44921875
13.533203,-6.243896484375,35.85205078125
13.535156,-5.6396484375,36.2548828125
13.537109,-5.035400390625,37.060546875
13.539062,-4.0283203125,37.8662109375
13.541016,-3.021240234375,38.873291015625
13.542969,-2.215576171875,39.88037109375
13.544922,-1.20849609375,40.68603515625
13.546875,-0.604248046875,41.290283203125
13.548828,0.0,41.89453125
13.550781,0.201416015625,42.095947265625
13.552734,0.201416015625,42.095947265625
13.554688,-0.201416015625,41.693115234375
13.556641,-0.8056640625,41.0888671875
13.558594,-1.611328125,40.484619140625
13.560547,-2.4169921875,39.4775390625
13.5625,-3.424072265625,38.470458984375
13.564453,-4.43115234375,37.664794921875
13.566406,-5.23681640625,36.65771484375
13.568359,-5.841064453125,36.053466796875
13.570312,-6.243896484375,35.650634765625
13.572266,-6.4453125,35.44921875
13.574219,-6.243896484375,35.650634765625
13.576172,-5.841064453125,36.053466796875
13.578125,-5.23681640625,36.65771484375
13.580078,-4.43115234375,37.664794921875
13.582031,-3.424072265625,38.470458984375
13.583984,-2.4169921875,39.4775390625
13.585938,-1.611328125,40.484619140625
13.587891,-0.8056640625,41.0888671875
13.589844,-0.201416015625,41.693115234375
13.591797,0.201416015625,42.095947265625
13.59375,0.201416015625,42.095947265625
13.595703,0.0,41.89453125
13.597656,-0.604248046875,41.290283203125
13.599609,-1.20849609375,40.68603515625
13.601562,-2.215576171875,39.88037109375
13.603516,-3.021240234375,38.873291015625
13.605469,-4.0283203125,37.8662109375
13.607422,-5.035400390625,37.060546875
13.609375,-5.6396484375,36.2548828125
13.611328,-6.243896484375,35.85205078125
13.613281,-7.855224609375,12.0849609375
13.615234,-7.855224609375,12.0849609375
13.617188,-7.452392578125,12.48779296875
13.619141,-7.049560546875,13.092041015625
13.621094,-6.243896484375,13.897705078125
13.623047,-5.23681640625,14.703369140625
13.625,-4.229736328125,15.71044921875
13.626953,-3.424072265625,16.717529296875
13.628906,-2.618408203125,17.523193359375
13.630859,-1.812744140625,18.12744140625
13.632812,-1.409912109375,18.5302734375
13.634766,-1.409912109375,18.731689453125
13.636719,-1.409912109375,18.5302734375
13.638672,-1.812744140625,18.12744140625
13.640625,-2.618408203125,17.523193359375
13.642578,-3.424072265625,16.717529296875
13.644531,-4.229736328125,15.71044921875
13.646484,-5.23681640625,14.703369140625
13.648438,-6.243896484375,13.897705078125
13.650391,-7.049560546875,13.092041015625
13.652344,-7.452392578125,12.48779296875
13.654297,-7.855224609375,12.0849609375
13.65625,-7.855224609375,12.0849609375
13.658203,-7.65380859375,12.286376953125
13.660156,-7.2509765625,12.890625
13.662109,-6.4453125,13.494873046875
13.664062,-5.6396484375,14.501953125
13.666016,-2.618408203125,-2.4169921875
13.667969,-1.611328125,-1.611328125
13.669922,-0.8056640625,-0.604248046875
13.671875,-0.201416015625,0.0
13.673828,0.40283203125,0.604248046875
13.675781,0.604248046875,0.8056640625
13.677734,0.604248046875,0.8056640625
13.679688,0.201416015625,0.40283203125
13.681641,-0.40283203125,-0.201416015625
13.683594,-1.20849609375,-1.007080078125
13.685547,-2.01416015625,-1.812744140625
13.6875,-3.021240234375,-2.81982421875
13.689453,-4.0283203125,-3.826904296875
13.691406,-4.833984375,-4.632568359375
13.693359,-5.438232421875,-5.23681640625
13.695312,-5.841064453125,-5.6396484375
13.697266,-6.04248046875,-5.841064453125
13.699219,-5.841064453125,-5.6396484375
13.701172,-5.438232421875,-5.23681640625
13.703125,-4.833984375,-4.632568359375
13.705078,-4.0283203125,-3.826904296875
13.707031,-3.021240234375,-2.81982421875
13.708984,-2.01416015625,-1.812744140625
13.710938,-1.20849609375,-1.007080078125
13.712891,-0.40283203125,-0.201416015625
13.714844,0.201416015625,0.40283203125
13.716797,0.604248046875,0.8056640625
13.71875,0.604248046875,0.8056640625
13.720703,0.40283203125,0.604248046875
13.722656,-0.201416015625,0.0
13.724609,-0.8056640625,-0.604248046875
13.726562,-1.611328125,-1.611328125
13.728516,-2.618408203125,-2.4169921875
13.730469,-3.62548828125,-3.424072265625
13.732422,-4.43115234375,-4.43115234375
13.734375,-5.23681640625,-5.035400390625
13.736328,-5.6396484375,-5.6396484375
13.738281,-1.409912109375,-7.452392578125
13.740234,-1.409912109375,-7.452392578125
13.742188,-1.007080078125,-7.049560546875
13.744141,-0.40283203125,-6.4453125
13.746094,0.201416015625,-5.6396484375
13.748047,1.20849609375,-4.833984375
13.75,2.215576171875,-3.826904296875
13.751953,3.021240234375,-2.81982421875
13.753906,5.035400390625,-3.021240234375
13.755859,5.6396484375,-2.4169921875
13.757812,6.04248046875,-2.01416015625
13.759766,6.243896484375,-1.812744140625
13.761719,6.04248046875,-2.01416015625
13.763672,5.6396484375,-2.4169921875
13.765625,13.6962890625,31.219482421875
13.767578,12.890625,30.413818359375
13.769531,18.731689453125,45.52001953125
13.771484,17.724609375,44.512939453125
13.773438,22.15576171875,33.0322265625
13.775391,21.35009765625,32.2265625
13.777344,20.947265625,31.622314453125
13.779297,20.54443359375,31.4208984375
13.78125,20.54443359375,31.219482421875
13.783203,20.745849609375,31.4208984375
13.785156,21.148681640625,32.025146484375
13.787109,21.954345703125,32.830810546875
13.789062,22.760009765625,33.636474609375
13.791016,23.76708984375,34.6435546875
13.792969,24.774169921875,35.44921875
13.794922,25.579833984375,36.456298828125
13.796875,27.191162109375,24.371337890625
13.798828,27.593994140625,24.9755859375
13.800781,27.79541015625,25.177001953125
13.802734,27.79541015625,24.9755859375
13.804688,27.392578125,24.774169921875
13.806641,26.98974609375,24.169921875
13.808594,26.18408203125,23.3642578125
13.810547,25.177001953125,22.55859375
13.8125,24.169921875,21.551513671875
13.814453,23.3642578125,20.54443359375
13.816406,22.55859375,19.73876953125
13.818359,21.7529296875,19.134521484375
13.820312,21.35009765625,18.731689453125
13.822266,21.35009765625,18.5302734375
13.824219,21.35009765625,18.731689453125
13.826172,21.7529296875,19.134521484375
13.828125,22.55859375,19.73876953125
13.830078,23.3642578125,20.54443359375
13.832031,24.169921875,21.551513671875
13.833984,25.177001953125,22.55859375
13.835938,26.18408203125,23.3642578125
13.837891,26.98974609375,24.169921875
13.839844,27.392578125,24.774169921875
13.841797,27.79541015625,24.9755859375
13.84375,27.79541015625,25.177001953125
13.845703,27.593994140625,24.9755859375
13.847656,27.191162109375,24.371337890625
13.849609,26.385498046875,23.76708984375
13.851562,25.579833984375,22.760009765625
13.853516,24.57275390625,21.7529296875
13.855469,23.565673828125,20.947265625
13.857422,22.760009765625,19.940185546875
13.859375,21.954345703125,19.3359375
13.861328,18.93310546875,-4.833984375
13.863281,18.731689453125,-5.035400390625
13.865234,18.731689453125,-5.035400390625
13.867188,19.134521484375,-4.632568359375
13.869141,19.73876953125,-4.0283203125
13.871094,20.54443359375,-3.22265625
13.873047,21.35009765625,-2.4169921875
13.875,22.357177734375,-1.409912109375
13.876953,23.3642578125,-0.40283203125
13.878906,24.169921875,0.40283203125
13.880859,24.774169921875,1.007080078125
13.882812,25.177001953125,1.409912109375
13.884766,25.37841796875,1.611328125
13.886719,25.177001953125,1.409912109375
13.888672,24.774169921875,1.007080078125
13.890625,24.169921875,0.40283203125
13.892578,23.3642578125,-0.40283203125
13.894531,22.357177734375,-1.409912109375
13.896484,21.35009765625,-2.4169921875
13.898438,19.134521484375,-7.65380859375
13.900391,18.328857421875,-8.45947265625
13.902344,17.724609375,-9.063720703125
13.904297,17.32177734375,-9.466552734375
13.90625,17.32177734375,-9.466552734375
13.908203,17.523193359375,-9.26513671875
13.910156,18.12744140625,-8.660888671875
13.912109,18.731689453125,-8.056640625
13.914062,18.328857421875,-11.883544921875
13.916016,19.134521484375,-11.077880859375
13.917969,20.1416015625,-10.07080078125
13.919922,20.947265625,-9.063720703125
13.921875,21.7529296875,-8.45947265625
13.923828,22.357177734375,-7.855224609375
13.925781,22.55859375,-7.65380859375
13.927734,22.357177734375,-7.65380859375
13.929688,22.15576171875,-8.056640625
13.931641,21.551513671875,-8.660888671875
13.933594,20.745849609375,-9.466552734375
13.935547,19.940185546875,-10.272216796875
13.9375,18.93310546875,-11.279296875
13.939453,17.926025390625,-12.286376953125
13.941406,17.120361328125,-13.092041015625
13.943359,16.51611328125,-13.6962890625
13.945312,16.11328125,-14.09912109375
13.947266,15.911865234375,-14.300537109375
13.949219,16.11328125,-14.09912109375
13.951172,16.51611328125,-13.6962890625
13.953125,17.120361328125,-13.092041015625
13.955078,17.926025390625,-12.286376953125
13.957031,18.93310546875,-11.279296875
13.958984,19.940185546875,-10.272216796875
13.960938,20.745849609375,-9.466552734375
13.962891,21.551513671875,-8.660888671875
13.964844,22.15576171875,-8.056640625
13.966797,22.357177734375,-7.65380859375
13.96875,22.55859375,-7.65380859375
13.970703,22.357177734375,-7.855224609375
13.972656,21.7529296875,-8.45947265625
13.974609,20.947265625,-9.063720703125
13.976562,20.1416015625,-10.07080078125
13.978516,19.134521484375,-11.077880859375
13.980469,18.328857421875,-11.883544921875
13.982422,11.68212890625,4.632568359375
13.984375,10.87646484375,3.826904296875
13.986328,10.4736328125,3.424072265625
13.988281,10.272216796875,3.021240234375
13.990234,4.833984375,25.37841796875
13.992188,5.23681640625,25.78125
13.994141,5.841064453125,26.18408203125
13.996094,6.4453125,26.98974609375
13.998047,7.452392578125,27.996826171875
14.0,8.45947265625,29.00390625
14.001953,9.26513671875,29.8095703125
14.003906,10.07080078125,30.615234375
14.005859,10.87646484375,31.4208984375
14.007812,-0.201416015625,45.318603515625
14.009766,-0.201416015625,45.52001953125
14.011719,-0.201416015625,45.318603515625
14.013672,-0.8056640625,44.915771484375
14.015625,-2.618408203125,17.32177734375
14.017578,-3.424072265625,16.51611328125
14.019531,-1.611328125,-5.6396484375
14.021484,-2.618408203125,-6.646728515625
14.023438,-3.62548828125,-7.65380859375
14.025391,-4.229736328125,-8.45947265625
14.027344,-4.833984375,-8.8623046875
14.029297,-5.23681640625,-9.26513671875
14.03125,-5.23681640625,-9.26513671875
14.033203,-5.035400390625,-9.063720703125
14.035156,-4.632568359375,-8.660888671875
14.037109,-3.826904296875,-7.855224609375
14.039062,-3.021240234375,-7.049560546875
14.041016,-2.01416015625,-6.04248046875
14.042969,-1.007080078125,-5.035400390625
14.044922,-0.201416015625,-4.229736328125
14.046875,0.604248046875,-3.424072265625
14.048828,1.007080078125,-3.021240234375
14.050781,1.20849609375,-2.81982421875
14.052734,1.20849609375,-2.81982421875
14.054688,1.007080078125,-3.22265625
14.056641,5.23681640625,1.007080078125
14.058594,4.43115234375,0.201416015625
14.060547,3.62548828125,-0.8056640625
14.0625,2.618408203125,-1.812744140625
14.064453,1.611328125,-2.618408203125
14.066406,0.8056640625,-3.424072265625
14.068359,0.201416015625,-4.229736328125
14.070312,-0.201416015625,-4.632568359375
14.072266,-0.40283203125,-4.632568359375
14.074219,-0.201416015625,-4.632568359375
14.076172,0.201416015625,-4.229736328125
14.078125,0.8056640625,-3.424072265625
14.080078,1.611328125,-2.618408203125
14.082031,2.618408203125,-1.812744140625
14.083984,3.62548828125,-0.8056640625
14.085938,4.43115234375,0.201416015625
14.087891,8.660888671875,9.869384765625
14.089844,9.063720703125,10.4736328125
14.091797,9.466552734375,10.87646484375
14.09375,9.466552734375,10.87646484375
14.095703,9.26513671875,10.675048828125
14.097656,8.8623046875,10.07080078125
14.099609,8.056640625,9.466552734375
14.101562,7.2509765625,8.45947265625
14.103516,6.243896484375,7.65380859375
14.105469,5.23681640625,6.646728515625
14.107422,4.43115234375,5.841064453125
14.109375,3.62548828125,5.035400390625
14.111328,3.22265625,4.632568359375
14.113281,3.021240234375,4.229736328125
14.115234,3.021240234375,4.43115234375
14.117188,3.424072265625,4.632568359375
14.119141,3.826904296875,5.23681640625
14.121094,4.632568359375,6.04248046875
14.123047,5.6396484375,6.84814453125
14.125,6.646728515625,7.855224609375
14.126953,7.452392578125,8.8623046875
14.128906,8.258056640625,9.66796875
14.130859,9.063720703125,10.272216796875
14.132812,9.466552734375,10.675048828125
14.134766,9.466552734375,10.87646484375
14.136719,9.466552734375,10.675048828125
14.138672,9.063720703125,10.272216796875
14.140625,12.0849609375,23.565673828125
14.142578,11.077880859375,22.55859375
14.144531,10.272216796875,21.7529296875
14.146484,15.71044921875,41.693115234375
14.148438,14.90478515625,40.68603515625
14.150391,14.09912109375,40.081787109375
14.152344,15.3076171875,42.901611328125
14.154297,15.106201171875,42.7001953125
14.15625,15.106201171875,42.498779296875
14.158203,15.3076171875,42.901611328125
14.160156,15.71044921875,43.304443359375
14.162109,16.51611328125,44.110107421875
14.164062,17.32177734375,44.915771484375
14.166016,18.328857421875,45.9228515625
14.167969,19.3359375,46.728515625
14.169922,20.1416015625,47.735595703125
14.171875,20.947265625,48.33984375
14.173828,21.35009765625,48.944091796875
14.175781,21.551513671875,49.1455078125
14.177734,21.551513671875,49.1455078125
14.179688,22.357177734375,51.5625
14.181641,25.37841796875,38.26904296875
14.183594,24.57275390625,37.46337890625
14.185547,23.76708984375,36.65771484375
14.1875,22.760009765625,35.650634765625
14.189453,21.7529296875,34.6435546875
14.191406,20.947265625,33.837890625
14.193359,20.343017578125,33.233642578125
14.195312,19.940185546875,32.830810546875
14.197266,19.73876953125,32.62939453125
14.199219,19.940185546875,32.830810546875
14.201172,20.343017578125,33.233642578125
14.203125,20.947265625,33.837890625
14.205078,21.7529296875,34.6435546875
14.207031,22.760009765625,35.650634765625
14.208984,23.76708984375,36.65771484375
14.210938,24.57275390625,37.46337890625
14.212891,25.37841796875,38.26904296875
14.214844,25.982666015625,38.873291015625
14.216797,26.385498046875,39.276123046875
14.21875,26.385498046875,39.276123046875
14.220703,26.18408203125,39.07470703125
14.222656,25.579833984375,38.470458984375
14.224609,24.9755859375,37.8662109375
14.226562,25.579833984375,22.760009765625
14.228516,24.57275390625,21.954345703125
14.230469,23.565673828125,20.947265625
14.232422,22.760009765625,20.1416015625
14.234375,21.954345703125,19.3359375
14.236328,21.551513671875,18.93310546875
14.238281,21.35009765625,18.5302734375
14.240234,21.35009765625,18.731689453125
14.242188,21.7529296875,18.93310546875
14.244141,22.15576171875,19.537353515625
14.246094,22.96142578125,20.343017578125
14.248047,23.968505859375,21.35009765625
14.25,24.9755859375,22.15576171875
14.251953,23.3642578125,-2.618408203125
14.253906,24.169921875,-1.812744140625
14.255859,24.9755859375,-1.20849609375
14.257812,25.37841796875,-0.8056640625
14.259766,25.37841796875,-0.604248046875
14.261719,25.37841796875,-0.8056640625
14.263672,24.9755859375,-1.20849609375
14.265625,24.169921875,-1.812744140625
14.267578,23.3642578125,-2.618408203125
14.269531,22.55859375,-3.62548828125
14.271484,21.551513671875,-4.632568359375
14.273438,20.54443359375,-5.438232421875
14.275391,19.73876953125,-6.243896484375
14.277344,19.3359375,-6.84814453125
14.279297,18.93310546875,-7.2509765625
14.28125,18.328857421875,-10.87646484375
14.283203,18.5302734375,-10.675048828125
14.285156,18.93310546875,-10.07080078125
14.287109,19.73876953125,-9.466552734375
14.289062,20.54443359375,-8.45947265625
14.291016,21.551513671875,-7.65380859375
14.292969,22.55859375,-6.646728515625
14.294922,23.3642578125,-5.6396484375
14.296875,23.968505859375,-5.035400390625
14.298828,24.57275390625,-4.43115234375
14.300781,24.774169921875,-4.229736328125
14.302734,24.774169921875,-4.229736328125
14.304688,24.371337890625,-4.632568359375
14.306641,23.76708984375,-5.23681640625
14.308594,23.162841796875,-6.04248046875
14.310547,22.15576171875,-6.84814453125
14.3125,21.148681640625,-7.855224609375
14.314453,20.343017578125,-8.8623046875
14.316406,19.3359375,-9.66796875
14.318359,18.731689453125,-10.272216796875
14.320312,18.328857421875,-10.675048828125
14.322266,18.12744140625,-10.87646484375
14.324219,18.328857421875,-10.675048828125
14.326172,18.731689453125,-10.272216796875
14.328125,19.3359375,-9.66796875
14.330078,20.343017578125,-8.8623046875
14.332031,21.148681640625,-7.855224609375
14.333984,22.15576171875,-6.84814453125
14.335938,23.162841796875,-6.04248046875
14.337891,23.76708984375,-5.23681640625
14.339844,24.371337890625,-4.632568359375
14.341797,24.774169921875,-4.229736328125
14.34375,24.774169921875,-4.229736328125
14.345703,24.57275390625,-4.43115234375
14.347656,23.968505859375,-5.035400390625
14.349609,23.3642578125,-5.6396484375
14.351562,22.55859375,-6.646728515625
14.353516,21.551513671875,-7.65380859375
14.355469,20.54443359375,-8.45947265625
14.357422,19.73876953125,-9.466552734375
14.359375,18.93310546875,-10.07080078125
14.361328,18.5302734375,-10.675048828125
14.363281,18.328857421875,-10.87646484375
14.365234,13.092041015625,-7.65380859375
14.367188,13.494873046875,-7.2509765625
14.369141,14.09912109375,-6.84814453125
14.371094,14.90478515625,-6.04248046875
14.373047,15.71044921875,-5.035400390625
14.375,16.717529296875,-4.0283203125
14.376953,17.724609375,-3.22265625
14.378906,18.5302734375,-2.4169921875
14.380859,19.134521484375,-1.611328125
14.382812,19.537353515625,-1.20849609375
14.384766,19.73876953125,-1.20849609375
14.386719,19.537353515625,-1.20849609375
14.388672,19.134521484375,-1.611328125
14.390625,18.5302734375,-2.4169921875
14.392578,16.11328125,2.618408203125
14.394531,15.3076171875,1.812744140625
14.396484,14.300537109375,0.8056640625
14.398438,13.29345703125,-0.201416015625
14.400391,12.689208984375,-1.007080078125
14.402344,12.0849609375,-1.409912109375
14.404297,11.68212890625,-1.812744140625
14.40625,11.68212890625,-1.812744140625
14.408203,11.883544921875,-1.611328125
14.410156,12.286376953125,-1.20849609375
14.412109,13.092041015625,-0.40283203125
14.414062,13.897705078125,0.40283203125
14.416016,14.90478515625,1.409912109375
14.417969,15.911865234375,2.4169921875
14.419922,16.717529296875,3.22265625
14.421875,17.523193359375,4.0283203125
14.423828,17.926025390625,4.43115234375
14.425781,15.106201171875,17.120361328125
14.427734,14.90478515625,16.9189453125
14.429688,14.703369140625,16.717529296875
14.431641,14.09912109375,16.11328125
14.433594,13.29345703125,15.3076171875
14.435547,12.48779296875,14.501953125
14.4375,11.480712890625,13.494873046875
14.439453,10.4736328125,12.48779296875
14.441406,9.66796875,11.68212890625
14.443359,9.063720703125,11.077880859375
14.445312,8.660888671875,10.675048828125
14.447266,4.833984375,25.579833984375
14.449219,4.833984375,25.78125
14.451172,5.23681640625,26.18408203125
14.453125,6.04248046875,26.788330078125
14.455078,6.84814453125,27.593994140625
14.457031,6.243896484375,34.24072265625
14.458984,7.2509765625,35.247802734375
14.460938,8.056640625,36.2548828125
14.462891,8.8623046875,36.859130859375
14.464844,9.466552734375,37.46337890625
14.466797,9.869384765625,37.8662109375
14.46875,8.258056640625,44.110107421875
14.470703,7.855224609375,43.90869140625
14.472656,7.452392578125,43.505859375
14.474609,6.646728515625,42.7001953125
14.476562,5.841064453125,41.89453125
14.478516,4.833984375,40.887451171875
14.480469,4.0283203125,39.88037109375
14.482422,3.021240234375,39.07470703125
14.484375,2.4169921875,38.26904296875
14.486328,1.812744140625,37.8662109375
14.488281,1.611328125,37.664794921875
14.490234,1.611328125,37.664794921875
14.492188,2.01416015625,37.8662109375
14.494141,2.618408203125,38.470458984375
14.496094,3.424072265625,39.276123046875
14.498047,4.229736328125,40.283203125
14.5,5.23681640625,41.290283203125
14.501953,6.243896484375,42.095947265625
14.503906,7.049560546875,42.901611328125
14.505859,7.65380859375,43.707275390625
14.507812,8.056640625,44.110107421875
14.509766,8.258056640625,44.110107421875
14.511719,8.056640625,44.110107421875
14.513672,7.65380859375,43.707275390625
14.515625,7.049560546875,42.901611328125
14.517578,6.243896484375,42.095947265625
14.519531,5.23681640625,41.290283203125
14.521484,4.229736328125,40.283203125
14.523438,3.424072265625,39.276123046875
14.525391,2.618408203125,38.470458984375
14.527344,2.01416015625,37.8662109375
14.529297,1.611328125,37.664794921875
14.53125,1.611328125,37.664794921875
14.533203,1.812744140625,37.8662109375
14.535156,2.4169921875,38.26904296875
14.537109,3.021240234375,39.07470703125
14.539062,4.0283203125,39.88037109375
14.541016,4.833984375,40.887451171875
14.542969,5.841064453125,41.89453125
14.544922,6.646728515625,42.7001953125
14.546875,7.452392578125,43.505859375
14.548828,2.215576171875,51.5625
14.550781,2.4169921875,51.96533203125
14.552734,2.215576171875,51.763916015625
14.554688,2.01416015625,51.5625
14.556641,1.409912109375,50.958251953125
14.558594,-2.01416015625,31.01806640625
14.560547,-3.22265625,22.55859375
14.5625,-4.229736328125,21.551513671875
14.564453,-5.23681640625,20.745849609375
14.566406,-6.04248046875,19.940185546875
14.568359,-5.438232421875,-4.632568359375
14.570312,-5.035400390625,-7.855224609375
14.572266,-3.021240234375,-10.87646484375
14.574219,-2.81982421875,-10.87646484375
14.576172,-2.4169921875,-10.4736328125
14.578125,2.618408203125,-0.604248046875
14.580078,3.424072265625,0.201416015625
14.582031,4.229736328125,1.20849609375
14.583984,5.23681640625,2.215576171875
14.585938,6.243896484375,3.021240234375
14.587891,7.049560546875,3.826904296875
14.589844,7.452392578125,4.43115234375
14.591797,7.855224609375,4.632568359375
14.59375,7.855224609375,4.833984375
14.595703,11.077880859375,17.120361328125
14.597656,10.675048828125,16.51611328125
14.599609,9.869384765625,15.911865234375
14.601562,9.063720703125,14.90478515625
14.603516,8.056640625,14.09912109375
14.605469,7.049560546875,13.092041015625
14.607422,6.243896484375,12.286376953125
14.609375,5.6396484375,11.480712890625
14.611328,5.035400390625,11.077880859375
14.613281,4.833984375,10.675048828125
14.615234,4.833984375,10.87646484375
14.617188,5.23681640625,11.077880859375
14.619141,5.841064453125,11.68212890625
14.621094,6.4453125,12.48779296875
14.623047,7.452392578125,13.494873046875
14.625,8.45947265625,14.300537109375
14.626953,9.26513671875,15.3076171875
14.628906,10.272216796875,16.11328125
14.630859,10.87646484375,16.717529296875
14.632812,11.279296875,17.120361328125
14.634766,11.480712890625,17.32177734375
14.636719,11.279296875,17.120361328125
14.638672,10.87646484375,16.717529296875
14.640625,10.272216796875,16.11328125
14.642578,16.314697265625,40.68603515625
14.644531,15.3076171875,39.678955078125
14.646484,14.300537109375,38.873291015625
14.648438,13.494873046875,37.8662109375
14.650391,12.689208984375,37.060546875
14.652344,12.0849609375,36.456298828125
14.654297,11.68212890625,36.2548828125
14.65625,11.68212890625,36.053466796875
14.658203,11.883544921875,36.456298828125
14.660156,12.48779296875,36.859130859375
14.662109,13.092041015625,37.664794921875
14.664062,14.09912109375,38.470458984375
14.666016,14.90478515625,39.4775390625
14.667969,15.911865234375,40.484619140625
14.669922,16.717529296875,41.290283203125
14.671875,17.523193359375,41.89453125
14.673828,17.926025390625,42.498779296875
14.675781,18.328857421875,42.7001953125
14.677734,18.12744140625,42.7001953125
14.679688,17.926025390625,42.29736328125
14.681641,17.32177734375,41.693115234375
14.683594,16.51611328125,40.887451171875
14.685547,15.71044921875,40.081787109375
14.6875,14.703369140625,39.07470703125
14.689453,13.6962890625,38.26904296875
14.691406,12.890625,37.261962890625
14.693359,12.286376953125,36.65771484375
14.695312,11.883544921875,36.2548828125
14.697266,11.68212890625,36.053466796875
14.699219,11.883544921875,36.2548828125
14.701172,12.286376953125,36.65771484375
14.703125,12.890625,37.261962890625
14.705078,13.6962890625,38.26904296875
14.707031,14.703369140625,39.07470703125
14.708984,15.71044921875,40.081787109375
14.710938,16.51611328125,40.887451171875
14.712891,17.32177734375,41.693115234375
14.714844,17.926025390625,42.29736328125
14.716797,18.12744140625,42.7001953125
14.71875,18.328857421875,42.7001953125
14.720703,17.926025390625,42.498779296875
14.722656,23.3642578125,48.138427734375
14.724609,22.55859375,47.332763671875
14.726562,21.7529296875,46.527099609375
14.728516,20.745849609375,45.52001953125
14.730469,19.940185546875,44.512939453125
14.732422,18.93310546875,43.707275390625
14.734375,18.328857421875,43.10302734375
14.736328,17.724609375,42.498779296875
14.738281,17.523193359375,42.29736328125
14.740234,17.523193359375,42.29736328125
14.742188,17.926025390625,42.7001953125
14.744141,18.5302734375,43.304443359375
14.746094,19.3359375,43.90869140625
14.748047,20.1416015625,44.915771484375
14.75,22.760009765625,47.13134765625
14.751953,23.76708984375,48.138427734375
14.753906,24.57275390625,48.944091796875
14.755859,25.982666015625,37.8662109375
14.757812,27.191162109375,18.328857421875
14.759766,27.191162109375,18.5302734375
14.761719,27.191162109375,18.328857421875
14.763672,24.57275390625,-1.812744140625
14.765625,23.968505859375,-2.4169921875
14.767578,23.162841796875,-3.22265625
14.769531,22.15576171875,-4.229736328125
14.771484,14.300537109375,-0.604248046875
14.773438,13.29345703125,-1.409912109375
14.775391,12.689208984375,-2.215576171875
14.777344,12.0849609375,-2.81982421875
14.779297,6.646728515625,18.12744140625
14.78125,6.646728515625,18.12744140625
14.783203,6.84814453125,18.328857421875
14.785156,7.2509765625,18.93310546875
14.787109,8.056640625,19.537353515625
14.789062,8.8623046875,20.343017578125
14.791016,9.869384765625,21.35009765625
14.792969,10.87646484375,22.357177734375
14.794922,11.68212890625,23.162841796875
14.796875,12.48779296875,23.968505859375
14.798828,12.890625,24.371337890625
14.800781,13.092041015625,24.57275390625
14.802734,13.092041015625,24.57275390625
14.804688,12.890625,24.371337890625
14.806641,8.660888671875,36.859130859375
14.808594,7.855224609375,36.2548828125
14.810547,7.049560546875,35.247802734375
14.8125,6.04248046875,34.24072265625
14.814453,5.035400390625,33.43505859375
14.816406,2.4169921875,39.276123046875
14.818359,1.812744140625,38.671875
14.820312,1.20849609375,38.26904296875
14.822266,1.20849609375,38.067626953125
14.824219,1.20849609375,38.26904296875
14.826172,1.812744140625,38.671875
14.828125,2.4169921875,39.276123046875
14.830078,3.22265625,40.283203125
14.832031,4.229736328125,41.0888671875
14.833984,3.826904296875,45.721435546875
14.835938,4.833984375,46.527099609375
14.837891,2.81982421875,52.166748046875
14.839844,3.424072265625,52.77099609375
14.841797,3.826904296875,53.173828125
14.84375,3.826904296875,53.173828125
14.845703,3.62548828125,52.972412109375
14.847656,3.021240234375,52.3681640625
14.849609,2.4169921875,51.763916015625
14.851562,1.409912109375,50.7568359375
14.853516,0.604248046875,49.749755859375
14.855469,-0.40283203125,48.944091796875
14.857422,-1.409912109375,47.93701171875
14.859375,-2.01416015625,47.332763671875
14.861328,-2.618408203125,46.728515625
14.863281,-2.81982421875,46.527099609375
14.865234,-2.81982421875,46.527099609375
14.867188,-2.4169921875,46.929931640625
14.869141,-1.812744140625,47.5341796875
14.871094,-1.007080078125,48.33984375
14.873047,-0.201416015625,49.1455078125
14.875,-3.22265625,39.07470703125
14.876953,-2.215576171875,40.081787109375
14.878906,-1.409912109375,40.887451171875
14.880859,-0.8056640625,41.49169921875
14.882812,-0.40283203125,41.89453125
14.884766,-0.201416015625,42.095947265625
14.886719,-0.40283203125,41.89453125
14.888672,-0.8056640625,41.49169921875
14.890625,-1.409912109375,40.887451171875
14.892578,-2.215576171875,40.081787109375
14.894531,-3.22265625,39.07470703125
14.896484,-4.229736328125,38.067626953125
14.898438,-5.035400390625,37.261962890625
14.900391,-5.841064453125,36.456298828125
14.902344,-6.4453125,35.85205078125
14.904297,-6.84814453125,35.650634765625
14.90625,-6.84814453125,35.44921875
14.908203,-6.646728515625,35.650634765625
14.910156,-6.04248046875,36.2548828125
14.912109,-5.438232421875,37.060546875
14.914062,-4.43115234375,37.8662109375
14.916016,-3.62548828125,38.873291015625
14.917969,-2.618408203125,39.678955078125
14.919922,-1.611328125,40.68603515625
14.921875,-1.007080078125,41.290283203125
14.923828,-0.40283203125,41.89453125
14.925781,-0.201416015625,42.095947265625
14.927734,-0.201416015625,42.095947265625
14.929688,-0.604248046875,41.693115234375
14.931641,-1.20849609375,41.0888671875
14.933594,-2.01416015625,40.283203125
14.935547,-2.81982421875,39.4775390625
14.9375,-5.23681640625,21.954345703125
14.939453,-6.04248046875,20.947265625
14.941406,-7.049560546875,20.1416015625
14.943359,-7.049560546875,12.286376953125
14.945312,-7.452392578125,11.883544921875
14.947266,-7.65380859375,11.68212890625
14.949219,-5.23681640625,-9.466552734375
14.951172,-4.833984375,-9.063720703125
14.953125,-3.021240234375,-9.26513671875
14.955078,-2.01416015625,-8.45947265625
14.957031,-1.20849609375,-7.65380859375
14.958984,-0.201416015625,-6.646728515625
14.960938,6.4453125,1.812744140625
14.962891,10.4736328125,17.120361328125
14.964844,11.077880859375,17.724609375
14.966797,11.480712890625,17.926025390625
14.96875,11.480712890625,18.12744140625
14.970703,11.279296875,17.724609375
14.972656,14.09912109375,31.219482421875
14.974609,16.717529296875,40.887451171875
14.976562,15.911865234375,39.88037109375
14.978516,14.90478515625,39.07470703125
14.980469,13.897705078125,38.067626953125
14.982422,13.092041015625,37.060546875
14.984375,12.286376953125,36.456298828125
14.986328,11.883544921875,35.85205078125
14.988281,11.68212890625,35.650634765625
14.990234,11.68212890625,35.650634765625
14.992188,12.0849609375,36.053466796875
14.994141,12.689208984375,36.65771484375
14.996094,13.29345703125,37.46337890625
14.998047,17.724609375,48.33984375
15.0,18.731689453125,49.346923828125
15.001953,19.73876953125,50.35400390625
15.003906,20.54443359375,51.15966796875
15.005859,21.148681640625,51.763916015625
15.007812,21.551513671875,52.166748046875
15.009766,21.7529296875,52.3681640625
15.011719,21.551513671875,52.166748046875
15.013672,21.148681640625,51.763916015625
15.015625,20.54443359375,51.15966796875
15.017578,19.73876953125,50.35400390625
15.019531,19.73876953125,47.5341796875
15.021484,18.731689453125,46.728515625
15.023438,17.724609375,45.721435546875
15.025391,17.120361328125,44.915771484375
15.027344,16.51611328125,44.3115234375
15.029297,16.11328125,44.110107421875
15.03125,16.11328125,43.90869140625
15.033203,18.5302734375,40.484619140625
15.035156,18.93310546875,40.887451171875
15.037109,19.73876953125,41.693115234375
15.039062,20.54443359375,42.498779296875
15.041016,21.551513671875,43.505859375
15.042969,22.55859375,44.512939453125
15.044922,23.3642578125,45.318603515625
15.046875,24.169921875,46.124267578125
15.048828,24.57275390625,46.527099609375
15.050781,24.774169921875,46.728515625
15.052734,24.774169921875,46.728515625
15.054688,24.371337890625,46.32568359375
15.056641,23.968505859375,45.9228515625
15.058594,23.162841796875,45.1171875
15.060547,23.76708984375,43.10302734375
15.0625,22.760009765625,42.095947265625
15.064453,21.7529296875,41.290283203125
15.066406,20.947265625,40.484619140625
15.068359,20.343017578125,39.678955078125
15.070312,19.940185546875,39.276123046875
15.072266,19.73876953125,39.276123046875
15.074219,19.940185546875,39.276123046875
15.076172,20.343017578125,39.678955078125
15.078125,20.947265625,40.484619140625
15.080078,21.7529296875,41.290283203125
15.082031,22.760009765625,42.095947265625
15.083984,23.76708984375,43.10302734375
15.085938,24.57275390625,44.110107421875
15.087891,25.37841796875,44.915771484375
15.089844,25.982666015625,45.318603515625
15.091797,26.385498046875,45.721435546875
15.09375,26.385498046875,45.721435546875
15.095703,26.18408203125,45.52001953125
15.097656,25.579833984375,45.1171875
15.099609,25.78125,23.76708984375
15.101562,24.9755859375,22.96142578125
15.103516,23.968505859375,21.954345703125
15.105469,22.96142578125,20.947265625
15.107422,22.15576171875,20.1416015625
15.109375,21.35009765625,19.3359375
15.111328,20.947265625,18.93310546875
15.113281,20.745849609375,18.731689453125
15.115234,20.745849609375,18.731689453125
15.117188,20.947265625,19.134521484375
15.119141,21.551513671875,19.537353515625
15.121094,22.357177734375,20.343017578125
15.123047,23.3642578125,21.35009765625
15.125,23.76708984375,14.90478515625
15.126953,24.774169921875,15.71044921875
15.128906,25.579833984375,16.51611328125
15.130859,26.18408203125,17.32177734375
15.132812,26.5869140625,17.724609375
15.134766,23.565673828125,-4.833984375
15.136719,23.3642578125,-4.833984375
15.138672,22.96142578125,-5.23681640625
15.140625,22.357177734375,-6.04248046875
15.142578,16.51611328125,1.812744140625
15.144531,15.509033203125,0.8056640625
15.146484,14.501953125,-0.201416015625
15.148438,13.6962890625,-1.007080078125
15.150391,12.890625,-1.812744140625
15.152344,12.286376953125,-2.4169921875
15.154297,11.883544921875,-2.81982421875
15.15625,11.883544921875,-2.81982421875
15.158203,12.0849609375,-2.618408203125
15.160156,12.689208984375,-2.01416015625
15.162109,11.480712890625,5.438232421875
15.164062,12.286376953125,6.243896484375
15.166016,13.29345703125,7.2509765625
15.167969,14.300537109375,8.258056640625
15.169922,15.106201171875,9.063720703125
15.171875,15.911865234375,9.66796875
15.173828,16.314697265625,10.272216796875
15.175781,16.51611328125,10.4736328125
15.177734,16.51611328125,10.4736328125
15.179688,16.11328125,10.07080078125
15.181641,15.509033203125,9.466552734375
15.183594,14.90478515625,8.660888671875
15.185547,13.897705078125,7.855224609375
15.1875,12.890625,6.84814453125
15.189453,12.0849609375,5.841064453125
15.191406,11.077880859375,5.035400390625
15.193359,7.2509765625,18.5302734375
15.195312,6.646728515625,18.12744140625
15.197266,6.646728515625,17.926025390625
15.199219,6.646728515625,18.12744140625
15.201172,7.2509765625,18.5302734375
15.203125,7.855224609375,19.134521484375
15.205078,8.660888671875,19.940185546875
15.207031,9.66796875,20.947265625
15.208984,10.4736328125,21.7529296875
15.210938,11.480712890625,22.760009765625
15.212891,12.286376953125,23.565673828125
15.214844,12.890625,24.169921875
15.216797,13.092041015625,24.371337890625
15.21875,13.092041015625,24.57275390625
15.220703,12.890625,24.169921875
15.222656,12.48779296875,23.76708984375
15.224609,11.68212890625,22.96142578125
15.226562,10.87646484375,22.15576171875
15.228516,6.243896484375,35.04638671875
15.230469,5.23681640625,34.039306640625
15.232422,4.43115234375,33.233642578125
15.234375,3.62548828125,32.427978515625
15.236328,3.22265625,32.025146484375
15.238281,3.021240234375,31.82373046875
15.240234,3.021240234375,31.82373046875
15.242188,3.22265625,32.025146484375
15.244141,3.826904296875,32.62939453125
15.246094,4.632568359375,33.43505859375
15.248047,5.6396484375,34.442138671875
15.25,6.646728515625,35.44921875
15.251953,7.452392578125,36.2548828125
15.253906,8.258056640625,37.060546875
15.255859,6.04248046875,48.541259765625
15.257812,6.4453125,48.944091796875
15.259766,6.4453125,49.1455078125
15.261719,6.4453125,48.944091796875
15.263672,6.04248046875,48.541259765625
15.265625,5.23681640625,47.93701171875
15.267578,4.43115234375,47.13134765625
15.269531,3.62548828125,46.124267578125
15.271484,2.618408203125,45.1171875
15.273438,1.611328125,44.3115234375
15.275391,0.8056640625,43.505859375
15.277344,0.40283203125,42.901611328125
15.279297,0.0,42.7001953125
15.28125,0.0,42.498779296875
15.283203,0.201416015625,42.901611328125
15.285156,0.604248046875,43.304443359375
15.287109,1.409912109375,44.110107421875
15.289062,2.215576171875,44.915771484375
15.291016,3.22265625,45.9228515625
15.292969,4.229736328125,46.728515625
15.294922,5.035400390625,47.735595703125
15.296875,5.841064453125,48.33984375
15.298828,6.243896484375,48.944091796875
15.300781,6.4453125,49.1455078125
15.302734,2.01416015625,50.958251953125
15.304688,1.812744140625,50.555419921875
15.306641,1.20849609375,49.951171875
15.308594,0.40283203125,49.1455078125
15.310547,-0.40283203125,48.33984375
15.3125,-1.409912109375,47.332763671875
15.314453,-2.4169921875,46.32568359375
15.316406,-3.22265625,45.52001953125
15.318359,-3.826904296875,44.915771484375
15.320312,-4.229736328125,44.512939453125
15.322266,-4.43115234375,44.3115234375
15.324219,-4.229736328125,44.512939453125
15.326172,-3.826904296875,44.915771484375
15.328125,-3.22265625,45.52001953125
15.330078,-2.4169921875,46.32568359375
15.332031,-3.424072265625,41.290283203125
15.333984,-2.4169921875,42.29736328125
15.335938,-1.409912109375,43.304443359375
15.337891,-0.8056640625,43.90869140625
15.339844,-0.201416015625,44.512939453125
15.341797,0.201416015625,44.915771484375
15.34375,0.201416015625,44.915771484375
15.345703,0.0,44.71435546875
15.347656,-0.40283203125,44.3115234375
15.349609,-1.20849609375,43.505859375
15.351562,-2.01416015625,42.7001953125
15.353516,-3.021240234375,41.693115234375
15.355469,-4.0283203125,40.68603515625
15.357422,-4.833984375,39.88037109375
15.359375,-5.6396484375,39.07470703125
15.361328,-6.04248046875,38.671875
15.363281,-6.243896484375,38.470458984375
15.365234,-6.243896484375,38.470458984375
15.367188,-6.04248046875,38.671875
15.369141,-5.438232421875,39.276123046875
15.371094,-6.4453125,20.54443359375
15.373047,-5.438232421875,21.35009765625
15.375,-4.43115234375,22.357177734375
15.376953,-3.62548828125,23.3642578125
15.378906,-2.81982421875,24.169921875
15.380859,-2.01416015625,24.774169921875
15.382812,-1.611328125,25.177001953125
15.384766,-1.611328125,25.37841796875
15.386719,-1.611328125,25.177001953125
15.388672,-2.01416015625,24.774169921875
15.390625,-2.81982421875,24.169921875
15.392578,-3.62548828125,23.3642578125
15.394531,-4.43115234375,22.357177734375
15.396484,-5.438232421875,21.35009765625
15.398438,-6.4453125,20.54443359375
15.400391,-7.2509765625,19.73876953125
15.402344,-7.65380859375,19.134521484375
15.404297,-8.056640625,18.731689453125
15.40625,-8.056640625,18.731689453125
15.408203,-7.855224609375,18.93310546875
15.410156,-7.452392578125,19.537353515625
15.412109,-6.646728515625,20.1416015625
15.414062,-5.841064453125,21.148681640625
15.416016,-4.833984375,21.954345703125
15.417969,-3.826904296875,22.96142578125
15.419922,-3.021240234375,23.76708984375
15.421875,-2.215576171875,24.57275390625
15.423828,0.40283203125,1.20849609375
15.425781,0.8056640625,1.409912109375
15.427734,0.604248046875,1.20849609375
15.429688,1.007080078125,-3.424072265625
15.431641,0.40283203125,-4.0283203125
15.433594,-0.201416015625,-4.833984375
15.435547,2.618408203125,-7.049560546875
15.4375,7.855224609375,13.494873046875
15.439453,6.84814453125,12.48779296875
15.441406,6.04248046875,11.68212890625
15.443359,10.675048828125,31.622314453125
15.445312,10.272216796875,31.219482421875
15.447266,16.11328125,44.3115234375
15.449219,17.926025390625,46.728515625
15.451172,18.5302734375,47.13134765625
15.453125,19.134521484375,47.735595703125
15.455078,19.940185546875,48.74267578125
15.457031,20.947265625,49.54833984375
15.458984,21.7529296875,50.555419921875
15.460938,22.760009765625,51.5625
15.462891,23.565673828125,52.166748046875
15.464844,24.169921875,52.77099609375
15.466797,24.371337890625,53.173828125
15.46875,24.371337890625,53.173828125
15.470703,24.169921875,52.972412109375
15.472656,24.9755859375,44.110107421875
15.474609,24.371337890625,43.304443359375
15.476562,23.3642578125,42.498779296875
15.478516,22.357177734375,41.49169921875
15.480469,21.551513671875,40.484619140625
15.482422,20.54443359375,39.678955078125
15.484375,19.940185546875,38.873291015625
15.486328,19.3359375,38.470458984375
15.488281,19.134521484375,38.26904296875
15.490234,19.134521484375,38.26904296875
15.492188,19.537353515625,38.671875
15.494141,20.1416015625,39.276123046875
15.496094,20.947265625,39.88037109375
15.498047,21.7529296875,40.887451171875
15.5,22.760009765625,41.89453125
15.501953,23.76708984375,42.7001953125
15.503906,24.57275390625,43.505859375
15.505859,25.177001953125,44.3115234375
15.507812,25.579833984375,44.71435546875
15.509766,25.78125,44.71435546875
15.511719,25.579833984375,44.71435546875
15.513672,25.177001953125,44.3115234375
15.515625,24.57275390625,43.505859375
15.517578,23.76708984375,42.7001953125
15.519531,22.760009765625,41.89453125
15.521484,21.7529296875,40.887451171875
15.523438,20.947265625,39.88037109375
15.525391,20.1416015625,39.276123046875
15.527344,19.537353515625,38.671875
15.529297,19.537353515625,31.01806640625
15.53125,20.1416015625,11.883544921875
15.533203,20.343017578125,12.286376953125
15.535156,20.745849609375,12.689208984375
15.537109,21.551513671875,13.494873046875
15.539062,22.357177734375,14.300537109375
15.541016,23.3642578125,15.3076171875
15.542969,24.371337890625,16.11328125
15.544922,25.177001953125,17.120361328125
15.546875,25.982666015625,17.724609375
15.548828,26.385498046875,18.328857421875
15.550781,26.5869140625,18.5302734375
15.552734,26.5869140625,18.5302734375
15.554688,26.18408203125,18.12744140625
15.556641,25.579833984375,17.523193359375
15.558594,24.9755859375,16.717529296875
15.560547,23.968505859375,15.911865234375
15.5625,22.96142578125,14.90478515625
15.564453,22.15576171875,13.897705078125
15.566406,21.148681640625,13.092041015625
15.568359,20.54443359375,12.48779296875
15.570312,20.1416015625,12.0849609375
15.572266,19.940185546875,11.883544921875
15.574219,20.745849609375,-0.201416015625
15.576172,21.148681640625,0.201416015625
15.578125,21.7529296875,0.8056640625
15.580078,22.55859375,1.611328125
15.582031,23.565673828125,2.618408203125
15.583984,24.57275390625,3.424072265625
15.585938,25.37841796875,4.43115234375
15.587891,24.371337890625,1.20849609375
15.589844,24.9755859375,1.812744140625
15.591797,25.37841796875,2.215576171875
15.59375,25.37841796875,2.215576171875
15.595703,25.177001953125,2.01416015625
15.597656,24.57275390625,1.409912109375
15.599609,23.968505859375,0.8056640625
15.601562,22.96142578125,0.0
15.603516,22.15576171875,-1.007080078125
15.605469,21.148681640625,-2.01416015625
15.607422,20.343017578125,-2.81982421875
15.609375,19.537353515625,-3.62548828125
15.611328,19.134521484375,-4.0283203125
15.613281,18.731689453125,-4.43115234375
15.615234,18.93310546875,-4.229736328125
15.617188,19.134521484375,-4.0283203125
15.619141,15.509033203125,-9.66796875
15.621094,16.314697265625,-8.8623046875
15.623047,17.120361328125,-7.855224609375
15.625,18.12744140625,-7.049560546875
15.626953,14.703369140625,8.258056640625
15.628906,15.509033203125,9.063720703125
15.630859,16.11328125,9.66796875
15.632812,16.51611328125,10.07080078125
15.634766,16.717529296875,10.272216796875
15.636719,11.279296875,31.82373046875
15.638672,10.87646484375,31.4208984375
15.640625,10.272216796875,30.816650390625
15.642578,9.466552734375,30.010986328125
15.644531,8.45947265625,29.00390625
15.646484,7.452392578125,28.1982421875
15.648438,6.646728515625,27.191162109375
15.650391,5.841064453125,26.385498046875
15.652344,5.23681640625,25.78125
15.654297,-2.01416015625,42.7001953125
15.65625,-2.01416015625,42.7001953125
15.658203,-3.826904296875,42.095947265625
15.660156,-3.424072265625,42.498779296875
15.662109,-2.618408203125,43.304443359375
15.664062,-1.812744140625,44.110107421875
15.666016,-0.8056640625,45.1171875
15.667969,0.0,46.124267578125
15.669922,1.007080078125,46.929931640625
15.671875,1.611328125,47.5341796875
15.673828,2.215576171875,48.138427734375
15.675781,2.4169921875,48.33984375
15.677734,2.4169921875,48.33984375
15.679688,2.01416015625,47.93701171875
15.681641,1.409912109375,47.332763671875
15.683594,0.604248046875,46.728515625
15.685547,-0.201416015625,45.721435546875
15.6875,-1.20849609375,44.71435546875
15.689453,-2.215576171875,43.90869140625
15.691406,-3.021240234375,42.901611328125
15.693359,-3.62548828125,42.29736328125
15.695312,-4.0283203125,41.89453125
15.697266,-4.229736328125,41.693115234375
15.699219,-4.0283203125,41.89453125
15.701172,-3.62548828125,42.29736328125
15.703125,-3.021240234375,42.901611328125
15.705078,-2.215576171875,43.90869140625
15.707031,-1.20849609375,44.71435546875
15.708984,-0.201416015625,45.721435546875
15.710938,0.604248046875,46.728515625
15.712891,1.409912109375,47.332763671875
15.714844,2.01416015625,47.93701171875
15.716797,-0.8056640625,38.067626953125
15.71875,-0.604248046875,38.067626953125
15.720703,-0.8056640625,37.8662109375
15.722656,-1.409912109375,37.261962890625
15.724609,-2.01416015625,36.65771484375
15.726562,-3.021240234375,35.650634765625
15.728516,-4.0283203125,34.844970703125
15.730469,-4.833984375,33.837890625
15.732422,-5.841064453125,33.0322265625
15.734375,-6.4453125,32.2265625
15.736328,-7.049560546875,31.82373046875
15.738281,-7.2509765625,31.4208984375
15.740234,-7.2509765625,31.622314453125
15.742188,-6.84814453125,31.82373046875
15.744141,-6.243896484375,32.427978515625
15.746094,-5.438232421875,33.233642578125
15.748047,-4.632568359375,34.24072265625
15.75,-3.62548828125,35.04638671875
15.751953,-2.4169921875,16.11328125
15.753906,-1.611328125,16.9189453125
15.755859,-0.8056640625,17.724609375
15.757812,-0.40283203125,18.12744140625
15.759766,-0.40283203125,18.12744140625
15.761719,-0.40283203125,18.12744140625
15.763672,-0.8056640625,17.724609375
15.765625,-1.611328125,16.9189453125
15.767578,-2.4169921875,16.11328125
15.769531,-3.22265625,15.3076171875
15.771484,-4.229736328125,14.300537109375
15.773438,-5.23681640625,13.29345703125
15.775391,-6.04248046875,12.48779296875
15.777344,-6.4453125,12.0849609375
15.779297,-6.84814453125,11.68212890625
15.78125,-6.84814453125,11.68212890625
15.783203,-6.646728515625,11.883544921875
15.785156,-6.243896484375,12.286376953125
15.787109,-5.438232421875,13.092041015625
15.789062,-4.632568359375,13.897705078125
15.791016,-3.62548828125,14.90478515625
15.792969,-2.618408203125,15.911865234375
15.794922,-1.812744140625,16.717529296875
15.796875,-1.007080078125,17.523193359375
15.798828,-0.604248046875,17.926025390625
15.800781,-0.40283203125,18.12744140625
15.802734,-0.40283203125,18.12744140625
15.804688,-0.8056640625,17.926025390625
15.806641,-1.20849609375,17.32177734375
15.808594,-2.01416015625,16.51611328125
15.810547,-3.021240234375,15.509033203125
15.8125,-4.0283203125,14.501953125
15.814453,-1.007080078125,-11.68212890625
15.816406,-1.812744140625,-12.48779296875
15.818359,-2.4169921875,-13.092041015625
15.820312,-2.81982421875,-13.494873046875
15.822266,-3.021240234375,-13.6962890625
15.824219,-2.81982421875,-13.494873046875
15.826172,-2.4169921875,-13.092041015625
15.828125,-1.812744140625,-12.48779296875
15.830078,-1.007080078125,-11.68212890625
15.832031,0.0,-10.675048828125
15.833984,0.8056640625,-9.66796875
15.835938,1.812744140625,-8.8623046875
15.837891,2.618408203125,-8.056640625
15.839844,3.22265625,-7.452392578125
15.841797,3.424072265625,-7.2509765625
15.84375,3.62548828125,-7.049560546875
15.845703,3.22265625,-7.452392578125
15.847656,2.81982421875,-7.855224609375
15.849609,2.01416015625,-8.660888671875
15.851562,1.20849609375,-9.466552734375
15.853516,0.201416015625,-10.4736328125
15.855469,-0.604248046875,-11.279296875
15.857422,-1.611328125,-12.286376953125
15.859375,-2.215576171875,-12.890625
15.861328,-2.81982421875,-13.494873046875
15.863281,-3.021240234375,-13.6962890625
15.865234,-3.021240234375,-13.6962890625
15.867188,-2.618408203125,-13.29345703125
15.869141,-2.01416015625,-12.689208984375
15.871094,-1.20849609375,-11.883544921875
15.873047,-0.40283203125,-11.077880859375
15.875,0.604248046875,-10.07080078125
15.876953,1.611328125,-9.063720703125
15.878906,2.4169921875,-8.258056640625
15.880859,3.021240234375,-7.65380859375
15.882812,9.66796875,10.272216796875
15.884766,9.869384765625,10.4736328125
15.886719,9.66796875,10.272216796875
15.888672,9.26513671875,9.869384765625
15.890625,8.660888671875,9.26513671875
15.892578,14.703369140625,37.46337890625
15.894531,16.9189453125,46.124267578125
15.896484,16.11328125,45.1171875
15.898438,16.9189453125,48.33984375
15.900391,16.11328125,47.5341796875
15.902344,19.537353515625,36.053466796875
15.904297,19.3359375,35.650634765625
15.90625,19.134521484375,35.650634765625
15.908203,19.537353515625,35.85205078125
15.910156,19.940185546875,36.456298828125
15.912109,20.745849609375,37.060546875
15.914062,21.551513671875,37.8662109375
15.916016,22.55859375,38.873291015625
15.917969,23.565673828125,39.88037109375
15.919922,24.371337890625,40.68603515625
15.921875,24.9755859375,41.49169921875
15.923828,25.579833984375,41.89453125
15.925781,25.78125,42.095947265625
15.927734,25.78125,42.095947265625
15.929688,25.37841796875,41.89453125
15.931641,24.774169921875,41.290283203125
15.933594,24.169921875,40.484619140625
15.935547,23.162841796875,39.4775390625
15.9375,22.15576171875,38.671875
15.939453,22.96142578125,28.60107421875
15.941406,22.15576171875,27.79541015625
15.943359,21.551513671875,27.191162109375
15.945312,21.551513671875,19.134521484375
15.947266,21.35009765625,18.93310546875
15.949219,21.551513671875,19.134521484375
15.951172,21.954345703125,19.537353515625
15.953125,22.55859375,20.1416015625
15.955078,23.3642578125,20.947265625
15.957031,24.371337890625,21.954345703125
15.958984,25.37841796875,22.96142578125
15.960938,26.18408203125,23.76708984375
15.962891,26.98974609375,24.57275390625
15.964844,27.593994140625,25.177001953125
15.966797,27.996826171875,25.37841796875
15.96875,27.996826171875,25.579833984375
15.970703,27.79541015625,25.37841796875
15.972656,27.191162109375,24.774169921875
15.974609,26.5869140625,23.968505859375
15.976562,25.579833984375,23.162841796875
15.978516,24.774169921875,22.15576171875
15.980469,23.76708984375,21.35009765625
15.982422,22.760009765625,20.343017578125
15.984375,22.15576171875,19.73876953125
15.986328,21.551513671875,19.134521484375
15.988281,21.35009765625,18.93310546875
15.990234,21.35009765625,18.93310546875
15.992188,21.7529296875,19.3359375
15.994141,22.357177734375,19.940185546875
15.996094,23.162841796875,20.745849609375
15.998047,23.968505859375,21.551513671875
16.0,24.9755859375,22.55859375
16.001953,25.982666015625,23.565673828125
16.003906,26.788330078125,24.371337890625
16.005859,27.392578125,24.9755859375
16.007812,27.79541015625,25.37841796875
16.009766,26.385498046875,5.841064453125
16.011719,25.37841796875,0.604248046875
16.013672,24.9755859375,0.201416015625
16.015625,24.371337890625,-0.604248046875
16.017578,23.565673828125,-1.409912109375
16.019531,22.55859375,-2.215576171875
16.021484,21.551513671875,-3.22265625
16.023438,20.745849609375,-4.229736328125
16.025391,19.940185546875,-4.833984375
16.027344,19.3359375,-5.438232421875
16.029297,18.93310546875,-5.841064453125
16.03125,18.93310546875,-5.841064453125
16.033203,19.134521484375,-5.6396484375
16.035156,19.73876953125,-5.23681640625
16.037109,20.343017578125,-4.43115234375
16.039062,21.35009765625,-3.62548828125
16.041016,20.54443359375,-7.855224609375
16.042969,21.35009765625,-7.049560546875
16.044922,22.357177734375,-6.04248046875
16.046875,22.96142578125,-5.438232421875
16.048828,23.565673828125,-4.833984375
16.050781,23.76708984375,-4.632568359375
16.052734,23.76708984375,-4.632568359375
16.054688,23.3642578125,-5.035400390625
16.056641,22.760009765625,-5.6396484375
16.058594,21.954345703125,-6.4453125
16.060547,21.148681640625,-7.2509765625
16.0625,20.1416015625,-8.258056640625
16.064453,19.134521484375,-9.26513671875
16.066406,18.328857421875,-10.07080078125
16.068359,17.724609375,-10.675048828125
16.070312,17.32177734375,-11.077880859375
16.072266,17.120361328125,-11.279296875
16.074219,17.32177734375,-11.077880859375
16.076172,17.724609375,-10.675048828125
16.078125,18.328857421875,-10.07080078125
16.080078,19.134521484375,-9.26513671875
16.082031,20.1416015625,-8.258056640625
16.083984,21.148681640625,-7.2509765625
16.085938,21.954345703125,-6.4453125
16.087891,22.760009765625,-5.6396484375
16.089844,23.3642578125,-5.035400390625
16.091797,23.76708984375,-4.632568359375
16.09375,23.76708984375,-4.632568359375
16.095703,23.565673828125,-4.833984375
16.097656,22.96142578125,-5.438232421875
16.099609,22.357177734375,-6.04248046875
16.101562,17.926025390625,-1.611328125
16.103516,16.9189453125,-2.618408203125
16.105469,15.911865234375,-3.424072265625
16.107422,15.106201171875,-4.43115234375
16.109375,14.501953125,-5.035400390625
16.111328,13.897705078125,-5.6396484375
16.113281,13.6962890625,-5.841064453125
16.115234,13.6962890625,-5.841064453125
16.117188,14.09912109375,-5.438232421875
16.119141,14.703369140625,-4.833984375
16.121094,15.3076171875,-4.0283203125
16.123047,16.314697265625,-3.22265625
16.125,17.32177734375,-2.215576171875
16.126953,18.12744140625,-1.20849609375
16.128906,19.134521484375,-0.40283203125
16.130859,19.73876953125,0.201416015625
16.132812,16.51611328125,10.07080078125
16.134766,16.717529296875,10.272216796875
16.136719,16.51611328125,10.07080078125
16.138672,16.11328125,9.66796875
16.140625,6.84814453125,43.304443359375
16.142578,6.04248046875,42.498779296875
16.144531,5.23681640625,41.49169921875
16.146484,4.229736328125,40.484619140625
16.148438,3.22265625,39.678955078125
16.150391,2.4169921875,38.873291015625
16.152344,-1.007080078125,44.3115234375
16.154297,-1.20849609375,44.110107421875
16.15625,-1.20849609375,43.90869140625
16.158203,-4.833984375,41.49169921875
16.160156,-4.43115234375,41.89453125
16.162109,-3.62548828125,42.7001953125
16.164062,-2.81982421875,43.505859375
16.166016,-1.812744140625,44.512939453125
16.167969,-1.007080078125,45.318603515625
16.169922,0.0,46.32568359375
16.171875,0.604248046875,46.929931640625
16.173828,1.20849609375,47.5341796875
16.175781,-0.40283203125,25.177001953125
16.177734,-0.40283203125,25.177001953125
16.179688,-0.8056640625,24.9755859375
16.181641,-1.20849609375,24.371337890625
16.183594,-2.01416015625,23.565673828125
16.185547,-3.021240234375,22.55859375
16.1875,-4.0283203125,21.7529296875
16.189453,-4.833984375,20.745849609375
16.191406,-5.6396484375,19.940185546875
16.193359,-6.4453125,19.3359375
16.195312,-6.84814453125,18.731689453125
16.197266,-6.84814453125,18.731689453125
16.199219,-6.84814453125,18.731689453125
16.201172,-7.049560546875,5.23681640625
16.203125,-6.4453125,5.841064453125
16.205078,-3.22265625,-8.056640625
16.207031,-2.4169921875,-7.049560546875
16.208984,-1.409912109375,-6.04248046875
16.210938,-0.40283203125,-5.23681640625
16.212891,0.40283203125,-4.43115234375
16.214844,0.8056640625,-3.826904296875
16.216797,1.20849609375,-3.424072265625
16.21875,1.20849609375,-3.424072265625
16.220703,1.007080078125,-3.62548828125
16.222656,0.604248046875,-4.229736328125
16.224609,-0.201416015625,-4.833984375
16.226562,-1.007080078125,-5.841064453125
16.228516,-2.01416015625,-6.84814453125
16.230469,-3.021240234375,-7.65380859375
16.232422,-3.826904296875,-8.660888671875
16.234375,-4.632568359375,-9.26513671875
16.236328,-5.035400390625,-9.869384765625
16.238281,-5.23681640625,-10.07080078125
16.240234,-5.23681640625,-10.07080078125
16.242188,-4.833984375,-9.66796875
16.244141,-4.43115234375,-9.063720703125
16.246094,-3.62548828125,-8.258056640625
16.248047,-2.618408203125,-7.452392578125
16.25,-1.611328125,-6.4453125
16.251953,-0.8056640625,-5.438232421875
16.253906,0.0,-4.632568359375
16.255859,0.8056640625,-4.0283203125
16.257812,1.20849609375,-3.62548828125
16.259766,1.20849609375,-3.424072265625
16.261719,1.20849609375,-3.62548828125
16.263672,0.8056640625,-4.0283203125
16.265625,0.0,-4.632568359375
16.267578,-0.8056640625,-5.438232421875
16.269531,0.40283203125,-6.243896484375
16.271484,2.81982421875,-3.424072265625
16.273438,1.812744140625,-4.43115234375
16.275391,1.007080078125,-5.23681640625
16.277344,0.40283203125,-5.6396484375
16.279297,0.201416015625,-6.04248046875
16.28125,0.0,-6.04248046875
16.283203,0.40283203125,-5.841064453125
16.285156,0.8056640625,-5.438232421875
16.287109,1.611328125,-4.632568359375
16.289062,2.4169921875,-3.826904296875
16.291016,3.424072265625,-2.81982421875
16.292969,4.43115234375,-1.812744140625
16.294922,5.23681640625,-1.007080078125
16.296875,5.841064453125,-0.201416015625
16.298828,6.4453125,0.201416015625
16.300781,6.646728515625,0.40283203125
16.302734,6.646728515625,0.40283203125
16.304688,6.243896484375,0.0
16.306641,5.6396484375,-0.40283203125
16.308594,5.035400390625,-1.20849609375
16.310547,7.049560546875,9.26513671875
16.3125,6.04248046875,8.258056640625
16.314453,5.035400390625,7.2509765625
16.316406,4.229736328125,6.4453125
16.318359,3.62548828125,5.841064453125
16.320312,3.22265625,5.438232421875
16.322266,3.021240234375,5.23681640625
16.324219,3.22265625,5.438232421875
16.326172,3.62548828125,5.841064453125
16.328125,4.229736328125,6.4453125
16.330078,5.035400390625,7.2509765625
16.332031,7.65380859375,13.897705078125
16.333984,8.660888671875,14.90478515625
16.335938,9.66796875,15.71044921875
16.337891,10.4736328125,16.51611328125
16.339844,10.87646484375,17.120361328125
16.341797,11.279296875,17.523193359375
16.34375,11.279296875,17.523193359375
16.345703,11.077880859375,17.32177734375
16.347656,10.675048828125,16.717529296875
16.349609,9.869384765625,16.11328125
16.351562,9.063720703125,15.106201171875
16.353516,8.056640625,14.300537109375
16.355469,7.049560546875,13.29345703125
16.357422,6.243896484375,12.286376953125
16.359375,5.438232421875,11.68212890625
16.361328,5.035400390625,11.077880859375
16.363281,4.833984375,10.87646484375
16.365234,4.833984375,10.87646484375
16.367188,5.23681640625,11.279296875
16.369141,5.6396484375,11.883544921875
16.371094,6.4453125,12.689208984375
16.373047,7.452392578125,13.494873046875
16.375,8.45947265625,14.501953125
16.376953,9.26513671875,15.509033203125
16.378906,10.07080078125,16.314697265625
16.380859,10.87646484375,16.9189453125
16.382812,11.279296875,17.32177734375
16.384766,11.279296875,17.523193359375
16.386719,11.279296875,17.32177734375
16.388672,10.87646484375,16.9189453125
16.390625,10.07080078125,16.314697265625
16.392578,9.26513671875,15.509033203125
16.394531,8.45947265625,14.501953125
16.396484,7.452392578125,13.494873046875
16.398438,6.4453125,12.689208984375
16.400391,12.689208984375,37.060546875
16.402344,12.0849609375,36.456298828125
16.404297,11.68212890625,36.2548828125
16.40625,11.68212890625,36.2548828125
16.408203,18.93310546875,39.88037109375
16.410156,19.3359375,40.484619140625
16.412109,20.1416015625,41.0888671875
16.414062,20.947265625,42.095947265625
16.416016,21.954345703125,43.10302734375
16.417969,23.76708984375,36.2548828125
16.419922,24.774169921875,37.060546875
16.421875,25.37841796875,37.8662109375
16.423828,25.982666015625,38.26904296875
16.425781,26.18408203125,38.470458984375
16.427734,26.18408203125,38.470458984375
16.429688,25.78125,38.26904296875
16.431641,25.177001953125,37.664794921875
16.433594,24.371337890625,36.859130859375
16.435547,23.565673828125,35.85205078125
16.4375,22.55859375,34.844970703125
16.439453,21.551513671875,34.039306640625
16.441406,20.745849609375,33.233642578125
16.443359,20.1416015625,32.427978515625
16.445312,19.73876953125,32.025146484375
16.447266,20.745849609375,4.43115234375
16.449219,20.947265625,4.632568359375
16.451172,21.35009765625,5.035400390625
16.453125,21.954345703125,5.6396484375
16.455078,22.760009765625,6.646728515625
16.457031,23.76708984375,7.452392578125
16.458984,24.57275390625,8.45947265625
16.460938,25.579833984375,9.466552734375
16.462891,26.385498046875,10.07080078125
16.464844,26.98974609375,10.675048828125
16.466797,27.191162109375,11.077880859375
16.46875,27.191162109375,11.077880859375
16.470703,26.98974609375,10.87646484375
16.472656,26.5869140625,10.272216796875
16.474609,25.78125,9.66796875
16.476562,24.9755859375,8.8623046875
16.478516,23.968505859375,7.855224609375
16.480469,22.96142578125,6.84814453125
16.482422,22.15576171875,6.04248046875
16.484375,21.551513671875,5.23681640625
16.486328,20.947265625,4.833984375
16.488281,20.745849609375,4.43115234375
16.490234,20.745849609375,4.632568359375
16.492188,21.148681640625,4.833984375
16.494141,21.7529296875,5.438232421875
16.496094,22.357177734375,6.243896484375
16.498047,23.3642578125,7.2509765625
16.5,24.371337890625,8.056640625
16.501953,25.177001953125,9.063720703125
16.503906,26.18408203125,9.869384765625
16.505859,23.968505859375,-4.229736328125
16.507812,24.371337890625,-3.826904296875
16.509766,24.57275390625,-3.62548828125
16.511719,24.371337890625,-3.826904296875
16.513672,23.968505859375,-4.229736328125
16.515625,23.3642578125,-4.833984375
16.517578,22.55859375,-5.841064453125
16.519531,21.551513671875,-6.646728515625
16.521484,20.54443359375,-7.65380859375
16.523438,19.73876953125,-8.660888671875
16.525391,18.93310546875,-9.26513671875
16.527344,18.328857421875,-9.869384765625
16.529297,17.926025390625,-10.272216796875
16.53125,17.926025390625,-10.272216796875
16.533203,16.314697265625,-10.87646484375
16.535156,16.717529296875,-10.272216796875
16.537109,17.523193359375,-9.66796875
16.539062,18.328857421875,-8.660888671875
16.541016,19.3359375,-7.855224609375
16.542969,20.343017578125,-6.84814453125
16.544922,21.148681640625,-6.04248046875
16.546875,21.7529296875,-5.23681640625
16.548828,22.357177734375,-4.833984375
16.550781,22.55859375,-4.43115234375
16.552734,22.55859375,-4.632568359375
16.554688,22.15576171875,-4.833984375
16.556641,21.551513671875,-5.438232421875
16.558594,20.947265625,-6.243896484375
16.560547,19.940185546875,-7.049560546875
16.5625,18.93310546875,-8.056640625
16.564453,18.12744140625,-9.063720703125
16.566406,17.120361328125,-9.869384765625
16.568359,16.51611328125,-10.4736328125
16.570312,16.11328125,-10.87646484375
16.572266,15.911865234375,-11.077880859375
16.574219,16.11328125,-10.87646484375
16.576172,16.51611328125,-10.4736328125
16.578125,17.120361328125,-9.869384765625
16.580078,18.12744140625,-9.063720703125
16.582031,18.93310546875,-8.056640625
16.583984,19.940185546875,-7.049560546875
16.585938,20.947265625,-6.243896484375
16.587891,21.551513671875,-5.438232421875
16.589844,22.15576171875,-4.833984375
16.591797,18.328857421875,5.6396484375
16.59375,18.5302734375,5.6396484375
16.595703,14.703369140625,17.120361328125
16.597656,14.300537109375,16.717529296875
16.599609,13.494873046875,15.911865234375
16.601562,12.689208984375,15.106201171875
16.603516,11.68212890625,14.09912109375
16.605469,10.675048828125,13.092041015625
16.607422,9.869384765625,12.286376953125
16.609375,9.26513671875,11.68212890625
16.611328,8.660888671875,11.077880859375
16.613281,8.45947265625,10.87646484375
16.615234,8.45947265625,10.87646484375
16.617188,8.8623046875,11.279296875
16.619141,9.466552734375,11.883544921875
16.621094,10.07080078125,12.48779296875
16.623047,11.077880859375,13.494873046875
16.625,12.0849609375,14.501953125
16.626953,12.890625,15.3076171875
16.628906,13.897705078125,16.314697265625
16.630859,14.501953125,16.9189453125
16.632812,14.90478515625,17.32177734375
16.634766,15.106201171875,17.523193359375
16.636719,14.90478515625,17.32177734375
16.638672,14.501953125,16.9189453125
16.640625,13.897705078125,16.314697265625
16.642578,12.890625,15.3076171875
16.644531,12.0849609375,14.501953125
16.646484,11.077880859375,13.494873046875
16.648438,10.07080078125,12.48779296875
16.650391,9.466552734375,11.883544921875
16.652344,8.8623046875,11.279296875
16.654297,8.45947265625,10.87646484375
16.65625,8.45947265625,10.87646484375
16.658203,8.660888671875,11.077880859375
16.660156,9.26513671875,11.68212890625
16.662109,9.869384765625,12.286376953125
16.664062,10.675048828125,13.092041015625
16.666016,11.68212890625,14.09912109375
16.667969,12.689208984375,15.106201171875
16.669922,13.494873046875,15.911865234375
16.671875,14.300537109375,16.717529296875
16.673828,14.703369140625,17.120361328125
16.675781,14.90478515625,17.523193359375
16.677734,6.04248046875,46.527099609375
16.679688,5.841064453125,46.124267578125
16.681641,5.23681640625,45.52001953125
16.683594,4.43115234375,44.71435546875
16.685547,2.618408203125,47.13134765625
16.6875,-3.62548828125,41.693115234375
16.689453,-4.43115234375,40.887451171875
16.691406,-5.23681640625,39.88037109375
16.693359,-6.04248046875,39.276123046875
16.695312,-6.4453125,38.873291015625
16.697266,-6.84814453125,32.025146484375
16.699219,-8.056640625,18.93310546875
16.701172,-7.65380859375,19.3359375
16.703125,-7.049560546875,19.940185546875
16.705078,-6.243896484375,20.745849609375
16.707031,-5.23681640625,21.7529296875
16.708984,-4.229736328125,22.55859375
16.710938,-3.424072265625,23.565673828125
16.712891,-2.618408203125,24.371337890625
16.714844,-2.01416015625,24.9755859375
16.716797,-1.611328125,25.177001953125
16.71875,-1.611328125,25.37841796875
16.720703,-1.812744140625,24.9755859375
16.722656,-2.4169921875,24.57275390625
16.724609,-3.021240234375,23.76708984375
16.726562,-4.0283203125,22.96142578125
16.728516,-4.833984375,21.954345703125
16.730469,-5.841064453125,20.947265625
16.732422,-6.646728515625,20.1416015625
16.734375,-7.452392578125,19.537353515625
16.736328,-8.056640625,18.93310546875
16.738281,-8.258056640625,18.731689453125
16.740234,-8.056640625,18.731689453125
16.742188,-7.855224609375,19.134521484375
16.744141,-7.2509765625,19.73876953125
16.746094,-6.4453125,20.343017578125
16.748047,-5.6396484375,21.35009765625
16.75,-4.632568359375,22.357177734375
16.751953,-3.62548828125,23.162841796875
16.753906,-2.81982421875,24.169921875
16.755859,-2.215576171875,24.774169921875
16.757812,1.20849609375,-2.01416015625
16.759766,1.409912109375,-2.01416015625
16.761719,1.20849609375,-2.01416015625
16.763672,0.8056640625,-2.4169921875
16.765625,0.201416015625,-3.22265625
16.767578,-0.604248046875,-4.0283203125
16.769531,-1.611328125,-4.833984375
16.771484,-2.618408203125,-5.841064453125
16.773438,-3.424072265625,-6.84814453125
16.775391,-4.229736328125,-7.65380859375
16.777344,-4.833984375,-8.056640625
16.779297,-5.23681640625,-8.45947265625
16.78125,-2.81982421875,-10.4736328125
16.783203,-2.618408203125,-10.272216796875
16.785156,-2.215576171875,-9.66796875
16.787109,-1.409912109375,-9.063720703125
16.789062,-0.604248046875,-8.056640625
16.791016,4.632568359375,0.201416015625
16.792969,5.438232421875,1.20849609375
16.794922,6.4453125,2.01416015625
16.796875,7.049560546875,2.81982421875
16.798828,7.65380859375,3.22265625
16.800781,7.855224609375,3.424072265625
16.802734,7.855224609375,3.424072265625
16.804688,7.452392578125,3.021240234375
16.806641,6.84814453125,2.618408203125
16.808594,6.04248046875,1.812744140625
16.810547,5.23681640625,0.8056640625
16.8125,4.229736328125,-0.201416015625
16.814453,3.22265625,-1.007080078125
16.816406,2.4169921875,-1.812744140625
16.818359,1.812744140625,-2.618408203125
16.820312,1.409912109375,-3.021240234375
16.822266,1.20849609375,-3.021240234375
16.824219,1.409912109375,-3.021240234375
16.826172,1.812744140625,-2.618408203125
16.828125,2.4169921875,-1.812744140625
16.830078,3.22265625,-1.007080078125
16.832031,4.229736328125,-0.201416015625
16.833984,5.23681640625,0.8056640625
16.835938,6.04248046875,1.812744140625
16.837891,6.84814453125,2.618408203125
16.839844,7.452392578125,3.021240234375
16.841797,7.855224609375,3.424072265625
16.84375,7.855224609375,3.424072265625
16.845703,7.65380859375,3.22265625
16.847656,7.049560546875,2.81982421875
16.849609,6.4453125,2.01416015625
16.851562,5.438232421875,1.20849609375
16.853516,4.632568359375,0.201416015625
16.855469,3.62548828125,-0.8056640625
16.857422,2.81982421875,-1.611328125
16.859375,2.01416015625,-2.4169921875
16.861328,1.611328125,-2.81982421875
16.863281,1.20849609375,-3.021240234375
16.865234,1.409912109375,-3.021240234375
16.867188,1.611328125,-2.618408203125
16.869141,2.215576171875,-2.215576171875
16.871094,3.021240234375,-1.409912109375
16.873047,3.826904296875,-0.40283203125
16.875,4.833984375,0.604248046875
16.876953,5.841064453125,1.409912109375
16.878906,10.272216796875,15.71044921875
16.880859,15.911865234375,36.053466796875
16.882812,16.51611328125,36.456298828125
16.884766,16.51611328125,36.65771484375
16.886719,16.51611328125,36.456298828125
16.888672,15.911865234375,36.053466796875
16.890625,15.3076171875,35.44921875
16.892578,14.501953125,34.6435546875
16.894531,13.494873046875,33.636474609375
16.896484,12.689208984375,32.830810546875
16.898438,11.68212890625,31.82373046875
16.900391,10.87646484375,31.01806640625
16.902344,10.272216796875,30.413818359375
16.904297,10.07080078125,30.21240234375
16.90625,10.07080078125,30.010986328125
16.908203,10.272216796875,30.413818359375
16.910156,10.675048828125,30.816650390625
16.912109,11.480712890625,31.622314453125
16.914062,15.509033203125,42.498779296875
16.916016,16.51611328125,43.505859375
16.917969,17.523193359375,44.512939453125
16.919922,18.328857421875,45.318603515625
16.921875,19.134521484375,46.124267578125
16.923828,24.9755859375,48.541259765625
16.925781,25.177001953125,48.74267578125
16.927734,25.177001953125,48.74267578125
16.929688,24.774169921875,48.541259765625
16.931641,25.982666015625,17.724609375
16.933594,25.177001953125,16.9189453125
16.935547,23.3642578125,4.43115234375
16.9375,22.55859375,3.424072265625
16.939453,19.73876953125,-7.452392578125
16.941406,18.93310546875,-8.258056640625
16.943359,18.328857421875,-9.063720703125
16.945312,17.926025390625,-9.466552734375
16.947266,17.724609375,-9.466552734375
16.949219,17.926025390625,-9.466552734375
16.951172,18.328857421875,-9.063720703125
16.953125,18.93310546875,-8.258056640625
16.955078,19.73876953125,-7.452392578125
16.957031,20.745849609375,-6.646728515625
16.958984,21.7529296875,-5.6396484375
16.960938,22.55859375,-4.632568359375
16.962891,23.3642578125,-3.826904296875
16.964844,23.968505859375,-3.424072265625
16.966797,24.371337890625,-3.021240234375
16.96875,24.371337890625,-3.021240234375
16.970703,24.169921875,-3.22265625
16.972656,23.565673828125,-3.62548828125
16.974609,22.96142578125,-4.43115234375
16.976562,21.954345703125,-5.23681640625
16.978516,16.9189453125,-2.81982421875
16.980469,15.911865234375,-3.826904296875
16.982422,14.90478515625,-4.632568359375
16.984375,14.300537109375,-5.438232421875
16.986328,12.286376953125,-3.22265625
16.988281,12.0849609375,-3.424072265625
16.990234,12.0849609375,-3.424072265625
16.992188,12.48779296875,-3.021240234375
16.994141,13.092041015625,-2.4169921875
16.996094,13.6962890625,-1.611328125
16.998047,14.703369140625,-0.8056640625
17.0,15.71044921875,0.201416015625
17.001953,16.51611328125,1.20849609375
17.003906,17.523193359375,2.01416015625
17.005859,18.12744140625,2.618408203125
17.007812,18.5302734375,3.021240234375
17.009766,18.731689453125,3.22265625
17.011719,18.5302734375,3.021240234375
17.013672,18.12744140625,2.618408203125
17.015625,17.523193359375,2.01416015625
17.017578,16.51611328125,1.20849609375
17.019531,15.71044921875,0.201416015625
17.021484,14.703369140625,-0.8056640625
17.023438,13.6962890625,-1.611328125
17.025391,13.092041015625,-2.4169921875
17.027344,12.48779296875,-3.021240234375
17.029297,12.0849609375,-3.424072265625
17.03125,12.0849609375,-3.424072265625
17.033203,12.286376953125,-3.22265625
17.035156,12.689208984375,-2.618408203125
17.037109,13.494873046875,-2.01416015625
17.039062,14.300537109375,-1.007080078125
17.041016,15.3076171875,-0.201416015625
17.042969,14.300537109375,8.8623046875
17.044922,11.68212890625,22.96142578125
17.046875,12.48779296875,23.76708984375
17.048828,12.890625,24.169921875
17.050781,13.092041015625,24.57275390625
17.052734,13.092041015625,24.371337890625
17.054688,12.890625,24.169921875
17.056641,12.286376953125,23.565673828125
17.058594,11.480712890625,22.760009765625
17.060547,10.4736328125,21.7529296875
17.0625,9.66796875,20.947265625
17.064453,8.660888671875,19.940185546875
17.066406,7.855224609375,19.134521484375
17.068359,7.2509765625,18.5302734375
17.070312,6.646728515625,18.12744140625
17.072266,6.646728515625,17.926025390625
17.074219,6.646728515625,18.12744140625
17.076172,7.2509765625,18.5302734375
17.078125,7.855224609375,19.134521484375
17.080078,8.660888671875,19.940185546875
17.082031,9.66796875,20.947265625
17.083984,10.4736328125,21.7529296875
17.085938,9.66796875,29.608154296875
17.087891,8.8623046875,37.261962890625
17.089844,9.466552734375,37.8662109375
17.091797,9.869384765625,38.067626953125
17.09375,9.869384765625,38.26904296875
17.095703,9.66796875,37.8662109375
17.097656,9.063720703125,37.46337890625
17.099609,8.45947265625,36.65771484375
17.101562,7.452392578125,35.85205078125
17.103516,6.4453125,34.844970703125
17.105469,5.6396484375,34.039306640625
17.107422,4.632568359375,33.0322265625
17.109375,4.0283203125,32.427978515625
17.111328,3.424072265625,31.82373046875
17.113281,3.22265625,31.622314453125
17.115234,3.22265625,31.622314453125
17.117188,3.62548828125,32.025146484375
17.119141,4.229736328125,32.62939453125
17.121094,5.035400390625,33.43505859375
17.123047,5.841064453125,34.24072265625
17.125,6.84814453125,35.247802734375
17.126953,7.855224609375,36.2548828125
17.128906,8.660888671875,37.060546875
17.130859,9.26513671875,37.664794921875
17.132812,9.66796875,38.067626953125
17.134766,9.869384765625,38.26904296875
17.136719,9.66796875,38.067626953125
17.138672,9.26513671875,37.664794921875
17.140625,8.660888671875,37.060546875
17.142578,7.855224609375,36.2548828125
17.144531,6.84814453125,35.247802734375
17.146484,5.841064453125,34.24072265625
17.148438,5.035400390625,33.43505859375
17.150391,-2.215576171875,43.505859375
17.152344,-2.81982421875,42.901611328125
17.154297,-3.021240234375,42.498779296875
17.15625,-3.021240234375,42.498779296875
17.158203,-2.81982421875,42.7001953125
17.160156,-2.4169921875,43.304443359375
17.162109,-1.611328125,43.90869140625
17.164062,-0.8056640625,44.915771484375
17.166016,0.201416015625,45.721435546875
17.167969,1.20849609375,46.728515625
17.169922,2.01416015625,47.5341796875
17.171875,2.81982421875,48.33984375
17.173828,3.22265625,48.74267578125
17.175781,3.424072265625,49.1455078125
17.177734,3.424072265625,48.944091796875
17.179688,3.021240234375,48.74267578125
17.181641,-0.201416015625,48.541259765625
17.183594,-1.007080078125,47.735595703125
17.185547,-1.812744140625,46.929931640625
17.1875,-2.81982421875,45.9228515625
17.189453,-3.826904296875,44.915771484375
17.191406,-6.04248046875,19.73876953125
17.193359,-6.646728515625,19.134521484375
17.195312,-4.833984375,-7.2509765625
17.197266,-4.833984375,-7.2509765625
17.199219,-4.833984375,-7.2509765625
17.201172,-4.43115234375,-6.84814453125
17.203125,-3.62548828125,-6.04248046875
17.205078,-2.81982421875,-5.23681640625
17.207031,-2.01416015625,-4.43115234375
17.208984,-1.007080078125,-3.424072265625
17.210938,0.0,-2.4169921875
17.212891,0.8056640625,-1.611328125
17.214844,1.20849609375,-1.20849609375
17.216797,1.611328125,-0.8056640625
17.21875,1.611328125,-0.8056640625
17.220703,1.409912109375,-1.007080078125
17.222656,1.007080078125,-1.409912109375
17.224609,0.201416015625,-2.215576171875
17.226562,-0.604248046875,-3.021240234375
17.228516,-1.611328125,-4.0283203125
17.230469,-2.618408203125,-5.035400390625
17.232422,-3.424072265625,-5.841064453125
17.234375,-4.229736328125,-6.646728515625
17.236328,-4.632568359375,-7.049560546875
17.238281,-4.833984375,-7.2509765625
17.240234,-4.833984375,-7.2509765625
17.242188,-4.43115234375,-6.84814453125
17.244141,-4.0283203125,-6.4453125
17.246094,-3.22265625,-5.6396484375
17.248047,-2.215576171875,-4.632568359375
17.25,-1.20849609375,-3.62548828125
17.251953,-0.40283203125,-2.81982421875
17.253906,0.40283203125,-2.01416015625
17.255859,1.409912109375,-3.424072265625
17.257812,7.855224609375,3.021240234375
17.259766,8.056640625,3.22265625
17.261719,7.855224609375,3.021240234375
17.263672,7.452392578125,2.618408203125
17.265625,6.84814453125,2.01416015625
17.267578,6.04248046875,1.20849609375
17.269531,5.035400390625,0.201416015625
17.271484,4.0283203125,-0.604248046875
17.273438,3.22265625,-1.611328125
17.275391,2.4169921875,-2.4169921875
17.277344,1.812744140625,-3.021240234375
17.279297,1.409912109375,-3.22265625
17.28125,1.409912109375,-3.424072265625
17.283203,1.611328125,-3.021240234375
17.285156,2.215576171875,-2.618408203125
17.287109,2.81982421875,-1.812744140625
17.289062,3.826904296875,-1.007080078125
17.291016,4.632568359375,0.0
17.292969,5.6396484375,1.007080078125
17.294922,6.646728515625,1.812744140625
17.296875,7.2509765625,2.4169921875
17.298828,7.855224609375,3.021240234375
17.300781,8.056640625,3.22265625
17.302734,7.855224609375,3.22265625
17.304688,7.65380859375,2.81982421875
17.306641,7.049560546875,2.215576171875
17.308594,6.243896484375,1.611328125
17.310547,5.438232421875,0.604248046875
17.3125,4.43115234375,-0.40283203125
17.314453,3.424072265625,-1.20849609375
17.316406,2.618408203125,-2.215576171875
17.318359,8.8623046875,25.78125
17.320312,8.45947265625,25.37841796875
17.322266,8.258056640625,25.37841796875
17.324219,8.45947265625,25.37841796875
17.326172,8.8623046875,25.78125
17.328125,9.466552734375,26.5869140625
17.330078,10.272216796875,27.392578125
17.332031,11.279296875,28.1982421875
17.333984,12.286376953125,29.205322265625
17.335938,13.092041015625,30.21240234375
17.337891,13.897705078125,30.816650390625
17.339844,14.501953125,31.4208984375
17.341797,16.51611328125,37.46337890625
17.34375,16.51611328125,37.664794921875
17.345703,16.314697265625,37.261962890625
17.347656,15.911865234375,36.859130859375
17.349609,15.106201171875,36.053466796875
17.351562,14.300537109375,35.247802734375
17.353516,13.29345703125,34.24072265625
17.355469,12.286376953125,33.43505859375
17.357422,11.480712890625,32.427978515625
17.359375,10.675048828125,31.82373046875
17.361328,10.272216796875,31.219482421875
17.363281,10.07080078125,31.01806640625
17.365234,10.07080078125,31.01806640625
17.367188,10.272216796875,31.4208984375
17.369141,10.87646484375,32.025146484375
17.371094,11.68212890625,32.830810546875
17.373047,12.689208984375,33.636474609375
17.375,13.494873046875,34.6435546875
17.376953,17.724609375,46.32568359375
17.378906,18.5302734375,47.13134765625
17.380859,19.134521484375,47.735595703125
17.382812,19.537353515625,48.138427734375
17.384766,19.73876953125,48.33984375
17.386719,19.537353515625,48.138427734375
17.388672,19.134521484375,47.735595703125
17.390625,18.5302734375,47.13134765625
17.392578,17.724609375,46.32568359375
17.394531,16.717529296875,45.318603515625
17.396484,15.71044921875,44.3115234375
17.398438,14.90478515625,43.505859375
17.400391,14.09912109375,42.7001953125
17.402344,13.494873046875,42.095947265625
17.404297,13.29345703125,41.693115234375
17.40625,13.092041015625,41.693115234375
17.408203,13.29345703125,41.89453125
17.410156,13.897705078125,42.498779296875
17.412109,14.501953125,43.10302734375
17.414062,15.509033203125,44.110107421875
17.416016,16.51611328125,44.915771484375
17.417969,17.32177734375,45.9228515625
17.419922,18.328857421875,46.728515625
17.421875,18.93310546875,47.5341796875
17.423828,19.537353515625,47.93701171875
17.425781,19.73876953125,48.33984375
17.427734,19.73876953125,48.138427734375
17.429688,19.3359375,47.93701171875
17.431641,18.731689453125,47.332763671875
17.433594,17.926025390625,46.527099609375
17.435547,17.120361328125,45.52001953125
17.4375,16.11328125,44.71435546875
17.439453,15.106201171875,43.707275390625
17.441406,14.300537109375,42.901611328125
17.443359,13.6962890625,42.29736328125
17.445312,13.29345703125,41.89453125
17.447266,19.134521484375,43.304443359375
17.449219,19.134521484375,43.304443359375
17.451172,19.73876953125,43.707275390625
17.453125,20.343017578125,44.512939453125
17.455078,21.148681640625,45.318603515625
17.457031,22.15576171875,46.124267578125
17.458984,22.96142578125,47.13134765625
17.460938,23.968505859375,48.138427734375
17.462891,24.57275390625,44.512939453125
17.464844,24.9755859375,45.1171875
17.466797,25.37841796875,45.52001953125
17.46875,25.37841796875,45.52001953125
17.470703,25.177001953125,45.318603515625
17.472656,24.774169921875,44.71435546875
17.474609,23.968505859375,44.110107421875
17.476562,23.162841796875,43.10302734375
17.478516,22.15576171875,42.095947265625
17.480469,21.148681640625,41.290283203125
17.482422,20.343017578125,40.283203125
17.484375,19.537353515625,39.678955078125
17.486328,19.134521484375,39.07470703125
17.488281,18.93310546875,38.873291015625
17.490234,18.93310546875,38.873291015625
17.492188,19.3359375,39.276123046875
17.494141,19.73876953125,39.88037109375
17.496094,20.54443359375,40.68603515625
17.498047,21.551513671875,41.49169921875
17.5,22.55859375,42.498779296875
17.501953,23.3642578125,43.505859375
17.503906,24.169921875,44.3115234375
17.505859,24.9755859375,44.915771484375
17.507812,25.37841796875,45.318603515625
17.509766,25.37841796875,45.52001953125
17.511719,25.37841796875,45.318603515625
17.513672,24.9755859375,44.915771484375
17.515625,24.169921875,44.3115234375
17.517578,23.3642578125,43.505859375
17.519531,22.55859375,42.498779296875
17.521484,21.551513671875,41.49169921875
17.523438,20.54443359375,40.68603515625
17.525391,20.947265625,33.837890625
17.527344,21.35009765625,12.0849609375
17.529297,21.148681640625,11.883544921875
17.53125,20.947265625,11.883544921875
17.533203,21.148681640625,12.0849609375
17.535156,18.731689453125,-11.077880859375
17.537109,19.537353515625,-10.272216796875
17.539062,20.343017578125,-9.466552734375
17.541016,13.494873046875,7.65380859375
17.542969,14.501953125,8.660888671875
17.544922,15.509033203125,9.466552734375
17.546875,16.11328125,10.272216796875
17.548828,16.717529296875,10.675048828125
17.550781,16.9189453125,11.077880859375
17.552734,16.717529296875,10.87646484375
17.554688,16.51611328125,10.675048828125
17.556641,15.911865234375,10.07080078125
17.558594,15.106201171875,9.26513671875
17.560547,14.300537109375,8.258056640625
17.5625,13.29345703125,7.452392578125
17.564453,12.286376953125,6.4453125
17.566406,11.480712890625,5.6396484375
17.568359,8.8623046875,11.279296875
17.570312,4.833984375,25.579833984375
17.572266,0.0,40.68603515625
17.574219,0.201416015625,40.68603515625
17.576172,0.604248046875,41.290283203125
17.578125,1.20849609375,41.89453125
17.580078,2.215576171875,42.7001953125
17.582031,3.021240234375,43.707275390625
17.583984,4.0283203125,44.512939453125
17.585938,5.035400390625,45.52001953125
17.587891,5.6396484375,46.32568359375
17.589844,6.243896484375,46.929931640625
17.591797,6.646728515625,47.13134765625
17.59375,6.646728515625,47.13134765625
17.595703,6.4453125,46.929931640625
17.597656,6.04248046875,46.527099609375
17.599609,5.23681640625,45.721435546875
17.601562,4.43115234375,44.915771484375
17.603516,3.424072265625,43.90869140625
17.605469,2.4169921875,42.901611328125
17.607422,1.611328125,42.095947265625
17.609375,0.8056640625,41.290283203125
17.611328,0.40283203125,40.887451171875
17.613281,0.201416015625,40.68603515625
17.615234,0.201416015625,40.68603515625
17.617188,0.40283203125,41.0888671875
17.619141,1.007080078125,41.693115234375
17.621094,1.812744140625,42.29736328125
17.623047,2.81982421875,43.304443359375
17.625,-1.007080078125,48.138427734375
17.626953,0.0,49.1455078125
17.628906,0.8056640625,49.951171875
17.630859,1.409912109375,50.555419921875
17.632812,1.812744140625,50.958251953125
17.634766,2.01416015625,51.15966796875
17.636719,1.812744140625,50.958251953125
17.638672,1.409912109375,50.555419921875
17.640625,0.8056640625,49.951171875
17.642578,0.0,49.1455078125
17.644531,-1.007080078125,48.138427734375
17.646484,-2.01416015625,47.332763671875
17.648438,-2.81982421875,46.32568359375
17.650391,-3.62548828125,45.52001953125
17.652344,-4.229736328125,44.915771484375
17.654297,-4.632568359375,44.71435546875
17.65625,-4.632568359375,44.512939453125
17.658203,-4.43115234375,44.915771484375
17.660156,-3.826904296875,45.318603515625
17.662109,-3.22265625,46.124267578125
17.664062,-2.4169921875,46.929931640625
17.666016,-3.424072265625,35.85205078125
17.667969,-2.4169921875,36.859130859375
17.669922,-1.611328125,37.664794921875
17.671875,-0.8056640625,38.470458984375
17.673828,-0.40283203125,38.873291015625
17.675781,0.0,39.276123046875
17.677734,-0.201416015625,39.07470703125
17.679688,-0.40283203125,38.873291015625
17.681641,-1.007080078125,38.26904296875
17.683594,-1.812744140625,37.46337890625
17.685547,-2.81982421875,36.456298828125
17.6875,-3.62548828125,35.650634765625
17.689453,-4.632568359375,34.6435546875
17.691406,-5.438232421875,33.837890625
17.693359,-6.04248046875,33.233642578125
17.695312,-6.4453125,32.830810546875
17.697266,-6.646728515625,32.62939453125
17.699219,-6.4453125,32.830810546875
17.701172,-6.04248046875,33.233642578125
17.703125,-5.438232421875,33.837890625
17.705078,-4.632568359375,34.6435546875
17.707031,-3.62548828125,35.650634765625
17.708984,-2.81982421875,36.456298828125
17.710938,-1.812744140625,37.46337890625
17.712891,-1.007080078125,38.26904296875
17.714844,-0.40283203125,38.873291015625
17.716797,-0.201416015625,39.07470703125
17.71875,0.0,39.276123046875
17.720703,-0.40283203125,38.873291015625
17.722656,-0.8056640625,38.470458984375
17.724609,-1.611328125,37.664794921875
17.726562,-2.4169921875,36.859130859375
17.728516,-3.424072265625,35.85205078125
17.730469,-4.43115234375,28.802490234375
17.732422,-6.243896484375,13.092041015625
17.734375,-7.049560546875,12.286376953125
17.736328,-7.452392578125,11.883544921875
17.738281,-7.65380859375,11.68212890625
17.740234,-7.65380859375,11.68212890625
17.742188,-7.452392578125,12.0849609375
17.744141,-6.84814453125,12.689208984375
17.746094,-6.04248046875,13.29345703125
17.748047,-5.035400390625,14.300537109375
17.75,-4.0283203125,15.3076171875
17.751953,-3.22265625,16.11328125
17.753906,-2.4169921875,16.9189453125
17.755859,-1.611328125,17.724609375
17.757812,-1.20849609375,18.12744140625
17.759766,-1.20849609375,18.12744140625
17.761719,-1.20849609375,18.12744140625
17.763672,-1.611328125,17.724609375
17.765625,-2.4169921875,16.9189453125
17.767578,-0.201416015625,-3.22265625
17.769531,-1.20849609375,-4.229736328125
17.771484,-2.215576171875,-5.23681640625
17.773438,-2.618408203125,-7.049560546875
17.775391,-3.424072265625,-7.855224609375
17.777344,-1.20849609375,-11.077880859375
17.779297,6.646728515625,18.12744140625
17.78125,8.258056640625,24.371337890625
17.783203,8.45947265625,24.57275390625
17.785156,9.063720703125,25.177001953125
17.787109,9.869384765625,25.78125
17.789062,10.675048828125,26.788330078125
17.791016,11.68212890625,27.593994140625
17.792969,12.48779296875,28.60107421875
17.794922,13.494873046875,29.40673828125
17.796875,14.09912109375,30.21240234375
17.798828,14.703369140625,30.615234375
17.800781,14.90478515625,31.01806640625
17.802734,14.90478515625,30.816650390625
17.804688,14.501953125,30.615234375
17.806641,19.3359375,46.929931640625
17.808594,18.5302734375,46.124267578125
17.810547,17.724609375,45.318603515625
17.8125,16.717529296875,44.3115234375
17.814453,15.71044921875,43.304443359375
17.816406,14.90478515625,42.498779296875
17.818359,14.300537109375,41.89453125
17.820312,13.897705078125,41.49169921875
17.822266,13.6962890625,41.290283203125
17.824219,13.897705078125,41.49169921875
17.826172,14.300537109375,41.89453125
17.828125,14.90478515625,42.498779296875
17.830078,15.71044921875,43.304443359375
17.832031,16.717529296875,44.3115234375
17.833984,17.724609375,45.318603515625
17.835938,18.5302734375,46.124267578125
17.837891,20.343017578125,51.763916015625
17.839844,20.947265625,52.3681640625
17.841797,21.35009765625,52.77099609375
17.84375,21.35009765625,52.77099609375
17.845703,21.148681640625,52.569580078125
17.847656,20.54443359375,51.96533203125
17.849609,19.940185546875,51.361083984375
17.851562,18.93310546875,50.35400390625
17.853516,18.12744140625,49.54833984375
17.855469,17.120361328125,48.541259765625
17.857422,16.314697265625,47.5341796875
17.859375,15.509033203125,46.929931640625
17.861328,15.106201171875,46.32568359375
17.863281,14.703369140625,46.124267578125
17.865234,14.90478515625,46.124267578125
17.867188,15.106201171875,46.527099609375
17.869141,15.71044921875,47.13134765625
17.871094,16.51611328125,47.93701171875
17.873047,17.523193359375,48.74267578125
17.875,18.328857421875,49.749755859375
17.876953,19.3359375,50.7568359375
17.878906,20.1416015625,51.5625
17.880859,20.745849609375,52.166748046875
17.882812,21.148681640625,52.569580078125
17.884766,21.35009765625,52.77099609375
17.886719,21.148681640625,52.569580078125
17.888672,20.745849609375,52.166748046875
17.890625,20.1416015625,51.5625
17.892578,19.3359375,50.7568359375
17.894531,23.565673828125,41.693115234375
17.896484,22.55859375,40.68603515625
17.898438,21.551513671875,39.678955078125
17.900391,20.745849609375,38.873291015625
17.902344,20.1416015625,38.470458984375
17.904297,19.940185546875,38.067626953125
17.90625,19.940185546875,38.067626953125
17.908203,20.1416015625,38.26904296875
17.910156,20.54443359375,38.671875
17.912109,21.35009765625,39.4775390625
17.914062,22.15576171875,40.283203125
17.916016,23.162841796875,41.290283203125
17.917969,24.169921875,42.29736328125
17.919922,24.9755859375,43.10302734375
17.921875,25.78125,43.90869140625
17.923828,26.18408203125,44.3115234375
17.925781,26.385498046875,44.512939453125
17.927734,26.385498046875,44.512939453125
17.929688,25.982666015625,44.110107421875
17.931641,25.579833984375,43.707275390625
17.933594,24.774169921875,42.901611328125
17.935547,23.76708984375,41.89453125
17.9375,22.760009765625,40.887451171875
17.939453,21.954345703125,40.081787109375
17.941406,21.148681640625,39.276123046875
17.943359,20.343017578125,38.470458984375
17.945312,19.940185546875,38.067626953125
17.947266,19.940185546875,38.067626953125
17.949219,19.940185546875,38.067626953125
17.951172,20.343017578125,38.470458984375
17.953125,21.148681640625,39.276123046875
17.955078,21.954345703125,40.081787109375
17.957031,22.760009765625,40.887451171875
17.958984,23.76708984375,41.89453125
17.960938,24.774169921875,42.901611328125
17.962891,26.18408203125,3.62548828125
17.964844,26.788330078125,4.229736328125
17.966797,26.98974609375,4.43115234375
17.96875,26.98974609375,4.43115234375
17.970703,26.788330078125,4.229736328125
17.972656,26.385498046875,3.826904296875
17.974609,25.579833984375,3.021240234375
17.976562,23.565673828125,0.40283203125
17.978516,22.760009765625,-0.604248046875
17.980469,21.7529296875,-1.611328125
17.982422,20.947265625,-2.4169921875
17.984375,20.1416015625,-3.22265625
17.986328,19.537353515625,-3.62548828125
17.988281,19.3359375,-3.826904296875
17.990234,19.537353515625,-3.826904296875
17.992188,19.73876953125,-3.424072265625
17.994141,20.343017578125,-2.81982421875
17.996094,21.148681640625,-2.215576171875
17.998047,21.954345703125,-1.20849609375
18.0,22.96142578125,-0.201416015625
18.001953,23.968505859375,0.604248046875
18.003906,24.774169921875,1.409912109375
18.005859,25.37841796875,2.215576171875
18.007812,25.78125,2.618408203125
18.009766,25.982666015625,2.618408203125
18.011719,25.78125,2.618408203125
18.013672,22.760009765625,-5.6396484375
18.015625,22.15576171875,-6.243896484375
18.017578,21.148681640625,-7.049560546875
18.019531,13.494873046875,7.2509765625
18.021484,9.26513671875,20.745849609375
18.023438,8.258056640625,19.940185546875
18.025391,7.65380859375,19.134521484375
18.027344,7.049560546875,18.5302734375
18.029297,1.409912109375,37.664794921875
18.03125,1.409912109375,37.664794921875
18.033203,1.611328125,37.8662109375
18.035156,2.01416015625,38.470458984375
18.037109,2.81982421875,39.07470703125
18.039062,3.62548828125,40.081787109375
18.041016,-2.81982421875,40.887451171875
18.042969,-2.01416015625,41.693115234375
18.044922,-1.007080078125,42.7001953125
18.046875,-0.604248046875,39.07470703125
18.048828,0.0,39.678955078125
18.050781,0.201416015625,39.88037109375
18.052734,0.201416015625,39.88037109375
18.054688,-0.201416015625,39.4775390625
18.056641,-0.8056640625,38.873291015625
18.058594,-1.611328125,38.067626953125
18.060547,-2.4169921875,37.261962890625
18.0625,-3.424072265625,36.2548828125
18.064453,-4.229736328125,35.247802734375
18.066406,-5.23681640625,34.442138671875
18.068359,-5.841064453125,33.837890625
18.070312,-6.243896484375,33.43505859375
18.072266,-6.4453125,33.233642578125
18.074219,-6.243896484375,33.43505859375
18.076172,-5.841064453125,33.837890625
18.078125,-5.23681640625,34.442138671875
18.080078,-4.229736328125,35.247802734375
18.082031,-3.424072265625,36.2548828125
18.083984,-2.4169921875,37.261962890625
18.085938,-1.611328125,38.067626953125
18.087891,-0.8056640625,38.873291015625
18.089844,-0.201416015625,39.4775390625
18.091797,0.201416015625,39.88037109375
18.09375,0.201416015625,39.88037109375
18.095703,0.0,39.678955078125
18.097656,-0.604248046875,39.07470703125
18.099609,-1.20849609375,38.470458984375
18.101562,-2.01416015625,37.46337890625
18.103516,-3.021240234375,36.65771484375
18.105469,-4.0283203125,35.650634765625
18.107422,-4.833984375,34.6435546875
18.109375,-5.6396484375,34.039306640625
18.111328,-6.04248046875,33.43505859375
18.113281,-6.4453125,33.233642578125
18.115234,-6.243896484375,33.43505859375
18.117188,-6.04248046875,33.636474609375
18.119141,-5.438232421875,34.24072265625
18.121094,-4.632568359375,35.04638671875
18.123047,-5.035400390625,6.84814453125
18.125,-4.0283203125,7.855224609375
18.126953,-3.021240234375,8.8623046875
18.128906,-2.215576171875,9.66796875
18.130859,-1.611328125,10.272216796875
18.132812,-1.20849609375,10.675048828125
18.134766,-1.007080078125,10.87646484375
18.136719,-1.20849609375,10.675048828125
18.138672,-1.611328125,10.272216796875
18.140625,-2.215576171875,9.66796875
18.142578,-3.021240234375,8.8623046875
18.144531,-4.0283203125,7.855224609375
18.146484,-5.035400390625,6.84814453125
18.148438,-5.841064453125,6.04248046875
18.150391,-6.646728515625,5.23681640625
18.152344,-7.2509765625,4.632568359375
18.154297,-7.65380859375,4.43115234375
18.15625,-7.65380859375,4.229736328125
18.158203,-4.632568359375,-10.07080078125
18.160156,-4.0283203125,-9.66796875
18.162109,-3.424072265625,-8.8623046875
18.164062,-2.4169921875,-8.056640625
18.166016,-1.409912109375,-7.049560546875
18.167969,-0.604248046875,-6.243896484375
18.169922,0.40283203125,-5.23681640625
18.171875,1.007080078125,-4.632568359375
18.173828,1.611328125,-4.0283203125
18.175781,1.812744140625,-3.826904296875
18.177734,1.812744140625,-3.826904296875
18.179688,1.409912109375,-4.229736328125
18.181641,0.8056640625,-4.833984375
18.183594,0.0,-5.6396484375
18.185547,-0.8056640625,-6.4453125
18.1875,-1.812744140625,-7.452392578125
18.189453,-2.81982421875,-8.45947265625
18.191406,-3.62548828125,-9.26513671875
18.193359,-4.229736328125,-9.869384765625
18.195312,-4.632568359375,-10.272216796875
18.197266,-4.833984375,-10.4736328125
18.199219,-4.632568359375,-10.272216796875
18.201172,-4.229736328125,-9.869384765625
18.203125,-3.62548828125,-9.26513671875
18.205078,0.201416015625,-10.272216796875
18.207031,1.20849609375,-9.26513671875
18.208984,2.215576171875,-8.258056640625
18.210938,3.021240234375,-7.452392578125
18.212891,3.826904296875,-6.646728515625
18.214844,9.466552734375,11.077880859375
18.216797,9.66796875,11.279296875
18.21875,9.66796875,11.480712890625
18.220703,9.466552734375,11.077880859375
18.222656,15.911865234375,37.46337890625
18.224609,16.9189453125,42.29736328125
18.226562,16.11328125,41.290283203125
18.228516,15.106201171875,40.484619140625
18.230469,14.09912109375,39.4775390625
18.232422,13.29345703125,38.671875
18.234375,12.48779296875,37.8662109375
18.236328,12.0849609375,37.261962890625
18.238281,11.883544921875,37.060546875
18.240234,11.883544921875,37.261962890625
18.242188,12.0849609375,37.46337890625
18.244141,12.689208984375,38.067626953125
18.246094,13.494873046875,38.873291015625
18.248047,14.501953125,39.678955078125
18.25,15.3076171875,40.68603515625
18.251953,16.314697265625,41.693115234375
18.253906,17.120361328125,42.498779296875
18.255859,17.724609375,43.10302734375
18.257812,18.328857421875,43.505859375
18.259766,18.328857421875,43.707275390625
18.261719,18.328857421875,43.505859375
18.263672,17.724609375,43.10302734375
18.265625,17.120361328125,42.498779296875
18.267578,16.314697265625,41.693115234375
18.269531,15.3076171875,40.68603515625
18.271484,14.501953125,39.678955078125
18.273438,13.494873046875,38.873291015625
18.275391,12.689208984375,38.067626953125
18.277344,12.0849609375,37.46337890625
18.279297,11.883544921875,37.261962890625
18.28125,11.883544921875,37.060546875
18.283203,12.0849609375,37.261962890625
18.285156,12.48779296875,37.8662109375
18.287109,13.29345703125,38.671875
18.289062,14.09912109375,39.4775390625
18.291016,15.106201171875,40.484619140625
18.292969,16.11328125,41.290283203125
18.294922,16.9189453125,42.29736328125
18.296875,17.724609375,42.901611328125
18.298828,18.12744140625,43.505859375
18.300781,18.328857421875,43.707275390625
18.302734,18.328857421875,43.707275390625
18.304688,17.926025390625,43.304443359375
18.306641,17.32177734375,42.7001953125
18.308594,16.717529296875,41.89453125
18.310547,17.724609375,44.3115234375
18.3125,20.745849609375,46.929931640625
18.314453,19.73876953125,46.124267578125
18.316406,18.93310546875,45.1171875
18.318359,18.328857421875,44.512939453125
18.320312,17.926025390625,44.110107421875
18.322266,17.724609375,43.90869140625
18.324219,17.926025390625,44.110107421875
18.326172,18.328857421875,44.512939453125
18.328125,18.93310546875,45.1171875
18.330078,19.73876953125,46.124267578125
18.332031,20.745849609375,46.929931640625
18.333984,21.7529296875,47.93701171875
18.335938,22.55859375,48.944091796875
18.337891,23.3642578125,49.54833984375
18.339844,23.968505859375,50.152587890625
18.341797,24.371337890625,50.555419921875
18.34375,24.371337890625,50.555419921875
18.345703,24.169921875,50.35400390625
18.347656,23.565673828125,49.749755859375
18.349609,22.96142578125,49.1455078125
18.351562,21.954345703125,48.33984375
18.353516,24.57275390625,21.7529296875
18.355469,23.565673828125,20.947265625
18.357422,22.760009765625,19.940185546875
18.359375,21.954345703125,19.3359375
18.361328,21.551513671875,18.731689453125
18.363281,21.148681640625,18.5302734375
18.365234,21.35009765625,18.5302734375
18.367188,21.551513671875,18.93310546875
18.369141,22.15576171875,19.537353515625
18.371094,22.96142578125,20.343017578125
18.373047,23.76708984375,21.148681640625
18.375,24.774169921875,22.15576171875
18.376953,25.78125,23.162841796875
18.378906,26.5869140625,23.968505859375
18.380859,27.191162109375,24.57275390625
18.382812,27.593994140625,24.9755859375
18.384766,27.79541015625,25.177001953125
18.386719,27.593994140625,24.9755859375
18.388672,27.191162109375,24.57275390625
18.390625,26.5869140625,23.968505859375
18.392578,25.78125,23.162841796875
18.394531,24.774169921875,22.15576171875
18.396484,23.76708984375,21.148681640625
18.398438,22.96142578125,20.343017578125
18.400391,22.15576171875,19.537353515625
18.402344,21.551513671875,18.93310546875
18.404297,21.35009765625,18.5302734375
18.40625,21.148681640625,18.5302734375
18.408203,21.551513671875,18.731689453125
18.410156,21.954345703125,19.3359375
18.412109,22.760009765625,19.940185546875
18.414062,23.565673828125,20.947265625
18.416016,24.57275390625,21.7529296875
18.417969,25.37841796875,22.760009765625
18.419922,26.385498046875,23.76708984375
18.421875,26.98974609375,24.371337890625
18.423828,27.593994140625,24.9755859375
18.425781,27.79541015625,25.177001953125
18.427734,26.18408203125,-0.40283203125
18.429688,25.982666015625,-0.8056640625
18.431641,25.37841796875,-1.409912109375
18.433594,24.57275390625,-2.01416015625
18.435547,23.565673828125,-3.021240234375
18.4375,22.760009765625,-4.0283203125
18.439453,21.7529296875,-4.833984375
18.441406,20.947265625,-5.841064453125
18.443359,20.343017578125,-6.4453125
18.445312,19.940185546875,-6.84814453125
18.447266,19.73876953125,-7.049560546875
18.449219,18.328857421875,-7.855224609375
18.451172,18.731689453125,-7.452392578125
18.453125,19.537353515625,-6.84814453125
18.455078,20.343017578125,-6.04248046875
18.457031,21.148681640625,-5.035400390625
18.458984,22.15576171875,-4.0283203125
18.460938,23.162841796875,-3.22265625
18.462891,23.968505859375,-2.4169921875
18.464844,24.371337890625,-1.812744140625
18.466797,24.774169921875,-1.611328125
18.46875,24.774169921875,-1.409912109375
18.470703,24.57275390625,-1.812744140625
18.472656,24.169921875,-2.215576171875
18.474609,23.3642578125,-3.021240234375
18.476562,22.55859375,-3.826904296875
18.478516,21.551513671875,-4.833984375
18.480469,20.54443359375,-5.6396484375
18.482422,19.73876953125,-6.646728515625
18.484375,18.93310546875,-7.2509765625
18.486328,18.5302734375,-7.855224609375
18.488281,18.328857421875,-8.056640625
18.490234,18.328857421875,-8.056640625
18.492188,18.731689453125,-7.65380859375
18.494141,19.134521484375,-7.049560546875
18.496094,19.940185546875,-6.243896484375
18.498047,20.947265625,-5.438232421875
18.5,21.954345703125,-4.43115234375
18.501953,22.760009765625,-3.424072265625
18.503906,23.565673828125,-2.618408203125
18.505859,24.371337890625,-2.01416015625
18.507812,24.774169921875,-1.611328125
18.509766,24.774169921875,-1.409912109375
18.511719,24.774169921875,-1.611328125
18.513672,19.134521484375,0.40283203125
18.515625,18.5302734375,-0.201416015625
18.517578,17.724609375,-1.007080078125
18.519531,16.717529296875,-2.01416015625
18.521484,15.71044921875,-2.81982421875
18.523438,14.90478515625,-3.826904296875
18.525391,14.09912109375,-4.632568359375
18.527344,13.494873046875,-5.23681640625
18.529297,13.092041015625,-5.438232421875
18.53125,13.092041015625,-5.438232421875
18.533203,13.29345703125,-5.23681640625
18.535156,13.897705078125,-4.833984375
18.537109,14.501953125,-4.0283203125
18.539062,15.509033203125,-3.22265625
18.541016,16.314697265625,-2.215576171875
18.542969,17.32177734375,-1.20849609375
18.544922,18.12744140625,-0.40283203125
18.546875,18.93310546875,0.201416015625
18.548828,12.890625,24.371337890625
18.550781,11.480712890625,32.427978515625
18.552734,11.480712890625,32.2265625
18.554688,11.077880859375,32.025146484375
18.556641,10.4736328125,31.4208984375
18.558594,0.8056640625,50.555419921875
18.560547,0.0,49.54833984375
18.5625,-1.007080078125,48.74267578125
18.564453,-2.01416015625,47.735595703125
18.566406,-2.81982421875,46.929931640625
18.568359,-3.424072265625,46.32568359375
18.570312,-3.826904296875,45.9228515625
18.572266,-4.0283203125,45.721435546875
18.574219,-3.826904296875,45.9228515625
18.576172,-3.424072265625,46.32568359375
18.578125,-2.81982421875,46.929931640625
18.580078,-2.01416015625,47.735595703125
18.582031,-1.007080078125,48.74267578125
18.583984,0.0,49.54833984375
18.585938,0.8056640625,50.555419921875
18.587891,1.611328125,51.361083984375
18.589844,2.215576171875,51.96533203125
18.591797,2.618408203125,52.166748046875
18.59375,2.618408203125,52.166748046875
18.595703,-0.40283203125,38.671875
18.597656,-0.8056640625,38.067626953125
18.599609,-1.611328125,37.46337890625
18.601562,-2.4169921875,36.456298828125
18.603516,-3.424072265625,35.650634765625
18.605469,-4.43115234375,34.6435546875
18.607422,-5.23681640625,33.837890625
18.609375,-6.04248046875,33.0322265625
18.611328,-6.4453125,32.62939453125
18.613281,-6.646728515625,32.2265625
18.615234,-6.646728515625,32.427978515625
18.617188,-6.243896484375,32.62939453125
18.619141,-5.841064453125,33.233642578125
18.621094,-5.035400390625,34.039306640625
18.623047,-4.0283203125,34.844970703125
18.625,-3.021240234375,35.85205078125
18.626953,-2.215576171875,36.859130859375
18.628906,-1.409912109375,37.664794921875
18.630859,-0.604248046875,38.26904296875
18.632812,-0.201416015625,38.671875
18.634766,-0.201416015625,38.873291015625
18.636719,-0.201416015625,38.671875
18.638672,-0.604248046875,38.26904296875
18.640625,-1.409912109375,37.664794921875
18.642578,-2.215576171875,36.859130859375
18.644531,-3.021240234375,35.85205078125
18.646484,-4.0283203125,34.844970703125
18.648438,-5.035400390625,34.039306640625
18.650391,-5.841064453125,33.233642578125
18.652344,-6.243896484375,32.62939453125
18.654297,-6.646728515625,32.427978515625
18.65625,-6.646728515625,32.2265625
18.658203,-6.4453125,32.62939453125
18.660156,-6.04248046875,33.0322265625
18.662109,-5.6396484375,5.6396484375
18.664062,-4.632568359375,6.646728515625
18.666016,-3.826904296875,7.65380859375
18.667969,-2.81982421875,8.45947265625
18.669922,-2.01416015625,9.466552734375
18.671875,-1.20849609375,10.07080078125
18.673828,-0.8056640625,10.675048828125
18.675781,-0.40283203125,10.87646484375
18.677734,-0.604248046875,10.87646484375
18.679688,-0.8056640625,10.4736328125
18.681641,-1.409912109375,9.869384765625
18.683594,-2.215576171875,9.063720703125
18.685547,-3.22265625,8.258056640625
18.6875,-4.0283203125,7.2509765625
18.689453,-4.632568359375,0.40283203125
18.691406,-4.632568359375,-6.243896484375
18.693359,-5.23681640625,-6.84814453125
18.695312,-5.6396484375,-7.452392578125
18.697266,-5.841064453125,-7.452392578125
18.699219,-5.6396484375,-7.452392578125
18.701172,-5.23681640625,-6.84814453125
18.703125,-4.632568359375,-6.243896484375
18.705078,-3.826904296875,-5.438232421875
18.707031,-2.81982421875,-4.43115234375
18.708984,-1.812744140625,-3.62548828125
18.710938,-1.007080078125,-2.618408203125
18.712891,-0.201416015625,-1.812744140625
18.714844,0.40283203125,-1.20849609375
18.716797,0.8056640625,-1.007080078125
18.71875,0.8056640625,-1.007080078125
18.720703,0.604248046875,-1.20849609375
18.722656,0.0,-1.611328125
18.724609,-0.604248046875,-2.4169921875
18.726562,-1.611328125,-3.22265625
18.728516,-2.4169921875,-4.229736328125
18.730469,-3.424072265625,-5.23681640625
18.732422,-4.43115234375,-6.04248046875
18.734375,-5.035400390625,-6.84814453125
18.736328,-5.6396484375,-7.2509765625
18.738281,-5.841064453125,-7.452392578125
18.740234,-5.841064453125,-7.452392578125
18.742188,-5.438232421875,-7.049560546875
18.744141,-0.8056640625,-7.452392578125
18.746094,0.0,-6.646728515625
18.748047,1.007080078125,-5.841064453125
18.75,1.812744140625,-4.833984375
18.751953,2.81982421875,-3.826904296875
18.753906,3.62548828125,-3.021240234375
18.755859,4.229736328125,-2.4169921875
18.757812,4.632568359375,-2.01416015625
18.759766,4.833984375,-1.812744140625
18.761719,4.632568359375,-2.01416015625
18.763672,4.229736328125,-2.4169921875
18.765625,3.62548828125,-3.021240234375
18.767578,2.81982421875,-3.826904296875
18.769531,1.812744140625,-4.833984375
18.771484,1.007080078125,-5.841064453125
18.773438,0.0,-6.646728515625
18.775391,-0.8056640625,-7.452392578125
18.777344,-1.409912109375,-8.056640625
18.779297,-1.611328125,-8.45947265625
18.78125,-1.812744140625,-8.45947265625
18.783203,1.611328125,-2.618408203125
18.785156,2.01416015625,-2.215576171875
18.787109,2.81982421875,-1.409912109375
18.789062,3.62548828125,-0.604248046875
18.791016,4.632568359375,0.40283203125
18.792969,5.438232421875,1.409912109375
18.794922,6.4453125,2.215576171875
18.796875,7.049560546875,3.021240234375
18.798828,7.65380859375,3.424072265625
18.800781,7.855224609375,3.62548828125
18.802734,7.855224609375,3.62548828125
18.804688,7.452392578125,3.424072265625
18.806641,6.84814453125,2.81982421875
18.808594,6.04248046875,2.01416015625
18.810547,5.23681640625,1.007080078125
18.8125,4.229736328125,0.201416015625
18.814453,3.22265625,-0.8056640625
18.816406,2.4169921875,-1.611328125
18.818359,1.812744140625,-2.215576171875
18.820312,1.409912109375,-2.81982421875
18.822266,1.20849609375,-2.81982421875
18.824219,1.409912109375,-2.81982421875
18.826172,1.812744140625,-2.215576171875
18.828125,2.4169921875,-1.611328125
18.830078,3.22265625,-0.8056640625
18.832031,4.229736328125,0.201416015625
18.833984,5.23681640625,1.007080078125
18.835938,6.04248046875,2.01416015625
18.837891,6.84814453125,2.81982421875
18.839844,7.452392578125,3.424072265625
18.841797,7.855224609375,3.62548828125
18.84375,7.855224609375,3.62548828125
18.845703,7.65380859375,3.424072265625
18.847656,7.049560546875,3.021240234375
18.849609,6.4453125,2.215576171875
18.851562,5.438232421875,1.409912109375
18.853516,4.632568359375,0.40283203125
18.855469,3.62548828125,-0.604248046875
18.857422,2.81982421875,-1.409912109375
18.859375,9.063720703125,25.177001953125
18.861328,8.660888671875,24.57275390625
18.863281,8.45947265625,24.371337890625
18.865234,14.703369140625,41.89453125
18.867188,15.106201171875,42.29736328125
18.869141,19.940185546875,44.3115234375
18.871094,20.745849609375,45.1171875
18.873047,21.7529296875,45.9228515625
18.875,22.760009765625,46.929931640625
18.876953,23.565673828125,47.93701171875
18.878906,24.371337890625,48.74267578125
18.880859,25.982666015625,38.873291015625
18.882812,26.385498046875,39.276123046875
18.884766,26.5869140625,39.276123046875
18.886719,26.385498046875,39.276123046875
18.888672,25.982666015625,38.873291015625
18.890625,25.37841796875,38.067626953125
18.892578,24.57275390625,37.261962890625
18.894531,23.565673828125,36.456298828125
18.896484,22.55859375,35.44921875
18.898438,21.7529296875,34.442138671875
18.900391,20.947265625,33.636474609375
18.902344,20.343017578125,33.0322265625
18.904297,20.1416015625,32.830810546875
18.90625,19.940185546875,32.830810546875
18.908203,20.1416015625,33.0322265625
18.910156,20.745849609375,33.43505859375
18.912109,21.551513671875,34.24072265625
18.914062,22.357177734375,35.04638671875
18.916016,23.3642578125,36.053466796875
18.917969,24.169921875,37.060546875
18.919922,25.177001953125,37.8662109375
18.921875,26.18408203125,24.371337890625
18.923828,26.788330078125,24.9755859375
18.925781,26.98974609375,25.177001953125
18.927734,26.98974609375,25.177001953125
18.929688,26.5869140625,24.774169921875
18.931641,25.982666015625,24.169921875
18.933594,25.177001953125,23.3642578125
18.935547,24.371337890625,22.55859375
18.9375,23.3642578125,21.551513671875
18.939453,22.96142578125,14.09912109375
18.941406,22.15576171875,13.29345703125
18.943359,21.35009765625,12.689208984375
18.945312,20.947265625,12.0849609375
18.947266,20.947265625,12.0849609375
18.949219,20.947265625,12.0849609375
18.951172,21.35009765625,12.689208984375
18.953125,22.15576171875,13.29345703125
18.955078,22.96142578125,14.09912109375
18.957031,23.76708984375,15.106201171875
18.958984,24.774169921875,15.911865234375
18.960938,25.78125,16.9189453125
18.962891,26.5869140625,17.724609375
18.964844,26.98974609375,18.328857421875
18.966797,27.392578125,18.5302734375
18.96875,27.392578125,18.5302734375
18.970703,27.191162109375,18.328857421875
18.972656,26.788330078125,17.926025390625
18.974609,25.982666015625,17.120361328125
18.976562,25.177001953125,16.314697265625
18.978516,24.169921875,15.3076171875
18.980469,23.162841796875,14.300537109375
18.982422,22.357177734375,13.494873046875
18.984375,21.551513671875,12.689208984375
18.986328,21.148681640625,12.286376953125
18.988281,20.947265625,12.0849609375
18.990234,20.947265625,12.0849609375
18.992188,21.35009765625,12.48779296875
18.994141,21.7529296875,13.092041015625
18.996094,22.55859375,13.6962890625
18.998047,23.565673828125,14.703369140625
19.0,24.57275390625,15.71044921875
19.001953,25.37841796875,16.51611328125
19.003906,26.18408203125,17.523193359375
19.005859,26.98974609375,18.12744140625
19.007812,27.392578125,18.5302734375
19.009766,27.392578125,18.731689453125
19.011719,27.392578125,18.5302734375
19.013672,26.98974609375,18.12744140625
19.015625,26.18408203125,17.523193359375
19.017578,23.565673828125,-6.4453125
19.019531,22.55859375,-7.2509765625
19.021484,21.551513671875,-8.258056640625
19.023438,20.745849609375,-9.26513671875
19.025391,19.940185546875,-10.07080078125
19.027344,19.3359375,-10.675048828125
19.029297,18.93310546875,-10.87646484375
19.03125,18.93310546875,-10.87646484375
19.033203,19.134521484375,-10.675048828125
19.035156,19.73876953125,-10.272216796875
19.037109,20.343017578125,-9.466552734375
19.039062,21.148681640625,-8.660888671875
19.041016,22.15576171875,-7.65380859375
19.042969,23.162841796875,-6.646728515625
19.044922,23.968505859375,-5.841064453125
19.046875,24.774169921875,-5.035400390625
19.048828,25.177001953125,-4.632568359375
19.050781,25.579833984375,-4.43115234375
19.052734,25.37841796875,-4.43115234375
19.054688,25.177001953125,-4.833984375
19.056641,24.57275390625,-5.23681640625
19.058594,23.76708984375,-6.04248046875
19.060547,22.760009765625,-7.049560546875
19.0625,21.954345703125,-8.056640625
19.064453,20.947265625,-8.8623046875
19.066406,20.1416015625,-9.66796875
19.068359,19.537353515625,-10.4736328125
19.070312,19.134521484375,-10.87646484375
19.072266,18.93310546875,-10.87646484375
19.074219,19.134521484375,-10.87646484375
19.076172,17.523193359375,-9.26513671875
19.078125,16.314697265625,-9.869384765625
19.080078,17.120361328125,-9.063720703125
19.082031,18.12744140625,-8.056640625
19.083984,19.134521484375,-7.2509765625
19.085938,19.940185546875,-6.243896484375
19.087891,20.745849609375,-5.438232421875
19.089844,21.35009765625,-4.833984375
19.091797,21.551513671875,-4.632568359375
19.09375,21.7529296875,-4.43115234375
19.095703,21.551513671875,-4.833984375
19.097656,20.947265625,-5.23681640625
19.099609,20.1416015625,-6.04248046875
19.101562,19.3359375,-6.84814453125
19.103516,18.328857421875,-7.855224609375
19.105469,17.523193359375,-8.8623046875
19.107422,16.51611328125,-9.66796875
19.109375,15.911865234375,-10.272216796875
19.111328,15.3076171875,-10.87646484375
19.113281,15.106201171875,-11.077880859375
19.115234,15.106201171875,-11.077880859375
19.117188,15.509033203125,-10.675048828125
19.119141,16.11328125,-10.07080078125
19.121094,16.9189453125,-9.26513671875
19.123047,17.724609375,-8.45947265625
19.125,18.731689453125,-7.452392578125
19.126953,19.73876953125,-6.4453125
19.128906,20.54443359375,-5.6396484375
19.130859,21.148681640625,-5.035400390625
19.132812,21.551513671875,-4.632568359375
19.134766,14.90478515625,17.926025390625
19.136719,14.90478515625,17.724609375
19.138672,14.300537109375,17.32177734375
19.140625,13.6962890625,16.717529296875
19.142578,12.890625,15.911865234375
19.144531,11.883544921875,14.90478515625
19.146484,11.077880859375,13.897705078125
19.148438,10.07080078125,13.092041015625
19.150391,9.26513671875,12.286376953125
19.152344,8.660888671875,11.68212890625
19.154297,8.45947265625,11.279296875
19.15625,8.45947265625,11.279296875
19.158203,8.660888671875,11.480712890625
19.160156,9.063720703125,12.0849609375
19.162109,9.869384765625,12.689208984375
19.164062,10.675048828125,13.6962890625
19.166016,11.68212890625,14.703369140625
19.167969,12.689208984375,15.509033203125
19.169922,13.494873046875,16.51611328125
19.171875,14.300537109375,17.120361328125
19.173828,14.703369140625,17.724609375
19.175781,14.90478515625,17.926025390625
19.177734,14.90478515625,17.926025390625
19.179688,14.501953125,17.523193359375
19.181641,13.897705078125,16.9189453125
19.183594,13.29345703125,16.11328125
19.185547,12.286376953125,15.3076171875
19.1875,11.279296875,14.300537109375
19.189453,10.4736328125,13.29345703125
19.191406,9.466552734375,12.48779296875
19.193359,8.8623046875,11.883544921875
19.195312,8.45947265625,11.480712890625
19.197266,8.258056640625,11.279296875
19.199219,8.45947265625,11.480712890625
19.201172,8.8623046875,11.883544921875
19.203125,9.466552734375,12.48779296875
19.205078,10.4736328125,13.29345703125
19.207031,11.279296875,14.300537109375
19.208984,12.286376953125,15.3076171875
19.210938,13.29345703125,16.11328125
19.212891,13.897705078125,16.9189453125
19.214844,14.501953125,17.523193359375
19.216797,14.90478515625,17.926025390625
19.21875,14.90478515625,17.926025390625
19.220703,14.703369140625,17.724609375
19.222656,14.300537109375,17.120361328125
19.224609,13.494873046875,16.51611328125
19.226562,12.689208984375,15.509033203125
19.228516,11.68212890625,14.703369140625
19.230469,10.675048828125,13.6962890625
19.232422,8.056640625,19.537353515625
19.234375,-1.20849609375,45.9228515625
19.236328,-2.81982421875,47.332763671875
19.238281,-6.84814453125,31.01806640625
19.240234,-6.646728515625,31.01806640625
19.242188,-6.646728515625,4.43115234375
19.244141,-6.04248046875,-1.007080078125
19.246094,-5.23681640625,-0.40283203125
19.248047,-4.43115234375,0.604248046875
19.25,-3.424072265625,1.611328125
19.251953,-2.4169921875,2.4169921875
19.253906,-1.611328125,3.424072265625
19.255859,-1.007080078125,4.0283203125
19.257812,-0.604248046875,4.43115234375
19.259766,-0.40283203125,4.632568359375
19.261719,-0.604248046875,4.43115234375
19.263672,-1.007080078125,4.0283203125
19.265625,-1.611328125,3.424072265625
19.267578,-2.4169921875,2.4169921875
19.269531,-3.424072265625,1.611328125
19.271484,-4.43115234375,0.604248046875
19.273438,-5.23681640625,-0.40283203125
19.275391,-6.04248046875,-1.007080078125
19.277344,-6.646728515625,-1.611328125
19.279297,-7.049560546875,-2.01416015625
19.28125,-7.049560546875,-2.01416015625
19.283203,-6.84814453125,-1.812744140625
19.285156,-6.243896484375,-1.20849609375
19.287109,-5.6396484375,-0.604248046875
19.289062,-4.632568359375,0.201416015625
19.291016,-3.826904296875,1.20849609375
19.292969,-2.81982421875,2.215576171875
19.294922,-2.01416015625,3.021240234375
19.296875,-1.20849609375,3.826904296875
19.298828,-0.8056640625,4.229736328125
19.300781,-0.40283203125,4.43115234375
19.302734,-0.604248046875,4.43115234375
19.304688,-0.8056640625,4.229736328125
19.306641,-1.409912109375,3.62548828125
19.308594,1.611328125,-4.833984375
19.310547,0.604248046875,-5.6396484375
19.3125,-0.40283203125,-6.646728515625
19.314453,-1.20849609375,-7.65380859375
19.316406,-2.01416015625,-8.45947265625
19.318359,-2.81982421875,-9.063720703125
19.320312,-3.22265625,-9.466552734375
19.322266,-3.22265625,-9.66796875
19.324219,-3.22265625,-9.466552734375
19.326172,-2.81982421875,-9.063720703125
19.328125,-2.01416015625,-8.45947265625
19.330078,3.62548828125,-1.409912109375
19.332031,4.632568359375,-0.40283203125
19.333984,5.438232421875,0.604248046875
19.335938,6.4453125,1.409912109375
19.337891,7.2509765625,2.215576171875
19.339844,7.855224609375,2.81982421875
19.341797,8.056640625,3.22265625
19.34375,8.056640625,3.22265625
19.345703,7.855224609375,3.021240234375
19.347656,7.452392578125,2.4169921875
19.349609,6.646728515625,1.812744140625
19.351562,5.841064453125,0.8056640625
19.353516,4.833984375,0.0
19.355469,3.826904296875,-1.007080078125
19.357422,3.021240234375,-2.01416015625
19.359375,2.215576171875,-2.618408203125
19.361328,1.812744140625,-3.22265625
19.363281,1.611328125,-3.424072265625
19.365234,1.611328125,-3.22265625
19.367188,2.01416015625,-3.021240234375
19.369141,2.618408203125,-2.4169921875
19.371094,3.22265625,-1.611328125
19.373047,4.229736328125,-0.8056640625
19.375,5.23681640625,0.201416015625
19.376953,6.04248046875,1.20849609375
19.378906,12.0849609375,23.3642578125
19.380859,12.689208984375,24.169921875
19.382812,13.092041015625,24.57275390625
19.384766,13.29345703125,24.57275390625
19.386719,13.092041015625,24.57275390625
19.388672,12.689208984375,24.169921875
19.390625,12.0849609375,23.3642578125
19.392578,11.077880859375,22.55859375
19.394531,10.272216796875,21.7529296875
19.396484,9.26513671875,20.745849609375
19.398438,8.258056640625,19.73876953125
19.400391,9.466552734375,25.177001953125
19.402344,8.8623046875,24.57275390625
19.404297,8.45947265625,24.371337890625
19.40625,8.45947265625,24.169921875
19.408203,8.660888671875,24.57275390625
19.410156,9.063720703125,24.9755859375
19.412109,9.869384765625,25.78125
19.414062,10.675048828125,26.5869140625
19.416016,11.68212890625,27.593994140625
19.417969,12.689208984375,28.60107421875
19.419922,13.494873046875,29.40673828125
19.421875,14.300537109375,30.010986328125
19.423828,14.703369140625,30.615234375
19.425781,14.90478515625,30.816650390625
19.427734,14.90478515625,30.816650390625
19.429688,14.703369140625,30.413818359375
19.431641,14.09912109375,29.8095703125
19.433594,13.29345703125,29.205322265625
19.435547,12.286376953125,28.1982421875
19.4375,11.279296875,27.191162109375
19.439453,10.4736328125,26.385498046875
19.441406,9.66796875,25.37841796875
19.443359,8.8623046875,24.774169921875
19.445312,8.45947265625,24.371337890625
19.447266,8.45947265625,24.169921875
19.449219,8.45947265625,24.371337890625
19.451172,8.8623046875,24.774169921875
19.453125,9.66796875,25.37841796875
19.455078,10.4736328125,26.385498046875
19.457031,11.279296875,27.191162109375
19.458984,12.286376953125,28.1982421875
19.460938,13.29345703125,29.205322265625
19.462891,14.09912109375,29.8095703125
19.464844,14.703369140625,30.413818359375
19.466797,14.90478515625,30.816650390625
19.46875,14.90478515625,30.816650390625
19.470703,14.703369140625,30.615234375
19.472656,14.300537109375,30.010986328125
19.474609,13.494873046875,29.40673828125
19.476562,12.689208984375,28.60107421875
19.478516,11.68212890625,27.593994140625
19.480469,10.675048828125,26.5869140625
19.482422,9.869384765625,25.78125
19.484375,9.063720703125,24.9755859375
19.486328,8.660888671875,24.57275390625
19.488281,8.45947265625,24.169921875
19.490234,8.45947265625,24.371337890625
19.492188,8.8623046875,24.57275390625
19.494141,9.466552734375,25.177001953125
19.496094,10.07080078125,25.982666015625
19.498047,11.077880859375,26.98974609375
19.5,12.0849609375,27.79541015625
19.501953,12.890625,28.802490234375
19.503906,13.6962890625,29.608154296875
19.505859,14.501953125,30.21240234375
19.507812,14.90478515625,30.615234375
19.509766,14.90478515625,30.816650390625
19.511719,14.90478515625,30.615234375
19.513672,14.501953125,30.21240234375
19.515625,13.6962890625,29.608154296875
19.517578,12.890625,28.802490234375
19.519531,19.73876953125,46.728515625
19.521484,18.731689453125,45.721435546875
19.523438,17.724609375,44.915771484375
19.525391,20.947265625,-6.646728515625
19.527344,20.343017578125,-7.2509765625
19.529297,19.940185546875,-7.65380859375
19.53125,19.940185546875,-7.65380859375
19.533203,13.494873046875,-8.45947265625
19.535156,13.897705078125,-8.056640625
19.537109,14.703369140625,-7.2509765625
19.539062,15.509033203125,-6.4453125
19.541016,16.51611328125,-5.438232421875
19.542969,17.32177734375,-4.43115234375
19.544922,18.328857421875,-3.62548828125
19.546875,18.93310546875,-2.81982421875
19.548828,19.537353515625,-2.4169921875
19.550781,19.73876953125,-2.215576171875
19.552734,18.5302734375,6.04248046875
19.554688,14.703369140625,16.717529296875
19.556641,14.09912109375,16.11328125
19.558594,13.29345703125,15.3076171875
19.560547,12.286376953125,14.300537109375
19.5625,11.480712890625,13.494873046875
19.564453,10.4736328125,12.48779296875
19.566406,9.66796875,11.68212890625
19.568359,8.8623046875,11.077880859375
19.570312,8.45947265625,10.675048828125
19.572266,8.45947265625,10.4736328125
19.574219,8.45947265625,10.675048828125
19.576172,8.8623046875,11.077880859375
19.578125,9.66796875,11.68212890625
19.580078,10.4736328125,12.48779296875
19.582031,11.480712890625,13.494873046875
19.583984,12.286376953125,14.300537109375
19.585938,13.29345703125,15.3076171875
19.587891,14.09912109375,16.11328125
19.589844,14.703369140625,16.717529296875
19.591797,8.056640625,41.693115234375
19.59375,8.056640625,41.693115234375
19.595703,7.855224609375,41.49169921875
19.597656,7.452392578125,41.0888671875
19.599609,6.646728515625,40.283203125
19.601562,5.841064453125,39.4775390625
19.603516,4.833984375,38.470458984375
19.605469,3.826904296875,37.46337890625
19.607422,3.021240234375,36.65771484375
19.609375,2.215576171875,36.053466796875
19.611328,1.812744140625,35.44921875
19.613281,1.611328125,35.247802734375
19.615234,1.611328125,35.247802734375
19.617188,2.01416015625,35.650634765625
19.619141,-1.007080078125,42.29736328125
19.621094,-0.201416015625,43.10302734375
19.623047,0.604248046875,43.90869140625
19.625,1.611328125,44.915771484375
19.626953,2.618408203125,45.9228515625
19.628906,3.424072265625,46.728515625
19.630859,4.0283203125,47.332763671875
19.632812,4.43115234375,47.735595703125
19.634766,4.632568359375,47.93701171875
19.636719,3.424072265625,52.77099609375
19.638672,3.021240234375,52.3681640625
19.640625,2.4169921875,51.763916015625
19.642578,1.611328125,50.958251953125
19.644531,0.604248046875,49.951171875
19.646484,-0.201416015625,48.944091796875
19.648438,-1.20849609375,48.138427734375
19.650391,-2.01416015625,47.332763671875
19.652344,-2.618408203125,46.728515625
19.654297,-2.81982421875,46.32568359375
19.65625,-3.021240234375,46.32568359375
19.658203,-2.618408203125,46.527099609375
19.660156,-2.215576171875,47.13134765625
19.662109,-1.409912109375,47.735595703125
19.664062,-0.604248046875,48.74267578125
19.666016,0.40283203125,49.54833984375
19.667969,1.409912109375,50.555419921875
19.669922,2.215576171875,51.361083984375
19.671875,2.81982421875,52.166748046875
19.673828,3.424072265625,52.569580078125
19.675781,0.8056640625,48.138427734375
19.677734,0.40283203125,43.10302734375
19.679688,-0.201416015625,39.4775390625
19.681641,-0.8056640625,38.873291015625
19.683594,-2.215576171875,9.66796875
19.685547,-3.22265625,8.8623046875
19.6875,-1.812744140625,-8.8623046875
19.689453,1.611328125,-2.215576171875
19.691406,0.8056640625,-3.021240234375
19.693359,0.201416015625,-3.826904296875
19.695312,-0.201416015625,-4.229736328125
19.697266,3.021240234375,5.035400390625
19.699219,3.021240234375,5.23681640625
19.701172,3.424072265625,5.6396484375
19.703125,4.229736328125,6.243896484375
19.705078,5.035400390625,7.049560546875
19.707031,5.841064453125,8.056640625
19.708984,6.84814453125,8.8623046875
19.710938,7.855224609375,9.869384765625
19.712891,8.660888671875,10.675048828125
19.714844,9.063720703125,11.279296875
19.716797,16.51611328125,39.4775390625
19.71875,16.51611328125,39.4775390625
19.720703,20.1416015625,49.1455078125
19.722656,19.537353515625,48.74267578125
19.724609,18.93310546875,47.93701171875
19.726562,17.926025390625,47.13134765625
19.728516,16.9189453125,46.124267578125
19.730469,16.11328125,45.318603515625
19.732422,15.106201171875,44.3115234375
19.734375,14.501953125,43.707275390625
19.736328,13.897705078125,43.10302734375
19.738281,13.6962890625,42.901611328125
19.740234,13.6962890625,42.901611328125
19.742188,14.09912109375,43.304443359375
19.744141,15.509033203125,45.9228515625
19.746094,18.328857421875,44.915771484375
19.748047,19.3359375,45.721435546875
19.75,20.1416015625,46.728515625
19.751953,21.148681640625,47.735595703125
19.753906,21.954345703125,48.541259765625
19.755859,22.55859375,49.1455078125
19.757812,22.96142578125,49.54833984375
19.759766,23.162841796875,49.749755859375
19.761719,22.96142578125,49.54833984375
19.763672,22.55859375,49.1455078125
19.765625,21.954345703125,48.541259765625
19.767578,21.148681640625,47.735595703125
19.769531,20.1416015625,46.728515625
19.771484,19.3359375,45.721435546875
19.773438,18.328857421875,44.915771484375
19.775391,17.523193359375,44.110107421875
19.777344,16.9189453125,43.505859375
19.779297,16.717529296875,43.10302734375
19.78125,16.51611328125,43.10302734375
19.783203,16.9189453125,43.304443359375
19.785156,17.32177734375,43.90869140625
19.787109,18.12744140625,44.512939453125
19.789062,18.93310546875,45.52001953125
19.791016,19.940185546875,46.32568359375
19.792969,20.947265625,47.332763671875
19.794922,21.7529296875,48.33984375
19.796875,22.357177734375,48.944091796875
19.798828,22.96142578125,49.54833984375
19.800781,23.162841796875,49.749755859375
19.802734,25.579833984375,42.498779296875
19.804688,26.385498046875,38.470458984375
19.806641,25.982666015625,37.8662109375
19.808594,24.9755859375,30.816650390625
19.810547,24.371337890625,4.632568359375
19.8125,23.3642578125,3.62548828125
19.814453,19.3359375,-11.480712890625
19.816406,18.5302734375,-12.286376953125
19.818359,17.926025390625,-12.890625
19.820312,17.523193359375,-13.29345703125
19.822266,17.32177734375,-13.494873046875
19.824219,17.523193359375,-13.29345703125
19.826172,17.926025390625,-12.890625
19.828125,16.51611328125,-10.07080078125
19.830078,17.32177734375,-9.26513671875
19.832031,18.328857421875,-8.45947265625
19.833984,19.134521484375,-7.452392578125
19.835938,20.1416015625,-6.4453125
19.837891,18.731689453125,-1.007080078125
19.839844,19.3359375,-0.40283203125
19.841797,19.537353515625,0.0
19.84375,19.73876953125,0.0
19.845703,19.3359375,-0.201416015625
19.847656,18.93310546875,-0.8056640625
19.849609,18.12744140625,-1.409912109375
19.851562,17.32177734375,-2.4169921875
19.853516,15.106201171875,3.021240234375
19.855469,14.300537109375,2.01416015625
19.857422,13.29345703125,1.20849609375
19.859375,12.689208984375,0.40283203125
19.861328,12.0849609375,0.0
19.863281,11.883544921875,-0.40283203125
19.865234,11.883544921875,-0.201416015625
19.867188,12.286376953125,0.0
19.869141,12.890625,0.604248046875
19.871094,13.6962890625,1.409912109375
19.873047,14.501953125,2.4169921875
19.875,13.6962890625,8.45947265625
19.876953,14.703369140625,9.466552734375
19.878906,15.509033203125,10.272216796875
19.880859,16.11328125,10.87646484375
19.882812,16.51611328125,11.279296875
19.884766,16.717529296875,11.480712890625
19.886719,16.51611328125,11.279296875
19.888672,16.11328125,10.87646484375
19.890625,15.509033203125,10.272216796875
19.892578,14.703369140625,9.466552734375
19.894531,13.6962890625,8.45947265625
19.896484,12.689208984375,7.452392578125
19.898438,11.883544921875,6.646728515625
19.900391,11.077880859375,5.841064453125
19.902344,10.4736328125,5.23681640625
19.904297,10.07080078125,5.035400390625
19.90625,10.07080078125,4.833984375
19.908203,10.272216796875,5.035400390625
19.910156,10.87646484375,5.6396484375
19.912109,11.480712890625,6.243896484375
19.914062,12.48779296875,7.2509765625
19.916016,6.243896484375,33.636474609375
19.917969,7.2509765625,34.6435546875
19.919922,8.056640625,35.44921875
19.921875,8.8623046875,36.2548828125
19.923828,9.26513671875,36.65771484375
19.925781,9.466552734375,36.859130859375
19.927734,9.466552734375,36.859130859375
19.929688,9.26513671875,36.456298828125
19.931641,8.660888671875,36.053466796875
19.933594,7.855224609375,35.247802734375
19.935547,6.84814453125,34.24072265625
19.9375,5.841064453125,33.233642578125
19.939453,5.035400390625,32.427978515625
19.941406,4.229736328125,31.622314453125
19.943359,3.424072265625,30.816650390625
19.945312,3.021240234375,30.413818359375
19.947266,3.021240234375,30.413818359375
19.949219,3.021240234375,30.413818359375
19.951172,3.424072265625,30.816650390625
19.953125,4.229736328125,31.622314453125
19.955078,5.035400390625,32.427978515625
19.957031,5.841064453125,33.233642578125
19.958984,6.84814453125,34.24072265625
19.960938,7.855224609375,35.247802734375
19.962891,8.660888671875,36.053466796875
19.964844,9.26513671875,36.456298828125
19.966797,9.466552734375,36.859130859375
19.96875,9.466552734375,36.859130859375
19.970703,9.26513671875,36.65771484375
19.972656,8.8623046875,36.2548828125
19.974609,2.215576171875,49.951171875
19.976562,1.409912109375,48.944091796875
19.978516,0.40283203125,48.138427734375
19.980469,-0.604248046875,47.13134765625
19.982422,-1.409912109375,46.32568359375
19.984375,-2.215576171875,45.52001953125
19.986328,-2.618408203125,44.915771484375
19.988281,-2.81982421875,44.71435546875
19.990234,-2.81982421875,44.915771484375
19.992188,-4.0283203125,42.901611328125
19.994141,-3.424072265625,43.505859375
19.996094,-2.81982421875,44.3115234375
19.998047,-1.812744140625,45.1171875
20.0,-0.8056640625,46.124267578125
20.001953,0.0,47.13134765625
20.003906,1.007080078125,47.93701171875
20.005859,1.611328125,48.541259765625
20.007812,2.01416015625,48.944091796875
20.009766,2.215576171875,49.1455078125
20.011719,2.01416015625,48.944091796875
20.013672,1.611328125,48.541259765625
20.015625,1.007080078125,47.93701171875
20.017578,0.0,47.13134765625
20.019531,-0.8056640625,46.124267578125
20.021484,-1.812744140625,45.1171875
20.023438,-2.81982421875,44.3115234375
20.025391,-3.424072265625,43.505859375
20.027344,-6.84814453125,33.233642578125
20.029297,-7.2509765625,33.0322265625
20.03125,-7.2509765625,33.0322265625
20.033203,-7.049560546875,33.233642578125
20.035156,-6.4453125,33.636474609375
20.037109,-5.841064453125,34.442138671875
20.039062,-4.833984375,35.247802734375
20.041016,-4.0283203125,36.2548828125
20.042969,-3.021240234375,37.261962890625
20.044922,-2.215576171875,38.067626953125
20.046875,-1.007080078125,31.219482421875
20.048828,-0.604248046875,31.622314453125
20.050781,-0.40283203125,32.025146484375
20.052734,-0.40283203125,31.82373046875
20.054688,-0.8056640625,31.622314453125
20.056641,-1.611328125,5.23681640625
20.058594,0.0,-8.258056640625
20.060547,-0.8056640625,-9.063720703125
20.0625,-1.812744140625,-10.07080078125
20.064453,1.611328125,-3.22265625
20.066406,0.8056640625,-4.0283203125
20.068359,7.2509765625,18.328857421875
20.070312,13.6962890625,40.887451171875
20.072266,13.6962890625,40.68603515625
20.074219,13.6962890625,40.887451171875
20.076172,18.12744140625,42.901611328125
20.078125,22.357177734375,26.385498046875
20.080078,21.7529296875,2.618408203125
20.082031,22.55859375,3.424072265625
20.083984,19.73876953125,-7.855224609375
20.085938,20.745849609375,-7.049560546875
20.087891,21.551513671875,-6.243896484375
20.089844,12.890625,24.371337890625
20.091797,8.056640625,42.901611328125
20.09375,2.01416015625,49.54833984375
20.095703,1.611328125,49.1455078125
20.097656,1.20849609375,48.74267578125
20.099609,0.40283203125,47.93701171875
20.101562,-0.40283203125,47.13134765625
20.103516,-1.409912109375,46.124267578125
20.105469,-2.215576171875,45.1171875
20.107422,-3.22265625,44.3115234375
20.109375,-3.826904296875,43.707275390625
20.111328,-4.43115234375,43.10302734375
20.113281,-7.2509765625,24.774169921875
20.115234,-7.049560546875,24.774169921875
20.117188,-6.84814453125,25.177001953125
20.119141,-6.243896484375,25.78125
20.121094,-5.438232421875,26.5869140625
20.123047,-4.632568359375,27.392578125
20.125,-3.62548828125,28.399658203125
20.126953,-2.215576171875,15.911865234375
20.128906,-1.409912109375,16.717529296875
20.130859,-0.8056640625,17.32177734375
20.132812,-0.40283203125,17.724609375
20.134766,-0.201416015625,17.926025390625
20.136719,-0.40283203125,17.724609375
20.138672,-1.409912109375,10.4736328125
20.140625,-2.01416015625,9.869384765625
20.142578,-2.81982421875,9.063720703125
20.144531,-3.826904296875,8.056640625
20.146484,-4.833984375,7.049560546875
20.148438,-5.6396484375,6.243896484375
20.150391,-6.4453125,5.438232421875
20.152344,-7.049560546875,4.833984375
20.154297,-7.452392578125,4.43115234375
20.15625,-7.452392578125,4.43115234375
20.158203,-7.2509765625,4.632568359375
20.160156,-6.646728515625,5.23681640625
20.162109,-6.04248046875,5.841064453125
20.164062,-5.035400390625,6.84814453125
20.166016,-4.0283203125,7.65380859375
20.167969,-3.22265625,8.660888671875
20.169922,-2.215576171875,9.466552734375
20.171875,-1.611328125,10.272216796875
20.173828,-1.007080078125,10.675048828125
20.175781,-0.8056640625,11.077880859375
20.177734,-0.8056640625,10.87646484375
20.179688,-1.20849609375,10.675048828125
20.181641,-1.812744140625,10.07080078125
20.183594,-2.618408203125,9.26513671875
20.185547,-0.40283203125,-7.049560546875
20.1875,-1.20849609375,-8.056640625
20.189453,-2.215576171875,-9.063720703125
20.191406,11.279296875,31.219482421875
20.193359,10.675048828125,30.615234375
20.195312,10.272216796875,30.21240234375
20.197266,10.07080078125,30.010986328125
20.199219,16.314697265625,46.728515625
20.201172,16.717529296875,47.13134765625
20.203125,17.32177734375,47.735595703125
20.205078,18.328857421875,48.74267578125
20.207031,19.134521484375,49.54833984375
20.208984,20.1416015625,50.555419921875
20.210938,21.148681640625,51.5625
20.212891,21.7529296875,52.166748046875
20.214844,22.357177734375,52.77099609375
20.216797,22.760009765625,53.173828125
20.21875,22.760009765625,53.173828125
20.220703,22.55859375,52.972412109375
20.222656,22.15576171875,52.569580078125
20.224609,21.35009765625,51.763916015625
20.226562,20.54443359375,50.958251953125
20.228516,19.537353515625,49.951171875
20.230469,18.5302734375,48.944091796875
20.232422,17.724609375,48.138427734375
20.234375,20.947265625,26.98974609375
20.236328,20.54443359375,26.5869140625
20.238281,20.343017578125,26.385498046875
20.240234,20.343017578125,26.385498046875
20.242188,20.745849609375,26.5869140625
20.244141,21.148681640625,27.191162109375
20.246094,21.954345703125,27.996826171875
20.248047,22.96142578125,29.00390625
20.25,23.968505859375,29.8095703125
20.251953,25.982666015625,23.3642578125
20.253906,26.788330078125,24.169921875
20.255859,27.392578125,24.774169921875
20.257812,27.79541015625,25.177001953125
20.259766,27.996826171875,25.37841796875
20.261719,27.79541015625,25.177001953125
20.263672,27.392578125,24.774169921875
20.265625,26.788330078125,24.169921875
20.267578,25.982666015625,23.3642578125
20.269531,24.9755859375,22.357177734375
20.271484,23.968505859375,21.35009765625
20.273438,23.162841796875,20.54443359375
20.275391,22.357177734375,19.73876953125
20.277344,21.7529296875,19.134521484375
20.279297,21.35009765625,18.731689453125
20.28125,20.54443359375,3.826904296875
20.283203,20.745849609375,4.0283203125
20.285156,21.148681640625,4.43115234375
20.287109,21.954345703125,5.23681640625
20.289062,22.760009765625,6.04248046875
20.291016,23.76708984375,7.049560546875
20.292969,24.774169921875,8.056640625
20.294922,25.579833984375,8.8623046875
20.296875,26.385498046875,9.66796875
20.298828,26.788330078125,10.07080078125
20.300781,26.98974609375,10.272216796875
20.302734,25.78125,1.812744140625
20.304688,25.579833984375,1.409912109375
20.306641,24.169921875,-4.0283203125
20.308594,23.3642578125,-4.833984375
20.310547,22.55859375,-5.6396484375
20.3125,21.551513671875,-6.646728515625
20.314453,20.54443359375,-7.65380859375
20.316406,19.73876953125,-8.45947265625
20.318359,19.134521484375,-9.063720703125
20.320312,18.731689453125,-9.466552734375
20.322266,18.5302734375,-9.66796875
20.324219,18.731689453125,-9.466552734375
20.326172,19.134521484375,-9.063720703125
20.328125,19.73876953125,-8.45947265625
20.330078,20.54443359375,-7.65380859375
20.332031,21.551513671875,-6.646728515625
20.333984,22.55859375,-5.6396484375
20.335938,23.3642578125,-4.833984375
20.337891,24.169921875,-4.0283203125
20.339844,24.774169921875,-3.424072265625
20.341797,22.96142578125,-2.618408203125
20.34375,22.96142578125,-2.4169921875
20.345703,22.760009765625,-2.618408203125
20.347656,19.537353515625,-2.618408203125
20.349609,18.731689453125,-3.22265625
20.351562,17.926025390625,-4.0283203125
20.353516,8.056640625,28.1982421875
20.355469,7.2509765625,27.191162109375
20.357422,2.618408203125,37.060546875
20.359375,-1.007080078125,45.52001953125
20.361328,-1.409912109375,45.1171875
20.363281,-1.611328125,44.915771484375
20.365234,-2.81982421875,46.124267578125
20.367188,-2.4169921875,46.527099609375
20.369141,-2.01416015625,47.13134765625
20.371094,-4.632568359375,33.636474609375
20.373047,-3.62548828125,34.6435546875
20.375,-2.618408203125,35.650634765625
20.376953,-1.812744140625,36.456298828125
20.378906,-0.8056640625,37.261962890625
20.380859,-0.201416015625,38.067626953125
20.382812,0.201416015625,38.470458984375
20.384766,0.40283203125,38.470458984375
20.386719,0.201416015625,38.470458984375
20.388672,-0.201416015625,38.067626953125
20.390625,-0.8056640625,37.261962890625
20.392578,-1.812744140625,36.456298828125
20.394531,-2.618408203125,35.650634765625
20.396484,-3.62548828125,34.6435546875
20.398438,-4.632568359375,33.636474609375
20.400391,-5.23681640625,33.0322265625
20.402344,-5.841064453125,32.427978515625
20.404297,-6.243896484375,32.025146484375
20.40625,-6.243896484375,32.025146484375
20.408203,-6.243896484375,0.40283203125
20.410156,-5.6396484375,0.8056640625
20.412109,-5.035400390625,1.611328125
20.414062,-4.0283203125,2.4169921875
20.416016,-3.021240234375,3.424072265625
20.417969,-1.409912109375,-2.01416015625
20.419922,-0.604248046875,-1.007080078125
20.421875,0.201416015625,-0.40283203125
20.423828,0.604248046875,0.201416015625
20.425781,0.8056640625,0.40283203125
20.427734,0.8056640625,0.40283203125
20.429688,0.40283203125,0.0
20.431641,0.0,-0.604248046875
20.433594,-0.8056640625,-4.632568359375
20.435547,-1.611328125,-5.6396484375
20.4375,-2.618408203125,-6.4453125
20.439453,-3.62548828125,-7.452392578125
20.441406,-4.43115234375,-8.258056640625
20.443359,-5.035400390625,-8.8623046875
20.445312,-5.438232421875,-9.26513671875
20.447266,-5.6396484375,-9.466552734375
20.449219,-5.438232421875,-9.26513671875
20.451172,-5.035400390625,-8.8623046875
20.453125,-4.43115234375,-8.258056640625
20.455078,-3.62548828125,-7.452392578125
20.457031,-2.618408203125,-6.4453125
20.458984,-1.611328125,-5.6396484375
20.460938,-0.8056640625,-4.632568359375
20.462891,0.0,-3.826904296875
20.464844,0.604248046875,-3.22265625
20.466797,1.007080078125,-3.021240234375
20.46875,1.007080078125,-2.81982421875
20.470703,0.8056640625,-3.22265625
20.472656,0.201416015625,-3.62548828125
20.474609,-0.40283203125,-4.43115234375
20.476562,-1.409912109375,-5.23681640625
20.478516,-2.215576171875,-6.243896484375
20.480469,-3.22265625,-7.049560546875
20.482422,-4.229736328125,-8.056640625
20.484375,-4.833984375,-8.660888671875
20.486328,-5.438232421875,-9.26513671875
20.488281,-5.6396484375,-9.466552734375
20.490234,-5.6396484375,-9.466552734375
20.492188,-5.23681640625,-9.063720703125
20.494141,-4.632568359375,-8.45947265625
20.496094,-3.826904296875,-7.65380859375
20.498047,-3.021240234375,-6.84814453125
20.5,3.424072265625,-4.833984375
20.501953,9.466552734375,15.106201171875
20.503906,10.272216796875,15.911865234375
20.505859,16.11328125,37.8662109375
20.507812,16.51611328125,38.26904296875
20.509766,19.73876953125,49.749755859375
20.511719,19.537353515625,49.54833984375
20.513672,19.134521484375,49.1455078125
20.515625,18.5302734375,48.541259765625
20.517578,17.724609375,47.735595703125
20.519531,16.717529296875,46.728515625
20.521484,19.940185546875,44.512939453125
20.523438,19.134521484375,43.505859375
20.525391,18.328857421875,42.7001953125
20.527344,17.724609375,42.095947265625
20.529297,17.32177734375,41.89453125
20.53125,17.32177734375,41.693115234375
20.533203,17.523193359375,42.095947265625
20.535156,18.12744140625,42.498779296875
20.537109,18.731689453125,43.304443359375
20.539062,19.73876953125,44.110107421875
20.541016,20.54443359375,45.1171875
20.542969,21.551513671875,46.124267578125
20.544922,22.357177734375,46.929931640625
20.546875,23.162841796875,47.5341796875
20.548828,23.565673828125,48.138427734375
20.550781,23.968505859375,48.33984375
20.552734,23.76708984375,48.33984375
20.554688,23.565673828125,47.93701171875
20.556641,22.96142578125,47.332763671875
20.558594,22.15576171875,46.527099609375
20.560547,21.35009765625,45.721435546875
20.5625,20.343017578125,44.71435546875
20.564453,19.3359375,43.707275390625
20.566406,18.5302734375,42.901611328125
20.568359,17.926025390625,42.29736328125
20.570312,17.523193359375,41.89453125
20.572266,17.32177734375,41.693115234375
20.574219,17.523193359375,41.89453125
20.576172,17.926025390625,42.29736328125
20.578125,20.745849609375,33.43505859375
20.580078,21.551513671875,34.24072265625
20.582031,22.55859375,35.247802734375
20.583984,23.565673828125,36.053466796875
20.585938,24.371337890625,37.060546875
20.587891,25.177001953125,37.8662109375
20.589844,25.78125,38.470458984375
20.591797,26.18408203125,38.671875
20.59375,26.18408203125,38.671875
20.595703,25.982666015625,38.470458984375
20.597656,25.37841796875,38.067626953125
20.599609,24.774169921875,37.261962890625
20.601562,23.76708984375,36.456298828125
20.603516,22.96142578125,35.44921875
20.605469,21.954345703125,34.442138671875
20.607422,21.148681640625,33.636474609375
20.609375,20.343017578125,32.830810546875
20.611328,19.73876953125,32.427978515625
20.613281,19.537353515625,32.2265625
20.615234,19.73876953125,32.2265625
20.617188,20.947265625,19.134521484375
20.619141,21.551513671875,19.73876953125
20.621094,22.357177734375,20.54443359375
20.623047,23.162841796875,21.35009765625
20.625,24.169921875,22.357177734375
20.626953,25.177001953125,23.3642578125
20.628906,25.982666015625,24.169921875
20.630859,26.5869140625,24.774169921875
20.632812,26.98974609375,25.177001953125
20.634766,27.191162109375,25.37841796875
20.636719,26.98974609375,25.177001953125
20.638672,26.5869140625,24.774169921875
20.640625,25.982666015625,24.169921875
20.642578,25.177001953125,23.3642578125
20.644531,24.169921875,22.357177734375
20.646484,23.162841796875,21.35009765625
20.648438,22.357177734375,20.54443359375
20.650391,21.551513671875,19.73876953125
20.652344,20.947265625,19.134521484375
20.654297,20.54443359375,18.731689453125
20.65625,20.54443359375,18.731689453125
20.658203,20.745849609375,18.93310546875
20.660156,21.35009765625,19.537353515625
20.662109,21.954345703125,20.1416015625
20.664062,22.357177734375,0.8056640625
20.666016,23.3642578125,1.611328125
20.667969,24.371337890625,2.618408203125
20.669922,25.177001953125,3.424072265625
20.671875,25.982666015625,4.229736328125
20.673828,26.385498046875,4.833984375
20.675781,26.5869140625,5.035400390625
20.677734,26.5869140625,4.833984375
20.679688,26.18408203125,4.632568359375
20.681641,25.579833984375,4.0283203125
20.683594,24.9755859375,3.22265625
20.685547,23.968505859375,2.4169921875
20.6875,22.96142578125,1.409912109375
20.689453,22.15576171875,0.40283203125
20.691406,21.148681640625,-0.40283203125
20.693359,20.54443359375,-1.007080078125
20.695312,20.1416015625,-1.409912109375
20.697266,17.523193359375,-13.092041015625
20.699219,17.724609375,-13.092041015625
20.701172,18.12744140625,-12.689208984375
20.703125,18.731689453125,-11.883544921875
20.705078,19.537353515625,-11.077880859375
20.707031,20.54443359375,-10.272216796875
20.708984,21.35009765625,-9.26513671875
20.710938,22.357177734375,-8.258056640625
20.712891,23.162841796875,-7.452392578125
20.714844,23.76708984375,-7.049560546875
20.716797,22.760009765625,-5.6396484375
20.71875,22.96142578125,-5.438232421875
20.720703,22.55859375,-5.841064453125
20.722656,22.15576171875,-6.243896484375
20.724609,21.35009765625,-7.049560546875
20.726562,20.54443359375,-7.855224609375
20.728516,19.537353515625,-8.8623046875
20.730469,18.731689453125,-9.66796875
20.732422,17.724609375,-10.675048828125
20.734375,17.120361328125,-11.279296875
20.736328,15.3076171875,-9.66796875
20.738281,15.106201171875,-9.869384765625
20.740234,15.106201171875,-9.869384765625
20.742188,15.509033203125,-9.466552734375
20.744141,16.11328125,-8.8623046875
20.746094,16.717529296875,-8.056640625
20.748047,17.724609375,-7.2509765625
20.75,18.731689453125,-6.243896484375
20.751953,19.537353515625,-5.23681640625
20.753906,20.54443359375,-4.43115234375
20.755859,21.148681640625,-3.826904296875
20.757812,21.551513671875,-3.424072265625
20.759766,21.7529296875,-3.22265625
20.761719,21.551513671875,-3.424072265625
20.763672,21.148681640625,-3.826904296875
20.765625,20.54443359375,-4.43115234375
20.767578,19.537353515625,-5.23681640625
20.769531,18.731689453125,-6.243896484375
20.771484,17.724609375,-7.2509765625
20.773438,16.717529296875,-8.056640625
20.775391,12.689208984375,-0.8056640625
20.777344,12.0849609375,-1.409912109375
20.779297,11.68212890625,-1.611328125
20.78125,11.68212890625,-1.812744140625
20.783203,11.883544921875,-1.611328125
20.785156,12.48779296875,-1.007080078125
20.787109,13.092041015625,-0.201416015625
20.789062,14.09912109375,0.604248046875
20.791016,14.90478515625,1.611328125
20.792969,15.911865234375,2.4169921875
20.794922,16.9189453125,3.424072265625
20.796875,17.523193359375,4.0283203125
20.798828,18.12744140625,4.632568359375
20.800781,18.328857421875,4.833984375
20.802734,18.328857421875,4.833984375
20.804688,17.926025390625,4.43115234375
20.806641,17.32177734375,3.826904296875
20.808594,16.51611328125,3.021240234375
20.810547,15.71044921875,2.215576171875
20.8125,14.703369140625,1.20849609375
20.814453,13.6962890625,0.201416015625
20.816406,12.890625,-0.604248046875
20.818359,12.286376953125,-1.20849609375
20.820312,11.883544921875,-1.611328125
20.822266,11.68212890625,-1.812744140625
20.824219,11.883544921875,-1.611328125
20.826172,12.286376953125,-1.20849609375
20.828125,12.890625,-0.604248046875
20.830078,7.049560546875,26.385498046875
20.832031,7.855224609375,27.191162109375
20.833984,8.8623046875,28.1982421875
20.835938,9.869384765625,29.205322265625
20.837891,10.4736328125,30.010986328125
20.839844,11.077880859375,30.413818359375
20.841797,7.855224609375,43.90869140625
20.84375,8.056640625,43.90869140625
20.845703,5.841064453125,46.124267578125
20.847656,5.23681640625,45.52001953125
20.849609,-1.409912109375,42.095947265625
20.851562,-2.215576171875,41.290283203125
20.853516,-3.22265625,40.283203125
20.855469,-4.833984375,21.148681640625
20.857422,-5.6396484375,20.1416015625
20.859375,-6.4453125,19.537353515625
20.861328,-6.84814453125,18.93310546875
20.863281,-5.438232421875,-9.466552734375
20.865234,-5.438232421875,-9.466552734375
20.867188,-5.23681640625,-9.063720703125
20.869141,-4.632568359375,-8.45947265625
20.871094,-3.826904296875,-7.65380859375
20.873047,-2.81982421875,-6.84814453125
20.875,-1.812744140625,-5.841064453125
20.876953,-1.007080078125,-4.833984375
20.878906,-0.201416015625,-4.0283203125
20.880859,0.604248046875,-3.424072265625
20.882812,1.007080078125,-3.021240234375
20.884766,1.007080078125,-2.81982421875
20.886719,1.007080078125,-3.021240234375
20.888672,0.604248046875,-3.424072265625
20.890625,-0.201416015625,-4.0283203125
20.892578,1.20849609375,-6.04248046875
20.894531,3.22265625,-1.007080078125
20.896484,2.4169921875,-2.01416015625
20.898438,1.409912109375,-3.021240234375
20.900391,0.604248046875,-3.826904296875
20.902344,0.0,-4.229736328125
20.904297,-0.201416015625,-4.632568359375
20.90625,-0.201416015625,-4.632568359375
20.908203,0.0,-4.43115234375
20.910156,3.826904296875,4.229736328125
20.912109,4.632568359375,4.833984375
20.914062,5.438232421875,5.841064453125
20.916016,6.4453125,6.84814453125
20.917969,7.452392578125,7.65380859375
20.919922,8.258056640625,8.660888671875
20.921875,9.063720703125,9.26513671875
20.923828,9.466552734375,9.869384765625
20.925781,9.66796875,10.07080078125
20.927734,9.66796875,10.07080078125
20.929688,9.26513671875,9.66796875
20.931641,8.8623046875,9.063720703125
20.933594,8.056640625,8.258056640625
20.935547,7.049560546875,7.452392578125
20.9375,6.04248046875,6.4453125
20.939453,5.23681640625,5.438232421875
20.941406,4.43115234375,4.632568359375
20.943359,3.62548828125,4.0283203125
20.945312,3.22265625,3.62548828125
20.947266,3.22265625,3.424072265625
20.949219,3.22265625,3.62548828125
20.951172,3.62548828125,4.0283203125
20.953125,4.43115234375,4.632568359375
20.955078,5.23681640625,5.438232421875
20.957031,6.04248046875,6.4453125
20.958984,7.049560546875,7.452392578125
20.960938,8.056640625,8.258056640625
20.962891,8.8623046875,9.063720703125
20.964844,9.26513671875,9.66796875
20.966797,9.66796875,10.07080078125
20.96875,9.66796875,10.07080078125
20.970703,9.466552734375,9.869384765625
20.972656,9.063720703125,9.26513671875
20.974609,8.258056640625,8.660888671875
20.976562,7.452392578125,7.65380859375
20.978516,6.4453125,6.84814453125
20.980469,5.438232421875,5.841064453125
20.982422,11.480712890625,31.82373046875
20.984375,10.87646484375,31.01806640625
20.986328,10.272216796875,30.615234375
20.988281,10.07080078125,30.413818359375
20.990234,10.07080078125,30.413818359375
20.992188,10.4736328125,30.816650390625
20.994141,17.120361328125,48.541259765625
20.996094,19.940185546875,41.290283203125
20.998047,20.745849609375,42.29736328125
21.0,21.7529296875,43.304443359375
21.001953,22.760009765625,44.110107421875
21.003906,25.78125,23.968505859375
21.005859,26.5869140625,24.774169921875
21.007812,26.98974609375,25.177001953125
21.009766,26.98974609375,25.177001953125
21.011719,26.98974609375,25.177001953125
21.013672,26.5869140625,24.774169921875
21.015625,26.5869140625,16.717529296875
21.017578,25.78125,15.911865234375
21.019531,24.774169921875,14.90478515625
21.021484,23.76708984375,13.897705078125
21.023438,22.96142578125,13.092041015625
21.025391,22.15576171875,12.286376953125
21.027344,21.551513671875,11.68212890625
21.029297,21.148681640625,11.480712890625
21.03125,21.148681640625,11.279296875
21.033203,21.35009765625,11.68212890625
21.035156,21.954345703125,12.0849609375
21.037109,22.55859375,12.890625
21.039062,23.565673828125,13.6962890625
21.041016,24.371337890625,14.703369140625
21.042969,25.37841796875,15.509033203125
21.044922,26.18408203125,16.51611328125
21.046875,25.982666015625,5.438232421875
21.048828,26.5869140625,5.841064453125
21.050781,26.788330078125,6.243896484375
21.052734,26.788330078125,6.04248046875
21.054688,26.385498046875,5.841064453125
21.056641,25.78125,5.23681640625
21.058594,24.9755859375,4.43115234375
21.060547,24.169921875,3.424072265625
21.0625,23.162841796875,2.618408203125
21.064453,22.15576171875,1.611328125
21.066406,21.35009765625,0.8056640625
21.068359,20.745849609375,0.201416015625
21.070312,20.343017578125,-0.201416015625
21.072266,20.1416015625,-0.40283203125
21.074219,20.343017578125,-0.201416015625
21.076172,20.745849609375,0.201416015625
21.078125,21.35009765625,0.8056640625
21.080078,22.15576171875,1.611328125
21.082031,23.162841796875,2.618408203125
21.083984,24.169921875,3.424072265625
21.085938,24.9755859375,4.43115234375
21.087891,22.96142578125,-8.45947265625
21.089844,23.565673828125,-7.855224609375
21.091797,23.968505859375,-7.452392578125
21.09375,23.968505859375,-7.452392578125
21.095703,23.76708984375,-7.65380859375
21.097656,23.162841796875,-8.258056640625
21.099609,22.55859375,-8.8623046875
21.101562,21.551513671875,-9.869384765625
21.103516,20.745849609375,-10.675048828125
21.105469,19.73876953125,-11.68212890625
21.107422,18.93310546875,-12.48779296875
21.109375,18.12744140625,-13.29345703125
21.111328,17.523193359375,-13.6962890625
21.113281,17.32177734375,-14.09912109375
21.115234,17.523193359375,-13.897705078125
21.117188,17.724609375,-13.6962890625
21.119141,18.328857421875,-13.092041015625
21.121094,19.134521484375,-12.286376953125
21.123047,19.940185546875,-11.480712890625
21.125,20.947265625,-10.4736328125
21.126953,17.724609375,0.0
21.128906,18.5302734375,1.007080078125
21.130859,19.134521484375,1.611328125
21.132812,19.537353515625,2.01416015625
21.134766,19.73876953125,2.215576171875
21.136719,19.537353515625,2.01416015625
21.138672,19.134521484375,1.611328125
21.140625,18.5302734375,1.007080078125
21.142578,17.724609375,0.0
21.144531,15.509033203125,1.409912109375
21.146484,14.703369140625,0.40283203125
21.148438,13.6962890625,-0.40283203125
21.150391,12.890625,-1.20849609375
21.152344,12.286376953125,-1.812744140625
21.154297,12.0849609375,-2.215576171875
21.15625,11.883544921875,-2.215576171875
21.158203,12.286376953125,-2.01416015625
21.160156,12.689208984375,-1.409912109375
21.162109,13.494873046875,-0.8056640625
21.164062,14.300537109375,0.201416015625
21.166016,15.3076171875,1.007080078125
21.167969,16.11328125,2.01416015625
21.169922,17.120361328125,3.021240234375
21.171875,17.724609375,3.62548828125
21.173828,18.328857421875,4.229736328125
21.175781,18.5302734375,4.43115234375
21.177734,18.5302734375,4.229736328125
21.179688,18.12744140625,4.0283203125
21.181641,14.09912109375,16.9189453125
21.183594,13.29345703125,16.11328125
21.185547,12.48779296875,15.106201171875
21.1875,11.480712890625,14.09912109375
21.189453,10.4736328125,13.29345703125
21.191406,9.66796875,12.48779296875
21.193359,9.063720703125,11.68212890625
21.195312,8.660888671875,11.279296875
21.197266,8.45947265625,11.279296875
21.199219,8.660888671875,11.279296875
21.201172,9.063720703125,11.68212890625
21.203125,9.66796875,12.48779296875
21.205078,10.4736328125,13.29345703125
21.207031,11.480712890625,14.09912109375
21.208984,12.48779296875,15.106201171875
21.210938,13.29345703125,16.11328125
21.212891,14.09912109375,16.9189453125
21.214844,14.703369140625,17.523193359375
21.216797,14.90478515625,17.724609375
21.21875,15.106201171875,17.724609375
21.220703,14.90478515625,17.523193359375
21.222656,14.300537109375,17.120361328125
21.224609,13.494873046875,16.314697265625
21.226562,12.689208984375,15.509033203125
21.228516,11.68212890625,14.501953125
21.230469,10.87646484375,13.494873046875
21.232422,9.869384765625,12.689208984375
21.234375,2.01416015625,36.053466796875
21.236328,0.0,39.88037109375
21.238281,-0.201416015625,39.678955078125
21.240234,-0.201416015625,39.678955078125
21.242188,-4.833984375,39.678955078125
21.244141,-5.841064453125,39.276123046875
21.246094,-5.035400390625,40.081787109375
21.248047,-4.229736328125,40.887451171875
21.25,-3.22265625,41.89453125
21.251953,-2.215576171875,2.01416015625
21.253906,-1.409912109375,2.81982421875
21.255859,-0.604248046875,3.62548828125
21.257812,1.20849609375,-4.632568359375
21.259766,1.409912109375,-4.43115234375
21.261719,1.20849609375,-4.632568359375
21.263672,0.8056640625,-5.035400390625
21.265625,0.201416015625,-5.6396484375
21.267578,-0.604248046875,-6.4453125
21.269531,-1.611328125,-7.452392578125
21.271484,-2.618408203125,-8.258056640625
21.273438,1.409912109375,-6.646728515625
21.275391,0.8056640625,-7.452392578125
21.277344,0.201416015625,-8.056640625
21.279297,-0.201416015625,-8.258056640625
21.28125,-0.201416015625,-8.45947265625
21.283203,3.22265625,5.23681640625
21.285156,3.826904296875,5.841064453125
21.287109,4.43115234375,6.4453125
21.289062,5.23681640625,7.2509765625
21.291016,6.243896484375,8.258056640625
21.292969,7.2509765625,9.26513671875
21.294922,8.056640625,10.07080078125
21.296875,8.8623046875,10.87646484375
21.298828,9.26513671875,11.279296875
21.300781,9.66796875,11.480712890625
21.302734,9.466552734375,11.480712890625
21.304688,9.26513671875,11.279296875
21.306641,8.660888671875,10.675048828125
21.308594,7.855224609375,9.869384765625
21.310547,6.84814453125,8.8623046875
21.3125,6.04248046875,8.056640625
21.314453,5.035400390625,7.049560546875
21.316406,4.229736328125,6.243896484375
21.318359,7.2509765625,18.731689453125
21.320312,6.646728515625,18.328857421875
21.322266,6.646728515625,18.12744140625
21.324219,6.646728515625,18.328857421875
21.326172,7.2509765625,18.731689453125
21.328125,7.855224609375,19.3359375
21.330078,8.660888671875,20.1416015625
21.332031,9.66796875,21.148681640625
21.333984,10.4736328125,21.954345703125
21.335938,11.480712890625,22.96142578125
21.337891,12.286376953125,23.76708984375
21.339844,12.890625,24.371337890625
21.341797,16.51611328125,37.664794921875
21.34375,16.717529296875,37.8662109375
21.345703,16.314697265625,37.664794921875
21.347656,15.911865234375,37.060546875
21.349609,15.106201171875,36.2548828125
21.351562,14.300537109375,35.44921875
21.353516,13.29345703125,34.442138671875
21.355469,12.48779296875,33.636474609375
21.357422,11.480712890625,32.62939453125
21.359375,10.87646484375,32.025146484375
21.361328,10.272216796875,31.4208984375
21.363281,10.07080078125,31.219482421875
21.365234,10.07080078125,31.219482421875
21.367188,10.4736328125,31.622314453125
21.369141,11.077880859375,32.2265625
21.371094,11.883544921875,33.0322265625
21.373047,12.689208984375,33.837890625
21.375,13.6962890625,34.844970703125
21.376953,14.703369140625,35.85205078125
21.378906,15.509033203125,36.65771484375
21.380859,16.11328125,37.261962890625
21.382812,16.51611328125,37.664794921875
21.384766,16.717529296875,37.8662109375
21.386719,16.51611328125,37.664794921875
21.388672,16.11328125,37.261962890625
21.390625,15.509033203125,36.65771484375
21.392578,14.703369140625,35.85205078125
21.394531,13.6962890625,34.844970703125
21.396484,12.689208984375,33.837890625
21.398438,11.883544921875,33.0322265625
21.400391,11.077880859375,32.2265625
21.402344,10.4736328125,31.622314453125
21.404297,10.07080078125,31.219482421875
21.40625,10.07080078125,31.219482421875
21.408203,10.272216796875,31.4208984375
21.410156,10.87646484375,32.025146484375
21.412109,18.93310546875,43.505859375
21.414062,19.73876953125,44.512939453125
21.416016,20.745849609375,45.318603515625
21.417969,24.169921875,42.7001953125
21.419922,25.177001953125,30.413818359375
21.421875,26.98974609375,17.926025390625
21.423828,27.392578125,18.328857421875
21.425781,26.5869140625,4.43115234375
21.427734,26.385498046875,4.229736328125
21.429688,24.169921875,-7.855224609375
21.431641,23.565673828125,-8.258056640625
21.433594,22.96142578125,-9.063720703125
21.435547,21.954345703125,-10.07080078125
21.4375,20.947265625,-11.077880859375
21.439453,20.1416015625,-11.883544921875
21.441406,19.134521484375,-12.689208984375
21.443359,18.5302734375,-13.494873046875
21.445312,18.12744140625,-13.897705078125
21.447266,17.926025390625,-13.897705078125
21.449219,18.12744140625,-13.897705078125
21.451172,18.5302734375,-13.494873046875
21.453125,19.134521484375,-12.689208984375
21.455078,13.897705078125,1.812744140625
21.457031,14.703369140625,2.81982421875
21.458984,15.71044921875,3.826904296875
21.460938,16.717529296875,4.632568359375
21.462891,17.32177734375,5.438232421875
21.464844,17.926025390625,6.04248046875
21.466797,18.328857421875,6.243896484375
21.46875,18.328857421875,6.4453125
21.470703,18.12744140625,6.04248046875
21.472656,17.724609375,5.6396484375
21.474609,16.9189453125,4.833984375
21.476562,16.11328125,4.0283203125
21.478516,11.68212890625,14.501953125
21.480469,10.675048828125,13.494873046875
21.482422,9.869384765625,12.48779296875
21.484375,9.063720703125,11.883544921875
21.486328,8.660888671875,11.279296875
21.488281,8.258056640625,11.077880859375
21.490234,6.646728515625,18.12744140625
21.492188,7.049560546875,18.5302734375
21.494141,7.65380859375,19.134521484375
21.496094,8.258056640625,19.940185546875
21.498047,9.26513671875,20.745849609375
21.5,10.272216796875,21.7529296875
21.501953,11.077880859375,22.760009765625
21.503906,12.0849609375,23.565673828125
21.505859,12.689208984375,24.169921875
21.507812,13.092041015625,24.57275390625
21.509766,13.29345703125,24.774169921875
21.511719,13.092041015625,24.57275390625
21.513672,12.689208984375,24.169921875
21.515625,12.0849609375,23.565673828125
21.517578,11.077880859375,22.760009765625
21.519531,10.272216796875,21.7529296875
21.521484,9.26513671875,20.745849609375
21.523438,8.258056640625,19.940185546875
21.525391,7.65380859375,19.134521484375
21.527344,7.049560546875,18.5302734375
21.529297,1.611328125,37.664794921875
21.53125,1.611328125,37.664794921875
21.533203,1.812744140625,37.8662109375
21.535156,2.4169921875,38.470458984375
21.537109,3.021240234375,39.07470703125
21.539062,3.826904296875,40.081787109375
21.541016,4.833984375,41.0888671875
21.542969,5.841064453125,41.89453125
21.544922,6.646728515625,42.901611328125
21.546875,7.452392578125,43.505859375
21.548828,7.855224609375,44.110107421875
21.550781,8.258056640625,44.3115234375
21.552734,8.056640625,44.3115234375
21.554688,7.855224609375,43.90869140625
21.556641,7.2509765625,43.304443359375
21.558594,6.4453125,42.498779296875
21.560547,5.438232421875,41.693115234375
21.5625,4.632568359375,40.68603515625
21.564453,3.62548828125,39.678955078125
21.566406,2.81982421875,38.873291015625
21.568359,-1.409912109375,43.505859375
21.570312,-1.812744140625,43.10302734375
21.572266,-1.812744140625,42.901611328125
21.574219,-1.812744140625,43.10302734375
21.576172,-1.409912109375,43.505859375
21.578125,-0.604248046875,44.110107421875
21.580078,0.201416015625,45.1171875
21.582031,1.007080078125,45.9228515625
21.583984,2.01416015625,46.929931640625
21.585938,3.021240234375,47.93701171875
21.587891,3.826904296875,48.541259765625
21.589844,4.229736328125,49.1455078125
21.591797,4.632568359375,49.54833984375
21.59375,4.632568359375,49.54833984375
21.595703,2.01416015625,52.77099609375
21.597656,1.611328125,52.3681640625
21.599609,0.8056640625,51.5625
21.601562,0.0,50.7568359375
21.603516,-1.007080078125,49.749755859375
21.605469,-1.812744140625,48.74267578125
21.607422,-5.23681640625,27.593994140625
21.609375,-6.84814453125,6.243896484375
21.611328,-7.452392578125,5.6396484375
21.613281,-4.229736328125,-12.48779296875
21.615234,-4.229736328125,-12.48779296875
21.617188,-3.826904296875,-12.0849609375
21.619141,-3.22265625,-11.480712890625
21.621094,-2.4169921875,-10.675048828125
21.623047,-1.611328125,-9.869384765625
21.625,-0.604248046875,-8.8623046875
21.626953,0.201416015625,-7.855224609375
21.628906,1.20849609375,-7.049560546875
21.630859,1.812744140625,-6.4453125
21.632812,2.215576171875,-6.04248046875
21.634766,2.4169921875,-5.841064453125
21.636719,2.215576171875,-6.04248046875
21.638672,1.812744140625,-6.4453125
21.640625,1.20849609375,-7.049560546875
21.642578,0.201416015625,-7.855224609375
21.644531,-0.604248046875,-8.8623046875
21.646484,-1.611328125,-9.869384765625
21.648438,-2.4169921875,-10.675048828125
21.650391,-3.22265625,-11.480712890625
21.652344,-3.826904296875,-12.0849609375
21.654297,-4.229736328125,-12.48779296875
21.65625,-4.229736328125,-12.48779296875
21.658203,-4.0283203125,-12.286376953125
21.660156,-3.424072265625,-11.68212890625
21.662109,-2.81982421875,-11.077880859375
21.664062,-2.01416015625,-10.07080078125
21.666016,2.81982421875,-4.229736328125
21.667969,3.826904296875,-3.424072265625
21.669922,4.632568359375,-2.4169921875
21.671875,5.438232421875,-1.812744140625
21.673828,11.077880859375,17.724609375
21.675781,11.279296875,17.926025390625
21.677734,11.279296875,17.926025390625
21.679688,10.87646484375,17.523193359375
21.681641,10.4736328125,16.9189453125
21.683594,9.66796875,16.314697265625
21.685547,10.4736328125,21.954345703125
21.6875,9.66796875,20.947265625
21.689453,8.660888671875,20.1416015625
21.691406,7.855224609375,19.3359375
21.693359,7.2509765625,18.5302734375
21.695312,6.646728515625,18.12744140625
21.697266,6.646728515625,18.12744140625
21.699219,6.646728515625,18.12744140625
21.701172,7.2509765625,18.5302734375
21.703125,7.855224609375,19.3359375
21.705078,8.660888671875,20.1416015625
21.707031,9.66796875,20.947265625
21.708984,10.4736328125,21.954345703125
21.710938,11.480712890625,22.96142578125
21.712891,12.286376953125,23.76708984375
21.714844,12.890625,24.169921875
21.716797,13.092041015625,24.57275390625
21.71875,13.092041015625,24.57275390625
21.720703,12.890625,24.371337890625
21.722656,12.48779296875,23.968505859375
21.724609,11.68212890625,23.162841796875
21.726562,10.87646484375,22.357177734375
21.728516,9.869384765625,21.35009765625
21.730469,8.8623046875,20.343017578125
21.732422,8.056640625,19.537353515625
21.734375,7.2509765625,18.731689453125
21.736328,6.84814453125,18.328857421875
21.738281,6.646728515625,18.12744140625
21.740234,6.646728515625,18.12744140625
21.742188,7.049560546875,18.5302734375
21.744141,7.65380859375,18.93310546875
21.746094,8.258056640625,19.73876953125
21.748047,9.26513671875,20.745849609375
21.75,10.272216796875,21.7529296875
21.751953,11.077880859375,22.55859375
21.753906,18.93310546875,47.93701171875
21.755859,19.537353515625,48.541259765625
21.757812,20.1416015625,48.944091796875
21.759766,20.1416015625,49.1455078125
21.761719,20.1416015625,48.944091796875
21.763672,19.537353515625,48.541259765625
21.765625,18.93310546875,47.93701171875
21.767578,18.12744140625,47.13134765625
21.769531,17.120361328125,46.124267578125
21.771484,16.314697265625,45.318603515625
21.773438,15.3076171875,44.3115234375
21.775391,14.501953125,43.505859375
21.777344,13.897705078125,42.901611328125
21.779297,13.6962890625,42.7001953125
21.78125,13.6962890625,42.498779296875
21.783203,13.897705078125,42.901611328125
21.785156,14.300537109375,43.304443359375
21.787109,15.106201171875,44.110107421875
21.789062,15.911865234375,44.915771484375
21.791016,21.35009765625,45.1171875
21.792969,22.15576171875,46.124267578125
21.794922,23.162841796875,46.929931640625
21.796875,23.76708984375,47.735595703125
21.798828,24.371337890625,48.138427734375
21.800781,24.57275390625,48.541259765625
21.802734,24.57275390625,48.33984375
21.804688,24.169921875,48.138427734375
21.806641,23.565673828125,47.5341796875
21.808594,22.760009765625,46.728515625
21.810547,21.954345703125,45.721435546875
21.8125,20.947265625,44.915771484375
21.814453,19.940185546875,43.90869140625
21.816406,19.134521484375,43.10302734375
21.818359,18.5302734375,42.498779296875
21.820312,18.12744140625,42.095947265625
21.822266,17.926025390625,41.89453125
21.824219,18.12744140625,42.095947265625
21.826172,18.5302734375,42.498779296875
21.828125,19.134521484375,43.10302734375
21.830078,19.940185546875,43.90869140625
21.832031,20.947265625,44.915771484375
21.833984,21.954345703125,45.721435546875
21.835938,22.760009765625,46.728515625
21.837891,23.565673828125,47.5341796875
21.839844,26.98974609375,39.07470703125
21.841797,27.191162109375,39.4775390625
21.84375,27.191162109375,39.4775390625
21.845703,26.98974609375,39.276123046875
21.847656,25.982666015625,17.523193359375
21.849609,25.177001953125,10.272216796875
21.851562,22.15576171875,-6.646728515625
21.853516,21.148681640625,-7.65380859375
21.855469,20.343017578125,-8.45947265625
21.857422,19.3359375,-9.466552734375
21.859375,18.731689453125,-10.07080078125
21.861328,10.4736328125,3.62548828125
21.863281,10.07080078125,3.424072265625
21.865234,10.272216796875,3.424072265625
21.867188,7.049560546875,18.328857421875
21.869141,2.618408203125,37.664794921875
21.871094,3.424072265625,38.470458984375
21.873047,4.229736328125,39.4775390625
21.875,5.23681640625,40.283203125
21.876953,6.243896484375,41.290283203125
21.878906,7.049560546875,42.095947265625
21.880859,7.65380859375,42.7001953125
21.882812,8.056640625,43.10302734375
21.884766,8.258056640625,43.304443359375
21.886719,8.056640625,43.10302734375
21.888672,7.65380859375,42.7001953125
21.890625,7.049560546875,42.095947265625
21.892578,6.243896484375,41.290283203125
21.894531,5.23681640625,40.283203125
21.896484,4.229736328125,39.4775390625
21.898438,3.424072265625,38.470458984375
21.900391,2.618408203125,37.664794921875
21.902344,2.01416015625,37.060546875
21.904297,1.611328125,36.859130859375
21.90625,1.611328125,36.65771484375
21.908203,1.812744140625,37.060546875
21.910156,2.4169921875,37.46337890625
21.912109,3.021240234375,38.26904296875
21.914062,4.0283203125,39.07470703125
21.916016,4.833984375,40.081787109375
21.917969,5.841064453125,40.887451171875
21.919922,6.646728515625,41.89453125
21.921875,7.452392578125,42.498779296875
21.923828,7.855224609375,43.10302734375
21.925781,8.258056640625,43.304443359375
21.927734,8.056640625,43.304443359375
21.929688,7.855224609375,42.901611328125
21.931641,2.618408203125,49.346923828125
21.933594,2.01416015625,48.541259765625
21.935547,1.007080078125,47.735595703125
21.9375,0.0,46.728515625
21.939453,-0.8056640625,45.721435546875
21.941406,-1.611328125,44.915771484375
21.943359,-2.4169921875,44.3115234375
21.945312,-2.81982421875,43.90869140625
21.947266,-2.81982421875,43.707275390625
21.949219,-2.81982421875,43.90869140625
21.951172,-2.4169921875,44.3115234375
21.953125,-1.611328125,44.915771484375
21.955078,-2.01416015625,44.915771484375
21.957031,-1.007080078125,45.721435546875
21.958984,0.0,46.728515625
21.960938,0.8056640625,47.735595703125
21.962891,1.611328125,48.33984375
21.964844,2.215576171875,48.944091796875
21.966797,2.618408203125,49.346923828125
21.96875,2.618408203125,49.346923828125
21.970703,2.4169921875,49.1455078125
21.972656,1.812744140625,48.74267578125
21.974609,1.20849609375,47.93701171875
21.976562,0.201416015625,47.13134765625
21.978516,-2.4169921875,46.728515625
21.980469,-3.424072265625,45.721435546875
21.982422,-4.229736328125,44.915771484375
21.984375,-5.035400390625,44.110107421875
21.986328,-5.438232421875,43.707275390625
21.988281,-5.841064453125,43.505859375
21.990234,-5.6396484375,43.505859375
21.992188,-5.438232421875,43.707275390625
21.994141,-4.833984375,44.3115234375
21.996094,-4.0283203125,45.1171875
21.998047,-3.22265625,46.124267578125
22.0,-2.215576171875,46.929931640625
22.001953,-1.20849609375,47.93701171875
22.003906,-0.40283203125,48.74267578125
22.005859,0.201416015625,49.346923828125
22.007812,0.604248046875,49.749755859375
22.009766,0.8056640625,49.951171875
22.011719,0.604248046875,49.749755859375
22.013672,0.201416015625,49.346923828125
22.015625,-0.40283203125,48.74267578125
22.017578,-1.20849609375,47.93701171875
22.019531,-2.215576171875,46.929931640625
22.021484,-3.22265625,46.124267578125
22.023438,-4.0283203125,45.1171875
22.025391,-4.833984375,44.3115234375
22.027344,-5.438232421875,43.707275390625
22.029297,-5.6396484375,43.505859375
22.03125,-5.841064453125,43.505859375
22.033203,-5.438232421875,43.707275390625
22.035156,-5.035400390625,44.110107421875
22.037109,-4.229736328125,44.915771484375
22.039062,-3.424072265625,45.721435546875
22.041016,-2.4169921875,46.728515625
22.042969,-1.611328125,47.735595703125
22.044922,-0.604248046875,48.541259765625
22.046875,0.0,49.1455078125
22.048828,0.604248046875,49.749755859375
22.050781,0.8056640625,49.951171875
22.052734,0.8056640625,49.951171875
22.054688,0.40283203125,49.54833984375
22.056641,-0.201416015625,48.944091796875
22.058594,-1.007080078125,48.33984375
22.060547,-1.812744140625,47.332763671875
22.0625,-2.81982421875,46.32568359375
22.064453,-5.841064453125,13.494873046875
22.066406,-5.438232421875,-6.243896484375
22.068359,-6.04248046875,-6.84814453125
22.070312,-2.81982421875,-9.063720703125
22.072266,-2.81982421875,-9.063720703125
22.074219,-2.81982421875,-9.063720703125
22.076172,-2.4169921875,-8.660888671875
22.078125,-1.611328125,-7.855224609375
22.080078,-0.8056640625,-7.049560546875
22.082031,0.0,-6.243896484375
22.083984,1.007080078125,-5.23681640625
22.085938,2.01416015625,-4.229736328125
22.087891,2.81982421875,-3.424072265625
22.089844,3.424072265625,-2.81982421875
22.091797,3.62548828125,-2.618408203125
22.09375,3.62548828125,-2.618408203125
22.095703,3.424072265625,-2.81982421875
22.097656,3.021240234375,-3.22265625
22.099609,2.215576171875,-4.0283203125
22.101562,1.409912109375,-4.833984375
22.103516,0.40283203125,-5.841064453125
22.105469,-0.604248046875,-6.84814453125
22.107422,-1.409912109375,-7.65380859375
22.109375,-2.215576171875,-8.45947265625
22.111328,-2.618408203125,-8.8623046875
22.113281,-2.81982421875,-9.063720703125
22.115234,-2.81982421875,-9.063720703125
22.117188,-2.4169921875,-8.660888671875
22.119141,-2.01416015625,-8.258056640625
22.121094,-1.20849609375,-7.452392578125
22.123047,-0.201416015625,-6.4453125
22.125,0.8056640625,-5.438232421875
22.126953,1.611328125,-4.632568359375
22.128906,6.84814453125,4.0283203125
22.130859,9.26513671875,11.077880859375
22.132812,9.66796875,11.480712890625
22.134766,9.869384765625,11.68212890625
22.136719,9.66796875,11.480712890625
22.138672,9.26513671875,11.077880859375
22.140625,8.660888671875,10.4736328125
22.142578,7.855224609375,9.66796875
22.144531,6.84814453125,8.660888671875
22.146484,5.841064453125,7.65380859375
22.148438,5.035400390625,6.84814453125
22.150391,4.229736328125,6.04248046875
22.152344,3.62548828125,5.438232421875
22.154297,3.22265625,5.23681640625
22.15625,3.22265625,5.035400390625
22.158203,3.424072265625,5.23681640625
22.160156,4.0283203125,5.841064453125
22.162109,4.632568359375,6.646728515625
22.164062,5.6396484375,7.452392578125
22.166016,6.4453125,8.45947265625
22.167969,7.452392578125,9.26513671875
22.169922,8.258056640625,10.272216796875
22.171875,9.063720703125,10.87646484375
22.173828,9.466552734375,11.480712890625
22.175781,9.869384765625,11.68212890625
22.177734,9.66796875,11.68212890625
22.179688,9.466552734375,11.279296875
22.181641,8.8623046875,10.675048828125
22.183594,8.056640625,9.869384765625
22.185547,7.049560546875,9.063720703125
22.1875,6.243896484375,8.056640625
22.189453,8.660888671875,19.940185546875
22.191406,7.855224609375,19.134521484375
22.193359,7.2509765625,18.5302734375
22.195312,6.646728515625,18.12744140625
22.197266,6.646728515625,17.926025390625
22.199219,6.646728515625,18.12744140625
22.201172,7.2509765625,18.5302734375
22.203125,7.855224609375,19.134521484375
22.205078,12.286376953125,33.837890625
22.207031,13.29345703125,34.6435546875
22.208984,14.300537109375,35.650634765625
22.210938,15.106201171875,36.65771484375
22.212891,15.911865234375,37.46337890625
22.214844,16.51611328125,37.8662109375
22.216797,16.717529296875,38.26904296875
22.21875,16.9189453125,38.26904296875
22.220703,16.717529296875,38.067626953125
22.222656,16.11328125,37.664794921875
22.224609,15.509033203125,36.859130859375
22.226562,14.501953125,36.053466796875
22.228516,13.494873046875,35.04638671875
22.230469,12.689208984375,34.039306640625
22.232422,11.68212890625,33.233642578125
22.234375,11.077880859375,32.427978515625
22.236328,10.4736328125,32.025146484375
22.238281,10.272216796875,31.82373046875
22.240234,10.272216796875,31.82373046875
22.242188,10.675048828125,32.2265625
22.244141,11.279296875,32.62939453125
22.246094,12.0849609375,33.43505859375
22.248047,12.890625,34.442138671875
22.25,13.897705078125,35.44921875
22.251953,14.90478515625,36.2548828125
22.253906,15.71044921875,37.060546875
22.255859,16.314697265625,37.8662109375
22.257812,16.717529296875,38.26904296875
22.259766,22.96142578125,50.35400390625
22.261719,22.760009765625,50.152587890625
22.263672,22.357177734375,49.749755859375
22.265625,21.7529296875,49.1455078125
22.267578,20.947265625,48.33984375
22.269531,19.940185546875,47.332763671875
22.271484,18.93310546875,46.32568359375
22.273438,18.12744140625,45.52001953125
22.275391,18.731689453125,47.735595703125
22.277344,18.12744140625,47.13134765625
22.279297,17.724609375,46.929931640625
22.28125,17.724609375,46.728515625
22.283203,17.926025390625,47.13134765625
22.285156,18.328857421875,47.5341796875
22.287109,19.134521484375,48.33984375
22.289062,19.940185546875,49.1455078125
22.291016,20.947265625,50.152587890625
22.292969,21.954345703125,51.15966796875
22.294922,22.760009765625,51.96533203125
22.296875,23.565673828125,52.569580078125
22.298828,23.968505859375,53.173828125
22.300781,25.78125,44.512939453125
22.302734,25.579833984375,44.512939453125
22.304688,25.37841796875,44.110107421875
22.306641,24.774169921875,43.505859375
22.308594,23.968505859375,42.7001953125
22.310547,23.162841796875,41.89453125
22.3125,22.15576171875,40.887451171875
22.314453,21.148681640625,39.88037109375
22.316406,20.343017578125,39.07470703125
22.318359,19.73876953125,38.470458984375
22.320312,19.3359375,38.067626953125
22.322266,19.73876953125,31.4208984375
22.324219,19.73876953125,31.4208984375
22.326172,20.1416015625,31.82373046875
22.328125,20.947265625,32.62939453125
22.330078,21.7529296875,33.43505859375
22.332031,22.55859375,34.24072265625
22.333984,23.565673828125,35.247802734375
22.335938,24.57275390625,36.2548828125
22.337891,25.37841796875,37.060546875
22.339844,25.982666015625,37.46337890625
22.341797,26.18408203125,37.8662109375
22.34375,26.18408203125,37.8662109375
22.345703,25.982666015625,37.664794921875
22.347656,25.579833984375,37.261962890625
22.349609,24.774169921875,36.456298828125
22.351562,23.968505859375,35.650634765625
22.353516,22.96142578125,34.6435546875
22.355469,21.954345703125,33.636474609375
22.357422,21.148681640625,32.830810546875
22.359375,20.343017578125,32.025146484375
22.361328,19.940185546875,31.622314453125
22.363281,19.73876953125,31.4208984375
22.365234,19.73876953125,31.4208984375
22.367188,20.1416015625,31.82373046875
22.369141,20.54443359375,32.2265625
22.371094,21.35009765625,33.0322265625
22.373047,22.357177734375,34.039306640625
22.375,23.3642578125,35.04638671875
22.376953,24.169921875,35.85205078125
22.378906,24.9755859375,36.65771484375
22.380859,25.78125,37.46337890625
22.382812,26.18408203125,37.8662109375
22.384766,26.18408203125,37.8662109375
22.386719,26.18408203125,37.8662109375
22.388672,25.78125,37.46337890625
22.390625,24.9755859375,36.65771484375
22.392578,24.169921875,35.85205078125
22.394531,23.3642578125,35.04638671875
22.396484,22.357177734375,34.039306640625
22.398438,21.35009765625,33.0322265625
22.400391,20.54443359375,32.2265625
22.402344,20.54443359375,5.438232421875
22.404297,20.343017578125,5.035400390625
22.40625,20.1416015625,5.035400390625
22.408203,20.54443359375,5.23681640625
22.410156,20.947265625,5.841064453125
22.412109,21.7529296875,6.4453125
22.414062,22.55859375,7.452392578125
22.416016,23.565673828125,8.258056640625
22.417969,24.371337890625,9.26513671875
22.419922,25.37841796875,10.07080078125
22.421875,25.982666015625,10.87646484375
22.423828,26.5869140625,11.279296875
22.425781,26.788330078125,5.841064453125
22.427734,26.5869140625,0.0
22.429688,26.18408203125,-0.201416015625
22.431641,23.968505859375,-4.632568359375
22.433594,23.162841796875,-5.438232421875
22.435547,17.120361328125,-3.021240234375
22.4375,13.092041015625,7.855224609375
22.439453,12.0849609375,6.84814453125
22.441406,11.279296875,6.04248046875
22.443359,2.215576171875,38.873291015625
22.445312,1.812744140625,38.470458984375
22.447266,-2.01416015625,41.290283203125
22.449219,-1.812744140625,41.49169921875
22.451172,-1.409912109375,41.89453125
22.453125,-0.8056640625,42.498779296875
22.455078,-2.81982421875,42.498779296875
22.457031,-1.812744140625,43.505859375
22.458984,-1.007080078125,44.512939453125
22.460938,0.0,45.318603515625
22.462891,0.8056640625,46.124267578125
22.464844,1.409912109375,46.728515625
22.466797,1.611328125,47.13134765625
22.46875,1.812744140625,47.13134765625
22.470703,1.409912109375,46.929931640625
22.472656,1.007080078125,46.32568359375
22.474609,0.201416015625,45.721435546875
22.476562,-0.604248046875,44.71435546875
22.478516,-1.611328125,43.707275390625
22.480469,-2.618408203125,42.901611328125
22.482422,-3.424072265625,41.89453125
22.484375,-4.0283203125,41.290283203125
22.486328,-4.632568359375,40.68603515625
22.488281,-4.833984375,40.484619140625
22.490234,-4.833984375,40.484619140625
22.492188,-4.43115234375,40.887451171875
22.494141,-3.826904296875,41.49169921875
22.496094,-3.22265625,42.29736328125
22.498047,-2.215576171875,43.10302734375
22.5,-1.20849609375,44.110107421875
22.501953,-0.40283203125,45.1171875
22.503906,0.604248046875,45.9228515625
22.505859,1.20849609375,46.527099609375
22.507812,1.611328125,46.929931640625
22.509766,1.812744140625,47.13134765625
22.511719,1.611328125,46.929931640625
22.513672,1.20849609375,46.527099609375
22.515625,0.604248046875,45.9228515625
22.517578,-0.40283203125,45.1171875
22.519531,-1.20849609375,44.110107421875
22.521484,-2.215576171875,43.10302734375
22.523438,-3.22265625,42.29736328125
22.525391,-3.826904296875,41.49169921875
22.527344,-4.43115234375,40.887451171875
22.529297,-4.833984375,40.484619140625
22.53125,-4.833984375,40.484619140625
22.533203,-4.632568359375,40.68603515625
22.535156,-4.0283203125,41.290283203125
22.537109,-3.424072265625,41.89453125
22.539062,-2.618408203125,42.901611328125
22.541016,-1.611328125,43.707275390625
22.542969,-2.81982421875,23.162841796875
22.544922,-2.01416015625,23.968505859375
22.546875,-1.20849609375,24.774169921875
22.548828,-0.8056640625,25.37841796875
22.550781,-0.604248046875,25.579833984375
22.552734,-0.604248046875,25.37841796875
22.554688,-1.007080078125,25.177001953125
22.556641,-1.611328125,24.57275390625
22.558594,-2.215576171875,23.76708984375
22.560547,-3.22265625,22.96142578125
22.5625,-4.229736328125,21.954345703125
22.564453,-5.035400390625,20.947265625
22.566406,-5.841064453125,20.1416015625
22.568359,-6.646728515625,19.537353515625
22.570312,-6.646728515625,5.438232421875
22.572266,-6.84814453125,5.438232421875
22.574219,-6.646728515625,5.438232421875
22.576172,-6.243896484375,5.841064453125
22.578125,-5.6396484375,6.646728515625
22.580078,-4.632568359375,7.452392578125
22.582031,-3.826904296875,8.258056640625
22.583984,-2.81982421875,9.26513671875
22.585938,-1.812744140625,10.272216796875
22.587891,-1.20849609375,11.077880859375
22.589844,-0.604248046875,11.480712890625
22.591797,-0.201416015625,11.883544921875
22.59375,-0.201416015625,11.883544921875
22.595703,-0.40283203125,11.68212890625
22.597656,-1.409912109375,5.841064453125
22.599609,-2.215576171875,5.035400390625
22.601562,-3.021240234375,4.229736328125
22.603516,-4.0283203125,3.22265625
22.605469,-5.035400390625,2.4169921875
22.607422,-5.841064453125,1.409912109375
22.609375,-6.4453125,0.8056640625
22.611328,-7.049560546875,0.201416015625
22.613281,-7.2509765625,0.0
22.615234,-7.2509765625,0.0
22.617188,-6.84814453125,0.40283203125
22.619141,-6.243896484375,1.007080078125
22.621094,-5.6396484375,1.812744140625
22.623047,-4.632568359375,2.618408203125
22.625,-3.62548828125,3.62548828125
22.626953,-2.81982421875,4.632568359375
22.628906,-1.812744140625,5.438232421875
22.630859,-1.20849609375,6.04248046875
22.632812,-0.8056640625,6.4453125
22.634766,-0.604248046875,6.646728515625
22.636719,-0.8056640625,6.4453125
22.638672,-1.20849609375,6.04248046875
22.640625,-1.812744140625,5.438232421875
22.642578,-2.81982421875,4.632568359375
22.644531,-3.62548828125,3.62548828125
22.646484,-4.632568359375,2.618408203125
22.648438,-5.6396484375,1.812744140625
22.650391,-1.611328125,-8.8623046875
22.652344,-2.215576171875,-9.466552734375
22.654297,-2.618408203125,-9.869384765625
22.65625,-2.618408203125,-9.869384765625
22.658203,-2.4169921875,-9.66796875
22.660156,-2.01416015625,-9.26513671875
22.662109,-1.20849609375,-8.45947265625
22.664062,3.62548828125,-0.201416015625
22.666016,15.106201171875,41.290283203125
22.667969,16.11328125,42.29736328125
22.669922,16.9189453125,43.10302734375
22.671875,17.724609375,43.90869140625
22.673828,18.12744140625,44.3115234375
22.675781,18.5302734375,44.512939453125
22.677734,18.328857421875,44.512939453125
22.679688,18.12744140625,44.110107421875
22.681641,17.523193359375,43.707275390625
22.683594,16.717529296875,42.901611328125
22.685547,15.71044921875,41.89453125
22.6875,14.90478515625,40.887451171875
22.689453,13.897705078125,40.081787109375
22.691406,13.092041015625,39.276123046875
22.693359,12.48779296875,38.470458984375
22.695312,12.0849609375,38.067626953125
22.697266,11.883544921875,38.067626953125
22.699219,12.0849609375,38.067626953125
22.701172,12.48779296875,38.470458984375
22.703125,13.092041015625,39.276123046875
22.705078,13.897705078125,40.081787109375
22.707031,14.90478515625,40.887451171875
22.708984,15.71044921875,41.89453125
22.710938,16.717529296875,42.901611328125
22.712891,17.523193359375,43.707275390625
22.714844,18.12744140625,44.110107421875
22.716797,18.328857421875,44.512939453125
22.71875,18.5302734375,44.512939453125
22.720703,18.12744140625,44.3115234375
22.722656,17.724609375,43.90869140625
22.724609,16.9189453125,43.10302734375
22.726562,16.11328125,42.29736328125
22.728516,15.106201171875,41.290283203125
22.730469,14.09912109375,40.283203125
22.732422,13.29345703125,39.4775390625
22.734375,12.689208984375,38.671875
22.736328,12.0849609375,38.26904296875
22.738281,11.883544921875,38.067626953125
22.740234,17.523193359375,44.512939453125
22.742188,17.926025390625,44.71435546875
22.744141,18.5302734375,45.318603515625
22.746094,19.3359375,46.124267578125
22.748047,20.1416015625,46.929931640625
22.75,21.148681640625,47.93701171875
22.751953,22.15576171875,48.944091796875
22.753906,24.371337890625,47.332763671875
22.755859,24.9755859375,47.93701171875
22.757812,25.37841796875,48.33984375
22.759766,25.579833984375,48.541259765625
22.761719,25.37841796875,48.33984375
22.763672,24.9755859375,47.93701171875
22.765625,24.371337890625,47.332763671875
22.767578,23.565673828125,46.32568359375
22.769531,22.55859375,45.52001953125
22.771484,21.551513671875,44.512939453125
22.773438,20.745849609375,43.505859375
22.775391,19.940185546875,42.901611328125
22.777344,19.3359375,42.29736328125
22.779297,18.93310546875,41.89453125
22.78125,18.93310546875,41.89453125
22.783203,19.134521484375,42.095947265625
22.785156,19.73876953125,42.498779296875
22.787109,20.343017578125,43.304443359375
22.789062,21.35009765625,44.110107421875
22.791016,22.15576171875,45.1171875
22.792969,23.162841796875,46.124267578125
22.794922,23.968505859375,46.929931640625
22.796875,24.774169921875,47.735595703125
22.798828,25.37841796875,48.138427734375
22.800781,25.579833984375,48.33984375
22.802734,25.37841796875,48.33984375
22.804688,25.177001953125,48.138427734375
22.806641,24.57275390625,47.5341796875
22.808594,23.76708984375,46.728515625
22.810547,22.96142578125,45.721435546875
22.8125,21.954345703125,44.915771484375
22.814453,20.947265625,43.90869140625
22.816406,20.1416015625,43.10302734375
22.818359,19.537353515625,42.498779296875
22.820312,19.134521484375,41.89453125
22.822266,18.93310546875,41.89453125
22.824219,19.134521484375,41.89453125
22.826172,19.537353515625,42.498779296875
22.828125,20.1416015625,43.10302734375
22.830078,20.947265625,43.90869140625
22.832031,21.954345703125,44.915771484375
22.833984,25.177001953125,22.760009765625
22.835938,26.18408203125,23.76708984375
22.837891,26.788330078125,24.57275390625
22.839844,27.392578125,25.177001953125
22.841797,27.79541015625,25.37841796875
22.84375,27.79541015625,25.37841796875
22.845703,25.78125,-1.20849609375
22.847656,25.37841796875,-1.611328125
22.849609,24.57275390625,-2.4169921875
22.851562,23.76708984375,-3.22265625
22.853516,22.760009765625,-4.229736328125
22.855469,21.7529296875,-5.035400390625
22.857422,20.947265625,-6.04248046875
22.859375,20.1416015625,-6.646728515625
22.861328,19.73876953125,-7.2509765625
22.863281,19.537353515625,-7.452392578125
22.865234,19.537353515625,-7.452392578125
22.867188,19.73876953125,-7.049560546875
22.869141,20.343017578125,-6.4453125
22.871094,21.148681640625,-5.6396484375
22.873047,22.15576171875,-4.833984375
22.875,22.96142578125,-3.826904296875
22.876953,23.968505859375,-2.81982421875
22.878906,24.774169921875,-2.01416015625
22.880859,25.37841796875,-1.409912109375
22.882812,25.982666015625,-1.007080078125
22.884766,25.982666015625,-0.8056640625
22.886719,25.982666015625,-1.007080078125
22.888672,25.37841796875,-1.409912109375
22.890625,24.774169921875,-2.01416015625
22.892578,23.968505859375,-2.81982421875
22.894531,22.96142578125,-3.826904296875
22.896484,22.15576171875,-4.833984375
22.898438,21.148681640625,-5.6396484375
22.900391,20.343017578125,-6.4453125
22.902344,16.9189453125,-12.286376953125
22.904297,16.51611328125,-12.689208984375
22.90625,16.51611328125,-12.689208984375
22.908203,16.717529296875,-12.48779296875
22.910156,17.32177734375,-11.883544921875
22.912109,17.926025390625,-11.279296875
22.914062,18.93310546875,-10.272216796875
22.916016,19.73876953125,-9.466552734375
22.917969,20.745849609375,-8.45947265625
22.919922,21.551513671875,-7.65380859375
22.921875,22.357177734375,-6.84814453125
22.923828,22.760009765625,-6.4453125
22.925781,23.162841796875,-6.04248046875
22.927734,22.96142578125,-6.243896484375
22.929688,22.760009765625,-6.4453125
22.931641,22.15576171875,-7.049560546875
22.933594,21.35009765625,-7.855224609375
22.935547,20.54443359375,-8.660888671875
22.9375,19.537353515625,-9.66796875
22.939453,18.5302734375,-10.675048828125
22.941406,17.724609375,-11.480712890625
22.943359,17.120361328125,-12.0849609375
22.945312,16.717529296875,-12.48779296875
22.947266,16.51611328125,-12.689208984375
22.949219,16.717529296875,-12.48779296875
22.951172,17.120361328125,-12.0849609375
22.953125,17.724609375,-11.480712890625
22.955078,18.5302734375,-10.675048828125
22.957031,19.537353515625,-9.66796875
22.958984,20.54443359375,-8.660888671875
22.960938,21.35009765625,-7.855224609375
22.962891,22.15576171875,-7.049560546875
22.964844,22.760009765625,-6.4453125
22.966797,22.96142578125,-6.243896484375
22.96875,23.162841796875,-6.04248046875
22.970703,22.760009765625,-6.4453125
22.972656,22.357177734375,-6.84814453125
22.974609,21.551513671875,-7.65380859375
22.976562,20.745849609375,-8.45947265625
22.978516,19.73876953125,-9.466552734375
22.980469,18.93310546875,-10.272216796875
22.982422,13.29345703125,-1.20849609375
22.984375,12.48779296875,-1.812744140625
22.986328,10.272216796875,3.424072265625
22.988281,10.07080078125,3.22265625
22.990234,10.07080078125,3.22265625
22.992188,10.272216796875,3.62548828125
22.994141,10.87646484375,4.0283203125
22.996094,4.833984375,32.025146484375
22.998047,5.6396484375,32.830810546875
23.0,6.646728515625,33.837890625
23.001953,1.812744140625,51.96533203125
23.003906,2.618408203125,52.77099609375
23.005859,3.22265625,53.375244140625
23.007812,3.62548828125,53.9794921875
23.009766,3.826904296875,53.9794921875
23.011719,3.62548828125,53.9794921875
23.013672,3.22265625,53.375244140625
23.015625,2.618408203125,52.77099609375
23.017578,1.812744140625,51.96533203125
23.019531,0.8056640625,50.958251953125
23.021484,-0.201416015625,50.152587890625
23.023438,-1.007080078125,49.1455078125
23.025391,-1.812744140625,48.33984375
23.027344,-2.4169921875,47.735595703125
23.029297,-2.81982421875,47.5341796875
23.03125,-2.81982421875,47.5341796875
23.033203,-2.618408203125,47.735595703125
23.035156,-2.01416015625,48.138427734375
23.037109,-1.409912109375,48.944091796875
23.039062,-0.40283203125,49.749755859375
23.041016,-3.62548828125,35.04638671875
23.042969,-2.81982421875,36.053466796875
23.044922,-1.812744140625,37.060546875
23.046875,-1.20849609375,37.664794921875
23.048828,-0.604248046875,38.26904296875
23.050781,-0.40283203125,38.470458984375
23.052734,-0.40283203125,38.470458984375
23.054688,-0.8056640625,38.067626953125
23.056641,-1.409912109375,37.46337890625
23.058594,-2.215576171875,36.65771484375
23.060547,-3.021240234375,35.85205078125
23.0625,-4.0283203125,34.844970703125
23.064453,-5.035400390625,33.837890625
23.066406,-5.841064453125,33.0322265625
23.068359,-6.4453125,32.427978515625
23.070312,-6.84814453125,32.025146484375
23.072266,-7.049560546875,31.82373046875
23.074219,-6.84814453125,32.025146484375
23.076172,-6.4453125,32.427978515625
23.078125,-5.841064453125,33.0322265625
23.080078,-5.035400390625,33.837890625
23.082031,-4.0283203125,34.844970703125
23.083984,-3.021240234375,35.85205078125
23.085938,-2.215576171875,36.65771484375
23.087891,-1.409912109375,37.46337890625
23.089844,-0.8056640625,38.067626953125
23.091797,-0.40283203125,38.470458984375
23.09375,-0.40283203125,38.470458984375
23.095703,-0.604248046875,38.26904296875
23.097656,-1.20849609375,37.664794921875
23.099609,-1.812744140625,37.060546875
23.101562,-2.81982421875,36.053466796875
23.103516,-3.62548828125,35.04638671875
23.105469,-4.632568359375,34.24072265625
23.107422,-5.438232421875,33.233642578125
23.109375,-6.243896484375,32.62939453125
23.111328,-6.646728515625,32.025146484375
23.113281,-7.049560546875,31.82373046875
23.115234,-7.2509765625,-0.40283203125
23.117188,-7.049560546875,0.0
23.119141,-6.4453125,0.40283203125
23.121094,-5.6396484375,1.20849609375
23.123047,-4.632568359375,2.215576171875
23.125,-3.826904296875,3.22265625
23.126953,-2.81982421875,4.0283203125
23.128906,-2.01416015625,4.833984375
23.130859,-1.409912109375,5.6396484375
23.132812,-0.8056640625,6.04248046875
23.134766,-0.8056640625,6.04248046875
23.136719,-0.8056640625,6.04248046875
23.138672,-1.409912109375,5.6396484375
23.140625,-0.8056640625,-1.611328125
23.142578,-1.007080078125,-6.243896484375
23.144531,-1.812744140625,-7.2509765625
23.146484,-2.81982421875,-8.056640625
23.148438,-3.826904296875,-9.063720703125
23.150391,-3.826904296875,-9.26513671875
23.152344,-4.43115234375,-9.66796875
23.154297,-4.833984375,-10.07080078125
23.15625,-4.833984375,-10.07080078125
23.158203,-4.632568359375,-9.869384765625
23.160156,-4.0283203125,-9.466552734375
23.162109,-3.424072265625,-8.660888671875
23.164062,-2.4169921875,-7.855224609375
23.166016,-1.611328125,-6.84814453125
23.167969,-0.604248046875,-5.841064453125
23.169922,0.40283203125,-5.035400390625
23.171875,1.007080078125,-4.229736328125
23.173828,1.611328125,-3.826904296875
23.175781,1.812744140625,-3.62548828125
23.177734,1.812744140625,-3.62548828125
23.179688,1.409912109375,-3.826904296875
23.181641,0.8056640625,-4.43115234375
23.183594,0.0,-5.23681640625
23.185547,0.40283203125,-10.07080078125
23.1875,2.618408203125,-3.826904296875
23.189453,1.812744140625,-4.833984375
23.191406,1.007080078125,-5.6396484375
23.193359,0.201416015625,-6.243896484375
23.195312,-0.201416015625,-6.646728515625
23.197266,-0.201416015625,-6.84814453125
23.199219,-0.201416015625,-6.646728515625
23.201172,0.201416015625,-6.243896484375
23.203125,1.007080078125,-5.6396484375
23.205078,1.812744140625,-4.833984375
23.207031,2.618408203125,-3.826904296875
23.208984,3.62548828125,-3.021240234375
23.210938,4.632568359375,-2.01416015625
23.212891,5.438232421875,-1.20849609375
23.214844,5.841064453125,-0.604248046875
23.216797,6.243896484375,-0.40283203125
23.21875,6.243896484375,-0.201416015625
23.220703,6.04248046875,-0.604248046875
23.222656,5.6396484375,-1.007080078125
23.224609,4.833984375,-1.812744140625
23.226562,4.0283203125,-2.618408203125
23.228516,3.021240234375,-3.62548828125
23.230469,2.01416015625,-4.43115234375
23.232422,1.20849609375,-5.438232421875
23.234375,0.40283203125,-6.04248046875
23.236328,5.035400390625,11.68212890625
23.238281,8.45947265625,25.177001953125
23.240234,8.45947265625,25.177001953125
23.242188,8.8623046875,25.579833984375
23.244141,12.689208984375,37.060546875
23.246094,13.494873046875,37.8662109375
23.248047,14.300537109375,38.873291015625
23.25,15.3076171875,39.88037109375
23.251953,20.54443359375,47.5341796875
23.253906,21.35009765625,48.33984375
23.255859,25.78125,39.4775390625
23.257812,26.18408203125,39.88037109375
23.259766,26.385498046875,40.081787109375
23.261719,26.18408203125,39.88037109375
23.263672,25.78125,39.4775390625
23.265625,25.177001953125,38.873291015625
23.267578,24.774169921875,2.618408203125
23.269531,23.968505859375,1.611328125
23.271484,22.96142578125,0.8056640625
23.273438,21.954345703125,-0.201416015625
23.275391,21.148681640625,-1.007080078125
23.277344,20.745849609375,-1.611328125
23.279297,20.343017578125,-1.812744140625
23.28125,20.343017578125,-2.01416015625
23.283203,20.54443359375,-1.611328125
23.285156,20.947265625,-1.20849609375
23.287109,21.7529296875,-0.40283203125
23.289062,22.55859375,0.40283203125
23.291016,23.565673828125,1.409912109375
23.292969,24.57275390625,2.4169921875
23.294922,25.37841796875,3.22265625
23.296875,25.37841796875,1.20849609375
23.298828,25.177001953125,-5.438232421875
23.300781,25.37841796875,-5.23681640625
23.302734,25.37841796875,-5.23681640625
23.304688,24.9755859375,-5.6396484375
23.306641,24.371337890625,-6.243896484375
23.308594,23.76708984375,-6.84814453125
23.310547,22.760009765625,-7.855224609375
23.3125,21.7529296875,-8.8623046875
23.314453,20.947265625,-9.66796875
23.316406,19.940185546875,-10.675048828125
23.318359,19.3359375,-11.279296875
23.320312,18.93310546875,-11.68212890625
23.322266,18.731689453125,-11.883544921875
23.324219,18.93310546875,-11.68212890625
23.326172,19.3359375,-11.279296875
23.328125,19.940185546875,-10.675048828125
23.330078,20.947265625,-9.66796875
23.332031,21.7529296875,-8.8623046875
23.333984,22.760009765625,-7.855224609375
23.335938,23.76708984375,-6.84814453125
23.337891,24.371337890625,-6.243896484375
23.339844,24.9755859375,-5.6396484375
23.341797,25.37841796875,-5.23681640625
23.34375,25.37841796875,-5.23681640625
23.345703,25.177001953125,-5.438232421875
23.347656,24.57275390625,-5.841064453125
23.349609,23.968505859375,-6.646728515625
23.351562,23.162841796875,-7.452392578125
23.353516,22.15576171875,-8.45947265625
23.355469,21.148681640625,-9.466552734375
23.357422,20.343017578125,-10.272216796875
23.359375,19.537353515625,-11.077880859375
23.361328,19.134521484375,-11.480712890625
23.363281,18.731689453125,-11.68212890625
23.365234,18.93310546875,-11.68212890625
23.367188,19.134521484375,-11.480712890625
23.369141,19.73876953125,-10.87646484375
23.371094,20.54443359375,-10.07080078125
23.373047,21.551513671875,-9.063720703125
23.375,22.357177734375,-8.258056640625
23.376953,17.724609375,-1.409912109375
23.378906,18.5302734375,-0.604248046875
23.380859,19.134521484375,0.201416015625
23.382812,19.73876953125,0.604248046875
23.384766,19.73876953125,0.604248046875
23.386719,19.73876953125,0.604248046875
23.388672,19.134521484375,0.201416015625
23.390625,18.5302734375,-0.604248046875
23.392578,16.314697265625,3.021240234375
23.394531,15.3076171875,2.01416015625
23.396484,14.300537109375,1.007080078125
23.398438,13.494873046875,0.201416015625
23.400391,12.689208984375,-0.604248046875
23.402344,12.0849609375,-1.20849609375
23.404297,11.883544921875,-1.611328125
23.40625,11.68212890625,-1.611328125
23.408203,11.883544921875,-1.409912109375
23.410156,12.48779296875,-0.8056640625
23.412109,13.092041015625,-0.201416015625
23.414062,14.09912109375,0.8056640625
23.416016,15.106201171875,1.611328125
23.417969,15.911865234375,2.618408203125
23.419922,16.9189453125,3.62548828125
23.421875,17.523193359375,4.229736328125
23.423828,18.12744140625,4.833984375
23.425781,18.328857421875,5.035400390625
23.427734,18.328857421875,5.035400390625
23.429688,17.926025390625,4.632568359375
23.431641,14.09912109375,16.11328125
23.433594,9.66796875,29.40673828125
23.435547,8.8623046875,28.399658203125
23.4375,7.855224609375,27.392578125
23.439453,7.049560546875,26.5869140625
23.441406,6.04248046875,25.78125
23.443359,5.438232421875,24.9755859375
23.445312,5.035400390625,24.57275390625
23.447266,4.833984375,24.57275390625
23.449219,5.035400390625,24.57275390625
23.451172,5.438232421875,24.9755859375
23.453125,6.04248046875,25.78125
23.455078,7.049560546875,26.5869140625
23.457031,7.855224609375,27.392578125
23.458984,8.8623046875,28.399658203125
23.460938,9.66796875,29.40673828125
23.462891,10.4736328125,30.21240234375
23.464844,11.077880859375,30.615234375
23.466797,11.480712890625,31.01806640625
23.46875,11.480712890625,31.01806640625
23.470703,11.279296875,30.816650390625
23.472656,10.675048828125,30.413818359375
23.474609,10.07080078125,29.608154296875
23.476562,9.26513671875,28.802490234375
23.478516,8.258056640625,27.79541015625
23.480469,7.2509765625,26.788330078125
23.482422,6.4453125,25.982666015625
23.484375,5.6396484375,25.177001953125
23.486328,5.23681640625,24.774169921875
23.488281,4.833984375,24.57275390625
23.490234,5.035400390625,24.57275390625
23.492188,5.23681640625,24.9755859375
23.494141,5.841064453125,25.37841796875
23.496094,6.646728515625,26.18408203125
23.498047,7.65380859375,27.191162109375
23.5,8.45947265625,28.1982421875
23.501953,9.466552734375,29.00390625
23.503906,10.272216796875,29.8095703125
23.505859,4.229736328125,50.958251953125
23.507812,3.424072265625,51.15966796875
23.509766,3.62548828125,51.361083984375
23.511719,3.424072265625,51.15966796875
23.513672,-1.409912109375,31.4208984375
23.515625,-2.215576171875,30.816650390625
23.517578,-3.021240234375,30.010986328125
23.519531,-3.826904296875,1.409912109375
23.521484,-4.833984375,0.40283203125
23.523438,-3.62548828125,-6.243896484375
23.525391,-4.43115234375,-7.049560546875
23.527344,-5.035400390625,-7.452392578125
23.529297,-5.23681640625,-7.855224609375
23.53125,-5.438232421875,-7.855224609375
23.533203,-5.035400390625,-7.65380859375
23.535156,-4.632568359375,-7.2509765625
23.537109,-3.826904296875,-6.4453125
23.539062,-3.021240234375,-5.6396484375
23.541016,-2.01416015625,-4.632568359375
23.542969,-1.007080078125,-3.62548828125
23.544922,-0.201416015625,-2.81982421875
23.546875,0.40283203125,-2.01416015625
23.548828,1.007080078125,-1.611328125
23.550781,1.20849609375,-1.409912109375
23.552734,4.632568359375,-1.409912109375
23.554688,4.43115234375,-1.611328125
23.556641,3.826904296875,-2.215576171875
23.558594,3.021240234375,-3.021240234375
23.560547,2.215576171875,-4.0283203125
23.5625,1.20849609375,-4.833984375
23.564453,0.201416015625,-5.841064453125
23.566406,-0.604248046875,-6.646728515625
23.568359,-1.20849609375,-7.2509765625
23.570312,-1.611328125,-7.65380859375
23.572266,-1.812744140625,-7.855224609375
23.574219,-1.611328125,-7.65380859375
23.576172,-1.20849609375,-7.2509765625
23.578125,-0.604248046875,-6.646728515625
23.580078,0.201416015625,-5.841064453125
23.582031,1.20849609375,-4.833984375
23.583984,2.215576171875,-4.0283203125
23.585938,3.021240234375,-3.021240234375
23.587891,3.826904296875,-2.215576171875
23.589844,4.43115234375,-1.611328125
23.591797,4.632568359375,-1.409912109375
23.59375,9.66796875,11.883544921875
23.595703,9.466552734375,11.480712890625
23.597656,9.063720703125,11.077880859375
23.599609,8.258056640625,10.272216796875
23.601562,7.452392578125,9.466552734375
23.603516,6.4453125,8.45947265625
23.605469,5.438232421875,7.65380859375
23.607422,4.632568359375,6.646728515625
23.609375,3.826904296875,6.04248046875
23.611328,3.424072265625,5.438232421875
23.613281,3.22265625,5.23681640625
23.615234,3.22265625,5.23681640625
23.617188,3.62548828125,5.6396484375
23.619141,4.0283203125,6.243896484375
23.621094,4.833984375,7.049560546875
23.623047,5.841064453125,7.855224609375
23.625,6.84814453125,8.8623046875
23.626953,16.51611328125,39.678955078125
23.628906,17.32177734375,40.484619140625
23.630859,17.926025390625,41.290283203125
23.632812,18.328857421875,41.693115234375
23.634766,18.5302734375,41.693115234375
23.636719,18.328857421875,41.693115234375
23.638672,17.926025390625,41.290283203125
23.640625,17.32177734375,40.484619140625
23.642578,16.51611328125,39.678955078125
23.644531,15.509033203125,38.873291015625
23.646484,16.11328125,41.89453125
23.648438,15.3076171875,40.887451171875
23.650391,14.501953125,40.081787109375
23.652344,13.897705078125,39.4775390625
23.654297,13.6962890625,39.276123046875
23.65625,13.494873046875,39.276123046875
23.658203,13.6962890625,39.4775390625
23.660156,14.300537109375,39.88037109375
23.662109,14.90478515625,40.68603515625
23.664062,17.120361328125,47.5341796875
23.666016,18.12744140625,48.541259765625
23.667969,18.93310546875,49.54833984375
23.669922,19.940185546875,50.35400390625
23.671875,20.54443359375,51.15966796875
23.673828,21.148681640625,51.5625
23.675781,21.35009765625,51.96533203125
23.677734,21.35009765625,51.763916015625
23.679688,20.947265625,51.5625
23.681641,20.343017578125,50.958251953125
23.683594,19.537353515625,50.152587890625
23.685547,18.731689453125,49.1455078125
23.6875,17.724609375,48.33984375
23.689453,16.717529296875,47.332763671875
23.691406,15.911865234375,46.527099609375
23.693359,18.5302734375,45.318603515625
23.695312,18.12744140625,44.915771484375
23.697266,17.926025390625,44.71435546875
23.699219,21.148681640625,11.480712890625
23.701172,18.93310546875,-9.466552734375
23.703125,19.537353515625,-8.8623046875
23.705078,20.343017578125,-8.056640625
23.707031,21.35009765625,-7.049560546875
23.708984,22.357177734375,-6.243896484375
23.710938,23.162841796875,-5.23681640625
23.712891,23.968505859375,-4.43115234375
23.714844,24.57275390625,-3.826904296875
23.716797,24.9755859375,-3.62548828125
23.71875,24.9755859375,-3.62548828125
23.720703,24.774169921875,-3.826904296875
23.722656,24.169921875,-4.229736328125
23.724609,23.565673828125,-5.035400390625
23.726562,22.55859375,-5.841064453125
23.728516,21.148681640625,-10.675048828125
23.730469,20.1416015625,-11.68212890625
23.732422,19.3359375,-12.48779296875
23.734375,18.5302734375,-13.29345703125
23.736328,18.12744140625,-13.6962890625
23.738281,17.724609375,-14.09912109375
23.740234,17.926025390625,-13.897705078125
23.742188,18.12744140625,-13.6962890625
23.744141,18.731689453125,-13.092041015625
23.746094,19.537353515625,-12.286376953125
23.748047,20.54443359375,-11.480712890625
23.75,21.35009765625,-10.4736328125
23.751953,22.357177734375,-9.466552734375
23.753906,23.162841796875,-8.660888671875
23.755859,21.148681640625,-3.22265625
23.757812,21.551513671875,-2.81982421875
23.759766,21.7529296875,-2.618408203125
23.761719,21.551513671875,-2.81982421875
23.763672,21.148681640625,-3.22265625
23.765625,20.54443359375,-3.826904296875
23.767578,19.73876953125,-4.632568359375
23.769531,18.731689453125,-5.6396484375
23.771484,15.911865234375,-3.62548828125
23.773438,14.90478515625,-4.43115234375
23.775391,14.09912109375,-5.23681640625
23.777344,13.494873046875,-5.841064453125
23.779297,13.29345703125,-6.04248046875
23.78125,13.29345703125,-6.243896484375
23.783203,13.494873046875,-5.841064453125
23.785156,13.897705078125,-5.438232421875
23.787109,14.703369140625,-4.632568359375
23.789062,15.509033203125,-3.826904296875
23.791016,16.51611328125,-2.81982421875
23.792969,17.523193359375,-2.01416015625
23.794922,18.328857421875,-1.007080078125
23.796875,19.134521484375,-0.40283203125
23.798828,19.537353515625,0.201416015625
23.800781,19.73876953125,0.40283203125
23.802734,19.73876953125,0.40283203125
23.804688,19.3359375,0.0
23.806641,18.93310546875,-0.604248046875
23.808594,18.12744140625,-1.409912109375
23.810547,17.120361328125,-2.215576171875
23.8125,16.11328125,-3.22265625
23.814453,10.272216796875,13.092041015625
23.816406,9.466552734375,12.286376953125
23.818359,8.8623046875,11.68212890625
23.820312,8.45947265625,11.279296875
23.822266,3.021240234375,31.01806640625
23.824219,3.021240234375,31.01806640625
23.826172,3.424072265625,31.4208984375
23.828125,4.229736328125,32.2265625
23.830078,5.035400390625,33.0322265625
23.832031,5.841064453125,33.837890625
23.833984,6.84814453125,34.844970703125
23.835938,7.855224609375,35.85205078125
23.837891,8.45947265625,36.65771484375
23.839844,9.063720703125,37.060546875
23.841797,9.466552734375,37.46337890625
23.84375,9.466552734375,37.46337890625
23.845703,9.26513671875,37.261962890625
23.847656,8.8623046875,36.859130859375
23.849609,8.056640625,36.053466796875
23.851562,7.2509765625,35.247802734375
23.853516,6.243896484375,34.24072265625
23.855469,5.23681640625,33.233642578125
23.857422,4.43115234375,32.427978515625
23.859375,3.62548828125,31.622314453125
23.861328,3.22265625,31.219482421875
23.863281,3.021240234375,31.01806640625
23.865234,3.021240234375,31.01806640625
23.867188,3.22265625,31.4208984375
23.869141,3.826904296875,31.82373046875
23.871094,4.632568359375,32.62939453125
23.873047,5.6396484375,33.636474609375
23.875,6.646728515625,34.6435546875
23.876953,7.452392578125,35.44921875
23.878906,8.258056640625,36.2548828125
23.880859,9.063720703125,37.060546875
23.882812,9.466552734375,37.46337890625
23.884766,9.466552734375,37.46337890625
23.886719,5.035400390625,52.972412109375
23.888672,4.43115234375,52.569580078125
23.890625,3.826904296875,51.96533203125
23.892578,3.021240234375,50.958251953125
23.894531,2.01416015625,50.152587890625
23.896484,1.20849609375,49.1455078125
23.898438,0.201416015625,48.138427734375
23.900391,-0.604248046875,47.5341796875
23.902344,-1.20849609375,46.929931640625
23.904297,-1.409912109375,46.527099609375
23.90625,-1.409912109375,46.527099609375
23.908203,-1.20849609375,46.728515625
23.910156,-0.8056640625,47.332763671875
23.912109,0.0,47.93701171875
23.914062,0.8056640625,48.74267578125
23.916016,1.812744140625,49.749755859375
23.917969,2.81982421875,50.7568359375
23.919922,3.62548828125,51.5625
23.921875,4.43115234375,52.3681640625
23.923828,1.409912109375,47.13134765625
23.925781,1.611328125,47.332763671875
23.927734,1.611328125,47.332763671875
23.929688,1.20849609375,46.929931640625
23.931641,0.604248046875,46.32568359375
23.933594,-2.618408203125,23.565673828125
23.935547,-3.424072265625,22.760009765625
23.9375,-3.22265625,-4.0283203125
23.939453,-4.229736328125,-5.035400390625
23.941406,-5.035400390625,-5.841064453125
23.943359,3.424072265625,4.0283203125
23.945312,3.021240234375,3.62548828125
23.947266,3.021240234375,3.424072265625
23.949219,3.021240234375,3.62548828125
23.951172,3.424072265625,4.0283203125
23.953125,4.229736328125,4.632568359375
23.955078,5.035400390625,5.438232421875
23.957031,5.841064453125,6.4453125
23.958984,6.84814453125,7.452392578125
23.960938,7.855224609375,8.258056640625
23.962891,8.660888671875,9.063720703125
23.964844,9.063720703125,9.66796875
23.966797,9.466552734375,10.07080078125
23.96875,9.466552734375,10.07080078125
23.970703,9.26513671875,9.869384765625
23.972656,8.8623046875,9.26513671875
23.974609,8.056640625,8.660888671875
23.976562,7.2509765625,7.65380859375
23.978516,6.243896484375,6.84814453125
23.980469,5.23681640625,5.841064453125
23.982422,4.43115234375,4.833984375
23.984375,3.62548828125,4.229736328125
23.986328,3.22265625,3.62548828125
23.988281,3.021240234375,3.424072265625
23.990234,3.021240234375,3.424072265625
23.992188,3.424072265625,3.826904296875
23.994141,3.826904296875,4.43115234375
23.996094,4.632568359375,5.23681640625
23.998047,5.6396484375,6.04248046875
24.0,6.646728515625,7.049560546875
24.001953,7.452392578125,8.056640625
24.003906,8.258056640625,8.8623046875
24.005859,9.063720703125,9.466552734375
24.007812,9.466552734375,9.869384765625
24.009766,9.466552734375,10.07080078125
24.011719,9.466552734375,9.869384765625
24.013672,9.063720703125,9.466552734375
24.015625,8.258056640625,8.8623046875
24.017578,18.12744140625,47.735595703125
24.019531,17.120361328125,46.929931640625
24.021484,16.11328125,45.9228515625
24.023438,15.3076171875,44.915771484375
24.025391,14.501953125,44.110107421875
24.027344,13.897705078125,43.707275390625
24.029297,13.494873046875,43.304443359375
24.03125,13.494873046875,43.304443359375
24.033203,13.6962890625,43.505859375
24.035156,14.300537109375,43.90869140625
24.037109,14.90478515625,44.71435546875
24.039062,15.911865234375,45.52001953125
24.041016,16.717529296875,46.527099609375
24.042969,17.724609375,47.5341796875
24.044922,18.5302734375,48.33984375
24.046875,20.947265625,47.735595703125
24.048828,21.35009765625,48.33984375
24.050781,21.551513671875,48.541259765625
24.052734,21.551513671875,48.541259765625
24.054688,21.148681640625,48.138427734375
24.056641,20.745849609375,47.5341796875
24.058594,19.940185546875,46.728515625
24.060547,18.93310546875,45.9228515625
24.0625,17.926025390625,44.915771484375
24.064453,17.120361328125,43.90869140625
24.066406,16.314697265625,43.10302734375
24.068359,15.509033203125,42.498779296875
24.070312,15.106201171875,42.095947265625
24.072266,15.106201171875,41.89453125
24.074219,15.106201171875,42.095947265625
24.076172,15.509033203125,42.498779296875
24.078125,16.314697265625,43.10302734375
24.080078,17.120361328125,43.90869140625
24.082031,17.926025390625,44.915771484375
24.083984,18.93310546875,45.9228515625
24.085938,19.940185546875,46.728515625
24.087891,20.745849609375,47.5341796875
24.089844,21.148681640625,48.138427734375
24.091797,21.551513671875,48.541259765625
24.09375,21.551513671875,48.541259765625
24.095703,21.35009765625,48.33984375
24.097656,20.947265625,47.735595703125
24.099609,20.1416015625,47.13134765625
24.101562,19.3359375,46.124267578125
24.103516,18.328857421875,45.318603515625
24.105469,17.32177734375,44.3115234375
24.107422,16.51611328125,43.304443359375
24.109375,15.71044921875,42.7001953125
24.111328,15.3076171875,42.095947265625
24.113281,15.106201171875,41.89453125
24.115234,15.106201171875,41.89453125
24.117188,15.3076171875,42.29736328125
24.119141,17.523193359375,44.71435546875
24.121094,20.54443359375,37.261962890625
24.123047,21.551513671875,38.067626953125
24.125,22.357177734375,39.07470703125
24.126953,23.3642578125,40.081787109375
24.128906,24.169921875,40.887451171875
24.130859,24.9755859375,41.49169921875
24.132812,25.37841796875,41.89453125
24.134766,26.788330078125,37.8662109375
24.136719,26.5869140625,37.664794921875
24.138672,26.18408203125,37.261962890625
24.140625,25.579833984375,36.65771484375
24.142578,24.9755859375,30.21240234375
24.144531,24.169921875,29.205322265625
24.146484,23.565673828125,7.049560546875
24.148438,22.760009765625,6.04248046875
24.150391,15.71044921875,-11.279296875
24.152344,15.106201171875,-11.68212890625
24.154297,14.703369140625,-12.0849609375
24.15625,14.703369140625,-12.0849609375
24.158203,14.90478515625,-11.883544921875
24.160156,15.509033203125,-11.480712890625
24.162109,16.11328125,-10.675048828125
24.164062,17.120361328125,-9.869384765625
24.166016,17.926025390625,-8.8623046875
24.167969,18.93310546875,-7.855224609375
24.169922,18.328857421875,0.604248046875
24.171875,19.134521484375,1.20849609375
24.173828,19.537353515625,1.812744140625
24.175781,19.940185546875,2.01416015625
24.177734,19.73876953125,2.01416015625
24.179688,19.537353515625,1.611328125
24.181641,18.93310546875,1.007080078125
24.183594,18.12744140625,0.201416015625
24.185547,17.120361328125,-0.604248046875
24.1875,16.314697265625,-1.611328125
24.189453,15.3076171875,-2.618408203125
24.191406,14.501953125,-3.424072265625
24.193359,13.897705078125,-4.0283203125
24.195312,13.494873046875,-4.43115234375
24.197266,13.29345703125,-4.632568359375
24.199219,13.494873046875,-4.43115234375
24.201172,13.897705078125,-4.0283203125
24.203125,14.501953125,-3.424072265625
24.205078,15.3076171875,-2.618408203125
24.207031,16.314697265625,-1.611328125
24.208984,17.120361328125,-0.604248046875
24.210938,18.12744140625,0.201416015625
24.212891,10.4736328125,30.010986328125
24.214844,11.077880859375,30.615234375
24.216797,11.480712890625,31.01806640625
24.21875,11.480712890625,31.01806640625
24.220703,11.279296875,30.816650390625
24.222656,10.675048828125,30.21240234375
24.224609,10.07080078125,29.608154296875
24.226562,9.063720703125,28.60107421875
24.228516,8.258056640625,27.79541015625
24.230469,7.2509765625,26.788330078125
24.232422,6.243896484375,25.78125
24.234375,5.6396484375,25.177001953125
24.236328,5.035400390625,24.57275390625
24.238281,4.833984375,24.371337890625
24.240234,4.833984375,24.371337890625
24.242188,5.23681640625,24.774169921875
24.244141,5.841064453125,25.37841796875
24.246094,6.646728515625,26.18408203125
24.248047,7.452392578125,26.98974609375
24.25,8.45947265625,27.996826171875
24.251953,9.466552734375,29.00390625
24.253906,10.272216796875,29.8095703125
24.255859,10.87646484375,30.413818359375
24.257812,11.279296875,30.816650390625
24.259766,11.480712890625,31.01806640625
24.261719,11.279296875,30.816650390625
24.263672,10.87646484375,30.413818359375
24.265625,10.272216796875,29.8095703125
24.267578,9.466552734375,29.00390625
24.269531,8.45947265625,27.996826171875
24.271484,7.452392578125,26.98974609375
24.273438,6.646728515625,26.18408203125
24.275391,5.841064453125,25.37841796875
24.277344,5.23681640625,24.774169921875
24.279297,4.833984375,24.371337890625
24.28125,4.833984375,24.371337890625
24.283203,5.035400390625,24.57275390625
24.285156,0.40283203125,39.88037109375
24.287109,-0.40283203125,45.318603515625
24.289062,0.40283203125,46.124267578125
24.291016,1.409912109375,47.13134765625
24.292969,2.4169921875,48.138427734375
24.294922,3.22265625,48.944091796875
24.296875,3.826904296875,49.54833984375
24.298828,4.43115234375,50.152587890625
24.300781,4.632568359375,50.35400390625
24.302734,4.632568359375,50.35400390625
24.304688,4.229736328125,49.951171875
24.306641,3.62548828125,49.346923828125
24.308594,2.81982421875,48.74267578125
24.310547,2.01416015625,47.735595703125
24.3125,1.007080078125,46.728515625
24.314453,0.0,45.9228515625
24.316406,-0.8056640625,44.915771484375
24.318359,-1.409912109375,44.3115234375
24.320312,-3.826904296875,43.10302734375
24.322266,-4.0283203125,42.901611328125
24.324219,-3.826904296875,43.10302734375
24.326172,-3.424072265625,43.505859375
24.328125,-2.81982421875,44.110107421875
24.330078,-1.812744140625,44.915771484375
24.332031,-1.007080078125,45.9228515625
24.333984,0.0,46.929931640625
24.335938,1.007080078125,47.735595703125
24.337891,1.611328125,48.541259765625
24.339844,2.215576171875,49.1455078125
24.341797,2.618408203125,49.54833984375
24.34375,2.618408203125,49.54833984375
24.345703,2.4169921875,49.346923828125
24.347656,1.007080078125,46.527099609375
24.349609,0.201416015625,45.721435546875
24.351562,-0.604248046875,44.915771484375
24.353516,-1.611328125,43.90869140625
24.355469,-2.618408203125,42.901611328125
24.357422,-3.424072265625,42.095947265625
24.359375,-4.229736328125,41.290283203125
24.361328,-4.632568359375,40.887451171875
24.363281,-4.833984375,40.68603515625
24.365234,-4.833984375,40.68603515625
24.367188,-4.632568359375,40.887451171875
24.369141,-4.0283203125,41.49169921875
24.371094,-3.22265625,42.29736328125
24.373047,-2.215576171875,43.304443359375
24.375,-1.20849609375,44.110107421875
24.376953,-0.40283203125,45.1171875
24.378906,-2.01416015625,38.470458984375
24.380859,-1.409912109375,39.07470703125
24.382812,-1.007080078125,39.4775390625
24.384766,-0.8056640625,39.678955078125
24.386719,-1.007080078125,39.4775390625
24.388672,-1.409912109375,39.07470703125
24.390625,-2.01416015625,38.470458984375
24.392578,-2.81982421875,37.664794921875
24.394531,-3.826904296875,36.65771484375
24.396484,-4.632568359375,35.650634765625
24.398438,-5.6396484375,34.844970703125
24.400391,-6.4453125,34.039306640625
24.402344,-7.049560546875,33.43505859375
24.404297,-7.2509765625,33.0322265625
24.40625,-7.452392578125,33.0322265625
24.408203,-6.4453125,6.04248046875
24.410156,-5.841064453125,6.4453125
24.412109,-5.23681640625,7.2509765625
24.414062,-4.229736328125,8.056640625
24.416016,-3.424072265625,9.063720703125
24.417969,-2.4169921875,10.07080078125
24.419922,-1.611328125,10.87646484375
24.421875,-0.8056640625,11.68212890625
24.423828,3.22265625,-2.81982421875
24.425781,3.424072265625,-2.618408203125
24.427734,3.424072265625,-2.618408203125
24.429688,3.22265625,-3.021240234375
24.431641,5.23681640625,1.409912109375
24.433594,4.43115234375,0.604248046875
24.435547,3.62548828125,-0.40283203125
24.4375,2.618408203125,-1.20849609375
24.439453,8.660888671875,20.1416015625
24.441406,13.29345703125,36.65771484375
24.443359,12.48779296875,36.053466796875
24.445312,12.0849609375,35.650634765625
24.447266,12.0849609375,35.44921875
24.449219,12.0849609375,35.650634765625
24.451172,12.48779296875,36.053466796875
24.453125,13.29345703125,36.65771484375
24.455078,14.09912109375,37.46337890625
24.457031,14.90478515625,38.470458984375
24.458984,15.911865234375,39.4775390625
24.460938,16.9189453125,40.283203125
24.462891,17.523193359375,41.0888671875
24.464844,18.12744140625,41.693115234375
24.466797,18.5302734375,42.095947265625
24.46875,18.5302734375,42.095947265625
24.470703,18.328857421875,41.89453125
24.472656,17.926025390625,41.290283203125
24.474609,17.120361328125,40.68603515625
24.476562,16.314697265625,39.678955078125
24.478516,15.3076171875,38.873291015625
24.480469,14.300537109375,37.8662109375
24.482422,13.494873046875,36.859130859375
24.484375,12.689208984375,36.2548828125
24.486328,12.286376953125,35.650634765625
24.488281,12.0849609375,35.44921875
24.490234,12.0849609375,35.44921875
24.492188,16.9189453125,46.527099609375
24.494141,18.12744140625,44.512939453125
24.496094,18.93310546875,45.318603515625
24.498047,19.940185546875,46.124267578125
24.5,20.745849609375,47.13134765625
24.501953,21.7529296875,48.138427734375
24.503906,22.55859375,48.944091796875
24.505859,23.162841796875,49.54833984375
24.507812,23.565673828125,49.951171875
24.509766,23.76708984375,50.152587890625
24.511719,23.565673828125,49.951171875
24.513672,23.162841796875,49.54833984375
24.515625,22.55859375,48.944091796875
24.517578,21.7529296875,48.138427734375
24.519531,20.745849609375,47.13134765625
24.521484,19.940185546875,46.124267578125
24.523438,18.93310546875,45.318603515625
24.525391,18.12744140625,44.512939453125
24.527344,17.523193359375,43.90869140625
24.529297,17.32177734375,43.505859375
24.53125,17.120361328125,43.505859375
24.533203,17.523193359375,43.707275390625
24.535156,17.926025390625,44.3115234375
24.537109,21.148681640625,39.276123046875
24.539062,21.954345703125,40.081787109375
24.541016,22.96142578125,41.0888671875
24.542969,23.76708984375,41.89453125
24.544922,24.774169921875,42.901611328125
24.546875,25.37841796875,43.505859375
24.548828,25.982666015625,44.110107421875
24.550781,26.18408203125,44.3115234375
24.552734,26.98974609375,38.671875
24.554688,26.788330078125,38.26904296875
24.556641,26.18408203125,37.664794921875
24.558594,25.37841796875,36.859130859375
24.560547,24.371337890625,36.053466796875
24.5625,23.565673828125,35.04638671875
24.564453,22.55859375,34.039306640625
24.566406,21.7529296875,33.233642578125
24.568359,21.148681640625,32.62939453125
24.570312,20.54443359375,32.2265625
24.572266,20.54443359375,32.025146484375
24.574219,21.551513671875,18.93310546875
24.576172,21.954345703125,19.3359375
24.578125,22.55859375,19.940185546875
24.580078,23.3642578125,20.745849609375
24.582031,24.371337890625,21.7529296875
24.583984,25.37841796875,22.55859375
24.585938,26.18408203125,23.565673828125
24.587891,26.98974609375,24.371337890625
24.589844,27.593994140625,24.9755859375
24.591797,27.996826171875,25.177001953125
24.59375,27.996826171875,25.37841796875
24.595703,27.79541015625,24.9755859375
24.597656,27.191162109375,24.57275390625
24.599609,26.5869140625,23.76708984375
24.601562,25.579833984375,22.96142578125
24.603516,22.760009765625,-1.007080078125
24.605469,21.7529296875,-2.01416015625
24.607422,20.947265625,-2.81982421875
24.609375,20.1416015625,-3.62548828125
24.611328,18.328857421875,-7.452392578125
24.613281,18.12744140625,-7.65380859375
24.615234,18.12744140625,-7.65380859375
24.617188,18.5302734375,-7.2509765625
24.619141,19.134521484375,-6.646728515625
24.621094,19.73876953125,-6.04248046875
24.623047,20.745849609375,-5.035400390625
24.625,21.7529296875,-4.0283203125
24.626953,14.703369140625,9.66796875
24.628906,15.71044921875,10.4736328125
24.630859,16.314697265625,11.077880859375
24.632812,16.717529296875,11.68212890625
24.634766,11.480712890625,31.219482421875
24.636719,11.279296875,31.219482421875
24.638672,10.87646484375,30.816650390625
24.640625,10.272216796875,30.010986328125
24.642578,9.26513671875,29.205322265625
24.644531,8.45947265625,28.399658203125
24.646484,7.452392578125,27.392578125
24.648438,6.4453125,26.385498046875
24.650391,5.841064453125,25.579833984375
24.652344,5.23681640625,25.177001953125
24.654297,4.833984375,24.774169921875
24.65625,4.833984375,24.774169921875
24.658203,5.035400390625,24.9755859375
24.660156,-1.007080078125,43.10302734375
24.662109,-0.201416015625,43.90869140625
24.664062,0.604248046875,44.71435546875
24.666016,1.611328125,45.721435546875
24.667969,2.618408203125,46.728515625
24.669922,3.424072265625,47.5341796875
24.671875,4.229736328125,48.33984375
24.673828,4.632568359375,48.74267578125
24.675781,4.833984375,48.944091796875
24.677734,4.833984375,48.944091796875
24.679688,3.424072265625,51.15966796875
24.681641,2.81982421875,50.555419921875
24.683594,2.215576171875,49.749755859375
24.685547,1.20849609375,48.944091796875
24.6875,0.201416015625,47.93701171875
24.689453,-0.604248046875,46.929931640625
24.691406,-1.611328125,46.124267578125
24.693359,-2.215576171875,45.52001953125
24.695312,-2.618408203125,45.1171875
24.697266,-2.81982421875,44.915771484375
24.699219,-2.618408203125,45.1171875
24.701172,-2.215576171875,45.52001953125
24.703125,-1.611328125,46.124267578125
24.705078,-0.604248046875,46.929931640625
24.707031,0.201416015625,47.93701171875
24.708984,1.20849609375,48.944091796875
24.710938,2.215576171875,49.749755859375
24.712891,2.81982421875,50.555419921875
24.714844,3.424072265625,51.15966796875
24.716797,3.826904296875,51.5625
24.71875,3.826904296875,51.5625
24.720703,3.62548828125,51.361083984375
24.722656,3.021240234375,50.7568359375
24.724609,-0.8056640625,44.3115234375
24.726562,-1.611328125,43.505859375
24.728516,-2.618408203125,42.498779296875
24.730469,-3.62548828125,41.693115234375
24.732422,-4.43115234375,40.68603515625
24.734375,-5.23681640625,40.081787109375
24.736328,-5.6396484375,39.4775390625
24.738281,-5.841064453125,39.276123046875
24.740234,-5.841064453125,39.276123046875
24.742188,-5.6396484375,39.678955078125
24.744141,-5.035400390625,40.283203125
24.746094,-4.229736328125,41.0888671875
24.748047,-3.22265625,41.89453125
24.75,-2.215576171875,42.901611328125
24.751953,-1.409912109375,43.90869140625
24.753906,-0.604248046875,44.71435546875
24.755859,0.201416015625,45.318603515625
24.757812,0.604248046875,45.721435546875
24.759766,0.604248046875,45.9228515625
24.761719,0.604248046875,45.721435546875
24.763672,0.201416015625,45.318603515625
24.765625,-0.604248046875,44.71435546875
24.767578,-1.409912109375,43.90869140625
24.769531,-2.215576171875,42.901611328125
24.771484,-3.22265625,41.89453125
24.773438,-4.229736328125,41.0888671875
24.775391,-5.035400390625,40.283203125
24.777344,-5.6396484375,39.678955078125
24.779297,-5.841064453125,39.276123046875
24.78125,-5.841064453125,39.276123046875
24.783203,-5.6396484375,39.4775390625
24.785156,-5.23681640625,40.081787109375
24.787109,-4.43115234375,40.68603515625
24.789062,-3.62548828125,41.693115234375
24.791016,-2.618408203125,42.498779296875
24.792969,-1.611328125,43.505859375
24.794922,-0.8056640625,44.3115234375
24.796875,0.0,45.1171875
24.798828,-0.604248046875,11.279296875
24.800781,-0.40283203125,11.68212890625
24.802734,-0.40283203125,11.480712890625
24.804688,-0.8056640625,11.279296875
24.806641,-1.409912109375,10.675048828125
24.808594,-2.01416015625,9.869384765625
24.810547,-3.021240234375,9.063720703125
24.8125,-4.0283203125,8.056640625
24.814453,-4.833984375,7.049560546875
24.816406,-5.841064453125,6.243896484375
24.818359,-6.4453125,5.6396484375
24.820312,-6.84814453125,5.23681640625
24.822266,-7.049560546875,5.035400390625
24.824219,-6.84814453125,5.23681640625
24.826172,-5.6396484375,-1.611328125
24.828125,-5.035400390625,-0.8056640625
24.830078,-4.229736328125,0.0
24.832031,-3.22265625,0.8056640625
24.833984,-2.215576171875,1.812744140625
24.835938,-1.409912109375,2.81982421875
24.837891,-0.604248046875,3.62548828125
24.839844,0.0,4.0283203125
24.841797,0.40283203125,4.43115234375
24.84375,0.40283203125,4.43115234375
24.845703,0.201416015625,4.229736328125
24.847656,-0.40283203125,3.826904296875
24.849609,-1.007080078125,3.021240234375
24.851562,-2.01416015625,2.215576171875
24.853516,-2.81982421875,1.20849609375
24.855469,-3.826904296875,0.201416015625
24.857422,-4.833984375,-0.604248046875
24.859375,-5.438232421875,-1.409912109375
24.861328,-6.04248046875,-1.812744140625
24.863281,-6.243896484375,-2.01416015625
24.865234,-6.243896484375,-2.01416015625
24.867188,-5.841064453125,-1.611328125
24.869141,-5.23681640625,-1.20849609375
24.871094,-4.43115234375,-0.40283203125
24.873047,-3.62548828125,0.604248046875
24.875,-2.618408203125,1.611328125
24.876953,-1.611328125,2.4169921875
24.878906,-0.8056640625,3.22265625
24.880859,-0.201416015625,4.0283203125
24.882812,0.201416015625,4.43115234375
24.884766,0.40283203125,4.43115234375
24.886719,0.201416015625,4.43115234375
24.888672,-0.201416015625,4.0283203125
24.890625,-0.8056640625,3.22265625
24.892578,-1.611328125,2.4169921875
24.894531,-2.618408203125,1.611328125
24.896484,-3.62548828125,0.604248046875
24.898438,-4.43115234375,-0.40283203125
24.900391,-5.23681640625,-1.20849609375
24.902344,-5.841064453125,-1.611328125
24.904297,-6.243896484375,-2.01416015625
24.90625,-3.424072265625,-13.897705078125
24.908203,-3.021240234375,-13.6962890625
24.910156,-2.618408203125,-13.092041015625
24.912109,-1.812744140625,-12.48779296875
24.914062,-1.007080078125,-11.68212890625
24.916016,0.0,-10.675048828125
24.917969,4.0283203125,-2.618408203125
24.919922,4.833984375,-1.812744140625
24.921875,5.438232421875,-1.007080078125
24.923828,18.12744140625,44.110107421875
24.925781,19.940185546875,49.346923828125
24.927734,19.940185546875,49.346923828125
24.929688,19.537353515625,48.944091796875
24.931641,19.134521484375,48.33984375
24.933594,18.328857421875,47.5341796875
24.935547,17.32177734375,46.728515625
24.9375,16.314697265625,45.721435546875
24.939453,15.509033203125,44.71435546875
24.941406,14.703369140625,43.90869140625
24.943359,13.897705078125,43.304443359375
24.945312,13.494873046875,42.901611328125
24.947266,13.494873046875,42.7001953125
24.949219,13.494873046875,42.901611328125
24.951172,13.897705078125,43.304443359375
24.953125,14.703369140625,43.90869140625
24.955078,15.509033203125,44.71435546875
24.957031,16.314697265625,45.721435546875
24.958984,17.32177734375,46.728515625
24.960938,18.328857421875,47.5341796875
24.962891,19.134521484375,48.33984375
24.964844,19.537353515625,48.944091796875
24.966797,19.940185546875,49.346923828125
24.96875,19.940185546875,49.346923828125
24.970703,19.73876953125,49.1455078125
24.972656,19.3359375,48.541259765625
24.974609,18.5302734375,47.93701171875
24.976562,17.724609375,46.929931640625
24.978516,16.717529296875,46.124267578125
24.980469,15.71044921875,45.1171875
24.982422,14.90478515625,44.110107421875
24.984375,14.09912109375,43.505859375
24.986328,13.6962890625,42.901611328125
24.988281,13.494873046875,42.7001953125
24.990234,13.494873046875,42.7001953125
24.992188,15.71044921875,46.32568359375
24.994141,22.15576171875,26.98974609375
24.996094,22.96142578125,27.79541015625
24.998047,23.76708984375,28.60107421875
25.0,24.774169921875,29.608154296875
25.001953,25.78125,30.615234375
25.003906,26.5869140625,31.4208984375
25.005859,27.191162109375,32.025146484375
25.007812,27.593994140625,32.427978515625
25.009766,27.79541015625,32.62939453125
25.011719,27.593994140625,32.427978515625
25.013672,27.191162109375,32.025146484375
25.015625,26.18408203125,17.523193359375
25.017578,25.37841796875,16.717529296875
25.019531,24.57275390625,15.71044921875
25.021484,23.565673828125,14.703369140625
25.023438,22.55859375,13.897705078125
25.025391,21.7529296875,13.092041015625
25.027344,21.35009765625,12.48779296875
25.029297,20.947265625,12.0849609375
25.03125,20.947265625,12.0849609375
25.033203,21.148681640625,12.286376953125
25.035156,21.551513671875,12.890625
25.037109,22.357177734375,13.494873046875
25.039062,23.162841796875,14.501953125
25.041016,24.169921875,15.3076171875
25.042969,25.177001953125,16.314697265625
25.044922,25.982666015625,17.32177734375
25.046875,26.788330078125,17.926025390625
25.048828,27.191162109375,18.5302734375
25.050781,27.392578125,18.731689453125
25.052734,27.392578125,18.731689453125
25.054688,27.191162109375,18.328857421875
25.056641,26.5869140625,17.724609375
25.058594,25.78125,16.9189453125
25.060547,24.774169921875,16.11328125
25.0625,23.76708984375,15.106201171875
25.064453,22.96142578125,14.09912109375
25.066406,22.15576171875,13.29345703125
25.068359,21.35009765625,12.689208984375
25.070312,20.947265625,12.286376953125
25.072266,20.947265625,12.0849609375
25.074219,20.947265625,12.286376953125
25.076172,21.35009765625,12.689208984375
25.078125,22.15576171875,13.29345703125
25.080078,22.96142578125,14.09912109375
25.082031,23.76708984375,15.106201171875
25.083984,24.774169921875,16.11328125
25.085938,25.78125,16.9189453125
25.087891,26.5869140625,17.724609375
25.089844,27.191162109375,18.328857421875
25.091797,27.392578125,18.731689453125
25.09375,27.392578125,18.731689453125
25.095703,27.191162109375,18.5302734375
25.097656,26.788330078125,17.926025390625
25.099609,25.982666015625,17.32177734375
25.101562,25.177001953125,16.314697265625
25.103516,24.169921875,15.3076171875
25.105469,23.162841796875,14.501953125
25.107422,22.357177734375,13.494873046875
25.109375,21.551513671875,12.890625
25.111328,21.148681640625,12.286376953125
25.113281,20.947265625,12.0849609375
25.115234,20.947265625,12.0849609375
25.117188,21.35009765625,12.48779296875
25.119141,21.7529296875,13.092041015625
25.121094,22.55859375,13.897705078125
25.123047,23.565673828125,14.703369140625
25.125,24.57275390625,15.71044921875
25.126953,21.954345703125,-4.632568359375
25.128906,22.760009765625,-3.826904296875
25.130859,23.565673828125,-3.021240234375
25.132812,23.968505859375,-2.618408203125
25.134766,23.968505859375,-2.618408203125
25.136719,23.968505859375,-2.618408203125
25.138672,23.565673828125,-3.021240234375
25.140625,22.760009765625,-3.826904296875
25.142578,21.148681640625,-6.646728515625
25.144531,20.343017578125,-7.452392578125
25.146484,19.3359375,-8.45947265625
25.148438,18.328857421875,-9.466552734375
25.150391,17.523193359375,-10.272216796875
25.152344,16.9189453125,-10.675048828125
25.154297,8.45947265625,10.675048828125
25.15625,8.258056640625,10.675048828125
25.158203,8.660888671875,10.87646484375
25.160156,9.063720703125,11.279296875
25.162109,9.869384765625,12.0849609375
25.164062,10.675048828125,12.890625
25.166016,11.68212890625,13.897705078125
25.167969,12.689208984375,14.90478515625
25.169922,13.494873046875,15.71044921875
25.171875,14.09912109375,16.51611328125
25.173828,14.703369140625,16.9189453125
25.175781,14.90478515625,17.120361328125
25.177734,8.056640625,42.498779296875
25.179688,7.65380859375,42.29736328125
25.181641,7.049560546875,41.693115234375
25.183594,6.243896484375,40.887451171875
25.185547,5.438232421875,40.081787109375
25.1875,4.43115234375,39.07470703125
25.189453,0.604248046875,44.915771484375
25.191406,-2.01416015625,44.3115234375
25.193359,-2.618408203125,43.707275390625
25.195312,-3.021240234375,43.304443359375
25.197266,-3.22265625,43.10302734375
25.199219,-3.021240234375,43.304443359375
25.201172,-2.618408203125,43.707275390625
25.203125,-2.01416015625,44.3115234375
25.205078,-1.20849609375,45.1171875
25.207031,-0.201416015625,46.124267578125
25.208984,0.8056640625,47.13134765625
25.210938,1.611328125,47.93701171875
25.212891,2.4169921875,48.74267578125
25.214844,3.021240234375,49.346923828125
25.216797,3.424072265625,49.749755859375
25.21875,3.424072265625,49.749755859375
25.220703,3.22265625,49.54833984375
25.222656,2.618408203125,48.944091796875
25.224609,2.01416015625,48.33984375
25.226562,1.007080078125,47.332763671875
25.228516,0.201416015625,46.527099609375
25.230469,-0.8056640625,45.52001953125
25.232422,-1.611328125,44.512939453125
25.234375,-2.4169921875,43.90869140625
25.236328,-2.81982421875,43.304443359375
25.238281,-3.22265625,43.10302734375
25.240234,-3.021240234375,43.304443359375
25.242188,-2.81982421875,43.505859375
25.244141,-2.215576171875,44.110107421875
25.246094,-1.409912109375,44.915771484375
25.248047,-0.604248046875,45.721435546875
25.25,0.40283203125,46.728515625
25.251953,1.409912109375,47.735595703125
25.253906,2.215576171875,48.541259765625
25.255859,2.81982421875,49.1455078125
25.257812,3.22265625,49.54833984375
25.259766,3.424072265625,49.749755859375
25.261719,3.22265625,49.54833984375
25.263672,2.81982421875,49.1455078125
25.265625,2.215576171875,48.541259765625
25.267578,1.409912109375,47.735595703125
25.269531,0.40283203125,46.728515625
25.271484,-4.43115234375,35.04638671875
25.273438,-5.438232421875,34.24072265625
25.275391,-6.243896484375,33.43505859375
25.277344,-6.84814453125,32.830810546875
25.279297,-7.049560546875,32.62939453125
25.28125,-7.049560546875,32.427978515625
25.283203,-6.84814453125,32.830810546875
25.285156,-6.4453125,33.233642578125
25.287109,-5.6396484375,34.039306640625
25.289062,-4.833984375,34.844970703125
25.291016,-3.826904296875,35.85205078125
25.292969,-2.81982421875,36.65771484375
25.294922,-2.01416015625,37.664794921875
25.296875,-1.20849609375,38.26904296875
25.298828,-0.8056640625,38.873291015625
25.300781,-0.604248046875,39.07470703125
25.302734,-0.604248046875,39.07470703125
25.304688,-1.007080078125,38.671875
25.306641,-1.007080078125,32.025146484375
25.308594,-1.812744140625,31.219482421875
25.310547,-2.81982421875,30.413818359375
25.3125,-3.826904296875,29.40673828125
25.314453,-4.632568359375,28.399658203125
25.316406,-5.438232421875,27.593994140625
25.318359,-6.243896484375,26.98974609375
25.320312,-6.646728515625,26.5869140625
25.322266,-6.646728515625,26.385498046875
25.324219,-6.646728515625,26.5869140625
25.326172,-6.243896484375,26.98974609375
25.328125,-5.438232421875,27.593994140625
25.330078,-4.632568359375,28.399658203125
25.332031,-3.826904296875,29.40673828125
25.333984,-2.81982421875,30.413818359375
25.335938,-1.812744140625,31.219482421875
25.337891,-1.007080078125,32.025146484375
25.339844,-0.40283203125,32.62939453125
25.341797,-0.201416015625,33.0322265625
25.34375,-0.201416015625,33.0322265625
25.345703,-0.40283203125,32.830810546875
25.347656,-0.8056640625,32.2265625
25.349609,-1.611328125,31.622314453125
25.351562,-2.4169921875,30.615234375
25.353516,-3.424072265625,29.8095703125
25.355469,-4.43115234375,7.452392578125
25.357422,-5.438232421875,6.646728515625
25.359375,-6.04248046875,5.841064453125
25.361328,-6.646728515625,5.438232421875
25.363281,-6.84814453125,5.23681640625
25.365234,-6.84814453125,5.23681640625
25.367188,-6.4453125,5.6396484375
25.369141,-5.841064453125,6.243896484375
25.371094,-5.035400390625,6.84814453125
25.373047,-3.826904296875,3.22265625
25.375,-2.81982421875,4.229736328125
25.376953,-1.812744140625,5.035400390625
25.378906,-1.007080078125,5.841064453125
25.380859,-0.40283203125,6.646728515625
25.382812,0.0,7.049560546875
25.384766,4.43115234375,-4.833984375
25.386719,4.43115234375,-5.035400390625
25.388672,4.0283203125,-5.438232421875
25.390625,3.22265625,-6.04248046875
25.392578,2.4169921875,-6.84814453125
25.394531,1.611328125,-7.855224609375
25.396484,0.604248046875,-8.8623046875
25.398438,-0.40283203125,-9.66796875
25.400391,-1.20849609375,-10.4736328125
25.402344,-1.611328125,-11.077880859375
25.404297,-2.01416015625,-11.480712890625
25.40625,-2.01416015625,-11.480712890625
25.408203,-1.812744140625,-11.279296875
25.410156,-1.409912109375,-10.675048828125
25.412109,-0.604248046875,-10.07080078125
25.414062,0.201416015625,-9.063720703125
25.416016,1.20849609375,-8.056640625
25.417969,2.215576171875,-7.2509765625
25.419922,3.021240234375,-6.243896484375
25.421875,3.826904296875,-5.6396484375
25.423828,7.855224609375,3.021240234375
25.425781,8.056640625,3.22265625
25.427734,8.056640625,3.22265625
25.429688,7.65380859375,3.021240234375
25.431641,7.2509765625,2.4169921875
25.433594,6.4453125,1.611328125
25.435547,5.438232421875,0.604248046875
25.4375,4.43115234375,-0.201416015625
25.439453,3.62548828125,-1.20849609375
25.441406,2.81982421875,-2.01416015625
25.443359,2.01416015625,-2.618408203125
25.445312,1.611328125,-3.22265625
25.447266,1.611328125,-3.22265625
25.449219,1.611328125,-3.22265625
25.451172,2.01416015625,-2.618408203125
25.453125,2.81982421875,-2.01416015625
25.455078,3.62548828125,-1.20849609375
25.457031,4.43115234375,-0.201416015625
25.458984,5.438232421875,0.604248046875
25.460938,6.4453125,1.611328125
25.462891,7.2509765625,2.4169921875
25.464844,7.65380859375,3.021240234375
25.466797,8.056640625,3.22265625
25.46875,8.056640625,3.22265625
25.470703,7.855224609375,3.021240234375
25.472656,7.452392578125,2.618408203125
25.474609,6.646728515625,1.812744140625
25.476562,10.87646484375,22.15576171875
25.478516,11.68212890625,28.802490234375
25.480469,10.675048828125,27.79541015625
25.482422,9.869384765625,26.98974609375
25.484375,11.077880859375,31.622314453125
25.486328,10.4736328125,31.219482421875
25.488281,16.11328125,45.1171875
25.490234,17.724609375,41.89453125
25.492188,17.926025390625,42.29736328125
25.494141,18.5302734375,42.7001953125
25.496094,19.3359375,43.505859375
25.498047,20.343017578125,44.512939453125
25.5,21.35009765625,45.52001953125
25.501953,22.15576171875,46.32568359375
25.503906,22.96142578125,47.13134765625
25.505859,23.76708984375,47.93701171875
25.507812,27.191162109375,38.671875
25.509766,27.392578125,38.873291015625
25.511719,27.191162109375,38.671875
25.513672,26.788330078125,38.26904296875
25.515625,26.18408203125,37.664794921875
25.517578,25.177001953125,36.859130859375
25.519531,24.371337890625,35.85205078125
25.521484,23.3642578125,35.04638671875
25.523438,22.357177734375,34.039306640625
25.525391,21.7529296875,33.233642578125
25.527344,21.148681640625,32.62939453125
25.529297,20.745849609375,32.427978515625
25.53125,20.745849609375,32.2265625
25.533203,20.947265625,32.62939453125
25.535156,21.35009765625,33.0322265625
25.537109,22.15576171875,33.837890625
25.539062,22.96142578125,34.6435546875
25.541016,23.968505859375,35.650634765625
25.542969,24.9755859375,36.65771484375
25.544922,25.78125,37.46337890625
25.546875,26.5869140625,38.067626953125
25.548828,26.98974609375,38.671875
25.550781,27.191162109375,38.873291015625
25.552734,27.191162109375,38.873291015625
25.554688,26.98974609375,38.470458984375
25.556641,26.385498046875,37.8662109375
25.558594,25.579833984375,37.261962890625
25.560547,24.57275390625,36.2548828125
25.5625,23.76708984375,35.247802734375
25.564453,22.760009765625,34.442138671875
25.566406,21.954345703125,33.43505859375
25.568359,21.35009765625,32.830810546875
25.570312,20.745849609375,32.427978515625
25.572266,20.745849609375,32.2265625
25.574219,20.745849609375,32.427978515625
25.576172,21.35009765625,32.830810546875
25.578125,21.954345703125,33.43505859375
25.580078,22.15576171875,0.0
25.582031,23.162841796875,1.007080078125
25.583984,24.169921875,1.812744140625
25.585938,24.9755859375,2.81982421875
25.587891,25.78125,3.62548828125
25.589844,26.385498046875,4.229736328125
25.591797,26.5869140625,4.43115234375
25.59375,26.788330078125,4.43115234375
25.595703,26.385498046875,4.229736328125
25.597656,25.982666015625,3.826904296875
25.599609,25.177001953125,3.021240234375
25.601562,24.371337890625,2.215576171875
25.603516,23.3642578125,1.20849609375
25.605469,22.55859375,0.201416015625
25.607422,21.551513671875,-0.604248046875
25.609375,20.947265625,-1.409912109375
25.611328,20.343017578125,-1.812744140625
25.613281,20.1416015625,-2.01416015625
25.615234,20.1416015625,-2.01416015625
25.617188,20.54443359375,-1.611328125
25.619141,21.148681640625,-1.007080078125
25.621094,21.954345703125,-0.40283203125
25.623047,22.760009765625,0.604248046875
25.625,23.76708984375,1.611328125
25.626953,24.774169921875,2.4169921875
25.628906,25.579833984375,3.424072265625
25.630859,23.76708984375,-6.4453125
25.632812,24.169921875,-6.04248046875
25.634766,24.371337890625,-5.841064453125
25.636719,24.169921875,-6.04248046875
25.638672,23.76708984375,-6.4453125
25.640625,23.162841796875,-7.049560546875
25.642578,22.357177734375,-7.855224609375
25.644531,21.35009765625,-8.8623046875
25.646484,20.54443359375,-9.869384765625
25.648438,19.537353515625,-10.675048828125
25.650391,18.731689453125,-11.480712890625
25.652344,18.12744140625,-12.0849609375
25.654297,17.926025390625,-12.48779296875
25.65625,17.724609375,-12.48779296875
25.658203,18.12744140625,-12.286376953125
25.660156,18.5302734375,-11.68212890625
25.662109,19.3359375,-11.077880859375
25.664062,20.1416015625,-10.07080078125
25.666016,21.148681640625,-9.063720703125
25.667969,21.954345703125,-8.258056640625
25.669922,22.96142578125,-7.2509765625
25.671875,23.565673828125,-6.646728515625
25.673828,24.169921875,-6.04248046875
25.675781,24.371337890625,-5.841064453125
25.677734,24.371337890625,-5.841064453125
25.679688,23.968505859375,-6.243896484375
25.681641,23.3642578125,-6.84814453125
25.683594,22.55859375,-7.65380859375
25.685547,21.7529296875,-8.45947265625
25.6875,20.745849609375,-9.466552734375
25.689453,13.897705078125,-1.007080078125
25.691406,13.092041015625,-1.812744140625
25.693359,12.48779296875,-2.618408203125
25.695312,12.0849609375,-3.021240234375
25.697266,11.883544921875,-3.021240234375
25.699219,12.0849609375,-3.021240234375
25.701172,12.48779296875,-2.618408203125
25.703125,13.092041015625,-1.812744140625
25.705078,13.897705078125,-1.007080078125
25.707031,14.90478515625,-0.201416015625
25.708984,15.911865234375,0.8056640625
25.710938,16.717529296875,1.812744140625
25.712891,17.523193359375,2.618408203125
25.714844,18.12744140625,3.22265625
25.716797,18.5302734375,3.424072265625
25.71875,18.5302734375,3.424072265625
25.720703,18.328857421875,3.22265625
25.722656,17.724609375,2.81982421875
25.724609,17.120361328125,2.01416015625
25.726562,16.11328125,1.20849609375
25.728516,15.3076171875,0.201416015625
25.730469,14.300537109375,-0.8056640625
25.732422,13.494873046875,-1.611328125
25.734375,12.689208984375,-2.4169921875
25.736328,12.286376953125,-2.81982421875
25.738281,11.883544921875,-3.021240234375
25.740234,6.646728515625,18.12744140625
25.742188,7.049560546875,18.328857421875
25.744141,7.65380859375,18.93310546875
25.746094,8.258056640625,19.73876953125
25.748047,-0.40283203125,44.71435546875
25.75,0.604248046875,45.721435546875
25.751953,1.611328125,46.527099609375
25.753906,2.4169921875,47.5341796875
25.755859,-1.812744140625,31.01806640625
25.757812,-1.409912109375,31.4208984375
25.759766,-1.20849609375,31.622314453125
25.761719,-1.409912109375,31.4208984375
25.763672,-1.812744140625,31.01806640625
25.765625,-1.20849609375,2.618408203125
25.767578,-2.01416015625,1.812744140625
25.769531,-3.021240234375,0.8056640625
25.771484,-3.826904296875,-0.201416015625
25.773438,-4.833984375,-1.007080078125
25.775391,-3.021240234375,-8.8623046875
25.777344,-3.62548828125,-9.466552734375
25.779297,-4.0283203125,-9.869384765625
25.78125,-4.0283203125,-9.869384765625
25.783203,-3.826904296875,-9.66796875
25.785156,-3.22265625,-9.063720703125
25.787109,-2.618408203125,-8.45947265625
25.789062,-1.611328125,-7.65380859375
25.791016,-0.8056640625,-6.646728515625
25.792969,0.201416015625,-5.6396484375
25.794922,1.007080078125,-4.833984375
25.796875,1.812744140625,-4.0283203125
25.798828,2.4169921875,-3.62548828125
25.800781,2.618408203125,-3.22265625
25.802734,2.4169921875,-3.424072265625
25.804688,2.215576171875,-3.62548828125
25.806641,1.611328125,-4.229736328125
25.808594,0.8056640625,-5.035400390625
25.810547,0.0,-6.04248046875
25.8125,-1.007080078125,-6.84814453125
25.814453,-2.01416015625,-7.855224609375
25.816406,-2.81982421875,-8.660888671875
25.818359,-3.424072265625,-9.26513671875
25.820312,0.0,-5.6396484375
25.822266,1.409912109375,-2.81982421875
25.824219,1.611328125,-2.618408203125
25.826172,2.01416015625,-2.215576171875
25.828125,2.618408203125,-1.611328125
25.830078,3.424072265625,-0.8056640625
25.832031,4.43115234375,0.201416015625
25.833984,5.438232421875,1.20849609375
25.835938,6.243896484375,2.01416015625
25.837891,7.049560546875,2.81982421875
25.839844,7.65380859375,3.424072265625
25.841797,8.056640625,3.826904296875
25.84375,9.869384765625,11.883544921875
25.845703,9.466552734375,11.68212890625
25.847656,9.063720703125,11.077880859375
25.849609,8.258056640625,10.4736328125
25.851562,7.452392578125,9.466552734375
25.853516,6.4453125,8.660888671875
25.855469,5.438232421875,7.65380859375
25.857422,4.632568359375,6.84814453125
25.859375,4.0283203125,6.04248046875
25.861328,3.424072265625,5.6396484375
25.863281,3.22265625,5.23681640625
25.865234,3.22265625,5.438232421875
25.867188,3.62548828125,5.6396484375
25.869141,4.229736328125,6.243896484375
25.871094,4.833984375,7.049560546875
25.873047,5.841064453125,7.855224609375
25.875,6.84814453125,8.8623046875
25.876953,7.65380859375,9.869384765625
25.878906,8.660888671875,10.675048828125
25.880859,9.26513671875,11.279296875
25.882812,9.66796875,11.68212890625
25.884766,9.869384765625,11.883544921875
25.886719,9.66796875,11.68212890625
25.888672,9.26513671875,11.279296875
25.890625,8.660888671875,10.675048828125
25.892578,7.65380859375,9.869384765625
25.894531,6.84814453125,8.8623046875
25.896484,5.841064453125,7.855224609375
25.898438,4.833984375,7.049560546875
25.900391,4.229736328125,6.243896484375
25.902344,3.62548828125,5.6396484375
25.904297,3.22265625,5.438232421875
25.90625,3.22265625,5.23681640625
25.908203,3.424072265625,5.6396484375
25.910156,4.0283203125,6.04248046875
25.912109,6.243896484375,12.286376953125
25.914062,14.09912109375,38.470458984375
25.916016,15.106201171875,39.4775390625
25.917969,19.134521484375,50.555419921875
25.919922,23.968505859375,45.52001953125
25.921875,24.774169921875,46.32568359375
25.923828,26.385498046875,24.9755859375
25.925781,26.5869140625,25.177001953125
25.927734,26.5869140625,24.9755859375
25.929688,26.18408203125,24.774169921875
25.931641,25.78125,24.169921875
25.933594,24.9755859375,23.3642578125
25.935547,23.968505859375,22.55859375
25.9375,22.96142578125,21.551513671875
25.939453,22.15576171875,20.54443359375
25.941406,21.35009765625,19.73876953125
25.943359,20.745849609375,0.201416015625
25.945312,20.343017578125,-0.201416015625
25.947266,20.1416015625,-0.40283203125
25.949219,20.343017578125,-0.201416015625
25.951172,20.745849609375,0.201416015625
25.953125,21.35009765625,0.8056640625
25.955078,22.15576171875,1.611328125
25.957031,23.162841796875,2.618408203125
25.958984,23.968505859375,3.62548828125
25.960938,24.9755859375,4.43115234375
25.962891,25.78125,5.23681640625
25.964844,26.385498046875,5.841064453125
25.966797,26.5869140625,6.04248046875
25.96875,26.788330078125,6.243896484375
25.970703,20.947265625,-4.43115234375
25.972656,20.54443359375,-4.833984375
25.974609,19.73876953125,-5.6396484375
25.976562,18.93310546875,-6.4453125
25.978516,17.926025390625,-7.452392578125
25.980469,16.9189453125,-8.45947265625
25.982422,16.11328125,-9.26513671875
25.984375,15.509033203125,-10.07080078125
25.986328,14.90478515625,-10.4736328125
25.988281,14.703369140625,-10.675048828125
25.990234,14.703369140625,-10.675048828125
25.992188,15.106201171875,-10.272216796875
25.994141,15.71044921875,-9.869384765625
25.996094,16.314697265625,-9.063720703125
25.998047,17.32177734375,-8.056640625
26.0,18.328857421875,-7.049560546875
26.001953,19.134521484375,-6.243896484375
26.003906,18.5302734375,-1.611328125
26.005859,19.134521484375,-1.007080078125
26.007812,19.537353515625,-0.604248046875
26.009766,19.73876953125,-0.40283203125
26.011719,19.537353515625,-0.604248046875
26.013672,19.134521484375,-1.007080078125
26.015625,18.5302734375,-1.611328125
26.017578,17.724609375,-2.618408203125
26.019531,16.717529296875,-3.424072265625
26.021484,15.911865234375,-4.43115234375
26.023438,14.90478515625,-5.438232421875
26.025391,14.09912109375,-6.04248046875
26.027344,13.494873046875,-6.646728515625
26.029297,13.29345703125,-7.049560546875
26.03125,13.092041015625,-7.049560546875
26.033203,13.494873046875,-6.84814453125
26.035156,13.897705078125,-6.4453125
26.037109,14.703369140625,-5.6396484375
26.039062,15.509033203125,-4.833984375
26.041016,16.51611328125,-3.826904296875
26.042969,17.32177734375,-2.81982421875
26.044922,18.328857421875,-2.01416015625
26.046875,18.93310546875,-1.20849609375
26.048828,19.537353515625,-0.8056640625
26.050781,19.73876953125,-0.604248046875
26.052734,19.73876953125,-0.604248046875
26.054688,19.3359375,-0.8056640625
26.056641,18.731689453125,-1.409912109375
26.058594,17.926025390625,-2.215576171875
26.060547,17.120361328125,-3.22265625
26.0625,16.11328125,-4.0283203125
26.064453,8.660888671875,20.1416015625
26.066406,7.855224609375,19.3359375
26.068359,7.2509765625,18.5302734375
26.070312,6.646728515625,18.12744140625
26.072266,6.646728515625,18.12744140625
26.074219,6.646728515625,18.12744140625
26.076172,7.2509765625,18.5302734375
26.078125,7.855224609375,19.3359375
26.080078,8.660888671875,20.1416015625
26.082031,9.66796875,20.947265625
26.083984,10.4736328125,21.954345703125
26.085938,7.855224609375,37.664794921875
26.087891,8.660888671875,38.470458984375
26.089844,9.26513671875,38.873291015625
26.091797,9.466552734375,39.276123046875
26.09375,9.466552734375,39.276123046875
26.095703,9.26513671875,39.07470703125
26.097656,8.8623046875,38.671875
26.099609,8.056640625,37.8662109375
26.101562,7.2509765625,37.060546875
26.103516,6.243896484375,36.053466796875
26.105469,5.23681640625,35.04638671875
26.107422,4.43115234375,34.24072265625
26.109375,3.62548828125,33.43505859375
26.111328,3.22265625,33.0322265625
26.113281,-0.201416015625,38.873291015625
26.115234,0.0,39.07470703125
26.117188,0.201416015625,39.276123046875
26.119141,0.8056640625,39.88037109375
26.121094,1.611328125,40.68603515625
26.123047,2.618408203125,41.693115234375
26.125,3.424072265625,42.498779296875
26.126953,-1.409912109375,48.541259765625
26.128906,-0.604248046875,49.346923828125
26.130859,-1.409912109375,17.926025390625
26.132812,-1.007080078125,18.328857421875
26.134766,-1.007080078125,18.5302734375
26.136719,-1.007080078125,18.328857421875
26.138672,-1.409912109375,17.926025390625
26.140625,-2.215576171875,17.32177734375
26.142578,-3.021240234375,16.51611328125
26.144531,-3.826904296875,15.509033203125
26.146484,-4.833984375,14.501953125
26.148438,-5.841064453125,13.6962890625
26.150391,-6.646728515625,12.890625
26.152344,-7.2509765625,12.286376953125
26.154297,-7.452392578125,12.0849609375
26.15625,-7.452392578125,11.883544921875
26.158203,-7.2509765625,12.0849609375
26.160156,-6.04248046875,-7.049560546875
26.162109,-5.23681640625,-6.243896484375
26.164062,-4.43115234375,-5.438232421875
26.166016,-1.611328125,-8.660888671875
26.167969,-0.604248046875,-7.65380859375
26.169922,0.40283203125,-6.84814453125
26.171875,1.007080078125,-6.04248046875
26.173828,1.611328125,-5.6396484375
26.175781,1.812744140625,-5.438232421875
26.177734,1.812744140625,-5.438232421875
26.179688,1.409912109375,-5.6396484375
26.181641,2.215576171875,-6.243896484375
26.183594,1.409912109375,-6.84814453125
26.185547,0.604248046875,-7.855224609375
26.1875,-0.40283203125,-8.8623046875
26.189453,-1.409912109375,-9.66796875
26.191406,-2.215576171875,-10.4736328125
26.193359,-2.81982421875,-11.279296875
26.195312,-3.22265625,-11.68212890625
26.197266,-3.424072265625,-11.68212890625
26.199219,-3.22265625,-11.68212890625
26.201172,-2.81982421875,-11.279296875
26.203125,-2.215576171875,-10.4736328125
26.205078,-1.409912109375,-9.66796875
26.207031,-0.40283203125,-8.8623046875
26.208984,0.604248046875,-7.855224609375
26.210938,1.409912109375,-6.84814453125
26.212891,2.215576171875,-6.243896484375
26.214844,2.81982421875,-5.6396484375
26.216797,3.021240234375,-5.23681640625
26.21875,3.22265625,-5.23681640625
26.220703,2.81982421875,-5.438232421875
26.222656,2.4169921875,-5.841064453125
26.224609,1.611328125,-6.646728515625
26.226562,0.8056640625,-7.452392578125
26.228516,-0.201416015625,-8.45947265625
26.230469,-1.007080078125,-9.466552734375
26.232422,-2.01416015625,-10.272216796875
26.234375,-2.618408203125,-11.077880859375
26.236328,3.22265625,5.23681640625
26.238281,3.021240234375,5.035400390625
26.240234,3.021240234375,5.035400390625
26.242188,3.424072265625,5.438232421875
26.244141,4.0283203125,6.04248046875
26.246094,4.833984375,6.84814453125
26.248047,5.6396484375,7.65380859375
26.25,6.646728515625,8.660888671875
26.251953,7.65380859375,9.66796875
26.253906,12.0849609375,23.565673828125
26.255859,12.689208984375,24.169921875
26.257812,13.092041015625,24.57275390625
26.259766,13.29345703125,24.774169921875
26.261719,13.092041015625,24.57275390625
26.263672,12.689208984375,24.169921875
26.265625,12.0849609375,23.565673828125
26.267578,11.077880859375,22.760009765625
26.269531,10.272216796875,21.7529296875
26.271484,9.26513671875,20.745849609375
26.273438,8.258056640625,19.940185546875
26.275391,7.65380859375,19.134521484375
26.277344,7.049560546875,18.5302734375
26.279297,6.646728515625,18.12744140625
26.28125,6.646728515625,18.12744140625
26.283203,6.84814453125,18.328857421875
26.285156,7.2509765625,18.93310546875
26.287109,8.056640625,19.537353515625
26.289062,8.8623046875,20.54443359375
26.291016,9.869384765625,21.35009765625
26.292969,10.87646484375,22.357177734375
26.294922,11.68212890625,23.162841796875
26.296875,12.48779296875,23.968505859375
26.298828,12.890625,24.371337890625
26.300781,13.092041015625,24.774169921875
26.302734,13.092041015625,24.57275390625
26.304688,12.890625,24.371337890625
26.306641,12.286376953125,23.76708984375
26.308594,11.480712890625,22.96142578125
26.310547,12.286376953125,29.40673828125
26.3125,16.314697265625,42.901611328125
26.314453,15.509033203125,42.095947265625
26.316406,14.703369140625,41.290283203125
26.318359,13.897705078125,40.484619140625
26.320312,13.494873046875,40.081787109375
26.322266,13.494873046875,40.081787109375
26.324219,13.494873046875,40.081787109375
26.326172,13.897705078125,40.484619140625
26.328125,14.703369140625,41.290283203125
26.330078,15.509033203125,42.095947265625
26.332031,16.314697265625,42.901611328125
26.333984,18.731689453125,49.951171875
26.335938,19.73876953125,50.7568359375
26.337891,20.54443359375,51.5625
26.339844,20.947265625,52.166748046875
26.341797,21.35009765625,52.3681640625
26.34375,21.35009765625,52.569580078125
26.345703,21.148681640625,52.166748046875
26.347656,20.745849609375,51.763916015625
26.349609,19.940185546875,50.958251953125
26.351562,19.134521484375,50.152587890625
26.353516,18.12744140625,49.1455078125
26.355469,17.120361328125,48.33984375
26.357422,16.314697265625,47.332763671875
26.359375,15.509033203125,46.728515625
26.361328,20.1416015625,37.261962890625
26.363281,19.73876953125,36.859130859375
26.365234,19.940185546875,37.060546875
26.367188,20.54443359375,31.4208984375
26.369141,21.148681640625,32.025146484375
26.371094,21.7529296875,32.62939453125
26.373047,22.760009765625,33.636474609375
26.375,23.76708984375,34.6435546875
26.376953,24.57275390625,35.44921875
26.378906,25.579833984375,17.523193359375
26.380859,25.982666015625,2.215576171875
26.382812,26.385498046875,2.618408203125
26.384766,26.5869140625,2.81982421875
26.386719,26.385498046875,2.618408203125
26.388672,25.982666015625,2.215576171875
26.390625,25.37841796875,1.611328125
26.392578,19.73876953125,-7.65380859375
26.394531,13.6962890625,7.452392578125
26.396484,12.689208984375,6.646728515625
26.398438,6.646728515625,27.191162109375
26.400391,5.841064453125,26.385498046875
26.402344,5.23681640625,25.78125
26.404297,5.035400390625,25.579833984375
26.40625,4.833984375,25.37841796875
26.408203,5.23681640625,25.579833984375
26.410156,5.6396484375,26.18408203125
26.412109,6.4453125,26.788330078125
26.414062,7.2509765625,27.79541015625
26.416016,8.258056640625,28.802490234375
26.417969,9.063720703125,29.608154296875
26.419922,10.07080078125,30.615234375
26.421875,7.049560546875,41.49169921875
26.423828,5.841064453125,49.1455078125
26.425781,6.243896484375,49.54833984375
26.427734,6.04248046875,49.346923828125
26.429688,5.841064453125,49.1455078125
26.431641,5.23681640625,48.541259765625
26.433594,4.43115234375,47.735595703125
26.435547,3.62548828125,46.929931640625
26.4375,2.618408203125,45.9228515625
26.439453,1.611328125,44.915771484375
26.441406,0.8056640625,44.110107421875
26.443359,0.201416015625,43.505859375
26.445312,-0.201416015625,43.10302734375
26.447266,-0.40283203125,42.901611328125
26.449219,-0.201416015625,43.10302734375
26.451172,0.201416015625,43.505859375
26.453125,0.8056640625,44.110107421875
26.455078,1.611328125,44.915771484375
26.457031,2.618408203125,45.9228515625
26.458984,3.62548828125,46.929931640625
26.460938,4.43115234375,47.735595703125
26.462891,5.23681640625,48.541259765625
26.464844,5.841064453125,49.1455078125
26.466797,6.04248046875,49.346923828125
26.46875,2.618408203125,51.15966796875
26.470703,2.4169921875,50.7568359375
26.472656,1.812744140625,50.35400390625
26.474609,1.20849609375,49.54833984375
26.476562,0.201416015625,48.74267578125
26.478516,-0.604248046875,47.735595703125
26.480469,-1.611328125,46.929931640625
26.482422,-2.4169921875,45.9228515625
26.484375,-3.22265625,45.318603515625
26.486328,-3.826904296875,44.71435546875
26.488281,-4.0283203125,44.512939453125
26.490234,-3.826904296875,44.512939453125
26.492188,-3.62548828125,44.915771484375
26.494141,-3.021240234375,45.52001953125
26.496094,-2.215576171875,46.32568359375
26.498047,-1.409912109375,47.13134765625
26.5,-0.40283203125,48.138427734375
26.501953,0.604248046875,49.1455078125
26.503906,1.409912109375,49.951171875
26.505859,2.01416015625,50.555419921875
26.507812,2.4169921875,50.958251953125
26.509766,2.618408203125,51.15966796875
26.511719,2.4169921875,50.958251953125
26.513672,2.01416015625,50.555419921875
26.515625,1.409912109375,49.951171875
26.517578,0.604248046875,49.1455078125
26.519531,-0.40283203125,48.138427734375
26.521484,-1.409912109375,47.13134765625
26.523438,-2.215576171875,46.32568359375
26.525391,-3.021240234375,45.52001953125
26.527344,-3.62548828125,44.915771484375
26.529297,-7.65380859375,26.5869140625
26.53125,-7.65380859375,26.385498046875
26.533203,-7.65380859375,18.731689453125
26.535156,-6.646728515625,5.438232421875
26.537109,-5.841064453125,6.243896484375
26.539062,-2.215576171875,-6.4453125
26.541016,-1.20849609375,-5.438232421875
26.542969,-0.201416015625,-4.43115234375
26.544922,0.604248046875,-3.62548828125
26.546875,1.409912109375,-2.81982421875
26.548828,1.812744140625,-2.4169921875
26.550781,2.01416015625,-2.215576171875
26.552734,2.01416015625,-2.215576171875
26.554688,5.6396484375,1.007080078125
26.556641,8.8623046875,9.66796875
26.558594,9.66796875,15.911865234375
26.560547,8.660888671875,15.106201171875
26.5625,7.855224609375,14.09912109375
26.564453,6.84814453125,13.092041015625
26.566406,6.04248046875,12.286376953125
26.568359,5.438232421875,11.68212890625
26.570312,5.035400390625,11.279296875
26.572266,4.833984375,11.077880859375
26.574219,5.035400390625,11.279296875
26.576172,5.438232421875,11.68212890625
26.578125,6.04248046875,12.286376953125
26.580078,6.84814453125,13.092041015625
26.582031,7.855224609375,14.09912109375
26.583984,8.660888671875,15.106201171875
26.585938,9.66796875,15.911865234375
26.587891,10.4736328125,16.717529296875
26.589844,14.501953125,31.01806640625
26.591797,14.90478515625,31.4208984375
26.59375,14.90478515625,31.4208984375
26.595703,14.703369140625,31.219482421875
26.597656,14.09912109375,30.816650390625
26.599609,13.494873046875,30.010986328125
26.601562,12.48779296875,29.205322265625
26.603516,11.68212890625,28.1982421875
26.605469,10.675048828125,27.191162109375
26.607422,9.66796875,26.385498046875
26.609375,9.063720703125,25.579833984375
26.611328,8.45947265625,25.177001953125
26.613281,8.258056640625,24.9755859375
26.615234,8.258056640625,24.9755859375
26.617188,8.660888671875,25.37841796875
26.619141,9.26513671875,25.78125
26.621094,10.07080078125,26.5869140625
26.623047,14.300537109375,38.067626953125
26.625,15.3076171875,39.07470703125
26.626953,16.11328125,40.081787109375
26.628906,16.9189453125,40.887451171875
26.630859,17.724609375,41.49169921875
26.632812,18.12744140625,41.89453125
26.634766,18.12744140625,42.095947265625
26.636719,18.12744140625,41.89453125
26.638672,17.724609375,41.49169921875
26.640625,16.9189453125,40.887451171875
26.642578,16.11328125,40.081787109375
26.644531,15.3076171875,39.07470703125
26.646484,14.300537109375,38.067626953125
26.648438,13.29345703125,37.261962890625
26.650391,12.48779296875,36.456298828125
26.652344,12.0849609375,35.85205078125
26.654297,11.68212890625,35.650634765625
26.65625,11.68212890625,35.44921875
26.658203,11.883544921875,35.85205078125
26.660156,12.286376953125,36.2548828125
26.662109,13.092041015625,37.060546875
26.664062,13.897705078125,37.8662109375
26.666016,14.90478515625,38.873291015625
26.667969,15.911865234375,39.678955078125
26.669922,16.717529296875,40.68603515625
26.671875,17.523193359375,41.290283203125
26.673828,17.926025390625,41.89453125
26.675781,18.12744140625,42.095947265625
26.677734,18.12744140625,42.095947265625
26.679688,17.724609375,41.693115234375
26.681641,17.32177734375,41.0888671875
26.683594,16.51611328125,40.283203125
26.685547,15.509033203125,39.4775390625
26.6875,14.501953125,38.470458984375
26.689453,13.6962890625,37.46337890625
26.691406,12.890625,36.65771484375
26.693359,12.0849609375,36.053466796875
26.695312,16.314697265625,47.5341796875
26.697266,17.926025390625,45.9228515625
26.699219,18.12744140625,45.9228515625
26.701172,18.5302734375,46.32568359375
26.703125,19.134521484375,46.929931640625
26.705078,19.940185546875,47.93701171875
26.707031,20.947265625,48.74267578125
26.708984,21.7529296875,49.749755859375
26.710938,22.760009765625,50.7568359375
26.712891,23.565673828125,51.361083984375
26.714844,24.169921875,51.96533203125
26.716797,24.371337890625,52.3681640625
26.71875,24.371337890625,52.3681640625
26.720703,24.169921875,52.166748046875
26.722656,23.76708984375,51.763916015625
26.724609,23.968505859375,42.901611328125
26.726562,23.162841796875,41.89453125
26.728516,22.15576171875,41.0888671875
26.730469,21.148681640625,40.081787109375
26.732422,20.343017578125,39.276123046875
26.734375,19.537353515625,38.470458984375
26.736328,19.134521484375,37.8662109375
26.738281,18.731689453125,37.664794921875
26.740234,18.93310546875,37.8662109375
26.742188,19.134521484375,38.067626953125
26.744141,19.73876953125,38.671875
26.746094,20.54443359375,39.4775390625
26.748047,21.551513671875,40.283203125
26.75,22.357177734375,41.290283203125
26.751953,24.9755859375,23.3642578125
26.753906,25.982666015625,24.169921875
26.755859,26.5869140625,24.774169921875
26.757812,26.98974609375,25.177001953125
26.759766,27.191162109375,25.37841796875
26.761719,26.5869140625,1.812744140625
26.763672,24.774169921875,-5.035400390625
26.765625,24.169921875,-5.6396484375
26.767578,23.3642578125,-6.4453125
26.769531,16.717529296875,-1.007080078125
26.771484,11.077880859375,13.6962890625
26.773438,10.07080078125,12.890625
26.775391,4.229736328125,33.43505859375
26.777344,0.201416015625,41.89453125
26.779297,-0.201416015625,41.49169921875
26.78125,-0.201416015625,41.49169921875
26.783203,0.0,41.693115234375
26.785156,0.604248046875,42.29736328125
26.787109,1.20849609375,42.901611328125
26.789062,2.215576171875,43.707275390625
26.791016,3.021240234375,44.71435546875
26.792969,4.0283203125,45.721435546875
26.794922,5.035400390625,46.527099609375
26.796875,5.6396484375,47.332763671875
26.798828,6.243896484375,47.735595703125
26.800781,6.4453125,47.93701171875
26.802734,6.4453125,47.93701171875
26.804688,6.04248046875,47.735595703125
26.806641,5.438232421875,47.13134765625
26.808594,4.632568359375,46.32568359375
26.810547,3.826904296875,45.318603515625
26.8125,2.81982421875,44.512939453125
26.814453,1.812744140625,43.505859375
26.816406,1.007080078125,42.7001953125
26.818359,0.40283203125,42.095947265625
26.820312,0.0,41.49169921875
26.822266,-0.201416015625,41.49169921875
26.824219,0.0,41.49169921875
26.826172,0.40283203125,42.095947265625
26.828125,1.007080078125,42.7001953125
26.830078,1.812744140625,43.505859375
26.832031,2.81982421875,44.512939453125
26.833984,3.826904296875,45.318603515625
26.835938,4.632568359375,46.32568359375
26.837891,5.438232421875,47.13134765625
26.839844,6.04248046875,47.735595703125
26.841797,6.4453125,47.93701171875
26.84375,0.8056640625,50.555419921875
26.845703,0.604248046875,50.35400390625
26.847656,0.201416015625,49.749755859375
26.849609,-0.604248046875,49.1455078125
26.851562,-1.409912109375,48.138427734375
26.853516,-2.4169921875,47.13134765625
26.855469,-3.424072265625,46.32568359375
26.857422,-4.229736328125,45.318603515625
26.859375,-5.035400390625,44.71435546875
26.861328,-5.438232421875,44.110107421875
26.863281,-5.6396484375,43.90869140625
26.865234,-5.6396484375,43.90869140625
26.867188,-5.23681640625,44.3115234375
26.869141,-4.632568359375,44.915771484375
26.871094,-4.0283203125,45.721435546875
26.873047,-3.021240234375,46.527099609375
26.875,-3.62548828125,34.844970703125
26.876953,-2.81982421875,35.85205078125
26.878906,-2.01416015625,36.65771484375
26.880859,-1.20849609375,37.261962890625
26.882812,-0.8056640625,37.664794921875
26.884766,-0.8056640625,37.8662109375
26.886719,-0.8056640625,37.664794921875
26.888672,-1.20849609375,37.261962890625
26.890625,-2.01416015625,36.65771484375
26.892578,-2.81982421875,35.85205078125
26.894531,-3.62548828125,34.844970703125
26.896484,-4.632568359375,33.837890625
26.898438,-5.6396484375,33.0322265625
26.900391,-6.4453125,32.2265625
26.902344,-6.84814453125,31.622314453125
26.904297,-7.2509765625,31.219482421875
26.90625,-7.2509765625,31.219482421875
26.908203,-7.049560546875,31.4208984375
26.910156,-6.646728515625,32.025146484375
26.912109,-5.841064453125,32.62939453125
26.914062,-5.035400390625,33.636474609375
26.916016,-4.0283203125,34.6435546875
26.917969,-3.021240234375,35.44921875
26.919922,-1.812744140625,16.717529296875
26.921875,-1.007080078125,17.32177734375
26.923828,-0.604248046875,17.926025390625
26.925781,-0.40283203125,18.12744140625
26.927734,1.007080078125,-4.43115234375
26.929688,0.604248046875,-4.632568359375
26.931641,7.2509765625,3.826904296875
26.933594,6.4453125,3.021240234375
26.935547,5.438232421875,2.215576171875
26.9375,4.43115234375,1.20849609375
26.939453,3.62548828125,0.201416015625
26.941406,2.81982421875,-0.604248046875
26.943359,3.424072265625,5.841064453125
26.945312,3.021240234375,5.438232421875
26.947266,4.833984375,11.480712890625
26.949219,5.035400390625,11.480712890625
26.951172,5.438232421875,11.883544921875
26.953125,6.04248046875,12.689208984375
26.955078,6.84814453125,13.494873046875
26.957031,7.855224609375,14.300537109375
26.958984,8.8623046875,15.3076171875
26.960938,9.66796875,16.314697265625
26.962891,12.286376953125,23.565673828125
26.964844,12.890625,24.169921875
26.966797,13.092041015625,24.371337890625
26.96875,13.092041015625,24.57275390625
26.970703,12.890625,24.169921875
26.972656,12.48779296875,23.76708984375
26.974609,11.68212890625,22.96142578125
26.976562,10.87646484375,22.15576171875
26.978516,9.869384765625,21.148681640625
26.980469,10.675048828125,26.98974609375
26.982422,9.869384765625,26.18408203125
26.984375,9.063720703125,25.37841796875
26.986328,8.660888671875,24.9755859375
26.988281,8.45947265625,24.57275390625
26.990234,8.45947265625,24.774169921875
26.992188,8.8623046875,24.9755859375
26.994141,9.26513671875,25.579833984375
26.996094,10.07080078125,26.385498046875
26.998047,11.077880859375,27.392578125
27.0,12.0849609375,28.1982421875
27.001953,12.890625,29.205322265625
27.003906,13.6962890625,30.010986328125
27.005859,15.911865234375,37.46337890625
27.007812,16.314697265625,37.8662109375
27.009766,16.51611328125,37.8662109375
27.011719,16.314697265625,37.8662109375
27.013672,15.911865234375,37.46337890625
27.015625,15.3076171875,36.65771484375
27.017578,14.501953125,35.85205078125
27.019531,13.494873046875,35.04638671875
27.021484,12.689208984375,34.039306640625
27.023438,11.68212890625,33.0322265625
27.025391,10.87646484375,32.2265625
27.027344,10.272216796875,31.82373046875
27.029297,10.07080078125,31.4208984375
27.03125,10.07080078125,31.4208984375
27.033203,10.272216796875,31.622314453125
27.035156,10.675048828125,32.025146484375
27.037109,11.480712890625,32.830810546875
27.039062,12.286376953125,33.636474609375
27.041016,13.29345703125,34.6435546875
27.042969,14.300537109375,35.650634765625
27.044922,15.106201171875,36.456298828125
27.046875,15.71044921875,37.261962890625
27.048828,16.314697265625,37.664794921875
27.050781,16.51611328125,37.8662109375
27.052734,16.51611328125,37.8662109375
27.054688,16.11328125,37.46337890625
27.056641,15.509033203125,37.060546875
27.058594,14.90478515625,36.2548828125
27.060547,13.897705078125,35.247802734375
27.0625,12.890625,34.24072265625
27.064453,12.0849609375,33.43505859375
27.066406,11.077880859375,32.62939453125
27.068359,10.4736328125,31.82373046875
27.070312,16.717529296875,44.512939453125
27.072266,16.51611328125,44.3115234375
27.074219,16.717529296875,44.512939453125
27.076172,17.120361328125,44.915771484375
27.078125,17.724609375,45.52001953125
27.080078,18.5302734375,46.32568359375
27.082031,19.537353515625,47.332763671875
27.083984,20.54443359375,48.138427734375
27.085938,21.35009765625,49.1455078125
27.087891,22.15576171875,49.951171875
27.089844,22.760009765625,50.555419921875
27.091797,23.162841796875,50.7568359375
27.09375,25.579833984375,45.721435546875
27.095703,25.177001953125,45.52001953125
27.097656,24.774169921875,45.1171875
27.099609,23.968505859375,44.3115234375
27.101562,23.162841796875,43.505859375
27.103516,22.15576171875,42.498779296875
27.105469,21.148681640625,41.49169921875
27.107422,20.343017578125,40.68603515625
27.109375,19.73876953125,39.88037109375
27.111328,19.134521484375,39.4775390625
27.113281,18.93310546875,39.276123046875
27.115234,18.93310546875,39.276123046875
27.117188,19.3359375,39.678955078125
27.119141,19.940185546875,40.081787109375
27.121094,20.745849609375,40.887451171875
27.123047,21.551513671875,41.89453125
27.125,22.55859375,42.901611328125
27.126953,23.565673828125,43.707275390625
27.128906,24.371337890625,44.512939453125
27.130859,24.9755859375,45.318603515625
27.132812,25.37841796875,45.721435546875
27.134766,25.579833984375,45.721435546875
27.136719,25.37841796875,45.721435546875
27.138672,24.9755859375,45.318603515625
27.140625,24.371337890625,44.512939453125
27.142578,25.579833984375,23.3642578125
27.144531,24.774169921875,22.357177734375
27.146484,23.76708984375,21.35009765625
27.148438,22.760009765625,20.54443359375
27.150391,21.954345703125,19.73876953125
27.152344,21.551513671875,19.134521484375
27.154297,21.148681640625,18.731689453125
27.15625,21.148681640625,18.731689453125
27.158203,21.35009765625,18.93310546875
27.160156,21.7529296875,19.537353515625
27.162109,22.55859375,20.1416015625
27.164062,23.3642578125,21.148681640625
27.166016,24.371337890625,21.954345703125
27.167969,25.37841796875,22.96142578125
27.169922,26.18408203125,23.968505859375
27.171875,26.98974609375,24.57275390625
27.173828,27.392578125,25.177001953125
27.175781,27.593994140625,25.37841796875
27.177734,27.593994140625,25.37841796875
27.179688,27.191162109375,24.9755859375
27.181641,26.788330078125,24.371337890625
27.183594,25.982666015625,23.565673828125
27.185547,24.9755859375,22.760009765625
27.1875,23.968505859375,21.7529296875
27.189453,22.760009765625,5.841064453125
27.191406,21.954345703125,5.035400390625
27.193359,21.35009765625,4.43115234375
27.195312,20.947265625,4.0283203125
27.197266,20.745849609375,3.826904296875
27.199219,20.947265625,4.0283203125
27.201172,19.940185546875,0.201416015625
27.203125,20.745849609375,1.007080078125
27.205078,21.551513671875,1.812744140625
27.207031,22.357177734375,2.618408203125
27.208984,23.3642578125,3.62548828125
27.210938,24.371337890625,4.632568359375
27.212891,25.177001953125,5.438232421875
27.214844,25.78125,5.841064453125
27.216797,25.982666015625,6.243896484375
27.21875,25.982666015625,6.243896484375
27.220703,25.78125,6.04248046875
27.222656,25.37841796875,5.6396484375
27.224609,24.57275390625,4.833984375
27.226562,23.76708984375,4.0283203125
27.228516,22.760009765625,3.021240234375
27.230469,21.7529296875,2.01416015625
27.232422,20.947265625,1.20849609375
27.234375,20.1416015625,0.40283203125
27.236328,19.73876953125,0.0
27.238281,19.537353515625,-0.201416015625
27.240234,19.537353515625,-0.201416015625
27.242188,19.940185546875,0.201416015625
27.244141,20.343017578125,0.604248046875
27.246094,21.148681640625,1.409912109375
27.248047,22.15576171875,2.4169921875
27.25,23.162841796875,3.424072265625
27.251953,23.968505859375,4.229736328125
27.253906,24.774169921875,5.035400390625
27.255859,25.579833984375,5.841064453125
27.257812,25.982666015625,6.243896484375
27.259766,22.55859375,-4.229736328125
27.261719,22.55859375,-4.43115234375
27.263672,22.15576171875,-4.833984375
27.265625,21.35009765625,-5.438232421875
27.267578,12.890625,15.3076171875
27.269531,11.883544921875,14.501953125
27.271484,11.077880859375,13.494873046875
27.273438,10.07080078125,12.48779296875
27.275391,9.26513671875,11.68212890625
27.277344,8.660888671875,11.279296875
27.279297,-0.201416015625,40.283203125
27.28125,-0.201416015625,40.283203125
27.283203,0.0,40.484619140625
27.285156,0.604248046875,40.887451171875
27.287109,-3.424072265625,41.89453125
27.289062,-2.618408203125,42.7001953125
27.291016,-1.611328125,43.707275390625
27.292969,-0.604248046875,44.512939453125
27.294922,0.201416015625,45.52001953125
27.296875,1.007080078125,46.124267578125
27.298828,-1.007080078125,25.177001953125
27.300781,-0.8056640625,25.579833984375
27.302734,-0.8056640625,25.37841796875
27.304688,-1.20849609375,25.177001953125
27.306641,-1.812744140625,24.57275390625
27.308594,-2.618408203125,23.76708984375
27.310547,-3.424072265625,22.760009765625
27.3125,-4.43115234375,21.954345703125
27.314453,-5.438232421875,20.947265625
27.316406,-6.243896484375,20.1416015625
27.318359,-6.84814453125,19.537353515625
27.320312,-7.855224609375,11.883544921875
27.322266,-7.855224609375,11.883544921875
27.324219,-7.855224609375,11.883544921875
27.326172,-7.452392578125,12.48779296875
27.328125,-6.646728515625,13.092041015625
27.330078,-5.841064453125,13.897705078125
27.332031,-5.035400390625,14.90478515625
27.333984,-4.0283203125,15.71044921875
27.335938,-3.021240234375,16.717529296875
27.337891,0.201416015625,-4.833984375
27.339844,0.8056640625,-4.43115234375
27.341797,1.007080078125,-4.0283203125
27.34375,1.007080078125,-4.0283203125
27.345703,0.8056640625,-4.229736328125
27.347656,0.40283203125,-4.632568359375
27.349609,-0.40283203125,-5.438232421875
27.351562,-1.20849609375,-6.243896484375
27.353516,-2.215576171875,-7.2509765625
27.355469,-3.22265625,-8.258056640625
27.357422,-4.0283203125,-9.063720703125
27.359375,-4.833984375,-9.869384765625
27.361328,-5.23681640625,-10.272216796875
27.363281,-5.438232421875,-10.4736328125
27.365234,-5.438232421875,-10.4736328125
27.367188,-5.035400390625,-10.07080078125
27.369141,-4.43115234375,-9.66796875
27.371094,-3.826904296875,-8.8623046875
27.373047,-2.81982421875,-7.855224609375
27.375,-1.812744140625,-6.84814453125
27.376953,-1.007080078125,-6.04248046875
27.378906,0.0,-5.23681640625
27.380859,0.604248046875,-4.43115234375
27.382812,1.007080078125,-4.0283203125
27.384766,1.007080078125,-4.0283203125
27.386719,1.007080078125,-4.0283203125
27.388672,0.604248046875,-4.43115234375
27.390625,0.0,-5.23681640625
27.392578,-1.007080078125,-6.04248046875
27.394531,-1.812744140625,-6.84814453125
27.396484,-2.81982421875,-7.855224609375
27.398438,-3.826904296875,-8.8623046875
27.400391,-4.43115234375,-9.66796875
27.402344,-5.035400390625,-10.07080078125
27.404297,-5.438232421875,-10.4736328125
27.40625,-5.438232421875,-10.4736328125
27.408203,-5.23681640625,-10.272216796875
27.410156,-4.833984375,-9.869384765625
27.412109,-4.0283203125,-9.063720703125
27.414062,4.0283203125,0.0
27.416016,6.646728515625,8.660888671875
27.417969,7.452392578125,9.66796875
27.419922,9.869384765625,16.314697265625
27.421875,17.724609375,43.707275390625
27.423828,18.12744140625,44.110107421875
27.425781,18.328857421875,44.512939453125
27.427734,18.328857421875,44.3115234375
27.429688,17.926025390625,44.110107421875
27.431641,22.15576171875,50.958251953125
27.433594,21.551513671875,50.152587890625
27.435547,20.54443359375,49.346923828125
27.4375,19.537353515625,48.33984375
27.439453,22.55859375,26.98974609375
27.441406,21.7529296875,26.18408203125
27.443359,21.148681640625,25.579833984375
27.445312,20.745849609375,25.177001953125
27.447266,20.54443359375,24.9755859375
27.449219,20.745849609375,25.177001953125
27.451172,21.148681640625,25.579833984375
27.453125,21.7529296875,26.18408203125
27.455078,22.55859375,26.98974609375
27.457031,23.565673828125,27.996826171875
27.458984,24.57275390625,29.00390625
27.460938,25.37841796875,29.8095703125
27.462891,26.18408203125,30.615234375
27.464844,26.788330078125,31.219482421875
27.466797,27.191162109375,31.622314453125
27.46875,27.191162109375,31.622314453125
27.470703,26.98974609375,31.4208984375
27.472656,26.385498046875,30.816650390625
27.474609,25.78125,30.21240234375
27.476562,24.774169921875,29.205322265625
27.478516,23.968505859375,28.399658203125
27.480469,22.96142578125,27.392578125
27.482422,22.15576171875,26.5869140625
27.484375,21.35009765625,25.78125
27.486328,20.947265625,25.37841796875
27.488281,20.54443359375,24.9755859375
27.490234,20.745849609375,25.177001953125
27.492188,20.947265625,25.37841796875
27.494141,20.54443359375,-0.40283203125
27.496094,21.35009765625,0.40283203125
27.498047,22.15576171875,1.20849609375
27.5,23.162841796875,2.215576171875
27.501953,24.169921875,3.22265625
27.503906,24.9755859375,4.0283203125
27.505859,25.579833984375,4.632568359375
27.507812,25.982666015625,5.035400390625
27.509766,26.18408203125,5.23681640625
27.511719,25.982666015625,5.035400390625
27.513672,24.9755859375,-0.201416015625
27.515625,24.371337890625,-1.007080078125
27.517578,23.565673828125,-1.812744140625
27.519531,22.55859375,-2.618408203125
27.521484,21.7529296875,-3.62548828125
27.523438,20.745849609375,-4.632568359375
27.525391,19.940185546875,-5.438232421875
27.527344,19.3359375,-5.841064453125
27.529297,19.134521484375,-6.243896484375
27.53125,19.134521484375,-6.243896484375
27.533203,18.12744140625,-11.883544921875
27.535156,18.731689453125,-11.480712890625
27.537109,19.3359375,-10.675048828125
27.539062,20.343017578125,-9.869384765625
27.541016,21.148681640625,-8.8623046875
27.542969,22.15576171875,-7.855224609375
27.544922,23.162841796875,-7.049560546875
27.546875,23.76708984375,-6.4453125
27.548828,24.371337890625,-5.841064453125
27.550781,24.57275390625,-5.6396484375
27.552734,24.57275390625,-5.6396484375
27.554688,24.169921875,-6.04248046875
27.556641,20.343017578125,-2.618408203125
27.558594,19.537353515625,-3.424072265625
27.560547,18.731689453125,-4.43115234375
27.5625,17.724609375,-5.438232421875
27.564453,16.717529296875,-6.243896484375
27.566406,15.911865234375,-7.049560546875
27.568359,15.3076171875,-7.855224609375
27.570312,14.90478515625,-8.258056640625
27.572266,14.703369140625,-8.258056640625
27.574219,14.90478515625,-8.258056640625
27.576172,15.3076171875,-7.855224609375
27.578125,15.911865234375,-7.049560546875
27.580078,16.717529296875,-6.243896484375
27.582031,17.724609375,-5.438232421875
27.583984,18.731689453125,-4.43115234375
27.585938,19.537353515625,-3.424072265625
27.587891,20.343017578125,-2.618408203125
27.589844,20.947265625,-2.01416015625
27.591797,21.35009765625,-1.812744140625
27.59375,18.12744140625,4.833984375
27.595703,17.926025390625,4.632568359375
27.597656,17.523193359375,4.229736328125
27.599609,16.717529296875,3.424072265625
27.601562,15.911865234375,2.618408203125
27.603516,14.90478515625,1.611328125
27.605469,13.897705078125,0.604248046875
27.607422,13.092041015625,-0.201416015625
27.609375,12.286376953125,-1.007080078125
27.611328,11.883544921875,-1.409912109375
27.613281,11.68212890625,-1.611328125
27.615234,11.68212890625,-1.611328125
27.617188,11.883544921875,-1.20849609375
27.619141,12.48779296875,-0.8056640625
27.621094,13.29345703125,0.0
27.623047,14.300537109375,1.007080078125
27.625,15.3076171875,2.01416015625
27.626953,16.11328125,2.81982421875
27.628906,16.9189453125,3.62548828125
27.630859,17.724609375,4.43115234375
27.632812,18.12744140625,4.833984375
27.634766,13.29345703125,24.774169921875
27.636719,11.279296875,30.816650390625
27.638672,9.063720703125,36.053466796875
27.640625,1.812744140625,48.944091796875
27.642578,1.007080078125,48.138427734375
27.644531,0.0,47.332763671875
27.646484,-0.8056640625,46.32568359375
27.648438,-5.035400390625,27.191162109375
27.650391,-5.841064453125,26.385498046875
27.652344,-6.4453125,25.982666015625
27.654297,-6.84814453125,25.579833984375
27.65625,-6.84814453125,25.579833984375
27.658203,-6.646728515625,25.78125
27.660156,-6.04248046875,26.18408203125
27.662109,-5.438232421875,26.98974609375
27.664062,-4.43115234375,27.79541015625
27.666016,-3.62548828125,28.802490234375
27.667969,-2.618408203125,29.8095703125
27.669922,-1.812744140625,30.615234375
27.671875,-1.007080078125,31.4208984375
27.673828,-0.604248046875,31.82373046875
27.675781,-0.201416015625,32.025146484375
27.677734,-0.40283203125,32.025146484375
27.679688,-0.604248046875,31.622314453125
27.681641,-1.20849609375,31.219482421875
27.683594,-2.01416015625,30.413818359375
27.685547,-3.021240234375,29.40673828125
27.6875,-3.826904296875,28.399658203125
27.689453,-4.833984375,27.593994140625
27.691406,-6.243896484375,0.40283203125
27.693359,-6.84814453125,-0.201416015625
27.695312,-7.2509765625,-0.604248046875
27.697266,-7.452392578125,-0.8056640625
27.699219,-7.2509765625,-0.604248046875
27.701172,-6.84814453125,-0.201416015625
27.703125,-4.632568359375,-8.45947265625
27.705078,-3.826904296875,-7.65380859375
27.707031,-2.81982421875,-6.646728515625
27.708984,-1.812744140625,-5.841064453125
27.710938,-1.007080078125,-4.833984375
27.712891,1.611328125,-3.22265625
27.714844,2.215576171875,-2.81982421875
27.716797,2.618408203125,-2.4169921875
27.71875,2.618408203125,-2.4169921875
27.720703,2.4169921875,-2.618408203125
27.722656,1.812744140625,-3.021240234375
27.724609,1.20849609375,-3.826904296875
27.726562,0.201416015625,-4.632568359375
27.728516,4.43115234375,-0.201416015625
27.730469,3.62548828125,-1.007080078125
27.732422,2.618408203125,-2.01416015625
27.734375,2.01416015625,-2.618408203125
27.736328,1.409912109375,-3.22265625
27.738281,1.20849609375,-3.424072265625
27.740234,1.20849609375,-3.424072265625
27.742188,1.611328125,-3.021240234375
27.744141,4.0283203125,4.0283203125
27.746094,4.632568359375,4.833984375
27.748047,5.6396484375,5.841064453125
27.75,6.646728515625,6.84814453125
27.751953,7.452392578125,7.65380859375
27.753906,8.45947265625,8.45947265625
27.755859,9.063720703125,9.26513671875
27.757812,9.466552734375,9.66796875
27.759766,9.66796875,9.66796875
27.761719,9.466552734375,9.66796875
27.763672,9.063720703125,9.26513671875
27.765625,8.45947265625,8.45947265625
27.767578,7.452392578125,7.65380859375
27.769531,6.646728515625,6.84814453125
27.771484,5.6396484375,5.841064453125
27.773438,4.632568359375,4.833984375
27.775391,4.0283203125,4.0283203125
27.777344,3.424072265625,3.62548828125
27.779297,3.021240234375,3.22265625
27.78125,3.021240234375,3.22265625
27.783203,3.22265625,3.424072265625
27.785156,3.62548828125,3.826904296875
27.787109,4.43115234375,4.632568359375
27.789062,5.23681640625,5.438232421875
27.791016,6.243896484375,6.4453125
27.792969,7.2509765625,7.452392578125
27.794922,15.509033203125,36.65771484375
27.796875,16.11328125,37.46337890625
27.798828,16.717529296875,37.8662109375
27.800781,18.12744140625,44.3115234375
27.802734,22.357177734375,54.180908203125
27.804688,21.954345703125,53.778076171875
27.806641,25.579833984375,41.290283203125
27.808594,24.774169921875,40.484619140625
27.810547,23.76708984375,39.4775390625
27.8125,22.96142578125,38.671875
27.814453,22.760009765625,1.409912109375
27.816406,21.954345703125,0.604248046875
27.818359,21.148681640625,0.0
27.820312,20.745849609375,-0.40283203125
27.822266,19.134521484375,-9.869384765625
27.824219,15.106201171875,-11.480712890625
27.826172,15.509033203125,-11.077880859375
27.828125,16.314697265625,-10.4736328125
27.830078,17.120361328125,-9.466552734375
27.832031,17.926025390625,-8.660888671875
27.833984,18.93310546875,-7.65380859375
27.835938,19.940185546875,-6.646728515625
27.837891,20.745849609375,-6.04248046875
27.839844,21.148681640625,-5.438232421875
27.841797,21.551513671875,-5.035400390625
27.84375,21.551513671875,-5.035400390625
27.845703,21.35009765625,-5.23681640625
27.847656,20.947265625,-5.841064453125
27.849609,20.1416015625,-6.4453125
27.851562,19.3359375,-7.2509765625
27.853516,18.328857421875,-8.258056640625
27.855469,17.32177734375,-9.26513671875
27.857422,16.51611328125,-10.07080078125
27.859375,15.71044921875,-10.87646484375
27.861328,13.6962890625,-4.833984375
27.863281,11.883544921875,-1.812744140625
27.865234,12.0849609375,-1.611328125
27.867188,12.286376953125,-1.409912109375
27.869141,12.890625,-0.8056640625
27.871094,13.6962890625,0.0
27.873047,14.703369140625,1.007080078125
27.875,15.509033203125,1.812744140625
27.876953,16.51611328125,2.81982421875
27.878906,17.32177734375,3.62548828125
27.880859,17.926025390625,4.229736328125
27.882812,18.328857421875,4.632568359375
27.884766,18.5302734375,4.833984375
27.886719,18.328857421875,4.632568359375
27.888672,17.926025390625,4.229736328125
27.890625,17.32177734375,3.62548828125
27.892578,16.51611328125,2.81982421875
27.894531,15.509033203125,1.812744140625
27.896484,14.703369140625,1.007080078125
27.898438,13.6962890625,0.0
27.900391,12.890625,-0.8056640625
27.902344,12.286376953125,-1.409912109375
27.904297,12.0849609375,-1.611328125
27.90625,11.883544921875,-1.812744140625
27.908203,12.286376953125,-1.409912109375
27.910156,12.689208984375,-1.007080078125
27.912109,13.494873046875,-0.201416015625
27.914062,14.300537109375,0.604248046875
27.916016,15.3076171875,1.611328125
27.917969,16.314697265625,2.618408203125
27.919922,17.120361328125,3.424072265625
27.921875,12.48779296875,23.76708984375
27.923828,9.66796875,36.65771484375
27.925781,9.869384765625,36.859130859375
27.927734,9.869384765625,36.859130859375
27.929688,9.466552734375,36.456298828125
27.931641,8.8623046875,35.85205078125
27.933594,8.056640625,35.04638671875
27.935547,7.2509765625,34.24072265625
27.9375,6.243896484375,33.233642578125
27.939453,5.23681640625,32.2265625
27.941406,4.43115234375,31.4208984375
27.943359,3.826904296875,30.816650390625
27.945312,3.424072265625,30.413818359375
27.947266,3.22265625,30.21240234375
27.949219,3.424072265625,30.413818359375
27.951172,3.826904296875,30.816650390625
27.953125,4.43115234375,31.4208984375
27.955078,5.23681640625,32.2265625
27.957031,6.243896484375,33.233642578125
27.958984,7.2509765625,34.24072265625
27.960938,8.056640625,35.04638671875
27.962891,8.8623046875,35.85205078125
27.964844,9.466552734375,36.456298828125
27.966797,9.869384765625,36.859130859375
27.96875,9.869384765625,36.859130859375
27.970703,9.66796875,36.65771484375
27.972656,5.6396484375,46.32568359375
27.974609,4.833984375,45.52001953125
27.976562,4.0283203125,44.71435546875
27.978516,3.021240234375,43.707275390625
27.980469,2.01416015625,42.901611328125
27.982422,-4.833984375,39.88037109375
27.984375,-5.438232421875,39.276123046875
27.986328,-6.04248046875,38.671875
27.988281,-6.243896484375,38.470458984375
27.990234,-6.84814453125,18.5302734375
27.992188,-6.646728515625,18.93310546875
27.994141,-6.04248046875,19.537353515625
27.996094,-4.43115234375,-6.243896484375
27.998047,-3.424072265625,-5.23681640625
28.0,-2.618408203125,-4.229736328125
28.001953,-1.611328125,-3.424072265625
28.003906,-0.8056640625,-2.618408203125
28.005859,-0.201416015625,-1.812744140625
28.007812,6.04248046875,-1.611328125
28.009766,6.243896484375,-1.409912109375
28.011719,6.04248046875,-1.611328125
28.013672,5.6396484375,-2.01416015625
28.015625,5.035400390625,-2.618408203125
28.017578,4.229736328125,-3.424072265625
28.019531,3.22265625,-4.43115234375
28.021484,2.215576171875,-5.438232421875
28.023438,1.409912109375,-6.243896484375
28.025391,0.604248046875,-7.049560546875
28.027344,3.424072265625,4.229736328125
28.029297,3.22265625,4.0283203125
28.03125,3.22265625,4.0283203125
28.033203,3.424072265625,4.229736328125
28.035156,3.826904296875,4.632568359375
28.037109,4.632568359375,5.438232421875
28.039062,5.438232421875,6.243896484375
28.041016,6.4453125,7.2509765625
28.042969,7.452392578125,8.258056640625
28.044922,8.258056640625,9.063720703125
28.046875,8.8623046875,9.869384765625
28.048828,9.466552734375,10.272216796875
28.050781,9.66796875,10.4736328125
28.052734,9.66796875,10.4736328125
28.054688,9.26513671875,10.07080078125
28.056641,8.660888671875,9.66796875
28.058594,8.056640625,8.8623046875
28.060547,7.049560546875,7.855224609375
28.0625,6.04248046875,6.84814453125
28.064453,5.23681640625,6.04248046875
28.066406,4.229736328125,5.23681640625
28.068359,3.62548828125,4.43115234375
28.070312,3.22265625,4.0283203125
28.072266,8.45947265625,25.37841796875
28.074219,8.45947265625,25.579833984375
28.076172,8.8623046875,25.982666015625
28.078125,9.66796875,26.5869140625
28.080078,10.4736328125,27.392578125
28.082031,11.279296875,28.399658203125
28.083984,12.286376953125,29.205322265625
28.085938,13.29345703125,30.21240234375
28.087891,14.09912109375,31.01806640625
28.089844,14.501953125,31.622314453125
28.091797,14.90478515625,31.82373046875
28.09375,14.90478515625,31.82373046875
28.095703,16.314697265625,37.664794921875
28.097656,15.911865234375,37.261962890625
28.099609,15.106201171875,36.456298828125
28.101562,14.300537109375,35.650634765625
28.103516,15.106201171875,41.89453125
28.105469,14.300537109375,41.0888671875
28.107422,13.29345703125,40.081787109375
28.109375,12.689208984375,39.4775390625
28.111328,12.0849609375,38.873291015625
28.113281,11.883544921875,38.671875
28.115234,11.883544921875,38.671875
28.117188,12.286376953125,39.07470703125
28.119141,14.09912109375,40.484619140625
28.121094,16.51611328125,46.527099609375
28.123047,17.523193359375,47.332763671875
28.125,22.760009765625,44.71435546875
28.126953,23.565673828125,45.52001953125
28.128906,25.78125,24.169921875
28.130859,26.5869140625,24.774169921875
28.132812,26.98974609375,25.177001953125
28.134766,26.98974609375,25.37841796875
28.136719,26.98974609375,25.177001953125
28.138672,26.5869140625,24.774169921875
28.140625,25.78125,24.169921875
28.142578,24.9755859375,23.3642578125
28.144531,24.169921875,22.357177734375
28.146484,23.162841796875,21.35009765625
28.148438,22.15576171875,20.54443359375
28.150391,21.35009765625,19.73876953125
28.152344,21.35009765625,12.0849609375
28.154297,18.731689453125,-10.675048828125
28.15625,18.731689453125,-10.675048828125
28.158203,18.93310546875,-10.4736328125
28.160156,19.537353515625,-10.07080078125
28.162109,20.1416015625,-9.26513671875
28.164062,20.947265625,-8.45947265625
28.166016,21.954345703125,-7.452392578125
28.167969,22.96142578125,-6.4453125
28.169922,23.76708984375,-5.6396484375
28.171875,24.57275390625,-4.833984375
28.173828,24.9755859375,-4.43115234375
28.175781,25.37841796875,-4.229736328125
28.177734,25.177001953125,-4.229736328125
28.179688,24.9755859375,-4.43115234375
28.181641,24.371337890625,-5.035400390625
28.183594,23.565673828125,-5.841064453125
28.185547,22.55859375,-6.84814453125
28.1875,21.7529296875,-7.855224609375
28.189453,20.745849609375,-8.660888671875
28.191406,19.940185546875,-9.466552734375
28.193359,19.3359375,-10.272216796875
28.195312,18.93310546875,-10.675048828125
28.197266,18.731689453125,-10.675048828125
28.199219,15.106201171875,-10.675048828125
28.201172,15.509033203125,-10.272216796875
28.203125,16.11328125,-9.66796875
28.205078,16.9189453125,-8.8623046875
28.207031,17.926025390625,-7.855224609375
28.208984,18.93310546875,-6.84814453125
28.210938,19.73876953125,-6.04248046875
28.212891,20.54443359375,-5.23681640625
28.214844,21.148681640625,-4.632568359375
28.216797,21.551513671875,-4.229736328125
28.21875,21.551513671875,-4.229736328125
28.220703,21.35009765625,-4.43115234375
28.222656,20.745849609375,-5.035400390625
28.224609,20.1416015625,-5.6396484375
28.226562,19.134521484375,-6.646728515625
28.228516,18.328857421875,-7.452392578125
28.230469,17.32177734375,-8.45947265625
28.232422,16.314697265625,-9.466552734375
28.234375,15.71044921875,-10.07080078125
28.236328,15.106201171875,-10.675048828125
28.238281,14.90478515625,-10.87646484375
28.240234,14.90478515625,-10.87646484375
28.242188,15.3076171875,-10.4736328125
28.244141,15.911865234375,-9.869384765625
28.246094,16.717529296875,-9.063720703125
28.248047,17.523193359375,-8.258056640625
28.25,18.5302734375,-7.2509765625
28.251953,19.537353515625,-6.243896484375
28.253906,20.343017578125,-5.438232421875
28.255859,20.947265625,-4.833984375
28.257812,21.35009765625,-4.43115234375
28.259766,21.551513671875,-4.229736328125
28.261719,21.35009765625,-4.43115234375
28.263672,20.947265625,-4.833984375
28.265625,20.343017578125,-5.438232421875
28.267578,14.703369140625,8.8623046875
28.269531,13.897705078125,7.855224609375
28.271484,12.890625,6.84814453125
28.273438,11.883544921875,6.04248046875
28.275391,11.279296875,5.23681640625
28.277344,10.675048828125,4.632568359375
28.279297,10.272216796875,4.229736328125
28.28125,10.272216796875,4.229736328125
28.283203,10.4736328125,4.43115234375
28.285156,10.87646484375,5.035400390625
28.287109,11.68212890625,5.6396484375
28.289062,12.48779296875,6.646728515625
28.291016,13.494873046875,7.452392578125
28.292969,10.87646484375,22.357177734375
28.294922,11.68212890625,23.162841796875
28.296875,12.48779296875,23.968505859375
28.298828,12.890625,24.371337890625
28.300781,13.092041015625,24.57275390625
28.302734,13.092041015625,24.57275390625
28.304688,12.890625,24.371337890625
28.306641,12.286376953125,23.76708984375
28.308594,11.480712890625,22.96142578125
28.310547,10.4736328125,21.954345703125
28.3125,9.66796875,21.148681640625
28.314453,5.23681640625,33.233642578125
28.316406,4.229736328125,32.2265625
28.318359,3.62548828125,31.622314453125
28.320312,3.22265625,31.219482421875
28.322266,3.021240234375,31.219482421875
28.324219,3.22265625,31.219482421875
28.326172,3.62548828125,31.622314453125
28.328125,4.229736328125,32.2265625
28.330078,5.23681640625,33.233642578125
28.332031,6.04248046875,34.039306640625
28.333984,7.049560546875,35.04638671875
28.335938,8.056640625,36.053466796875
28.337891,8.660888671875,36.65771484375
28.339844,9.26513671875,37.261962890625
28.341797,9.66796875,37.664794921875
28.34375,9.66796875,37.664794921875
28.345703,8.056640625,44.915771484375
28.347656,7.452392578125,44.3115234375
28.349609,6.84814453125,43.707275390625
28.351562,5.841064453125,42.7001953125
28.353516,5.035400390625,41.693115234375
28.355469,4.0283203125,40.887451171875
28.357422,3.021240234375,39.88037109375
28.359375,2.4169921875,39.276123046875
28.361328,1.812744140625,38.671875
28.363281,1.611328125,38.470458984375
28.365234,1.812744140625,38.470458984375
28.367188,2.01416015625,38.873291015625
28.369141,2.618408203125,39.4775390625
28.371094,3.424072265625,40.283203125
28.373047,4.229736328125,41.0888671875
28.375,5.23681640625,42.095947265625
28.376953,6.243896484375,43.10302734375
28.378906,7.049560546875,43.90869140625
28.380859,7.65380859375,44.512939453125
28.382812,8.056640625,44.915771484375
28.384766,8.258056640625,45.1171875
28.386719,8.056640625,44.915771484375
28.388672,7.65380859375,44.512939453125
28.390625,7.049560546875,43.90869140625
28.392578,6.243896484375,43.10302734375
28.394531,5.23681640625,42.095947265625
28.396484,4.229736328125,41.0888671875
28.398438,3.424072265625,40.283203125
28.400391,2.618408203125,39.4775390625
28.402344,2.01416015625,38.873291015625
28.404297,1.812744140625,38.470458984375
28.40625,1.611328125,38.470458984375
28.408203,1.812744140625,38.671875
28.410156,2.4169921875,39.276123046875
28.412109,3.021240234375,39.88037109375
28.414062,4.0283203125,40.887451171875
28.416016,5.035400390625,41.693115234375
28.417969,5.841064453125,42.7001953125
28.419922,6.84814453125,43.707275390625
28.421875,7.452392578125,44.3115234375
28.423828,8.056640625,44.915771484375
28.425781,5.035400390625,52.569580078125
28.427734,2.215576171875,52.3681640625
28.429688,2.01416015625,51.96533203125
28.431641,1.409912109375,51.361083984375
28.433594,0.604248046875,50.7568359375
28.435547,-0.40283203125,49.749755859375
28.4375,-1.20849609375,48.74267578125
28.439453,-2.215576171875,47.93701171875
28.441406,-3.021240234375,46.929931640625
28.443359,-3.62548828125,46.32568359375
28.445312,-4.0283203125,45.9228515625
28.447266,-4.229736328125,45.9228515625
28.449219,-4.0283203125,45.9228515625
28.451172,-3.62548828125,46.32568359375
28.453125,-3.021240234375,46.929931640625
28.455078,-2.215576171875,47.93701171875
28.457031,-1.20849609375,48.74267578125
28.458984,-0.40283203125,49.749755859375
28.460938,0.604248046875,50.7568359375
28.462891,1.409912109375,51.361083984375
28.464844,2.01416015625,51.96533203125
28.466797,2.215576171875,52.3681640625
28.46875,2.4169921875,52.3681640625
28.470703,2.01416015625,52.166748046875
28.472656,1.611328125,51.763916015625
28.474609,0.8056640625,50.958251953125
28.476562,0.0,50.152587890625
28.478516,-1.007080078125,49.1455078125
28.480469,-1.812744140625,48.138427734375
28.482422,-2.81982421875,47.332763671875
28.484375,-3.424072265625,46.527099609375
28.486328,-4.0283203125,46.124267578125
28.488281,-4.229736328125,45.9228515625
28.490234,-4.229736328125,45.9228515625
28.492188,-3.826904296875,46.124267578125
28.494141,-3.22265625,46.728515625
28.496094,-2.4169921875,47.5341796875
28.498047,-4.229736328125,33.43505859375
28.5,-3.424072265625,34.442138671875
28.501953,-2.4169921875,35.44921875
28.503906,-1.611328125,36.2548828125
28.505859,-1.812744140625,10.4736328125
28.507812,-1.409912109375,10.87646484375
28.509766,3.22265625,-2.618408203125
28.511719,3.22265625,-2.81982421875
28.513672,2.81982421875,-3.22265625
28.515625,2.215576171875,-3.826904296875
28.517578,1.20849609375,-4.632568359375
28.519531,0.40283203125,-5.6396484375
28.521484,-0.604248046875,-6.646728515625
28.523438,-1.611328125,-7.452392578125
28.525391,-2.215576171875,-8.258056640625
28.527344,-2.81982421875,-8.8623046875
28.529297,-3.22265625,-9.26513671875
28.53125,-3.22265625,-9.26513671875
28.533203,-3.021240234375,-9.063720703125
28.535156,-2.618408203125,-8.45947265625
28.537109,-1.812744140625,-7.855224609375
28.539062,-1.007080078125,-6.84814453125
28.541016,0.0,-6.04248046875
28.542969,4.0283203125,-4.0283203125
28.544922,4.833984375,-3.22265625
28.546875,5.6396484375,-2.618408203125
28.548828,6.04248046875,-2.01416015625
28.550781,6.4453125,-1.812744140625
28.552734,6.243896484375,-1.812744140625
28.554688,6.04248046875,-2.215576171875
28.556641,5.438232421875,-2.81982421875
28.558594,4.632568359375,-3.62548828125
28.560547,3.826904296875,-4.43115234375
28.5625,2.81982421875,-5.438232421875
28.564453,1.812744140625,-6.4453125
28.566406,1.007080078125,-7.2509765625
28.568359,0.40283203125,-7.855224609375
28.570312,0.0,-8.258056640625
28.572266,-0.201416015625,-8.45947265625
28.574219,0.0,-8.258056640625
28.576172,0.40283203125,-7.855224609375
28.578125,1.007080078125,-7.2509765625
28.580078,1.812744140625,-6.4453125
28.582031,2.81982421875,-5.438232421875
28.583984,3.826904296875,-4.43115234375
28.585938,4.632568359375,-3.62548828125
28.587891,5.438232421875,-2.81982421875
28.589844,6.04248046875,-2.215576171875
28.591797,6.243896484375,-1.812744140625
28.59375,6.4453125,-1.812744140625
28.595703,6.04248046875,-2.01416015625
28.597656,5.6396484375,-2.618408203125
28.599609,4.833984375,-3.22265625
28.601562,4.0283203125,-4.0283203125
28.603516,3.021240234375,-5.035400390625
28.605469,2.215576171875,-6.04248046875
28.607422,1.20849609375,-6.84814453125
28.609375,0.604248046875,-7.65380859375
28.611328,0.0,-8.056640625
28.613281,-0.201416015625,-8.45947265625
28.615234,-0.201416015625,-8.258056640625
28.617188,5.23681640625,10.675048828125
28.619141,7.65380859375,19.134521484375
28.621094,8.258056640625,19.73876953125
28.623047,9.26513671875,20.745849609375
28.625,10.272216796875,21.7529296875
28.626953,11.077880859375,22.55859375
28.628906,12.0849609375,23.565673828125
28.630859,12.689208984375,24.169921875
28.632812,13.092041015625,24.57275390625
28.634766,13.29345703125,24.774169921875
28.636719,14.703369140625,31.219482421875
28.638672,14.300537109375,30.816650390625
28.640625,13.6962890625,30.21240234375
28.642578,12.890625,29.40673828125
28.644531,11.883544921875,28.399658203125
28.646484,11.077880859375,27.392578125
28.648438,10.07080078125,26.5869140625
28.650391,9.26513671875,25.78125
28.652344,8.660888671875,25.177001953125
28.654297,8.45947265625,24.774169921875
28.65625,8.258056640625,24.774169921875
28.658203,8.660888671875,24.9755859375
28.660156,9.063720703125,25.579833984375
28.662109,9.869384765625,26.18408203125
28.664062,10.675048828125,27.191162109375
28.666016,11.68212890625,27.996826171875
28.667969,12.689208984375,29.00390625
28.669922,13.494873046875,30.010986328125
28.671875,14.09912109375,30.615234375
28.673828,14.703369140625,31.219482421875
28.675781,14.90478515625,31.4208984375
28.677734,14.90478515625,31.4208984375
28.679688,14.501953125,31.01806640625
28.681641,13.897705078125,30.413818359375
28.683594,13.092041015625,29.608154296875
28.685547,12.286376953125,28.802490234375
28.6875,11.279296875,27.79541015625
28.689453,10.272216796875,26.788330078125
28.691406,9.466552734375,25.982666015625
28.693359,8.8623046875,25.37841796875
28.695312,8.45947265625,24.9755859375
28.697266,8.258056640625,24.774169921875
28.699219,8.45947265625,24.9755859375
28.701172,15.911865234375,45.1171875
28.703125,16.51611328125,45.721435546875
28.705078,20.745849609375,45.52001953125
28.707031,21.551513671875,46.527099609375
28.708984,22.55859375,47.5341796875
28.710938,23.565673828125,48.33984375
28.712891,24.371337890625,49.1455078125
28.714844,24.774169921875,49.749755859375
28.716797,25.177001953125,50.152587890625
28.71875,25.177001953125,50.152587890625
28.720703,24.9755859375,49.951171875
28.722656,24.57275390625,49.346923828125
28.724609,23.76708984375,48.74267578125
28.726562,22.96142578125,47.735595703125
28.728516,21.954345703125,46.929931640625
28.730469,20.947265625,45.9228515625
28.732422,20.1416015625,45.1171875
28.734375,19.3359375,44.3115234375
28.736328,18.93310546875,43.90869140625
28.738281,18.731689453125,43.505859375
28.740234,18.731689453125,43.707275390625
28.742188,18.93310546875,43.90869140625
28.744141,19.537353515625,44.512939453125
28.746094,20.343017578125,45.318603515625
28.748047,21.35009765625,46.124267578125
28.75,23.968505859375,34.6435546875
28.751953,24.9755859375,23.3642578125
28.753906,25.78125,24.169921875
28.755859,26.385498046875,24.774169921875
28.757812,26.788330078125,25.177001953125
28.759766,26.98974609375,25.37841796875
28.761719,26.788330078125,25.177001953125
28.763672,25.37841796875,1.812744140625
28.765625,24.774169921875,1.20849609375
28.767578,21.954345703125,-7.2509765625
28.769531,21.148681640625,-8.258056640625
28.771484,20.1416015625,-9.063720703125
28.773438,11.883544921875,6.4453125
28.775391,11.077880859375,5.6396484375
28.777344,5.23681640625,25.982666015625
28.779297,4.833984375,25.78125
28.78125,4.833984375,25.579833984375
28.783203,5.035400390625,25.982666015625
28.785156,5.6396484375,26.385498046875
28.787109,6.243896484375,27.191162109375
28.789062,7.2509765625,27.996826171875
28.791016,8.056640625,29.00390625
28.792969,9.063720703125,30.010986328125
28.794922,10.07080078125,30.816650390625
28.796875,10.675048828125,31.4208984375
28.798828,11.279296875,32.025146484375
28.800781,11.480712890625,32.2265625
28.802734,11.480712890625,32.2265625
28.804688,11.077880859375,31.82373046875
28.806641,10.4736328125,31.219482421875
28.808594,9.66796875,30.413818359375
28.810547,8.8623046875,29.608154296875
28.8125,7.855224609375,28.60107421875
28.814453,6.84814453125,27.79541015625
28.816406,6.04248046875,26.788330078125
28.818359,5.438232421875,26.18408203125
28.820312,5.035400390625,25.78125
28.822266,4.833984375,25.579833984375
28.824219,5.035400390625,25.78125
28.826172,5.438232421875,26.18408203125
28.828125,6.04248046875,26.788330078125
28.830078,6.84814453125,27.79541015625
28.832031,7.855224609375,28.60107421875
28.833984,8.8623046875,29.608154296875
28.835938,9.66796875,30.413818359375
28.837891,10.4736328125,31.219482421875
28.839844,11.077880859375,31.82373046875
28.841797,11.480712890625,32.2265625
28.84375,11.480712890625,32.2265625
28.845703,11.279296875,32.025146484375
28.847656,10.675048828125,31.4208984375
28.849609,10.07080078125,30.816650390625
28.851562,9.063720703125,30.010986328125
28.853516,3.021240234375,45.52001953125
28.855469,2.01416015625,44.512939453125
28.857422,1.20849609375,43.707275390625
28.859375,-0.604248046875,47.13134765625
28.861328,-1.20849609375,46.728515625
28.863281,-1.409912109375,46.32568359375
28.865234,-1.20849609375,46.527099609375
28.867188,-1.007080078125,46.728515625
28.869141,-0.40283203125,47.332763671875
28.871094,0.40283203125,48.138427734375
28.873047,1.20849609375,48.944091796875
28.875,2.215576171875,49.951171875
28.876953,3.22265625,50.958251953125
28.878906,4.0283203125,51.763916015625
28.880859,4.632568359375,52.3681640625
28.882812,5.035400390625,52.77099609375
28.884766,5.23681640625,52.972412109375
28.886719,5.035400390625,52.77099609375
28.888672,4.632568359375,52.3681640625
28.890625,4.0283203125,51.763916015625
28.892578,3.22265625,50.958251953125
28.894531,2.215576171875,49.951171875
28.896484,1.20849609375,48.944091796875
28.898438,0.40283203125,48.138427734375
28.900391,-6.04248046875,32.427978515625
28.902344,-6.4453125,31.82373046875
28.904297,-6.84814453125,31.4208984375
28.90625,-6.84814453125,31.4208984375
28.908203,-6.646728515625,31.622314453125
28.910156,-6.243896484375,32.2265625
28.912109,-5.438232421875,32.830810546875
28.914062,-4.632568359375,33.636474609375
28.916016,-3.62548828125,34.6435546875
28.917969,-2.618408203125,35.650634765625
28.919922,-1.812744140625,36.456298828125
28.921875,-1.007080078125,37.261962890625
28.923828,-0.604248046875,37.664794921875
28.925781,-0.40283203125,38.067626953125
28.927734,-0.40283203125,37.8662109375
28.929688,-0.8056640625,37.664794921875
28.931641,-1.20849609375,37.060546875
28.933594,-2.01416015625,36.2548828125
28.935547,-3.021240234375,35.247802734375
28.9375,-4.229736328125,21.551513671875
28.939453,-5.23681640625,20.745849609375
28.941406,-6.04248046875,19.73876953125
28.943359,-6.646728515625,19.134521484375
28.945312,-7.049560546875,18.731689453125
28.947266,-7.2509765625,18.5302734375
28.949219,-7.049560546875,18.731689453125
28.951172,-6.646728515625,19.134521484375
28.953125,-6.04248046875,19.73876953125
28.955078,-5.23681640625,20.745849609375
28.957031,-4.229736328125,21.551513671875
28.958984,-3.22265625,22.55859375
28.960938,-2.4169921875,23.565673828125
28.962891,-1.611328125,24.169921875
28.964844,-1.007080078125,24.774169921875
28.966797,-0.604248046875,25.177001953125
28.96875,-0.604248046875,25.177001953125
28.970703,-0.8056640625,24.9755859375
28.972656,-1.409912109375,24.371337890625
28.974609,-2.01416015625,23.76708984375
28.976562,-3.021240234375,22.96142578125
28.978516,-3.826904296875,21.954345703125
28.980469,-4.833984375,20.947265625
28.982422,-5.438232421875,5.841064453125
28.984375,-6.243896484375,5.23681640625
28.986328,-6.646728515625,4.632568359375
28.988281,-6.84814453125,4.43115234375
28.990234,-4.632568359375,-11.68212890625
28.992188,-3.22265625,-13.29345703125
28.994141,-2.618408203125,-12.689208984375
28.996094,4.833984375,5.841064453125
28.998047,5.841064453125,6.84814453125
29.0,6.646728515625,7.855224609375
29.001953,7.65380859375,8.660888671875
29.003906,13.6962890625,29.8095703125
29.005859,14.501953125,30.413818359375
29.007812,14.90478515625,30.816650390625
29.009766,14.90478515625,31.01806640625
29.011719,14.90478515625,30.816650390625
29.013672,14.501953125,30.413818359375
29.015625,13.6962890625,29.8095703125
29.017578,12.890625,29.00390625
29.019531,12.0849609375,27.996826171875
29.021484,11.077880859375,26.98974609375
29.023438,10.07080078125,26.18408203125
29.025391,9.26513671875,25.37841796875
29.027344,8.660888671875,24.774169921875
29.029297,8.45947265625,24.371337890625
29.03125,8.45947265625,24.371337890625
29.033203,8.660888671875,24.57275390625
29.035156,9.063720703125,25.177001953125
29.037109,9.869384765625,25.78125
29.039062,10.675048828125,26.788330078125
29.041016,11.68212890625,27.593994140625
29.042969,12.689208984375,28.60107421875
29.044922,13.494873046875,29.608154296875
29.046875,14.300537109375,30.21240234375
29.048828,14.703369140625,30.816650390625
29.050781,14.90478515625,31.01806640625
29.052734,14.90478515625,31.01806640625
29.054688,14.501953125,30.615234375
29.056641,13.897705078125,30.010986328125
29.058594,13.29345703125,29.205322265625
29.060547,12.286376953125,28.399658203125
29.0625,11.279296875,27.392578125
29.064453,10.4736328125,26.385498046875
29.066406,9.66796875,25.579833984375
29.068359,8.8623046875,24.9755859375
29.070312,16.11328125,42.901611328125
29.072266,15.911865234375,42.7001953125
29.074219,16.11328125,42.901611328125
29.076172,16.51611328125,43.304443359375
29.078125,17.120361328125,43.90869140625
29.080078,17.926025390625,44.71435546875
29.082031,18.93310546875,45.721435546875
29.083984,19.940185546875,46.728515625
29.085938,20.745849609375,47.5341796875
29.087891,21.551513671875,48.33984375
29.089844,22.15576171875,48.944091796875
29.091797,22.55859375,49.346923828125
29.09375,22.55859375,49.346923828125
29.095703,25.579833984375,49.54833984375
29.097656,24.9755859375,48.944091796875
29.099609,24.169921875,48.33984375
29.101562,23.3642578125,47.332763671875
29.103516,22.357177734375,46.527099609375
29.105469,21.551513671875,45.52001953125
29.107422,20.54443359375,44.71435546875
29.109375,19.940185546875,43.90869140625
29.111328,19.3359375,43.304443359375
29.113281,19.134521484375,43.10302734375
29.115234,19.134521484375,43.304443359375
29.117188,19.537353515625,43.505859375
29.119141,20.1416015625,44.110107421875
29.121094,20.947265625,44.915771484375
29.123047,21.7529296875,45.721435546875
29.125,23.968505859375,34.24072265625
29.126953,24.774169921875,35.247802734375
29.128906,25.579833984375,36.053466796875
29.130859,26.385498046875,36.65771484375
29.132812,26.788330078125,37.060546875
29.134766,26.788330078125,37.261962890625
29.136719,26.788330078125,37.060546875
29.138672,26.385498046875,36.65771484375
29.140625,25.579833984375,36.053466796875
29.142578,24.774169921875,35.247802734375
29.144531,23.968505859375,34.24072265625
29.146484,22.96142578125,33.233642578125
29.148438,21.954345703125,32.427978515625
29.150391,21.148681640625,31.622314453125
29.152344,20.745849609375,31.01806640625
29.154297,20.343017578125,30.615234375
29.15625,20.343017578125,30.615234375
29.158203,20.54443359375,30.816650390625
29.160156,20.947265625,31.4208984375
29.162109,21.7529296875,32.025146484375
29.164062,22.55859375,33.0322265625
29.166016,23.565673828125,33.837890625
29.167969,24.57275390625,34.844970703125
29.169922,25.37841796875,35.650634765625
29.171875,26.18408203125,36.456298828125
29.173828,26.5869140625,36.859130859375
29.175781,26.788330078125,37.261962890625
29.177734,26.788330078125,37.060546875
29.179688,26.385498046875,36.859130859375
29.181641,25.982666015625,36.2548828125
29.183594,25.177001953125,35.44921875
29.185547,24.169921875,34.442138671875
29.1875,23.162841796875,33.636474609375
29.189453,22.357177734375,32.62939453125
29.191406,21.551513671875,31.82373046875
29.193359,20.745849609375,31.219482421875
29.195312,20.343017578125,30.816650390625
29.197266,20.343017578125,30.615234375
29.199219,20.343017578125,30.816650390625
29.201172,20.745849609375,12.48779296875
29.203125,21.551513671875,13.092041015625
29.205078,22.357177734375,13.897705078125
29.207031,23.162841796875,14.90478515625
29.208984,24.169921875,15.911865234375
29.210938,25.177001953125,16.717529296875
29.212891,25.982666015625,17.523193359375
29.214844,26.5869140625,18.12744140625
29.216797,26.788330078125,18.5302734375
29.21875,26.788330078125,18.5302734375
29.220703,26.5869140625,18.328857421875
29.222656,26.18408203125,17.724609375
29.224609,25.37841796875,17.120361328125
29.226562,24.57275390625,16.11328125
29.228516,23.565673828125,15.3076171875
29.230469,21.954345703125,0.604248046875
29.232422,20.947265625,-0.201416015625
29.234375,20.343017578125,-1.007080078125
29.236328,19.73876953125,-1.409912109375
29.238281,19.537353515625,-1.611328125
29.240234,19.537353515625,-1.611328125
29.242188,19.940185546875,-1.409912109375
29.244141,20.54443359375,-0.8056640625
29.246094,21.35009765625,0.0
29.248047,22.15576171875,1.007080078125
29.25,23.162841796875,1.812744140625
29.251953,24.169921875,2.81982421875
29.253906,24.9755859375,3.62548828125
29.255859,25.579833984375,4.229736328125
29.257812,25.982666015625,4.833984375
29.259766,26.18408203125,4.833984375
29.261719,25.982666015625,4.833984375
29.263672,25.579833984375,4.229736328125
29.265625,24.9755859375,3.62548828125
29.267578,24.169921875,2.81982421875
29.269531,22.15576171875,-7.855224609375
29.271484,21.35009765625,-8.660888671875
29.273438,20.343017578125,-9.66796875
29.275391,19.537353515625,-10.4736328125
29.277344,18.93310546875,-11.077880859375
29.279297,12.0849609375,-1.007080078125
29.28125,11.883544921875,-1.20849609375
29.283203,12.286376953125,-0.8056640625
29.285156,12.689208984375,-0.40283203125
29.287109,13.494873046875,0.40283203125
29.289062,3.826904296875,40.484619140625
29.291016,-1.20849609375,46.124267578125
29.292969,-0.201416015625,47.13134765625
29.294922,0.604248046875,47.93701171875
29.296875,1.409912109375,48.74267578125
29.298828,1.812744140625,49.346923828125
29.300781,-0.604248046875,33.0322265625
29.302734,-0.604248046875,32.830810546875
29.304688,-1.007080078125,32.62939453125
29.306641,-1.611328125,32.025146484375
29.308594,-2.215576171875,31.219482421875
29.310547,-3.22265625,30.21240234375
29.3125,-4.229736328125,29.40673828125
29.314453,-5.035400390625,28.399658203125
29.316406,-6.243896484375,12.890625
29.318359,-6.84814453125,12.0849609375
29.320312,-7.2509765625,11.68212890625
29.322266,-7.452392578125,11.68212890625
29.324219,-7.2509765625,11.68212890625
29.326172,-6.84814453125,12.0849609375
29.328125,-6.243896484375,12.890625
29.330078,-5.438232421875,13.6962890625
29.332031,-4.43115234375,14.501953125
29.333984,-3.424072265625,15.509033203125
29.335938,-2.618408203125,16.51611328125
29.337891,-1.812744140625,17.32177734375
29.339844,-1.20849609375,17.926025390625
29.341797,-0.8056640625,18.12744140625
29.34375,-0.8056640625,18.12744140625
29.345703,-1.007080078125,17.926025390625
29.347656,-1.611328125,17.523193359375
29.349609,-2.215576171875,16.717529296875
29.351562,-3.22265625,15.911865234375
29.353516,-4.0283203125,14.90478515625
29.355469,-5.035400390625,13.897705078125
29.357422,-5.841064453125,13.092041015625
29.359375,-6.646728515625,12.286376953125
29.361328,-7.049560546875,11.883544921875
29.363281,-7.452392578125,11.68212890625
29.365234,-7.2509765625,11.68212890625
29.367188,-7.049560546875,12.0849609375
29.369141,-6.4453125,12.48779296875
29.371094,-5.6396484375,13.29345703125
29.373047,-4.632568359375,14.300537109375
29.375,-3.826904296875,15.3076171875
29.376953,-2.81982421875,16.11328125
29.378906,-2.01416015625,16.9189453125
29.380859,-1.409912109375,17.724609375
29.382812,-1.007080078125,18.12744140625
29.384766,-0.8056640625,18.12744140625
29.386719,0.8056640625,-5.23681640625
29.388672,0.40283203125,-5.6396484375
29.390625,-0.201416015625,-6.243896484375
29.392578,-1.007080078125,-7.049560546875
29.394531,-2.01416015625,-8.056640625
29.396484,-3.021240234375,-8.8623046875
29.398438,-3.826904296875,-9.869384765625
29.400391,-4.632568359375,-10.675048828125
29.402344,-5.23681640625,-11.279296875
29.404297,-5.438232421875,-11.480712890625
29.40625,-5.6396484375,-11.68212890625
29.408203,-5.23681640625,-11.279296875
29.410156,-4.833984375,-10.87646484375
29.412109,-4.0283203125,-10.07080078125
29.414062,-3.22265625,-9.26513671875
29.416016,-2.215576171875,-8.258056640625
29.417969,-1.409912109375,-7.452392578125
29.419922,-0.40283203125,-6.4453125
29.421875,0.201416015625,-5.841064453125
29.423828,0.8056640625,-5.23681640625
29.425781,1.007080078125,-5.035400390625
29.427734,1.007080078125,-5.035400390625
29.429688,0.604248046875,-5.438232421875
29.431641,0.0,-6.04248046875
29.433594,-0.8056640625,-6.84814453125
29.435547,-1.611328125,-7.65380859375
29.4375,-2.618408203125,-8.660888671875
29.439453,-3.62548828125,-9.66796875
29.441406,-4.43115234375,-10.4736328125
29.443359,-5.035400390625,-11.077880859375
29.445312,-5.438232421875,-11.480712890625
29.447266,-5.6396484375,-11.68212890625
29.449219,-5.438232421875,-11.480712890625
29.451172,-5.035400390625,-11.077880859375
29.453125,-4.43115234375,-10.4736328125
29.455078,-3.62548828125,-9.66796875
29.457031,-2.618408203125,-8.660888671875
29.458984,-1.611328125,-7.65380859375
29.460938,-0.8056640625,-6.84814453125
29.462891,0.0,-6.04248046875
29.464844,0.604248046875,-5.438232421875
29.466797,1.007080078125,-5.035400390625
29.46875,1.007080078125,-5.035400390625
29.470703,0.8056640625,-5.23681640625
29.472656,0.201416015625,-5.841064453125
29.474609,-0.40283203125,-6.4453125
29.476562,-1.409912109375,-7.452392578125
29.478516,-2.215576171875,-8.258056640625
29.480469,-3.22265625,-9.26513671875
29.482422,-4.0283203125,-10.07080078125
29.484375,-4.833984375,-10.87646484375
29.486328,3.424072265625,5.6396484375
29.488281,3.22265625,5.23681640625
29.490234,6.646728515625,17.926025390625
29.492188,7.049560546875,18.328857421875
29.494141,14.300537109375,41.89453125
29.496094,15.106201171875,42.7001953125
29.498047,19.134521484375,47.5341796875
29.5,19.940185546875,48.33984375
29.501953,20.947265625,49.346923828125
29.503906,21.7529296875,50.152587890625
29.505859,22.357177734375,50.7568359375
29.507812,22.760009765625,51.15966796875
29.509766,22.96142578125,51.361083984375
29.511719,22.760009765625,51.15966796875
29.513672,22.357177734375,50.7568359375
29.515625,21.7529296875,50.152587890625
29.517578,23.968505859375,42.29736328125
29.519531,22.96142578125,41.49169921875
29.521484,21.954345703125,40.484619140625
29.523438,21.148681640625,39.4775390625
29.525391,20.343017578125,38.671875
29.527344,19.73876953125,38.26904296875
29.529297,19.537353515625,37.8662109375
29.53125,19.3359375,37.8662109375
29.533203,19.537353515625,38.067626953125
29.535156,20.1416015625,38.470458984375
29.537109,20.947265625,39.276123046875
29.539062,21.7529296875,40.081787109375
29.541016,22.760009765625,41.0888671875
29.542969,24.57275390625,30.21240234375
29.544922,25.579833984375,31.219482421875
29.546875,26.18408203125,31.82373046875
29.548828,26.788330078125,32.427978515625
29.550781,26.98974609375,32.62939453125
29.552734,26.98974609375,32.62939453125
29.554688,26.5869140625,32.2265625
29.556641,25.982666015625,31.622314453125
29.558594,25.177001953125,30.816650390625
29.560547,24.371337890625,30.010986328125
29.5625,23.3642578125,29.00390625
29.564453,22.357177734375,27.996826171875
29.566406,21.551513671875,27.191162109375
29.568359,20.947265625,26.5869140625
29.570312,20.54443359375,26.18408203125
29.572266,20.343017578125,25.982666015625
29.574219,20.54443359375,26.18408203125
29.576172,20.947265625,26.5869140625
29.578125,21.551513671875,27.191162109375
29.580078,22.357177734375,27.996826171875
29.582031,23.3642578125,29.00390625
29.583984,24.371337890625,30.010986328125
29.585938,25.177001953125,30.816650390625
29.587891,25.982666015625,31.622314453125
29.589844,26.5869140625,32.2265625
29.591797,26.98974609375,32.62939453125
29.59375,26.98974609375,32.62939453125
29.595703,26.788330078125,32.427978515625
29.597656,26.18408203125,31.82373046875
29.599609,25.579833984375,31.219482421875
29.601562,24.57275390625,30.21240234375
29.603516,23.76708984375,29.40673828125
29.605469,22.760009765625,28.399658203125
29.607422,21.7529296875,27.392578125
29.609375,21.954345703125,12.689208984375
29.611328,19.940185546875,0.201416015625
29.613281,19.73876953125,0.0
29.615234,19.73876953125,0.0
29.617188,20.1416015625,0.40283203125
29.619141,20.54443359375,1.007080078125
29.621094,21.35009765625,1.812744140625
29.623047,22.357177734375,2.618408203125
29.625,23.3642578125,3.62548828125
29.626953,24.169921875,4.632568359375
29.628906,24.9755859375,5.438232421875
29.630859,25.78125,6.04248046875
29.632812,26.18408203125,6.4453125
29.634766,26.18408203125,6.646728515625
29.636719,26.18408203125,6.4453125
29.638672,25.78125,6.04248046875
29.640625,24.9755859375,5.438232421875
29.642578,24.169921875,4.632568359375
29.644531,23.3642578125,3.62548828125
29.646484,22.357177734375,2.618408203125
29.648438,21.35009765625,1.812744140625
29.650391,20.54443359375,1.007080078125
29.652344,20.1416015625,0.40283203125
29.654297,19.73876953125,0.0
29.65625,19.73876953125,0.0
29.658203,19.940185546875,0.201416015625
29.660156,20.343017578125,0.8056640625
29.662109,21.148681640625,1.409912109375
29.664062,21.954345703125,2.4169921875
29.666016,22.96142578125,3.424072265625
29.667969,23.968505859375,4.229736328125
29.669922,24.774169921875,5.23681640625
29.671875,25.579833984375,5.841064453125
29.673828,25.982666015625,6.4453125
29.675781,26.18408203125,6.646728515625
29.677734,26.18408203125,6.646728515625
29.679688,25.78125,6.243896484375
29.681641,20.745849609375,-4.632568359375
29.683594,19.940185546875,-5.438232421875
29.685547,18.93310546875,-6.243896484375
29.6875,17.926025390625,-7.2509765625
29.689453,17.120361328125,-8.258056640625
29.691406,16.314697265625,-9.063720703125
29.693359,15.509033203125,-9.66796875
29.695312,15.106201171875,-10.07080078125
29.697266,15.106201171875,-10.272216796875
29.699219,15.106201171875,-10.07080078125
29.701172,15.509033203125,-9.66796875
29.703125,16.314697265625,-9.063720703125
29.705078,17.120361328125,-8.258056640625
29.707031,17.926025390625,-7.2509765625
29.708984,18.93310546875,-6.243896484375
29.710938,19.940185546875,-5.438232421875
29.712891,20.745849609375,-4.632568359375
29.714844,21.148681640625,-4.0283203125
29.716797,21.551513671875,-3.62548828125
29.71875,18.5302734375,5.035400390625
29.720703,18.328857421875,4.833984375
29.722656,17.724609375,4.43115234375
29.724609,16.9189453125,3.62548828125
29.726562,16.11328125,2.81982421875
29.728516,15.106201171875,1.812744140625
29.730469,14.300537109375,0.8056640625
29.732422,13.29345703125,0.0
29.734375,12.689208984375,-0.8056640625
29.736328,12.0849609375,-1.20849609375
29.738281,11.883544921875,-1.409912109375
29.740234,11.883544921875,-1.409912109375
29.742188,10.4736328125,4.43115234375
29.744141,11.077880859375,4.833984375
29.746094,11.883544921875,5.6396484375
29.748047,12.689208984375,6.646728515625
29.75,13.6962890625,7.65380859375
29.751953,14.703369140625,8.45947265625
29.753906,15.509033203125,9.26513671875
29.755859,16.11328125,10.07080078125
29.757812,16.51611328125,10.4736328125
29.759766,16.717529296875,10.4736328125
29.761719,16.51611328125,10.4736328125
29.763672,16.11328125,10.07080078125
29.765625,15.509033203125,9.26513671875
29.767578,14.703369140625,8.45947265625
29.769531,13.6962890625,7.65380859375
29.771484,12.689208984375,6.646728515625
29.773438,11.883544921875,5.6396484375
29.775391,11.077880859375,4.833984375
29.777344,10.4736328125,4.43115234375
29.779297,10.272216796875,4.0283203125
29.78125,10.07080078125,4.0283203125
29.783203,10.272216796875,4.229736328125
29.785156,10.87646484375,4.632568359375
29.787109,11.480712890625,5.438232421875
29.789062,12.48779296875,6.243896484375
29.791016,13.494873046875,7.2509765625
29.792969,14.300537109375,8.258056640625
29.794922,15.3076171875,9.063720703125
29.796875,15.911865234375,9.869384765625
29.798828,16.51611328125,10.272216796875
29.800781,16.717529296875,10.4736328125
29.802734,16.717529296875,10.4736328125
29.804688,16.314697265625,10.07080078125
29.806641,15.71044921875,9.66796875
29.808594,14.90478515625,8.8623046875
29.810547,14.09912109375,7.855224609375
29.8125,13.092041015625,6.84814453125
29.814453,12.0849609375,6.04248046875
29.816406,11.279296875,5.23681640625
29.818359,10.675048828125,4.43115234375
29.820312,10.272216796875,4.0283203125
29.822266,10.07080078125,4.0283203125
29.824219,1.409912109375,36.456298828125
29.826172,1.812744140625,36.859130859375
29.828125,2.4169921875,37.46337890625
29.830078,3.22265625,38.26904296875
29.832031,2.618408203125,46.124267578125
29.833984,3.62548828125,47.13134765625
29.835938,1.20849609375,48.541259765625
29.837891,-1.20849609375,41.693115234375
29.839844,-0.604248046875,42.29736328125
29.841797,-0.201416015625,42.498779296875
29.84375,-1.007080078125,33.0322265625
29.845703,-1.409912109375,32.830810546875
29.847656,-1.007080078125,5.23681640625
29.849609,-1.611328125,4.632568359375
29.851562,-2.618408203125,3.826904296875
29.853516,-3.424072265625,2.81982421875
29.855469,-4.43115234375,1.812744140625
29.857422,-5.438232421875,1.007080078125
29.859375,-6.04248046875,0.201416015625
29.861328,-6.646728515625,-0.201416015625
29.863281,-6.84814453125,-0.40283203125
29.865234,-6.646728515625,-0.40283203125
29.867188,-6.4453125,-0.201416015625
29.869141,-5.841064453125,0.40283203125
29.871094,-5.035400390625,1.20849609375
29.873047,-4.229736328125,2.215576171875
29.875,-1.812744140625,-3.62548828125
29.876953,-0.201416015625,-8.45947265625
29.878906,0.604248046875,-7.65380859375
29.880859,1.20849609375,-6.84814453125
29.882812,1.611328125,-6.4453125
29.884766,1.812744140625,-6.4453125
29.886719,1.611328125,-6.4453125
29.888672,1.20849609375,-6.84814453125
29.890625,0.604248046875,-7.65380859375
29.892578,-0.201416015625,-8.45947265625
29.894531,-1.20849609375,-9.26513671875
29.896484,-2.01416015625,-10.272216796875
29.898438,-3.021240234375,-11.279296875
29.900391,-3.826904296875,-12.0849609375
29.902344,-4.43115234375,-12.48779296875
29.904297,-4.632568359375,-12.890625
29.90625,-4.833984375,-12.890625
29.908203,-4.43115234375,-12.689208984375
29.910156,-4.0283203125,-12.286376953125
29.912109,-3.22265625,-11.480712890625
29.914062,-2.4169921875,-10.675048828125
29.916016,-1.409912109375,-9.66796875
29.917969,-0.40283203125,-8.660888671875
29.919922,0.40283203125,-7.855224609375
29.921875,1.007080078125,-7.049560546875
29.923828,1.611328125,-6.646728515625
29.925781,1.812744140625,-6.4453125
29.927734,1.812744140625,-6.4453125
29.929688,1.409912109375,-6.84814453125
29.931641,0.8056640625,-7.2509765625
29.933594,0.201416015625,-8.056640625
29.935547,4.0283203125,-1.007080078125
29.9375,4.229736328125,2.81982421875
29.939453,3.22265625,2.01416015625
29.941406,2.4169921875,1.20849609375
29.943359,3.62548828125,5.23681640625
29.945312,3.021240234375,4.833984375
29.947266,3.021240234375,4.833984375
29.949219,3.021240234375,4.833984375
29.951172,3.62548828125,5.23681640625
29.953125,4.229736328125,5.841064453125
29.955078,5.035400390625,6.84814453125
29.957031,6.04248046875,7.65380859375
29.958984,6.84814453125,8.660888671875
29.960938,7.855224609375,9.66796875
29.962891,8.660888671875,10.272216796875
29.964844,9.26513671875,10.87646484375
29.966797,9.466552734375,11.279296875
29.96875,9.466552734375,11.279296875
29.970703,9.26513671875,11.077880859375
29.972656,8.8623046875,10.675048828125
29.974609,8.056640625,9.869384765625
29.976562,7.2509765625,9.063720703125
29.978516,6.243896484375,8.056640625
29.980469,8.8623046875,20.343017578125
29.982422,8.056640625,19.537353515625
29.984375,7.2509765625,18.93310546875
29.986328,6.84814453125,18.328857421875
29.988281,6.646728515625,18.12744140625
29.990234,6.646728515625,18.12744140625
29.992188,7.049560546875,18.5302734375
29.994141,7.65380859375,19.134521484375
29.996094,8.258056640625,19.73876953125
29.998047,9.26513671875,20.745849609375
30.0,10.272216796875,21.7529296875
30.001953,11.077880859375,22.55859375
30.003906,12.0849609375,23.565673828125
30.005859,12.689208984375,24.169921875
30.007812,13.092041015625,24.57275390625
30.009766,13.29345703125,24.774169921875
30.011719,13.092041015625,24.57275390625
30.013672,12.689208984375,24.169921875
30.015625,12.0849609375,23.565673828125
30.017578,11.077880859375,22.55859375
30.019531,10.272216796875,21.7529296875
30.021484,9.26513671875,20.745849609375
30.023438,8.258056640625,19.73876953125
30.025391,7.65380859375,19.134521484375
30.027344,7.049560546875,18.5302734375
30.029297,6.646728515625,18.12744140625
30.03125,6.646728515625,18.12744140625
30.033203,13.6962890625,40.484619140625
30.035156,14.09912109375,41.0888671875
30.037109,14.90478515625,41.693115234375
30.039062,15.71044921875,42.7001953125
30.041016,16.717529296875,43.707275390625
30.042969,17.724609375,44.512939453125
30.044922,19.73876953125,50.958251953125
30.046875,20.343017578125,51.5625
30.048828,20.947265625,52.166748046875
30.050781,21.148681640625,52.3681640625
30.052734,21.148681640625,52.3681640625
30.054688,20.745849609375,51.96533203125
30.056641,20.1416015625,51.361083984375
30.058594,19.3359375,50.555419921875
30.060547,18.5302734375,49.749755859375
30.0625,17.523193359375,48.74267578125
30.064453,16.51611328125,47.735595703125
30.066406,15.71044921875,46.929931640625
30.068359,15.106201171875,46.32568359375
30.070312,14.703369140625,45.9228515625
30.072266,19.940185546875,38.067626953125
30.074219,19.940185546875,31.622314453125
30.076172,20.343017578125,32.025146484375
30.078125,20.947265625,32.830810546875
30.080078,21.7529296875,33.636474609375
30.082031,22.760009765625,34.442138671875
30.083984,24.371337890625,8.258056640625
30.085938,25.177001953125,9.26513671875
30.087891,25.982666015625,10.07080078125
30.089844,23.3642578125,-4.229736328125
30.091797,19.940185546875,-2.215576171875
30.09375,19.940185546875,-2.215576171875
30.095703,19.73876953125,-2.4169921875
30.097656,19.134521484375,-3.021240234375
30.099609,18.5302734375,-3.62548828125
30.101562,17.724609375,-4.43115234375
30.103516,16.717529296875,-5.438232421875
30.105469,10.675048828125,12.689208984375
30.107422,9.869384765625,11.883544921875
30.109375,9.063720703125,11.279296875
30.111328,8.660888671875,10.675048828125
30.113281,8.258056640625,10.4736328125
30.115234,8.45947265625,10.4736328125
30.117188,7.049560546875,18.5302734375
30.119141,7.65380859375,19.134521484375
30.121094,8.258056640625,19.940185546875
30.123047,9.26513671875,20.745849609375
30.125,10.272216796875,21.7529296875
30.126953,11.077880859375,22.760009765625
30.128906,12.0849609375,23.565673828125
30.130859,12.689208984375,24.169921875
30.132812,13.092041015625,24.57275390625
30.134766,13.29345703125,24.774169921875
30.136719,13.092041015625,24.57275390625
30.138672,12.689208984375,24.169921875
30.140625,12.0849609375,23.565673828125
30.142578,11.077880859375,22.760009765625
30.144531,10.272216796875,21.7529296875
30.146484,9.26513671875,20.745849609375
30.148438,8.258056640625,19.940185546875
30.150391,7.65380859375,19.134521484375
30.152344,7.049560546875,18.5302734375
30.154297,6.646728515625,18.12744140625
30.15625,6.646728515625,18.12744140625
30.158203,6.84814453125,18.328857421875
30.160156,7.2509765625,18.93310546875
30.162109,8.056640625,19.537353515625
30.164062,8.8623046875,20.54443359375
30.166016,9.869384765625,21.35009765625
30.167969,10.87646484375,22.357177734375
30.169922,11.68212890625,23.3642578125
30.171875,12.48779296875,23.968505859375
30.173828,6.04248046875,47.735595703125
30.175781,6.243896484375,47.93701171875
30.177734,6.243896484375,47.93701171875
30.179688,5.841064453125,47.5341796875
30.181641,5.23681640625,46.929931640625
30.183594,4.632568359375,46.124267578125
30.185547,3.62548828125,45.318603515625
30.1875,2.618408203125,44.3115234375
30.189453,1.812744140625,43.304443359375
30.191406,0.8056640625,42.498779296875
30.193359,0.201416015625,41.89453125
30.195312,-0.201416015625,41.49169921875
30.197266,-0.40283203125,41.290283203125
30.199219,-0.201416015625,41.49169921875
30.201172,0.201416015625,41.89453125
30.203125,0.8056640625,42.498779296875
30.205078,1.812744140625,43.304443359375
30.207031,2.618408203125,44.3115234375
30.208984,3.62548828125,45.318603515625
30.210938,4.632568359375,46.124267578125
30.212891,5.23681640625,46.929931640625
30.214844,5.841064453125,47.5341796875
30.216797,6.243896484375,47.93701171875
30.21875,6.243896484375,47.93701171875
30.220703,6.04248046875,47.735595703125
30.222656,5.438232421875,47.13134765625
30.224609,4.833984375,46.527099609375
30.226562,4.0283203125,45.721435546875
30.228516,3.021240234375,44.71435546875
30.230469,-2.01416015625,44.3115234375
30.232422,-3.021240234375,43.505859375
30.234375,-3.62548828125,42.7001953125
30.236328,-4.229736328125,42.29736328125
30.238281,-4.43115234375,42.095947265625
30.240234,-4.43115234375,42.095947265625
30.242188,-4.0283203125,42.498779296875
30.244141,-3.424072265625,42.901611328125
30.246094,-2.618408203125,43.707275390625
30.248047,-1.812744140625,44.71435546875
30.25,-0.8056640625,45.721435546875
30.251953,0.201416015625,46.527099609375
30.253906,1.007080078125,47.332763671875
30.255859,1.611328125,48.138427734375
30.257812,2.01416015625,48.541259765625
30.259766,2.215576171875,48.541259765625
30.261719,2.01416015625,48.541259765625
30.263672,1.611328125,48.138427734375
30.265625,1.007080078125,47.332763671875
30.267578,-3.021240234375,23.3642578125
30.269531,-4.0283203125,22.357177734375
30.271484,-4.229736328125,13.897705078125
30.273438,-5.6396484375,6.84814453125
30.275391,-4.833984375,-3.021240234375
30.277344,-3.826904296875,-12.286376953125
30.279297,-4.229736328125,-12.689208984375
30.28125,0.0,-8.660888671875
30.283203,0.40283203125,-8.45947265625
30.285156,0.8056640625,-8.056640625
30.287109,1.611328125,-7.2509765625
30.289062,2.4169921875,-6.4453125
30.291016,3.424072265625,-5.438232421875
30.292969,4.229736328125,-4.43115234375
30.294922,5.23681640625,-3.62548828125
30.296875,5.841064453125,-2.81982421875
30.298828,6.4453125,-2.4169921875
30.300781,6.646728515625,-2.215576171875
30.302734,6.646728515625,-2.215576171875
30.304688,6.243896484375,-2.4169921875
30.306641,5.6396484375,-3.021240234375
30.308594,4.833984375,-3.826904296875
30.310547,4.0283203125,-4.833984375
30.3125,7.855224609375,13.494873046875
30.314453,8.660888671875,20.1416015625
30.316406,7.855224609375,19.3359375
30.318359,7.2509765625,18.731689453125
30.320312,6.646728515625,18.328857421875
30.322266,6.646728515625,18.12744140625
30.324219,6.646728515625,18.328857421875
30.326172,7.2509765625,18.731689453125
30.328125,7.855224609375,19.3359375
30.330078,8.660888671875,20.1416015625
30.332031,9.66796875,21.148681640625
30.333984,10.4736328125,22.15576171875
30.335938,11.480712890625,22.96142578125
30.337891,12.286376953125,23.76708984375
30.339844,12.890625,24.371337890625
30.341797,13.092041015625,24.774169921875
30.34375,16.717529296875,38.873291015625
30.345703,16.51611328125,38.671875
30.347656,15.911865234375,38.067626953125
30.349609,15.3076171875,37.46337890625
30.351562,14.300537109375,36.456298828125
30.353516,13.29345703125,35.650634765625
30.355469,12.48779296875,34.6435546875
30.357422,11.480712890625,33.837890625
30.359375,10.87646484375,33.0322265625
30.361328,10.272216796875,32.62939453125
30.363281,11.68212890625,37.8662109375
30.365234,11.883544921875,37.8662109375
30.367188,12.0849609375,38.26904296875
30.369141,12.689208984375,38.873291015625
30.371094,13.494873046875,39.4775390625
30.373047,14.501953125,40.484619140625
30.375,15.3076171875,41.49169921875
30.376953,16.314697265625,42.29736328125
30.378906,17.120361328125,43.304443359375
30.380859,17.724609375,43.90869140625
30.382812,18.12744140625,44.3115234375
30.384766,18.328857421875,44.512939453125
30.386719,18.12744140625,44.3115234375
30.388672,17.724609375,43.90869140625
30.390625,17.120361328125,43.304443359375
30.392578,16.314697265625,42.29736328125
30.394531,15.3076171875,41.49169921875
30.396484,14.501953125,40.484619140625
30.398438,13.494873046875,39.4775390625
30.400391,12.689208984375,38.873291015625
30.402344,12.0849609375,38.26904296875
30.404297,11.883544921875,37.8662109375
30.40625,11.68212890625,37.8662109375
30.408203,12.0849609375,38.067626953125
30.410156,12.48779296875,38.671875
30.412109,13.29345703125,39.276123046875
30.414062,14.09912109375,40.081787109375
30.416016,15.106201171875,41.0888671875
30.417969,15.911865234375,42.095947265625
30.419922,16.9189453125,42.901611328125
30.421875,17.523193359375,43.707275390625
30.423828,18.12744140625,44.110107421875
30.425781,23.968505859375,52.166748046875
30.427734,23.968505859375,51.96533203125
30.429688,23.565673828125,51.763916015625
30.431641,22.96142578125,51.15966796875
30.433594,22.357177734375,50.35400390625
30.435547,21.35009765625,49.54833984375
30.4375,20.343017578125,48.541259765625
30.439453,19.537353515625,47.5341796875
30.441406,18.5302734375,46.728515625
30.443359,17.926025390625,46.124267578125
30.445312,17.523193359375,45.721435546875
30.447266,18.328857421875,42.7001953125
30.449219,18.5302734375,42.901611328125
30.451172,18.93310546875,43.304443359375
30.453125,19.537353515625,43.90869140625
30.455078,20.343017578125,44.71435546875
30.457031,21.35009765625,45.721435546875
30.458984,22.357177734375,46.527099609375
30.460938,23.162841796875,47.5341796875
30.462891,24.774169921875,43.10302734375
30.464844,26.98974609375,32.025146484375
30.466797,27.191162109375,32.427978515625
30.46875,27.191162109375,32.427978515625
30.470703,26.98974609375,32.2265625
30.472656,26.5869140625,31.622314453125
30.474609,25.78125,31.01806640625
30.476562,24.9755859375,30.010986328125
30.478516,23.968505859375,29.205322265625
30.480469,22.96142578125,28.1982421875
30.482422,22.15576171875,27.191162109375
30.484375,21.551513671875,26.5869140625
30.486328,20.947265625,25.982666015625
30.488281,20.745849609375,25.78125
30.490234,20.745849609375,25.982666015625
30.492188,20.1416015625,5.23681640625
30.494141,20.745849609375,5.841064453125
30.496094,21.551513671875,6.646728515625
30.498047,22.55859375,7.452392578125
30.5,23.3642578125,8.45947265625
30.501953,24.371337890625,9.466552734375
30.503906,25.177001953125,10.272216796875
30.505859,20.947265625,-4.229736328125
30.507812,21.35009765625,-3.826904296875
30.509766,21.551513671875,-3.62548828125
30.511719,21.35009765625,-3.826904296875
30.513672,19.3359375,1.20849609375
30.515625,12.0849609375,23.565673828125
30.517578,11.077880859375,22.760009765625
30.519531,10.272216796875,21.7529296875
30.521484,9.26513671875,20.745849609375
30.523438,8.258056640625,19.940185546875
30.525391,7.65380859375,19.134521484375
30.527344,7.049560546875,18.5302734375
30.529297,6.646728515625,18.12744140625
30.53125,6.646728515625,18.12744140625
30.533203,6.84814453125,18.328857421875
30.535156,7.2509765625,18.93310546875
30.537109,8.056640625,19.537353515625
30.539062,8.8623046875,20.54443359375
30.541016,9.869384765625,21.35009765625
30.542969,10.87646484375,22.357177734375
30.544922,11.68212890625,23.162841796875
30.546875,8.8623046875,37.46337890625
30.548828,9.26513671875,38.067626953125
30.550781,9.66796875,38.26904296875
30.552734,9.466552734375,38.26904296875
30.554688,9.26513671875,37.8662109375
30.556641,8.660888671875,37.261962890625
30.558594,7.855224609375,36.65771484375
30.560547,6.84814453125,35.650634765625
30.5625,6.04248046875,34.6435546875
30.564453,5.035400390625,33.837890625
30.566406,2.618408203125,40.081787109375
30.568359,2.01416015625,39.4775390625
30.570312,1.611328125,38.873291015625
30.572266,1.409912109375,38.873291015625
30.574219,1.611328125,38.873291015625
30.576172,2.01416015625,39.4775390625
30.578125,2.618408203125,40.081787109375
30.580078,3.424072265625,40.887451171875
30.582031,4.43115234375,41.89453125
30.583984,5.438232421875,42.7001953125
30.585938,6.243896484375,43.707275390625
30.587891,7.049560546875,44.512939453125
30.589844,7.65380859375,45.1171875
30.591797,7.855224609375,45.318603515625
30.59375,8.056640625,45.318603515625
30.595703,7.855224609375,45.1171875
30.597656,7.2509765625,44.71435546875
30.599609,6.646728515625,43.90869140625
30.601562,5.6396484375,43.10302734375
30.603516,4.632568359375,42.095947265625
30.605469,3.826904296875,41.0888671875
30.607422,2.81982421875,40.283203125
30.609375,2.215576171875,39.678955078125
30.611328,1.611328125,39.07470703125
30.613281,1.409912109375,38.873291015625
30.615234,1.409912109375,38.873291015625
30.617188,1.812744140625,39.276123046875
30.619141,2.4169921875,39.88037109375
30.621094,3.22265625,40.484619140625
30.623047,4.0283203125,41.49169921875
30.625,5.035400390625,42.498779296875
30.626953,6.04248046875,43.304443359375
30.628906,6.84814453125,44.3115234375
30.630859,7.452392578125,44.915771484375
30.632812,7.855224609375,45.318603515625
30.634766,8.056640625,45.52001953125
30.636719,7.855224609375,45.318603515625
30.638672,7.452392578125,44.915771484375
30.640625,6.84814453125,44.3115234375
30.642578,6.04248046875,43.304443359375
30.644531,-0.201416015625,45.318603515625
30.646484,-1.20849609375,44.3115234375
30.648438,-2.01416015625,43.304443359375
30.650391,-2.81982421875,42.498779296875
30.652344,-3.424072265625,42.095947265625
30.654297,-3.62548828125,41.693115234375
30.65625,-3.826904296875,41.693115234375
30.658203,-6.243896484375,36.456298828125
30.660156,-5.6396484375,37.060546875
30.662109,-5.035400390625,37.664794921875
30.664062,-4.0283203125,38.671875
30.666016,-3.22265625,39.4775390625
30.667969,-2.215576171875,40.484619140625
30.669922,-1.409912109375,41.49169921875
30.671875,-0.604248046875,42.095947265625
30.673828,-0.201416015625,42.7001953125
30.675781,0.201416015625,42.901611328125
30.677734,0.0,42.901611328125
30.679688,-0.201416015625,42.498779296875
30.681641,-0.8056640625,41.89453125
30.683594,-1.812744140625,37.261962890625
30.685547,-2.81982421875,36.2548828125
30.6875,-3.826904296875,35.247802734375
30.689453,-4.632568359375,34.442138671875
30.691406,-5.438232421875,33.636474609375
30.693359,-6.243896484375,32.830810546875
30.695312,-6.646728515625,32.427978515625
30.697266,-6.646728515625,32.427978515625
30.699219,-6.646728515625,32.427978515625
30.701172,-6.243896484375,32.830810546875
30.703125,-5.438232421875,33.636474609375
30.705078,-4.632568359375,34.442138671875
30.707031,-3.826904296875,35.247802734375
30.708984,-2.81982421875,36.2548828125
30.710938,-1.812744140625,37.261962890625
30.712891,-1.007080078125,38.067626953125
30.714844,-0.604248046875,38.470458984375
30.716797,-0.201416015625,38.873291015625
30.71875,-0.201416015625,38.873291015625
30.720703,-0.40283203125,38.671875
30.722656,-0.8056640625,38.26904296875
30.724609,-1.611328125,37.46337890625
30.726562,-2.4169921875,36.65771484375
30.728516,-3.424072265625,35.650634765625
30.730469,-4.43115234375,34.6435546875
30.732422,-5.23681640625,33.837890625
30.734375,-6.04248046875,33.0322265625
30.736328,-6.4453125,32.62939453125
30.738281,-6.646728515625,32.427978515625
30.740234,-6.646728515625,32.427978515625
30.742188,-6.243896484375,32.830810546875
30.744141,-5.841064453125,33.233642578125
30.746094,-5.035400390625,34.039306640625
30.748047,-4.0283203125,35.04638671875
30.75,-3.021240234375,36.053466796875
30.751953,-2.215576171875,36.859130859375
30.753906,-1.409912109375,37.664794921875
30.755859,-0.604248046875,38.470458984375
30.757812,-0.201416015625,38.873291015625
30.759766,-0.201416015625,38.873291015625
30.761719,-0.201416015625,38.873291015625
30.763672,-1.007080078125,11.883544921875
30.765625,-1.611328125,11.279296875
30.767578,-2.4169921875,10.4736328125
30.769531,-3.424072265625,9.466552734375
30.771484,-4.43115234375,8.45947265625
30.773438,-5.23681640625,7.65380859375
30.775391,-6.04248046875,6.84814453125
30.777344,-6.646728515625,6.243896484375
30.779297,-7.049560546875,5.841064453125
30.78125,-7.049560546875,5.841064453125
30.783203,-6.84814453125,6.04248046875
30.785156,-6.243896484375,6.646728515625
30.787109,-5.6396484375,7.2509765625
30.789062,-4.632568359375,8.258056640625
30.791016,-3.62548828125,9.063720703125
30.792969,-2.81982421875,10.07080078125
30.794922,-1.812744140625,4.833984375
30.796875,-1.20849609375,5.6396484375
30.798828,-0.604248046875,6.04248046875
30.800781,-0.40283203125,6.243896484375
30.802734,5.23681640625,-2.618408203125
30.804688,4.833984375,-3.021240234375
30.806641,4.229736328125,-3.62548828125
30.808594,7.855224609375,9.063720703125
30.810547,8.660888671875,14.703369140625
30.8125,7.855224609375,13.6962890625
30.814453,6.84814453125,12.689208984375
30.816406,6.04248046875,11.883544921875
30.818359,5.438232421875,11.279296875
30.820312,5.035400390625,10.87646484375
30.822266,4.833984375,10.675048828125
30.824219,5.035400390625,10.87646484375
30.826172,5.438232421875,11.279296875
30.828125,6.04248046875,11.883544921875
30.830078,6.84814453125,12.689208984375
30.832031,7.855224609375,13.6962890625
30.833984,8.660888671875,14.703369140625
30.835938,9.66796875,15.509033203125
30.837891,10.4736328125,16.314697265625
30.839844,11.077880859375,16.9189453125
30.841797,11.279296875,17.32177734375
30.84375,11.480712890625,17.32177734375
30.845703,11.077880859375,17.120361328125
30.847656,10.675048828125,16.51611328125
30.849609,9.869384765625,15.911865234375
30.851562,9.063720703125,15.106201171875
30.853516,15.106201171875,40.081787109375
30.855469,14.300537109375,39.07470703125
30.857422,13.29345703125,38.26904296875
30.859375,12.689208984375,37.46337890625
30.861328,12.0849609375,37.060546875
30.863281,11.883544921875,36.65771484375
30.865234,13.494873046875,43.10302734375
30.867188,13.897705078125,43.505859375
30.869141,14.300537109375,44.110107421875
30.871094,15.106201171875,44.915771484375
30.873047,16.11328125,45.721435546875
30.875,17.120361328125,46.728515625
30.876953,17.926025390625,47.735595703125
30.878906,18.731689453125,48.541259765625
30.880859,20.54443359375,47.5341796875
30.882812,21.148681640625,47.93701171875
30.884766,21.148681640625,48.138427734375
30.886719,21.148681640625,47.93701171875
30.888672,20.54443359375,47.5341796875
30.890625,19.940185546875,46.929931640625
30.892578,19.134521484375,45.9228515625
30.894531,18.12744140625,45.1171875
30.896484,17.32177734375,44.110107421875
30.898438,16.314697265625,43.10302734375
30.900391,15.509033203125,42.498779296875
30.902344,14.90478515625,41.89453125
30.904297,14.703369140625,41.49169921875
30.90625,16.51611328125,44.512939453125
30.908203,16.717529296875,44.71435546875
30.910156,17.32177734375,45.1171875
30.912109,17.926025390625,45.9228515625
30.914062,18.93310546875,46.728515625
30.916016,19.73876953125,47.735595703125
30.917969,20.745849609375,48.74267578125
30.919922,21.7529296875,49.54833984375
30.921875,22.357177734375,50.35400390625
30.923828,22.96142578125,50.7568359375
30.925781,23.162841796875,50.958251953125
30.927734,22.96142578125,50.958251953125
30.929688,22.760009765625,50.7568359375
30.931641,22.15576171875,50.152587890625
30.933594,21.35009765625,49.346923828125
30.935547,20.54443359375,48.33984375
30.9375,19.537353515625,47.5341796875
30.939453,18.5302734375,46.527099609375
30.941406,17.724609375,45.721435546875
30.943359,17.120361328125,44.915771484375
30.945312,16.717529296875,44.512939453125
30.947266,16.51611328125,44.512939453125
30.949219,16.717529296875,44.512939453125
30.951172,17.120361328125,44.915771484375
30.953125,17.724609375,45.721435546875
30.955078,18.5302734375,46.527099609375
30.957031,19.537353515625,47.5341796875
30.958984,20.54443359375,48.33984375
30.960938,21.35009765625,49.346923828125
30.962891,22.15576171875,50.152587890625
30.964844,22.760009765625,50.7568359375
30.966797,22.96142578125,50.958251953125
30.96875,23.162841796875,50.958251953125
30.970703,22.96142578125,50.7568359375
30.972656,22.357177734375,50.35400390625
30.974609,21.7529296875,49.54833984375
30.976562,20.745849609375,48.74267578125
30.978516,19.73876953125,47.735595703125
30.980469,18.93310546875,46.728515625
30.982422,17.926025390625,45.9228515625
30.984375,17.32177734375,45.1171875
30.986328,16.717529296875,44.71435546875
30.988281,18.328857421875,41.0888671875
30.990234,19.537353515625,33.0322265625
30.992188,19.940185546875,33.43505859375
30.994141,20.54443359375,34.039306640625
30.996094,21.148681640625,34.844970703125
30.998047,22.15576171875,35.650634765625
31.0,23.162841796875,36.65771484375
31.001953,23.968505859375,37.664794921875
31.003906,24.9755859375,38.470458984375
31.005859,25.579833984375,39.07470703125
31.007812,25.982666015625,39.4775390625
31.009766,26.18408203125,39.678955078125
31.011719,25.982666015625,39.4775390625
31.013672,25.579833984375,39.07470703125
31.015625,26.385498046875,24.169921875
31.017578,25.579833984375,23.3642578125
31.019531,24.57275390625,22.357177734375
31.021484,23.76708984375,21.35009765625
31.023438,22.760009765625,20.54443359375
31.025391,21.954345703125,19.73876953125
31.027344,21.35009765625,19.134521484375
31.029297,21.148681640625,18.93310546875
31.03125,20.947265625,18.731689453125
31.033203,21.35009765625,18.93310546875
31.035156,21.7529296875,19.537353515625
31.037109,22.760009765625,12.689208984375
31.039062,23.565673828125,13.6962890625
31.041016,24.57275390625,14.501953125
31.042969,25.579833984375,15.509033203125
31.044922,26.385498046875,16.314697265625
31.046875,26.98974609375,17.120361328125
31.048828,25.37841796875,1.812744140625
31.050781,24.57275390625,-4.0283203125
31.052734,24.57275390625,-4.0283203125
31.054688,24.371337890625,-4.229736328125
31.056641,23.76708984375,-4.833984375
31.058594,22.96142578125,-5.6396484375
31.060547,21.954345703125,-6.646728515625
31.0625,20.947265625,-7.65380859375
31.064453,20.1416015625,-8.45947265625
31.066406,19.3359375,-9.26513671875
31.068359,18.5302734375,-10.07080078125
31.070312,18.12744140625,-10.4736328125
31.072266,18.12744140625,-10.4736328125
31.074219,16.51611328125,-12.48779296875
31.076172,16.9189453125,-12.0849609375
31.078125,17.724609375,-11.480712890625
31.080078,18.5302734375,-10.675048828125
31.082031,17.523193359375,-8.258056640625
31.083984,18.5302734375,-7.2509765625
31.085938,19.3359375,-6.4453125
31.087891,10.4736328125,30.615234375
31.089844,11.077880859375,31.219482421875
31.091797,11.480712890625,31.622314453125
31.09375,11.480712890625,31.622314453125
31.095703,11.279296875,31.4208984375
31.097656,10.675048828125,30.816650390625
31.099609,10.07080078125,30.21240234375
31.101562,9.063720703125,29.205322265625
31.103516,8.056640625,28.399658203125
31.105469,7.2509765625,27.392578125
31.107422,6.243896484375,26.385498046875
31.109375,5.6396484375,25.78125
31.111328,5.035400390625,25.177001953125
31.113281,4.833984375,24.9755859375
31.115234,4.833984375,25.177001953125
31.117188,5.23681640625,25.37841796875
31.119141,5.841064453125,25.982666015625
31.121094,6.646728515625,26.788330078125
31.123047,7.452392578125,27.593994140625
31.125,8.45947265625,28.60107421875
31.126953,9.466552734375,29.608154296875
31.128906,10.272216796875,30.413818359375
31.130859,10.87646484375,31.01806640625
31.132812,11.279296875,31.4208984375
31.134766,11.480712890625,31.622314453125
31.136719,11.279296875,31.4208984375
31.138672,10.87646484375,31.01806640625
31.140625,3.424072265625,47.5341796875
31.142578,2.618408203125,46.728515625
31.144531,1.611328125,45.721435546875
31.146484,0.604248046875,44.71435546875
31.148438,-0.201416015625,43.90869140625
31.150391,-1.007080078125,43.10302734375
31.152344,-1.611328125,42.498779296875
31.154297,-2.01416015625,42.095947265625
31.15625,-2.01416015625,42.095947265625
31.158203,-1.812744140625,42.29736328125
31.160156,-1.20849609375,42.901611328125
31.162109,-1.611328125,44.71435546875
31.164062,-0.8056640625,45.52001953125
31.166016,0.201416015625,46.527099609375
31.167969,1.20849609375,47.332763671875
31.169922,2.01416015625,48.33984375
31.171875,2.81982421875,48.944091796875
31.173828,3.22265625,49.54833984375
31.175781,3.424072265625,49.749755859375
31.177734,3.424072265625,49.749755859375
31.179688,3.021240234375,49.346923828125
31.181641,2.4169921875,48.74267578125
31.183594,1.812744140625,47.93701171875
31.185547,0.8056640625,47.13134765625
31.1875,-0.201416015625,46.124267578125
31.189453,-1.007080078125,45.1171875
31.191406,-1.812744140625,44.3115234375
31.193359,-2.618408203125,43.707275390625
31.195312,-3.021240234375,43.304443359375
31.197266,-3.021240234375,43.10302734375
31.199219,-4.833984375,43.505859375
31.201172,-4.43115234375,44.110107421875
31.203125,-3.826904296875,44.71435546875
31.205078,-2.81982421875,45.52001953125
31.207031,-2.01416015625,46.527099609375
31.208984,-1.007080078125,47.332763671875
31.210938,0.0,48.33984375
31.212891,0.604248046875,49.1455078125
31.214844,1.20849609375,49.749755859375
31.216797,1.611328125,49.951171875
31.21875,1.611328125,49.951171875
31.220703,1.409912109375,49.749755859375
31.222656,0.8056640625,49.346923828125
31.224609,0.201416015625,48.541259765625
31.226562,-0.604248046875,47.735595703125
31.228516,-1.611328125,46.728515625
31.230469,-2.618408203125,45.721435546875
31.232422,-3.424072265625,44.915771484375
31.234375,-4.229736328125,44.110107421875
31.236328,-4.632568359375,43.707275390625
31.238281,-4.833984375,43.505859375
31.240234,-4.833984375,43.505859375
31.242188,-4.632568359375,43.90869140625
31.244141,-6.04248046875,19.73876953125
31.246094,-5.6396484375,13.092041015625
31.248047,-4.833984375,14.09912109375
31.25,-3.826904296875,15.106201171875
31.251953,-2.81982421875,15.911865234375
31.253906,-2.01416015625,16.717529296875
31.255859,-1.409912109375,17.523193359375
31.257812,-1.007080078125,17.926025390625
31.259766,-0.8056640625,17.926025390625
31.261719,-1.007080078125,17.926025390625
31.263672,-1.409912109375,17.523193359375
31.265625,-2.01416015625,16.717529296875
31.267578,-2.81982421875,15.911865234375
31.269531,-3.826904296875,15.106201171875
31.271484,-4.833984375,14.09912109375
31.273438,-5.6396484375,13.092041015625
31.275391,-6.4453125,12.286376953125
31.277344,-7.049560546875,11.883544921875
31.279297,-7.452392578125,11.480712890625
31.28125,-7.452392578125,11.480712890625
31.283203,-7.2509765625,11.68212890625
31.285156,-6.646728515625,12.0849609375
31.287109,-6.04248046875,12.890625
31.289062,-5.035400390625,13.6962890625
31.291016,-4.229736328125,14.703369140625
31.292969,-3.22265625,15.71044921875
31.294922,-2.4169921875,5.23681640625
31.296875,-1.611328125,5.841064453125
31.298828,-1.20849609375,6.4453125
31.300781,-0.8056640625,6.646728515625
31.302734,-1.007080078125,6.646728515625
31.304688,-1.20849609375,6.243896484375
31.306641,-1.812744140625,5.6396484375
31.308594,-2.618408203125,4.833984375
31.310547,-3.62548828125,4.0283203125
31.3125,-4.43115234375,3.021240234375
31.314453,-5.438232421875,2.01416015625
31.316406,-6.243896484375,1.20849609375
31.318359,-6.84814453125,0.604248046875
31.320312,-7.2509765625,0.201416015625
31.322266,-7.452392578125,0.0
31.324219,-7.2509765625,0.201416015625
31.326172,-6.84814453125,0.604248046875
31.328125,-4.632568359375,-9.26513671875
31.330078,-3.826904296875,-8.45947265625
31.332031,-2.81982421875,-7.65380859375
31.333984,-2.01416015625,-6.646728515625
31.335938,-1.007080078125,-5.6396484375
31.337891,-0.201416015625,-4.833984375
31.339844,0.40283203125,-4.43115234375
31.341797,0.604248046875,-4.0283203125
31.34375,0.8056640625,-4.0283203125
31.345703,0.40283203125,-4.229736328125
31.347656,0.0,-4.632568359375
31.349609,-0.8056640625,-5.438232421875
31.351562,-1.611328125,-6.243896484375
31.353516,-2.618408203125,-7.2509765625
31.355469,-3.424072265625,-8.258056640625
31.357422,-4.43115234375,-9.063720703125
31.359375,-5.035400390625,-9.869384765625
31.361328,-5.6396484375,-10.272216796875
31.363281,-5.841064453125,-10.4736328125
31.365234,-5.841064453125,-10.4736328125
31.367188,-5.438232421875,-10.07080078125
31.369141,-4.833984375,-9.66796875
31.371094,-4.0283203125,-8.8623046875
31.373047,-3.22265625,-7.855224609375
31.375,-0.40283203125,-5.6396484375
31.376953,3.22265625,-4.0283203125
31.378906,4.0283203125,-3.021240234375
31.380859,4.632568359375,-2.4169921875
31.382812,5.035400390625,-2.01416015625
31.384766,5.23681640625,-1.812744140625
31.386719,9.66796875,11.077880859375
31.388672,14.300537109375,30.413818359375
31.390625,13.6962890625,29.8095703125
31.392578,19.134521484375,48.541259765625
31.394531,19.940185546875,46.527099609375
31.396484,18.93310546875,45.721435546875
31.398438,21.35009765625,38.671875
31.400391,20.54443359375,37.8662109375
31.402344,19.940185546875,37.261962890625
31.404297,19.537353515625,37.060546875
31.40625,19.537353515625,36.859130859375
31.408203,19.73876953125,37.261962890625
31.410156,20.343017578125,37.664794921875
31.412109,20.947265625,38.470458984375
31.414062,21.954345703125,39.276123046875
31.416016,22.760009765625,40.283203125
31.417969,23.76708984375,41.0888671875
31.419922,24.57275390625,42.095947265625
31.421875,25.37841796875,42.7001953125
31.423828,26.5869140625,32.2265625
31.425781,26.788330078125,32.427978515625
31.427734,26.788330078125,32.427978515625
31.429688,26.385498046875,32.025146484375
31.431641,25.78125,31.4208984375
31.433594,25.177001953125,30.615234375
31.435547,24.169921875,29.8095703125
31.4375,23.162841796875,28.802490234375
31.439453,22.357177734375,13.897705078125
31.441406,21.551513671875,13.092041015625
31.443359,20.947265625,12.48779296875
31.445312,20.54443359375,12.0849609375
31.447266,20.343017578125,11.883544921875
31.449219,20.54443359375,12.0849609375
31.451172,20.947265625,12.48779296875
31.453125,21.551513671875,13.092041015625
31.455078,22.357177734375,13.897705078125
31.457031,23.3642578125,14.90478515625
31.458984,24.371337890625,15.71044921875
31.460938,25.177001953125,16.717529296875
31.462891,25.982666015625,17.523193359375
31.464844,26.5869140625,18.12744140625
31.466797,26.98974609375,18.328857421875
31.46875,26.98974609375,18.5302734375
31.470703,26.788330078125,18.12744140625
31.472656,26.18408203125,17.724609375
31.474609,25.579833984375,16.9189453125
31.476562,24.57275390625,16.11328125
31.478516,23.565673828125,15.106201171875
31.480469,22.760009765625,14.09912109375
31.482422,21.7529296875,13.29345703125
31.484375,21.148681640625,12.689208984375
31.486328,20.54443359375,12.0849609375
31.488281,20.343017578125,11.883544921875
31.490234,20.343017578125,11.883544921875
31.492188,20.745849609375,12.286376953125
31.494141,21.35009765625,12.890625
31.496094,22.15576171875,13.494873046875
31.498047,22.96142578125,14.501953125
31.5,23.968505859375,15.509033203125
31.501953,24.9755859375,16.314697265625
31.503906,23.76708984375,-3.826904296875
31.505859,24.57275390625,-3.22265625
31.507812,24.9755859375,-2.81982421875
31.509766,24.9755859375,-2.618408203125
31.511719,24.9755859375,-2.81982421875
31.513672,24.57275390625,-3.22265625
31.515625,23.76708984375,-3.826904296875
31.517578,22.96142578125,-4.632568359375
31.519531,22.15576171875,-5.6396484375
31.521484,21.148681640625,-6.646728515625
31.523438,20.1416015625,-7.452392578125
31.525391,19.3359375,-8.258056640625
31.527344,18.93310546875,-8.8623046875
31.529297,18.5302734375,-9.26513671875
31.53125,18.5302734375,-9.26513671875
31.533203,18.731689453125,-9.063720703125
31.535156,19.134521484375,-8.45947265625
31.537109,19.940185546875,-7.855224609375
31.539062,20.745849609375,-6.84814453125
31.541016,21.7529296875,-5.841064453125
31.542969,22.760009765625,-5.035400390625
31.544922,23.565673828125,-4.0283203125
31.546875,24.371337890625,-3.424072265625
31.548828,24.774169921875,-2.81982421875
31.550781,24.9755859375,-2.618408203125
31.552734,24.9755859375,-2.618408203125
31.554688,24.57275390625,-3.021240234375
31.556641,24.169921875,-3.62548828125
31.558594,23.3642578125,-4.43115234375
31.560547,20.1416015625,-10.07080078125
31.5625,19.134521484375,-11.077880859375
31.564453,18.328857421875,-12.0849609375
31.566406,17.32177734375,-12.890625
31.568359,16.717529296875,-13.494873046875
31.570312,16.314697265625,-13.897705078125
31.572266,16.11328125,-14.09912109375
31.574219,16.314697265625,-13.897705078125
31.576172,16.717529296875,-13.494873046875
31.578125,17.32177734375,-12.890625
31.580078,18.328857421875,-12.0849609375
31.582031,19.134521484375,-11.077880859375
31.583984,20.1416015625,-10.07080078125
31.585938,18.328857421875,-1.409912109375
31.587891,19.134521484375,-0.604248046875
31.589844,19.537353515625,0.0
31.591797,19.940185546875,0.40283203125
31.59375,19.940185546875,0.40283203125
31.595703,19.73876953125,0.201416015625
31.597656,19.3359375,-0.40283203125
31.599609,18.5302734375,-1.007080078125
31.601562,17.724609375,-2.01416015625
31.603516,16.717529296875,-2.81982421875
31.605469,15.71044921875,-3.826904296875
31.607422,14.90478515625,-4.833984375
31.609375,14.09912109375,-5.438232421875
31.611328,13.6962890625,-6.04248046875
31.613281,13.494873046875,-6.243896484375
31.615234,13.494873046875,-6.243896484375
31.617188,13.897705078125,-5.841064453125
31.619141,14.300537109375,-5.23681640625
31.621094,15.106201171875,-4.43115234375
31.623047,16.11328125,-3.62548828125
31.625,17.120361328125,-2.618408203125
31.626953,17.926025390625,-1.611328125
31.628906,18.731689453125,-0.8056640625
31.630859,19.537353515625,-0.201416015625
31.632812,19.940185546875,0.201416015625
31.634766,14.90478515625,17.32177734375
31.636719,14.703369140625,17.120361328125
31.638672,14.300537109375,16.717529296875
31.640625,8.45947265625,37.664794921875
31.642578,3.22265625,48.33984375
31.644531,2.215576171875,47.332763671875
31.646484,1.20849609375,46.527099609375
31.648438,0.40283203125,45.52001953125
31.650391,-4.229736328125,43.505859375
31.652344,-6.84814453125,32.427978515625
31.654297,-7.2509765625,32.2265625
31.65625,-7.2509765625,32.025146484375
31.658203,-7.049560546875,32.427978515625
31.660156,-6.4453125,32.830810546875
31.662109,-5.841064453125,33.636474609375
31.664062,-5.841064453125,13.897705078125
31.666016,-4.833984375,14.703369140625
31.667969,-3.826904296875,15.71044921875
31.669922,-3.021240234375,16.51611328125
31.671875,-2.215576171875,17.32177734375
31.673828,-1.812744140625,17.724609375
31.675781,-1.611328125,18.12744140625
31.677734,-1.611328125,17.926025390625
31.679688,-2.01416015625,17.724609375
31.681641,-2.4169921875,17.120361328125
31.683594,-2.01416015625,5.23681640625
31.685547,-3.021240234375,4.229736328125
31.6875,-3.826904296875,3.22265625
31.689453,-4.833984375,2.4169921875
31.691406,-5.6396484375,1.611328125
31.693359,-6.243896484375,0.8056640625
31.695312,-6.646728515625,0.40283203125
31.697266,-6.84814453125,0.40283203125
31.699219,-6.646728515625,0.40283203125
31.701172,-6.243896484375,0.8056640625
31.703125,-5.6396484375,1.611328125
31.705078,-4.833984375,2.4169921875
31.707031,-3.826904296875,3.22265625
31.708984,-3.021240234375,4.229736328125
31.710938,-2.01416015625,5.23681640625
31.712891,-1.20849609375,6.04248046875
31.714844,-0.604248046875,6.4453125
31.716797,-0.40283203125,6.84814453125
31.71875,-0.201416015625,6.84814453125
31.720703,-0.604248046875,6.646728515625
31.722656,-1.007080078125,6.243896484375
31.724609,-1.812744140625,5.438232421875
31.726562,-2.618408203125,4.632568359375
31.728516,-3.62548828125,3.62548828125
31.730469,-4.43115234375,2.618408203125
31.732422,-5.438232421875,1.812744140625
31.734375,-6.04248046875,1.007080078125
31.736328,-6.646728515625,0.604248046875
31.738281,-6.84814453125,0.40283203125
31.740234,-6.84814453125,0.40283203125
31.742188,-6.4453125,0.8056640625
31.744141,-5.841064453125,1.20849609375
31.746094,-5.035400390625,2.01416015625
31.748047,-4.229736328125,3.021240234375
31.75,-3.22265625,4.0283203125
31.751953,-2.215576171875,4.833984375
31.753906,-1.409912109375,5.6396484375
31.755859,-0.8056640625,6.4453125
31.757812,-0.40283203125,6.84814453125
31.759766,-0.201416015625,6.84814453125
31.761719,-0.40283203125,6.84814453125
31.763672,3.021240234375,-6.243896484375
31.765625,2.215576171875,-6.84814453125
31.767578,1.409912109375,-7.65380859375
31.769531,0.604248046875,-8.660888671875
31.771484,-0.40283203125,-9.466552734375
31.773438,-1.409912109375,-10.4736328125
31.775391,-2.215576171875,-11.279296875
31.777344,-2.618408203125,-11.883544921875
31.779297,-3.021240234375,-12.0849609375
31.78125,-3.021240234375,-12.286376953125
31.783203,-2.81982421875,-11.883544921875
31.785156,-2.4169921875,-11.480712890625
31.787109,-1.611328125,-10.675048828125
31.789062,-0.8056640625,-9.869384765625
31.791016,0.201416015625,-8.8623046875
31.792969,1.20849609375,-8.056640625
31.794922,2.01416015625,-7.049560546875
31.796875,2.81982421875,-6.4453125
31.798828,3.22265625,-5.841064453125
31.800781,3.424072265625,-5.6396484375
31.802734,3.424072265625,-5.6396484375
31.804688,3.021240234375,-6.04248046875
31.806641,2.618408203125,-6.646728515625
31.808594,1.812744140625,-7.452392578125
31.810547,0.8056640625,-8.258056640625
31.8125,-0.201416015625,-9.26513671875
31.814453,-1.007080078125,-10.272216796875
31.816406,-1.812744140625,-11.077880859375
31.818359,-2.618408203125,-11.68212890625
31.820312,-3.021240234375,-12.0849609375
31.822266,-3.021240234375,-12.286376953125
31.824219,-3.021240234375,-12.0849609375
31.826172,-2.618408203125,-11.68212890625
31.828125,-1.812744140625,-11.077880859375
31.830078,6.84814453125,13.29345703125
31.832031,7.855224609375,14.300537109375
31.833984,8.8623046875,15.106201171875
31.835938,9.66796875,16.11328125
31.837891,10.4736328125,16.9189453125
31.839844,11.077880859375,17.523193359375
31.841797,11.279296875,17.724609375
31.84375,11.480712890625,17.724609375
31.845703,11.077880859375,17.523193359375
31.847656,10.675048828125,17.120361328125
31.849609,9.869384765625,16.314697265625
31.851562,9.063720703125,15.509033203125
31.853516,8.056640625,14.501953125
31.855469,7.2509765625,13.494873046875
31.857422,6.243896484375,12.689208984375
31.859375,5.6396484375,11.883544921875
31.861328,5.035400390625,11.480712890625
31.863281,4.833984375,11.279296875
31.865234,4.833984375,11.279296875
31.867188,5.23681640625,11.68212890625
31.869141,5.841064453125,12.286376953125
31.871094,6.646728515625,12.890625
31.873047,7.452392578125,13.897705078125
31.875,8.45947265625,14.90478515625
31.876953,9.466552734375,15.71044921875
31.878906,10.272216796875,16.717529296875
31.880859,10.87646484375,17.32177734375
31.882812,11.279296875,17.724609375
31.884766,11.480712890625,17.926025390625
31.886719,11.279296875,17.724609375
31.888672,10.87646484375,17.32177734375
31.890625,10.272216796875,16.717529296875
31.892578,9.466552734375,15.71044921875
31.894531,8.45947265625,14.90478515625
31.896484,7.452392578125,13.897705078125
31.898438,6.646728515625,12.890625
31.900391,5.841064453125,12.286376953125
31.902344,5.23681640625,11.68212890625
31.904297,4.833984375,11.279296875
31.90625,4.833984375,11.279296875
31.908203,5.035400390625,11.480712890625
31.910156,5.6396484375,11.883544921875
31.912109,6.243896484375,12.689208984375
31.914062,7.2509765625,13.494873046875
31.916016,8.056640625,14.501953125
31.917969,9.063720703125,15.509033203125
31.919922,9.869384765625,16.314697265625
31.921875,10.675048828125,17.120361328125
31.923828,11.077880859375,17.523193359375
31.925781,11.480712890625,17.724609375
31.927734,11.279296875,17.724609375
31.929688,19.537353515625,48.541259765625
31.931641,18.93310546875,47.93701171875
31.933594,18.12744140625,47.13134765625
31.935547,17.120361328125,46.124267578125
31.9375,20.947265625,47.5341796875
31.939453,19.940185546875,46.728515625
31.941406,20.745849609375,33.233642578125
31.943359,20.1416015625,32.62939453125
31.945312,19.73876953125,32.2265625
31.947266,19.537353515625,32.025146484375
31.949219,20.54443359375,-0.201416015625
31.951172,20.947265625,0.40283203125
31.953125,19.134521484375,-9.063720703125
31.955078,19.940185546875,-8.258056640625
31.957031,20.947265625,-7.2509765625
31.958984,21.954345703125,-6.243896484375
31.960938,21.148681640625,-6.04248046875
31.962891,20.745849609375,-4.833984375
31.964844,21.35009765625,-4.229736328125
31.966797,21.7529296875,-3.826904296875
31.96875,21.7529296875,-3.826904296875
31.970703,21.551513671875,-4.0283203125
31.972656,20.947265625,-4.632568359375
31.974609,20.343017578125,-5.23681640625
31.976562,19.3359375,-6.243896484375
31.978516,18.5302734375,-7.049560546875
31.980469,17.523193359375,-8.056640625
31.982422,13.494873046875,-1.007080078125
31.984375,12.890625,-1.812744140625
31.986328,12.286376953125,-2.215576171875
31.988281,12.0849609375,-2.4169921875
31.990234,12.0849609375,-2.4169921875
31.992188,12.48779296875,-2.215576171875
31.994141,13.092041015625,-1.611328125
31.996094,13.897705078125,-0.8056640625
31.998047,14.703369140625,0.201416015625
32.0,15.71044921875,1.20849609375
32.001953,16.717529296875,2.01416015625
32.003906,17.523193359375,2.81982421875
32.005859,18.12744140625,3.62548828125
32.007812,18.5302734375,4.0283203125
32.009766,18.731689453125,4.0283203125
32.011719,18.5302734375,4.0283203125
32.013672,18.12744140625,3.62548828125
32.015625,17.523193359375,2.81982421875
32.017578,16.717529296875,2.01416015625
32.019531,15.71044921875,1.20849609375
32.021484,14.703369140625,0.201416015625
32.023438,13.897705078125,-0.8056640625
32.025391,7.65380859375,18.93310546875
32.027344,7.049560546875,18.328857421875
32.029297,6.646728515625,18.12744140625
32.03125,6.646728515625,17.926025390625
32.033203,6.84814453125,18.328857421875
32.035156,7.2509765625,18.731689453125
32.037109,8.056640625,19.537353515625
32.039062,7.2509765625,26.788330078125
32.041016,8.258056640625,27.79541015625
32.042969,9.063720703125,28.60107421875
32.044922,10.07080078125,29.608154296875
32.046875,8.8623046875,38.26904296875
32.048828,9.26513671875,38.671875
32.050781,9.66796875,39.07470703125
32.052734,9.466552734375,38.873291015625
32.054688,9.26513671875,38.671875
32.056641,8.660888671875,38.067626953125
32.058594,7.855224609375,37.261962890625
32.060547,7.049560546875,36.456298828125
32.0625,4.632568359375,39.07470703125
32.064453,3.62548828125,38.067626953125
32.066406,2.81982421875,37.261962890625
32.068359,2.215576171875,36.65771484375
32.070312,1.812744140625,36.2548828125
32.072266,1.611328125,36.053466796875
32.074219,1.812744140625,36.2548828125
32.076172,0.0,43.90869140625
32.078125,0.604248046875,44.71435546875
32.080078,1.409912109375,45.52001953125
32.082031,2.4169921875,46.32568359375
32.083984,3.424072265625,47.332763671875
32.085938,4.229736328125,48.33984375
32.087891,5.035400390625,48.944091796875
32.089844,5.6396484375,49.54833984375
32.091797,6.04248046875,49.951171875
32.09375,6.04248046875,49.951171875
32.095703,4.833984375,51.763916015625
32.097656,4.43115234375,51.361083984375
32.099609,3.62548828125,50.555419921875
32.101562,2.81982421875,49.749755859375
32.103516,1.812744140625,48.74267578125
32.105469,0.8056640625,47.735595703125
32.107422,0.0,46.929931640625
32.109375,-0.8056640625,46.124267578125
32.111328,-1.20849609375,45.721435546875
32.113281,-1.409912109375,45.52001953125
32.115234,-1.409912109375,45.52001953125
32.117188,-1.007080078125,45.721435546875
32.119141,-0.40283203125,46.32568359375
32.121094,0.201416015625,47.13134765625
32.123047,1.20849609375,48.138427734375
32.125,2.215576171875,48.944091796875
32.126953,3.021240234375,49.951171875
32.128906,4.0283203125,50.7568359375
32.130859,1.007080078125,49.951171875
32.132812,1.409912109375,50.35400390625
32.134766,1.409912109375,50.555419921875
32.136719,-0.8056640625,32.62939453125
32.138672,-1.20849609375,32.2265625
32.140625,-1.812744140625,31.622314453125
32.142578,-2.618408203125,30.816650390625
32.144531,-3.62548828125,29.8095703125
32.146484,-4.632568359375,29.00390625
32.148438,-5.438232421875,6.84814453125
32.150391,-5.23681640625,-3.826904296875
32.152344,-4.0283203125,-9.869384765625
32.154297,-4.43115234375,-10.272216796875
32.15625,-4.43115234375,-10.272216796875
32.158203,-4.229736328125,-10.07080078125
32.160156,-3.62548828125,-9.66796875
32.162109,-3.021240234375,-8.8623046875
32.164062,-2.01416015625,-8.056640625
32.166016,-1.007080078125,-7.049560546875
32.167969,-0.201416015625,-6.04248046875
32.169922,0.8056640625,-5.23681640625
32.171875,1.409912109375,-4.43115234375
32.173828,2.01416015625,-4.0283203125
32.175781,2.215576171875,-3.826904296875
32.177734,2.215576171875,-3.826904296875
32.179688,1.812744140625,-4.229736328125
32.181641,1.20849609375,-4.632568359375
32.183594,0.40283203125,-5.438232421875
32.185547,-0.40283203125,-6.4453125
32.1875,-1.409912109375,-7.452392578125
32.189453,0.201416015625,-7.65380859375
32.191406,-0.604248046875,-8.45947265625
32.193359,-1.20849609375,-9.063720703125
32.195312,-1.611328125,-9.466552734375
32.197266,-1.812744140625,-9.66796875
32.199219,-1.611328125,-9.466552734375
32.201172,0.201416015625,-3.62548828125
32.203125,0.8056640625,-3.021240234375
32.205078,1.611328125,-2.215576171875
32.207031,2.618408203125,-1.20849609375
32.208984,3.424072265625,-0.201416015625
32.210938,4.43115234375,0.604248046875
32.212891,5.23681640625,1.409912109375
32.214844,5.841064453125,2.01416015625
32.216797,6.04248046875,2.215576171875
32.21875,6.243896484375,2.4169921875
32.220703,9.26513671875,11.68212890625
32.222656,8.8623046875,11.077880859375
32.224609,8.056640625,10.4736328125
32.226562,7.2509765625,9.466552734375
32.228516,6.243896484375,8.660888671875
32.230469,5.23681640625,7.65380859375
32.232422,4.43115234375,6.646728515625
32.234375,3.826904296875,6.04248046875
32.236328,3.22265625,5.438232421875
32.238281,3.021240234375,5.23681640625
32.240234,3.021240234375,5.438232421875
32.242188,3.424072265625,5.6396484375
32.244141,4.0283203125,6.243896484375
32.246094,4.833984375,7.049560546875
32.248047,5.6396484375,7.855224609375
32.25,6.646728515625,8.8623046875
32.251953,7.65380859375,9.869384765625
32.253906,8.45947265625,10.675048828125
32.255859,9.063720703125,11.279296875
32.257812,9.466552734375,11.68212890625
32.259766,9.66796875,11.883544921875
32.261719,9.466552734375,11.68212890625
32.263672,9.063720703125,11.279296875
32.265625,8.45947265625,10.675048828125
32.267578,7.65380859375,9.869384765625
32.269531,6.646728515625,8.8623046875
32.271484,5.6396484375,7.855224609375
32.273438,6.646728515625,12.689208984375
32.275391,9.26513671875,25.177001953125
32.277344,8.8623046875,24.57275390625
32.279297,8.45947265625,24.371337890625
32.28125,8.45947265625,24.371337890625
32.283203,8.660888671875,24.57275390625
32.285156,9.063720703125,24.9755859375
32.287109,9.869384765625,25.78125
32.289062,10.675048828125,26.5869140625
32.291016,11.68212890625,27.593994140625
32.292969,12.689208984375,28.60107421875
32.294922,13.494873046875,29.40673828125
32.296875,14.300537109375,30.010986328125
32.298828,18.12744140625,44.71435546875
32.300781,18.328857421875,44.915771484375
32.302734,18.328857421875,44.915771484375
32.304688,17.926025390625,44.512939453125
32.306641,17.32177734375,43.90869140625
32.308594,16.51611328125,43.304443359375
32.310547,15.71044921875,42.29736328125
32.3125,14.703369140625,41.290283203125
32.314453,13.6962890625,40.484619140625
32.316406,12.890625,39.4775390625
32.318359,12.286376953125,38.873291015625
32.320312,11.883544921875,38.470458984375
32.322266,11.68212890625,38.26904296875
32.324219,11.883544921875,38.470458984375
32.326172,12.286376953125,38.873291015625
32.328125,12.890625,39.4775390625
32.330078,13.6962890625,40.484619140625
32.332031,14.703369140625,41.290283203125
32.333984,15.71044921875,42.29736328125
32.335938,16.51611328125,43.304443359375
32.337891,17.32177734375,43.90869140625
32.339844,17.926025390625,44.512939453125
32.341797,18.328857421875,44.915771484375
32.34375,18.328857421875,44.915771484375
32.345703,18.12744140625,44.71435546875
32.347656,17.523193359375,44.3115234375
32.349609,16.9189453125,43.505859375
32.351562,15.911865234375,42.7001953125
32.353516,14.90478515625,41.693115234375
32.355469,14.09912109375,40.68603515625
32.357422,17.32177734375,47.332763671875
32.359375,16.51611328125,46.527099609375
32.361328,16.11328125,46.124267578125
32.363281,15.911865234375,45.721435546875
32.365234,15.911865234375,45.9228515625
32.367188,16.314697265625,46.124267578125
32.369141,16.717529296875,46.728515625
32.371094,17.523193359375,47.5341796875
32.373047,18.5302734375,48.33984375
32.375,21.35009765625,49.1455078125
32.376953,22.357177734375,49.951171875
32.378906,23.162841796875,50.958251953125
32.380859,23.76708984375,51.5625
32.382812,24.169921875,51.96533203125
32.384766,24.371337890625,52.166748046875
32.386719,24.169921875,51.96533203125
32.388672,23.76708984375,51.5625
32.390625,23.162841796875,50.958251953125
32.392578,22.357177734375,49.951171875
32.394531,21.35009765625,49.1455078125
32.396484,22.357177734375,42.095947265625
32.398438,21.35009765625,41.290283203125
32.400391,20.54443359375,40.484619140625
32.402344,20.947265625,26.788330078125
32.404297,20.54443359375,12.0849609375
32.40625,20.54443359375,12.0849609375
32.408203,19.73876953125,-3.62548828125
32.410156,20.1416015625,-3.22265625
32.412109,14.703369140625,-4.833984375
32.414062,15.71044921875,-3.826904296875
32.416016,13.494873046875,6.4453125
32.417969,14.501953125,7.452392578125
32.419922,15.3076171875,8.258056640625
32.421875,16.11328125,8.8623046875
32.423828,16.51611328125,9.466552734375
32.425781,16.717529296875,9.66796875
32.427734,16.717529296875,9.66796875
32.429688,16.51611328125,9.26513671875
32.431641,15.911865234375,8.660888671875
32.433594,15.106201171875,8.056640625
32.435547,14.09912109375,7.049560546875
32.4375,13.29345703125,6.04248046875
32.439453,8.660888671875,19.940185546875
32.441406,7.855224609375,19.134521484375
32.443359,7.2509765625,18.5302734375
32.445312,6.646728515625,18.12744140625
32.447266,6.646728515625,17.926025390625
32.449219,6.646728515625,18.12744140625
32.451172,7.2509765625,18.5302734375
32.453125,7.855224609375,19.134521484375
32.455078,8.660888671875,19.940185546875
32.457031,9.66796875,20.947265625
32.458984,10.4736328125,21.954345703125
32.460938,11.480712890625,22.760009765625
32.462891,12.286376953125,23.565673828125
32.464844,12.890625,24.169921875
32.466797,13.092041015625,24.57275390625
32.46875,13.092041015625,24.57275390625
32.470703,12.890625,24.371337890625
32.472656,12.48779296875,23.76708984375
32.474609,11.68212890625,23.162841796875
32.476562,10.87646484375,22.15576171875
32.478516,9.869384765625,21.35009765625
32.480469,7.2509765625,26.98974609375
32.482422,4.43115234375,33.837890625
32.484375,3.826904296875,33.233642578125
32.486328,3.22265625,32.62939453125
32.488281,3.021240234375,32.427978515625
32.490234,3.021240234375,32.427978515625
32.492188,3.424072265625,32.830810546875
32.494141,4.0283203125,33.43505859375
32.496094,2.81982421875,39.88037109375
32.498047,3.826904296875,40.887451171875
32.5,4.833984375,41.693115234375
32.501953,5.6396484375,42.7001953125
32.503906,6.4453125,43.505859375
32.505859,7.2509765625,44.110107421875
32.507812,7.65380859375,44.512939453125
32.509766,7.65380859375,44.71435546875
32.511719,7.65380859375,44.512939453125
32.513672,7.2509765625,44.110107421875
32.515625,6.4453125,43.505859375
32.517578,5.6396484375,42.7001953125
32.519531,4.833984375,41.693115234375
32.521484,1.007080078125,46.124267578125
32.523438,0.0,45.318603515625
32.525391,-0.8056640625,44.512939453125
32.527344,-1.20849609375,43.90869140625
32.529297,-1.611328125,43.707275390625
32.53125,-1.611328125,43.505859375
32.533203,-1.409912109375,43.707275390625
32.535156,-1.007080078125,44.3115234375
32.537109,-0.201416015625,44.915771484375
32.539062,0.604248046875,45.9228515625
32.541016,1.611328125,46.929931640625
32.542969,2.618408203125,47.735595703125
32.544922,3.424072265625,48.74267578125
32.546875,4.229736328125,49.346923828125
32.548828,4.632568359375,49.951171875
32.550781,4.833984375,50.152587890625
32.552734,4.833984375,50.152587890625
32.554688,4.43115234375,49.749755859375
32.556641,4.0283203125,49.1455078125
32.558594,3.22265625,48.33984375
32.560547,2.215576171875,47.5341796875
32.5625,1.20849609375,46.527099609375
32.564453,0.40283203125,45.52001953125
32.566406,-0.40283203125,44.71435546875
32.568359,-1.20849609375,44.110107421875
32.570312,-1.611328125,43.707275390625
32.572266,-1.611328125,43.505859375
32.574219,-1.611328125,43.707275390625
32.576172,-1.20849609375,44.110107421875
32.578125,-0.40283203125,44.71435546875
32.580078,-4.0283203125,39.88037109375
32.582031,-3.021240234375,40.887451171875
32.583984,-2.215576171875,41.89453125
32.585938,-1.20849609375,42.7001953125
32.587891,-0.40283203125,43.505859375
32.589844,0.201416015625,44.110107421875
32.591797,0.40283203125,44.3115234375
32.59375,0.604248046875,44.512939453125
32.595703,0.201416015625,44.110107421875
32.597656,-0.201416015625,43.707275390625
32.599609,-1.007080078125,42.901611328125
32.601562,-1.812744140625,42.095947265625
32.603516,-2.81982421875,41.0888671875
32.605469,-3.62548828125,40.283203125
32.607422,-4.632568359375,39.276123046875
32.609375,-5.23681640625,38.671875
32.611328,-7.452392578125,26.788330078125
32.613281,-7.65380859375,26.5869140625
32.615234,-7.65380859375,26.5869140625
32.617188,-7.452392578125,26.98974609375
32.619141,-6.84814453125,27.392578125
32.621094,-6.04248046875,28.1982421875
32.623047,-5.035400390625,29.205322265625
32.625,-4.229736328125,30.21240234375
32.626953,-3.22265625,31.01806640625
32.628906,-2.4169921875,31.82373046875
32.630859,-1.812744140625,32.62939453125
32.632812,-1.20849609375,33.0322265625
32.634766,-1.20849609375,33.0322265625
32.636719,-1.20849609375,33.0322265625
32.638672,-1.812744140625,32.62939453125
32.640625,-2.4169921875,31.82373046875
32.642578,-3.22265625,31.01806640625
32.644531,-4.229736328125,30.21240234375
32.646484,-5.035400390625,29.205322265625
32.648438,-6.04248046875,28.1982421875
32.650391,-6.84814453125,27.392578125
32.652344,-7.452392578125,26.98974609375
32.654297,-7.65380859375,26.5869140625
32.65625,-7.65380859375,26.5869140625
32.658203,-7.452392578125,26.788330078125
32.660156,-7.049560546875,27.191162109375
32.662109,-6.243896484375,27.996826171875
32.664062,-5.438232421875,28.802490234375
32.666016,-4.43115234375,29.8095703125
32.667969,-3.424072265625,30.816650390625
32.669922,-2.618408203125,31.622314453125
32.671875,-1.812744140625,32.427978515625
32.673828,-1.409912109375,32.830810546875
32.675781,-1.20849609375,33.0322265625
32.677734,-1.20849609375,33.0322265625
32.679688,0.0,6.646728515625
32.681641,-0.604248046875,6.04248046875
32.683594,-1.409912109375,5.23681640625
32.685547,-2.215576171875,4.43115234375
32.6875,-3.22265625,3.424072265625
32.689453,-4.229736328125,2.4169921875
32.691406,-2.01416015625,-10.4736328125
32.693359,0.604248046875,-7.65380859375
32.695312,0.201416015625,-8.056640625
32.697266,0.0,-8.258056640625
32.699219,5.035400390625,10.675048828125
32.701172,5.438232421875,11.077880859375
32.703125,6.04248046875,11.68212890625
32.705078,6.84814453125,12.48779296875
32.707031,7.855224609375,13.494873046875
32.708984,14.09912109375,36.859130859375
32.710938,20.1416015625,47.5341796875
32.712891,20.947265625,48.138427734375
32.714844,21.551513671875,48.74267578125
32.716797,21.7529296875,49.1455078125
32.71875,21.954345703125,49.1455078125
32.720703,21.551513671875,48.944091796875
32.722656,21.148681640625,48.541259765625
32.724609,20.343017578125,47.735595703125
32.726562,19.537353515625,46.929931640625
32.728516,18.5302734375,45.9228515625
32.730469,17.724609375,44.915771484375
32.732422,16.717529296875,44.110107421875
32.734375,16.11328125,43.304443359375
32.736328,15.509033203125,42.901611328125
32.738281,15.3076171875,42.7001953125
32.740234,15.3076171875,42.7001953125
32.742188,15.71044921875,42.901611328125
32.744141,16.314697265625,43.505859375
32.746094,17.120361328125,44.3115234375
32.748047,17.926025390625,45.318603515625
32.75,18.93310546875,46.32568359375
32.751953,19.940185546875,47.13134765625
32.753906,20.745849609375,47.93701171875
32.755859,21.35009765625,48.74267578125
32.757812,21.7529296875,49.1455078125
32.759766,21.954345703125,49.1455078125
32.761719,21.7529296875,49.1455078125
32.763672,21.35009765625,48.74267578125
32.765625,20.745849609375,47.93701171875
32.767578,19.940185546875,47.13134765625
32.769531,18.93310546875,46.32568359375
32.771484,17.926025390625,45.318603515625
32.773438,17.120361328125,44.3115234375
32.775391,16.314697265625,43.505859375
32.777344,15.71044921875,42.901611328125
32.779297,15.3076171875,42.7001953125
32.78125,15.3076171875,42.7001953125
32.783203,15.509033203125,42.901611328125
32.785156,16.11328125,43.304443359375
32.787109,16.717529296875,44.110107421875
32.789062,17.724609375,44.915771484375
32.791016,18.5302734375,45.9228515625
32.792969,19.537353515625,46.929931640625
32.794922,20.343017578125,47.735595703125
32.796875,21.148681640625,48.541259765625
32.798828,21.551513671875,48.944091796875
32.800781,21.954345703125,49.1455078125
32.802734,21.7529296875,49.1455078125
32.804688,21.551513671875,48.74267578125
32.806641,26.5869140625,31.219482421875
32.808594,25.78125,30.413818359375
32.810547,24.9755859375,29.608154296875
32.8125,23.968505859375,28.60107421875
32.814453,22.96142578125,27.593994140625
32.816406,22.15576171875,26.788330078125
32.818359,20.947265625,19.537353515625
32.820312,20.54443359375,18.93310546875
32.822266,20.343017578125,18.93310546875
32.824219,20.54443359375,18.93310546875
32.826172,20.947265625,19.537353515625
32.828125,21.551513671875,20.1416015625
32.830078,22.357177734375,20.947265625
32.832031,23.3642578125,21.954345703125
32.833984,24.371337890625,22.760009765625
32.835938,25.177001953125,23.76708984375
32.837891,25.982666015625,24.57275390625
32.839844,26.5869140625,25.177001953125
32.841797,26.98974609375,25.37841796875
32.84375,26.98974609375,25.37841796875
32.845703,26.788330078125,25.177001953125
32.847656,26.18408203125,24.774169921875
32.849609,25.579833984375,23.968505859375
32.851562,24.774169921875,8.8623046875
32.853516,23.968505859375,7.855224609375
32.855469,22.15576171875,0.8056640625
32.857422,21.35009765625,-0.201416015625
32.859375,20.54443359375,-0.8056640625
32.861328,19.940185546875,-1.409912109375
32.863281,19.73876953125,-1.611328125
32.865234,15.911865234375,-11.279296875
32.867188,14.90478515625,-8.056640625
32.869141,15.509033203125,-7.452392578125
32.871094,16.314697265625,-6.84814453125
32.873047,17.120361328125,-5.841064453125
32.875,18.12744140625,-4.833984375
32.876953,19.134521484375,-4.0283203125
32.878906,19.940185546875,-3.021240234375
32.880859,20.54443359375,-2.4169921875
32.882812,20.947265625,-2.01416015625
32.884766,21.148681640625,-1.812744140625
32.886719,20.947265625,-2.01416015625
32.888672,20.54443359375,-2.4169921875
32.890625,19.940185546875,-3.021240234375
32.892578,19.134521484375,-4.0283203125
32.894531,18.12744140625,-4.833984375
32.896484,9.26513671875,20.745849609375
32.898438,8.258056640625,19.940185546875
32.900391,7.65380859375,19.134521484375
32.902344,7.049560546875,18.5302734375
32.904297,6.646728515625,18.12744140625
32.90625,6.646728515625,18.12744140625
32.908203,6.84814453125,18.328857421875
32.910156,7.2509765625,18.93310546875
32.912109,8.056640625,19.537353515625
32.914062,8.8623046875,20.54443359375
32.916016,9.869384765625,21.35009765625
32.917969,10.87646484375,22.357177734375
32.919922,9.869384765625,30.615234375
32.921875,10.675048828125,31.4208984375
32.923828,11.279296875,31.82373046875
32.925781,11.480712890625,32.025146484375
32.927734,11.279296875,32.025146484375
32.929688,11.077880859375,31.622314453125
32.931641,10.4736328125,31.219482421875
32.933594,9.66796875,30.413818359375
32.935547,8.8623046875,29.40673828125
32.9375,7.855224609375,28.399658203125
32.939453,6.84814453125,27.593994140625
32.941406,6.04248046875,26.788330078125
32.943359,5.438232421875,25.982666015625
32.945312,5.035400390625,25.579833984375
32.947266,4.833984375,25.579833984375
32.949219,1.20849609375,36.2548828125
32.951172,1.611328125,36.65771484375
32.953125,2.4169921875,37.261962890625
32.955078,3.22265625,38.067626953125
32.957031,4.0283203125,39.07470703125
32.958984,5.035400390625,40.081787109375
32.960938,6.04248046875,40.887451171875
32.962891,6.84814453125,41.693115234375
32.964844,7.2509765625,42.29736328125
32.966797,7.65380859375,42.498779296875
32.96875,7.65380859375,42.7001953125
32.970703,7.452392578125,42.498779296875
32.972656,7.049560546875,41.89453125
32.974609,6.243896484375,41.290283203125
32.976562,5.438232421875,40.283203125
32.978516,4.43115234375,39.276123046875
32.980469,3.424072265625,38.470458984375
32.982422,2.618408203125,37.46337890625
32.984375,1.812744140625,36.859130859375
32.986328,1.409912109375,36.2548828125
32.988281,1.20849609375,36.053466796875
32.990234,1.20849609375,36.053466796875
32.992188,1.611328125,36.456298828125
32.994141,2.01416015625,37.060546875
32.996094,2.81982421875,37.8662109375
32.998047,3.826904296875,38.671875
33.0,4.833984375,39.678955078125
33.001953,0.201416015625,49.54833984375
33.003906,1.007080078125,50.35400390625
33.005859,1.812744140625,51.15966796875
33.007812,2.215576171875,51.5625
33.009766,2.215576171875,51.5625
33.011719,2.215576171875,51.5625
33.013672,1.812744140625,51.15966796875
33.015625,1.007080078125,50.35400390625
33.017578,0.201416015625,49.54833984375
33.019531,-0.604248046875,48.74267578125
33.021484,-1.611328125,47.735595703125
33.023438,-2.618408203125,46.728515625
33.025391,-3.424072265625,45.9228515625
33.027344,-3.826904296875,45.52001953125
33.029297,-4.229736328125,45.1171875
33.03125,-4.229736328125,45.1171875
33.033203,-5.6396484375,35.85205078125
33.035156,-5.23681640625,36.2548828125
33.037109,-4.43115234375,37.060546875
33.039062,-3.62548828125,37.8662109375
33.041016,-2.618408203125,38.873291015625
33.042969,-1.611328125,39.88037109375
33.044922,-0.8056640625,40.68603515625
33.046875,-0.201416015625,41.49169921875
33.048828,-0.8056640625,39.276123046875
33.050781,-0.40283203125,39.4775390625
33.052734,-0.604248046875,39.4775390625
33.054688,-0.8056640625,39.276123046875
33.056641,-1.409912109375,38.671875
33.058594,-2.215576171875,37.8662109375
33.060547,-3.22265625,36.859130859375
33.0625,-4.0283203125,36.053466796875
33.064453,-5.035400390625,35.04638671875
33.066406,-5.841064453125,34.24072265625
33.068359,-6.4453125,33.636474609375
33.070312,-6.84814453125,33.0322265625
33.072266,-7.049560546875,33.0322265625
33.074219,-6.84814453125,33.0322265625
33.076172,-6.4453125,33.636474609375
33.078125,-5.841064453125,34.24072265625
33.080078,-5.035400390625,35.04638671875
33.082031,-4.0283203125,36.053466796875
33.083984,-3.22265625,36.859130859375
33.085938,-2.215576171875,37.8662109375
33.087891,-1.409912109375,38.671875
33.089844,-0.8056640625,39.276123046875
33.091797,-0.604248046875,39.4775390625
33.09375,-0.40283203125,39.4775390625
33.095703,-0.8056640625,39.276123046875
33.097656,-1.20849609375,38.873291015625
33.099609,-2.01416015625,38.067626953125
33.101562,-2.81982421875,37.261962890625
33.103516,-3.826904296875,36.2548828125
33.105469,-4.632568359375,35.247802734375
33.107422,-5.6396484375,34.442138671875
33.109375,-6.243896484375,33.837890625
33.111328,-6.84814453125,33.233642578125
33.113281,-7.049560546875,33.0322265625
33.115234,-7.049560546875,33.0322265625
33.117188,-6.646728515625,33.43505859375
33.119141,-6.04248046875,34.039306640625
33.121094,-5.23681640625,34.6435546875
33.123047,-4.43115234375,35.650634765625
33.125,-3.424072265625,36.65771484375
33.126953,-2.4169921875,37.46337890625
33.128906,-1.611328125,38.470458984375
33.130859,-1.007080078125,39.07470703125
33.132812,-0.604248046875,39.4775390625
33.134766,-0.40283203125,39.678955078125
33.136719,-0.604248046875,39.4775390625
33.138672,-1.007080078125,39.07470703125
33.140625,-1.611328125,38.470458984375
33.142578,-2.4169921875,37.46337890625
33.144531,-3.424072265625,36.65771484375
33.146484,-4.43115234375,35.650634765625
33.148438,-5.841064453125,7.65380859375
33.150391,-6.646728515625,6.84814453125
33.152344,-7.2509765625,6.243896484375
33.154297,-7.65380859375,6.04248046875
33.15625,-7.65380859375,5.841064453125
33.158203,-7.452392578125,6.04248046875
33.160156,-6.84814453125,6.646728515625
33.162109,-6.243896484375,7.2509765625
33.164062,-5.23681640625,8.258056640625
33.166016,-4.43115234375,9.26513671875
33.167969,-3.424072265625,10.07080078125
33.169922,-2.4169921875,11.077880859375
33.171875,-1.812744140625,11.68212890625
33.173828,-1.20849609375,12.286376953125
33.175781,-1.007080078125,12.48779296875
33.177734,-1.007080078125,12.48779296875
33.179688,-1.409912109375,12.0849609375
33.181641,-2.01416015625,11.480712890625
33.183594,-2.81982421875,10.675048828125
33.185547,-3.62548828125,9.869384765625
33.1875,-4.632568359375,8.8623046875
33.189453,-5.6396484375,7.855224609375
33.191406,-6.4453125,7.049560546875
33.193359,-7.049560546875,6.4453125
33.195312,-7.452392578125,6.04248046875
33.197266,-4.632568359375,-13.6962890625
33.199219,-4.632568359375,-13.6962890625
33.201172,-4.229736328125,-13.29345703125
33.203125,-1.611328125,-12.286376953125
33.205078,-0.8056640625,-11.480712890625
33.207031,6.243896484375,6.4453125
33.208984,7.049560546875,7.452392578125
33.210938,8.056640625,8.45947265625
33.212891,8.8623046875,9.26513671875
33.214844,9.466552734375,9.66796875
33.216797,14.90478515625,31.82373046875
33.21875,14.90478515625,31.82373046875
33.220703,14.703369140625,31.622314453125
33.222656,14.09912109375,31.219482421875
33.224609,20.1416015625,50.152587890625
33.226562,19.3359375,49.1455078125
33.228516,18.328857421875,48.33984375
33.230469,17.32177734375,47.332763671875
33.232422,16.51611328125,46.32568359375
33.234375,15.911865234375,45.721435546875
33.236328,15.3076171875,45.1171875
33.238281,19.134521484375,42.095947265625
33.240234,19.134521484375,42.095947265625
33.242188,19.3359375,42.498779296875
33.244141,19.940185546875,43.10302734375
33.246094,20.745849609375,43.707275390625
33.248047,21.7529296875,44.71435546875
33.25,22.55859375,45.721435546875
33.251953,23.565673828125,46.527099609375
33.253906,24.371337890625,47.5341796875
33.255859,25.177001953125,48.138427734375
33.257812,25.579833984375,48.541259765625
33.259766,25.579833984375,48.74267578125
33.261719,25.579833984375,48.541259765625
33.263672,25.177001953125,48.138427734375
33.265625,24.371337890625,47.5341796875
33.267578,23.565673828125,46.527099609375
33.269531,22.55859375,45.721435546875
33.271484,21.7529296875,44.71435546875
33.273438,20.745849609375,43.707275390625
33.275391,19.940185546875,43.10302734375
33.277344,19.3359375,42.498779296875
33.279297,19.134521484375,42.095947265625
33.28125,19.134521484375,42.095947265625
33.283203,19.3359375,42.29736328125
33.285156,19.73876953125,42.901611328125
33.287109,20.54443359375,43.505859375
33.289062,21.35009765625,44.3115234375
33.291016,22.357177734375,45.318603515625
33.292969,23.3642578125,46.32568359375
33.294922,24.169921875,47.13134765625
33.296875,24.9755859375,47.93701171875
33.298828,25.37841796875,48.33984375
33.300781,25.579833984375,48.74267578125
33.302734,25.579833984375,48.541259765625
33.304688,25.177001953125,48.33984375
33.306641,24.57275390625,47.735595703125
33.308594,23.968505859375,46.929931640625
33.310547,22.96142578125,45.9228515625
33.3125,21.954345703125,45.1171875
33.314453,21.148681640625,44.110107421875
33.316406,20.1416015625,43.304443359375
33.318359,21.551513671875,19.3359375
33.320312,21.148681640625,18.93310546875
33.322266,20.947265625,18.731689453125
33.324219,21.148681640625,18.93310546875
33.326172,21.551513671875,19.3359375
33.328125,22.15576171875,19.940185546875
33.330078,22.96142578125,20.745849609375
33.332031,23.968505859375,21.7529296875
33.333984,24.9755859375,22.760009765625
33.335938,25.78125,23.565673828125
33.337891,26.5869140625,24.371337890625
33.339844,26.98974609375,9.869384765625
33.341797,27.191162109375,10.272216796875
33.34375,27.392578125,10.272216796875
33.345703,27.191162109375,10.07080078125
33.347656,26.5869140625,9.66796875
33.349609,25.982666015625,8.8623046875
33.351562,24.9755859375,8.056640625
33.353516,23.968505859375,7.049560546875
33.355469,23.162841796875,6.04248046875
33.357422,22.15576171875,5.23681640625
33.359375,21.551513671875,4.43115234375
33.361328,20.947265625,4.0283203125
33.363281,20.745849609375,3.826904296875
33.365234,20.745849609375,3.826904296875
33.367188,21.148681640625,4.229736328125
33.369141,21.7529296875,4.632568359375
33.371094,22.55859375,5.438232421875
33.373047,23.3642578125,6.4453125
33.375,24.371337890625,7.452392578125
33.376953,25.37841796875,8.258056640625
33.378906,26.18408203125,9.063720703125
33.380859,26.788330078125,9.869384765625
33.382812,27.191162109375,10.272216796875
33.384766,27.392578125,10.272216796875
33.386719,27.191162109375,10.272216796875
33.388672,26.788330078125,9.869384765625
33.390625,26.18408203125,9.063720703125
33.392578,21.7529296875,-6.646728515625
33.394531,20.745849609375,-7.452392578125
33.396484,19.73876953125,-8.45947265625
33.398438,18.93310546875,-9.466552734375
33.400391,18.12744140625,-10.272216796875
33.402344,17.523193359375,-10.675048828125
33.404297,17.120361328125,-11.077880859375
33.40625,17.120361328125,-11.077880859375
33.408203,17.32177734375,-10.87646484375
33.410156,17.926025390625,-10.4736328125
33.412109,18.5302734375,-9.66796875
33.414062,19.537353515625,-8.8623046875
33.416016,20.343017578125,-7.855224609375
33.417969,21.35009765625,-6.84814453125
33.419922,22.15576171875,-6.04248046875
33.421875,22.96142578125,-5.23681640625
33.423828,23.565673828125,-4.833984375
33.425781,23.76708984375,-4.632568359375
33.427734,23.565673828125,-4.632568359375
33.429688,23.3642578125,-5.035400390625
33.431641,22.760009765625,-5.438232421875
33.433594,21.954345703125,-6.243896484375
33.435547,21.148681640625,-7.2509765625
33.4375,20.1416015625,-8.258056640625
33.439453,19.134521484375,-9.063720703125
33.441406,18.328857421875,-9.869384765625
33.443359,15.106201171875,-7.452392578125
33.445312,13.494873046875,-4.833984375
33.447266,13.494873046875,-5.035400390625
33.449219,13.494873046875,-4.833984375
33.451172,14.09912109375,-4.43115234375
33.453125,7.855224609375,19.3359375
33.455078,8.660888671875,20.1416015625
33.457031,5.841064453125,34.24072265625
33.458984,6.84814453125,35.247802734375
33.460938,4.632568359375,45.721435546875
33.462891,5.438232421875,46.527099609375
33.464844,5.841064453125,47.13134765625
33.466797,0.604248046875,49.54833984375
33.46875,0.8056640625,49.54833984375
33.470703,0.604248046875,49.346923828125
33.472656,0.0,48.944091796875
33.474609,-0.604248046875,48.138427734375
33.476562,-1.611328125,47.332763671875
33.478516,-3.424072265625,34.442138671875
33.480469,-4.43115234375,33.43505859375
33.482422,-5.23681640625,32.62939453125
33.484375,-6.04248046875,31.82373046875
33.486328,-6.4453125,31.4208984375
33.488281,-6.646728515625,31.219482421875
33.490234,-6.646728515625,31.219482421875
33.492188,-6.4453125,31.4208984375
33.494141,-5.841064453125,32.025146484375
33.496094,-5.438232421875,20.343017578125
33.498047,-4.43115234375,21.35009765625
33.5,-3.424072265625,22.357177734375
33.501953,-2.618408203125,23.162841796875
33.503906,-1.812744140625,24.169921875
33.505859,-1.007080078125,24.774169921875
33.507812,-0.604248046875,25.177001953125
33.509766,-0.604248046875,25.37841796875
33.511719,-0.604248046875,25.177001953125
33.513672,-1.007080078125,24.774169921875
33.515625,-1.812744140625,24.169921875
33.517578,-2.618408203125,23.162841796875
33.519531,-3.826904296875,14.90478515625
33.521484,-4.833984375,13.897705078125
33.523438,-5.6396484375,13.092041015625
33.525391,-6.4453125,12.286376953125
33.527344,-7.049560546875,11.68212890625
33.529297,-7.2509765625,11.279296875
33.53125,-7.452392578125,11.279296875
33.533203,-7.2509765625,11.480712890625
33.535156,-6.646728515625,12.0849609375
33.537109,-5.841064453125,12.689208984375
33.539062,-5.035400390625,13.6962890625
33.541016,-4.0283203125,14.501953125
33.542969,-3.22265625,15.509033203125
33.544922,-2.215576171875,16.314697265625
33.546875,-1.611328125,17.120361328125
33.548828,-1.007080078125,17.523193359375
33.550781,-0.8056640625,17.926025390625
33.552734,-0.8056640625,17.724609375
33.554688,-1.20849609375,17.523193359375
33.556641,-1.812744140625,16.9189453125
33.558594,-2.618408203125,16.11328125
33.560547,-3.424072265625,15.3076171875
33.5625,-4.43115234375,14.300537109375
33.564453,-5.438232421875,13.29345703125
33.566406,-6.243896484375,12.48779296875
33.568359,-6.84814453125,11.883544921875
33.570312,-7.2509765625,11.480712890625
33.572266,-5.841064453125,-5.6396484375
33.574219,-5.035400390625,-8.056640625
33.576172,-4.632568359375,-7.65380859375
33.578125,-4.0283203125,-7.049560546875
33.580078,-3.22265625,-6.243896484375
33.582031,-2.215576171875,-5.23681640625
33.583984,-1.20849609375,-4.229736328125
33.585938,-0.40283203125,-3.424072265625
33.587891,3.826904296875,-6.4453125
33.589844,4.43115234375,-5.841064453125
33.591797,4.833984375,-5.6396484375
33.59375,4.833984375,-5.438232421875
33.595703,4.632568359375,-5.6396484375
33.597656,4.0283203125,-6.243896484375
33.599609,3.424072265625,-7.049560546875
33.601562,2.618408203125,-7.855224609375
33.603516,1.611328125,-8.8623046875
33.605469,0.604248046875,-9.66796875
33.607422,-0.201416015625,-10.675048828125
33.609375,-1.007080078125,-11.279296875
33.611328,-1.409912109375,-11.883544921875
33.613281,-1.611328125,-12.0849609375
33.615234,-1.611328125,-12.0849609375
33.617188,-1.409912109375,-11.68212890625
33.619141,-0.8056640625,-11.077880859375
33.621094,0.0,-10.272216796875
33.623047,1.007080078125,-9.466552734375
33.625,1.812744140625,-8.45947265625
33.626953,2.81982421875,-7.452392578125
33.628906,3.62548828125,-6.646728515625
33.630859,4.229736328125,-6.04248046875
33.632812,4.632568359375,-5.6396484375
33.634766,4.833984375,-5.438232421875
33.636719,4.632568359375,-5.6396484375
33.638672,4.229736328125,-6.04248046875
33.640625,3.62548828125,-6.646728515625
33.642578,2.81982421875,-7.452392578125
33.644531,1.812744140625,-8.45947265625
33.646484,1.007080078125,-9.466552734375
33.648438,0.0,-10.272216796875
33.650391,-0.8056640625,-11.077880859375
33.652344,-1.409912109375,-11.68212890625
33.654297,-1.611328125,-12.0849609375
33.65625,-1.611328125,-12.0849609375
33.658203,-1.409912109375,-11.883544921875
33.660156,-1.007080078125,-11.279296875
33.662109,6.243896484375,12.689208984375
33.664062,7.2509765625,13.6962890625
33.666016,8.258056640625,14.703369140625
33.667969,12.689208984375,29.608154296875
33.669922,21.551513671875,48.541259765625
33.671875,23.968505859375,48.944091796875
33.673828,24.57275390625,49.346923828125
33.675781,24.774169921875,49.54833984375
33.677734,24.57275390625,49.54833984375
33.679688,24.371337890625,49.1455078125
33.681641,23.76708984375,48.541259765625
33.683594,22.96142578125,47.93701171875
33.685547,22.15576171875,46.929931640625
33.6875,23.968505859375,29.00390625
33.689453,23.162841796875,27.996826171875
33.691406,22.357177734375,27.191162109375
33.693359,21.551513671875,26.5869140625
33.695312,21.148681640625,26.18408203125
33.697266,20.947265625,18.731689453125
33.699219,21.148681640625,18.93310546875
33.701172,21.551513671875,19.3359375
33.703125,22.15576171875,19.940185546875
33.705078,22.96142578125,20.947265625
33.707031,23.968505859375,21.7529296875
33.708984,24.9755859375,22.760009765625
33.710938,25.78125,23.76708984375
33.712891,26.5869140625,24.371337890625
33.714844,27.191162109375,24.9755859375
33.716797,27.593994140625,25.37841796875
33.71875,27.593994140625,25.37841796875
33.720703,27.392578125,25.177001953125
33.722656,26.788330078125,24.57275390625
33.724609,26.18408203125,23.968505859375
33.726562,25.177001953125,23.162841796875
33.728516,24.371337890625,22.15576171875
33.730469,23.3642578125,21.148681640625
33.732422,22.357177734375,20.343017578125
33.734375,21.7529296875,19.537353515625
33.736328,21.148681640625,19.134521484375
33.738281,20.947265625,18.93310546875
33.740234,19.73876953125,0.201416015625
33.742188,20.1416015625,0.40283203125
33.744141,20.745849609375,1.007080078125
33.746094,21.551513671875,1.812744140625
33.748047,22.357177734375,2.81982421875
33.75,23.3642578125,3.62548828125
33.751953,24.371337890625,4.632568359375
33.753906,25.177001953125,5.438232421875
33.755859,25.78125,6.04248046875
33.757812,26.18408203125,6.4453125
33.759766,26.385498046875,6.646728515625
33.761719,26.18408203125,6.4453125
33.763672,25.78125,6.04248046875
33.765625,25.177001953125,5.438232421875
33.767578,24.371337890625,4.632568359375
33.769531,23.3642578125,3.62548828125
33.771484,22.357177734375,2.81982421875
33.773438,21.551513671875,1.812744140625
33.775391,20.745849609375,1.007080078125
33.777344,20.1416015625,0.40283203125
33.779297,19.73876953125,0.201416015625
33.78125,19.73876953125,0.201416015625
33.783203,18.12744140625,-11.279296875
33.785156,17.32177734375,-9.66796875
33.787109,17.926025390625,-8.8623046875
33.789062,18.731689453125,-8.056640625
33.791016,19.73876953125,-7.049560546875
33.792969,20.745849609375,-6.04248046875
33.794922,21.551513671875,-5.23681640625
33.796875,22.357177734375,-4.43115234375
33.798828,22.760009765625,-4.0283203125
33.800781,23.162841796875,-3.826904296875
33.802734,22.96142578125,-3.826904296875
33.804688,22.760009765625,-4.229736328125
33.806641,22.15576171875,-4.833984375
33.808594,21.35009765625,-5.438232421875
33.810547,20.343017578125,-6.4453125
33.8125,19.537353515625,-7.452392578125
33.814453,18.5302734375,-8.258056640625
33.816406,17.724609375,-9.26513671875
33.818359,17.120361328125,-9.869384765625
33.820312,16.717529296875,-10.272216796875
33.822266,16.51611328125,-10.4736328125
33.824219,16.717529296875,-10.272216796875
33.826172,17.120361328125,-9.869384765625
33.828125,17.724609375,-9.26513671875
33.830078,18.5302734375,-8.258056640625
33.832031,19.537353515625,-7.452392578125
33.833984,20.343017578125,-6.4453125
33.835938,21.35009765625,-5.438232421875
33.837891,22.15576171875,-4.833984375
33.839844,22.760009765625,-4.229736328125
33.841797,22.96142578125,-3.826904296875
33.84375,23.162841796875,-3.826904296875
33.845703,22.760009765625,-4.0283203125
33.847656,22.357177734375,-4.43115234375
33.849609,21.551513671875,-5.23681640625
33.851562,20.745849609375,-6.04248046875
33.853516,19.73876953125,-7.049560546875
33.855469,17.120361328125,-6.84814453125
33.857422,11.68212890625,6.04248046875
33.859375,10.87646484375,5.23681640625
33.861328,10.4736328125,4.833984375
33.863281,10.07080078125,4.632568359375
33.865234,10.272216796875,4.632568359375
33.867188,8.8623046875,11.68212890625
33.869141,9.26513671875,12.286376953125
33.871094,10.07080078125,13.092041015625
33.873047,11.077880859375,13.897705078125
33.875,12.0849609375,14.90478515625
33.876953,12.890625,15.911865234375
33.878906,13.6962890625,16.717529296875
33.880859,14.501953125,17.32177734375
33.882812,14.90478515625,17.724609375
33.884766,14.90478515625,17.926025390625
33.886719,14.90478515625,17.724609375
33.888672,14.501953125,17.32177734375
33.890625,13.6962890625,16.717529296875
33.892578,12.890625,15.911865234375
33.894531,12.0849609375,14.90478515625
33.896484,7.452392578125,27.79541015625
33.898438,6.646728515625,26.788330078125
33.900391,5.841064453125,26.18408203125
33.902344,5.23681640625,25.579833984375
33.904297,4.833984375,25.177001953125
33.90625,4.833984375,25.177001953125
33.908203,5.035400390625,25.37841796875
33.910156,5.6396484375,25.78125
33.912109,6.243896484375,26.5869140625
33.914062,7.2509765625,27.392578125
33.916016,8.056640625,28.399658203125
33.917969,7.452392578125,36.859130859375
33.919922,8.258056640625,37.664794921875
33.921875,9.063720703125,38.470458984375
33.923828,9.466552734375,38.873291015625
33.925781,9.66796875,39.276123046875
33.927734,9.66796875,39.07470703125
33.929688,9.26513671875,38.873291015625
33.931641,8.660888671875,38.26904296875
33.933594,8.056640625,37.46337890625
33.935547,7.049560546875,36.456298828125
33.9375,6.04248046875,35.650634765625
33.939453,5.23681640625,34.6435546875
33.941406,4.229736328125,33.837890625
33.943359,3.62548828125,33.233642578125
33.945312,3.22265625,32.830810546875
33.947266,3.22265625,32.62939453125
33.949219,3.22265625,32.830810546875
33.951172,3.62548828125,33.233642578125
33.953125,4.229736328125,33.837890625
33.955078,5.23681640625,34.6435546875
33.957031,6.04248046875,35.650634765625
33.958984,7.049560546875,36.456298828125
33.960938,8.056640625,37.46337890625
33.962891,8.660888671875,38.26904296875
33.964844,9.26513671875,38.873291015625
33.966797,9.66796875,39.07470703125
33.96875,9.66796875,39.276123046875
33.970703,9.466552734375,38.873291015625
33.972656,9.063720703125,38.470458984375
33.974609,8.258056640625,37.664794921875
33.976562,4.0283203125,47.13134765625
33.978516,-0.201416015625,49.1455078125
33.980469,-1.20849609375,48.33984375
33.982422,-2.81982421875,47.735595703125
33.984375,-3.62548828125,47.13134765625
33.986328,-4.0283203125,46.527099609375
33.988281,-4.229736328125,46.32568359375
33.990234,-4.229736328125,46.32568359375
33.992188,-4.0283203125,46.728515625
33.994141,-5.6396484375,26.5869140625
33.996094,-5.438232421875,13.29345703125
33.998047,-4.632568359375,14.09912109375
34.0,-2.81982421875,-3.62548828125
34.001953,-1.812744140625,-2.81982421875
34.003906,-1.007080078125,-2.01416015625
34.005859,2.4169921875,-3.826904296875
34.007812,3.021240234375,-3.424072265625
34.009766,7.855224609375,4.0283203125
34.011719,7.65380859375,3.826904296875
34.013672,7.2509765625,3.424072265625
34.015625,6.646728515625,2.81982421875
34.017578,5.6396484375,2.01416015625
34.019531,4.833984375,1.007080078125
34.021484,3.826904296875,0.0
34.023438,2.81982421875,-0.8056640625
34.025391,2.215576171875,-1.611328125
34.027344,1.611328125,-2.215576171875
34.029297,1.20849609375,-2.618408203125
34.03125,1.20849609375,-2.618408203125
34.033203,1.409912109375,-2.4169921875
34.035156,1.812744140625,-1.812744140625
34.037109,2.618408203125,-1.20849609375
34.039062,3.424072265625,-0.201416015625
34.041016,4.43115234375,0.604248046875
34.042969,5.438232421875,1.611328125
34.044922,6.243896484375,2.618408203125
34.046875,7.049560546875,3.22265625
34.048828,7.452392578125,3.826904296875
34.050781,7.65380859375,4.0283203125
34.052734,7.65380859375,3.826904296875
34.054688,7.452392578125,3.62548828125
34.056641,6.84814453125,3.021240234375
34.058594,6.04248046875,2.215576171875
34.060547,5.035400390625,1.409912109375
34.0625,4.229736328125,0.40283203125
34.064453,3.22265625,-0.604248046875
34.066406,2.4169921875,-1.409912109375
34.068359,1.611328125,-2.01416015625
34.070312,1.20849609375,-2.4169921875
34.072266,1.20849609375,-2.618408203125
34.074219,12.0849609375,38.671875
34.076172,12.48779296875,39.07470703125
34.078125,13.092041015625,39.678955078125
34.080078,13.897705078125,40.484619140625
34.082031,14.90478515625,41.49169921875
34.083984,15.911865234375,42.498779296875
34.085938,16.717529296875,43.304443359375
34.087891,17.523193359375,44.110107421875
34.089844,18.12744140625,44.71435546875
34.091797,18.5302734375,45.1171875
34.09375,18.5302734375,45.1171875
34.095703,19.940185546875,48.33984375
34.097656,19.537353515625,47.93701171875
34.099609,18.731689453125,47.13134765625
34.101562,17.926025390625,46.32568359375
34.103516,16.9189453125,45.318603515625
34.105469,15.911865234375,44.512939453125
34.107422,15.106201171875,43.505859375
34.109375,14.300537109375,42.901611328125
34.111328,13.897705078125,42.29736328125
34.113281,13.6962890625,42.095947265625
34.115234,13.6962890625,42.095947265625
34.117188,14.09912109375,42.498779296875
34.119141,14.501953125,43.10302734375
34.121094,15.3076171875,43.90869140625
34.123047,16.314697265625,44.71435546875
34.125,17.32177734375,45.721435546875
34.126953,18.12744140625,46.728515625
34.128906,18.93310546875,47.5341796875
34.130859,19.73876953125,48.138427734375
34.132812,20.1416015625,48.541259765625
34.134766,20.1416015625,48.74267578125
34.136719,20.1416015625,48.541259765625
34.138672,19.73876953125,48.138427734375
34.140625,18.93310546875,47.5341796875
34.142578,18.12744140625,46.728515625
34.144531,17.32177734375,45.721435546875
34.146484,16.314697265625,44.71435546875
34.148438,15.3076171875,43.90869140625
34.150391,14.501953125,43.10302734375
34.152344,14.09912109375,42.498779296875
34.154297,13.6962890625,42.095947265625
34.15625,13.6962890625,42.095947265625
34.158203,13.897705078125,42.29736328125
34.160156,14.300537109375,42.901611328125
34.162109,15.106201171875,43.505859375
34.164062,15.911865234375,44.512939453125
34.166016,16.9189453125,45.318603515625
34.167969,17.926025390625,46.32568359375
34.169922,18.731689453125,47.13134765625
34.171875,19.537353515625,47.93701171875
34.173828,24.774169921875,45.721435546875
34.175781,25.177001953125,46.124267578125
34.177734,24.9755859375,45.9228515625
34.179688,24.774169921875,45.721435546875
34.181641,25.37841796875,42.095947265625
34.183594,25.78125,23.3642578125
34.185547,24.9755859375,22.55859375
34.1875,22.55859375,-3.22265625
34.189453,21.551513671875,-4.229736328125
34.191406,17.523193359375,-11.077880859375
34.193359,16.717529296875,-11.68212890625
34.195312,16.314697265625,-12.0849609375
34.197266,16.314697265625,-12.286376953125
34.199219,12.0849609375,-2.4169921875
34.201172,12.48779296875,-2.01416015625
34.203125,13.092041015625,-1.20849609375
34.205078,13.897705078125,-0.40283203125
34.207031,14.90478515625,0.40283203125
34.208984,12.286376953125,15.106201171875
34.210938,13.092041015625,16.11328125
34.212891,13.897705078125,16.9189453125
34.214844,14.501953125,17.32177734375
34.216797,14.90478515625,17.724609375
34.21875,14.90478515625,17.724609375
34.220703,14.703369140625,17.523193359375
34.222656,14.09912109375,17.120361328125
34.224609,13.494873046875,16.314697265625
34.226562,12.48779296875,15.509033203125
34.228516,11.68212890625,14.501953125
34.230469,10.675048828125,13.494873046875
34.232422,9.869384765625,12.689208984375
34.234375,9.063720703125,11.883544921875
34.236328,8.45947265625,11.480712890625
34.238281,8.258056640625,11.279296875
34.240234,8.45947265625,11.279296875
34.242188,8.660888671875,11.68212890625
34.244141,9.26513671875,12.0849609375
34.246094,10.07080078125,12.890625
34.248047,10.87646484375,13.897705078125
34.25,11.883544921875,14.90478515625
34.251953,12.890625,15.71044921875
34.253906,13.6962890625,16.51611328125
34.255859,14.300537109375,17.32177734375
34.257812,14.703369140625,17.724609375
34.259766,14.90478515625,17.724609375
34.261719,14.703369140625,17.724609375
34.263672,14.300537109375,17.32177734375
34.265625,13.6962890625,16.51611328125
34.267578,12.890625,15.71044921875
34.269531,11.883544921875,14.90478515625
34.271484,10.87646484375,13.897705078125
34.273438,10.07080078125,12.890625
34.275391,9.26513671875,12.0849609375
34.277344,3.62548828125,31.01806640625
34.279297,3.22265625,30.615234375
34.28125,3.22265625,30.615234375
34.283203,3.424072265625,30.816650390625
34.285156,4.0283203125,31.4208984375
34.287109,4.632568359375,32.025146484375
34.289062,5.6396484375,33.0322265625
34.291016,6.646728515625,33.837890625
34.292969,7.452392578125,34.844970703125
34.294922,8.45947265625,35.85205078125
34.296875,9.063720703125,36.456298828125
34.298828,9.66796875,37.060546875
34.300781,9.869384765625,37.261962890625
34.302734,9.869384765625,37.261962890625
34.304688,9.466552734375,36.859130859375
34.306641,8.8623046875,36.2548828125
34.308594,8.056640625,35.44921875
34.310547,7.2509765625,34.6435546875
34.3125,6.243896484375,33.636474609375
34.314453,5.23681640625,32.62939453125
34.316406,4.43115234375,31.82373046875
34.318359,3.826904296875,31.219482421875
34.320312,-1.20849609375,42.498779296875
34.322266,-1.409912109375,42.29736328125
34.324219,-1.20849609375,42.498779296875
34.326172,-0.8056640625,42.901611328125
34.328125,-0.201416015625,43.505859375
34.330078,0.604248046875,44.3115234375
34.332031,1.611328125,45.318603515625
34.333984,2.618408203125,46.32568359375
34.335938,3.424072265625,47.13134765625
34.337891,4.229736328125,47.93701171875
34.339844,4.833984375,48.541259765625
34.341797,5.23681640625,48.944091796875
34.34375,5.23681640625,48.944091796875
34.345703,5.035400390625,48.74267578125
34.347656,4.43115234375,48.138427734375
34.349609,3.826904296875,47.5341796875
34.351562,2.81982421875,46.728515625
34.353516,2.01416015625,45.721435546875
34.355469,1.007080078125,44.71435546875
34.357422,-4.0283203125,43.304443359375
34.359375,-4.833984375,42.498779296875
34.361328,-5.23681640625,42.095947265625
34.363281,-5.438232421875,41.89453125
34.365234,-5.438232421875,41.89453125
34.367188,-5.23681640625,42.095947265625
34.369141,-4.833984375,37.664794921875
34.371094,-4.0283203125,38.470458984375
34.373047,-3.22265625,39.276123046875
34.375,-2.215576171875,40.283203125
34.376953,-1.20849609375,41.290283203125
34.378906,-0.40283203125,42.095947265625
34.380859,0.201416015625,42.7001953125
34.382812,0.604248046875,43.10302734375
34.384766,0.8056640625,43.304443359375
34.386719,0.604248046875,43.10302734375
34.388672,0.201416015625,42.7001953125
34.390625,-0.40283203125,42.095947265625
34.392578,-1.20849609375,41.290283203125
34.394531,-2.215576171875,40.283203125
34.396484,-3.22265625,39.276123046875
34.398438,-4.0283203125,38.470458984375
34.400391,-4.833984375,37.664794921875
34.402344,-5.438232421875,37.060546875
34.404297,-5.841064453125,36.859130859375
34.40625,-5.841064453125,36.65771484375
34.408203,-5.6396484375,36.859130859375
34.410156,-5.035400390625,37.46337890625
34.412109,-4.43115234375,38.26904296875
34.414062,-3.424072265625,39.07470703125
34.416016,-3.424072265625,29.40673828125
34.417969,-2.81982421875,23.162841796875
34.419922,-1.812744140625,23.968505859375
34.421875,-0.8056640625,3.021240234375
34.423828,2.215576171875,-6.646728515625
34.425781,2.4169921875,-6.243896484375
34.427734,2.4169921875,-6.4453125
34.429688,9.26513671875,9.66796875
34.431641,8.660888671875,9.26513671875
34.433594,7.855224609375,8.45947265625
34.435547,7.049560546875,7.452392578125
34.4375,6.04248046875,6.4453125
34.439453,5.035400390625,5.6396484375
34.441406,4.229736328125,4.833984375
34.443359,3.62548828125,4.0283203125
34.445312,3.22265625,3.62548828125
34.447266,3.021240234375,3.62548828125
34.449219,3.22265625,3.62548828125
34.451172,3.62548828125,4.0283203125
34.453125,4.229736328125,4.833984375
34.455078,5.035400390625,5.6396484375
34.457031,6.04248046875,6.4453125
34.458984,7.049560546875,7.452392578125
34.460938,7.855224609375,8.45947265625
34.462891,10.4736328125,16.717529296875
34.464844,16.11328125,36.65771484375
34.466797,16.51611328125,37.060546875
34.46875,16.51611328125,37.060546875
34.470703,16.314697265625,36.859130859375
34.472656,15.911865234375,36.2548828125
34.474609,15.106201171875,35.650634765625
34.476562,14.300537109375,34.6435546875
34.478516,13.29345703125,33.837890625
34.480469,12.286376953125,32.830810546875
34.482422,11.480712890625,32.025146484375
34.484375,10.675048828125,31.219482421875
34.486328,10.272216796875,30.816650390625
34.488281,10.07080078125,30.413818359375
34.490234,10.07080078125,30.615234375
34.492188,10.4736328125,30.816650390625
34.494141,10.87646484375,31.4208984375
34.496094,11.68212890625,32.2265625
34.498047,12.689208984375,33.0322265625
34.5,13.6962890625,34.039306640625
34.501953,14.501953125,35.04638671875
34.503906,18.93310546875,48.74267578125
34.505859,19.73876953125,49.346923828125
34.507812,20.1416015625,49.749755859375
34.509766,20.1416015625,49.951171875
34.511719,20.1416015625,49.749755859375
34.513672,20.745849609375,52.3681640625
34.515625,20.1416015625,51.763916015625
34.517578,19.3359375,50.958251953125
34.519531,18.328857421875,49.951171875
34.521484,17.32177734375,48.944091796875
34.523438,16.51611328125,48.138427734375
34.525391,15.71044921875,47.332763671875
34.527344,15.106201171875,46.728515625
34.529297,14.703369140625,46.32568359375
34.53125,14.703369140625,46.32568359375
34.533203,14.90478515625,46.527099609375
34.535156,15.509033203125,47.13134765625
34.537109,16.11328125,47.735595703125
34.539062,17.120361328125,48.74267578125
34.541016,18.12744140625,49.54833984375
34.542969,18.93310546875,50.555419921875
34.544922,19.940185546875,51.361083984375
34.546875,20.54443359375,52.166748046875
34.548828,21.148681640625,52.569580078125
34.550781,21.35009765625,52.972412109375
34.552734,21.35009765625,52.77099609375
34.554688,20.947265625,52.569580078125
34.556641,20.343017578125,51.96533203125
34.558594,19.537353515625,51.15966796875
34.560547,18.731689453125,50.35400390625
34.5625,17.724609375,49.346923828125
34.564453,22.357177734375,34.442138671875
34.566406,21.551513671875,33.636474609375
34.568359,20.745849609375,33.0322265625
34.570312,20.343017578125,32.427978515625
34.572266,20.343017578125,32.427978515625
34.574219,20.343017578125,32.427978515625
34.576172,20.745849609375,33.0322265625
34.578125,21.148681640625,27.593994140625
34.580078,21.954345703125,28.399658203125
34.582031,22.96142578125,29.40673828125
34.583984,23.968505859375,30.413818359375
34.585938,24.774169921875,31.219482421875
34.587891,25.579833984375,32.025146484375
34.589844,26.18408203125,32.62939453125
34.591797,26.5869140625,33.0322265625
34.59375,26.5869140625,33.0322265625
34.595703,26.385498046875,32.830810546875
34.597656,25.78125,32.2265625
34.599609,25.177001953125,31.622314453125
34.601562,24.371337890625,30.615234375
34.603516,23.3642578125,29.608154296875
34.605469,22.357177734375,28.802490234375
34.607422,21.551513671875,27.79541015625
34.609375,20.745849609375,27.191162109375
34.611328,20.343017578125,26.5869140625
34.613281,19.940185546875,26.385498046875
34.615234,20.1416015625,26.385498046875
34.617188,20.343017578125,26.788330078125
34.619141,20.947265625,27.392578125
34.621094,21.7529296875,28.1982421875
34.623047,22.760009765625,29.00390625
34.625,23.565673828125,30.010986328125
34.626953,24.57275390625,31.01806640625
34.628906,25.37841796875,31.82373046875
34.630859,25.982666015625,32.427978515625
34.632812,26.385498046875,32.830810546875
34.634766,26.5869140625,33.0322265625
34.636719,26.385498046875,32.830810546875
34.638672,25.982666015625,32.427978515625
34.640625,25.37841796875,31.82373046875
34.642578,24.57275390625,31.01806640625
34.644531,23.565673828125,30.010986328125
34.646484,22.760009765625,29.00390625
34.648438,21.7529296875,28.1982421875
34.650391,20.947265625,27.392578125
34.652344,20.343017578125,26.788330078125
34.654297,20.1416015625,26.385498046875
34.65625,19.3359375,-7.855224609375
34.658203,19.537353515625,-7.65380859375
34.660156,18.731689453125,-6.243896484375
34.662109,15.106201171875,-3.22265625
34.664062,15.911865234375,-2.4169921875
34.666016,13.29345703125,6.84814453125
34.667969,14.300537109375,7.65380859375
34.669922,5.23681640625,44.915771484375
34.671875,5.841064453125,45.721435546875
34.673828,6.4453125,46.124267578125
34.675781,6.646728515625,46.32568359375
34.677734,6.646728515625,46.32568359375
34.679688,6.243896484375,46.124267578125
34.681641,3.62548828125,49.346923828125
34.683594,2.81982421875,48.541259765625
34.685547,1.812744140625,47.735595703125
34.6875,1.007080078125,46.728515625
34.689453,0.0,45.721435546875
34.691406,-0.8056640625,44.915771484375
34.693359,-1.409912109375,44.3115234375
34.695312,-5.6396484375,38.26904296875
34.697266,-5.6396484375,38.26904296875
34.699219,-5.6396484375,38.26904296875
34.701172,-5.23681640625,38.671875
34.703125,-4.43115234375,39.4775390625
34.705078,-3.62548828125,40.283203125
34.707031,-2.81982421875,41.0888671875
34.708984,-1.812744140625,42.095947265625
34.710938,-0.8056640625,43.10302734375
34.712891,-0.201416015625,43.90869140625
34.714844,0.40283203125,44.3115234375
34.716797,0.8056640625,44.71435546875
34.71875,0.8056640625,44.71435546875
34.720703,0.604248046875,44.512939453125
34.722656,0.201416015625,44.110107421875
34.724609,-0.604248046875,43.304443359375
34.726562,-1.409912109375,42.498779296875
34.728516,-2.4169921875,41.49169921875
34.730469,-3.424072265625,40.484619140625
34.732422,-4.229736328125,39.678955078125
34.734375,-5.035400390625,38.873291015625
34.736328,-5.438232421875,38.470458984375
34.738281,-5.6396484375,38.26904296875
34.740234,-6.646728515625,30.615234375
34.742188,-7.049560546875,19.3359375
34.744141,-6.646728515625,19.940185546875
34.746094,-5.841064453125,20.745849609375
34.748047,-4.833984375,21.551513671875
34.75,-3.826904296875,22.55859375
34.751953,-3.021240234375,23.565673828125
34.753906,-2.215576171875,24.371337890625
34.755859,-1.409912109375,24.9755859375
34.757812,-1.007080078125,25.37841796875
34.759766,-0.201416015625,11.68212890625
34.761719,-0.40283203125,11.480712890625
34.763672,-0.8056640625,11.077880859375
34.765625,-1.409912109375,10.4736328125
34.767578,-2.4169921875,9.66796875
34.769531,-3.22265625,8.660888671875
34.771484,-4.229736328125,7.65380859375
34.773438,-5.23681640625,6.84814453125
34.775391,-5.841064453125,6.04248046875
34.777344,-6.4453125,5.438232421875
34.779297,-6.84814453125,5.035400390625
34.78125,-6.84814453125,5.035400390625
34.783203,-6.646728515625,5.23681640625
34.785156,-5.841064453125,-1.611328125
34.787109,-5.035400390625,-0.8056640625
34.789062,-4.229736328125,0.0
34.791016,-3.22265625,1.007080078125
34.792969,-2.4169921875,1.812744140625
34.794922,-1.409912109375,2.81982421875
34.796875,-0.8056640625,3.424072265625
34.798828,-0.201416015625,4.0283203125
34.800781,0.0,4.229736328125
34.802734,0.0,4.229736328125
34.804688,-0.40283203125,3.826904296875
34.806641,-1.007080078125,3.22265625
34.808594,-1.812744140625,2.4169921875
34.810547,-2.618408203125,1.611328125
34.8125,-3.62548828125,0.604248046875
34.814453,-4.632568359375,-0.40283203125
34.816406,-5.438232421875,-1.20849609375
34.818359,-6.04248046875,-1.812744140625
34.820312,-6.4453125,-2.215576171875
34.822266,-6.646728515625,-2.4169921875
34.824219,-6.4453125,-2.215576171875
34.826172,-6.04248046875,-1.812744140625
34.828125,-5.438232421875,-1.20849609375
34.830078,-4.632568359375,-0.40283203125
34.832031,-3.62548828125,0.604248046875
34.833984,-2.618408203125,1.611328125
34.835938,-1.812744140625,2.4169921875
34.837891,-1.007080078125,3.22265625
34.839844,-0.40283203125,3.826904296875
34.841797,0.0,4.229736328125
34.84375,0.0,4.229736328125
34.845703,-0.201416015625,4.0283203125
34.847656,-0.8056640625,3.424072265625
34.849609,-1.409912109375,2.81982421875
34.851562,-2.4169921875,1.812744140625
34.853516,-3.22265625,1.007080078125
34.855469,-0.8056640625,-8.258056640625
34.857422,-1.812744140625,-9.26513671875
34.859375,-2.4169921875,-9.869384765625
34.861328,-3.021240234375,-10.4736328125
34.863281,0.0,-7.452392578125
34.865234,0.0,-7.452392578125
34.867188,3.424072265625,4.0283203125
34.869141,5.841064453125,11.68212890625
34.871094,6.646728515625,12.48779296875
34.873047,12.890625,35.44921875
34.875,13.897705078125,36.2548828125
34.876953,14.703369140625,37.261962890625
34.878906,15.509033203125,38.067626953125
34.880859,16.314697265625,38.671875
34.882812,16.717529296875,39.07470703125
34.884766,16.717529296875,39.276123046875
34.886719,23.968505859375,48.74267578125
34.888672,23.565673828125,48.33984375
34.890625,22.96142578125,47.735595703125
34.892578,22.15576171875,46.728515625
34.894531,21.148681640625,45.9228515625
34.896484,20.343017578125,44.915771484375
34.898438,19.3359375,44.110107421875
34.900391,18.5302734375,43.304443359375
34.902344,17.926025390625,42.7001953125
34.904297,17.724609375,42.29736328125
34.90625,17.523193359375,42.29736328125
34.908203,17.926025390625,42.498779296875
34.910156,20.745849609375,37.060546875
34.912109,21.35009765625,37.8662109375
34.914062,22.357177734375,38.671875
34.916016,23.162841796875,39.678955078125
34.917969,24.169921875,40.68603515625
34.919922,25.177001953125,41.49169921875
34.921875,25.78125,42.29736328125
34.923828,26.385498046875,42.7001953125
34.925781,26.5869140625,42.901611328125
34.927734,26.5869140625,42.901611328125
34.929688,26.18408203125,42.498779296875
34.931641,25.579833984375,42.095947265625
34.933594,24.774169921875,41.290283203125
34.935547,23.968505859375,40.283203125
34.9375,22.96142578125,39.276123046875
34.939453,21.954345703125,38.470458984375
34.941406,21.148681640625,37.664794921875
34.943359,20.54443359375,36.859130859375
34.945312,20.1416015625,36.456298828125
34.947266,19.940185546875,36.456298828125
34.949219,20.1416015625,36.456298828125
34.951172,20.54443359375,36.859130859375
34.953125,21.148681640625,37.664794921875
34.955078,22.55859375,20.745849609375
34.957031,23.565673828125,21.7529296875
34.958984,24.371337890625,22.760009765625
34.960938,25.37841796875,23.565673828125
34.962891,26.18408203125,24.371337890625
34.964844,26.788330078125,24.9755859375
34.966797,26.98974609375,25.37841796875
34.96875,26.98974609375,25.37841796875
34.970703,26.788330078125,25.177001953125
34.972656,26.385498046875,24.57275390625
34.974609,25.579833984375,23.968505859375
34.976562,24.774169921875,22.96142578125
34.978516,23.76708984375,22.15576171875
34.980469,22.760009765625,21.148681640625
34.982422,21.954345703125,20.1416015625
34.984375,21.35009765625,19.537353515625
34.986328,20.745849609375,18.93310546875
34.988281,20.54443359375,18.731689453125
34.990234,20.54443359375,18.731689453125
34.992188,20.947265625,19.134521484375
34.994141,21.551513671875,19.73876953125
34.996094,22.15576171875,20.54443359375
34.998047,23.162841796875,21.35009765625
35.0,24.169921875,22.357177734375
35.001953,24.9755859375,23.3642578125
35.003906,25.982666015625,24.169921875
35.005859,26.5869140625,24.774169921875
35.007812,26.98974609375,25.177001953125
35.009766,27.191162109375,25.37841796875
35.011719,26.98974609375,25.177001953125
35.013672,26.5869140625,24.774169921875
35.015625,25.982666015625,24.169921875
35.017578,24.9755859375,23.3642578125
35.019531,24.169921875,22.357177734375
35.021484,23.3642578125,14.300537109375
35.023438,20.745849609375,-8.8623046875
35.025391,19.940185546875,-9.66796875
35.027344,19.3359375,-10.272216796875
35.029297,17.523193359375,-11.883544921875
35.03125,17.523193359375,-12.0849609375
35.033203,17.724609375,-11.883544921875
35.035156,18.328857421875,-11.279296875
35.037109,18.93310546875,-10.4736328125
35.039062,19.940185546875,-9.66796875
35.041016,19.537353515625,-7.452392578125
35.042969,20.343017578125,-6.646728515625
35.044922,21.35009765625,-5.6396484375
35.046875,21.954345703125,-5.035400390625
35.048828,22.55859375,-4.43115234375
35.050781,22.760009765625,-4.229736328125
35.052734,22.760009765625,-4.229736328125
35.054688,22.357177734375,-4.632568359375
35.056641,21.7529296875,-5.23681640625
35.058594,20.947265625,-6.04248046875
35.060547,20.1416015625,-6.84814453125
35.0625,19.134521484375,-7.855224609375
35.064453,18.12744140625,-8.8623046875
35.066406,17.32177734375,-9.66796875
35.068359,16.717529296875,-10.272216796875
35.070312,16.314697265625,-10.675048828125
35.072266,16.11328125,-10.87646484375
35.074219,16.314697265625,-10.675048828125
35.076172,16.717529296875,-10.272216796875
35.078125,17.32177734375,-9.66796875
35.080078,18.12744140625,-8.8623046875
35.082031,19.134521484375,-7.855224609375
35.083984,20.1416015625,-6.84814453125
35.085938,20.947265625,-6.04248046875
35.087891,21.7529296875,-5.23681640625
35.089844,22.357177734375,-4.632568359375
35.091797,22.760009765625,-4.229736328125
35.09375,22.760009765625,-4.229736328125
35.095703,16.314697265625,9.66796875
35.097656,15.911865234375,9.26513671875
35.099609,15.106201171875,8.45947265625
35.101562,5.6396484375,41.0888671875
35.103516,4.632568359375,40.283203125
35.105469,-2.81982421875,42.901611328125
35.107422,-3.62548828125,41.89453125
35.109375,-4.43115234375,41.290283203125
35.111328,-4.833984375,40.68603515625
35.113281,-6.646728515625,38.671875
35.115234,-6.646728515625,38.873291015625
35.117188,-6.243896484375,39.07470703125
35.119141,-5.6396484375,39.678955078125
35.121094,-5.035400390625,40.484619140625
35.123047,-4.0283203125,41.49169921875
35.125,-3.021240234375,42.29736328125
35.126953,-2.215576171875,43.304443359375
35.128906,-1.409912109375,36.65771484375
35.130859,-0.8056640625,37.261962890625
35.132812,-0.40283203125,37.664794921875
35.134766,-0.201416015625,37.8662109375
35.136719,-0.40283203125,37.664794921875
35.138672,-0.8056640625,37.261962890625
35.140625,-1.409912109375,36.65771484375
35.142578,-2.4169921875,35.85205078125
35.144531,-3.22265625,34.844970703125
35.146484,-4.229736328125,34.039306640625
35.148438,-5.23681640625,33.0322265625
35.150391,-5.841064453125,-3.826904296875
35.152344,-6.4453125,-4.43115234375
35.154297,-6.646728515625,-4.833984375
35.15625,-6.646728515625,-4.833984375
35.158203,-6.4453125,-4.632568359375
35.160156,-6.04248046875,-4.0283203125
35.162109,-5.23681640625,-3.424072265625
35.164062,-4.43115234375,-2.4169921875
35.166016,-3.424072265625,-1.409912109375
35.167969,-2.4169921875,-0.604248046875
35.169922,-1.611328125,0.40283203125
35.171875,-0.8056640625,1.007080078125
35.173828,-0.40283203125,1.611328125
35.175781,-0.201416015625,1.812744140625
35.177734,-0.201416015625,1.812744140625
35.179688,-0.604248046875,1.409912109375
35.181641,-1.20849609375,0.8056640625
35.183594,-1.812744140625,0.0
35.185547,-2.81982421875,-0.8056640625
35.1875,-3.826904296875,-1.812744140625
35.189453,-4.632568359375,-2.81982421875
35.191406,-5.6396484375,-3.62548828125
35.193359,-6.243896484375,-4.229736328125
35.195312,-6.646728515625,-4.632568359375
35.197266,-6.84814453125,-4.833984375
35.199219,-6.646728515625,-4.632568359375
35.201172,-6.243896484375,-4.229736328125
35.203125,-5.6396484375,-3.62548828125
35.205078,-4.632568359375,-2.81982421875
35.207031,-3.826904296875,-1.812744140625
35.208984,1.007080078125,-9.063720703125
35.210938,1.812744140625,-8.056640625
35.212891,2.618408203125,-7.2509765625
35.214844,3.22265625,-6.84814453125
35.216797,3.424072265625,-6.4453125
35.21875,3.62548828125,-6.4453125
35.220703,3.22265625,-6.646728515625
35.222656,2.81982421875,-7.049560546875
35.224609,2.01416015625,-7.855224609375
35.226562,1.20849609375,-8.660888671875
35.228516,0.201416015625,-9.66796875
35.230469,-0.604248046875,-10.675048828125
35.232422,-1.611328125,-11.480712890625
35.234375,-2.215576171875,-12.286376953125
35.236328,-2.81982421875,-12.689208984375
35.238281,-3.021240234375,-12.890625
35.240234,-3.021240234375,-12.890625
35.242188,-2.618408203125,-12.48779296875
35.244141,-2.01416015625,-12.0849609375
35.246094,-1.20849609375,-11.279296875
35.248047,-0.40283203125,-10.272216796875
35.25,0.604248046875,-9.26513671875
35.251953,1.611328125,-8.45947265625
35.253906,2.4169921875,-7.65380859375
35.255859,3.021240234375,-6.84814453125
35.257812,3.424072265625,-6.4453125
35.259766,3.62548828125,-6.4453125
35.261719,3.424072265625,-6.4453125
35.263672,3.021240234375,-6.84814453125
35.265625,2.4169921875,-7.65380859375
35.267578,1.611328125,-8.45947265625
35.269531,0.604248046875,-9.26513671875
35.271484,-0.40283203125,-10.272216796875
35.273438,-1.20849609375,-11.279296875
35.275391,-2.01416015625,-12.0849609375
35.277344,-2.618408203125,-12.48779296875
35.279297,-3.021240234375,-12.890625
35.28125,-3.021240234375,-12.890625
35.283203,-2.81982421875,-12.689208984375
35.285156,-2.215576171875,-12.286376953125
35.287109,-1.611328125,-11.480712890625
35.289062,0.604248046875,-7.452392578125
35.291016,6.4453125,8.660888671875
35.292969,7.452392578125,9.66796875
35.294922,8.258056640625,10.4736328125
35.296875,9.063720703125,11.279296875
35.298828,9.466552734375,11.883544921875
35.300781,9.869384765625,12.0849609375
35.302734,9.66796875,11.883544921875
35.304688,9.466552734375,11.68212890625
35.306641,8.8623046875,11.077880859375
35.308594,8.056640625,10.272216796875
35.310547,7.049560546875,9.466552734375
35.3125,6.243896484375,8.45947265625
35.314453,5.23681640625,7.452392578125
35.316406,6.04248046875,12.689208984375
35.318359,5.438232421875,12.0849609375
35.320312,5.035400390625,11.68212890625
35.322266,4.833984375,11.480712890625
35.324219,5.035400390625,11.68212890625
35.326172,12.48779296875,37.261962890625
35.328125,13.29345703125,37.8662109375
35.330078,14.09912109375,38.671875
35.332031,14.90478515625,39.678955078125
35.333984,15.911865234375,40.68603515625
35.335938,21.35009765625,47.13134765625
35.337891,22.15576171875,47.93701171875
35.339844,22.760009765625,48.541259765625
35.341797,23.162841796875,48.944091796875
35.34375,23.162841796875,48.944091796875
35.345703,25.982666015625,43.90869140625
35.347656,26.18408203125,38.470458984375
35.349609,25.37841796875,37.8662109375
35.351562,24.57275390625,36.859130859375
35.353516,23.565673828125,36.053466796875
35.355469,22.55859375,35.04638671875
35.357422,21.7529296875,34.039306640625
35.359375,21.148681640625,33.43505859375
35.361328,20.54443359375,32.830810546875
35.363281,20.343017578125,32.62939453125
35.365234,20.343017578125,32.62939453125
35.367188,20.745849609375,33.0322265625
35.369141,21.35009765625,33.636474609375
35.371094,22.15576171875,34.442138671875
35.373047,22.96142578125,35.247802734375
35.375,23.968505859375,36.2548828125
35.376953,24.9755859375,37.261962890625
35.378906,25.78125,38.067626953125
35.380859,26.385498046875,38.671875
35.382812,26.788330078125,39.07470703125
35.384766,26.98974609375,39.276123046875
35.386719,26.788330078125,39.07470703125
35.388672,26.385498046875,38.671875
35.390625,25.78125,38.067626953125
35.392578,24.9755859375,37.261962890625
35.394531,23.968505859375,36.2548828125
35.396484,22.96142578125,35.247802734375
35.398438,22.15576171875,34.442138671875
35.400391,20.947265625,12.890625
35.402344,20.343017578125,12.48779296875
35.404297,20.1416015625,12.0849609375
35.40625,20.1416015625,12.0849609375
35.408203,20.343017578125,12.286376953125
35.410156,20.745849609375,12.689208984375
35.412109,21.551513671875,13.494873046875
35.414062,22.357177734375,14.300537109375
35.416016,23.3642578125,15.3076171875
35.417969,24.371337890625,16.314697265625
35.419922,25.177001953125,17.120361328125
35.421875,25.982666015625,17.926025390625
35.423828,26.385498046875,18.328857421875
35.425781,26.5869140625,18.5302734375
35.427734,26.5869140625,18.5302734375
35.429688,26.18408203125,18.328857421875
35.431641,25.78125,17.724609375
35.433594,24.9755859375,16.9189453125
35.435547,23.968505859375,15.911865234375
35.4375,22.96142578125,14.90478515625
35.439453,22.15576171875,14.09912109375
35.441406,21.35009765625,13.29345703125
35.443359,20.54443359375,12.48779296875
35.445312,20.1416015625,12.0849609375
35.447266,20.1416015625,12.0849609375
35.449219,20.1416015625,12.0849609375
35.451172,20.54443359375,12.48779296875
35.453125,21.35009765625,13.29345703125
35.455078,22.15576171875,14.09912109375
35.457031,22.96142578125,14.90478515625
35.458984,23.968505859375,15.911865234375
35.460938,24.9755859375,16.9189453125
35.462891,25.78125,17.724609375
35.464844,26.18408203125,18.328857421875
35.466797,26.5869140625,18.5302734375
35.46875,26.5869140625,18.5302734375
35.470703,26.385498046875,18.328857421875
35.472656,25.982666015625,17.926025390625
35.474609,25.177001953125,17.120361328125
35.476562,24.371337890625,16.314697265625
35.478516,23.3642578125,15.3076171875
35.480469,22.357177734375,14.300537109375
35.482422,21.551513671875,13.494873046875
35.484375,20.745849609375,12.689208984375
35.486328,20.343017578125,12.286376953125
35.488281,20.1416015625,4.0283203125
35.490234,18.93310546875,-11.480712890625
35.492188,19.3359375,-11.279296875
35.494141,19.940185546875,-10.675048828125
35.496094,20.745849609375,-9.869384765625
35.498047,21.551513671875,-9.063720703125
35.5,22.55859375,-8.056640625
35.501953,23.565673828125,-7.049560546875
35.503906,24.371337890625,-6.243896484375
35.505859,24.9755859375,-5.6396484375
35.507812,25.37841796875,-5.23681640625
35.509766,25.579833984375,-5.035400390625
35.511719,25.37841796875,-5.23681640625
35.513672,22.15576171875,-2.618408203125
35.515625,21.551513671875,-3.424072265625
35.517578,20.745849609375,-4.229736328125
35.519531,19.73876953125,-5.23681640625
35.521484,18.93310546875,-6.04248046875
35.523438,17.926025390625,-7.049560546875
35.525391,17.120361328125,-7.855224609375
35.527344,16.51611328125,-8.45947265625
35.529297,16.314697265625,-8.660888671875
35.53125,16.314697265625,-8.660888671875
35.533203,16.51611328125,-8.45947265625
35.535156,16.9189453125,-8.056640625
35.537109,17.724609375,-7.2509765625
35.539062,18.5302734375,-6.4453125
35.541016,13.494873046875,7.049560546875
35.542969,14.501953125,8.056640625
35.544922,15.3076171875,8.8623046875
35.546875,15.911865234375,9.66796875
35.548828,16.51611328125,10.07080078125
35.550781,16.717529296875,10.272216796875
35.552734,16.717529296875,10.272216796875
35.554688,16.314697265625,10.07080078125
35.556641,15.71044921875,9.466552734375
35.558594,15.106201171875,8.660888671875
35.560547,14.09912109375,7.65380859375
35.5625,13.092041015625,6.84814453125
35.564453,12.286376953125,5.841064453125
35.566406,11.279296875,5.035400390625
35.568359,8.8623046875,11.68212890625
35.570312,8.45947265625,11.279296875
35.572266,8.258056640625,11.077880859375
35.574219,8.45947265625,11.279296875
35.576172,8.8623046875,11.68212890625
35.578125,9.466552734375,12.286376953125
35.580078,10.272216796875,13.29345703125
35.582031,11.279296875,14.09912109375
35.583984,12.286376953125,15.106201171875
35.585938,13.092041015625,16.11328125
35.587891,13.897705078125,16.717529296875
35.589844,14.501953125,17.32177734375
35.591797,14.90478515625,17.724609375
35.59375,14.90478515625,17.724609375
35.595703,14.703369140625,17.523193359375
35.597656,14.09912109375,16.9189453125
35.599609,13.494873046875,16.314697265625
35.601562,12.689208984375,15.509033203125
35.603516,11.68212890625,14.501953125
35.605469,10.675048828125,13.494873046875
35.607422,9.869384765625,12.689208984375
35.609375,9.063720703125,11.883544921875
35.611328,5.035400390625,25.37841796875
35.613281,4.833984375,25.177001953125
35.615234,4.833984375,25.177001953125
35.617188,5.23681640625,25.579833984375
35.619141,5.841064453125,25.982666015625
35.621094,4.833984375,33.0322265625
35.623047,5.6396484375,34.039306640625
35.625,6.646728515625,34.844970703125
35.626953,1.409912109375,47.735595703125
35.628906,2.215576171875,48.541259765625
35.630859,2.81982421875,49.1455078125
35.632812,3.22265625,49.54833984375
35.634766,3.424072265625,49.749755859375
35.636719,0.8056640625,42.901611328125
35.638672,0.40283203125,42.498779296875
35.640625,-0.201416015625,41.89453125
35.642578,-3.62548828125,15.911865234375
35.644531,-3.021240234375,1.812744140625
35.646484,-4.0283203125,1.007080078125
35.648438,-4.833984375,0.0
35.650391,-5.6396484375,-0.8056640625
35.652344,-6.243896484375,-1.409912109375
35.654297,-6.646728515625,-1.611328125
35.65625,-6.646728515625,-1.812744140625
35.658203,-6.4453125,-1.409912109375
35.660156,-4.43115234375,-11.279296875
35.662109,-3.62548828125,-10.4736328125
35.664062,-2.81982421875,-9.66796875
35.666016,-1.812744140625,-8.660888671875
35.667969,-0.8056640625,-7.65380859375
35.669922,0.0,-6.84814453125
35.671875,0.604248046875,-6.04248046875
35.673828,1.20849609375,-5.6396484375
35.675781,1.409912109375,-5.438232421875
35.677734,1.409912109375,-5.438232421875
35.679688,1.007080078125,-5.841064453125
35.681641,0.40283203125,-6.4453125
35.683594,-0.40283203125,-7.049560546875
35.685547,-1.20849609375,-8.056640625
35.6875,-2.215576171875,-9.063720703125
35.689453,-3.021240234375,-9.869384765625
35.691406,-4.0283203125,-10.87646484375
35.693359,-4.632568359375,-11.480712890625
35.695312,-5.035400390625,-11.883544921875
35.697266,-5.23681640625,-12.0849609375
35.699219,-5.035400390625,-11.883544921875
35.701172,-2.81982421875,-10.272216796875
35.703125,-2.01416015625,-9.466552734375
35.705078,-1.20849609375,-8.660888671875
35.707031,-0.40283203125,-7.855224609375
35.708984,0.604248046875,-6.84814453125
35.710938,1.611328125,-5.841064453125
35.712891,2.4169921875,-5.035400390625
35.714844,2.81982421875,-4.632568359375
35.716797,3.22265625,-4.229736328125
35.71875,5.035400390625,-4.632568359375
35.720703,4.833984375,-4.833984375
35.722656,4.229736328125,-5.23681640625
35.724609,3.62548828125,-6.04248046875
35.726562,2.81982421875,-6.84814453125
35.728516,1.812744140625,-7.855224609375
35.730469,0.8056640625,-8.8623046875
35.732422,0.0,-9.66796875
35.734375,-0.8056640625,-10.4736328125
35.736328,3.22265625,5.6396484375
35.738281,3.021240234375,5.438232421875
35.740234,3.021240234375,5.438232421875
35.742188,3.424072265625,5.6396484375
35.744141,4.0283203125,6.243896484375
35.746094,4.632568359375,7.049560546875
35.748047,5.6396484375,8.056640625
35.75,6.646728515625,9.063720703125
35.751953,7.452392578125,9.869384765625
35.753906,8.45947265625,10.675048828125
35.755859,9.063720703125,11.480712890625
35.757812,9.466552734375,11.883544921875
35.759766,9.66796875,11.883544921875
35.761719,9.466552734375,11.883544921875
35.763672,9.063720703125,11.480712890625
35.765625,8.45947265625,10.675048828125
35.767578,7.452392578125,9.869384765625
35.769531,6.646728515625,9.063720703125
35.771484,5.6396484375,8.056640625
35.773438,4.632568359375,7.049560546875
35.775391,4.0283203125,6.243896484375
35.777344,3.424072265625,5.6396484375
35.779297,3.021240234375,5.438232421875
35.78125,3.021240234375,5.438232421875
35.783203,3.22265625,5.6396484375
35.785156,3.62548828125,6.04248046875
35.787109,4.43115234375,6.84814453125
35.789062,5.23681640625,7.65380859375
35.791016,6.243896484375,8.660888671875
35.792969,7.2509765625,9.66796875
35.794922,8.056640625,10.4736328125
35.796875,8.8623046875,11.279296875
35.798828,9.26513671875,11.68212890625
35.800781,9.466552734375,11.883544921875
35.802734,9.466552734375,11.883544921875
35.804688,9.26513671875,11.480712890625
35.806641,8.660888671875,10.87646484375
35.808594,7.855224609375,10.272216796875
35.810547,6.84814453125,9.26513671875
35.8125,6.04248046875,8.258056640625
35.814453,5.035400390625,7.452392578125
35.816406,4.229736328125,6.646728515625
35.818359,3.424072265625,5.841064453125
35.820312,3.021240234375,5.438232421875
35.822266,3.021240234375,5.438232421875
35.824219,3.021240234375,5.438232421875
35.826172,3.424072265625,5.841064453125
35.828125,4.229736328125,6.646728515625
35.830078,5.035400390625,7.452392578125
35.832031,6.04248046875,8.258056640625
35.833984,6.84814453125,9.26513671875
35.835938,16.717529296875,42.095947265625
35.837891,17.523193359375,42.901611328125
35.839844,18.12744140625,43.505859375
35.841797,18.5302734375,43.90869140625
35.84375,18.5302734375,43.90869140625
35.845703,18.328857421875,43.707275390625
35.847656,17.724609375,43.10302734375
35.849609,17.120361328125,42.498779296875
35.851562,16.11328125,41.49169921875
35.853516,15.3076171875,40.68603515625
35.855469,14.300537109375,39.678955078125
35.857422,13.494873046875,38.671875
35.859375,12.689208984375,38.067626953125
35.861328,12.286376953125,37.46337890625
35.863281,13.092041015625,42.498779296875
35.865234,13.092041015625,42.498779296875
35.867188,13.494873046875,42.901611328125
35.869141,14.09912109375,43.304443359375
35.871094,14.90478515625,44.110107421875
35.873047,23.162841796875,35.247802734375
35.875,23.3642578125,30.010986328125
35.876953,24.371337890625,31.01806640625
35.878906,25.177001953125,31.82373046875
35.880859,25.78125,32.427978515625
35.882812,26.385498046875,32.830810546875
35.884766,26.385498046875,33.0322265625
35.886719,26.385498046875,32.830810546875
35.888672,25.78125,32.427978515625
35.890625,25.177001953125,31.82373046875
35.892578,24.371337890625,31.01806640625
35.894531,23.3642578125,30.010986328125
35.896484,22.55859375,29.00390625
35.898438,21.551513671875,28.1982421875
35.900391,20.745849609375,27.392578125
35.902344,20.1416015625,26.788330078125
35.904297,19.940185546875,26.385498046875
35.90625,19.537353515625,0.0
35.908203,19.73876953125,0.201416015625
35.910156,20.343017578125,0.8056640625
35.912109,20.947265625,1.409912109375
35.914062,21.7529296875,2.4169921875
35.916016,22.760009765625,3.424072265625
35.917969,23.76708984375,4.229736328125
35.919922,24.57275390625,5.23681640625
35.921875,25.37841796875,5.841064453125
35.923828,25.78125,6.4453125
35.925781,26.18408203125,6.646728515625
35.927734,25.982666015625,6.646728515625
35.929688,25.78125,6.243896484375
35.931641,24.371337890625,-5.438232421875
35.933594,23.565673828125,-6.243896484375
35.935547,22.760009765625,-7.049560546875
35.9375,21.7529296875,-8.056640625
35.939453,20.745849609375,-9.063720703125
35.941406,19.940185546875,-9.869384765625
35.943359,19.3359375,-10.4736328125
35.945312,18.93310546875,-10.87646484375
35.947266,18.731689453125,-11.077880859375
35.949219,18.93310546875,-10.87646484375
35.951172,19.3359375,-10.4736328125
35.953125,19.940185546875,-9.869384765625
35.955078,20.745849609375,-9.063720703125
35.957031,21.7529296875,-8.056640625
35.958984,22.760009765625,-7.049560546875
35.960938,23.565673828125,-6.243896484375
35.962891,24.371337890625,-5.438232421875
35.964844,24.9755859375,-4.833984375
35.966797,25.177001953125,-4.43115234375
35.96875,25.37841796875,-4.43115234375
35.970703,25.177001953125,-4.632568359375
35.972656,24.57275390625,-5.23681640625
35.974609,23.76708984375,-5.841064453125
35.976562,22.96142578125,-6.84814453125
35.978516,21.954345703125,-7.65380859375
35.980469,21.148681640625,-8.660888671875
35.982422,20.1416015625,-9.66796875
35.984375,19.537353515625,-10.272216796875
35.986328,18.93310546875,-10.87646484375
35.988281,14.90478515625,-10.272216796875
35.990234,14.90478515625,-10.07080078125
35.992188,15.3076171875,-9.869384765625
35.994141,15.911865234375,-9.26513671875
35.996094,16.717529296875,-8.45947265625
35.998047,17.523193359375,-7.452392578125
36.0,18.5302734375,-6.646728515625
36.001953,19.537353515625,-5.6396484375
36.003906,20.343017578125,-4.833984375
36.005859,20.947265625,-4.229736328125
36.007812,21.35009765625,-3.826904296875
36.009766,21.551513671875,-3.62548828125
36.011719,21.35009765625,-3.826904296875
36.013672,20.947265625,-4.229736328125
36.015625,20.343017578125,-4.833984375
36.017578,19.537353515625,-5.6396484375
36.019531,18.5302734375,-6.646728515625
36.021484,17.523193359375,-7.452392578125
36.023438,16.717529296875,-8.45947265625
36.025391,15.911865234375,-9.26513671875
36.027344,15.3076171875,-9.869384765625
36.029297,14.90478515625,-10.07080078125
36.03125,14.90478515625,-10.272216796875
36.033203,15.106201171875,-9.869384765625
36.035156,15.71044921875,-9.466552734375
36.037109,16.314697265625,-8.660888671875
36.039062,14.300537109375,-0.201416015625
36.041016,15.3076171875,0.8056640625
36.042969,16.314697265625,1.812744140625
36.044922,17.120361328125,2.618408203125
36.046875,17.724609375,3.424072265625
36.048828,18.328857421875,3.826904296875
36.050781,18.5302734375,4.229736328125
36.052734,18.5302734375,4.0283203125
36.054688,18.12744140625,3.826904296875
36.056641,17.523193359375,3.22265625
36.058594,16.9189453125,2.4169921875
36.060547,15.911865234375,1.409912109375
36.0625,14.90478515625,0.604248046875
36.064453,14.09912109375,-0.40283203125
36.066406,13.092041015625,-1.20849609375
36.068359,12.48779296875,-1.812744140625
36.070312,12.0849609375,-2.215576171875
36.072266,11.883544921875,-2.4169921875
36.074219,12.0849609375,-2.215576171875
36.076172,12.48779296875,-1.812744140625
36.078125,13.092041015625,-1.20849609375
36.080078,14.09912109375,-0.40283203125
36.082031,14.90478515625,0.604248046875
36.083984,15.911865234375,1.409912109375
36.085938,16.9189453125,2.4169921875
36.087891,17.523193359375,3.22265625
36.089844,18.12744140625,3.826904296875
36.091797,18.5302734375,4.0283203125
36.09375,18.5302734375,4.229736328125
36.095703,18.328857421875,3.826904296875
36.097656,17.724609375,3.424072265625
36.099609,17.120361328125,2.618408203125
36.101562,16.314697265625,1.812744140625
36.103516,15.3076171875,0.8056640625
36.105469,14.300537109375,-0.201416015625
36.107422,13.494873046875,-1.007080078125
36.109375,12.689208984375,-1.611328125
36.111328,3.424072265625,32.830810546875
36.113281,3.22265625,32.62939453125
36.115234,3.22265625,32.62939453125
36.117188,3.62548828125,33.0322265625
36.119141,4.229736328125,33.43505859375
36.121094,5.035400390625,34.24072265625
36.123047,5.841064453125,35.247802734375
36.125,6.84814453125,36.2548828125
36.126953,4.43115234375,44.915771484375
36.128906,5.23681640625,45.721435546875
36.130859,5.841064453125,46.32568359375
36.132812,6.243896484375,46.728515625
36.134766,6.4453125,46.929931640625
36.136719,6.243896484375,46.728515625
36.138672,5.841064453125,46.32568359375
36.140625,5.23681640625,45.721435546875
36.142578,4.43115234375,44.915771484375
36.144531,3.424072265625,43.90869140625
36.146484,2.4169921875,42.901611328125
36.148438,1.611328125,42.095947265625
36.150391,0.8056640625,41.290283203125
36.152344,0.201416015625,40.68603515625
36.154297,0.0,40.283203125
36.15625,-0.201416015625,40.283203125
36.158203,0.0,40.484619140625
36.160156,0.604248046875,41.0888671875
36.162109,1.409912109375,41.693115234375
36.164062,2.215576171875,42.7001953125
36.166016,3.22265625,43.707275390625
36.167969,4.0283203125,44.512939453125
36.169922,5.035400390625,45.52001953125
36.171875,5.6396484375,46.124267578125
36.173828,6.243896484375,46.728515625
36.175781,6.4453125,46.929931640625
36.177734,6.4453125,46.929931640625
36.179688,6.04248046875,46.527099609375
36.181641,5.438232421875,45.9228515625
36.183594,4.632568359375,45.1171875
36.185547,3.826904296875,44.3115234375
36.1875,2.81982421875,43.304443359375
36.189453,1.812744140625,42.29736328125
36.191406,1.007080078125,41.49169921875
36.193359,0.40283203125,40.887451171875
36.195312,0.0,40.484619140625
36.197266,-0.201416015625,40.283203125
36.199219,0.0,40.484619140625
36.201172,0.40283203125,40.887451171875
36.203125,1.007080078125,41.49169921875
36.205078,1.812744140625,42.29736328125
36.207031,2.81982421875,43.304443359375
36.208984,1.812744140625,49.54833984375
36.210938,-1.812744140625,41.0888671875
36.212891,-1.20849609375,37.060546875
36.214844,-0.604248046875,37.664794921875
36.216797,0.0,4.229736328125
36.21875,0.0,4.229736328125
36.220703,3.62548828125,-2.81982421875
36.222656,3.021240234375,-3.424072265625
36.224609,2.4169921875,-4.0283203125
36.226562,1.409912109375,-5.035400390625
36.228516,0.604248046875,-5.841064453125
36.230469,-0.40283203125,-6.84814453125
36.232422,-1.409912109375,-7.855224609375
36.234375,-2.01416015625,-8.45947265625
36.236328,-2.618408203125,-9.063720703125
36.238281,-2.81982421875,-9.26513671875
36.240234,-2.618408203125,-9.26513671875
36.242188,-2.4169921875,-8.8623046875
36.244141,-1.812744140625,-8.258056640625
36.246094,-1.007080078125,-7.452392578125
36.248047,-0.201416015625,-6.646728515625
36.25,0.8056640625,-5.6396484375
36.251953,1.812744140625,-4.632568359375
36.253906,2.618408203125,-3.826904296875
36.255859,3.22265625,-3.22265625
36.257812,3.62548828125,-2.81982421875
36.259766,3.826904296875,-2.618408203125
36.261719,3.62548828125,-2.81982421875
36.263672,3.22265625,-3.22265625
36.265625,2.618408203125,-3.826904296875
36.267578,1.812744140625,-4.632568359375
36.269531,0.8056640625,-5.6396484375
36.271484,-0.201416015625,-6.646728515625
36.273438,-1.007080078125,-7.452392578125
36.275391,-1.812744140625,-8.258056640625
36.277344,-2.4169921875,-8.8623046875
36.279297,-2.618408203125,-9.26513671875
36.28125,-2.81982421875,-9.26513671875
36.283203,-2.618408203125,-9.063720703125
36.285156,-2.01416015625,-8.45947265625
36.287109,-1.409912109375,-7.855224609375
36.289062,-0.40283203125,-6.84814453125
36.291016,0.604248046875,-5.841064453125
36.292969,1.409912109375,-5.035400390625
36.294922,2.4169921875,-4.0283203125
36.296875,9.063720703125,10.07080078125
36.298828,9.66796875,10.675048828125
36.300781,9.869384765625,10.87646484375
36.302734,9.66796875,10.87646484375
36.304688,9.466552734375,10.4736328125
36.306641,8.8623046875,9.869384765625
36.308594,8.056640625,9.063720703125
36.310547,7.2509765625,8.258056640625
36.3125,6.243896484375,7.2509765625
36.314453,6.84814453125,12.890625
36.316406,6.04248046875,12.0849609375
36.318359,5.438232421875,11.279296875
36.320312,5.035400390625,10.87646484375
36.322266,8.45947265625,24.371337890625
36.324219,12.0849609375,36.65771484375
36.326172,12.48779296875,37.060546875
36.328125,13.29345703125,37.664794921875
36.330078,14.09912109375,38.470458984375
36.332031,14.90478515625,39.4775390625
36.333984,15.911865234375,40.484619140625
36.335938,16.9189453125,41.290283203125
36.337891,17.724609375,42.095947265625
36.339844,19.940185546875,45.52001953125
36.341797,20.1416015625,45.9228515625
36.34375,20.343017578125,45.9228515625
36.345703,19.940185546875,45.721435546875
36.347656,19.537353515625,45.318603515625
36.349609,18.731689453125,44.512939453125
36.351562,17.926025390625,43.707275390625
36.353516,16.9189453125,42.7001953125
36.355469,15.911865234375,41.693115234375
36.357422,15.106201171875,40.887451171875
36.359375,14.501953125,40.081787109375
36.361328,13.897705078125,39.678955078125
36.363281,13.6962890625,39.4775390625
36.365234,13.6962890625,39.4775390625
36.367188,14.09912109375,39.88037109375
36.369141,14.703369140625,40.283203125
36.371094,15.509033203125,41.0888671875
36.373047,16.314697265625,42.095947265625
36.375,17.32177734375,43.10302734375
36.376953,18.328857421875,43.90869140625
36.378906,19.134521484375,44.71435546875
36.380859,19.73876953125,45.52001953125
36.382812,20.1416015625,45.9228515625
36.384766,20.343017578125,45.9228515625
36.386719,20.1416015625,45.9228515625
36.388672,19.73876953125,45.52001953125
36.390625,19.134521484375,44.71435546875
36.392578,18.328857421875,43.90869140625
36.394531,17.32177734375,43.10302734375
36.396484,16.314697265625,42.095947265625
36.398438,15.509033203125,41.0888671875
36.400391,14.703369140625,40.283203125
36.402344,14.09912109375,39.88037109375
36.404297,13.6962890625,39.4775390625
36.40625,13.6962890625,39.4775390625
36.408203,13.897705078125,39.678955078125
36.410156,14.501953125,40.081787109375
36.412109,15.106201171875,40.887451171875
36.414062,15.911865234375,41.693115234375
36.416016,16.9189453125,42.7001953125
36.417969,17.926025390625,43.707275390625
36.419922,18.731689453125,44.512939453125
36.421875,19.537353515625,45.318603515625
36.423828,19.940185546875,45.721435546875
36.425781,24.57275390625,47.93701171875
36.427734,24.57275390625,47.735595703125
36.429688,25.982666015625,45.318603515625
36.431641,25.37841796875,44.71435546875
36.433594,24.57275390625,43.90869140625
36.435547,25.37841796875,15.509033203125
36.4375,24.371337890625,14.501953125
36.439453,23.3642578125,13.494873046875
36.441406,22.55859375,12.689208984375
36.443359,21.954345703125,12.0849609375
36.445312,21.551513671875,11.68212890625
36.447266,19.73876953125,-7.855224609375
36.449219,19.940185546875,-7.65380859375
36.451172,20.343017578125,-7.2509765625
36.453125,20.947265625,-6.646728515625
36.455078,21.7529296875,-5.841064453125
36.457031,22.760009765625,-4.833984375
36.458984,23.76708984375,-4.0283203125
36.460938,24.57275390625,-3.021240234375
36.462891,25.37841796875,-2.215576171875
36.464844,25.982666015625,-1.611328125
36.466797,26.385498046875,-1.409912109375
36.46875,26.385498046875,-1.20849609375
36.470703,26.18408203125,-1.611328125
36.472656,25.579833984375,-2.01416015625
36.474609,24.9755859375,-2.81982421875
36.476562,23.968505859375,-3.62548828125
36.478516,23.162841796875,-4.632568359375
36.480469,22.15576171875,-5.6396484375
36.482422,21.35009765625,-6.4453125
36.484375,20.54443359375,-7.049560546875
36.486328,20.1416015625,-7.65380859375
36.488281,19.73876953125,-7.855224609375
36.490234,19.940185546875,-7.855224609375
36.492188,20.1416015625,-7.452392578125
36.494141,16.314697265625,-7.049560546875
36.496094,17.120361328125,-6.243896484375
36.498047,17.926025390625,-5.23681640625
36.5,18.93310546875,-4.43115234375
36.501953,19.940185546875,-3.424072265625
36.503906,20.745849609375,-2.618408203125
36.505859,21.35009765625,-2.01416015625
36.507812,21.7529296875,-1.611328125
36.509766,21.954345703125,-1.409912109375
36.511719,21.7529296875,-1.611328125
36.513672,21.35009765625,-2.01416015625
36.515625,20.745849609375,-2.618408203125
36.517578,14.501953125,8.45947265625
36.519531,13.6962890625,7.65380859375
36.521484,12.689208984375,6.646728515625
36.523438,11.68212890625,5.6396484375
36.525391,10.87646484375,5.035400390625
36.527344,10.4736328125,4.43115234375
36.529297,10.07080078125,4.0283203125
36.53125,10.07080078125,4.0283203125
36.533203,10.272216796875,4.229736328125
36.535156,10.675048828125,4.632568359375
36.537109,11.480712890625,5.438232421875
36.539062,12.286376953125,6.243896484375
36.541016,13.29345703125,7.2509765625
36.542969,14.300537109375,8.258056640625
36.544922,15.106201171875,9.063720703125
36.546875,15.911865234375,9.869384765625
36.548828,16.314697265625,10.272216796875
36.550781,16.51611328125,10.4736328125
36.552734,16.51611328125,10.4736328125
36.554688,12.890625,24.169921875
36.556641,12.286376953125,23.565673828125
36.558594,11.480712890625,22.760009765625
36.560547,10.4736328125,21.7529296875
36.5625,9.66796875,20.947265625
36.564453,8.660888671875,19.940185546875
36.566406,7.855224609375,19.134521484375
36.568359,7.2509765625,18.328857421875
36.570312,6.646728515625,17.926025390625
36.572266,6.646728515625,17.926025390625
36.574219,3.424072265625,31.82373046875
36.576172,3.826904296875,32.2265625
36.578125,4.43115234375,32.830810546875
36.580078,5.23681640625,33.636474609375
36.582031,6.243896484375,34.6435546875
36.583984,7.2509765625,35.44921875
36.585938,8.056640625,36.456298828125
36.587891,8.8623046875,37.261962890625
36.589844,9.466552734375,37.8662109375
36.591797,9.869384765625,38.067626953125
36.59375,9.869384765625,38.067626953125
36.595703,9.66796875,37.8662109375
36.597656,9.063720703125,37.46337890625
36.599609,8.45947265625,36.65771484375
36.601562,7.452392578125,35.85205078125
36.603516,6.4453125,34.844970703125
36.605469,5.6396484375,33.837890625
36.607422,4.632568359375,33.0322265625
36.609375,4.0283203125,32.427978515625
36.611328,3.424072265625,31.82373046875
36.613281,-0.40283203125,39.4775390625
36.615234,-0.40283203125,39.4775390625
36.617188,0.0,39.88037109375
36.619141,0.40283203125,40.484619140625
36.621094,1.20849609375,41.290283203125
36.623047,0.604248046875,48.74267578125
36.625,1.611328125,49.749755859375
36.626953,2.4169921875,50.555419921875
36.628906,3.22265625,51.361083984375
36.630859,4.0283203125,52.166748046875
36.632812,4.43115234375,52.569580078125
36.634766,4.43115234375,52.569580078125
36.636719,4.43115234375,52.569580078125
36.638672,4.0283203125,52.166748046875
36.640625,3.22265625,51.361083984375
36.642578,2.4169921875,50.555419921875
36.644531,1.611328125,49.749755859375
36.646484,0.604248046875,48.74267578125
36.648438,-0.40283203125,47.735595703125
36.650391,-2.618408203125,48.138427734375
36.652344,-4.0283203125,42.498779296875
36.654297,-4.43115234375,42.095947265625
36.65625,-4.43115234375,42.095947265625
36.658203,-4.229736328125,42.29736328125
36.660156,-3.62548828125,42.901611328125
36.662109,-3.021240234375,43.505859375
36.664062,-2.01416015625,44.512939453125
36.666016,-1.20849609375,45.52001953125
36.667969,-0.201416015625,46.32568359375
36.669922,0.604248046875,47.332763671875
36.671875,1.409912109375,47.93701171875
36.673828,1.812744140625,48.541259765625
36.675781,2.215576171875,48.74267578125
36.677734,2.01416015625,48.74267578125
36.679688,1.812744140625,48.33984375
36.681641,1.20849609375,47.735595703125
36.683594,0.40283203125,46.929931640625
36.685547,-0.604248046875,46.124267578125
36.6875,-2.81982421875,41.693115234375
36.689453,-3.62548828125,40.68603515625
36.691406,-5.035400390625,32.025146484375
36.693359,-5.841064453125,31.4208984375
36.695312,-6.243896484375,31.01806640625
36.697266,-6.243896484375,30.816650390625
36.699219,-6.243896484375,31.01806640625
36.701172,-5.841064453125,31.4208984375
36.703125,-5.035400390625,32.025146484375
36.705078,-4.229736328125,32.830810546875
36.707031,-3.424072265625,33.837890625
36.708984,-2.4169921875,34.6435546875
36.710938,-1.409912109375,35.650634765625
36.712891,-2.01416015625,24.371337890625
36.714844,-1.409912109375,24.9755859375
36.716797,-1.007080078125,25.177001953125
36.71875,5.23681640625,-2.81982421875
36.720703,5.035400390625,-3.021240234375
36.722656,4.43115234375,-3.62548828125
36.724609,5.035400390625,-0.604248046875
36.726562,4.229736328125,-1.409912109375
36.728516,9.869384765625,21.35009765625
36.730469,8.8623046875,20.54443359375
36.732422,9.869384765625,26.788330078125
36.734375,10.87646484375,31.4208984375
36.736328,10.4736328125,30.816650390625
36.738281,16.717529296875,47.332763671875
36.740234,16.717529296875,47.332763671875
36.742188,17.120361328125,47.735595703125
36.744141,17.724609375,48.33984375
36.746094,18.328857421875,48.944091796875
36.748047,19.3359375,49.951171875
36.75,20.343017578125,50.958251953125
36.751953,21.148681640625,51.763916015625
36.753906,22.15576171875,52.569580078125
36.755859,22.760009765625,53.375244140625
36.757812,23.162841796875,53.778076171875
36.759766,23.3642578125,53.778076171875
36.761719,23.162841796875,53.778076171875
36.763672,22.760009765625,53.375244140625
36.765625,22.15576171875,52.569580078125
36.767578,21.148681640625,51.763916015625
36.769531,20.343017578125,50.958251953125
36.771484,19.3359375,49.951171875
36.773438,18.328857421875,48.944091796875
36.775391,17.724609375,48.33984375
36.777344,17.120361328125,47.735595703125
36.779297,16.717529296875,47.332763671875
36.78125,16.717529296875,47.332763671875
36.783203,16.9189453125,47.5341796875
36.785156,17.523193359375,47.93701171875
36.787109,18.12744140625,48.74267578125
36.789062,18.93310546875,49.54833984375
36.791016,19.940185546875,50.555419921875
36.792969,20.947265625,51.5625
36.794922,21.7529296875,52.3681640625
36.796875,22.55859375,53.173828125
36.798828,22.96142578125,53.57666015625
36.800781,23.3642578125,53.778076171875
36.802734,23.162841796875,53.778076171875
36.804688,22.96142578125,53.57666015625
36.806641,22.357177734375,52.972412109375
36.808594,21.551513671875,52.166748046875
36.810547,20.54443359375,51.15966796875
36.8125,19.73876953125,50.152587890625
36.814453,18.731689453125,49.346923828125
36.816406,17.926025390625,48.541259765625
36.818359,17.32177734375,47.735595703125
36.820312,16.9189453125,47.332763671875
36.822266,16.717529296875,47.332763671875
36.824219,16.9189453125,47.332763671875
36.826172,20.947265625,26.98974609375
36.828125,21.551513671875,27.593994140625
36.830078,22.357177734375,28.399658203125
36.832031,23.3642578125,29.40673828125
36.833984,24.371337890625,30.413818359375
36.835938,25.177001953125,31.219482421875
36.837891,25.982666015625,32.025146484375
36.839844,26.5869140625,32.62939453125
36.841797,26.98974609375,33.0322265625
36.84375,26.98974609375,33.0322265625
36.845703,27.79541015625,25.177001953125
36.847656,27.191162109375,24.57275390625
36.849609,26.5869140625,23.968505859375
36.851562,25.579833984375,22.96142578125
36.853516,24.774169921875,22.15576171875
36.855469,23.76708984375,21.148681640625
36.857422,22.96142578125,20.343017578125
36.859375,22.15576171875,19.537353515625
36.861328,21.7529296875,19.134521484375
36.863281,21.35009765625,18.731689453125
36.865234,21.551513671875,18.93310546875
36.867188,21.7529296875,19.134521484375
36.869141,22.357177734375,19.73876953125
36.871094,23.162841796875,20.54443359375
36.873047,24.169921875,21.551513671875
36.875,24.169921875,9.466552734375
36.876953,25.177001953125,10.4736328125
36.878906,25.982666015625,11.279296875
36.880859,26.5869140625,11.883544921875
36.882812,26.98974609375,12.286376953125
36.884766,27.191162109375,12.48779296875
36.886719,26.98974609375,12.286376953125
36.888672,22.357177734375,-4.229736328125
36.890625,18.5302734375,-2.215576171875
36.892578,17.724609375,-3.021240234375
36.894531,16.717529296875,-4.0283203125
36.896484,5.6396484375,33.636474609375
36.898438,4.833984375,32.62939453125
36.900391,4.0283203125,31.82373046875
36.902344,-1.611328125,44.915771484375
36.904297,-2.01416015625,44.512939453125
36.90625,-2.01416015625,44.512939453125
36.908203,-6.243896484375,33.0322265625
36.910156,-5.841064453125,33.43505859375
36.912109,-5.035400390625,34.24072265625
36.914062,-4.229736328125,35.04638671875
36.916016,-3.22265625,36.053466796875
36.917969,-2.215576171875,37.060546875
36.919922,-1.409912109375,37.8662109375
36.921875,-0.604248046875,38.671875
36.923828,-0.201416015625,39.07470703125
36.925781,0.0,39.276123046875
36.927734,0.0,39.276123046875
36.929688,-0.201416015625,38.873291015625
36.931641,-0.8056640625,38.26904296875
36.933594,-1.611328125,37.664794921875
36.935547,-2.618408203125,36.65771484375
36.9375,-3.62548828125,35.650634765625
36.939453,-4.43115234375,34.844970703125
36.941406,-5.23681640625,33.837890625
36.943359,-6.646728515625,12.286376953125
36.945312,-7.049560546875,11.883544921875
36.947266,-7.2509765625,11.68212890625
36.949219,-7.049560546875,11.883544921875
36.951172,-6.646728515625,12.286376953125
36.953125,-6.04248046875,12.890625
36.955078,-5.23681640625,13.6962890625
36.957031,-4.229736328125,14.703369140625
36.958984,-3.22265625,15.71044921875
36.960938,-2.4169921875,16.51611328125
36.962891,-1.611328125,17.32177734375
36.964844,-1.007080078125,17.926025390625
36.966797,-0.604248046875,18.12744140625
36.96875,0.0,6.646728515625
36.970703,-0.40283203125,6.4453125
36.972656,-0.8056640625,5.841064453125
36.974609,-1.611328125,5.23681640625
36.976562,-2.4169921875,4.229736328125
36.978516,-0.8056640625,-8.8623046875
36.980469,-1.812744140625,-9.869384765625
36.982422,4.632568359375,6.646728515625
36.984375,4.0283203125,6.04248046875
36.986328,3.424072265625,5.438232421875
36.988281,3.22265625,5.23681640625
36.990234,3.22265625,5.23681640625
36.992188,3.62548828125,5.6396484375
36.994141,4.229736328125,6.243896484375
36.996094,5.035400390625,7.049560546875
36.998047,9.26513671875,20.745849609375
37.0,10.272216796875,21.7529296875
37.001953,11.077880859375,22.760009765625
37.003906,12.0849609375,23.565673828125
37.005859,12.689208984375,24.169921875
37.007812,13.092041015625,24.57275390625
37.009766,13.29345703125,24.774169921875
37.011719,13.092041015625,24.57275390625
37.013672,12.689208984375,24.169921875
37.015625,12.0849609375,23.565673828125
37.017578,11.077880859375,22.760009765625
37.019531,12.0849609375,28.802490234375
37.021484,11.077880859375,27.79541015625
37.023438,10.07080078125,26.98974609375
37.025391,9.466552734375,26.18408203125
37.027344,8.8623046875,25.579833984375
37.029297,8.45947265625,25.177001953125
37.03125,8.45947265625,25.177001953125
37.033203,8.660888671875,25.37841796875
37.035156,9.063720703125,25.982666015625
37.037109,9.869384765625,26.5869140625
37.039062,10.675048828125,27.593994140625
37.041016,11.68212890625,28.399658203125
37.042969,12.689208984375,29.40673828125
37.044922,13.494873046875,30.21240234375
37.046875,14.300537109375,31.01806640625
37.048828,14.703369140625,31.622314453125
37.050781,14.90478515625,31.82373046875
37.052734,14.90478515625,31.622314453125
37.054688,14.703369140625,31.4208984375
37.056641,14.09912109375,30.816650390625
37.058594,13.29345703125,30.010986328125
37.060547,12.286376953125,29.205322265625
37.0625,11.480712890625,28.1982421875
37.064453,10.4736328125,27.191162109375
37.066406,9.66796875,26.385498046875
37.068359,8.8623046875,25.78125
37.070312,8.45947265625,25.37841796875
37.072266,8.45947265625,25.177001953125
37.074219,8.45947265625,25.37841796875
37.076172,8.8623046875,25.78125
37.078125,9.66796875,26.385498046875
37.080078,10.4736328125,27.191162109375
37.082031,18.12744140625,46.929931640625
37.083984,19.134521484375,47.735595703125
37.085938,20.1416015625,48.74267578125
37.087891,20.947265625,49.54833984375
37.089844,21.35009765625,50.152587890625
37.091797,21.7529296875,50.35400390625
37.09375,21.7529296875,50.555419921875
37.095703,21.551513671875,50.152587890625
37.097656,21.148681640625,49.749755859375
37.099609,20.343017578125,48.944091796875
37.101562,19.537353515625,48.138427734375
37.103516,22.760009765625,41.290283203125
37.105469,21.7529296875,40.283203125
37.107422,20.947265625,39.4775390625
37.109375,20.1416015625,38.671875
37.111328,19.73876953125,38.26904296875
37.113281,19.537353515625,38.067626953125
37.115234,19.537353515625,38.067626953125
37.117188,19.940185546875,38.470458984375
37.119141,20.343017578125,39.07470703125
37.121094,21.148681640625,39.678955078125
37.123047,22.15576171875,40.68603515625
37.125,23.162841796875,41.693115234375
37.126953,23.968505859375,42.498779296875
37.128906,24.774169921875,43.505859375
37.130859,25.579833984375,44.110107421875
37.132812,25.982666015625,44.512939453125
37.134766,25.982666015625,44.71435546875
37.136719,25.982666015625,44.512939453125
37.138672,25.579833984375,44.110107421875
37.140625,24.774169921875,43.505859375
37.142578,23.968505859375,42.498779296875
37.144531,23.162841796875,41.693115234375
37.146484,22.15576171875,40.68603515625
37.148438,21.148681640625,39.678955078125
37.150391,20.343017578125,39.07470703125
37.152344,20.947265625,19.134521484375
37.154297,20.745849609375,18.731689453125
37.15625,20.54443359375,18.731689453125
37.158203,20.947265625,18.93310546875
37.160156,21.35009765625,19.3359375
37.162109,22.15576171875,20.1416015625
37.164062,22.96142578125,20.947265625
37.166016,23.968505859375,21.954345703125
37.167969,24.774169921875,22.96142578125
37.169922,25.78125,23.76708984375
37.171875,26.385498046875,24.57275390625
37.173828,26.98974609375,24.9755859375
37.175781,27.191162109375,25.177001953125
37.177734,27.191162109375,25.177001953125
37.179688,26.788330078125,24.9755859375
37.181641,26.18408203125,24.371337890625
37.183594,25.37841796875,23.565673828125
37.185547,24.57275390625,22.55859375
37.1875,23.565673828125,21.551513671875
37.189453,22.55859375,20.745849609375
37.191406,21.7529296875,19.940185546875
37.193359,21.148681640625,19.134521484375
37.195312,20.745849609375,18.731689453125
37.197266,20.54443359375,18.731689453125
37.199219,20.745849609375,18.731689453125
37.201172,21.148681640625,19.134521484375
37.203125,21.7529296875,19.940185546875
37.205078,22.55859375,20.745849609375
37.207031,23.565673828125,21.551513671875
37.208984,24.57275390625,22.55859375
37.210938,25.37841796875,23.565673828125
37.212891,26.18408203125,24.371337890625
37.214844,26.788330078125,24.9755859375
37.216797,26.5869140625,-0.201416015625
37.21875,26.5869140625,0.0
37.220703,26.385498046875,-0.40283203125
37.222656,25.982666015625,-0.8056640625
37.224609,25.177001953125,-1.611328125
37.226562,24.371337890625,-2.4169921875
37.228516,23.3642578125,-3.424072265625
37.230469,22.357177734375,-4.229736328125
37.232422,21.551513671875,-5.23681640625
37.234375,20.745849609375,-5.841064453125
37.236328,20.343017578125,-6.4453125
37.238281,20.1416015625,-6.646728515625
37.240234,20.1416015625,-6.646728515625
37.242188,20.343017578125,-6.243896484375
37.244141,20.947265625,-5.6396484375
37.246094,21.7529296875,-4.833984375
37.248047,22.760009765625,-4.0283203125
37.25,23.565673828125,-3.021240234375
37.251953,24.57275390625,-2.01416015625
37.253906,25.37841796875,-1.20849609375
37.255859,25.982666015625,-0.604248046875
37.257812,23.76708984375,-6.646728515625
37.259766,22.760009765625,-3.021240234375
37.261719,22.760009765625,-3.021240234375
37.263672,22.357177734375,-3.424072265625
37.265625,15.509033203125,10.675048828125
37.267578,14.703369140625,9.869384765625
37.269531,13.897705078125,8.8623046875
37.271484,12.890625,8.056640625
37.273438,11.883544921875,7.049560546875
37.275391,11.077880859375,6.243896484375
37.277344,0.40283203125,40.283203125
37.279297,0.0,39.88037109375
37.28125,0.0,39.88037109375
37.283203,0.201416015625,40.081787109375
37.285156,0.8056640625,40.484619140625
37.287109,1.409912109375,41.290283203125
37.289062,2.4169921875,42.095947265625
37.291016,3.424072265625,43.10302734375
37.292969,-2.4169921875,30.816650390625
37.294922,-1.409912109375,31.622314453125
37.296875,-0.8056640625,32.427978515625
37.298828,0.40283203125,2.4169921875
37.300781,0.604248046875,2.618408203125
37.302734,0.40283203125,2.618408203125
37.304688,0.201416015625,2.215576171875
37.306641,-0.40283203125,1.812744140625
37.308594,-1.20849609375,1.007080078125
37.310547,-2.01416015625,0.0
37.3125,-3.021240234375,-1.007080078125
37.314453,-4.0283203125,-1.812744140625
37.316406,-4.833984375,-2.618408203125
37.318359,-5.438232421875,-3.424072265625
37.320312,-5.841064453125,-3.826904296875
37.322266,-6.04248046875,-3.826904296875
37.324219,-5.841064453125,-3.826904296875
37.326172,-5.438232421875,-3.424072265625
37.328125,-4.833984375,-2.618408203125
37.330078,-4.0283203125,-1.812744140625
37.332031,-3.021240234375,-1.007080078125
37.333984,-2.01416015625,0.0
37.335938,-1.20849609375,1.007080078125
37.337891,-0.40283203125,1.812744140625
37.339844,0.201416015625,2.215576171875
37.341797,0.40283203125,2.618408203125
37.34375,0.604248046875,2.618408203125
37.345703,0.40283203125,2.4169921875
37.347656,-0.201416015625,2.01416015625
37.349609,-1.007080078125,1.20849609375
37.351562,-1.812744140625,0.40283203125
37.353516,-2.81982421875,-0.604248046875
37.355469,-3.62548828125,-1.611328125
37.357422,-4.632568359375,-2.4169921875
37.359375,-5.23681640625,-3.22265625
37.361328,-5.841064453125,-3.62548828125
37.363281,-6.04248046875,-3.826904296875
37.365234,-6.04248046875,-3.826904296875
37.367188,-5.6396484375,-3.424072265625
37.369141,-5.035400390625,-3.021240234375
37.371094,-4.229736328125,-2.215576171875
37.373047,-3.424072265625,-1.20849609375
37.375,1.812744140625,-8.056640625
37.376953,2.81982421875,-7.049560546875
37.378906,3.62548828125,-6.243896484375
37.380859,4.229736328125,-5.6396484375
37.382812,4.632568359375,-5.23681640625
37.384766,15.106201171875,31.82373046875
37.386719,14.90478515625,31.82373046875
37.388672,14.501953125,31.4208984375
37.390625,13.897705078125,30.615234375
37.392578,13.092041015625,29.8095703125
37.394531,12.0849609375,29.00390625
37.396484,11.077880859375,27.996826171875
37.398438,10.272216796875,26.98974609375
37.400391,9.466552734375,26.18408203125
37.402344,8.8623046875,25.78125
37.404297,8.45947265625,25.37841796875
37.40625,8.45947265625,25.37841796875
37.408203,8.660888671875,25.579833984375
37.410156,9.26513671875,25.982666015625
37.412109,9.869384765625,26.788330078125
37.414062,10.87646484375,27.593994140625
37.416016,11.68212890625,28.60107421875
37.417969,12.689208984375,29.608154296875
37.419922,18.328857421875,44.915771484375
37.421875,18.93310546875,45.721435546875
37.423828,19.537353515625,46.124267578125
37.425781,19.73876953125,46.32568359375
37.427734,19.73876953125,46.32568359375
37.429688,19.3359375,45.9228515625
37.431641,18.731689453125,45.52001953125
37.433594,18.12744140625,44.71435546875
37.435547,17.120361328125,43.707275390625
37.4375,16.11328125,42.7001953125
37.439453,15.3076171875,41.89453125
37.441406,14.300537109375,41.0888671875
37.443359,13.6962890625,40.283203125
37.445312,13.29345703125,39.88037109375
37.447266,13.092041015625,39.88037109375
37.449219,13.29345703125,39.88037109375
37.451172,13.6962890625,40.283203125
37.453125,14.300537109375,41.0888671875
37.455078,15.3076171875,41.89453125
37.457031,16.11328125,42.7001953125
37.458984,17.120361328125,43.707275390625
37.460938,18.12744140625,44.71435546875
37.462891,18.731689453125,45.52001953125
37.464844,19.3359375,45.9228515625
37.466797,19.73876953125,46.32568359375
37.46875,19.73876953125,46.32568359375
37.470703,19.537353515625,46.124267578125
37.472656,18.93310546875,45.721435546875
37.474609,18.328857421875,44.915771484375
37.476562,17.523193359375,44.110107421875
37.478516,16.51611328125,43.10302734375
37.480469,15.509033203125,42.095947265625
37.482422,14.703369140625,41.290283203125
37.484375,13.897705078125,40.484619140625
37.486328,13.494873046875,40.081787109375
37.488281,13.29345703125,39.88037109375
37.490234,13.29345703125,39.88037109375
37.492188,13.494873046875,40.283203125
37.494141,21.551513671875,33.636474609375
37.496094,22.357177734375,34.442138671875
37.498047,23.162841796875,35.44921875
37.5,24.169921875,36.456298828125
37.501953,25.177001953125,37.261962890625
37.503906,25.982666015625,38.067626953125
37.505859,26.5869140625,38.873291015625
37.507812,26.98974609375,39.276123046875
37.509766,27.191162109375,39.276123046875
37.511719,26.98974609375,39.276123046875
37.513672,26.5869140625,38.873291015625
37.515625,25.982666015625,38.067626953125
37.517578,25.177001953125,37.261962890625
37.519531,24.169921875,36.456298828125
37.521484,23.162841796875,35.44921875
37.523438,22.357177734375,34.442138671875
37.525391,21.551513671875,33.636474609375
37.527344,20.947265625,33.0322265625
37.529297,20.745849609375,32.830810546875
37.53125,20.54443359375,32.830810546875
37.533203,20.745849609375,33.0322265625
37.535156,21.35009765625,33.43505859375
37.537109,22.15576171875,34.24072265625
37.539062,22.96142578125,35.04638671875
37.541016,23.968505859375,36.053466796875
37.542969,24.774169921875,37.060546875
37.544922,25.78125,37.8662109375
37.546875,26.385498046875,38.671875
37.548828,26.98974609375,39.07470703125
37.550781,27.191162109375,39.276123046875
37.552734,27.191162109375,39.276123046875
37.554688,26.788330078125,38.873291015625
37.556641,26.18408203125,38.470458984375
37.558594,25.37841796875,37.664794921875
37.560547,24.57275390625,36.65771484375
37.5625,23.565673828125,35.650634765625
37.564453,22.55859375,34.844970703125
37.566406,21.7529296875,34.039306640625
37.568359,21.148681640625,33.233642578125
37.570312,20.745849609375,32.830810546875
37.572266,20.54443359375,32.830810546875
37.574219,20.745849609375,32.830810546875
37.576172,21.148681640625,33.233642578125
37.578125,21.7529296875,34.039306640625
37.580078,22.55859375,34.844970703125
37.582031,23.565673828125,35.650634765625
37.583984,24.57275390625,36.65771484375
37.585938,25.37841796875,37.664794921875
37.587891,26.18408203125,38.470458984375
37.589844,26.788330078125,38.873291015625
37.591797,27.191162109375,39.276123046875
37.59375,27.191162109375,39.276123046875
37.595703,26.98974609375,39.07470703125
37.597656,26.385498046875,3.22265625
37.599609,25.579833984375,2.618408203125
37.601562,24.774169921875,1.611328125
37.603516,23.76708984375,0.604248046875
37.605469,22.760009765625,-0.201416015625
37.607422,21.954345703125,-1.20849609375
37.609375,21.148681640625,-1.812744140625
37.611328,20.745849609375,-2.4169921875
37.613281,20.54443359375,-2.618408203125
37.615234,20.54443359375,-2.618408203125
37.617188,20.745849609375,-2.215576171875
37.619141,21.35009765625,-1.611328125
37.621094,22.15576171875,-0.8056640625
37.623047,23.162841796875,0.0
37.625,23.968505859375,1.007080078125
37.626953,24.9755859375,2.01416015625
37.628906,25.78125,2.81982421875
37.630859,26.385498046875,3.424072265625
37.632812,26.98974609375,3.826904296875
37.634766,26.98974609375,4.0283203125
37.636719,26.98974609375,3.826904296875
37.638672,26.385498046875,3.424072265625
37.640625,25.78125,2.81982421875
37.642578,24.9755859375,2.01416015625
37.644531,23.968505859375,1.007080078125
37.646484,23.162841796875,0.0
37.648438,22.15576171875,-0.8056640625
37.650391,21.35009765625,-1.611328125
37.652344,20.745849609375,-2.215576171875
37.654297,20.54443359375,-2.618408203125
37.65625,20.54443359375,-2.618408203125
37.658203,20.745849609375,-2.4169921875
37.660156,21.148681640625,-1.812744140625
37.662109,21.954345703125,-1.20849609375
37.664062,22.760009765625,-0.201416015625
37.666016,23.76708984375,0.604248046875
37.667969,24.774169921875,1.611328125
37.669922,25.579833984375,2.618408203125
37.671875,26.385498046875,3.22265625
37.673828,26.788330078125,3.826904296875
37.675781,26.98974609375,4.0283203125
37.677734,26.98974609375,4.0283203125
37.679688,26.5869140625,3.62548828125
37.681641,25.982666015625,3.021240234375
37.683594,25.37841796875,2.215576171875
37.685547,24.371337890625,1.409912109375
37.6875,23.3642578125,0.40283203125
37.689453,21.35009765625,-5.035400390625
37.691406,14.300537109375,-6.243896484375
37.693359,13.6962890625,-6.84814453125
37.695312,13.29345703125,-7.2509765625
37.697266,13.092041015625,-7.452392578125
37.699219,13.29345703125,-7.2509765625
37.701172,13.6962890625,-6.84814453125
37.703125,14.300537109375,-6.243896484375
37.705078,13.897705078125,0.8056640625
37.707031,14.703369140625,1.812744140625
37.708984,15.71044921875,2.81982421875
37.710938,14.90478515625,9.063720703125
37.712891,15.71044921875,9.869384765625
37.714844,16.11328125,10.4736328125
37.716797,16.51611328125,10.675048828125
37.71875,16.51611328125,10.675048828125
37.720703,16.314697265625,10.4736328125
37.722656,15.911865234375,10.07080078125
37.724609,15.106201171875,9.26513671875
37.726562,14.300537109375,8.45947265625
37.728516,13.29345703125,7.452392578125
37.730469,12.286376953125,6.4453125
37.732422,11.480712890625,5.6396484375
37.734375,10.675048828125,4.833984375
37.736328,10.272216796875,4.43115234375
37.738281,10.07080078125,4.229736328125
37.740234,10.07080078125,4.229736328125
37.742188,10.4736328125,4.632568359375
37.744141,10.87646484375,5.23681640625
37.746094,11.68212890625,5.841064453125
37.748047,12.689208984375,6.84814453125
37.75,13.6962890625,7.855224609375
37.751953,14.501953125,8.660888671875
37.753906,15.3076171875,9.66796875
37.755859,16.11328125,10.272216796875
37.757812,16.51611328125,10.675048828125
37.759766,16.51611328125,10.675048828125
37.761719,16.51611328125,10.675048828125
37.763672,16.11328125,10.272216796875
37.765625,15.3076171875,9.66796875
37.767578,11.077880859375,22.760009765625
37.769531,10.272216796875,21.7529296875
37.771484,9.26513671875,20.745849609375
37.773438,8.258056640625,19.940185546875
37.775391,7.65380859375,19.134521484375
37.777344,0.40283203125,40.081787109375
37.779297,-3.424072265625,44.512939453125
37.78125,-4.43115234375,42.901611328125
37.783203,-4.229736328125,43.10302734375
37.785156,-3.62548828125,43.505859375
37.787109,-5.841064453125,27.593994140625
37.789062,-4.833984375,13.6962890625
37.791016,-3.826904296875,14.501953125
37.792969,-2.81982421875,15.509033203125
37.794922,-2.01416015625,16.51611328125
37.796875,-1.20849609375,17.120361328125
37.798828,-0.8056640625,17.724609375
37.800781,-0.604248046875,17.926025390625
37.802734,-0.604248046875,17.926025390625
37.804688,-1.007080078125,17.523193359375
37.806641,-1.409912109375,16.9189453125
37.808594,-2.215576171875,16.11328125
37.810547,-3.22265625,15.3076171875
37.8125,-4.229736328125,14.300537109375
37.814453,-5.035400390625,13.29345703125
37.816406,-5.841064453125,12.48779296875
37.818359,-6.646728515625,11.883544921875
37.820312,-7.049560546875,11.480712890625
37.822266,-7.049560546875,11.279296875
37.824219,-7.049560546875,11.480712890625
37.826172,-5.23681640625,-4.43115234375
37.828125,-4.632568359375,-3.826904296875
37.830078,-3.826904296875,-3.021240234375
37.832031,-2.81982421875,-2.01416015625
37.833984,-1.812744140625,-1.20849609375
37.835938,-1.007080078125,-0.201416015625
37.837891,-0.201416015625,0.604248046875
37.839844,0.40283203125,1.20849609375
37.841797,0.604248046875,1.409912109375
37.84375,0.8056640625,1.611328125
37.845703,0.604248046875,1.20849609375
37.847656,0.0,0.8056640625
37.849609,-0.8056640625,0.0
37.851562,-1.611328125,-0.8056640625
37.853516,-2.618408203125,-1.812744140625
37.855469,-3.424072265625,-2.81982421875
37.857422,-4.43115234375,-3.62548828125
37.859375,-5.035400390625,-4.229736328125
37.861328,-5.6396484375,-4.833984375
37.863281,-5.841064453125,-5.035400390625
37.865234,-3.22265625,-11.883544921875
37.867188,-2.81982421875,-11.480712890625
37.869141,-2.215576171875,-11.077880859375
37.871094,-1.409912109375,-10.272216796875
37.873047,-0.604248046875,-9.26513671875
37.875,0.40283203125,-8.258056640625
37.876953,1.409912109375,-7.452392578125
37.878906,2.215576171875,-6.646728515625
37.880859,2.81982421875,-5.841064453125
37.882812,3.22265625,-5.438232421875
37.884766,4.43115234375,-1.812744140625
37.886719,4.43115234375,-2.01416015625
37.888672,4.0283203125,-2.4169921875
37.890625,3.22265625,-3.021240234375
37.892578,2.4169921875,-3.826904296875
37.894531,1.611328125,-4.833984375
37.896484,0.604248046875,-5.841064453125
37.898438,-0.40283203125,-6.646728515625
37.900391,-1.20849609375,-7.452392578125
37.902344,-1.812744140625,-8.056640625
37.904297,-2.01416015625,-8.45947265625
37.90625,-2.01416015625,-8.45947265625
37.908203,-1.812744140625,-8.258056640625
37.910156,-1.409912109375,-7.65380859375
37.912109,-0.604248046875,-7.049560546875
37.914062,0.201416015625,-6.04248046875
37.916016,1.20849609375,-5.23681640625
37.917969,2.215576171875,-4.229736328125
37.919922,3.021240234375,-3.22265625
37.921875,3.826904296875,-2.618408203125
37.923828,4.229736328125,-2.01416015625
37.925781,4.43115234375,-1.812744140625
37.927734,4.43115234375,-2.01416015625
37.929688,4.0283203125,-2.215576171875
37.931641,3.424072265625,-2.81982421875
37.933594,2.81982421875,-3.62548828125
37.935547,1.812744140625,-4.43115234375
37.9375,0.8056640625,-5.438232421875
37.939453,0.0,-6.4453125
37.941406,-0.8056640625,-7.2509765625
37.943359,-1.611328125,-7.855224609375
37.945312,-2.01416015625,-8.258056640625
37.947266,-2.01416015625,-8.45947265625
37.949219,-2.01416015625,-8.258056640625
37.951172,-1.611328125,-7.855224609375
37.953125,-0.8056640625,-7.2509765625
37.955078,0.0,-6.4453125
37.957031,0.8056640625,-5.438232421875
37.958984,1.812744140625,-4.43115234375
37.960938,2.81982421875,-3.62548828125
37.962891,3.424072265625,-2.81982421875
37.964844,4.0283203125,-2.215576171875
37.966797,11.279296875,17.724609375
37.96875,11.480712890625,17.724609375
37.970703,11.077880859375,17.523193359375
37.972656,10.675048828125,17.120361328125
37.974609,9.869384765625,16.314697265625
37.976562,9.063720703125,15.509033203125
37.978516,8.056640625,14.501953125
37.980469,7.2509765625,13.494873046875
37.982422,6.243896484375,12.689208984375
37.984375,5.6396484375,11.883544921875
37.986328,5.035400390625,11.480712890625
37.988281,4.833984375,11.279296875
37.990234,4.833984375,11.279296875
37.992188,5.23681640625,11.68212890625
37.994141,5.841064453125,12.0849609375
37.996094,6.646728515625,12.890625
37.998047,7.452392578125,13.897705078125
38.0,8.45947265625,14.90478515625
38.001953,9.466552734375,15.71044921875
38.003906,10.272216796875,16.51611328125
38.005859,10.87646484375,17.32177734375
38.007812,11.279296875,17.724609375
38.009766,11.480712890625,17.724609375
38.011719,11.279296875,17.724609375
38.013672,10.87646484375,17.32177734375
38.015625,10.272216796875,16.51611328125
38.017578,9.466552734375,15.71044921875
38.019531,8.45947265625,14.90478515625
38.021484,12.890625,35.04638671875
38.023438,11.883544921875,34.24072265625
38.025391,11.077880859375,33.43505859375
38.027344,10.4736328125,32.830810546875
38.029297,10.272216796875,32.427978515625
38.03125,10.07080078125,32.427978515625
38.033203,10.4736328125,32.62939453125
38.035156,10.87646484375,33.233642578125
38.037109,11.68212890625,33.837890625
38.039062,12.48779296875,34.844970703125
38.041016,13.494873046875,35.650634765625
38.042969,14.300537109375,36.65771484375
38.044922,15.3076171875,37.46337890625
38.046875,15.911865234375,38.26904296875
38.048828,16.51611328125,38.873291015625
38.050781,16.717529296875,39.07470703125
38.052734,16.717529296875,38.873291015625
38.054688,16.314697265625,38.671875
38.056641,15.71044921875,38.067626953125
38.058594,14.90478515625,37.261962890625
38.060547,14.09912109375,36.456298828125
38.0625,13.092041015625,35.44921875
38.064453,12.0849609375,34.442138671875
38.066406,14.703369140625,41.89453125
38.068359,15.106201171875,45.52001953125
38.070312,14.703369140625,45.1171875
38.072266,14.501953125,45.1171875
38.074219,14.703369140625,45.1171875
38.076172,19.73876953125,36.053466796875
38.078125,21.35009765625,33.636474609375
38.080078,22.357177734375,13.6962890625
38.082031,23.3642578125,14.501953125
38.083984,24.371337890625,15.509033203125
38.085938,25.177001953125,16.51611328125
38.087891,25.982666015625,17.32177734375
38.089844,26.5869140625,17.926025390625
38.091797,26.788330078125,18.12744140625
38.09375,27.191162109375,3.826904296875
38.095703,26.98974609375,3.62548828125
38.097656,26.385498046875,3.22265625
38.099609,25.78125,2.4169921875
38.101562,24.774169921875,1.611328125
38.103516,23.76708984375,0.604248046875
38.105469,22.96142578125,-0.40283203125
38.107422,21.954345703125,-1.20849609375
38.109375,21.35009765625,-2.01416015625
38.111328,20.745849609375,-2.4169921875
38.113281,20.54443359375,-2.618408203125
38.115234,19.537353515625,-7.65380859375
38.117188,19.73876953125,-7.2509765625
38.119141,20.343017578125,-6.646728515625
38.121094,21.148681640625,-6.04248046875
38.123047,21.954345703125,-5.035400390625
38.125,22.96142578125,-4.0283203125
38.126953,23.968505859375,-3.22265625
38.128906,24.774169921875,-2.215576171875
38.130859,25.37841796875,-1.611328125
38.132812,25.78125,-1.20849609375
38.134766,25.982666015625,-1.007080078125
38.136719,25.78125,-1.20849609375
38.138672,25.37841796875,-1.611328125
38.140625,24.774169921875,-2.215576171875
38.142578,23.968505859375,-3.22265625
38.144531,22.96142578125,-4.0283203125
38.146484,21.954345703125,-5.035400390625
38.148438,21.148681640625,-6.04248046875
38.150391,20.343017578125,-6.646728515625
38.152344,19.73876953125,-7.2509765625
38.154297,19.537353515625,-7.65380859375
38.15625,19.3359375,-7.65380859375
38.158203,19.73876953125,-7.452392578125
38.160156,20.1416015625,-6.84814453125
38.162109,20.947265625,-6.243896484375
38.164062,21.7529296875,-5.438232421875
38.166016,22.760009765625,-4.43115234375
38.167969,23.565673828125,-3.424072265625
38.169922,24.57275390625,-2.618408203125
38.171875,25.177001953125,-1.812744140625
38.173828,25.78125,-1.409912109375
38.175781,21.35009765625,-3.62548828125
38.177734,21.35009765625,-3.62548828125
38.179688,20.947265625,-3.826904296875
38.181641,20.54443359375,-4.43115234375
38.183594,19.73876953125,-5.23681640625
38.185547,18.731689453125,-6.243896484375
38.1875,17.724609375,-7.2509765625
38.189453,16.9189453125,-8.056640625
38.191406,16.11328125,-8.8623046875
38.193359,15.3076171875,-9.66796875
38.195312,14.90478515625,-10.07080078125
38.197266,14.90478515625,-10.07080078125
38.199219,14.90478515625,-10.07080078125
38.201172,15.3076171875,-9.66796875
38.203125,16.11328125,-8.8623046875
38.205078,16.9189453125,-8.056640625
38.207031,17.724609375,-7.2509765625
38.208984,18.731689453125,-6.243896484375
38.210938,19.73876953125,-5.23681640625
38.212891,20.54443359375,-4.43115234375
38.214844,20.947265625,-3.826904296875
38.216797,21.35009765625,-3.62548828125
38.21875,21.35009765625,-3.62548828125
38.220703,21.148681640625,-3.826904296875
38.222656,20.745849609375,-4.229736328125
38.224609,19.940185546875,-5.035400390625
38.226562,19.134521484375,-5.841064453125
38.228516,18.12744140625,-6.84814453125
38.230469,17.120361328125,-7.855224609375
38.232422,16.314697265625,-8.660888671875
38.234375,15.509033203125,-9.466552734375
38.236328,15.106201171875,-9.869384765625
38.238281,14.90478515625,-10.07080078125
38.240234,14.90478515625,-10.07080078125
38.242188,15.3076171875,-9.66796875
38.244141,15.71044921875,-9.26513671875
38.246094,16.51611328125,-8.45947265625
38.248047,17.523193359375,-7.452392578125
38.25,18.5302734375,-6.4453125
38.251953,19.3359375,-5.6396484375
38.253906,13.6962890625,16.314697265625
38.255859,14.300537109375,16.9189453125
38.257812,14.703369140625,17.523193359375
38.259766,14.90478515625,17.523193359375
38.261719,14.703369140625,17.523193359375
38.263672,14.300537109375,16.9189453125
38.265625,13.6962890625,16.314697265625
38.267578,12.890625,15.509033203125
38.269531,11.883544921875,14.501953125
38.271484,11.077880859375,13.6962890625
38.273438,10.07080078125,12.689208984375
38.275391,2.4169921875,38.26904296875
38.277344,1.812744140625,37.664794921875
38.279297,1.409912109375,37.46337890625
38.28125,1.409912109375,37.261962890625
38.283203,1.611328125,37.664794921875
38.285156,2.215576171875,38.067626953125
38.287109,2.81982421875,38.873291015625
38.289062,3.826904296875,39.678955078125
38.291016,4.632568359375,40.68603515625
38.292969,5.6396484375,41.49169921875
38.294922,6.646728515625,42.498779296875
38.296875,7.2509765625,43.10302734375
38.298828,7.855224609375,43.707275390625
38.300781,8.056640625,43.90869140625
38.302734,7.855224609375,43.90869140625
38.304688,7.65380859375,43.505859375
38.306641,7.049560546875,42.901611328125
38.308594,6.243896484375,42.095947265625
38.310547,5.438232421875,41.290283203125
38.3125,4.43115234375,40.283203125
38.314453,3.424072265625,39.276123046875
38.316406,2.618408203125,38.470458984375
38.318359,2.01416015625,37.8662109375
38.320312,1.611328125,37.46337890625
38.322266,1.409912109375,37.261962890625
38.324219,1.611328125,37.46337890625
38.326172,2.01416015625,37.8662109375
38.328125,2.618408203125,38.470458984375
38.330078,-1.20849609375,46.929931640625
38.332031,-0.40283203125,47.735595703125
38.333984,-1.812744140625,46.124267578125
38.335938,-1.007080078125,46.929931640625
38.337891,-1.409912109375,30.413818359375
38.339844,-0.8056640625,31.01806640625
38.341797,-0.40283203125,31.4208984375
38.34375,-0.604248046875,10.272216796875
38.345703,-1.007080078125,10.07080078125
38.347656,-1.409912109375,9.66796875
38.349609,-2.215576171875,8.8623046875
38.351562,-3.021240234375,8.056640625
38.353516,-4.0283203125,7.049560546875
38.355469,-4.833984375,6.04248046875
38.357422,-5.841064453125,5.23681640625
38.359375,-6.4453125,4.43115234375
38.361328,-7.049560546875,4.0283203125
38.363281,-7.2509765625,3.826904296875
38.365234,-7.2509765625,3.826904296875
38.367188,-6.84814453125,4.229736328125
38.369141,-6.243896484375,4.632568359375
38.371094,-5.438232421875,5.438232421875
38.373047,-4.632568359375,6.4453125
38.375,-3.62548828125,7.452392578125
38.376953,-2.618408203125,8.258056640625
38.378906,-1.812744140625,9.063720703125
38.380859,-1.20849609375,9.869384765625
38.382812,-0.8056640625,10.272216796875
38.384766,-0.604248046875,10.272216796875
38.386719,2.01416015625,-7.65380859375
38.388672,1.611328125,-8.056640625
38.390625,1.007080078125,-8.660888671875
38.392578,0.201416015625,-9.466552734375
38.394531,-0.8056640625,-10.4736328125
38.396484,-1.812744140625,-11.480712890625
38.398438,-2.618408203125,-12.286376953125
38.400391,-3.424072265625,-13.092041015625
38.402344,-4.0283203125,-13.6962890625
38.404297,-4.229736328125,-14.09912109375
38.40625,-2.01416015625,-8.258056640625
38.408203,-1.611328125,-8.056640625
38.410156,-1.20849609375,-7.452392578125
38.412109,-0.40283203125,-6.84814453125
38.414062,0.40283203125,-5.841064453125
38.416016,1.409912109375,-5.035400390625
38.417969,2.215576171875,-4.0283203125
38.419922,3.22265625,-3.22265625
38.421875,3.826904296875,-2.4169921875
38.423828,4.43115234375,-2.01416015625
38.425781,4.632568359375,-1.611328125
38.427734,4.632568359375,-1.812744140625
38.429688,4.229736328125,-2.01416015625
38.431641,3.62548828125,-2.618408203125
38.433594,2.81982421875,-3.424072265625
38.435547,2.01416015625,-4.43115234375
38.4375,1.007080078125,-5.23681640625
38.439453,0.0,-6.243896484375
38.441406,-0.8056640625,-7.049560546875
38.443359,-1.409912109375,-7.65380859375
38.445312,-1.812744140625,-8.056640625
38.447266,-2.01416015625,-8.258056640625
38.449219,-1.812744140625,-8.056640625
38.451172,3.62548828125,4.0283203125
38.453125,4.43115234375,4.632568359375
38.455078,5.23681640625,5.438232421875
38.457031,6.04248046875,6.4453125
38.458984,8.660888671875,15.106201171875
38.460938,9.66796875,16.11328125
38.462891,10.4736328125,16.9189453125
38.464844,11.077880859375,17.32177734375
38.466797,11.279296875,17.724609375
38.46875,11.480712890625,17.724609375
38.470703,12.890625,24.371337890625
38.472656,12.48779296875,23.968505859375
38.474609,11.68212890625,23.162841796875
38.476562,10.87646484375,22.357177734375
38.478516,9.869384765625,21.35009765625
38.480469,8.8623046875,20.54443359375
38.482422,8.056640625,19.537353515625
38.484375,7.2509765625,18.93310546875
38.486328,6.84814453125,18.328857421875
38.488281,6.646728515625,18.12744140625
38.490234,6.646728515625,18.12744140625
38.492188,10.675048828125,31.219482421875
38.494141,11.279296875,31.82373046875
38.496094,11.883544921875,32.62939453125
38.498047,12.890625,33.636474609375
38.5,13.897705078125,34.442138671875
38.501953,14.703369140625,35.44921875
38.503906,15.71044921875,36.2548828125
38.505859,16.314697265625,36.859130859375
38.507812,16.717529296875,37.46337890625
38.509766,16.9189453125,37.46337890625
38.511719,16.717529296875,37.46337890625
38.513672,16.314697265625,36.859130859375
38.515625,15.71044921875,36.2548828125
38.517578,14.703369140625,35.44921875
38.519531,13.897705078125,34.442138671875
38.521484,12.890625,33.636474609375
38.523438,11.883544921875,32.62939453125
38.525391,11.279296875,31.82373046875
38.527344,10.675048828125,31.219482421875
38.529297,10.272216796875,31.01806640625
38.53125,10.272216796875,31.01806640625
38.533203,10.4736328125,31.219482421875
38.535156,11.077880859375,31.622314453125
38.537109,11.68212890625,32.427978515625
38.539062,12.48779296875,33.233642578125
38.541016,13.494873046875,34.24072265625
38.542969,14.501953125,35.247802734375
38.544922,15.3076171875,36.053466796875
38.546875,21.954345703125,50.555419921875
38.548828,22.55859375,51.15966796875
38.550781,22.760009765625,51.361083984375
38.552734,22.55859375,51.361083984375
38.554688,22.357177734375,50.958251953125
38.556641,21.7529296875,50.35400390625
38.558594,20.947265625,49.54833984375
38.560547,20.1416015625,48.74267578125
38.5625,19.134521484375,47.735595703125
38.564453,18.12744140625,46.728515625
38.566406,17.32177734375,45.9228515625
38.568359,18.5302734375,45.9228515625
38.570312,18.12744140625,45.52001953125
38.572266,17.926025390625,45.318603515625
38.574219,18.12744140625,45.52001953125
38.576172,18.5302734375,45.9228515625
38.578125,19.134521484375,46.527099609375
38.580078,19.940185546875,47.332763671875
38.582031,20.947265625,48.33984375
38.583984,21.954345703125,49.346923828125
38.585938,22.760009765625,50.152587890625
38.587891,23.565673828125,50.958251953125
38.589844,24.169921875,51.5625
38.591797,24.57275390625,51.763916015625
38.59375,24.57275390625,51.96533203125
38.595703,24.371337890625,51.763916015625
38.597656,23.76708984375,51.15966796875
38.599609,23.162841796875,50.555419921875
38.601562,22.15576171875,49.54833984375
38.603516,21.35009765625,48.541259765625
38.605469,20.343017578125,47.735595703125
38.607422,19.537353515625,46.728515625
38.609375,18.731689453125,46.124267578125
38.611328,18.12744140625,45.52001953125
38.613281,17.926025390625,45.318603515625
38.615234,18.12744140625,45.318603515625
38.617188,18.328857421875,45.721435546875
38.619141,18.93310546875,46.32568359375
38.621094,19.73876953125,47.13134765625
38.623047,20.54443359375,47.93701171875
38.625,21.551513671875,48.944091796875
38.626953,22.55859375,49.951171875
38.628906,23.3642578125,50.7568359375
38.630859,23.968505859375,51.361083984375
38.632812,24.371337890625,51.763916015625
38.634766,24.57275390625,51.96533203125
38.636719,24.371337890625,51.763916015625
38.638672,23.968505859375,51.361083984375
38.640625,25.177001953125,31.219482421875
38.642578,24.371337890625,30.413818359375
38.644531,23.3642578125,29.40673828125
38.646484,23.3642578125,21.148681640625
38.648438,22.55859375,20.343017578125
38.650391,21.7529296875,19.537353515625
38.652344,19.134521484375,-4.833984375
38.654297,17.32177734375,-11.480712890625
38.65625,17.32177734375,-11.480712890625
38.658203,17.523193359375,-11.279296875
38.660156,14.09912109375,-4.43115234375
38.662109,9.869384765625,12.689208984375
38.664062,10.675048828125,13.494873046875
38.666016,2.81982421875,43.90869140625
38.667969,3.826904296875,44.915771484375
38.669922,4.632568359375,45.721435546875
38.671875,0.201416015625,49.1455078125
38.673828,0.8056640625,49.54833984375
38.675781,1.007080078125,49.749755859375
38.677734,0.8056640625,49.749755859375
38.679688,0.604248046875,49.54833984375
38.681641,0.0,48.944091796875
38.683594,-0.8056640625,48.138427734375
38.685547,-1.611328125,47.13134765625
38.6875,-2.618408203125,46.124267578125
38.689453,-3.62548828125,45.318603515625
38.691406,-4.43115234375,44.512939453125
38.693359,-5.035400390625,43.707275390625
38.695312,-5.438232421875,43.304443359375
38.697266,-5.6396484375,43.304443359375
38.699219,-5.438232421875,43.304443359375
38.701172,-5.035400390625,43.707275390625
38.703125,-4.43115234375,44.512939453125
38.705078,-3.62548828125,45.318603515625
38.707031,-4.833984375,28.60107421875
38.708984,-3.826904296875,29.608154296875
38.710938,-2.4169921875,23.565673828125
38.712891,-1.611328125,24.371337890625
38.714844,-1.007080078125,24.9755859375
38.716797,-0.201416015625,-1.007080078125
38.71875,3.424072265625,-4.43115234375
38.720703,3.021240234375,-4.632568359375
38.722656,2.618408203125,-5.23681640625
38.724609,1.812744140625,-5.841064453125
38.726562,1.007080078125,-6.84814453125
38.728516,0.0,-7.65380859375
38.730469,-0.8056640625,-8.660888671875
38.732422,-1.812744140625,-9.66796875
38.734375,-2.4169921875,-10.272216796875
38.736328,-3.021240234375,-10.87646484375
38.738281,0.0,-5.841064453125
38.740234,0.0,-5.841064453125
38.742188,0.40283203125,-5.438232421875
38.744141,1.007080078125,-5.035400390625
38.746094,1.812744140625,-4.229736328125
38.748047,2.618408203125,-3.22265625
38.75,3.62548828125,-2.215576171875
38.751953,4.632568359375,-1.409912109375
38.753906,5.438232421875,-0.604248046875
38.755859,6.04248046875,0.201416015625
38.757812,6.4453125,0.604248046875
38.759766,6.646728515625,0.604248046875
38.761719,6.4453125,0.604248046875
38.763672,6.04248046875,0.201416015625
38.765625,8.45947265625,9.66796875
38.767578,7.65380859375,8.8623046875
38.769531,6.646728515625,7.855224609375
38.771484,5.841064453125,6.84814453125
38.773438,4.833984375,6.04248046875
38.775391,4.0283203125,5.23681640625
38.777344,3.424072265625,4.632568359375
38.779297,3.22265625,4.229736328125
38.78125,3.021240234375,4.229736328125
38.783203,3.424072265625,4.43115234375
38.785156,3.826904296875,5.035400390625
38.787109,4.632568359375,5.6396484375
38.789062,5.438232421875,6.646728515625
38.791016,6.4453125,7.452392578125
38.792969,10.87646484375,22.357177734375
38.794922,11.68212890625,23.162841796875
38.796875,12.48779296875,23.968505859375
38.798828,12.890625,24.371337890625
38.800781,13.092041015625,24.774169921875
38.802734,13.092041015625,24.57275390625
38.804688,12.890625,24.371337890625
38.806641,12.286376953125,23.76708984375
38.808594,11.480712890625,22.96142578125
38.810547,10.4736328125,21.954345703125
38.8125,9.66796875,21.148681640625
38.814453,8.660888671875,20.1416015625
38.816406,7.855224609375,19.3359375
38.818359,7.2509765625,18.731689453125
38.820312,6.646728515625,18.328857421875
38.822266,6.646728515625,18.12744140625
38.824219,6.646728515625,18.328857421875
38.826172,7.2509765625,18.731689453125
38.828125,7.855224609375,19.3359375
38.830078,8.660888671875,20.1416015625
38.832031,9.66796875,21.148681640625
38.833984,10.4736328125,21.954345703125
38.835938,11.480712890625,22.96142578125
38.837891,12.286376953125,23.76708984375
38.839844,12.890625,24.371337890625
38.841797,13.092041015625,24.57275390625
38.84375,13.092041015625,24.774169921875
38.845703,12.890625,24.371337890625
38.847656,12.48779296875,23.968505859375
38.849609,11.68212890625,23.162841796875
38.851562,10.87646484375,22.357177734375
38.853516,9.869384765625,21.35009765625
38.855469,8.8623046875,20.343017578125
38.857422,15.106201171875,45.1171875
38.859375,14.501953125,44.3115234375
38.861328,15.509033203125,41.693115234375
38.863281,15.106201171875,41.49169921875
38.865234,15.3076171875,41.49169921875
38.867188,15.509033203125,41.693115234375
38.869141,16.11328125,42.29736328125
38.871094,16.9189453125,43.10302734375
38.873047,17.724609375,44.110107421875
38.875,18.731689453125,44.915771484375
38.876953,19.73876953125,45.9228515625
38.878906,20.54443359375,46.728515625
38.880859,21.148681640625,47.332763671875
38.882812,21.551513671875,47.93701171875
38.884766,21.7529296875,47.93701171875
38.886719,21.551513671875,47.93701171875
38.888672,21.148681640625,47.332763671875
38.890625,20.54443359375,46.728515625
38.892578,19.73876953125,45.9228515625
38.894531,18.731689453125,44.915771484375
38.896484,17.724609375,44.110107421875
38.898438,16.9189453125,43.10302734375
38.900391,16.11328125,42.29736328125
38.902344,15.509033203125,41.693115234375
38.904297,15.3076171875,41.49169921875
38.90625,15.106201171875,41.49169921875
38.908203,15.509033203125,41.693115234375
38.910156,15.911865234375,42.095947265625
38.912109,16.717529296875,42.901611328125
38.914062,17.523193359375,43.707275390625
38.916016,18.5302734375,44.71435546875
38.917969,19.3359375,45.721435546875
38.919922,20.343017578125,46.527099609375
38.921875,20.947265625,47.332763671875
38.923828,21.551513671875,47.735595703125
38.925781,21.7529296875,47.93701171875
38.927734,26.18408203125,42.7001953125
38.929688,25.78125,42.29736328125
38.931641,25.37841796875,41.693115234375
38.933594,24.57275390625,40.887451171875
38.935547,23.565673828125,40.081787109375
38.9375,22.55859375,39.07470703125
38.939453,21.7529296875,38.067626953125
38.941406,20.947265625,37.261962890625
38.943359,20.1416015625,36.65771484375
38.945312,19.73876953125,36.2548828125
38.947266,19.73876953125,36.053466796875
38.949219,19.73876953125,36.2548828125
38.951172,20.1416015625,36.65771484375
38.953125,20.947265625,37.261962890625
38.955078,21.7529296875,38.067626953125
38.957031,22.55859375,39.07470703125
38.958984,23.565673828125,40.081787109375
38.960938,24.57275390625,40.887451171875
38.962891,25.37841796875,41.693115234375
38.964844,25.78125,42.29736328125
38.966797,26.18408203125,42.7001953125
38.96875,26.18408203125,42.7001953125
38.970703,25.982666015625,42.498779296875
38.972656,25.579833984375,41.89453125
38.974609,24.774169921875,41.290283203125
38.976562,23.968505859375,40.283203125
38.978516,22.96142578125,39.4775390625
38.980469,21.954345703125,38.470458984375
38.982422,21.148681640625,37.664794921875
38.984375,21.148681640625,26.385498046875
38.986328,21.551513671875,19.134521484375
38.988281,21.35009765625,18.93310546875
38.990234,21.35009765625,18.93310546875
38.992188,21.7529296875,19.134521484375
38.994141,22.357177734375,19.73876953125
38.996094,23.162841796875,20.54443359375
38.998047,22.55859375,7.855224609375
39.0,20.745849609375,-10.4736328125
39.001953,21.7529296875,-9.466552734375
39.003906,22.55859375,-8.660888671875
39.005859,18.12744140625,5.23681640625
39.007812,18.5302734375,5.6396484375
39.009766,18.5302734375,5.841064453125
39.011719,16.717529296875,9.869384765625
39.013672,16.314697265625,9.466552734375
39.015625,15.509033203125,8.8623046875
39.017578,14.703369140625,8.056640625
39.019531,13.6962890625,7.049560546875
39.021484,12.890625,6.04248046875
39.023438,11.883544921875,5.23681640625
39.025391,11.077880859375,4.43115234375
39.027344,10.4736328125,3.826904296875
39.029297,10.272216796875,3.424072265625
39.03125,10.272216796875,3.424072265625
39.033203,10.4736328125,3.62548828125
39.035156,10.87646484375,4.229736328125
39.037109,11.68212890625,4.833984375
39.039062,12.48779296875,5.841064453125
39.041016,13.494873046875,6.646728515625
39.042969,14.501953125,7.65380859375
39.044922,15.3076171875,8.45947265625
39.046875,16.11328125,9.26513671875
39.048828,16.51611328125,9.869384765625
39.050781,16.717529296875,10.07080078125
39.052734,16.717529296875,9.869384765625
39.054688,16.314697265625,9.66796875
39.056641,8.660888671875,36.859130859375
39.058594,7.855224609375,36.053466796875
39.060547,6.84814453125,35.247802734375
39.0625,6.04248046875,34.24072265625
39.064453,5.035400390625,33.233642578125
39.066406,4.229736328125,32.427978515625
39.068359,3.62548828125,31.82373046875
39.070312,3.021240234375,31.4208984375
39.072266,1.20849609375,38.26904296875
39.074219,1.409912109375,38.470458984375
39.076172,1.812744140625,38.873291015625
39.078125,2.4169921875,39.4775390625
39.080078,3.22265625,40.283203125
39.082031,4.229736328125,41.290283203125
39.083984,5.23681640625,42.29736328125
39.085938,6.04248046875,43.10302734375
39.087891,6.84814453125,43.90869140625
39.089844,7.452392578125,44.512939453125
39.091797,7.855224609375,44.71435546875
39.09375,7.855224609375,44.915771484375
39.095703,7.65380859375,44.512939453125
39.097656,7.049560546875,44.110107421875
39.099609,6.4453125,43.304443359375
39.101562,5.438232421875,42.498779296875
39.103516,4.632568359375,41.49169921875
39.105469,0.40283203125,48.138427734375
39.107422,-0.604248046875,47.332763671875
39.109375,-1.20849609375,46.527099609375
39.111328,-1.812744140625,45.9228515625
39.113281,-2.01416015625,45.721435546875
39.115234,-2.01416015625,45.9228515625
39.117188,-1.611328125,46.124267578125
39.119141,-1.007080078125,46.728515625
39.121094,-0.201416015625,47.5341796875
39.123047,0.604248046875,48.33984375
39.125,1.611328125,49.346923828125
39.126953,2.618408203125,50.35400390625
39.128906,3.424072265625,51.15966796875
39.130859,4.0283203125,51.763916015625
39.132812,4.43115234375,52.166748046875
39.134766,4.632568359375,52.3681640625
39.136719,4.43115234375,52.166748046875
39.138672,4.0283203125,51.763916015625
39.140625,3.424072265625,51.15966796875
39.142578,2.618408203125,50.35400390625
39.144531,1.611328125,49.346923828125
39.146484,0.604248046875,48.33984375
39.148438,-3.826904296875,41.49169921875
39.150391,-4.632568359375,40.68603515625
39.152344,-5.23681640625,40.081787109375
39.154297,-5.438232421875,39.88037109375
39.15625,-5.6396484375,39.88037109375
39.158203,-5.438232421875,40.081787109375
39.160156,-4.833984375,40.484619140625
39.162109,-4.229736328125,41.290283203125
39.164062,-3.22265625,42.095947265625
39.166016,-2.215576171875,43.10302734375
39.167969,-1.409912109375,44.110107421875
39.169922,-0.40283203125,44.915771484375
39.171875,0.201416015625,45.52001953125
39.173828,0.8056640625,46.124267578125
39.175781,1.007080078125,46.32568359375
39.177734,1.007080078125,46.32568359375
39.179688,0.604248046875,45.9228515625
39.181641,0.0,45.318603515625
39.183594,-0.8056640625,44.71435546875
39.185547,-1.611328125,43.707275390625
39.1875,-2.618408203125,42.7001953125
39.189453,-3.62548828125,41.89453125
39.191406,-4.43115234375,40.887451171875
39.193359,-5.035400390625,40.283203125
39.195312,-5.438232421875,39.88037109375
39.197266,-5.6396484375,39.678955078125
39.199219,-5.438232421875,39.88037109375
39.201172,-6.646728515625,19.134521484375
39.203125,-6.04248046875,19.73876953125
39.205078,-5.23681640625,20.54443359375
39.207031,-4.229736328125,21.551513671875
39.208984,-3.424072265625,22.55859375
39.210938,-2.4169921875,23.3642578125
39.212891,-1.611328125,24.169921875
39.214844,-1.007080078125,24.774169921875
39.216797,-0.8056640625,25.177001953125
39.21875,-0.604248046875,25.177001953125
39.220703,-1.007080078125,24.9755859375
39.222656,-1.409912109375,24.371337890625
39.224609,-2.215576171875,23.76708984375
39.226562,-3.021240234375,22.760009765625
39.228516,-4.0283203125,21.954345703125
39.230469,-5.035400390625,20.947265625
39.232422,-5.841064453125,20.1416015625
39.234375,-6.4453125,19.3359375
39.236328,-7.049560546875,18.93310546875
39.238281,-7.2509765625,18.5302734375
39.240234,-7.452392578125,4.0283203125
39.242188,-7.2509765625,4.229736328125
39.244141,-6.646728515625,4.833984375
39.246094,-5.841064453125,5.6396484375
39.248047,-5.035400390625,6.4453125
39.25,-4.0283203125,7.452392578125
39.251953,0.40283203125,-7.2509765625
39.253906,1.20849609375,-6.4453125
39.255859,1.812744140625,-5.6396484375
39.257812,4.632568359375,-1.812744140625
39.259766,4.632568359375,-1.611328125
39.261719,4.632568359375,-1.812744140625
39.263672,9.26513671875,9.466552734375
39.265625,10.272216796875,16.314697265625
39.267578,9.466552734375,15.509033203125
39.269531,15.71044921875,41.290283203125
39.271484,14.703369140625,40.283203125
39.273438,16.314697265625,43.505859375
39.275391,15.509033203125,42.7001953125
39.277344,14.90478515625,42.095947265625
39.279297,14.501953125,41.89453125
39.28125,14.501953125,41.693115234375
39.283203,14.703369140625,41.89453125
39.285156,19.73876953125,37.46337890625
39.287109,20.54443359375,38.26904296875
39.289062,21.35009765625,39.07470703125
39.291016,22.357177734375,40.081787109375
39.292969,23.3642578125,41.0888671875
39.294922,24.169921875,41.89453125
39.296875,24.9755859375,42.7001953125
39.298828,25.37841796875,43.10302734375
39.300781,25.579833984375,43.304443359375
39.302734,25.579833984375,43.304443359375
39.304688,25.177001953125,42.901611328125
39.306641,24.57275390625,42.29736328125
39.308594,23.968505859375,41.693115234375
39.310547,22.96142578125,40.68603515625
39.3125,21.954345703125,39.678955078125
39.314453,21.148681640625,38.873291015625
39.316406,20.1416015625,37.8662109375
39.318359,19.537353515625,37.261962890625
39.320312,19.134521484375,36.859130859375
39.322266,19.134521484375,36.65771484375
39.324219,19.134521484375,36.859130859375
39.326172,19.537353515625,37.261962890625
39.328125,20.1416015625,37.8662109375
39.330078,21.148681640625,38.873291015625
39.332031,21.954345703125,39.678955078125
39.333984,22.96142578125,40.68603515625
39.335938,23.968505859375,41.693115234375
39.337891,24.57275390625,42.29736328125
39.339844,25.177001953125,42.901611328125
39.341797,25.579833984375,43.304443359375
39.34375,25.579833984375,43.304443359375
39.345703,25.37841796875,43.10302734375
39.347656,24.9755859375,42.7001953125
39.349609,24.169921875,41.89453125
39.351562,23.3642578125,41.0888671875
39.353516,22.357177734375,40.081787109375
39.355469,21.35009765625,39.07470703125
39.357422,20.54443359375,38.26904296875
39.359375,19.73876953125,37.46337890625
39.361328,19.3359375,37.060546875
39.363281,19.134521484375,36.859130859375
39.365234,19.134521484375,36.859130859375
39.367188,19.3359375,37.060546875
39.369141,19.940185546875,37.664794921875
39.371094,20.745849609375,38.470458984375
39.373047,21.7529296875,39.4775390625
39.375,24.169921875,36.053466796875
39.376953,25.177001953125,16.314697265625
39.378906,25.982666015625,17.120361328125
39.380859,26.5869140625,17.724609375
39.382812,26.98974609375,18.12744140625
39.384766,27.191162109375,18.328857421875
39.386719,26.98974609375,18.12744140625
39.388672,26.5869140625,17.724609375
39.390625,25.982666015625,17.120361328125
39.392578,25.177001953125,16.314697265625
39.394531,24.169921875,15.3076171875
39.396484,23.162841796875,14.300537109375
39.398438,22.357177734375,13.494873046875
39.400391,21.551513671875,12.689208984375
39.402344,20.947265625,12.0849609375
39.404297,20.745849609375,11.68212890625
39.40625,20.54443359375,11.68212890625
39.408203,20.745849609375,11.883544921875
39.410156,21.35009765625,12.48779296875
39.412109,22.15576171875,13.092041015625
39.414062,22.96142578125,13.897705078125
39.416016,23.565673828125,1.409912109375
39.417969,24.57275390625,2.4169921875
39.419922,25.37841796875,3.22265625
39.421875,26.18408203125,3.826904296875
39.423828,26.5869140625,4.43115234375
39.425781,26.788330078125,4.632568359375
39.427734,26.788330078125,4.632568359375
39.429688,26.5869140625,4.229736328125
39.431641,24.57275390625,-0.604248046875
39.433594,23.76708984375,-1.409912109375
39.435547,22.96142578125,-2.215576171875
39.4375,21.954345703125,-3.22265625
39.439453,20.947265625,-4.229736328125
39.441406,20.1416015625,-5.035400390625
39.443359,19.537353515625,-5.6396484375
39.445312,19.134521484375,-6.04248046875
39.447266,15.911865234375,-9.063720703125
39.449219,15.911865234375,-8.8623046875
39.451172,16.314697265625,-8.45947265625
39.453125,17.120361328125,-7.855224609375
39.455078,17.926025390625,-7.049560546875
39.457031,18.731689453125,-6.04248046875
39.458984,13.897705078125,9.063720703125
39.460938,14.90478515625,10.07080078125
39.462891,15.71044921875,10.87646484375
39.464844,16.314697265625,11.480712890625
39.466797,16.51611328125,11.68212890625
39.46875,16.717529296875,11.68212890625
39.470703,16.314697265625,11.480712890625
39.472656,15.911865234375,11.077880859375
39.474609,15.106201171875,10.272216796875
39.476562,14.300537109375,9.466552734375
39.478516,13.29345703125,8.45947265625
39.480469,12.48779296875,7.452392578125
39.482422,11.480712890625,6.646728515625
39.484375,10.87646484375,5.841064453125
39.486328,10.272216796875,5.438232421875
39.488281,10.07080078125,5.23681640625
39.490234,-0.201416015625,40.484619140625
39.492188,0.201416015625,40.887451171875
39.494141,0.8056640625,41.49169921875
39.496094,1.611328125,42.29736328125
39.498047,0.8056640625,44.71435546875
39.5,1.812744140625,45.52001953125
39.501953,2.618408203125,46.527099609375
39.503906,3.424072265625,47.332763671875
39.505859,4.229736328125,47.93701171875
39.507812,4.632568359375,48.33984375
39.509766,4.632568359375,48.541259765625
39.511719,4.632568359375,48.33984375
39.513672,4.229736328125,47.93701171875
39.515625,3.424072265625,47.332763671875
39.517578,2.618408203125,46.527099609375
39.519531,1.812744140625,45.52001953125
39.521484,0.8056640625,44.71435546875
39.523438,-1.611328125,48.541259765625
39.525391,-2.4169921875,47.735595703125
39.527344,-2.81982421875,47.13134765625
39.529297,-3.22265625,46.929931640625
39.53125,-3.22265625,46.728515625
39.533203,-3.021240234375,46.929931640625
39.535156,-2.618408203125,47.5341796875
39.537109,-1.812744140625,48.138427734375
39.539062,-1.007080078125,49.1455078125
39.541016,0.0,50.152587890625
39.542969,1.007080078125,50.958251953125
39.544922,1.812744140625,51.96533203125
39.546875,2.618408203125,52.569580078125
39.548828,3.021240234375,53.173828125
39.550781,3.22265625,53.375244140625
39.552734,3.22265625,53.375244140625
39.554688,2.81982421875,52.972412109375
39.556641,2.4169921875,52.3681640625
39.558594,1.611328125,51.5625
39.560547,0.604248046875,50.7568359375
39.5625,-0.40283203125,49.749755859375
39.564453,-1.20849609375,48.74267578125
39.566406,-2.01416015625,47.93701171875
39.568359,-2.81982421875,47.332763671875
39.570312,-3.22265625,46.929931640625
39.572266,-3.22265625,46.728515625
39.574219,-3.22265625,46.929931640625
39.576172,-2.81982421875,47.332763671875
39.578125,-2.01416015625,47.93701171875
39.580078,-1.20849609375,48.74267578125
39.582031,-0.40283203125,49.749755859375
39.583984,0.604248046875,50.7568359375
39.585938,1.611328125,51.5625
39.587891,2.4169921875,52.3681640625
39.589844,2.81982421875,52.972412109375
39.591797,3.22265625,53.375244140625
39.59375,3.22265625,53.375244140625
39.595703,3.021240234375,53.173828125
39.597656,-1.409912109375,38.067626953125
39.599609,-2.215576171875,37.261962890625
39.601562,-3.021240234375,36.456298828125
39.603516,-4.0283203125,35.44921875
39.605469,-5.035400390625,34.442138671875
39.607422,-5.841064453125,33.636474609375
39.609375,-6.4453125,32.830810546875
39.611328,-7.049560546875,32.427978515625
39.613281,-7.2509765625,32.2265625
39.615234,-7.2509765625,32.2265625
39.617188,-6.84814453125,32.427978515625
39.619141,-6.243896484375,33.0322265625
39.621094,-5.438232421875,33.837890625
39.623047,-4.632568359375,34.844970703125
39.625,-3.62548828125,35.85205078125
39.626953,-2.81982421875,36.65771484375
39.628906,-2.81982421875,24.371337890625
39.630859,-2.215576171875,24.9755859375
39.632812,-1.611328125,25.37841796875
39.634766,-1.611328125,25.579833984375
39.636719,-1.611328125,25.37841796875
39.638672,-2.215576171875,24.9755859375
39.640625,-2.81982421875,24.371337890625
39.642578,-2.81982421875,16.11328125
39.644531,-3.62548828125,15.106201171875
39.646484,-4.632568359375,14.09912109375
39.648438,-5.438232421875,13.29345703125
39.650391,-6.243896484375,12.48779296875
39.652344,-6.84814453125,11.883544921875
39.654297,-7.2509765625,11.480712890625
39.65625,-7.2509765625,11.480712890625
39.658203,-7.049560546875,11.68212890625
39.660156,-6.4453125,12.286376953125
39.662109,-5.841064453125,12.890625
39.664062,-5.035400390625,13.897705078125
39.666016,-4.0283203125,14.703369140625
39.667969,-3.021240234375,15.71044921875
39.669922,-2.215576171875,16.717529296875
39.671875,-1.409912109375,17.32177734375
39.673828,-1.007080078125,17.926025390625
39.675781,-0.604248046875,18.12744140625
39.677734,-0.8056640625,18.12744140625
39.679688,-1.007080078125,17.724609375
39.681641,-1.611328125,17.120361328125
39.683594,-2.4169921875,16.314697265625
39.685547,-3.424072265625,15.509033203125
39.6875,-4.229736328125,14.501953125
39.689453,-5.23681640625,13.494873046875
39.691406,-6.04248046875,12.689208984375
39.693359,-6.646728515625,12.0849609375
39.695312,-7.049560546875,11.68212890625
39.697266,-7.2509765625,11.480712890625
39.699219,-7.049560546875,11.68212890625
39.701172,-6.646728515625,12.0849609375
39.703125,-6.04248046875,12.689208984375
39.705078,-5.23681640625,13.494873046875
39.707031,-4.229736328125,14.501953125
39.708984,-3.424072265625,15.509033203125
39.710938,-2.4169921875,16.314697265625
39.712891,-1.611328125,17.120361328125
39.714844,-1.007080078125,17.724609375
39.716797,-0.8056640625,18.12744140625
39.71875,-0.604248046875,18.12744140625
39.720703,-1.007080078125,17.926025390625
39.722656,-1.409912109375,17.32177734375
39.724609,-2.215576171875,16.717529296875
39.726562,-3.021240234375,15.71044921875
39.728516,-4.0283203125,14.703369140625
39.730469,-5.035400390625,13.897705078125
39.732422,-5.841064453125,12.890625
39.734375,-4.632568359375,-9.66796875
39.736328,-5.23681640625,-10.07080078125
39.738281,-5.438232421875,-10.272216796875
39.740234,-5.438232421875,-10.272216796875
39.742188,-5.035400390625,-10.07080078125
39.744141,-4.43115234375,-9.466552734375
39.746094,-3.826904296875,-8.660888671875
39.748047,-2.81982421875,-7.65380859375
39.75,-1.812744140625,-6.646728515625
39.751953,-1.007080078125,-5.841064453125
39.753906,0.0,-5.035400390625
39.755859,0.604248046875,-4.229736328125
39.757812,1.007080078125,-3.826904296875
39.759766,1.20849609375,-3.826904296875
39.761719,1.007080078125,-3.826904296875
39.763672,0.604248046875,-4.229736328125
39.765625,0.0,-5.035400390625
39.767578,-1.007080078125,-5.841064453125
39.769531,-1.812744140625,-6.646728515625
39.771484,-0.201416015625,-8.45947265625
39.773438,-1.20849609375,-9.466552734375
39.775391,-2.01416015625,-10.272216796875
39.777344,-2.618408203125,-10.87646484375
39.779297,-2.81982421875,-11.077880859375
39.78125,-2.81982421875,-11.279296875
39.783203,-2.618408203125,-10.87646484375
39.785156,-2.215576171875,-10.4736328125
39.787109,-1.409912109375,-9.66796875
39.789062,-0.604248046875,-8.8623046875
39.791016,0.40283203125,-7.855224609375
39.792969,1.409912109375,-6.84814453125
39.794922,2.215576171875,-6.04248046875
39.796875,3.021240234375,-5.438232421875
39.798828,3.424072265625,-4.833984375
39.800781,3.62548828125,-4.632568359375
39.802734,3.62548828125,-4.632568359375
39.804688,3.22265625,-5.035400390625
39.806641,2.618408203125,-5.6396484375
39.808594,2.01416015625,-6.243896484375
39.810547,1.007080078125,-7.2509765625
39.8125,0.0,-8.258056640625
39.814453,-0.8056640625,-9.063720703125
39.816406,-1.812744140625,-10.07080078125
39.818359,-2.4169921875,-10.675048828125
39.820312,-2.81982421875,-11.077880859375
39.822266,-3.021240234375,-11.279296875
39.824219,-2.81982421875,-11.077880859375
39.826172,-2.4169921875,-10.675048828125
39.828125,-1.812744140625,-10.07080078125
39.830078,-0.8056640625,-9.063720703125
39.832031,0.0,-8.258056640625
39.833984,1.007080078125,-7.2509765625
39.835938,2.01416015625,-6.243896484375
39.837891,13.897705078125,30.615234375
39.839844,14.501953125,31.219482421875
39.841797,14.90478515625,31.622314453125
39.84375,16.717529296875,37.46337890625
39.845703,16.314697265625,37.261962890625
39.847656,15.911865234375,36.65771484375
39.849609,15.106201171875,36.053466796875
39.851562,14.300537109375,35.04638671875
39.853516,13.29345703125,34.24072265625
39.855469,12.48779296875,33.233642578125
39.857422,11.480712890625,32.427978515625
39.859375,10.87646484375,31.622314453125
39.861328,10.272216796875,31.01806640625
39.863281,13.092041015625,41.89453125
39.865234,15.911865234375,43.304443359375
39.867188,16.314697265625,43.505859375
39.869141,16.9189453125,44.110107421875
39.871094,17.724609375,44.915771484375
39.873047,18.5302734375,45.721435546875
39.875,19.537353515625,46.728515625
39.876953,20.54443359375,47.735595703125
39.878906,21.35009765625,48.541259765625
39.880859,21.954345703125,49.1455078125
39.882812,22.357177734375,49.54833984375
39.884766,22.55859375,49.749755859375
39.886719,22.357177734375,49.54833984375
39.888672,21.954345703125,49.1455078125
39.890625,21.35009765625,48.541259765625
39.892578,20.54443359375,47.735595703125
39.894531,19.537353515625,46.728515625
39.896484,18.5302734375,45.721435546875
39.898438,19.73876953125,41.693115234375
39.900391,18.93310546875,40.887451171875
39.902344,18.328857421875,40.283203125
39.904297,18.12744140625,40.081787109375
39.90625,18.12744140625,39.88037109375
39.908203,18.328857421875,40.283203125
39.910156,18.731689453125,40.68603515625
39.912109,19.537353515625,41.49169921875
39.914062,20.343017578125,42.29736328125
39.916016,21.35009765625,43.304443359375
39.917969,22.357177734375,44.3115234375
39.919922,23.162841796875,45.1171875
39.921875,23.968505859375,45.721435546875
39.923828,24.371337890625,46.32568359375
39.925781,24.57275390625,46.527099609375
39.927734,24.57275390625,46.527099609375
39.929688,25.78125,38.671875
39.931641,25.177001953125,38.067626953125
39.933594,24.371337890625,37.46337890625
39.935547,23.3642578125,36.456298828125
39.9375,22.55859375,35.44921875
39.939453,21.551513671875,34.6435546875
39.941406,20.745849609375,33.837890625
39.943359,20.1416015625,33.0322265625
39.945312,19.537353515625,32.62939453125
39.947266,19.537353515625,32.62939453125
39.949219,19.537353515625,32.62939453125
39.951172,20.1416015625,33.0322265625
39.953125,20.745849609375,33.837890625
39.955078,21.551513671875,34.6435546875
39.957031,22.55859375,35.44921875
39.958984,23.3642578125,36.456298828125
39.960938,24.371337890625,37.46337890625
39.962891,25.177001953125,38.067626953125
39.964844,25.78125,38.671875
39.966797,25.982666015625,39.07470703125
39.96875,25.982666015625,39.07470703125
39.970703,25.78125,38.873291015625
39.972656,25.37841796875,38.470458984375
39.974609,24.57275390625,37.664794921875
39.976562,23.76708984375,36.859130859375
39.978516,22.760009765625,35.85205078125
39.980469,21.7529296875,34.844970703125
39.982422,20.947265625,34.039306640625
39.984375,20.1416015625,33.233642578125
39.986328,19.73876953125,32.830810546875
39.988281,19.537353515625,32.62939453125
39.990234,19.537353515625,32.62939453125
39.992188,19.940185546875,32.830810546875
39.994141,20.54443359375,33.43505859375
39.996094,21.148681640625,34.24072265625
39.998047,22.15576171875,35.247802734375
40.0,23.162841796875,36.2548828125
40.001953,23.968505859375,37.060546875
40.003906,24.9755859375,37.8662109375
40.005859,25.579833984375,38.671875
40.007812,25.982666015625,39.07470703125
40.009766,26.18408203125,39.07470703125
40.011719,27.392578125,11.883544921875
40.013672,26.788330078125,11.480712890625
40.015625,26.18408203125,10.87646484375
40.017578,25.37841796875,10.07080078125
40.019531,24.371337890625,9.063720703125
40.021484,23.565673828125,8.056640625
40.023438,22.55859375,7.2509765625
40.025391,21.7529296875,6.4453125
40.027344,21.148681640625,5.841064453125
40.029297,20.947265625,5.438232421875
40.03125,20.947265625,5.438232421875
40.033203,20.54443359375,-1.812744140625
40.035156,21.148681640625,-1.20849609375
40.037109,21.7529296875,-0.604248046875
40.039062,22.760009765625,0.201416015625
40.041016,23.565673828125,1.20849609375
40.042969,24.57275390625,2.215576171875
40.044922,25.37841796875,3.021240234375
40.046875,26.18408203125,3.826904296875
40.048828,26.5869140625,4.229736328125
40.050781,26.98974609375,4.632568359375
40.052734,26.788330078125,4.43115234375
40.054688,26.5869140625,4.229736328125
40.056641,25.982666015625,3.62548828125
40.058594,25.177001953125,2.81982421875
40.060547,24.169921875,1.812744140625
40.0625,23.3642578125,1.007080078125
40.064453,22.357177734375,0.0
40.066406,21.551513671875,-0.8056640625
40.068359,20.947265625,-1.409912109375
40.070312,20.54443359375,-1.812744140625
40.072266,20.343017578125,-2.01416015625
40.074219,20.54443359375,-1.812744140625
40.076172,20.947265625,-1.409912109375
40.078125,18.328857421875,-11.883544921875
40.080078,19.134521484375,-11.077880859375
40.082031,20.1416015625,-10.07080078125
40.083984,21.148681640625,-9.063720703125
40.085938,21.954345703125,-8.258056640625
40.087891,22.760009765625,-7.452392578125
40.089844,23.3642578125,-6.84814453125
40.091797,23.76708984375,-6.646728515625
40.09375,23.76708984375,-6.4453125
40.095703,23.565673828125,-6.646728515625
40.097656,22.96142578125,-7.2509765625
40.099609,22.357177734375,-8.056640625
40.101562,21.35009765625,-8.8623046875
40.103516,20.343017578125,-9.869384765625
40.105469,19.537353515625,-10.675048828125
40.107422,18.5302734375,-11.68212890625
40.109375,17.926025390625,-12.286376953125
40.111328,17.32177734375,-12.890625
40.113281,17.120361328125,-13.092041015625
40.115234,17.120361328125,-13.092041015625
40.117188,17.523193359375,-12.689208984375
40.119141,18.12744140625,-12.0849609375
40.121094,18.93310546875,-11.279296875
40.123047,19.73876953125,-10.4736328125
40.125,20.745849609375,-9.466552734375
40.126953,21.7529296875,-8.45947265625
40.128906,22.55859375,-7.65380859375
40.130859,23.162841796875,-7.049560546875
40.132812,23.565673828125,-6.646728515625
40.134766,23.76708984375,-6.4453125
40.136719,23.565673828125,-6.646728515625
40.138672,23.162841796875,-7.049560546875
40.140625,22.55859375,-7.65380859375
40.142578,21.7529296875,-8.45947265625
40.144531,20.745849609375,-9.466552734375
40.146484,19.73876953125,-10.4736328125
40.148438,18.93310546875,-11.279296875
40.150391,18.12744140625,-12.0849609375
40.152344,17.523193359375,-12.689208984375
40.154297,17.120361328125,-13.092041015625
40.15625,11.68212890625,-2.215576171875
40.158203,11.883544921875,-1.812744140625
40.160156,12.48779296875,-1.409912109375
40.162109,13.092041015625,-0.604248046875
40.164062,14.09912109375,0.201416015625
40.166016,14.90478515625,1.20849609375
40.167969,9.063720703125,28.802490234375
40.169922,10.07080078125,29.8095703125
40.171875,10.675048828125,30.413818359375
40.173828,4.632568359375,48.138427734375
40.175781,3.826904296875,51.15966796875
40.177734,3.826904296875,51.15966796875
40.179688,3.424072265625,50.7568359375
40.181641,2.81982421875,50.152587890625
40.183594,2.215576171875,49.346923828125
40.185547,1.20849609375,48.541259765625
40.1875,0.201416015625,47.5341796875
40.189453,-0.604248046875,46.527099609375
40.191406,-1.611328125,45.721435546875
40.193359,-2.215576171875,45.1171875
40.195312,-2.618408203125,44.71435546875
40.197266,-2.81982421875,44.512939453125
40.199219,-2.618408203125,44.71435546875
40.201172,-5.035400390625,43.505859375
40.203125,-4.43115234375,44.3115234375
40.205078,-3.62548828125,45.1171875
40.207031,-2.618408203125,45.9228515625
40.208984,-1.611328125,46.929931640625
40.210938,-0.8056640625,47.93701171875
40.212891,0.0,48.74267578125
40.214844,0.604248046875,49.1455078125
40.216797,1.007080078125,49.54833984375
40.21875,0.40283203125,45.721435546875
40.220703,0.201416015625,45.52001953125
40.222656,-0.40283203125,45.1171875
40.224609,-1.007080078125,44.3115234375
40.226562,-2.01416015625,43.505859375
40.228516,-4.833984375,15.3076171875
40.230469,-5.841064453125,14.300537109375
40.232422,-6.646728515625,13.494873046875
40.234375,-7.452392578125,12.689208984375
40.236328,-7.855224609375,12.286376953125
40.238281,-8.056640625,11.883544921875
40.240234,-8.056640625,12.0849609375
40.242188,-7.855224609375,12.286376953125
40.244141,-7.2509765625,12.890625
40.246094,-6.4453125,13.6962890625
40.248047,-5.438232421875,14.703369140625
40.25,-4.632568359375,15.509033203125
40.251953,-3.62548828125,16.51611328125
40.253906,-2.81982421875,17.32177734375
40.255859,-2.01416015625,17.926025390625
40.257812,-1.611328125,18.328857421875
40.259766,-1.611328125,18.5302734375
40.261719,-1.611328125,18.328857421875
40.263672,-2.01416015625,17.926025390625
40.265625,-2.81982421875,17.32177734375
40.267578,-3.62548828125,16.51611328125
40.269531,-4.632568359375,15.509033203125
40.271484,-5.438232421875,14.703369140625
40.273438,-6.4453125,13.6962890625
40.275391,-7.2509765625,12.890625
40.277344,-7.855224609375,12.286376953125
40.279297,-8.056640625,12.0849609375
40.28125,-8.056640625,11.883544921875
40.283203,-7.855224609375,12.286376953125
40.285156,-7.452392578125,12.689208984375
40.287109,-6.646728515625,13.494873046875
40.289062,-5.841064453125,14.300537109375
40.291016,-4.833984375,15.3076171875
40.292969,-3.826904296875,16.11328125
40.294922,-3.021240234375,17.120361328125
40.296875,-2.215576171875,17.724609375
40.298828,-1.812744140625,18.328857421875
40.300781,1.007080078125,-0.8056640625
40.302734,1.611328125,-4.43115234375
40.304688,1.20849609375,-4.833984375
40.306641,0.604248046875,-5.438232421875
40.308594,-0.201416015625,-6.243896484375
40.310547,-1.007080078125,-7.049560546875
40.3125,-2.01416015625,-8.056640625
40.314453,-3.021240234375,-9.063720703125
40.316406,-3.826904296875,-9.869384765625
40.318359,-4.43115234375,-10.4736328125
40.320312,-4.833984375,-10.87646484375
40.322266,-5.035400390625,-11.077880859375
40.324219,-4.833984375,-10.87646484375
40.326172,-4.43115234375,-10.4736328125
40.328125,-3.826904296875,-9.869384765625
40.330078,-3.021240234375,-9.063720703125
40.332031,-2.01416015625,-8.056640625
40.333984,-1.007080078125,-7.049560546875
40.335938,-0.201416015625,-6.243896484375
40.337891,0.604248046875,-5.438232421875
40.339844,1.20849609375,-4.833984375
40.341797,1.611328125,-4.43115234375
40.34375,1.611328125,-4.43115234375
40.345703,1.409912109375,-4.632568359375
40.347656,0.8056640625,-5.23681640625
40.349609,0.201416015625,-5.841064453125
40.351562,-0.8056640625,-6.84814453125
40.353516,-1.611328125,-7.65380859375
40.355469,-2.618408203125,-8.660888671875
40.357422,-3.424072265625,-9.466552734375
40.359375,-4.229736328125,-10.272216796875
40.361328,-4.632568359375,-10.675048828125
40.363281,-5.035400390625,-11.077880859375
40.365234,-4.833984375,-10.87646484375
40.367188,-4.632568359375,-10.675048828125
40.369141,-3.22265625,-12.286376953125
40.371094,0.0,-10.07080078125
40.373047,1.007080078125,-9.26513671875
40.375,2.01416015625,-8.258056640625
40.376953,2.81982421875,-7.2509765625
40.378906,3.826904296875,-6.4453125
40.380859,4.43115234375,-5.841064453125
40.382812,4.833984375,-5.438232421875
40.384766,5.035400390625,-5.23681640625
40.386719,4.833984375,-5.438232421875
40.388672,4.43115234375,-5.841064453125
40.390625,3.826904296875,-6.4453125
40.392578,2.81982421875,-7.2509765625
40.394531,2.01416015625,-8.258056640625
40.396484,1.007080078125,-9.26513671875
40.398438,0.0,-10.07080078125
40.400391,-0.604248046875,-10.87646484375
40.402344,-1.20849609375,-11.480712890625
40.404297,-1.611328125,-11.883544921875
40.40625,-1.611328125,-11.883544921875
40.408203,-1.409912109375,-11.68212890625
40.410156,-0.8056640625,-11.077880859375
40.412109,-0.201416015625,-10.4736328125
40.414062,0.604248046875,-9.466552734375
40.416016,1.611328125,-8.660888671875
40.417969,2.618408203125,-7.65380859375
40.419922,3.424072265625,-6.646728515625
40.421875,4.229736328125,-6.04248046875
40.423828,7.855224609375,5.438232421875
40.425781,14.90478515625,31.82373046875
40.427734,14.90478515625,31.82373046875
40.429688,14.501953125,31.4208984375
40.431641,15.71044921875,37.664794921875
40.433594,21.148681640625,47.735595703125
40.435547,20.1416015625,46.728515625
40.4375,19.134521484375,45.9228515625
40.439453,18.328857421875,44.915771484375
40.441406,18.5302734375,47.332763671875
40.443359,17.926025390625,46.728515625
40.445312,20.947265625,11.279296875
40.447266,20.947265625,11.077880859375
40.449219,20.947265625,11.279296875
40.451172,21.35009765625,11.68212890625
40.453125,22.15576171875,12.286376953125
40.455078,22.96142578125,13.29345703125
40.457031,23.76708984375,14.09912109375
40.458984,24.774169921875,15.106201171875
40.460938,25.78125,16.11328125
40.462891,26.5869140625,16.717529296875
40.464844,27.191162109375,17.32177734375
40.466797,27.392578125,17.724609375
40.46875,27.392578125,17.724609375
40.470703,27.191162109375,17.523193359375
40.472656,26.788330078125,17.120361328125
40.474609,25.982666015625,16.314697265625
40.476562,25.177001953125,15.509033203125
40.478516,24.169921875,14.501953125
40.480469,23.162841796875,13.494873046875
40.482422,22.357177734375,12.689208984375
40.484375,20.54443359375,-4.43115234375
40.486328,20.1416015625,-5.035400390625
40.488281,18.5302734375,-8.660888671875
40.490234,18.5302734375,-8.45947265625
40.492188,18.93310546875,-8.258056640625
40.494141,19.537353515625,-7.65380859375
40.496094,20.343017578125,-6.84814453125
40.498047,21.148681640625,-6.04248046875
40.5,22.15576171875,-5.035400390625
40.501953,23.162841796875,-4.0283203125
40.503906,23.968505859375,-3.22265625
40.505859,24.57275390625,-2.618408203125
40.507812,24.9755859375,-2.215576171875
40.509766,25.177001953125,-2.01416015625
40.511719,23.565673828125,-4.43115234375
40.513672,23.162841796875,-4.833984375
40.515625,22.55859375,-5.438232421875
40.517578,21.7529296875,-6.243896484375
40.519531,20.745849609375,-7.2509765625
40.521484,19.73876953125,-8.056640625
40.523438,18.93310546875,-9.063720703125
40.525391,18.12744140625,-9.869384765625
40.527344,17.523193359375,-10.4736328125
40.529297,17.32177734375,-10.675048828125
40.53125,17.120361328125,-10.675048828125
40.533203,17.523193359375,-10.4736328125
40.535156,17.926025390625,-10.07080078125
40.537109,18.731689453125,-9.26513671875
40.539062,19.537353515625,-8.45947265625
40.541016,20.54443359375,-7.452392578125
40.542969,21.35009765625,-6.4453125
40.544922,22.357177734375,-5.6396484375
40.546875,22.96142578125,-5.035400390625
40.548828,23.565673828125,-4.43115234375
40.550781,23.76708984375,-4.229736328125
40.552734,23.76708984375,-4.229736328125
40.554688,23.3642578125,-4.632568359375
40.556641,22.760009765625,-5.23681640625
40.558594,21.954345703125,-5.841064453125
40.560547,21.148681640625,-6.84814453125
40.5625,20.1416015625,-7.855224609375
40.564453,19.134521484375,-8.660888671875
40.566406,18.328857421875,-9.66796875
40.568359,17.724609375,-10.272216796875
40.570312,13.29345703125,-5.841064453125
40.572266,13.092041015625,-6.04248046875
40.574219,13.29345703125,-5.841064453125
40.576172,13.6962890625,-5.438232421875
40.578125,14.300537109375,-4.833984375
40.580078,15.106201171875,-4.0283203125
40.582031,16.11328125,-3.021240234375
40.583984,17.120361328125,-2.01416015625
40.585938,17.926025390625,-1.20849609375
40.587891,18.731689453125,-0.40283203125
40.589844,19.3359375,0.201416015625
40.591797,19.73876953125,0.40283203125
40.59375,19.73876953125,0.604248046875
40.595703,19.537353515625,0.201416015625
40.597656,18.93310546875,-0.201416015625
40.599609,18.328857421875,-1.007080078125
40.601562,17.32177734375,-1.812744140625
40.603516,16.51611328125,-2.81982421875
40.605469,15.509033203125,-3.62548828125
40.607422,14.501953125,-4.632568359375
40.609375,13.897705078125,-5.23681640625
40.611328,13.29345703125,-5.841064453125
40.613281,13.092041015625,-6.04248046875
40.615234,13.092041015625,-6.04248046875
40.617188,13.494873046875,-5.6396484375
40.619141,5.841064453125,26.5869140625
40.621094,6.4453125,27.392578125
40.623047,7.452392578125,28.399658203125
40.625,8.45947265625,29.205322265625
40.626953,9.26513671875,30.21240234375
40.628906,10.272216796875,31.01806640625
40.630859,10.87646484375,31.622314453125
40.632812,11.279296875,32.025146484375
40.634766,11.480712890625,32.2265625
40.636719,11.279296875,32.025146484375
40.638672,10.87646484375,31.622314453125
40.640625,10.272216796875,31.01806640625
40.642578,9.26513671875,30.21240234375
40.644531,8.45947265625,29.205322265625
40.646484,7.452392578125,28.399658203125
40.648438,6.4453125,27.392578125
40.650391,5.841064453125,26.5869140625
40.652344,5.23681640625,25.982666015625
40.654297,4.833984375,25.78125
40.65625,1.20849609375,37.060546875
40.658203,1.611328125,37.46337890625
40.660156,2.01416015625,37.8662109375
40.662109,-1.812744140625,48.541259765625
40.664062,-1.007080078125,49.346923828125
40.666016,-3.22265625,39.88037109375
40.667969,-2.4169921875,40.887451171875
40.669922,-1.409912109375,41.89453125
40.671875,-0.8056640625,42.498779296875
40.673828,-0.8056640625,31.82373046875
40.675781,-0.604248046875,32.025146484375
40.677734,-0.604248046875,32.025146484375
40.679688,-1.007080078125,31.622314453125
40.681641,-1.611328125,31.01806640625
40.683594,-2.4169921875,30.21240234375
40.685547,-3.22265625,29.40673828125
40.6875,-4.229736328125,28.399658203125
40.689453,-5.23681640625,27.392578125
40.691406,-6.04248046875,26.5869140625
40.693359,-6.646728515625,25.982666015625
40.695312,-7.049560546875,25.579833984375
40.697266,-7.2509765625,25.37841796875
40.699219,-7.049560546875,18.731689453125
40.701172,-6.646728515625,19.134521484375
40.703125,-6.04248046875,19.73876953125
40.705078,-5.23681640625,20.745849609375
40.707031,-4.229736328125,21.551513671875
40.708984,-3.22265625,22.55859375
40.710938,-2.4169921875,23.565673828125
40.712891,-1.611328125,24.169921875
40.714844,-1.007080078125,24.774169921875
40.716797,-0.604248046875,25.177001953125
40.71875,-0.604248046875,25.177001953125
40.720703,-0.8056640625,24.9755859375
40.722656,-1.409912109375,24.371337890625
40.724609,-2.01416015625,23.76708984375
40.726562,-3.021240234375,22.96142578125
40.728516,-3.826904296875,21.954345703125
40.730469,-4.833984375,20.947265625
40.732422,-5.6396484375,20.1416015625
40.734375,-6.4453125,19.3359375
40.736328,-6.84814453125,18.93310546875
40.738281,-7.2509765625,18.5302734375
40.740234,-7.049560546875,18.731689453125
40.742188,-6.84814453125,18.93310546875
40.744141,-6.243896484375,19.537353515625
40.746094,-5.438232421875,20.343017578125
40.748047,-4.632568359375,21.35009765625
40.75,-3.62548828125,22.15576171875
40.751953,-2.618408203125,23.162841796875
40.753906,-1.812744140625,23.968505859375
40.755859,-1.20849609375,24.57275390625
40.757812,-0.8056640625,24.9755859375
40.759766,-0.604248046875,25.177001953125
40.761719,-0.8056640625,24.9755859375
40.763672,-1.20849609375,24.57275390625
40.765625,-1.812744140625,23.968505859375
40.767578,-2.618408203125,23.162841796875
40.769531,-3.021240234375,1.611328125
40.771484,-3.62548828125,-5.438232421875
40.773438,-4.43115234375,-6.4453125
40.775391,-5.23681640625,-7.049560546875
40.777344,-5.841064453125,-7.65380859375
40.779297,-6.243896484375,-8.056640625
40.78125,-5.841064453125,-8.45947265625
40.783203,-5.6396484375,-8.258056640625
40.785156,-5.035400390625,-7.65380859375
40.787109,-4.43115234375,-7.049560546875
40.789062,-3.424072265625,-6.04248046875
40.791016,-2.618408203125,-5.23681640625
40.792969,-1.611328125,-4.229736328125
40.794922,-0.8056640625,-3.424072265625
40.796875,0.0,-2.618408203125
40.798828,0.604248046875,-2.215576171875
40.800781,0.8056640625,-1.812744140625
40.802734,0.604248046875,-2.01416015625
40.804688,0.40283203125,-2.215576171875
40.806641,-0.201416015625,-2.81982421875
40.808594,-1.007080078125,-3.62548828125
40.810547,-1.812744140625,-4.43115234375
40.8125,-2.81982421875,-5.438232421875
40.814453,3.62548828125,1.611328125
40.816406,2.618408203125,0.8056640625
40.818359,2.01416015625,0.0
40.820312,1.611328125,-0.40283203125
40.822266,1.409912109375,-0.40283203125
40.824219,1.611328125,-0.40283203125
40.826172,2.01416015625,0.0
40.828125,2.618408203125,0.8056640625
40.830078,3.62548828125,1.611328125
40.832031,4.43115234375,2.4169921875
40.833984,5.438232421875,3.424072265625
40.835938,6.4453125,4.43115234375
40.837891,7.049560546875,5.23681640625
40.839844,7.65380859375,5.841064453125
40.841797,8.056640625,6.04248046875
40.84375,8.056640625,6.04248046875
40.845703,7.855224609375,5.841064453125
40.847656,7.2509765625,5.438232421875
40.849609,6.646728515625,4.632568359375
40.851562,5.841064453125,3.826904296875
40.853516,4.833984375,2.81982421875
40.855469,3.826904296875,1.812744140625
40.857422,3.021240234375,1.007080078125
40.859375,2.215576171875,0.201416015625
40.861328,1.812744140625,-0.201416015625
40.863281,1.611328125,-0.40283203125
40.865234,1.611328125,-0.40283203125
40.867188,1.812744140625,0.0
40.869141,2.4169921875,0.40283203125
40.871094,3.22265625,1.20849609375
40.873047,4.229736328125,2.215576171875
40.875,5.035400390625,3.22265625
40.876953,6.04248046875,4.0283203125
40.878906,6.84814453125,4.833984375
40.880859,7.452392578125,5.6396484375
40.882812,7.855224609375,6.04248046875
40.884766,8.056640625,6.04248046875
40.886719,7.855224609375,6.04248046875
40.888672,7.452392578125,5.6396484375
40.890625,6.84814453125,4.833984375
40.892578,6.04248046875,4.0283203125
40.894531,5.035400390625,3.22265625
40.896484,4.229736328125,2.215576171875
40.898438,3.22265625,1.20849609375
40.900391,2.4169921875,0.40283203125
40.902344,1.812744140625,0.0
40.904297,1.611328125,-0.40283203125
40.90625,1.611328125,-0.40283203125
40.908203,1.812744140625,-0.201416015625
40.910156,2.215576171875,0.201416015625
40.912109,9.869384765625,26.788330078125
40.914062,12.689208984375,34.039306640625
40.916016,13.494873046875,35.04638671875
40.917969,14.501953125,35.85205078125
40.919922,15.3076171875,36.859130859375
40.921875,16.11328125,37.46337890625
40.923828,16.717529296875,38.067626953125
40.925781,16.9189453125,38.26904296875
40.927734,16.717529296875,38.26904296875
40.929688,16.51611328125,37.8662109375
40.931641,15.911865234375,37.261962890625
40.933594,15.106201171875,36.456298828125
40.935547,14.300537109375,35.650634765625
40.9375,13.29345703125,34.6435546875
40.939453,12.286376953125,33.636474609375
40.941406,12.689208984375,38.26904296875
40.943359,12.0849609375,37.46337890625
40.945312,11.68212890625,37.060546875
40.947266,11.480712890625,37.060546875
40.949219,11.68212890625,37.060546875
40.951172,12.0849609375,37.46337890625
40.953125,12.689208984375,38.26904296875
40.955078,13.494873046875,39.07470703125
40.957031,14.501953125,39.88037109375
40.958984,15.509033203125,40.887451171875
40.960938,16.314697265625,41.89453125
40.962891,17.120361328125,42.7001953125
40.964844,17.724609375,43.304443359375
40.966797,18.12744140625,43.505859375
40.96875,18.12744140625,43.505859375
40.970703,17.926025390625,43.304443359375
40.972656,20.947265625,47.735595703125
40.974609,20.343017578125,47.13134765625
40.976562,19.3359375,46.124267578125
40.978516,18.5302734375,45.1171875
40.980469,17.523193359375,44.3115234375
40.982422,21.148681640625,39.4775390625
40.984375,20.343017578125,38.671875
40.986328,19.940185546875,38.26904296875
40.988281,19.73876953125,38.067626953125
40.990234,19.3359375,-5.035400390625
40.992188,19.537353515625,-4.632568359375
40.994141,15.71044921875,-6.646728515625
40.996094,16.51611328125,-5.841064453125
40.998047,17.32177734375,-5.035400390625
41.0,10.272216796875,21.7529296875
41.001953,11.077880859375,22.55859375
41.003906,12.0849609375,23.565673828125
41.005859,12.689208984375,24.169921875
41.007812,13.092041015625,24.57275390625
41.009766,9.869384765625,39.07470703125
41.011719,9.66796875,39.07470703125
41.013672,9.26513671875,38.671875
41.015625,8.660888671875,37.8662109375
41.017578,7.855224609375,37.060546875
41.019531,6.84814453125,36.2548828125
41.021484,5.841064453125,35.247802734375
41.023438,5.035400390625,34.24072265625
41.025391,4.229736328125,33.43505859375
41.027344,3.62548828125,33.0322265625
41.029297,3.22265625,32.62939453125
41.03125,3.22265625,32.62939453125
41.033203,3.424072265625,32.830810546875
41.035156,4.0283203125,33.233642578125
41.037109,4.632568359375,34.039306640625
41.039062,5.6396484375,34.844970703125
41.041016,6.646728515625,35.85205078125
41.042969,7.452392578125,36.859130859375
41.044922,8.45947265625,37.664794921875
41.046875,9.063720703125,38.470458984375
41.048828,9.66796875,38.873291015625
41.050781,9.869384765625,39.07470703125
41.052734,9.869384765625,39.07470703125
41.054688,9.466552734375,38.671875
41.056641,8.8623046875,38.26904296875
41.058594,8.056640625,37.46337890625
41.060547,7.2509765625,36.456298828125
41.0625,1.20849609375,46.929931640625
41.064453,0.40283203125,46.124267578125
41.066406,-0.40283203125,45.318603515625
41.068359,-1.20849609375,44.512939453125
41.070312,-1.611328125,44.110107421875
41.072266,-1.611328125,44.110107421875
41.074219,-3.021240234375,45.721435546875
41.076172,-2.618408203125,46.124267578125
41.078125,-1.812744140625,46.929931640625
41.080078,-1.007080078125,47.735595703125
41.082031,-0.201416015625,48.541259765625
41.083984,0.8056640625,49.54833984375
41.085938,1.812744140625,50.555419921875
41.087891,2.618408203125,51.361083984375
41.089844,3.021240234375,51.96533203125
41.091797,3.424072265625,52.166748046875
41.09375,3.424072265625,52.166748046875
41.095703,3.22265625,51.96533203125
41.097656,2.81982421875,51.5625
41.099609,2.01416015625,50.7568359375
41.101562,1.20849609375,49.951171875
41.103516,0.201416015625,48.944091796875
41.105469,-0.8056640625,47.93701171875
41.107422,-1.611328125,47.13134765625
41.109375,-2.4169921875,46.32568359375
41.111328,-2.81982421875,45.9228515625
41.113281,-3.021240234375,45.721435546875
41.115234,-3.021240234375,45.721435546875
41.117188,-2.618408203125,46.124267578125
41.119141,-2.215576171875,46.728515625
41.121094,-5.035400390625,37.261962890625
41.123047,-4.0283203125,38.26904296875
41.125,-3.021240234375,39.07470703125
41.126953,-2.215576171875,40.081787109375
41.128906,-1.409912109375,40.887451171875
41.130859,-0.604248046875,12.0849609375
41.132812,-0.201416015625,12.48779296875
41.134766,-0.201416015625,12.689208984375
41.136719,-0.201416015625,12.48779296875
41.138672,-0.604248046875,12.0849609375
41.140625,0.201416015625,-4.43115234375
41.142578,-0.604248046875,-5.23681640625
41.144531,-1.409912109375,-6.04248046875
41.146484,1.007080078125,-6.243896484375
41.148438,0.0,-7.049560546875
41.150391,-0.8056640625,-7.855224609375
41.152344,-1.409912109375,-8.45947265625
41.154297,-1.611328125,-8.660888671875
41.15625,-1.812744140625,-8.8623046875
41.158203,-1.409912109375,-8.45947265625
41.160156,-1.007080078125,-8.056640625
41.162109,1.409912109375,-5.6396484375
41.164062,2.215576171875,-4.632568359375
41.166016,3.22265625,-3.62548828125
41.167969,4.229736328125,-2.81982421875
41.169922,5.035400390625,-1.812744140625
41.171875,5.841064453125,-1.20849609375
41.173828,6.243896484375,-0.604248046875
41.175781,6.4453125,-0.40283203125
41.177734,6.4453125,-0.40283203125
41.179688,6.243896484375,-0.8056640625
41.181641,5.6396484375,-1.409912109375
41.183594,4.833984375,-2.215576171875
41.185547,3.826904296875,-3.021240234375
41.1875,3.021240234375,-4.0283203125
41.189453,2.01416015625,-5.035400390625
41.191406,1.20849609375,-5.841064453125
41.193359,0.604248046875,-6.4453125
41.195312,0.201416015625,-6.84814453125
41.197266,0.0,-7.049560546875
41.199219,0.201416015625,-6.84814453125
41.201172,2.01416015625,-1.611328125
41.203125,6.04248046875,12.0849609375
41.205078,12.286376953125,34.24072265625
41.207031,13.29345703125,35.247802734375
41.208984,14.09912109375,36.053466796875
41.210938,15.106201171875,37.060546875
41.212891,15.911865234375,37.8662109375
41.214844,16.51611328125,38.470458984375
41.216797,16.717529296875,38.671875
41.21875,16.717529296875,38.671875
41.220703,16.51611328125,38.470458984375
41.222656,16.11328125,38.067626953125
41.224609,15.3076171875,37.261962890625
41.226562,14.501953125,36.456298828125
41.228516,13.494873046875,35.44921875
41.230469,12.48779296875,34.442138671875
41.232422,11.68212890625,33.636474609375
41.234375,11.077880859375,33.0322265625
41.236328,10.4736328125,32.427978515625
41.238281,10.272216796875,32.2265625
41.240234,10.272216796875,32.2265625
41.242188,10.675048828125,32.62939453125
41.244141,11.279296875,33.233642578125
41.246094,11.883544921875,33.837890625
41.248047,12.890625,34.844970703125
41.25,13.897705078125,35.85205078125
41.251953,14.703369140625,36.65771484375
41.253906,20.1416015625,50.958251953125
41.255859,20.745849609375,51.5625
41.257812,21.148681640625,51.96533203125
41.259766,21.35009765625,52.166748046875
41.261719,21.148681640625,51.96533203125
41.263672,20.745849609375,51.5625
41.265625,20.1416015625,50.958251953125
41.267578,19.3359375,50.152587890625
41.269531,18.328857421875,49.1455078125
41.271484,17.523193359375,48.138427734375
41.273438,16.51611328125,47.332763671875
41.275391,15.71044921875,46.527099609375
41.277344,15.106201171875,45.9228515625
41.279297,14.90478515625,45.52001953125
41.28125,14.703369140625,45.52001953125
41.283203,15.106201171875,45.721435546875
41.285156,15.509033203125,46.32568359375
41.287109,16.314697265625,46.929931640625
41.289062,18.731689453125,46.124267578125
41.291016,20.745849609375,46.527099609375
41.292969,21.7529296875,47.5341796875
41.294922,22.55859375,48.33984375
41.296875,23.3642578125,48.944091796875
41.298828,23.76708984375,49.54833984375
41.300781,24.169921875,49.749755859375
41.302734,23.968505859375,49.749755859375
41.304688,23.76708984375,49.346923828125
41.306641,23.162841796875,48.74267578125
41.308594,22.357177734375,47.93701171875
41.310547,21.35009765625,47.13134765625
41.3125,20.54443359375,46.124267578125
41.314453,19.537353515625,45.1171875
41.316406,18.731689453125,44.3115234375
41.318359,18.93310546875,41.290283203125
41.320312,18.5302734375,40.887451171875
41.322266,20.1416015625,26.18408203125
41.324219,20.343017578125,26.18408203125
41.326172,21.148681640625,4.833984375
41.328125,21.7529296875,5.438232421875
41.330078,22.760009765625,6.243896484375
41.332031,23.565673828125,7.2509765625
41.333984,24.57275390625,8.258056640625
41.335938,25.579833984375,9.063720703125
41.337891,26.18408203125,9.869384765625
41.339844,26.788330078125,10.4736328125
41.341797,27.191162109375,10.675048828125
41.34375,27.191162109375,10.87646484375
41.345703,26.98974609375,10.675048828125
41.347656,26.5869140625,10.07080078125
41.349609,25.78125,9.26513671875
41.351562,24.9755859375,8.45947265625
41.353516,23.968505859375,7.452392578125
41.355469,22.96142578125,6.646728515625
41.357422,22.15576171875,5.6396484375
41.359375,18.5302734375,-13.092041015625
41.361328,18.12744140625,-13.6962890625
41.363281,17.926025390625,-13.897705078125
41.365234,17.926025390625,-13.897705078125
41.367188,18.328857421875,-13.494873046875
41.369141,18.731689453125,-12.890625
41.371094,19.537353515625,-12.0849609375
41.373047,20.54443359375,-11.279296875
41.375,21.551513671875,-10.272216796875
41.376953,22.357177734375,-9.26513671875
41.378906,23.162841796875,-8.45947265625
41.380859,23.968505859375,-7.855224609375
41.382812,24.371337890625,-7.452392578125
41.384766,24.371337890625,-7.2509765625
41.386719,24.371337890625,-7.452392578125
41.388672,23.968505859375,-7.855224609375
41.390625,23.162841796875,-8.45947265625
41.392578,22.357177734375,-9.26513671875
41.394531,21.551513671875,-10.272216796875
41.396484,20.54443359375,-11.279296875
41.398438,19.537353515625,-12.0849609375
41.400391,15.71044921875,-8.660888671875
41.402344,10.675048828125,5.23681640625
41.404297,10.272216796875,4.833984375
41.40625,10.272216796875,4.833984375
41.408203,10.4736328125,5.035400390625
41.410156,10.87646484375,5.6396484375
41.412109,11.68212890625,6.243896484375
41.414062,12.48779296875,7.049560546875
41.416016,13.494873046875,8.056640625
41.417969,14.501953125,9.063720703125
41.419922,15.3076171875,9.869384765625
41.421875,16.11328125,10.675048828125
41.423828,14.703369140625,16.9189453125
41.425781,15.106201171875,17.120361328125
41.427734,14.90478515625,17.120361328125
41.429688,14.703369140625,16.9189453125
41.431641,14.09912109375,16.314697265625
41.433594,13.29345703125,15.509033203125
41.435547,12.286376953125,14.501953125
41.4375,11.480712890625,13.494873046875
41.439453,10.4736328125,12.689208984375
41.441406,9.66796875,11.883544921875
41.443359,9.063720703125,11.077880859375
41.445312,8.660888671875,10.675048828125
41.447266,8.45947265625,10.675048828125
41.449219,8.660888671875,10.675048828125
41.451172,9.063720703125,11.077880859375
41.453125,9.66796875,11.883544921875
41.455078,10.4736328125,12.689208984375
41.457031,11.480712890625,13.494873046875
41.458984,12.286376953125,14.501953125
41.460938,13.29345703125,15.509033203125
41.462891,14.09912109375,16.314697265625
41.464844,9.26513671875,38.470458984375
41.466797,9.466552734375,38.873291015625
41.46875,9.66796875,38.873291015625
41.470703,9.466552734375,38.671875
41.472656,8.8623046875,38.067626953125
41.474609,8.056640625,37.46337890625
41.476562,7.2509765625,36.65771484375
41.478516,6.243896484375,35.650634765625
41.480469,5.438232421875,34.6435546875
41.482422,4.43115234375,33.837890625
41.484375,3.826904296875,33.0322265625
41.486328,3.22265625,32.62939453125
41.488281,1.611328125,36.859130859375
41.490234,1.812744140625,36.859130859375
41.492188,2.01416015625,37.261962890625
41.494141,2.618408203125,37.664794921875
41.496094,3.424072265625,38.470458984375
41.498047,4.229736328125,39.4775390625
41.5,5.23681640625,40.484619140625
41.501953,6.243896484375,41.290283203125
41.503906,7.049560546875,42.095947265625
41.505859,7.65380859375,42.901611328125
41.507812,8.056640625,43.304443359375
41.509766,8.258056640625,43.304443359375
41.511719,8.056640625,43.304443359375
41.513672,7.65380859375,42.901611328125
41.515625,7.049560546875,42.095947265625
41.517578,6.243896484375,41.290283203125
41.519531,5.23681640625,40.484619140625
41.521484,4.229736328125,39.4775390625
41.523438,3.424072265625,38.470458984375
41.525391,2.618408203125,37.664794921875
41.527344,2.01416015625,37.261962890625
41.529297,1.812744140625,36.859130859375
41.53125,1.611328125,36.859130859375
41.533203,1.812744140625,37.060546875
41.535156,2.4169921875,37.46337890625
41.537109,3.021240234375,38.26904296875
41.539062,4.0283203125,39.07470703125
41.541016,5.035400390625,40.081787109375
41.542969,5.841064453125,41.0888671875
41.544922,0.8056640625,47.735595703125
41.546875,1.611328125,48.541259765625
41.548828,2.01416015625,48.944091796875
41.550781,2.215576171875,49.346923828125
41.552734,2.215576171875,49.1455078125
41.554688,1.812744140625,48.944091796875
41.556641,1.20849609375,48.33984375
41.558594,0.604248046875,47.5341796875
41.560547,-0.40283203125,46.728515625
41.5625,-1.409912109375,45.721435546875
41.564453,-2.215576171875,44.71435546875
41.566406,-3.22265625,43.90869140625
41.568359,-3.826904296875,43.304443359375
41.570312,-4.229736328125,42.901611328125
41.572266,-4.43115234375,42.7001953125
41.574219,-4.229736328125,42.901611328125
41.576172,-3.826904296875,43.304443359375
41.578125,-4.229736328125,42.498779296875
41.580078,-3.424072265625,43.304443359375
41.582031,-2.4169921875,44.3115234375
41.583984,-1.409912109375,45.318603515625
41.585938,-0.604248046875,46.124267578125
41.587891,0.201416015625,46.929931640625
41.589844,0.8056640625,47.5341796875
41.591797,1.20849609375,47.93701171875
41.59375,1.20849609375,47.93701171875
41.595703,-0.40283203125,32.427978515625
41.597656,-1.007080078125,31.82373046875
41.599609,-1.611328125,31.219482421875
41.601562,-2.618408203125,30.21240234375
41.603516,-3.424072265625,29.40673828125
41.605469,-4.229736328125,0.0
41.607422,-1.611328125,-12.48779296875
41.609375,0.604248046875,-6.243896484375
41.611328,0.201416015625,-6.646728515625
41.613281,0.0,-6.84814453125
41.615234,0.0,-6.84814453125
41.617188,0.40283203125,-6.646728515625
41.619141,0.8056640625,-6.04248046875
41.621094,1.611328125,-5.23681640625
41.623047,2.618408203125,-4.229736328125
41.625,3.62548828125,-3.22265625
41.626953,4.43115234375,-2.4169921875
41.628906,5.23681640625,-1.611328125
41.630859,6.04248046875,-0.8056640625
41.632812,6.4453125,-0.40283203125
41.634766,6.4453125,-0.40283203125
41.636719,6.4453125,-0.40283203125
41.638672,6.04248046875,-0.8056640625
41.640625,5.23681640625,-1.611328125
41.642578,4.43115234375,-2.4169921875
41.644531,6.84814453125,7.049560546875
41.646484,5.841064453125,6.04248046875
41.648438,4.833984375,5.23681640625
41.650391,4.229736328125,4.43115234375
41.652344,3.62548828125,3.826904296875
41.654297,3.22265625,3.424072265625
41.65625,3.22265625,3.424072265625
41.658203,3.424072265625,3.62548828125
41.660156,4.0283203125,4.229736328125
41.662109,4.632568359375,4.833984375
41.664062,5.438232421875,5.841064453125
41.666016,6.4453125,6.646728515625
41.667969,7.452392578125,7.65380859375
41.669922,8.258056640625,8.45947265625
41.671875,9.063720703125,9.26513671875
41.673828,9.466552734375,9.66796875
41.675781,9.66796875,10.07080078125
41.677734,9.66796875,9.869384765625
41.679688,9.466552734375,9.66796875
41.681641,8.8623046875,9.063720703125
41.683594,8.056640625,8.258056640625
41.685547,7.049560546875,7.452392578125
41.6875,6.243896484375,6.4453125
41.689453,5.23681640625,5.438232421875
41.691406,4.43115234375,4.632568359375
41.693359,3.826904296875,4.0283203125
41.695312,3.22265625,3.62548828125
41.697266,3.22265625,3.424072265625
41.699219,3.22265625,3.62548828125
41.701172,3.826904296875,4.0283203125
41.703125,4.43115234375,4.632568359375
41.705078,5.23681640625,5.438232421875
41.707031,13.092041015625,35.247802734375
41.708984,14.09912109375,36.2548828125
41.710938,14.90478515625,37.060546875
41.712891,15.71044921875,37.8662109375
41.714844,16.314697265625,38.470458984375
41.716797,16.51611328125,38.873291015625
41.71875,16.717529296875,38.873291015625
41.720703,16.314697265625,38.671875
41.722656,15.911865234375,38.067626953125
41.724609,15.106201171875,37.46337890625
41.726562,14.300537109375,36.456298828125
41.728516,13.29345703125,35.650634765625
41.730469,15.911865234375,45.721435546875
41.732422,14.90478515625,44.71435546875
41.734375,14.300537109375,44.110107421875
41.736328,13.6962890625,43.505859375
41.738281,13.494873046875,43.304443359375
41.740234,13.6962890625,43.304443359375
41.742188,13.897705078125,43.707275390625
41.744141,14.501953125,44.3115234375
41.746094,15.3076171875,45.1171875
41.748047,16.11328125,45.9228515625
41.75,17.120361328125,46.929931640625
41.751953,18.12744140625,47.93701171875
41.753906,18.93310546875,48.74267578125
41.755859,19.537353515625,49.346923828125
41.757812,19.940185546875,49.749755859375
41.759766,20.1416015625,49.951171875
41.761719,19.940185546875,49.749755859375
41.763672,19.537353515625,49.346923828125
41.765625,18.93310546875,48.74267578125
41.767578,18.12744140625,47.93701171875
41.769531,17.120361328125,46.929931640625
41.771484,16.11328125,45.9228515625
41.773438,15.3076171875,45.1171875
41.775391,14.501953125,44.3115234375
41.777344,13.897705078125,43.707275390625
41.779297,13.6962890625,43.304443359375
41.78125,13.494873046875,43.304443359375
41.783203,13.6962890625,43.505859375
41.785156,14.300537109375,44.110107421875
41.787109,14.90478515625,44.71435546875
41.789062,15.911865234375,45.721435546875
41.791016,21.35009765625,44.915771484375
41.792969,22.15576171875,45.721435546875
41.794922,25.177001953125,44.512939453125
41.796875,25.78125,45.318603515625
41.798828,26.385498046875,45.721435546875
41.800781,26.5869140625,45.9228515625
41.802734,26.5869140625,45.9228515625
41.804688,26.18408203125,45.52001953125
41.806641,25.579833984375,45.1171875
41.808594,24.774169921875,44.3115234375
41.810547,23.968505859375,43.304443359375
41.8125,22.96142578125,42.29736328125
41.814453,21.954345703125,41.49169921875
41.816406,21.148681640625,40.68603515625
41.818359,20.54443359375,39.88037109375
41.820312,20.1416015625,39.4775390625
41.822266,19.940185546875,39.4775390625
41.824219,20.1416015625,39.4775390625
41.826172,20.54443359375,39.88037109375
41.828125,21.148681640625,40.68603515625
41.830078,21.954345703125,41.49169921875
41.832031,22.96142578125,42.29736328125
41.833984,23.968505859375,43.304443359375
41.835938,24.774169921875,44.3115234375
41.837891,25.579833984375,45.1171875
41.839844,26.18408203125,45.52001953125
41.841797,26.5869140625,45.9228515625
41.84375,26.5869140625,45.9228515625
41.845703,26.385498046875,45.721435546875
41.847656,26.5869140625,31.82373046875
41.849609,26.18408203125,16.717529296875
41.851562,25.177001953125,15.911865234375
41.853516,24.371337890625,14.90478515625
41.855469,23.3642578125,13.897705078125
41.857422,22.357177734375,13.092041015625
41.859375,21.7529296875,12.48779296875
41.861328,20.54443359375,5.23681640625
41.863281,20.343017578125,5.035400390625
41.865234,20.343017578125,5.035400390625
41.867188,20.745849609375,5.23681640625
41.869141,21.35009765625,5.841064453125
41.871094,21.954345703125,6.646728515625
41.873047,22.96142578125,7.65380859375
41.875,23.968505859375,8.45947265625
41.876953,24.774169921875,9.466552734375
41.878906,25.78125,10.272216796875
41.880859,26.385498046875,10.87646484375
41.882812,26.788330078125,11.480712890625
41.884766,26.98974609375,11.480712890625
41.886719,26.788330078125,11.480712890625
41.888672,26.385498046875,10.87646484375
41.890625,25.78125,10.272216796875
41.892578,24.774169921875,9.466552734375
41.894531,23.968505859375,8.45947265625
41.896484,22.96142578125,7.65380859375
41.898438,21.954345703125,6.646728515625
41.900391,21.35009765625,5.841064453125
41.902344,20.745849609375,5.23681640625
41.904297,20.343017578125,5.035400390625
41.90625,20.343017578125,5.035400390625
41.908203,20.54443359375,5.23681640625
41.910156,20.947265625,5.6396484375
41.912109,19.537353515625,-8.056640625
41.914062,20.343017578125,-7.049560546875
41.916016,21.35009765625,-6.243896484375
41.917969,22.357177734375,-5.23681640625
41.919922,17.120361328125,4.0283203125
41.921875,17.926025390625,4.833984375
41.923828,18.328857421875,5.23681640625
41.925781,18.5302734375,5.438232421875
41.927734,13.092041015625,24.57275390625
41.929688,12.890625,24.169921875
41.931641,12.286376953125,23.565673828125
41.933594,11.480712890625,22.760009765625
41.935547,10.4736328125,21.954345703125
41.9375,9.66796875,20.947265625
41.939453,8.660888671875,19.940185546875
41.941406,7.855224609375,19.134521484375
41.943359,7.2509765625,18.5302734375
41.945312,6.646728515625,18.12744140625
41.947266,6.646728515625,17.926025390625
41.949219,6.646728515625,18.12744140625
41.951172,7.2509765625,18.5302734375
41.953125,7.855224609375,19.134521484375
41.955078,8.660888671875,19.940185546875
41.957031,9.66796875,20.947265625
41.958984,10.4736328125,21.954345703125
41.960938,11.480712890625,22.760009765625
41.962891,4.0283203125,51.763916015625
41.964844,4.632568359375,52.3681640625
41.966797,4.833984375,52.569580078125
41.96875,5.035400390625,52.77099609375
41.970703,4.632568359375,52.3681640625
41.972656,4.229736328125,51.96533203125
41.974609,3.424072265625,51.15966796875
41.976562,2.618408203125,50.35400390625
41.978516,1.611328125,49.346923828125
41.980469,0.8056640625,48.541259765625
41.982422,-0.201416015625,47.5341796875
41.984375,-0.8056640625,46.929931640625
41.986328,-3.021240234375,43.10302734375
41.988281,-3.424072265625,42.901611328125
41.990234,-3.22265625,42.901611328125
41.992188,-3.021240234375,43.10302734375
41.994141,-2.4169921875,43.707275390625
41.996094,-1.611328125,44.512939453125
41.998047,-0.8056640625,45.52001953125
42.0,0.201416015625,46.32568359375
42.001953,1.20849609375,47.332763671875
42.003906,2.01416015625,48.138427734375
42.005859,2.618408203125,48.74267578125
42.007812,3.021240234375,49.1455078125
42.009766,3.22265625,49.346923828125
42.011719,3.021240234375,49.1455078125
42.013672,2.618408203125,48.74267578125
42.015625,2.01416015625,48.138427734375
42.017578,1.20849609375,47.332763671875
42.019531,0.201416015625,46.32568359375
42.021484,-0.8056640625,45.52001953125
42.023438,-1.611328125,44.512939453125
42.025391,-2.4169921875,43.707275390625
42.027344,-3.021240234375,43.10302734375
42.029297,-3.22265625,42.901611328125
42.03125,-3.424072265625,42.901611328125
42.033203,-3.021240234375,43.10302734375
42.035156,-2.618408203125,43.505859375
42.037109,-1.812744140625,44.3115234375
42.039062,-1.007080078125,45.1171875
42.041016,0.0,46.124267578125
42.042969,0.8056640625,47.13134765625
42.044922,1.812744140625,47.93701171875
42.046875,2.4169921875,48.541259765625
42.048828,3.021240234375,49.1455078125
42.050781,3.22265625,49.346923828125
42.052734,-0.604248046875,38.671875
42.054688,-0.8056640625,38.26904296875
42.056641,-1.409912109375,37.664794921875
42.058594,-2.215576171875,36.859130859375
42.060547,-3.021240234375,36.053466796875
42.0625,-4.0283203125,35.04638671875
42.064453,-5.035400390625,34.039306640625
42.066406,-5.841064453125,33.233642578125
42.068359,-6.4453125,32.62939453125
42.070312,-6.84814453125,32.2265625
42.072266,-7.049560546875,32.025146484375
42.074219,-6.84814453125,32.2265625
42.076172,-6.4453125,32.62939453125
42.078125,-5.841064453125,33.233642578125
42.080078,-5.035400390625,34.039306640625
42.082031,-4.0283203125,35.04638671875
42.083984,-3.021240234375,36.053466796875
42.085938,-2.215576171875,36.859130859375
42.087891,-1.409912109375,37.664794921875
42.089844,-0.8056640625,38.26904296875
42.091797,-0.604248046875,38.671875
42.09375,-0.40283203125,38.671875
42.095703,-0.604248046875,38.470458984375
42.097656,-1.20849609375,37.8662109375
42.099609,-1.812744140625,37.261962890625
42.101562,-2.81982421875,36.2548828125
42.103516,-3.826904296875,35.44921875
42.105469,-4.632568359375,34.442138671875
42.107422,-5.6396484375,33.636474609375
42.109375,-6.243896484375,32.830810546875
42.111328,-6.84814453125,32.427978515625
42.113281,-7.049560546875,32.025146484375
42.115234,-7.049560546875,32.2265625
42.117188,-6.646728515625,32.427978515625
42.119141,-6.04248046875,33.0322265625
42.121094,-5.23681640625,33.837890625
42.123047,-4.43115234375,34.844970703125
42.125,-3.424072265625,35.650634765625
42.126953,-2.4169921875,36.65771484375
42.128906,-1.611328125,37.46337890625
42.130859,-1.007080078125,38.067626953125
42.132812,-0.604248046875,38.470458984375
42.134766,-0.8056640625,32.830810546875
42.136719,-0.604248046875,11.883544921875
42.138672,-1.007080078125,11.480712890625
42.140625,-1.812744140625,10.87646484375
42.142578,-2.618408203125,10.07080078125
42.144531,-3.424072265625,9.063720703125
42.146484,-4.43115234375,8.258056640625
42.148438,-5.438232421875,7.2509765625
42.150391,-6.243896484375,6.4453125
42.152344,-6.646728515625,5.841064453125
42.154297,-7.049560546875,5.6396484375
42.15625,-7.049560546875,5.438232421875
42.158203,-6.84814453125,5.841064453125
42.160156,-6.4453125,6.243896484375
42.162109,-5.6396484375,7.049560546875
42.164062,-4.833984375,7.855224609375
42.166016,-3.826904296875,8.8623046875
42.167969,-2.81982421875,9.869384765625
42.169922,-1.409912109375,0.8056640625
42.171875,-0.604248046875,1.611328125
42.173828,-0.201416015625,2.215576171875
42.175781,0.201416015625,2.4169921875
42.177734,0.0,2.215576171875
42.179688,-0.201416015625,2.01416015625
42.181641,5.438232421875,-2.215576171875
42.183594,4.632568359375,-3.021240234375
42.185547,3.826904296875,-3.826904296875
42.1875,7.855224609375,13.494873046875
42.189453,10.4736328125,27.191162109375
42.191406,9.466552734375,26.385498046875
42.193359,15.509033203125,44.512939453125
42.195312,15.106201171875,44.110107421875
42.197266,15.106201171875,43.90869140625
42.199219,15.106201171875,44.110107421875
42.201172,15.509033203125,44.512939453125
42.203125,16.314697265625,45.1171875
42.205078,17.120361328125,46.124267578125
42.207031,17.926025390625,46.929931640625
42.208984,18.93310546875,47.93701171875
42.210938,19.940185546875,48.74267578125
42.212891,20.54443359375,49.54833984375
42.214844,21.148681640625,50.152587890625
42.216797,21.551513671875,50.555419921875
42.21875,21.551513671875,50.555419921875
42.220703,25.177001953125,47.5341796875
42.222656,24.774169921875,47.13134765625
42.224609,23.968505859375,46.32568359375
42.226562,23.162841796875,45.52001953125
42.228516,22.15576171875,44.512939453125
42.230469,21.148681640625,43.505859375
42.232422,20.343017578125,42.7001953125
42.234375,19.537353515625,41.89453125
42.236328,19.134521484375,41.49169921875
42.238281,18.93310546875,41.290283203125
42.240234,18.93310546875,41.290283203125
42.242188,19.3359375,41.49169921875
42.244141,19.73876953125,42.095947265625
42.246094,20.54443359375,42.901611328125
42.248047,21.551513671875,43.90869140625
42.25,22.55859375,44.71435546875
42.251953,23.3642578125,45.721435546875
42.253906,24.169921875,46.527099609375
42.255859,24.9755859375,47.13134765625
42.257812,25.37841796875,47.735595703125
42.259766,25.37841796875,47.735595703125
42.261719,25.37841796875,47.735595703125
42.263672,24.9755859375,47.13134765625
42.265625,24.169921875,46.527099609375
42.267578,23.3642578125,45.721435546875
42.269531,22.55859375,44.71435546875
42.271484,21.551513671875,43.90869140625
42.273438,20.54443359375,42.901611328125
42.275391,19.73876953125,42.095947265625
42.277344,19.3359375,41.49169921875
42.279297,18.93310546875,41.290283203125
42.28125,18.93310546875,41.290283203125
42.283203,19.134521484375,41.49169921875
42.285156,19.537353515625,41.89453125
42.287109,20.343017578125,42.7001953125
42.289062,23.162841796875,21.148681640625
42.291016,24.169921875,22.15576171875
42.292969,25.177001953125,23.162841796875
42.294922,25.982666015625,23.968505859375
42.296875,26.788330078125,24.57275390625
42.298828,27.191162109375,25.177001953125
42.300781,27.392578125,25.37841796875
42.302734,27.392578125,25.37841796875
42.304688,27.191162109375,24.9755859375
42.306641,26.5869140625,24.371337890625
42.308594,25.78125,23.76708984375
42.310547,24.774169921875,22.760009765625
42.3125,23.968505859375,21.7529296875
42.314453,22.96142578125,20.947265625
42.316406,22.15576171875,19.940185546875
42.318359,21.551513671875,19.3359375
42.320312,20.947265625,18.93310546875
42.322266,20.947265625,18.731689453125
42.324219,20.947265625,18.93310546875
42.326172,21.551513671875,19.3359375
42.328125,22.15576171875,19.940185546875
42.330078,22.96142578125,20.947265625
42.332031,23.968505859375,21.7529296875
42.333984,24.774169921875,22.760009765625
42.335938,25.78125,23.76708984375
42.337891,26.5869140625,24.371337890625
42.339844,25.982666015625,6.243896484375
42.341797,26.18408203125,6.4453125
42.34375,26.385498046875,6.646728515625
42.345703,25.982666015625,6.243896484375
42.347656,25.579833984375,5.841064453125
42.349609,24.774169921875,5.035400390625
42.351562,23.968505859375,4.229736328125
42.353516,21.7529296875,-7.855224609375
42.355469,20.745849609375,-8.8623046875
42.357422,19.73876953125,-9.66796875
42.359375,19.134521484375,-10.4736328125
42.361328,18.5302734375,-10.87646484375
42.363281,18.328857421875,-11.077880859375
42.365234,18.328857421875,-11.077880859375
42.367188,18.731689453125,-10.675048828125
42.369141,19.3359375,-10.272216796875
42.371094,20.1416015625,-9.466552734375
42.373047,20.947265625,-8.45947265625
42.375,21.954345703125,-7.452392578125
42.376953,19.940185546875,-7.452392578125
42.378906,20.745849609375,-6.646728515625
42.380859,21.35009765625,-6.04248046875
42.382812,21.7529296875,-5.6396484375
42.384766,21.954345703125,-5.438232421875
42.386719,21.7529296875,-5.6396484375
42.388672,21.35009765625,-6.04248046875
42.390625,20.745849609375,-6.646728515625
42.392578,19.940185546875,-7.452392578125
42.394531,18.93310546875,-8.45947265625
42.396484,17.926025390625,-9.466552734375
42.398438,17.120361328125,-10.272216796875
42.400391,16.314697265625,-11.077880859375
42.402344,15.71044921875,-11.68212890625
42.404297,15.3076171875,-12.0849609375
42.40625,15.3076171875,-12.0849609375
42.408203,15.509033203125,-11.883544921875
42.410156,16.11328125,-11.279296875
42.412109,16.717529296875,-10.675048828125
42.414062,17.724609375,-9.869384765625
42.416016,18.5302734375,-8.8623046875
42.417969,19.537353515625,-7.855224609375
42.419922,20.343017578125,-7.049560546875
42.421875,21.148681640625,-6.243896484375
42.423828,21.551513671875,-5.841064453125
42.425781,21.954345703125,-5.438232421875
42.427734,21.7529296875,-5.6396484375
42.429688,21.551513671875,-5.841064453125
42.431641,20.947265625,-6.4453125
42.433594,20.1416015625,-7.2509765625
42.435547,19.134521484375,-8.258056640625
42.4375,18.328857421875,-9.063720703125
42.439453,13.897705078125,-0.201416015625
42.441406,9.466552734375,11.68212890625
42.443359,8.8623046875,11.077880859375
42.445312,3.22265625,32.830810546875
42.447266,3.021240234375,32.62939453125
42.449219,3.22265625,32.830810546875
42.451172,-2.4169921875,45.318603515625
42.453125,-1.812744140625,45.9228515625
42.455078,-3.826904296875,38.671875
42.457031,-4.0283203125,29.205322265625
42.458984,-3.021240234375,30.010986328125
42.460938,-2.215576171875,31.01806640625
42.462891,-1.409912109375,31.82373046875
42.464844,-0.8056640625,32.427978515625
42.466797,-0.40283203125,3.826904296875
42.46875,2.01416015625,-2.215576171875
42.470703,1.812744140625,-2.4169921875
42.472656,1.20849609375,-3.021240234375
42.474609,0.604248046875,-3.62548828125
42.476562,-0.40283203125,-4.632568359375
42.478516,-1.20849609375,-5.438232421875
42.480469,-2.215576171875,-6.4453125
42.482422,-3.22265625,-7.2509765625
42.484375,-3.826904296875,-8.056640625
42.486328,-4.43115234375,-8.45947265625
42.488281,-4.632568359375,-8.8623046875
42.490234,-4.632568359375,-8.660888671875
42.492188,-4.229736328125,-8.45947265625
42.494141,-3.62548828125,-7.855224609375
42.496094,-2.81982421875,-7.049560546875
42.498047,-2.01416015625,-6.243896484375
42.5,-1.007080078125,-5.23681640625
42.501953,2.4169921875,-6.04248046875
42.503906,3.22265625,-5.23681640625
42.505859,4.0283203125,-4.43115234375
42.507812,4.43115234375,-4.0283203125
42.509766,4.43115234375,-4.0283203125
42.511719,4.43115234375,-4.0283203125
42.513672,4.0283203125,-4.43115234375
42.515625,3.22265625,-5.23681640625
42.517578,2.4169921875,-6.04248046875
42.519531,1.611328125,-6.84814453125
42.521484,0.604248046875,-7.855224609375
42.523438,-0.40283203125,-8.8623046875
42.525391,-1.007080078125,-9.66796875
42.527344,-1.611328125,-10.272216796875
42.529297,-2.01416015625,-10.4736328125
42.53125,-2.01416015625,-10.4736328125
42.533203,-1.812744140625,-10.272216796875
42.535156,-1.409912109375,-9.869384765625
42.537109,-0.604248046875,-9.063720703125
42.539062,0.201416015625,-8.258056640625
42.541016,1.20849609375,-7.2509765625
42.542969,2.215576171875,-6.243896484375
42.544922,3.021240234375,-5.438232421875
42.546875,3.826904296875,-4.632568359375
42.548828,4.229736328125,-4.229736328125
42.550781,4.43115234375,-4.0283203125
42.552734,4.43115234375,-4.0283203125
42.554688,4.229736328125,-4.43115234375
42.556641,3.62548828125,-4.833984375
42.558594,2.81982421875,-5.6396484375
42.560547,1.812744140625,-6.646728515625
42.5625,0.8056640625,-7.65380859375
42.564453,5.035400390625,6.243896484375
42.566406,4.229736328125,5.438232421875
42.568359,3.424072265625,4.632568359375
42.570312,3.021240234375,4.229736328125
42.572266,8.258056640625,24.169921875
42.574219,8.45947265625,24.371337890625
42.576172,8.8623046875,24.774169921875
42.578125,9.466552734375,25.37841796875
42.580078,12.286376953125,33.233642578125
42.582031,16.717529296875,43.505859375
42.583984,17.724609375,44.512939453125
42.585938,18.5302734375,45.318603515625
42.587891,19.3359375,46.124267578125
42.589844,19.940185546875,46.728515625
42.591797,20.1416015625,47.13134765625
42.59375,25.78125,44.71435546875
42.595703,25.579833984375,44.512939453125
42.597656,25.177001953125,44.110107421875
42.599609,24.371337890625,43.304443359375
42.601562,23.565673828125,42.498779296875
42.603516,22.55859375,41.49169921875
42.605469,21.551513671875,40.484619140625
42.607422,20.745849609375,39.678955078125
42.609375,20.1416015625,38.873291015625
42.611328,19.537353515625,38.470458984375
42.613281,19.3359375,38.26904296875
42.615234,19.3359375,38.26904296875
42.617188,19.73876953125,38.671875
42.619141,20.343017578125,39.07470703125
42.621094,20.947265625,39.88037109375
42.623047,21.954345703125,40.887451171875
42.625,22.96142578125,41.89453125
42.626953,23.76708984375,42.7001953125
42.628906,24.774169921875,43.505859375
42.630859,25.37841796875,44.3115234375
42.632812,25.78125,44.71435546875
42.634766,27.593994140625,18.328857421875
42.636719,27.392578125,18.328857421875
42.638672,26.98974609375,17.724609375
42.640625,26.385498046875,17.120361328125
42.642578,25.579833984375,16.314697265625
42.644531,24.57275390625,15.3076171875
42.646484,23.76708984375,14.501953125
42.648438,22.760009765625,13.494873046875
42.650391,21.954345703125,12.689208984375
42.652344,21.35009765625,12.0849609375
42.654297,21.148681640625,11.883544921875
42.65625,20.947265625,11.883544921875
42.658203,21.35009765625,12.0849609375
42.660156,21.7529296875,12.48779296875
42.662109,22.55859375,13.29345703125
42.664062,23.3642578125,14.09912109375
42.666016,24.371337890625,15.106201171875
42.667969,25.177001953125,16.11328125
42.669922,26.18408203125,16.9189453125
42.671875,26.788330078125,17.523193359375
42.673828,27.392578125,18.12744140625
42.675781,27.593994140625,18.328857421875
42.677734,27.593994140625,18.328857421875
42.679688,27.191162109375,17.926025390625
42.681641,26.5869140625,17.32177734375
42.683594,25.78125,16.717529296875
42.685547,24.9755859375,15.71044921875
42.6875,23.968505859375,14.703369140625
42.689453,22.96142578125,13.897705078125
42.691406,22.15576171875,12.890625
42.693359,21.551513671875,12.286376953125
42.695312,21.148681640625,11.883544921875
42.697266,20.947265625,11.68212890625
42.699219,21.148681640625,11.883544921875
42.701172,21.551513671875,12.286376953125
42.703125,22.15576171875,12.890625
42.705078,22.96142578125,13.897705078125
42.707031,23.968505859375,14.703369140625
42.708984,24.9755859375,15.71044921875
42.710938,25.78125,16.717529296875
42.712891,26.5869140625,17.32177734375
42.714844,27.191162109375,17.926025390625
42.716797,27.593994140625,18.328857421875
42.71875,27.593994140625,18.328857421875
42.720703,27.392578125,18.12744140625
42.722656,26.788330078125,17.523193359375
42.724609,24.9755859375,9.466552734375
42.726562,22.15576171875,-8.660888671875
42.728516,21.148681640625,-9.466552734375
42.730469,20.1416015625,-10.4736328125
42.732422,19.3359375,-11.279296875
42.734375,18.5302734375,-12.0849609375
42.736328,18.12744140625,-12.48779296875
42.738281,17.926025390625,-12.890625
42.740234,17.926025390625,-12.689208984375
42.742188,18.328857421875,-12.48779296875
42.744141,18.731689453125,-11.883544921875
42.746094,19.537353515625,-11.077880859375
42.748047,19.3359375,-9.466552734375
42.75,20.343017578125,-8.45947265625
42.751953,21.148681640625,-7.65380859375
42.753906,21.954345703125,-6.84814453125
42.755859,22.760009765625,-6.04248046875
42.757812,23.162841796875,-5.6396484375
42.759766,21.7529296875,-3.22265625
42.761719,21.7529296875,-3.424072265625
42.763672,21.35009765625,-3.826904296875
42.765625,20.54443359375,-4.43115234375
42.767578,14.703369140625,9.66796875
42.769531,13.6962890625,8.660888671875
42.771484,12.689208984375,7.65380859375
42.773438,11.883544921875,6.84814453125
42.775391,11.077880859375,6.04248046875
42.777344,10.4736328125,5.438232421875
42.779297,10.07080078125,5.23681640625
42.78125,8.258056640625,10.675048828125
42.783203,8.660888671875,10.87646484375
42.785156,9.063720703125,11.480712890625
42.787109,9.869384765625,12.0849609375
42.789062,10.675048828125,13.092041015625
42.791016,11.68212890625,13.897705078125
42.792969,12.48779296875,14.90478515625
42.794922,13.494873046875,15.71044921875
42.796875,14.09912109375,16.51611328125
42.798828,14.703369140625,17.120361328125
42.800781,14.90478515625,17.32177734375
42.802734,14.90478515625,17.120361328125
42.804688,12.890625,24.169921875
42.806641,12.286376953125,23.76708984375
42.808594,11.480712890625,22.96142578125
42.810547,10.4736328125,21.954345703125
42.8125,9.66796875,20.947265625
42.814453,8.660888671875,20.1416015625
42.816406,7.855224609375,19.3359375
42.818359,7.2509765625,18.5302734375
42.820312,6.646728515625,18.12744140625
42.822266,6.646728515625,18.12744140625
42.824219,6.646728515625,18.12744140625
42.826172,7.2509765625,18.5302734375
42.828125,7.855224609375,19.3359375
42.830078,8.660888671875,20.1416015625
42.832031,9.66796875,20.947265625
42.833984,10.4736328125,21.954345703125
42.835938,11.480712890625,22.96142578125
42.837891,12.286376953125,23.76708984375
42.839844,12.890625,24.169921875
42.841797,13.092041015625,24.57275390625
42.84375,13.092041015625,24.57275390625
42.845703,12.890625,24.371337890625
42.847656,12.48779296875,23.968505859375
42.849609,11.68212890625,23.162841796875
42.851562,10.87646484375,22.357177734375
42.853516,9.869384765625,21.35009765625
42.855469,8.8623046875,20.343017578125
42.857422,8.056640625,19.537353515625
42.859375,7.2509765625,18.731689453125
42.861328,6.84814453125,18.328857421875
42.863281,6.646728515625,18.12744140625
42.865234,6.646728515625,18.12744140625
42.867188,7.049560546875,18.328857421875
42.869141,7.65380859375,18.93310546875
42.871094,8.258056640625,19.73876953125
42.873047,9.26513671875,20.745849609375
42.875,10.272216796875,21.7529296875
42.876953,11.077880859375,22.55859375
42.878906,12.0849609375,23.3642578125
42.880859,7.2509765625,42.095947265625
42.882812,6.4453125,48.74267578125
42.884766,6.646728515625,48.944091796875
42.886719,6.4453125,48.74267578125
42.888672,6.04248046875,48.33984375
42.890625,3.62548828125,47.735595703125
42.892578,-1.007080078125,45.721435546875
42.894531,-2.01416015625,44.71435546875
42.896484,-4.229736328125,27.392578125
42.898438,-5.035400390625,26.5869140625
42.900391,-6.243896484375,-1.611328125
42.902344,-6.84814453125,-2.215576171875
42.904297,-4.0283203125,-12.890625
42.90625,-4.229736328125,-12.890625
42.908203,-3.826904296875,-12.689208984375
42.910156,-3.424072265625,-12.0849609375
42.912109,-2.618408203125,-11.480712890625
42.914062,-1.812744140625,-10.4736328125
42.916016,-0.8056640625,-9.66796875
42.917969,0.201416015625,-8.660888671875
42.919922,1.007080078125,-7.65380859375
42.921875,1.611328125,-7.049560546875
42.923828,2.215576171875,-6.4453125
42.925781,2.4169921875,-6.243896484375
42.927734,2.4169921875,-6.243896484375
42.929688,2.01416015625,-6.646728515625
42.931641,1.409912109375,-7.2509765625
42.933594,0.604248046875,-8.056640625
42.935547,-0.201416015625,-8.8623046875
42.9375,-1.20849609375,-9.869384765625
42.939453,-2.215576171875,-10.87646484375
42.941406,-3.021240234375,-11.68212890625
42.943359,-3.62548828125,-12.286376953125
42.945312,-4.0283203125,-12.689208984375
42.947266,-4.229736328125,-12.890625
42.949219,-4.0283203125,-12.689208984375
42.951172,-3.62548828125,-12.286376953125
42.953125,-3.021240234375,-11.68212890625
42.955078,-2.215576171875,-10.87646484375
42.957031,-1.20849609375,-9.869384765625
42.958984,-0.201416015625,-8.8623046875
42.960938,0.604248046875,-8.056640625
42.962891,10.4736328125,16.11328125
42.964844,11.077880859375,16.717529296875
42.966797,11.480712890625,17.120361328125
42.96875,11.480712890625,17.120361328125
42.970703,11.279296875,16.9189453125
42.972656,10.675048828125,16.314697265625
42.974609,10.07080078125,15.71044921875
42.976562,9.063720703125,14.703369140625
42.978516,8.258056640625,13.897705078125
42.980469,7.2509765625,12.890625
42.982422,6.243896484375,11.883544921875
42.984375,5.6396484375,11.279296875
42.986328,5.035400390625,10.675048828125
42.988281,4.833984375,10.4736328125
42.990234,4.833984375,10.4736328125
42.992188,5.23681640625,10.87646484375
42.994141,5.841064453125,11.480712890625
42.996094,6.646728515625,12.286376953125
42.998047,7.452392578125,13.092041015625
43.0,8.45947265625,14.09912109375
43.001953,9.466552734375,15.106201171875
43.003906,10.272216796875,15.911865234375
43.005859,10.87646484375,16.51611328125
43.007812,11.279296875,16.9189453125
43.009766,11.480712890625,17.120361328125
43.011719,11.279296875,16.9189453125
43.013672,10.87646484375,16.51611328125
43.015625,10.272216796875,15.911865234375
43.017578,9.466552734375,15.106201171875
43.019531,8.45947265625,14.09912109375
43.021484,7.452392578125,13.092041015625
43.023438,6.646728515625,12.286376953125
43.025391,5.841064453125,11.480712890625
43.027344,5.23681640625,10.87646484375
43.029297,4.833984375,10.4736328125
43.03125,4.833984375,10.4736328125
43.033203,5.035400390625,10.675048828125
43.035156,5.6396484375,11.279296875
43.037109,6.243896484375,11.883544921875
43.039062,7.2509765625,12.890625
43.041016,8.258056640625,13.897705078125
43.042969,9.063720703125,14.703369140625
43.044922,10.07080078125,15.71044921875
43.046875,10.675048828125,16.314697265625
43.048828,11.279296875,16.9189453125
43.050781,16.717529296875,38.26904296875
43.052734,21.551513671875,50.7568359375
43.054688,21.148681640625,50.35400390625
43.056641,25.579833984375,43.505859375
43.058594,24.774169921875,42.7001953125
43.060547,23.76708984375,41.693115234375
43.0625,23.162841796875,21.7529296875
43.064453,22.15576171875,20.745849609375
43.066406,21.35009765625,19.940185546875
43.068359,20.54443359375,-5.035400390625
43.070312,20.1416015625,-5.438232421875
43.072266,19.940185546875,-5.6396484375
43.074219,20.1416015625,-5.438232421875
43.076172,20.54443359375,-5.035400390625
43.078125,21.148681640625,-4.43115234375
43.080078,21.954345703125,-3.62548828125
43.082031,22.96142578125,-2.618408203125
43.083984,23.76708984375,-1.611328125
43.085938,24.774169921875,-0.8056640625
43.087891,25.579833984375,0.0
43.089844,26.18408203125,0.604248046875
43.091797,26.385498046875,1.007080078125
43.09375,26.5869140625,1.007080078125
43.095703,26.18408203125,0.8056640625
43.097656,23.162841796875,-3.826904296875
43.099609,22.55859375,-4.632568359375
43.101562,21.7529296875,-5.438232421875
43.103516,20.745849609375,-6.4453125
43.105469,19.73876953125,-7.2509765625
43.107422,18.93310546875,-8.258056640625
43.109375,18.12744140625,-8.8623046875
43.111328,17.724609375,-9.466552734375
43.113281,17.523193359375,-9.66796875
43.115234,17.523193359375,-9.66796875
43.117188,17.724609375,-9.26513671875
43.119141,18.328857421875,-8.660888671875
43.121094,17.926025390625,-8.056640625
43.123047,18.93310546875,-7.2509765625
43.125,19.73876953125,-6.243896484375
43.126953,20.745849609375,-5.23681640625
43.128906,21.551513671875,-4.43115234375
43.130859,22.15576171875,-3.826904296875
43.132812,22.55859375,-3.424072265625
43.134766,22.760009765625,-3.22265625
43.136719,22.55859375,-3.424072265625
43.138672,22.15576171875,-3.826904296875
43.140625,21.551513671875,-4.43115234375
43.142578,20.745849609375,-5.23681640625
43.144531,19.73876953125,-6.243896484375
43.146484,18.93310546875,-7.2509765625
43.148438,17.926025390625,-8.056640625
43.150391,14.300537109375,-6.84814453125
43.152344,13.6962890625,-7.452392578125
43.154297,13.29345703125,-7.65380859375
43.15625,13.29345703125,-7.65380859375
43.158203,6.84814453125,18.328857421875
43.160156,7.2509765625,18.731689453125
43.162109,8.056640625,19.537353515625
43.164062,8.8623046875,20.343017578125
43.166016,9.869384765625,21.35009765625
43.167969,10.87646484375,22.357177734375
43.169922,11.68212890625,23.162841796875
43.171875,12.48779296875,23.968505859375
43.173828,12.890625,24.371337890625
43.175781,13.092041015625,24.57275390625
43.177734,13.092041015625,24.57275390625
43.179688,12.890625,24.371337890625
43.181641,12.286376953125,23.76708984375
43.183594,11.480712890625,22.96142578125
43.185547,10.4736328125,21.954345703125
43.1875,9.66796875,21.148681640625
43.189453,8.660888671875,20.1416015625
43.191406,7.855224609375,19.3359375
43.193359,7.2509765625,18.5302734375
43.195312,6.646728515625,18.12744140625
43.197266,6.646728515625,18.12744140625
43.199219,6.646728515625,18.12744140625
43.201172,3.826904296875,31.01806640625
43.203125,2.618408203125,37.8662109375
43.205078,3.424072265625,38.671875
43.207031,4.43115234375,39.678955078125
43.208984,5.23681640625,40.68603515625
43.210938,6.243896484375,41.49169921875
43.212891,7.049560546875,42.29736328125
43.214844,7.65380859375,42.901611328125
43.216797,7.855224609375,43.10302734375
43.21875,7.855224609375,43.304443359375
43.220703,7.65380859375,43.10302734375
43.222656,7.2509765625,42.498779296875
43.224609,6.4453125,41.89453125
43.226562,5.6396484375,40.887451171875
43.228516,4.632568359375,39.88037109375
43.230469,3.62548828125,39.07470703125
43.232422,2.81982421875,38.067626953125
43.234375,2.215576171875,37.46337890625
43.236328,1.611328125,36.859130859375
43.238281,-2.81982421875,46.32568359375
43.240234,-2.81982421875,46.32568359375
43.242188,-2.4169921875,46.728515625
43.244141,-1.812744140625,47.13134765625
43.246094,-1.007080078125,47.93701171875
43.248047,-0.201416015625,48.944091796875
43.25,-2.81982421875,40.68603515625
43.251953,-1.812744140625,41.693115234375
43.253906,-1.007080078125,42.498779296875
43.255859,-1.409912109375,24.9755859375
43.257812,-1.611328125,18.5302734375
43.259766,1.007080078125,0.604248046875
43.261719,0.8056640625,0.604248046875
43.263672,0.40283203125,0.201416015625
43.265625,-0.201416015625,-0.604248046875
43.267578,-1.007080078125,-1.409912109375
43.269531,-2.01416015625,-2.215576171875
43.271484,-3.021240234375,-3.22265625
43.273438,-3.826904296875,-4.229736328125
43.275391,-4.632568359375,-5.035400390625
43.277344,-5.23681640625,-5.438232421875
43.279297,-5.6396484375,-5.841064453125
43.28125,-5.6396484375,-5.841064453125
43.283203,-5.438232421875,-5.6396484375
43.285156,-4.833984375,-5.23681640625
43.287109,-4.229736328125,-4.43115234375
43.289062,-3.22265625,-3.62548828125
43.291016,-2.215576171875,-2.618408203125
43.292969,-1.409912109375,-1.611328125
43.294922,-0.40283203125,-0.8056640625
43.296875,1.409912109375,-6.04248046875
43.298828,3.22265625,-6.84814453125
43.300781,3.62548828125,-6.646728515625
43.302734,3.424072265625,-6.646728515625
43.304688,3.22265625,-7.049560546875
43.306641,2.618408203125,-7.65380859375
43.308594,1.812744140625,-8.45947265625
43.310547,0.8056640625,-9.26513671875
43.3125,0.0,-10.272216796875
43.314453,-1.007080078125,-11.279296875
43.316406,-1.812744140625,-12.0849609375
43.318359,-2.4169921875,-12.689208984375
43.320312,-2.81982421875,-13.092041015625
43.322266,-3.021240234375,-13.29345703125
43.324219,-2.81982421875,-13.092041015625
43.326172,-2.4169921875,-12.689208984375
43.328125,-1.812744140625,-12.0849609375
43.330078,3.22265625,1.409912109375
43.332031,4.229736328125,2.4169921875
43.333984,5.035400390625,3.424072265625
43.335938,6.04248046875,4.229736328125
43.337891,6.84814453125,5.035400390625
43.339844,7.452392578125,5.6396484375
43.341797,7.65380859375,6.04248046875
43.34375,7.65380859375,6.04248046875
43.345703,7.452392578125,5.841064453125
43.347656,7.049560546875,5.23681640625
43.349609,6.243896484375,4.632568359375
43.351562,5.438232421875,3.62548828125
43.353516,9.869384765625,21.35009765625
43.355469,8.8623046875,20.343017578125
43.357422,8.056640625,19.537353515625
43.359375,7.2509765625,18.731689453125
43.361328,6.84814453125,18.328857421875
43.363281,6.646728515625,18.12744140625
43.365234,6.646728515625,18.12744140625
43.367188,7.049560546875,18.5302734375
43.369141,9.466552734375,25.177001953125
43.371094,10.07080078125,25.982666015625
43.373047,11.077880859375,26.98974609375
43.375,12.0849609375,27.996826171875
43.376953,12.890625,28.802490234375
43.378906,13.897705078125,29.608154296875
43.380859,14.501953125,30.413818359375
43.382812,14.90478515625,30.816650390625
43.384766,15.106201171875,30.816650390625
43.386719,14.90478515625,30.816650390625
43.388672,14.501953125,30.413818359375
43.390625,13.897705078125,29.608154296875
43.392578,12.890625,28.802490234375
43.394531,12.0849609375,27.996826171875
43.396484,11.077880859375,26.98974609375
43.398438,10.07080078125,25.982666015625
43.400391,9.466552734375,25.177001953125
43.402344,8.8623046875,24.774169921875
43.404297,8.45947265625,24.371337890625
43.40625,8.45947265625,24.371337890625
43.408203,10.272216796875,32.62939453125
43.410156,13.897705078125,41.290283203125
43.412109,14.703369140625,42.095947265625
43.414062,15.509033203125,42.901611328125
43.416016,16.51611328125,43.90869140625
43.417969,17.32177734375,44.915771484375
43.419922,18.328857421875,45.721435546875
43.421875,18.93310546875,46.32568359375
43.423828,19.537353515625,46.929931640625
43.425781,19.73876953125,47.13134765625
43.427734,19.73876953125,47.13134765625
43.429688,19.3359375,46.728515625
43.431641,18.731689453125,46.124267578125
43.433594,17.926025390625,45.52001953125
43.435547,17.120361328125,44.512939453125
43.4375,16.11328125,43.505859375
43.439453,15.106201171875,42.7001953125
43.441406,14.300537109375,41.693115234375
43.443359,13.6962890625,41.0888671875
43.445312,13.29345703125,40.68603515625
43.447266,13.092041015625,40.484619140625
43.449219,13.29345703125,40.68603515625
43.451172,13.6962890625,41.0888671875
43.453125,14.300537109375,41.693115234375
43.455078,15.106201171875,42.7001953125
43.457031,16.11328125,43.505859375
43.458984,17.120361328125,44.512939453125
43.460938,17.926025390625,45.52001953125
43.462891,18.731689453125,46.124267578125
43.464844,19.3359375,46.728515625
43.466797,19.73876953125,47.13134765625
43.46875,19.73876953125,47.13134765625
43.470703,19.537353515625,46.929931640625
43.472656,18.93310546875,46.32568359375
43.474609,18.328857421875,45.721435546875
43.476562,17.32177734375,44.915771484375
43.478516,16.51611328125,43.90869140625
43.480469,15.509033203125,42.901611328125
43.482422,14.703369140625,42.095947265625
43.484375,18.731689453125,40.68603515625
43.486328,19.3359375,36.456298828125
43.488281,19.134521484375,36.053466796875
43.490234,19.134521484375,36.2548828125
43.492188,21.551513671875,12.0849609375
43.494141,22.15576171875,12.689208984375
43.496094,19.73876953125,-7.2509765625
43.498047,20.745849609375,-6.243896484375
43.5,21.7529296875,-5.23681640625
43.501953,22.55859375,-4.43115234375
43.503906,23.3642578125,-3.62548828125
43.505859,24.169921875,-2.81982421875
43.507812,24.57275390625,-2.4169921875
43.509766,24.57275390625,-2.4169921875
43.511719,24.57275390625,-2.4169921875
43.513672,24.169921875,-2.81982421875
43.515625,23.3642578125,-3.62548828125
43.517578,22.55859375,-4.43115234375
43.519531,21.7529296875,-5.23681640625
43.521484,20.745849609375,-6.243896484375
43.523438,16.717529296875,-9.869384765625
43.525391,16.11328125,-10.675048828125
43.527344,15.509033203125,-11.279296875
43.529297,15.106201171875,-11.68212890625
43.53125,15.106201171875,-11.68212890625
43.533203,15.3076171875,-11.480712890625
43.535156,15.911865234375,-10.87646484375
43.537109,16.51611328125,-10.272216796875
43.539062,17.32177734375,-9.26513671875
43.541016,18.328857421875,-8.258056640625
43.542969,19.3359375,-7.452392578125
43.544922,20.1416015625,-6.4453125
43.546875,20.947265625,-5.841064453125
43.548828,14.703369140625,16.9189453125
43.550781,14.90478515625,17.120361328125
43.552734,14.90478515625,17.120361328125
43.554688,14.501953125,16.717529296875
43.556641,14.09912109375,16.11328125
43.558594,11.480712890625,22.760009765625
43.560547,10.4736328125,21.954345703125
43.5625,9.66796875,20.947265625
43.564453,8.660888671875,19.940185546875
43.566406,7.855224609375,19.134521484375
43.568359,7.2509765625,18.5302734375
43.570312,4.833984375,25.579833984375
43.572266,4.833984375,25.579833984375
43.574219,4.833984375,25.579833984375
43.576172,5.23681640625,25.982666015625
43.578125,6.04248046875,26.788330078125
43.580078,6.84814453125,27.593994140625
43.582031,7.65380859375,28.399658203125
43.583984,8.660888671875,29.40673828125
43.585938,9.66796875,30.413818359375
43.587891,10.4736328125,31.219482421875
43.589844,11.077880859375,31.82373046875
43.591797,11.279296875,32.025146484375
43.59375,11.279296875,32.025146484375
43.595703,11.077880859375,31.82373046875
43.597656,10.675048828125,31.4208984375
43.599609,9.869384765625,30.615234375
43.601562,9.063720703125,29.8095703125
43.603516,8.056640625,28.802490234375
43.605469,3.62548828125,37.664794921875
43.607422,2.81982421875,36.859130859375
43.609375,2.01416015625,36.053466796875
43.611328,1.611328125,35.650634765625
43.613281,1.409912109375,35.44921875
43.615234,1.409912109375,35.44921875
43.617188,1.812744140625,35.85205078125
43.619141,2.215576171875,36.2548828125
43.621094,3.021240234375,37.060546875
43.623047,4.0283203125,38.067626953125
43.625,5.035400390625,39.07470703125
43.626953,5.841064453125,39.88037109375
43.628906,6.646728515625,40.68603515625
43.630859,7.452392578125,41.49169921875
43.632812,7.855224609375,41.89453125
43.634766,7.855224609375,41.89453125
43.636719,7.855224609375,41.89453125
43.638672,7.452392578125,41.49169921875
43.640625,6.646728515625,40.68603515625
43.642578,5.841064453125,39.88037109375
43.644531,5.035400390625,39.07470703125
43.646484,4.0283203125,38.067626953125
43.648438,3.021240234375,37.060546875
43.650391,2.215576171875,36.2548828125
43.652344,1.812744140625,35.85205078125
43.654297,-4.43115234375,44.71435546875
43.65625,-4.632568359375,44.512939453125
43.658203,-4.229736328125,44.915771484375
43.660156,-3.826904296875,45.318603515625
43.662109,-3.021240234375,46.124267578125
43.664062,-2.215576171875,46.929931640625
43.666016,-1.20849609375,47.93701171875
43.667969,-0.40283203125,48.74267578125
43.669922,0.604248046875,49.749755859375
43.671875,1.20849609375,50.35400390625
43.673828,1.812744140625,50.958251953125
43.675781,0.8056640625,48.541259765625
43.677734,0.8056640625,48.33984375
43.679688,0.40283203125,48.138427734375
43.681641,-0.201416015625,47.5341796875
43.683594,-1.007080078125,46.728515625
43.685547,-1.812744140625,45.9228515625
43.6875,-2.81982421875,44.915771484375
43.689453,-3.826904296875,43.90869140625
43.691406,-4.632568359375,43.10302734375
43.693359,-5.23681640625,42.498779296875
43.695312,-5.6396484375,42.095947265625
43.697266,-5.841064453125,41.89453125
43.699219,-5.6396484375,42.095947265625
43.701172,-5.23681640625,42.498779296875
43.703125,-4.632568359375,43.10302734375
43.705078,-3.826904296875,43.90869140625
43.707031,-2.81982421875,44.915771484375
43.708984,-1.812744140625,45.9228515625
43.710938,-1.007080078125,46.728515625
43.712891,-0.201416015625,47.5341796875
43.714844,0.40283203125,48.138427734375
43.716797,0.8056640625,48.33984375
43.71875,0.8056640625,48.541259765625
43.720703,0.604248046875,48.138427734375
43.722656,0.0,47.735595703125
43.724609,-0.604248046875,46.929931640625
43.726562,-1.611328125,41.693115234375
43.728516,-4.43115234375,21.954345703125
43.730469,-5.438232421875,20.947265625
43.732422,-6.243896484375,19.940185546875
43.734375,-6.4453125,6.04248046875
43.736328,-6.84814453125,5.438232421875
43.738281,-7.049560546875,5.23681640625
43.740234,-5.035400390625,-11.279296875
43.742188,-1.611328125,-8.056640625
43.744141,9.26513671875,25.579833984375
43.746094,10.07080078125,26.385498046875
43.748047,10.87646484375,27.191162109375
43.75,11.883544921875,28.1982421875
43.751953,12.890625,29.205322265625
43.753906,18.731689453125,45.52001953125
43.755859,19.3359375,46.124267578125
43.757812,19.73876953125,46.527099609375
43.759766,19.940185546875,46.728515625
43.761719,19.73876953125,46.527099609375
43.763672,19.3359375,46.124267578125
43.765625,18.731689453125,45.52001953125
43.767578,17.926025390625,44.512939453125
43.769531,16.9189453125,43.707275390625
43.771484,20.745849609375,42.901611328125
43.773438,19.73876953125,41.89453125
43.775391,18.93310546875,41.0888671875
43.777344,18.5302734375,40.68603515625
43.779297,18.12744140625,40.283203125
43.78125,18.12744140625,40.283203125
43.783203,18.328857421875,40.484619140625
43.785156,18.731689453125,40.887451171875
43.787109,19.537353515625,41.693115234375
43.789062,20.343017578125,42.498779296875
43.791016,21.35009765625,43.505859375
43.792969,22.357177734375,44.512939453125
43.794922,23.162841796875,45.318603515625
43.796875,23.968505859375,46.124267578125
43.798828,26.5869140625,38.873291015625
43.800781,26.98974609375,39.07470703125
43.802734,26.788330078125,38.873291015625
43.804688,26.5869140625,38.671875
43.806641,25.982666015625,38.067626953125
43.808594,25.177001953125,37.261962890625
43.810547,24.169921875,36.456298828125
43.8125,23.3642578125,35.44921875
43.814453,22.357177734375,34.442138671875
43.816406,21.551513671875,33.636474609375
43.818359,20.947265625,33.0322265625
43.820312,20.54443359375,32.62939453125
43.822266,20.343017578125,32.427978515625
43.824219,20.54443359375,32.62939453125
43.826172,20.947265625,33.0322265625
43.828125,21.551513671875,33.636474609375
43.830078,22.357177734375,34.442138671875
43.832031,23.3642578125,35.44921875
43.833984,24.169921875,36.456298828125
43.835938,25.177001953125,37.261962890625
43.837891,25.982666015625,38.067626953125
43.839844,26.5869140625,38.671875
43.841797,26.788330078125,38.873291015625
43.84375,26.98974609375,39.07470703125
43.845703,26.5869140625,38.873291015625
43.847656,26.18408203125,17.724609375
43.849609,25.37841796875,17.120361328125
43.851562,24.57275390625,16.11328125
43.853516,23.565673828125,15.3076171875
43.855469,21.148681640625,-9.466552734375
43.857422,20.1416015625,-10.4736328125
43.859375,16.717529296875,-9.26513671875
43.861328,16.11328125,-9.66796875
43.863281,14.703369140625,-8.8623046875
43.865234,14.703369140625,-8.8623046875
43.867188,15.106201171875,-8.45947265625
43.869141,15.71044921875,-7.855224609375
43.871094,16.51611328125,-7.049560546875
43.873047,17.32177734375,-6.243896484375
43.875,18.328857421875,-5.23681640625
43.876953,19.3359375,-4.229736328125
43.878906,20.1416015625,-3.424072265625
43.880859,20.745849609375,-2.81982421875
43.882812,21.148681640625,-2.4169921875
43.884766,21.35009765625,-2.215576171875
43.886719,21.148681640625,-2.4169921875
43.888672,20.745849609375,-2.81982421875
43.890625,20.1416015625,-3.424072265625
43.892578,12.890625,14.90478515625
43.894531,11.883544921875,14.09912109375
43.896484,11.077880859375,13.092041015625
43.898438,10.07080078125,12.0849609375
43.900391,9.26513671875,11.279296875
43.902344,8.660888671875,10.87646484375
43.904297,8.45947265625,10.4736328125
43.90625,8.258056640625,10.4736328125
43.908203,8.660888671875,10.675048828125
43.910156,9.063720703125,11.077880859375
43.912109,9.869384765625,11.883544921875
43.914062,7.2509765625,27.996826171875
43.916016,8.258056640625,29.00390625
43.917969,9.063720703125,29.8095703125
43.919922,10.07080078125,30.816650390625
43.921875,10.675048828125,31.4208984375
43.923828,11.279296875,32.025146484375
43.925781,11.480712890625,32.2265625
43.927734,9.66796875,39.276123046875
43.929688,9.466552734375,38.873291015625
43.931641,8.8623046875,38.26904296875
43.933594,8.056640625,37.46337890625
43.935547,7.049560546875,36.65771484375
43.9375,6.243896484375,35.650634765625
43.939453,-0.604248046875,48.33984375
43.941406,-1.409912109375,47.332763671875
43.943359,-2.01416015625,46.728515625
43.945312,-2.618408203125,46.32568359375
43.947266,-2.618408203125,46.124267578125
43.949219,-2.618408203125,46.32568359375
43.951172,-2.01416015625,46.728515625
43.953125,-1.409912109375,47.332763671875
43.955078,-0.604248046875,48.33984375
43.957031,0.40283203125,49.1455078125
43.958984,1.20849609375,50.152587890625
43.960938,2.215576171875,51.15966796875
43.962891,3.021240234375,51.763916015625
43.964844,3.62548828125,52.3681640625
43.966797,3.826904296875,52.77099609375
43.96875,3.826904296875,52.77099609375
43.970703,3.62548828125,52.569580078125
43.972656,3.22265625,51.96533203125
43.974609,2.4169921875,51.361083984375
43.976562,1.611328125,50.555419921875
43.978516,0.604248046875,49.54833984375
43.980469,-0.40283203125,48.541259765625
43.982422,-1.20849609375,47.735595703125
43.984375,-2.01416015625,46.929931640625
43.986328,-2.4169921875,46.527099609375
43.988281,-2.618408203125,46.124267578125
43.990234,-7.2509765625,31.01806640625
43.992188,-7.049560546875,31.4208984375
43.994141,-6.4453125,31.82373046875
43.996094,-5.6396484375,32.62939453125
43.998047,-4.632568359375,33.636474609375
44.0,-3.826904296875,34.6435546875
44.001953,-2.81982421875,35.44921875
44.003906,-2.01416015625,36.2548828125
44.005859,-1.409912109375,37.060546875
44.007812,-1.007080078125,37.46337890625
44.009766,-0.8056640625,37.46337890625
44.011719,-1.007080078125,37.46337890625
44.013672,-1.409912109375,37.060546875
44.015625,-2.01416015625,36.2548828125
44.017578,-2.81982421875,35.44921875
44.019531,-3.826904296875,34.6435546875
44.021484,-4.632568359375,33.636474609375
44.023438,-5.6396484375,32.62939453125
44.025391,-6.4453125,31.82373046875
44.027344,-7.049560546875,31.4208984375
44.029297,-7.2509765625,31.01806640625
44.03125,-7.2509765625,31.01806640625
44.033203,-7.049560546875,31.219482421875
44.035156,-6.646728515625,31.622314453125
44.037109,-5.841064453125,32.427978515625
44.039062,-5.035400390625,33.233642578125
44.041016,-4.0283203125,34.24072265625
44.042969,-3.021240234375,35.247802734375
44.044922,-2.215576171875,36.053466796875
44.046875,-1.611328125,36.859130859375
44.048828,-1.007080078125,37.261962890625
44.050781,-0.8056640625,37.46337890625
44.052734,-0.8056640625,37.46337890625
44.054688,-0.40283203125,10.87646484375
44.056641,-1.007080078125,10.272216796875
44.058594,-1.812744140625,9.466552734375
44.060547,-2.81982421875,8.660888671875
44.0625,-3.826904296875,7.65380859375
44.064453,-4.632568359375,6.646728515625
44.066406,-5.438232421875,5.841064453125
44.068359,-6.243896484375,5.23681640625
44.070312,-6.646728515625,4.833984375
44.072266,-6.646728515625,4.632568359375
44.074219,-7.2509765625,-2.01416015625
44.076172,-5.035400390625,-5.6396484375
44.078125,-4.43115234375,-5.035400390625
44.080078,-3.62548828125,-4.229736328125
44.082031,-2.618408203125,-3.22265625
44.083984,-1.611328125,-2.215576171875
44.085938,-0.8056640625,-1.409912109375
44.087891,0.0,-0.604248046875
44.089844,0.604248046875,0.0
44.091797,1.007080078125,0.40283203125
44.09375,1.007080078125,0.40283203125
44.095703,0.8056640625,0.201416015625
44.097656,0.201416015625,-0.40283203125
44.099609,-0.40283203125,-1.007080078125
44.101562,-1.409912109375,-2.01416015625
44.103516,-2.215576171875,-2.81982421875
44.105469,-3.22265625,-3.826904296875
44.107422,-4.0283203125,-4.632568359375
44.109375,-4.833984375,-5.438232421875
44.111328,-4.0283203125,-11.68212890625
44.113281,-4.229736328125,-11.883544921875
44.115234,-4.229736328125,-11.883544921875
44.117188,2.01416015625,-2.618408203125
44.119141,2.618408203125,-2.01416015625
44.121094,3.424072265625,-1.409912109375
44.123047,4.229736328125,-0.40283203125
44.125,13.6962890625,33.837890625
44.126953,14.501953125,34.844970703125
44.128906,15.3076171875,35.650634765625
44.130859,16.11328125,36.456298828125
44.132812,16.51611328125,36.859130859375
44.134766,24.9755859375,46.32568359375
44.136719,26.5869140625,32.830810546875
44.138672,26.18408203125,32.2265625
44.140625,25.579833984375,24.371337890625
44.142578,24.774169921875,23.3642578125
44.144531,23.76708984375,22.55859375
44.146484,22.760009765625,21.551513671875
44.148438,21.954345703125,20.54443359375
44.150391,21.148681640625,19.940185546875
44.152344,20.54443359375,19.3359375
44.154297,20.1416015625,18.93310546875
44.15625,20.1416015625,18.93310546875
44.158203,20.343017578125,19.134521484375
44.160156,20.947265625,19.73876953125
44.162109,21.551513671875,20.343017578125
44.164062,22.55859375,21.148681640625
44.166016,23.3642578125,22.15576171875
44.167969,24.371337890625,23.162841796875
44.169922,25.177001953125,23.968505859375
44.171875,25.982666015625,24.774169921875
44.173828,26.385498046875,25.177001953125
44.175781,26.788330078125,25.579833984375
44.177734,26.5869140625,25.37841796875
44.179688,26.385498046875,25.177001953125
44.181641,25.78125,24.57275390625
44.183594,24.9755859375,23.76708984375
44.185547,23.968505859375,22.760009765625
44.1875,23.162841796875,21.954345703125
44.189453,22.15576171875,20.947265625
44.191406,21.35009765625,20.1416015625
44.193359,20.745849609375,19.537353515625
44.195312,20.343017578125,19.134521484375
44.197266,20.1416015625,18.93310546875
44.199219,20.343017578125,19.134521484375
44.201172,20.745849609375,19.537353515625
44.203125,21.35009765625,20.1416015625
44.205078,22.15576171875,20.947265625
44.207031,23.162841796875,21.954345703125
44.208984,23.968505859375,22.760009765625
44.210938,24.9755859375,23.76708984375
44.212891,25.78125,24.57275390625
44.214844,26.385498046875,25.177001953125
44.216797,26.5869140625,25.37841796875
44.21875,26.788330078125,25.579833984375
44.220703,26.385498046875,25.177001953125
44.222656,25.982666015625,24.774169921875
44.224609,25.177001953125,23.968505859375
44.226562,24.371337890625,23.162841796875
44.228516,23.3642578125,22.15576171875
44.230469,22.55859375,21.148681640625
44.232422,21.551513671875,20.343017578125
44.234375,20.947265625,19.73876953125
44.236328,20.343017578125,19.134521484375
44.238281,17.32177734375,-13.494873046875
44.240234,17.32177734375,-13.494873046875
44.242188,17.523193359375,-13.092041015625
44.244141,18.12744140625,-12.689208984375
44.246094,18.93310546875,-11.883544921875
44.248047,14.300537109375,2.4169921875
44.25,15.3076171875,3.424072265625
44.251953,9.26513671875,29.8095703125
44.253906,10.272216796875,30.615234375
44.255859,10.87646484375,31.219482421875
44.257812,11.279296875,31.82373046875
44.259766,11.480712890625,31.82373046875
44.261719,11.279296875,31.82373046875
44.263672,10.87646484375,31.219482421875
44.265625,10.272216796875,30.615234375
44.267578,9.26513671875,29.8095703125
44.269531,6.84814453125,34.844970703125
44.271484,5.841064453125,33.837890625
44.273438,5.035400390625,32.830810546875
44.275391,4.229736328125,32.025146484375
44.277344,3.62548828125,31.622314453125
44.279297,3.22265625,31.219482421875
44.28125,3.22265625,31.219482421875
44.283203,3.424072265625,31.4208984375
44.285156,4.0283203125,31.82373046875
44.287109,4.632568359375,32.62939453125
44.289062,5.6396484375,33.43505859375
44.291016,6.4453125,34.442138671875
44.292969,7.452392578125,35.44921875
44.294922,8.258056640625,36.2548828125
44.296875,6.04248046875,47.735595703125
44.298828,6.4453125,48.33984375
44.300781,6.646728515625,48.541259765625
44.302734,6.646728515625,48.541259765625
44.304688,6.243896484375,48.138427734375
44.306641,5.6396484375,47.5341796875
44.308594,5.035400390625,46.728515625
44.310547,4.0283203125,45.9228515625
44.3125,3.021240234375,44.915771484375
44.314453,2.215576171875,43.90869140625
44.316406,1.20849609375,43.10302734375
44.318359,0.604248046875,42.498779296875
44.320312,0.201416015625,42.095947265625
44.322266,0.0,41.89453125
44.324219,0.201416015625,42.095947265625
44.326172,0.604248046875,42.498779296875
44.328125,1.20849609375,43.10302734375
44.330078,-3.826904296875,44.512939453125
44.332031,-2.81982421875,45.318603515625
44.333984,-1.812744140625,46.32568359375
44.335938,-1.007080078125,47.332763671875
44.337891,-0.201416015625,48.138427734375
44.339844,0.40283203125,48.541259765625
44.341797,0.8056640625,48.944091796875
44.34375,0.8056640625,48.944091796875
44.345703,0.604248046875,48.74267578125
44.347656,0.0,48.33984375
44.349609,-0.604248046875,47.5341796875
44.351562,-1.611328125,46.728515625
44.353516,-2.618408203125,45.721435546875
44.355469,-3.424072265625,44.71435546875
44.357422,-4.43115234375,43.90869140625
44.359375,-5.035400390625,43.10302734375
44.361328,-5.6396484375,42.7001953125
44.363281,-5.841064453125,42.498779296875
44.365234,-5.841064453125,42.498779296875
44.367188,-5.438232421875,42.901611328125
44.369141,-4.833984375,43.304443359375
44.371094,-4.0283203125,44.110107421875
44.373047,-3.22265625,45.1171875
44.375,-2.215576171875,46.124267578125
44.376953,-1.20849609375,46.929931640625
