timestamp,ch1
0.0,43.90869140625
0.001953,43.10302734375
0.003906,42.7001953125
0.005859,42.498779296875
0.007812,42.498779296875
0.009766,26.385498046875
0.011719,26.98974609375
0.013672,27.79541015625
0.015625,28.60107421875
0.017578,7.855224609375
0.019531,8.8623046875
0.021484,9.66796875
0.023438,10.272216796875
0.025391,10.675048828125
0.027344,10.87646484375
0.029297,10.675048828125
0.03125,10.272216796875
0.033203,-2.618408203125
0.035156,-3.424072265625
0.037109,-4.43115234375
0.039062,-7.2509765625
0.041016,-8.056640625
0.042969,-0.604248046875
0.044922,-1.007080078125
0.046875,-1.409912109375
0.048828,-1.409912109375
0.050781,-1.20849609375
0.052734,-0.8056640625
0.054688,0.0
0.056641,0.8056640625
0.058594,1.812744140625
0.060547,2.81982421875
0.0625,3.62548828125
0.064453,23.968505859375
0.066406,24.371337890625
0.068359,24.57275390625
0.070312,24.57275390625
0.072266,24.371337890625
0.074219,45.721435546875
0.076172,44.915771484375
0.078125,44.110107421875
0.080078,43.10302734375
0.082031,42.095947265625
0.083984,41.290283203125
0.085938,40.68603515625
0.087891,40.283203125
0.089844,40.081787109375
0.091797,45.721435546875
0.09375,47.13134765625
0.095703,47.735595703125
0.097656,48.74267578125
0.099609,49.54833984375
0.101562,50.555419921875
0.103516,43.10302734375
0.105469,31.82373046875
0.107422,32.427978515625
0.109375,32.62939453125
0.111328,32.830810546875
0.113281,32.427978515625
0.115234,32.025146484375
0.117188,31.219482421875
0.119141,22.96142578125
0.121094,22.15576171875
0.123047,-2.81982421875
0.125,-3.62548828125
0.126953,-4.229736328125
0.128906,-4.833984375
0.130859,-5.035400390625
0.132812,-5.035400390625
0.134766,-4.632568359375
0.136719,-4.0283203125
0.138672,-3.424072265625
0.140625,-4.43115234375
0.142578,-3.62548828125
0.144531,-2.01416015625
0.146484,-1.20849609375
0.148438,-0.604248046875
0.150391,-0.201416015625
0.152344,0.0
0.154297,-0.201416015625
0.15625,-0.604248046875
0.158203,-1.20849609375
0.160156,-2.01416015625
0.162109,-3.021240234375
0.164062,-4.0283203125
0.166016,-4.833984375
0.167969,-5.6396484375
0.169922,24.774169921875
0.171875,24.57275390625
0.173828,24.57275390625
0.175781,24.774169921875
0.177734,38.26904296875
0.179688,38.873291015625
0.181641,39.88037109375
0.183594,40.68603515625
0.185547,41.693115234375
0.1875,48.138427734375
0.189453,48.944091796875
0.191406,49.346923828125
0.193359,49.54833984375
0.195312,49.54833984375
0.197266,49.1455078125
0.199219,48.74267578125
0.201172,47.93701171875
0.203125,43.90869140625
0.205078,42.901611328125
0.207031,32.830810546875
0.208984,32.025146484375
0.210938,31.4208984375
0.212891,31.01806640625
0.214844,30.816650390625
0.216797,18.93310546875
0.21875,19.3359375
0.220703,19.940185546875
0.222656,-5.23681640625
0.224609,-4.43115234375
0.226562,-3.424072265625
0.228516,-2.4169921875
0.230469,-1.611328125
0.232422,-1.20849609375
0.234375,-3.826904296875
0.236328,-3.62548828125
0.238281,-4.0283203125
0.240234,-4.43115234375
0.242188,-4.43115234375
0.244141,-5.23681640625
0.246094,-3.22265625
0.248047,-4.0283203125
0.25,-5.035400390625
0.251953,-5.6396484375
0.253906,-6.243896484375
0.255859,-6.4453125
0.257812,18.12744140625
0.259766,18.5302734375
0.261719,19.134521484375
0.263672,19.73876953125
0.265625,20.745849609375
0.267578,21.7529296875
0.269531,22.55859375
0.271484,23.565673828125
0.273438,24.169921875
0.275391,24.57275390625
0.277344,24.774169921875
0.279297,24.57275390625
0.28125,24.169921875
0.283203,23.565673828125
0.285156,47.93701171875
0.287109,47.13134765625
0.289062,46.124267578125
0.291016,41.49169921875
0.292969,40.68603515625
0.294922,40.081787109375
0.296875,39.678955078125
0.298828,39.678955078125
0.300781,39.88037109375
0.302734,40.484619140625
0.304688,41.0888671875
0.306641,41.0888671875
0.308594,42.095947265625
0.310547,16.314697265625
0.3125,17.120361328125
0.314453,17.926025390625
0.316406,18.328857421875
0.318359,18.5302734375
0.320312,18.5302734375
0.322266,18.12744140625
0.324219,17.724609375
0.326172,16.9189453125
0.328125,15.911865234375
0.330078,-1.007080078125
0.332031,-1.812744140625
0.333984,-2.81982421875
0.335938,-3.424072265625
0.337891,-9.466552734375
0.339844,4.632568359375
0.341797,4.833984375
0.34375,5.23681640625
0.345703,5.841064453125
0.347656,6.646728515625
0.349609,7.65380859375
0.351562,8.45947265625
0.353516,9.466552734375
0.355469,10.272216796875
0.357422,10.87646484375
0.359375,11.077880859375
0.361328,11.077880859375
0.363281,10.87646484375
0.365234,10.4736328125
0.367188,9.66796875
0.369141,36.456298828125
0.371094,35.44921875
0.373047,34.442138671875
0.375,33.636474609375
0.376953,32.830810546875
0.378906,32.427978515625
0.380859,41.290283203125
0.382812,41.290283203125
0.384766,41.693115234375
0.386719,42.29736328125
0.388672,43.10302734375
0.390625,43.90869140625
0.392578,44.915771484375
0.394531,45.9228515625
0.396484,46.728515625
0.398438,47.332763671875
0.400391,47.735595703125
0.402344,47.93701171875
0.404297,49.749755859375
0.40625,49.346923828125
0.408203,42.29736328125
0.410156,36.65771484375
0.412109,35.650634765625
0.414062,8.660888671875
0.416016,7.65380859375
0.417969,7.049560546875
0.419922,6.4453125
0.421875,6.04248046875
0.423828,6.04248046875
0.425781,6.243896484375
0.427734,6.646728515625
0.429688,7.452392578125
0.431641,-9.466552734375
0.433594,-8.660888671875
0.435547,-7.65380859375
0.4375,-6.646728515625
0.439453,-6.04248046875
0.441406,-5.438232421875
0.443359,-5.23681640625
0.445312,-5.438232421875
0.447266,-5.6396484375
0.449219,4.43115234375
0.451172,3.62548828125
0.453125,2.618408203125
0.455078,1.812744140625
0.457031,0.8056640625
0.458984,0.0
0.460938,-0.604248046875
0.462891,25.177001953125
0.464844,24.9755859375
0.466797,25.177001953125
0.46875,25.579833984375
0.470703,26.18408203125
0.472656,26.98974609375
0.474609,27.996826171875
0.476562,28.802490234375
0.478516,29.8095703125
0.480469,48.74267578125
0.482422,49.346923828125
0.484375,49.749755859375
0.486328,49.749755859375
0.488281,49.54833984375
0.490234,48.944091796875
0.492188,48.33984375
0.494141,47.332763671875
0.496094,42.901611328125
0.498047,41.89453125
0.5,40.887451171875
0.501953,40.283203125
0.503906,39.678955078125
0.505859,39.4775390625
0.507812,39.4775390625
0.509766,39.88037109375
0.511719,40.484619140625
0.513672,41.290283203125
0.515625,14.300537109375
0.517578,15.3076171875
0.519531,16.11328125
0.521484,17.120361328125
0.523438,17.724609375
0.525391,-3.424072265625
0.527344,-3.424072265625
0.529297,-3.424072265625
0.53125,-4.0283203125
0.533203,-4.632568359375
0.535156,-4.0283203125
0.537109,-5.035400390625
0.539062,-5.841064453125
0.541016,-6.84814453125
0.542969,-7.65380859375
0.544922,-8.258056640625
0.546875,-8.45947265625
0.548828,-8.660888671875
0.550781,-8.258056640625
0.552734,-7.855224609375
0.554688,-7.049560546875
0.556641,-6.243896484375
0.558594,-5.23681640625
0.560547,15.509033203125
0.5625,16.314697265625
0.564453,17.120361328125
0.566406,17.523193359375
0.568359,17.724609375
0.570312,17.724609375
0.572266,17.523193359375
0.574219,43.304443359375
0.576172,42.498779296875
0.578125,41.693115234375
0.580078,40.68603515625
0.582031,39.678955078125
0.583984,38.873291015625
0.585938,38.26904296875
0.587891,44.915771484375
0.589844,44.71435546875
0.591797,44.915771484375
0.59375,45.318603515625
0.595703,45.9228515625
0.597656,46.728515625
0.599609,47.735595703125
0.601562,48.74267578125
0.603516,49.54833984375
0.605469,50.35400390625
0.607422,31.622314453125
0.609375,32.025146484375
0.611328,32.025146484375
0.613281,31.82373046875
0.615234,31.219482421875
0.617188,30.615234375
0.619141,29.8095703125
0.621094,1.812744140625
0.623047,0.8056640625
0.625,0.0
0.626953,-0.8056640625
0.628906,-1.20849609375
0.630859,-1.409912109375
0.632812,-1.409912109375
0.634766,-1.007080078125
0.636719,-8.258056640625
0.638672,-7.452392578125
0.640625,-6.646728515625
0.642578,-5.6396484375
0.644531,-4.632568359375
0.646484,-3.826904296875
0.648438,-3.22265625
0.650391,-2.81982421875
0.652344,10.272216796875
0.654297,10.07080078125
0.65625,9.66796875
0.658203,9.063720703125
0.660156,8.258056640625
0.662109,7.2509765625
0.664062,6.243896484375
0.666016,5.438232421875
0.667969,32.2265625
0.669922,31.622314453125
0.671875,31.219482421875
0.673828,31.219482421875
0.675781,31.4208984375
0.677734,32.025146484375
0.679688,32.62939453125
0.681641,33.43505859375
0.683594,49.951171875
0.685547,50.958251953125
0.6875,51.763916015625
0.689453,52.569580078125
0.691406,52.972412109375
0.693359,53.173828125
0.695312,53.173828125
0.697266,52.972412109375
0.699219,52.3681640625
0.701172,51.5625
0.703125,50.555419921875
0.705078,49.749755859375
0.707031,48.74267578125
0.708984,47.93701171875
0.710938,32.830810546875
0.712891,12.0849609375
0.714844,11.883544921875
0.716797,12.0849609375
0.71875,12.48779296875
0.720703,13.092041015625
0.722656,13.897705078125
0.724609,14.90478515625
0.726562,15.911865234375
0.728516,16.717529296875
0.730469,-1.611328125
0.732422,-1.007080078125
0.734375,-0.8056640625
0.736328,-0.8056640625
0.738281,-1.007080078125
0.740234,-1.409912109375
0.742188,-2.215576171875
0.744141,-3.021240234375
0.746094,-2.618408203125
0.748047,-3.62548828125
0.75,-4.43115234375
0.751953,-5.035400390625
0.753906,-5.6396484375
0.755859,-5.841064453125
0.757812,-5.841064453125
0.759766,-5.438232421875
0.761719,18.93310546875
0.763672,19.73876953125
0.765625,20.54443359375
0.767578,21.551513671875
0.769531,22.55859375
0.771484,23.3642578125
0.773438,23.968505859375
0.775391,24.371337890625
0.777344,24.57275390625
0.779297,49.749755859375
0.78125,49.346923828125
0.783203,48.74267578125
0.785156,47.93701171875
0.787109,46.929931640625
0.789062,45.9228515625
0.791016,45.318603515625
0.792969,44.512939453125
0.794922,43.90869140625
0.796875,43.707275390625
0.798828,43.505859375
0.800781,43.90869140625
0.802734,44.3115234375
0.804688,45.1171875
0.806641,45.9228515625
0.808594,46.929931640625
0.810547,22.96142578125
0.8125,23.76708984375
0.814453,24.57275390625
0.816406,24.9755859375
0.818359,25.177001953125
0.820312,25.177001953125
0.822266,24.9755859375
0.824219,24.371337890625
0.826172,-0.201416015625
0.828125,-1.20849609375
0.830078,-2.215576171875
0.832031,-3.021240234375
0.833984,-3.826904296875
0.835938,-4.632568359375
0.837891,-5.035400390625
0.839844,-8.258056640625
0.841797,-8.056640625
0.84375,-7.65380859375
0.845703,-7.049560546875
0.847656,-6.243896484375
0.849609,-5.23681640625
0.851562,-4.229736328125
0.853516,15.509033203125
0.855469,16.314697265625
0.857422,16.717529296875
0.859375,17.120361328125
0.861328,17.120361328125
0.863281,16.9189453125
0.865234,16.51611328125
0.867188,15.71044921875
0.869141,14.90478515625
0.871094,33.837890625
0.873047,32.830810546875
0.875,32.025146484375
0.876953,31.219482421875
0.878906,30.615234375
0.880859,30.413818359375
0.882812,30.615234375
0.884766,44.110107421875
0.886719,44.71435546875
0.888672,45.52001953125
0.890625,46.527099609375
0.892578,47.5341796875
0.894531,48.33984375
0.896484,49.1455078125
0.898438,49.951171875
0.900391,39.07470703125
0.902344,39.276123046875
0.904297,39.07470703125
0.90625,38.671875
0.908203,38.067626953125
0.910156,37.261962890625
0.912109,36.2548828125
0.914062,35.247802734375
0.916016,34.442138671875
0.917969,6.84814453125
0.919922,6.243896484375
0.921875,5.841064453125
0.923828,5.841064453125
0.925781,-9.66796875
0.927734,-9.26513671875
0.929688,-8.45947265625
0.931641,-7.65380859375
0.933594,-6.646728515625
0.935547,-5.6396484375
0.9375,-4.833984375
0.939453,-4.229736328125
0.941406,-3.62548828125
0.943359,-3.424072265625
0.945312,-3.424072265625
0.947266,-3.826904296875
0.949219,-4.43115234375
0.951172,-5.23681640625
0.953125,4.0283203125
0.955078,3.021240234375
0.957031,2.01416015625
0.958984,1.20849609375
0.960938,0.604248046875
0.962891,0.201416015625
0.964844,25.37841796875
0.966797,25.579833984375
0.96875,25.982666015625
0.970703,26.5869140625
0.972656,27.392578125
0.974609,28.399658203125
0.976562,29.40673828125
0.978516,30.21240234375
0.980469,47.13134765625
0.982422,47.735595703125
0.984375,47.93701171875
0.986328,48.138427734375
0.988281,47.735595703125
0.990234,47.332763671875
0.992188,46.527099609375
0.994141,45.721435546875
0.996094,40.887451171875
0.998047,39.88037109375
1.0,39.07470703125
1.001953,38.470458984375
1.003906,37.8662109375
1.005859,37.664794921875
1.007812,37.664794921875
1.009766,38.067626953125
1.011719,12.48779296875
1.013672,13.092041015625
1.015625,14.09912109375
1.017578,15.106201171875
1.019531,15.911865234375
1.021484,16.9189453125
1.023438,17.523193359375
1.025391,17.926025390625
1.027344,-4.0283203125
1.029297,-4.229736328125
1.03125,-4.632568359375
1.033203,-5.23681640625
1.035156,-6.04248046875
1.037109,-7.049560546875
1.039062,-8.056640625
1.041016,-8.8623046875
1.042969,-9.66796875
1.044922,-10.272216796875
1.046875,-10.4736328125
1.048828,-10.675048828125
1.050781,-10.4736328125
1.052734,-9.869384765625
1.054688,-10.272216796875
1.056641,-9.466552734375
1.058594,-8.45947265625
1.060547,15.106201171875
1.0625,15.911865234375
1.064453,16.717529296875
1.066406,17.120361328125
1.068359,17.523193359375
1.070312,17.32177734375
1.072266,17.120361328125
1.074219,40.68603515625
1.076172,39.88037109375
1.078125,39.07470703125
1.080078,38.067626953125
1.082031,37.060546875
1.083984,36.2548828125
1.085938,35.650634765625
1.087891,35.247802734375
1.089844,43.505859375
1.091797,42.095947265625
1.09375,42.498779296875
1.095703,43.10302734375
1.097656,43.90869140625
1.099609,44.915771484375
1.101562,45.721435546875
1.103516,46.728515625
1.105469,31.219482421875
1.107422,31.82373046875
1.109375,32.2265625
1.111328,32.2265625
1.113281,32.025146484375
1.115234,31.4208984375
1.117188,30.816650390625
1.119141,29.8095703125
1.121094,8.258056640625
1.123047,2.215576171875
1.125,1.409912109375
1.126953,0.604248046875
1.128906,0.201416015625
1.130859,0.0
1.132812,0.0
1.134766,0.201416015625
1.136719,-7.855224609375
1.138672,-7.049560546875
1.140625,-6.04248046875
1.142578,-5.23681640625
1.144531,-4.229736328125
1.146484,-3.424072265625
1.148438,-2.81982421875
1.150391,-2.4169921875
1.152344,-2.215576171875
1.154297,-2.4169921875
1.15625,-2.81982421875
1.158203,-3.424072265625
1.160156,-4.229736328125
1.162109,-5.23681640625
1.164062,-6.04248046875
1.166016,32.830810546875
1.167969,32.025146484375
1.169922,31.4208984375
1.171875,31.01806640625
1.173828,31.01806640625
1.175781,31.219482421875
1.177734,31.82373046875
1.179688,32.427978515625
1.181641,33.233642578125
1.183594,47.13134765625
1.185547,47.93701171875
1.1875,48.944091796875
1.189453,49.54833984375
1.191406,50.152587890625
1.193359,50.35400390625
1.195312,50.35400390625
1.197266,49.951171875
1.199219,49.346923828125
1.201172,38.067626953125
1.203125,37.060546875
1.205078,36.053466796875
1.207031,35.247802734375
1.208984,34.442138671875
1.210938,33.636474609375
1.212891,33.233642578125
1.214844,5.6396484375
1.216797,5.841064453125
1.21875,6.243896484375
1.220703,6.84814453125
1.222656,7.65380859375
1.224609,8.660888671875
1.226562,9.66796875
1.228516,10.4736328125
1.230469,11.279296875
1.232422,-5.841064453125
1.234375,-5.6396484375
1.236328,-5.6396484375
1.238281,-5.841064453125
1.240234,-6.243896484375
1.242188,-7.049560546875
1.244141,-7.855224609375
1.246094,-8.8623046875
1.248047,-9.869384765625
1.25,-10.675048828125
1.251953,-11.480712890625
1.253906,-11.883544921875
1.255859,-12.0849609375
1.257812,-12.0849609375
1.259766,-1.611328125
1.261719,25.177001953125
1.263672,25.982666015625
1.265625,26.788330078125
1.267578,27.79541015625
1.269531,28.802490234375
1.271484,29.608154296875
1.273438,30.21240234375
1.275391,30.615234375
1.277344,30.816650390625
1.279297,49.54833984375
1.28125,49.1455078125
1.283203,48.541259765625
1.285156,47.735595703125
1.287109,46.728515625
1.289062,45.9228515625
1.291016,44.915771484375
1.292969,44.110107421875
1.294922,41.0888671875
1.296875,40.68603515625
1.298828,40.68603515625
1.300781,40.887451171875
1.302734,41.49169921875
1.304688,42.095947265625
1.306641,42.901611328125
1.308594,43.90869140625
1.310547,15.509033203125
1.3125,16.314697265625
1.314453,17.120361328125
1.316406,-1.812744140625
1.318359,-1.611328125
1.320312,-1.611328125
1.322266,-2.01416015625
1.324219,-2.618408203125
1.326172,-3.424072265625
1.328125,-4.229736328125
1.330078,-5.23681640625
1.332031,-6.243896484375
1.333984,-7.049560546875
1.335938,-7.65380859375
1.337891,-8.056640625
1.339844,-8.258056640625
1.341797,-8.056640625
1.34375,-11.68212890625
1.345703,-11.077880859375
1.347656,-10.272216796875
1.349609,-9.26513671875
1.351562,-8.45947265625
1.353516,-7.452392578125
1.355469,-6.646728515625
1.357422,-6.04248046875
1.359375,17.32177734375
1.361328,17.32177734375
1.363281,17.120361328125
1.365234,16.717529296875
1.367188,15.911865234375
1.369141,15.106201171875
1.371094,14.09912109375
1.373047,13.092041015625
1.375,39.07470703125
1.376953,38.26904296875
1.378906,37.8662109375
1.380859,37.664794921875
1.382812,37.664794921875
1.384766,38.067626953125
1.386719,38.671875
1.388672,46.929931640625
1.390625,47.735595703125
1.392578,48.74267578125
1.394531,49.749755859375
1.396484,50.555419921875
1.398438,51.15966796875
1.400391,51.5625
1.402344,51.763916015625
1.404297,51.5625
1.40625,31.219482421875
1.408203,30.615234375
1.410156,29.8095703125
1.412109,28.802490234375
1.414062,27.996826171875
1.416016,26.98974609375
1.417969,26.18408203125
1.419922,25.579833984375
1.421875,25.37841796875
1.423828,-1.812744140625
1.425781,-1.611328125
1.427734,-1.007080078125
1.429688,-0.201416015625
1.431641,0.604248046875
1.433594,1.611328125
1.435547,2.4169921875
1.4375,3.424072265625
1.439453,-4.43115234375
1.441406,-3.826904296875
1.443359,-3.62548828125
1.445312,-3.62548828125
1.447266,-4.0283203125
1.449219,-4.632568359375
1.451172,-5.438232421875
1.453125,7.2509765625
1.455078,6.243896484375
1.457031,5.23681640625
1.458984,4.43115234375
1.460938,3.826904296875
1.462891,3.424072265625
1.464844,3.22265625
1.466797,3.424072265625
1.46875,31.01806640625
1.470703,31.622314453125
1.472656,32.427978515625
1.474609,33.43505859375
1.476562,34.24072265625
1.478516,35.247802734375
1.480469,36.053466796875
1.482422,36.65771484375
1.484375,36.859130859375
1.486328,37.060546875
1.488281,52.77099609375
1.490234,52.166748046875
1.492188,51.5625
1.494141,50.7568359375
1.496094,49.749755859375
1.498047,48.74267578125
1.5,47.93701171875
1.501953,47.13134765625
1.503906,38.26904296875
1.505859,38.067626953125
1.507812,38.067626953125
1.509766,38.470458984375
1.511719,13.092041015625
1.513672,13.897705078125
1.515625,14.703369140625
1.517578,15.71044921875
1.519531,16.717529296875
1.521484,17.523193359375
1.523438,18.12744140625
1.525391,18.5302734375
1.527344,18.731689453125
1.529297,18.5302734375
1.53125,-2.4169921875
1.533203,-3.021240234375
1.535156,-3.826904296875
1.537109,-4.833984375
1.539062,-5.841064453125
1.541016,-6.646728515625
1.542969,-7.452392578125
1.544922,-8.056640625
1.546875,-6.04248046875
1.548828,-6.04248046875
1.550781,-5.841064453125
1.552734,-5.438232421875
1.554688,-4.632568359375
1.556641,-3.826904296875
1.558594,-2.81982421875
1.560547,-1.812744140625
1.5625,23.162841796875
1.564453,23.968505859375
1.566406,24.371337890625
1.568359,24.57275390625
1.570312,24.57275390625
1.572266,24.169921875
1.574219,23.76708984375
1.576172,22.96142578125
1.578125,21.954345703125
1.580078,20.947265625
1.582031,20.1416015625
1.583984,19.3359375
1.585938,18.5302734375
1.587891,40.484619140625
1.589844,41.290283203125
1.591797,41.49169921875
1.59375,41.89453125
1.595703,42.498779296875
1.597656,43.304443359375
1.599609,44.3115234375
1.601562,45.318603515625
1.603516,46.124267578125
1.605469,46.929931640625
1.607422,47.5341796875
1.609375,32.62939453125
1.611328,25.177001953125
1.613281,24.9755859375
1.615234,24.57275390625
1.617188,23.76708984375
1.619141,22.96142578125
1.621094,21.954345703125
1.623047,-4.0283203125
1.625,-4.833984375
1.626953,-5.6396484375
1.628906,-6.04248046875
1.630859,-6.243896484375
1.632812,-6.243896484375
1.634766,-6.04248046875
1.636719,-5.438232421875
1.638672,-4.632568359375
1.640625,-7.855224609375
1.642578,-7.049560546875
1.644531,-6.04248046875
1.646484,-5.23681640625
1.648438,-4.632568359375
1.650391,-4.0283203125
1.652344,-4.0283203125
1.654297,-4.0283203125
1.65625,17.32177734375
1.658203,16.717529296875
1.660156,15.911865234375
1.662109,14.90478515625
1.664062,13.897705078125
1.666016,13.092041015625
1.667969,12.286376953125
1.669922,32.2265625
1.671875,32.025146484375
1.673828,31.82373046875
1.675781,32.025146484375
1.677734,32.62939453125
1.679688,33.43505859375
1.681641,34.24072265625
1.683594,35.247802734375
1.685547,36.053466796875
1.6875,37.060546875
1.689453,48.74267578125
1.691406,49.346923828125
1.693359,49.54833984375
1.695312,49.54833984375
1.697266,49.1455078125
1.699219,48.541259765625
1.701172,47.93701171875
1.703125,46.929931640625
1.705078,34.844970703125
1.707031,8.056640625
1.708984,7.049560546875
1.710938,6.4453125
1.712891,6.04248046875
1.714844,5.841064453125
1.716797,6.04248046875
1.71875,6.4453125
1.720703,7.049560546875
1.722656,8.056640625
1.724609,8.8623046875
1.726562,9.869384765625
1.728516,10.87646484375
1.730469,11.480712890625
1.732422,12.0849609375
1.734375,12.48779296875
1.736328,-2.01416015625
1.738281,-2.4169921875
1.740234,-2.81982421875
1.742188,-3.62548828125
1.744141,-4.43115234375
1.746094,-5.438232421875
1.748047,2.215576171875
1.75,1.20849609375
1.751953,0.604248046875
1.753906,0.0
1.755859,-0.201416015625
1.757812,-0.201416015625
1.759766,0.201416015625
1.761719,0.8056640625
1.763672,1.611328125
1.765625,27.191162109375
1.767578,28.1982421875
1.769531,29.00390625
1.771484,30.010986328125
1.773438,30.615234375
1.775391,31.01806640625
1.777344,31.219482421875
1.779297,31.01806640625
1.78125,50.152587890625
1.783203,49.54833984375
1.785156,48.74267578125
1.787109,47.735595703125
1.789062,46.728515625
1.791016,45.9228515625
1.792969,45.1171875
1.794922,44.512939453125
1.796875,38.067626953125
1.798828,38.067626953125
1.800781,38.26904296875
1.802734,38.671875
1.804688,39.4775390625
1.806641,40.283203125
1.808594,41.290283203125
1.810547,42.29736328125
1.8125,43.10302734375
1.814453,17.523193359375
1.816406,18.12744140625
1.818359,18.328857421875
1.820312,18.328857421875
1.822266,17.926025390625
1.824219,17.32177734375
1.826172,16.51611328125
1.828125,-2.4169921875
1.830078,-8.258056640625
1.832031,-9.26513671875
1.833984,-10.07080078125
1.835938,-10.675048828125
1.837891,-11.077880859375
1.839844,-11.279296875
1.841797,-11.077880859375
1.84375,-5.841064453125
1.845703,-5.23681640625
1.847656,-4.229736328125
1.849609,-3.424072265625
1.851562,-2.4169921875
1.853516,-1.409912109375
1.855469,-0.8056640625
1.857422,-0.201416015625
1.859375,24.57275390625
1.861328,24.57275390625
1.863281,24.371337890625
1.865234,23.968505859375
1.867188,23.162841796875
1.869141,22.357177734375
1.871094,21.35009765625
1.873047,20.343017578125
1.875,42.498779296875
1.876953,41.693115234375
1.878906,41.290283203125
1.880859,41.0888671875
1.882812,41.0888671875
1.884766,41.290283203125
1.886719,41.89453125
1.888672,42.7001953125
1.890625,42.901611328125
1.892578,43.707275390625
1.894531,44.71435546875
1.896484,45.52001953125
1.898438,46.124267578125
1.900391,46.728515625
1.902344,25.37841796875
1.904297,25.37841796875
1.90625,24.9755859375
1.908203,24.169921875
1.910156,23.3642578125
1.912109,22.357177734375
1.914062,21.551513671875
1.916016,20.54443359375
1.917969,19.73876953125
1.919922,19.134521484375
1.921875,-2.4169921875
1.923828,-2.618408203125
1.925781,-2.4169921875
1.927734,-1.812744140625
1.929688,-1.20849609375
1.931641,-0.201416015625
1.933594,0.8056640625
1.935547,1.611328125
1.9375,-6.243896484375
1.939453,-5.438232421875
1.941406,-5.035400390625
1.943359,-4.833984375
1.945312,-4.833984375
1.947266,-5.035400390625
1.949219,-5.6396484375
1.951172,-6.4453125
1.953125,-7.452392578125
1.955078,6.4453125
1.957031,5.6396484375
1.958984,4.833984375
1.960938,4.0283203125
1.962891,3.62548828125
1.964844,3.62548828125
1.966797,3.62548828125
1.96875,32.2265625
1.970703,32.830810546875
1.972656,33.837890625
1.974609,34.6435546875
1.976562,35.650634765625
1.978516,36.65771484375
1.980469,37.261962890625
1.982422,37.8662109375
1.984375,52.972412109375
1.986328,52.972412109375
1.988281,52.77099609375
1.990234,52.166748046875
1.992188,51.5625
1.994141,50.555419921875
1.996094,49.749755859375
1.998047,48.74267578125
2.0,32.830810546875
2.001953,32.2265625
2.003906,31.622314453125
2.005859,31.4208984375
2.007812,31.4208984375
2.009766,31.82373046875
2.011719,32.427978515625
2.013672,33.0322265625
2.015625,34.039306640625
2.017578,22.357177734375
2.019531,10.272216796875
2.021484,11.077880859375
2.023438,11.883544921875
2.025391,12.286376953125
2.027344,12.286376953125
2.029297,12.286376953125
2.03125,-5.438232421875
2.033203,-6.04248046875
2.035156,-6.84814453125
2.037109,-7.855224609375
2.039062,-8.660888671875
2.041016,-9.66796875
2.042969,-10.4736328125
2.044922,-11.077880859375
2.046875,-1.409912109375
2.048828,-1.409912109375
2.050781,-1.20849609375
2.052734,-0.8056640625
2.054688,0.0
2.056641,0.8056640625
2.058594,1.812744140625
2.060547,2.81982421875
2.0625,3.62548828125
2.064453,31.622314453125
2.066406,32.025146484375
2.068359,32.427978515625
2.070312,32.2265625
2.072266,32.025146484375
2.074219,31.4208984375
2.076172,30.615234375
2.078125,29.608154296875
2.080078,46.728515625
2.082031,45.721435546875
2.083984,44.915771484375
2.085938,44.3115234375
2.087891,43.707275390625
2.089844,43.707275390625
2.091797,43.707275390625
2.09375,44.3115234375
2.095703,39.678955078125
2.097656,13.494873046875
2.099609,14.501953125
2.101562,15.3076171875
2.103516,16.314697265625
2.105469,17.120361328125
2.107422,17.724609375
2.109375,17.926025390625
2.111328,17.926025390625
2.113281,17.724609375
2.115234,17.32177734375
2.117188,16.51611328125
2.119141,15.71044921875
2.121094,14.703369140625
2.123047,13.6962890625
2.125,12.890625
2.126953,12.0849609375
2.128906,11.68212890625
2.130859,11.480712890625
2.132812,11.480712890625
2.134766,11.883544921875
2.136719,12.48779296875
2.138672,-9.26513671875
2.140625,-4.632568359375
2.142578,-3.62548828125
2.144531,-2.618408203125
2.146484,-1.812744140625
2.148438,-1.20849609375
2.150391,-0.8056640625
2.152344,-0.604248046875
2.154297,-0.8056640625
2.15625,-1.20849609375
2.158203,16.717529296875
2.160156,15.71044921875
2.162109,14.90478515625
2.164062,13.897705078125
2.166016,12.890625
2.167969,12.286376953125
2.169922,11.68212890625
2.171875,11.279296875
2.173828,36.65771484375
2.175781,36.859130859375
2.177734,37.46337890625
2.179688,38.067626953125
2.181641,39.07470703125
2.183594,39.88037109375
2.185547,40.887451171875
2.1875,41.693115234375
2.189453,49.749755859375
2.191406,50.152587890625
2.193359,50.35400390625
2.195312,50.35400390625
2.197266,50.152587890625
2.199219,49.54833984375
2.201172,48.74267578125
2.203125,47.735595703125
2.205078,29.40673828125
2.207031,28.60107421875
2.208984,27.79541015625
2.210938,26.98974609375
2.212891,26.5869140625
2.214844,26.5869140625
2.216797,26.5869140625
2.21875,26.98974609375
2.220703,0.40283203125
2.222656,1.20849609375
2.224609,2.215576171875
2.226562,3.22265625
2.228516,4.0283203125
2.230469,4.833984375
2.232422,5.438232421875
2.234375,5.6396484375
2.236328,5.841064453125
2.238281,5.438232421875
2.240234,5.035400390625
2.242188,4.229736328125
2.244141,3.424072265625
2.246094,2.4169921875
2.248047,-11.68212890625
2.25,6.4453125
2.251953,5.841064453125
2.253906,5.23681640625
2.255859,5.035400390625
2.257812,5.035400390625
2.259766,5.438232421875
2.261719,6.04248046875
2.263672,6.84814453125
2.265625,7.65380859375
2.267578,29.00390625
2.269531,35.04638671875
2.271484,35.85205078125
2.273438,36.456298828125
2.275391,36.859130859375
2.277344,37.060546875
2.279297,36.859130859375
2.28125,36.456298828125
2.283203,51.361083984375
2.285156,50.555419921875
2.287109,49.54833984375
2.289062,48.541259765625
2.291016,47.735595703125
2.292969,38.671875
2.294922,38.067626953125
2.296875,37.8662109375
2.298828,37.8662109375
2.300781,38.067626953125
2.302734,38.470458984375
2.304688,39.276123046875
2.306641,40.081787109375
2.308594,41.0888671875
2.310547,42.095947265625
2.3125,42.901611328125
2.314453,43.707275390625
2.316406,18.12744140625
2.318359,18.328857421875
2.320312,18.328857421875
2.322266,17.926025390625
2.324219,17.32177734375
2.326172,16.51611328125
2.328125,15.71044921875
2.330078,-5.438232421875
2.332031,-6.4453125
2.333984,-7.2509765625
2.335938,-7.855224609375
2.337891,-8.258056640625
2.339844,-8.45947265625
2.341797,-8.258056640625
2.34375,-7.855224609375
2.345703,-7.2509765625
2.347656,-6.4453125
2.349609,-5.438232421875
2.351562,-4.632568359375
2.353516,-3.62548828125
2.355469,-2.81982421875
2.357422,-0.201416015625
2.359375,0.0
2.361328,0.201416015625
2.363281,0.0
2.365234,-0.604248046875
2.367188,23.162841796875
2.369141,22.357177734375
2.371094,21.35009765625
2.373047,45.721435546875
2.375,44.915771484375
2.376953,44.110107421875
2.378906,43.707275390625
2.380859,43.505859375
2.382812,43.505859375
2.384766,43.90869140625
2.386719,44.512939453125
2.388672,45.1171875
2.390625,46.527099609375
2.392578,47.332763671875
2.394531,48.33984375
2.396484,49.1455078125
2.398438,49.951171875
2.400391,50.35400390625
2.402344,50.35400390625
2.404297,50.35400390625
2.40625,31.622314453125
2.408203,24.371337890625
2.410156,23.3642578125
2.412109,22.55859375
2.414062,21.551513671875
2.416016,20.54443359375
2.417969,19.940185546875
2.419922,19.3359375
2.421875,18.93310546875
2.423828,0.0
2.425781,0.201416015625
2.427734,0.8056640625
2.429688,1.611328125
2.431641,2.4169921875
2.433594,3.424072265625
2.435547,4.229736328125
2.4375,-4.632568359375
2.439453,-4.0283203125
2.441406,-3.424072265625
2.443359,-3.22265625
2.445312,-3.22265625
2.447266,-3.62548828125
2.449219,-4.229736328125
2.451172,-5.035400390625
2.453125,-5.841064453125
2.455078,-6.84814453125
2.457031,-7.855224609375
2.458984,-8.660888671875
2.460938,-9.26513671875
2.462891,-9.66796875
2.464844,31.219482421875
2.466797,31.219482421875
2.46875,31.82373046875
2.470703,32.427978515625
2.472656,33.233642578125
2.474609,34.24072265625
2.476562,35.04638671875
2.478516,36.053466796875
2.480469,36.859130859375
2.482422,37.46337890625
2.484375,49.951171875
2.486328,49.951171875
2.488281,39.678955078125
2.490234,39.276123046875
2.492188,38.470458984375
2.494141,37.664794921875
2.496094,36.65771484375
2.498047,35.650634765625
2.5,34.844970703125
2.501953,34.039306640625
2.503906,33.636474609375
2.505859,33.43505859375
2.507812,33.43505859375
2.509766,33.636474609375
2.511719,34.24072265625
2.513672,35.04638671875
2.515625,36.053466796875
2.517578,9.26513671875
2.519531,10.07080078125
2.521484,11.077880859375
2.523438,11.68212890625
2.525391,12.0849609375
2.527344,12.286376953125
2.529297,12.0849609375
2.53125,-3.22265625
2.533203,-3.826904296875
2.535156,-4.632568359375
2.537109,-5.6396484375
2.539062,-6.646728515625
2.541016,-7.452392578125
2.542969,-8.258056640625
2.544922,-8.8623046875
2.546875,-9.26513671875
2.548828,-0.604248046875
2.550781,-0.40283203125
2.552734,0.0
2.554688,0.8056640625
2.556641,1.611328125
2.558594,2.618408203125
2.560547,3.62548828125
2.5625,4.43115234375
2.564453,5.23681640625
2.566406,5.6396484375
2.568359,5.841064453125
2.570312,5.841064453125
2.572266,5.438232421875
2.574219,31.219482421875
2.576172,30.413818359375
2.578125,46.124267578125
2.580078,45.1171875
2.582031,44.3115234375
2.583984,43.505859375
2.585938,42.7001953125
2.587891,42.29736328125
2.589844,42.29736328125
2.591797,42.29736328125
2.59375,43.304443359375
2.595703,40.484619140625
2.597656,41.290283203125
2.599609,42.29736328125
2.601562,43.10302734375
2.603516,44.110107421875
2.605469,44.915771484375
2.607422,45.52001953125
2.609375,25.177001953125
2.611328,25.177001953125
2.613281,24.9755859375
2.615234,24.371337890625
2.617188,23.76708984375
2.619141,22.760009765625
2.621094,21.7529296875
2.623047,20.947265625
2.625,-6.84814453125
2.626953,-7.452392578125
2.628906,-8.056640625
2.630859,-8.258056640625
2.632812,-8.258056640625
2.634766,-7.855224609375
2.636719,-7.2509765625
2.638672,-6.4453125
2.640625,-5.841064453125
2.642578,-4.833984375
2.644531,-3.826904296875
2.646484,-3.021240234375
2.648438,-2.4169921875
2.650391,-2.01416015625
2.652344,-1.812744140625
2.654297,-2.01416015625
2.65625,17.32177734375
2.658203,16.717529296875
2.660156,15.911865234375
2.662109,14.90478515625
2.664062,13.897705078125
2.666016,13.092041015625
2.667969,12.286376953125
2.669922,11.68212890625
2.671875,11.279296875
2.673828,11.279296875
2.675781,11.480712890625
2.677734,12.0849609375
2.679688,12.689208984375
2.681641,13.6962890625
2.683594,40.081787109375
2.685547,41.0888671875
2.6875,50.555419921875
2.689453,51.361083984375
2.691406,51.763916015625
2.693359,51.96533203125
2.695312,51.96533203125
2.697266,51.5625
2.699219,50.958251953125
2.701172,50.35400390625
2.703125,49.346923828125
2.705078,27.996826171875
2.707031,26.98974609375
2.708984,26.18408203125
2.710938,25.579833984375
2.712891,25.177001953125
2.714844,24.9755859375
2.716797,25.177001953125
2.71875,0.8056640625
2.720703,1.611328125
2.722656,2.4169921875
2.724609,3.22265625
2.726562,4.229736328125
2.728516,5.23681640625
2.730469,6.04248046875
2.732422,6.4453125
2.734375,6.84814453125
2.736328,-7.2509765625
2.738281,-7.452392578125
2.740234,-8.056640625
2.742188,-8.660888671875
2.744141,-9.66796875
2.746094,-10.4736328125
2.748047,-11.480712890625
2.75,4.632568359375
2.751953,4.0283203125
2.753906,3.424072265625
2.755859,3.22265625
2.757812,3.22265625
2.759766,3.62548828125
2.761719,4.229736328125
2.763672,5.035400390625
2.765625,5.841064453125
2.767578,36.2548828125
2.769531,37.060546875
2.771484,37.8662109375
2.773438,38.671875
2.775391,39.07470703125
2.777344,39.07470703125
2.779297,39.07470703125
2.78125,38.671875
2.783203,37.8662109375
2.785156,37.060546875
2.787109,49.749755859375
2.789062,48.74267578125
2.791016,47.735595703125
2.792969,47.13134765625
2.794922,46.527099609375
2.796875,46.124267578125
2.798828,39.276123046875
2.800781,39.4775390625
2.802734,39.88037109375
2.804688,40.68603515625
2.806641,41.49169921875
2.808594,42.498779296875
2.810547,43.505859375
2.8125,16.9189453125
2.814453,17.523193359375
2.816406,18.12744140625
2.818359,18.328857421875
2.820312,18.328857421875
2.822266,17.926025390625
2.824219,17.32177734375
2.826172,16.51611328125
2.828125,15.71044921875
2.830078,-7.65380859375
2.832031,-8.45947265625
2.833984,-9.26513671875
2.835938,-10.07080078125
2.837891,-10.4736328125
2.839844,-10.4736328125
2.841797,-10.4736328125
2.84375,-10.07080078125
2.845703,-9.26513671875
2.847656,-4.833984375
2.849609,-4.0283203125
2.851562,-3.021240234375
2.853516,-2.01416015625
2.855469,-1.409912109375
2.857422,-0.8056640625
2.859375,-0.40283203125
2.861328,24.57275390625
2.863281,24.371337890625
2.865234,23.76708984375
2.867188,23.162841796875
2.869141,22.15576171875
2.871094,21.35009765625
2.873047,20.343017578125
2.875,43.505859375
2.876953,42.7001953125
2.878906,43.505859375
2.880859,43.304443359375
2.882812,43.304443359375
2.884766,43.707275390625
2.886719,44.3115234375
2.888672,44.915771484375
2.890625,45.9228515625
2.892578,46.929931640625
2.894531,47.735595703125
2.896484,48.74267578125
2.898438,49.346923828125
2.900391,49.749755859375
2.902344,49.951171875
2.904297,49.749755859375
2.90625,49.346923828125
2.908203,24.371337890625
2.910156,23.565673828125
2.912109,22.55859375
2.914062,21.551513671875
2.916016,20.745849609375
2.917969,19.940185546875
2.919922,19.3359375
2.921875,18.93310546875
2.923828,18.93310546875
2.925781,-0.604248046875
2.927734,-0.201416015625
2.929688,0.604248046875
2.931641,1.409912109375
2.933594,2.4169921875
2.935547,3.424072265625
2.9375,4.229736328125
2.939453,-3.021240234375
2.941406,-2.618408203125
2.943359,-2.4169921875
2.945312,-2.4169921875
2.947266,-2.81982421875
2.949219,-3.424072265625
2.951172,-4.0283203125
2.953125,9.063720703125
2.955078,8.056640625
2.957031,7.2509765625
2.958984,6.243896484375
2.960938,5.6396484375
2.962891,5.23681640625
2.964844,5.035400390625
2.966797,5.23681640625
2.96875,31.219482421875
2.970703,31.82373046875
2.972656,32.62939453125
2.974609,33.636474609375
2.976562,34.6435546875
2.978516,35.44921875
2.980469,36.2548828125
2.982422,36.859130859375
2.984375,53.57666015625
2.986328,53.57666015625
2.988281,53.375244140625
2.990234,52.972412109375
2.992188,52.166748046875
2.994141,51.361083984375
2.996094,50.35400390625
2.998047,49.346923828125
3.0,48.541259765625
3.001953,47.735595703125
3.003906,47.332763671875
3.005859,47.13134765625
3.007812,31.622314453125
3.009766,32.025146484375
3.011719,32.62939453125
3.013672,33.43505859375
3.015625,8.660888671875
3.017578,9.66796875
3.019531,10.4736328125
3.021484,11.480712890625
3.023438,12.0849609375
3.025391,12.48779296875
3.027344,12.689208984375
3.029297,12.48779296875
3.03125,12.0849609375
3.033203,-4.0283203125
3.035156,-5.035400390625
3.037109,-5.841064453125
3.039062,-6.84814453125
3.041016,-7.855224609375
3.042969,-8.45947265625
3.044922,-9.063720703125
3.046875,-9.466552734375
3.048828,-0.604248046875
3.050781,-0.201416015625
3.052734,0.201416015625
3.054688,1.007080078125
3.056641,1.812744140625
3.058594,2.81982421875
3.060547,3.62548828125
3.0625,4.632568359375
3.064453,5.23681640625
3.066406,31.82373046875
3.068359,32.025146484375
3.070312,32.025146484375
3.072266,31.82373046875
3.074219,38.26904296875
3.076172,47.93701171875
3.078125,46.929931640625
3.080078,46.124267578125
3.082031,45.1171875
3.083984,44.3115234375
3.085938,43.707275390625
3.087891,43.10302734375
3.089844,43.10302734375
3.091797,43.10302734375
3.09375,43.707275390625
3.095703,44.3115234375
3.097656,39.276123046875
3.099609,40.081787109375
3.101562,41.0888671875
3.103516,42.095947265625
3.105469,42.901611328125
3.107422,43.304443359375
3.109375,43.707275390625
3.111328,43.707275390625
3.113281,43.505859375
3.115234,43.10302734375
3.117188,42.29736328125
3.119141,15.509033203125
3.121094,14.501953125
3.123047,13.494873046875
3.125,12.689208984375
3.126953,12.0849609375
3.128906,11.480712890625
3.130859,-8.258056640625
3.132812,-8.258056640625
3.134766,-7.855224609375
3.136719,-7.2509765625
3.138672,-6.646728515625
3.140625,-5.6396484375
3.142578,-4.632568359375
3.144531,0.0
3.146484,1.007080078125
3.148438,1.611328125
3.150391,2.01416015625
3.152344,2.215576171875
3.154297,2.01416015625
3.15625,1.611328125
3.158203,1.007080078125
3.160156,22.55859375
3.162109,21.551513671875
3.164062,20.54443359375
3.166016,19.73876953125
3.167969,18.93310546875
3.169922,18.328857421875
3.171875,17.926025390625
3.173828,39.07470703125
3.175781,39.276123046875
3.177734,39.678955078125
3.179688,40.484619140625
3.181641,41.290283203125
3.183594,42.29736328125
3.185547,43.304443359375
3.1875,44.110107421875
3.189453,44.915771484375
3.191406,48.541259765625
3.193359,48.74267578125
3.195312,48.74267578125
3.197266,48.33984375
3.199219,47.735595703125
3.201172,46.929931640625
3.203125,46.124267578125
3.205078,45.1171875
3.207031,44.110107421875
3.208984,27.191162109375
3.210938,26.5869140625
3.212891,25.982666015625
3.214844,25.982666015625
3.216797,25.982666015625
3.21875,26.5869140625
3.220703,27.191162109375
3.222656,27.996826171875
3.224609,29.00390625
3.226562,29.8095703125
3.228516,2.215576171875
3.230469,3.021240234375
3.232422,3.62548828125
3.234375,3.826904296875
3.236328,-2.81982421875
3.238281,-3.021240234375
3.240234,-3.62548828125
3.242188,-4.229736328125
3.244141,-5.23681640625
3.246094,-6.04248046875
3.248047,-7.049560546875
3.25,-7.855224609375
3.251953,-8.660888671875
3.253906,-9.063720703125
3.255859,5.23681640625
3.257812,5.438232421875
3.259766,5.6396484375
3.261719,6.243896484375
3.263672,7.049560546875
3.265625,7.855224609375
3.267578,8.8623046875
3.269531,34.6435546875
3.271484,35.44921875
3.273438,36.2548828125
3.275391,36.65771484375
3.277344,36.65771484375
3.279297,36.65771484375
3.28125,36.2548828125
3.283203,35.44921875
3.285156,48.74267578125
3.287109,45.721435546875
3.289062,44.71435546875
3.291016,43.90869140625
3.292969,43.10302734375
3.294922,42.498779296875
3.296875,42.095947265625
3.298828,42.095947265625
3.300781,32.427978515625
3.302734,32.830810546875
3.304688,33.636474609375
3.306641,34.442138671875
3.308594,35.44921875
3.310547,36.456298828125
3.3125,37.261962890625
3.314453,37.8662109375
3.316406,38.470458984375
3.318359,10.4736328125
3.320312,10.4736328125
3.322266,10.07080078125
3.324219,9.466552734375
3.326172,8.660888671875
3.328125,7.855224609375
3.330078,6.84814453125
3.332031,5.841064453125
3.333984,5.035400390625
3.335938,4.43115234375
3.337891,4.0283203125
3.339844,3.826904296875
3.341797,4.0283203125
3.34375,4.43115234375
3.345703,-6.646728515625
3.347656,-0.604248046875
3.349609,0.201416015625
3.351562,1.20849609375
3.353516,2.215576171875
3.355469,2.81982421875
3.357422,3.424072265625
3.359375,3.826904296875
3.361328,3.826904296875
3.363281,3.62548828125
3.365234,30.413818359375
3.367188,29.608154296875
3.369141,28.802490234375
3.371094,27.79541015625
3.373047,26.788330078125
3.375,25.982666015625
3.376953,25.177001953125
3.378906,24.774169921875
3.380859,46.32568359375
3.382812,46.32568359375
3.384766,46.728515625
3.386719,47.332763671875
3.388672,48.138427734375
3.390625,48.944091796875
3.392578,49.951171875
3.394531,46.32568359375
3.396484,47.13134765625
3.398438,47.735595703125
3.400391,48.138427734375
3.402344,48.33984375
3.404297,48.138427734375
3.40625,47.735595703125
3.408203,47.13134765625
3.410156,23.162841796875
3.412109,22.15576171875
3.414062,21.148681640625
3.416016,20.343017578125
3.417969,19.537353515625
3.419922,18.93310546875
3.421875,18.5302734375
3.423828,18.5302734375
3.425781,-5.23681640625
3.427734,-4.833984375
3.429688,-4.0283203125
3.431641,-3.22265625
3.433594,-2.215576171875
3.435547,-1.20849609375
3.4375,-0.40283203125
3.439453,0.40283203125
3.441406,0.8056640625
3.443359,1.007080078125
3.445312,1.007080078125
3.447266,-4.632568359375
3.449219,-5.23681640625
3.451172,-6.04248046875
3.453125,-7.049560546875
3.455078,-8.056640625
3.457031,-8.8623046875
3.458984,-9.66796875
3.460938,-10.4736328125
3.462891,10.87646484375
3.464844,38.067626953125
3.466797,38.26904296875
3.46875,38.671875
3.470703,39.276123046875
3.472656,40.081787109375
3.474609,41.0888671875
3.476562,41.89453125
3.478516,42.901611328125
3.480469,43.707275390625
3.482422,44.3115234375
3.484375,44.512939453125
3.486328,44.71435546875
3.488281,44.3115234375
3.490234,49.54833984375
3.492188,48.74267578125
3.494141,47.93701171875
3.496094,46.929931640625
3.498047,45.9228515625
3.5,45.1171875
3.501953,44.3115234375
3.503906,26.385498046875
3.505859,26.18408203125
3.507812,26.18408203125
3.509766,26.5869140625
3.511719,27.191162109375
3.513672,27.996826171875
3.515625,28.802490234375
3.517578,29.8095703125
3.519531,30.816650390625
3.521484,2.81982421875
3.523438,3.424072265625
3.525391,3.826904296875
3.527344,4.0283203125
3.529297,3.826904296875
3.53125,3.424072265625
3.533203,2.81982421875
3.535156,1.812744140625
3.537109,-9.869384765625
3.539062,-10.87646484375
3.541016,-11.883544921875
3.542969,-12.689208984375
3.544922,-13.092041015625
3.546875,-13.494873046875
3.548828,-13.494873046875
3.550781,-13.29345703125
3.552734,-12.890625
3.554688,-12.0849609375
3.556641,-11.279296875
3.558594,-10.272216796875
3.560547,9.063720703125
3.5625,10.07080078125
3.564453,30.010986328125
3.566406,30.615234375
3.568359,30.816650390625
3.570312,30.816650390625
3.572266,30.413818359375
3.574219,29.8095703125
3.576172,29.00390625
3.578125,28.1982421875
3.580078,27.191162109375
3.582031,47.13134765625
3.583984,46.32568359375
3.585938,45.721435546875
3.587891,45.318603515625
3.589844,45.1171875
3.591797,45.318603515625
3.59375,45.721435546875
3.595703,46.32568359375
3.597656,40.081787109375
3.599609,41.0888671875
3.601562,42.095947265625
3.603516,42.901611328125
3.605469,43.707275390625
3.607422,44.3115234375
3.609375,44.71435546875
3.611328,44.71435546875
3.613281,44.512939453125
3.615234,17.120361328125
3.617188,16.314697265625
3.619141,15.509033203125
3.621094,14.501953125
3.623047,13.494873046875
3.625,12.689208984375
3.626953,11.883544921875
3.628906,-11.68212890625
3.630859,-11.883544921875
3.632812,-11.883544921875
3.634766,-11.480712890625
3.636719,-10.87646484375
3.638672,-10.07080078125
3.640625,-9.26513671875
3.642578,-8.258056640625
3.644531,-7.2509765625
3.646484,-2.4169921875
3.648438,-1.812744140625
3.650391,-1.20849609375
3.652344,-1.20849609375
3.654297,-1.20849609375
3.65625,-1.812744140625
3.658203,-2.4169921875
3.660156,22.55859375
3.662109,21.551513671875
3.664062,20.54443359375
3.666016,19.73876953125
3.667969,18.93310546875
3.669922,18.328857421875
3.671875,18.12744140625
3.673828,17.926025390625
3.675781,18.12744140625
3.677734,43.304443359375
3.679688,44.110107421875
3.681641,44.915771484375
3.683594,45.9228515625
3.685547,46.929931640625
3.6875,47.735595703125
3.689453,48.541259765625
3.691406,46.527099609375
3.693359,46.929931640625
3.695312,46.728515625
3.697266,46.527099609375
3.699219,45.9228515625
3.701172,45.1171875
3.703125,44.110107421875
3.705078,43.304443359375
3.707031,42.29736328125
3.708984,19.73876953125
3.710938,19.134521484375
3.712891,18.731689453125
3.714844,18.5302734375
3.716797,18.731689453125
3.71875,19.134521484375
3.720703,19.73876953125
3.722656,20.54443359375
3.724609,-3.021240234375
3.726562,-2.215576171875
3.728516,-1.20849609375
3.730469,-0.40283203125
3.732422,0.201416015625
3.734375,0.40283203125
3.736328,0.40283203125
3.738281,-2.81982421875
3.740234,-3.22265625
3.742188,-4.0283203125
3.744141,-4.833984375
3.746094,-5.841064453125
3.748047,-6.646728515625
3.75,-7.65380859375
3.751953,-8.258056640625
3.753906,-8.8623046875
3.755859,11.077880859375
3.757812,11.279296875
3.759766,11.480712890625
3.761719,12.0849609375
3.763672,12.890625
3.765625,13.6962890625
3.767578,14.703369140625
3.769531,15.71044921875
3.771484,16.51611328125
3.773438,17.120361328125
3.775391,17.523193359375
3.777344,17.724609375
3.779297,17.523193359375
3.78125,36.456298828125
3.783203,35.85205078125
3.785156,39.4775390625
3.787109,50.35400390625
3.789062,49.346923828125
3.791016,48.33984375
3.792969,47.735595703125
3.794922,47.13134765625
3.796875,46.728515625
3.798828,46.728515625
3.800781,46.929931640625
3.802734,34.039306640625
3.804688,34.844970703125
3.806641,35.650634765625
3.808594,36.65771484375
3.810547,37.46337890625
3.8125,38.470458984375
3.814453,39.07470703125
3.816406,39.678955078125
3.818359,12.0849609375
3.820312,12.0849609375
3.822266,11.68212890625
3.824219,11.077880859375
3.826172,10.272216796875
3.828125,9.466552734375
3.830078,8.45947265625
3.832031,7.452392578125
3.833984,6.646728515625
3.835938,-9.66796875
3.837891,-10.07080078125
3.839844,-10.272216796875
3.841797,-10.07080078125
3.84375,-9.66796875
3.845703,-9.063720703125
3.847656,-8.258056640625
3.849609,2.215576171875
3.851562,3.22265625
3.853516,4.229736328125
3.855469,31.4208984375
3.857422,32.025146484375
3.859375,32.2265625
3.861328,32.427978515625
3.863281,32.025146484375
3.865234,31.622314453125
3.867188,30.816650390625
3.869141,30.010986328125
3.871094,29.00390625
3.873047,28.1982421875
3.875,27.191162109375
3.876953,26.5869140625
3.878906,25.982666015625
3.880859,25.78125
3.882812,25.78125
3.884766,26.18408203125
3.886719,26.788330078125
3.888672,27.593994140625
3.890625,28.399658203125
3.892578,29.40673828125
3.894531,43.90869140625
3.896484,44.71435546875
3.898438,45.318603515625
3.900391,45.721435546875
3.902344,45.9228515625
3.904297,45.721435546875
3.90625,45.318603515625
3.908203,44.71435546875
3.910156,43.90869140625
3.912109,42.901611328125
3.914062,14.300537109375
3.916016,13.494873046875
3.917969,12.689208984375
3.919922,12.0849609375
3.921875,11.883544921875
3.923828,11.68212890625
3.925781,11.883544921875
3.927734,12.48779296875
3.929688,-9.66796875
3.931641,-8.8623046875
3.933594,-7.855224609375
3.935547,-6.84814453125
3.9375,-6.04248046875
3.939453,-5.23681640625
3.941406,-4.833984375
3.943359,-4.43115234375
3.945312,-0.604248046875
3.947266,-1.007080078125
3.949219,-1.611328125
3.951172,-2.4169921875
3.953125,-3.22265625
3.955078,-4.229736328125
3.957031,-5.23681640625
3.958984,-6.04248046875
3.960938,-6.646728515625
3.962891,18.12744140625
3.964844,17.926025390625
3.966797,18.12744140625
3.96875,18.5302734375
3.970703,19.134521484375
3.972656,20.1416015625
3.974609,20.947265625
3.976562,21.954345703125
3.978516,46.32568359375
3.980469,47.13134765625
3.982422,47.735595703125
3.984375,48.138427734375
3.986328,48.138427734375
3.988281,47.93701171875
3.990234,47.332763671875
3.992188,46.728515625
3.994141,45.721435546875
3.996094,44.915771484375
3.998047,43.90869140625
4.0,43.10302734375
4.001953,42.29736328125
4.003906,41.693115234375
4.005859,18.5302734375
4.007812,18.5302734375
4.009766,18.93310546875
4.011719,19.537353515625
4.013672,20.343017578125
4.015625,21.148681640625
4.017578,22.15576171875
4.019531,23.162841796875
4.021484,23.968505859375
4.023438,24.57275390625
4.025391,-1.007080078125
4.027344,-0.8056640625
4.029297,-1.007080078125
4.03125,-1.409912109375
4.033203,-2.01416015625
4.035156,-3.021240234375
4.037109,-3.826904296875
4.039062,-4.833984375
4.041016,-10.675048828125
4.042969,-11.480712890625
4.044922,-12.0849609375
4.046875,-12.286376953125
4.048828,-12.286376953125
4.050781,10.87646484375
4.052734,11.279296875
4.054688,12.0849609375
4.056641,12.890625
4.058594,13.897705078125
4.060547,14.90478515625
4.0625,15.71044921875
4.064453,16.51611328125
4.066406,16.9189453125
4.068359,17.120361328125
4.070312,17.120361328125
4.072266,16.9189453125
4.074219,41.49169921875
4.076172,40.68603515625
4.078125,39.88037109375
4.080078,38.873291015625
4.082031,37.8662109375
4.083984,37.060546875
4.085938,36.456298828125
4.087891,43.505859375
4.089844,43.304443359375
4.091797,43.505859375
4.09375,43.90869140625
4.095703,44.512939453125
4.097656,45.318603515625
4.099609,46.32568359375
4.101562,47.332763671875
4.103516,48.138427734375
4.105469,48.944091796875
4.107422,49.54833984375
4.109375,37.664794921875
4.111328,37.8662109375
4.113281,37.46337890625
4.115234,37.060546875
4.117188,16.51611328125
4.119141,9.466552734375
4.121094,8.45947265625
4.123047,7.65380859375
4.125,6.646728515625
4.126953,6.04248046875
4.128906,5.438232421875
4.130859,5.23681640625
4.132812,-8.660888671875
4.134766,-8.45947265625
4.136719,-7.855224609375
4.138672,-7.049560546875
4.140625,-6.243896484375
4.142578,-5.23681640625
4.144531,-4.229736328125
4.146484,-3.424072265625
4.148438,6.04248046875
4.150391,6.4453125
4.152344,6.646728515625
4.154297,6.4453125
4.15625,6.04248046875
4.158203,5.438232421875
4.160156,4.43115234375
4.162109,28.399658203125
4.164062,27.392578125
4.166016,26.385498046875
4.167969,25.78125
4.169922,25.177001953125
4.171875,24.774169921875
4.173828,24.774169921875
4.175781,24.9755859375
4.177734,25.37841796875
4.179688,45.318603515625
4.181641,46.32568359375
4.183594,47.13134765625
4.185547,48.138427734375
4.1875,48.944091796875
4.189453,49.749755859375
4.191406,50.152587890625
4.193359,50.555419921875
4.195312,43.505859375
4.197266,43.304443359375
4.199219,42.7001953125
4.201172,41.89453125
4.203125,41.0888671875
4.205078,40.081787109375
4.207031,39.07470703125
4.208984,38.26904296875
4.210938,37.664794921875
4.212891,37.261962890625
4.214844,37.060546875
4.216797,37.261962890625
4.21875,12.286376953125
4.220703,12.890625
4.222656,13.897705078125
4.224609,14.703369140625
4.226562,-8.056640625
4.228516,-7.2509765625
4.230469,-6.4453125
4.232422,-5.841064453125
4.234375,-5.438232421875
4.236328,-5.438232421875
4.238281,-5.6396484375
4.240234,-6.243896484375
4.242188,-6.84814453125
4.244141,-6.04248046875
4.246094,14.300537109375
4.248047,13.29345703125
4.25,12.48779296875
4.251953,11.68212890625
4.253906,11.279296875
4.255859,11.077880859375
4.257812,11.077880859375
4.259766,11.480712890625
4.261719,12.0849609375
4.263672,12.689208984375
4.265625,13.6962890625
4.267578,14.703369140625
4.269531,15.509033203125
4.271484,16.51611328125
4.273438,17.120361328125
4.275391,44.3115234375
4.277344,44.3115234375
4.279297,44.3115234375
4.28125,43.90869140625
4.283203,43.10302734375
4.285156,42.29736328125
4.287109,41.49169921875
4.289062,49.1455078125
4.291016,48.33984375
4.292969,47.5341796875
4.294922,46.929931640625
4.296875,46.527099609375
4.298828,46.527099609375
4.300781,46.728515625
4.302734,47.332763671875
4.304688,47.93701171875
4.306641,27.79541015625
4.308594,28.802490234375
4.310547,29.608154296875
4.3125,30.615234375
4.314453,31.219482421875
4.316406,31.82373046875
4.318359,32.025146484375
4.320312,32.025146484375
4.322266,31.622314453125
4.324219,31.01806640625
4.326172,30.21240234375
4.328125,29.40673828125
4.330078,1.409912109375
4.332031,0.604248046875
4.333984,-11.883544921875
4.335938,-12.48779296875
4.337891,-12.890625
4.339844,-13.092041015625
4.341797,-12.890625
4.34375,-12.48779296875
4.345703,-11.883544921875
4.347656,-11.077880859375
4.349609,-10.07080078125
4.351562,-9.063720703125
4.353516,8.056640625
4.355469,8.8623046875
4.357422,9.466552734375
4.359375,9.869384765625
4.361328,9.869384765625
4.363281,9.66796875
4.365234,9.063720703125
4.367188,31.01806640625
4.369141,35.44921875
4.371094,34.442138671875
4.373047,33.43505859375
4.375,32.62939453125
4.376953,32.025146484375
4.378906,31.4208984375
4.380859,31.219482421875
4.382812,31.219482421875
4.384766,44.110107421875
4.386719,46.728515625
4.388672,47.5341796875
4.390625,48.541259765625
4.392578,49.346923828125
4.394531,50.35400390625
4.396484,51.15966796875
4.398438,51.96533203125
4.400391,40.081787109375
4.402344,40.283203125
4.404297,40.081787109375
4.40625,39.678955078125
4.408203,39.07470703125
4.410156,38.067626953125
4.412109,37.261962890625
4.414062,36.2548828125
4.416016,5.438232421875
4.417969,4.632568359375
4.419922,4.229736328125
4.421875,3.826904296875
4.423828,3.826904296875
4.425781,4.0283203125
4.427734,4.43115234375
4.429688,5.23681640625
4.431641,6.04248046875
4.433594,7.049560546875
4.435547,8.056640625
4.4375,8.8623046875
4.439453,9.66796875
4.441406,-7.65380859375
4.443359,-7.452392578125
4.445312,5.6396484375
4.447266,5.438232421875
4.449219,4.833984375
4.451172,4.0283203125
4.453125,3.021240234375
4.455078,2.215576171875
4.457031,1.20849609375
4.458984,0.40283203125
4.460938,-0.201416015625
4.462891,-0.604248046875
4.464844,24.774169921875
4.466797,24.9755859375
4.46875,25.37841796875
4.470703,25.982666015625
4.472656,26.98974609375
4.474609,27.79541015625
4.476562,28.802490234375
4.478516,29.8095703125
4.480469,45.721435546875
4.482422,46.32568359375
4.484375,46.728515625
4.486328,46.728515625
4.488281,46.527099609375
4.490234,45.9228515625
4.492188,45.318603515625
4.494141,47.93701171875
4.496094,47.13134765625
4.498047,46.124267578125
4.5,45.1171875
4.501953,44.512939453125
4.503906,43.90869140625
4.505859,43.707275390625
4.507812,43.707275390625
4.509766,18.93310546875
4.511719,19.537353515625
4.513672,20.343017578125
4.515625,21.148681640625
4.517578,22.15576171875
4.519531,23.162841796875
4.521484,23.968505859375
4.523438,24.57275390625
4.525391,-0.40283203125
4.527344,-0.201416015625
4.529297,-0.40283203125
4.53125,-0.8056640625
4.533203,-1.409912109375
4.535156,-2.215576171875
4.537109,-3.22265625
4.539062,-4.229736328125
4.541016,-5.035400390625
4.542969,-5.841064453125
4.544922,-6.4453125
4.546875,-6.84814453125
4.548828,-6.84814453125
4.550781,-6.646728515625
4.552734,-2.81982421875
4.554688,12.0849609375
4.556641,12.890625
4.558594,13.897705078125
4.560547,14.90478515625
4.5625,15.71044921875
4.564453,16.51611328125
4.566406,16.9189453125
4.568359,17.32177734375
4.570312,17.120361328125
4.572266,43.505859375
4.574219,42.901611328125
4.576172,42.095947265625
4.578125,41.0888671875
4.580078,40.283203125
4.582031,39.276123046875
4.583984,38.470458984375
4.585938,42.7001953125
4.587891,42.29736328125
4.589844,42.095947265625
4.591797,42.29736328125
4.59375,42.7001953125
4.595703,43.304443359375
4.597656,44.3115234375
4.599609,45.1171875
4.601562,46.124267578125
4.603516,36.2548828125
4.605469,37.060546875
4.607422,37.664794921875
4.609375,37.8662109375
4.611328,38.067626953125
4.613281,37.664794921875
4.615234,37.261962890625
4.617188,36.456298828125
4.619141,9.466552734375
4.621094,8.45947265625
4.623047,7.452392578125
4.625,6.646728515625
4.626953,5.841064453125
4.628906,5.438232421875
4.630859,5.23681640625
4.632812,5.23681640625
4.634766,-11.077880859375
4.636719,1.007080078125
4.638672,1.812744140625
4.640625,2.81982421875
4.642578,3.826904296875
4.644531,4.632568359375
4.646484,5.438232421875
4.648438,6.243896484375
4.650391,6.646728515625
4.652344,6.646728515625
4.654297,6.646728515625
4.65625,6.243896484375
4.658203,5.438232421875
4.660156,4.632568359375
4.662109,3.826904296875
4.664062,2.81982421875
4.666016,1.812744140625
4.667969,25.982666015625
4.669922,25.37841796875
4.671875,25.177001953125
4.673828,25.177001953125
4.675781,25.37841796875
4.677734,25.78125
4.679688,26.5869140625
4.681641,45.1171875
4.683594,45.9228515625
4.685547,46.929931640625
4.6875,47.735595703125
4.689453,48.541259765625
4.691406,49.1455078125
4.693359,49.346923828125
4.695312,49.1455078125
4.697266,43.707275390625
4.699219,43.304443359375
4.701172,42.498779296875
4.703125,41.49169921875
4.705078,40.484619140625
4.707031,39.678955078125
4.708984,38.873291015625
4.710938,12.286376953125
4.712891,11.883544921875
4.714844,11.68212890625
4.716797,11.883544921875
4.71875,12.286376953125
4.720703,12.890625
4.722656,13.6962890625
4.724609,14.703369140625
4.726562,15.71044921875
4.728516,-2.215576171875
4.730469,-1.409912109375
4.732422,-0.8056640625
4.734375,-0.40283203125
4.736328,-0.40283203125
4.738281,-0.604248046875
4.740234,-1.20849609375
4.742188,-2.81982421875
4.744141,-3.62548828125
4.746094,-4.632568359375
4.748047,-5.6396484375
4.75,-6.4453125
4.751953,-7.049560546875
4.753906,-7.65380859375
4.755859,-7.855224609375
4.757812,-7.855224609375
4.759766,-7.452392578125
4.761719,-6.84814453125
4.763672,-6.04248046875
4.765625,20.745849609375
4.767578,21.551513671875
4.769531,22.55859375
4.771484,23.3642578125
4.773438,43.505859375
4.775391,43.90869140625
4.777344,44.110107421875
4.779297,43.90869140625
4.78125,43.505859375
4.783203,42.901611328125
4.785156,42.095947265625
4.787109,41.0888671875
4.789062,40.081787109375
4.791016,47.735595703125
4.792969,46.929931640625
4.794922,46.527099609375
4.796875,46.124267578125
4.798828,46.124267578125
4.800781,46.32568359375
4.802734,46.728515625
4.804688,27.79541015625
4.806641,28.802490234375
4.808594,29.608154296875
4.810547,30.615234375
4.8125,31.4208984375
4.814453,32.2265625
4.816406,32.62939453125
4.818359,33.0322265625
4.820312,4.43115234375
4.822266,4.0283203125
4.824219,3.424072265625
4.826172,2.618408203125
4.828125,1.812744140625
4.830078,0.8056640625
4.832031,-12.0849609375
4.833984,-13.092041015625
4.835938,-13.6962890625
4.837891,-14.09912109375
4.839844,-14.300537109375
4.841797,-14.09912109375
4.84375,-13.6962890625
4.845703,-13.092041015625
4.847656,-12.0849609375
4.849609,-11.279296875
4.851562,-10.272216796875
4.853516,8.45947265625
4.855469,9.26513671875
4.857422,9.869384765625
4.859375,10.07080078125
4.861328,10.272216796875
4.863281,10.07080078125
4.865234,9.466552734375
4.867188,8.660888671875
4.869141,7.855224609375
4.871094,34.039306640625
4.873047,33.233642578125
4.875,32.2265625
4.876953,31.622314453125
4.878906,31.01806640625
4.880859,30.816650390625
4.882812,30.816650390625
4.884766,31.219482421875
4.886719,31.82373046875
4.888672,32.62939453125
4.890625,33.43505859375
4.892578,50.555419921875
4.894531,51.5625
4.896484,52.3681640625
4.898438,37.664794921875
4.900391,38.067626953125
4.902344,38.067626953125
4.904297,38.067626953125
4.90625,37.664794921875
4.908203,36.859130859375
4.910156,36.053466796875
4.912109,35.247802734375
4.914062,34.24072265625
4.916016,33.233642578125
4.917969,32.427978515625
4.919922,4.632568359375
4.921875,4.43115234375
4.923828,4.229736328125
4.925781,4.632568359375
4.927734,5.035400390625
4.929688,5.841064453125
4.931641,6.646728515625
4.933594,7.65380859375
4.935547,-6.04248046875
4.9375,-5.23681640625
4.939453,-4.43115234375
4.941406,-4.0283203125
4.943359,-3.826904296875
4.945312,-3.826904296875
4.947266,4.229736328125
4.949219,3.826904296875
4.951172,3.021240234375
4.953125,2.01416015625
4.955078,1.007080078125
4.957031,0.201416015625
4.958984,-0.604248046875
4.960938,-1.409912109375
4.962891,-1.812744140625
4.964844,25.579833984375
4.966797,25.579833984375
4.96875,25.982666015625
4.970703,26.788330078125
4.972656,27.593994140625
4.974609,28.399658203125
4.976562,29.40673828125
4.978516,30.413818359375
4.980469,31.219482421875
4.982422,31.82373046875
4.984375,32.025146484375
4.986328,32.025146484375
4.988281,48.74267578125
4.990234,48.138427734375
4.992188,47.5341796875
4.994141,46.527099609375
4.996094,41.693115234375
4.998047,40.68603515625
5.0,39.678955078125
5.001953,39.07470703125
5.003906,38.470458984375
5.005859,38.26904296875
5.007812,38.26904296875
5.009766,38.671875
5.011719,12.286376953125
5.013672,13.092041015625
5.015625,13.897705078125
5.017578,14.90478515625
5.019531,15.911865234375
5.021484,16.717529296875
5.023438,17.32177734375
5.025391,17.724609375
5.027344,-5.035400390625
5.029297,-5.23681640625
5.03125,-5.6396484375
5.033203,-6.243896484375
5.035156,-7.049560546875
5.037109,-8.056640625
5.039062,-9.063720703125
5.041016,-9.869384765625
5.042969,-10.675048828125
5.044922,-7.452392578125
5.046875,-7.855224609375
5.048828,-7.855224609375
5.050781,-7.65380859375
5.052734,-7.049560546875
5.054688,-6.4453125
5.056641,-5.6396484375
5.058594,-4.632568359375
5.060547,22.15576171875
5.0625,22.96142578125
5.064453,23.76708984375
5.066406,24.169921875
5.068359,24.57275390625
5.070312,24.371337890625
5.072266,24.169921875
5.074219,23.565673828125
5.076172,42.7001953125
5.078125,41.693115234375
5.080078,40.68603515625
5.082031,39.88037109375
5.083984,39.07470703125
5.085938,38.26904296875
5.087891,37.8662109375
5.089844,46.527099609375
5.091797,46.728515625
5.09375,47.13134765625
5.095703,47.735595703125
5.097656,48.541259765625
5.099609,49.54833984375
5.101562,50.35400390625
5.103516,51.361083984375
5.105469,52.166748046875
5.107422,31.82373046875
5.109375,32.2265625
5.111328,32.2265625
5.113281,32.025146484375
5.115234,31.4208984375
5.117188,30.816650390625
5.119141,29.8095703125
5.121094,2.81982421875
5.123047,1.812744140625
5.125,1.007080078125
5.126953,0.201416015625
5.128906,-0.201416015625
5.130859,-0.40283203125
5.132812,-0.40283203125
5.134766,0.0
5.136719,0.40283203125
5.138672,-10.4736328125
5.140625,-9.466552734375
5.142578,-8.45947265625
5.144531,-7.65380859375
5.146484,-6.84814453125
5.148438,-6.04248046875
5.150391,-5.6396484375
5.152344,-5.6396484375
5.154297,11.68212890625
5.15625,11.279296875
5.158203,10.675048828125
5.160156,9.869384765625
5.162109,8.8623046875
5.164062,7.855224609375
5.166016,7.049560546875
5.167969,6.243896484375
5.169922,30.413818359375
5.171875,30.010986328125
5.173828,30.010986328125
5.175781,30.21240234375
5.177734,30.816650390625
5.179688,31.4208984375
5.181641,32.427978515625
5.183594,33.233642578125
5.185547,34.24072265625
5.1875,35.04638671875
5.189453,35.85205078125
5.191406,52.3681640625
5.193359,52.569580078125
5.195312,52.569580078125
5.197266,52.166748046875
5.199219,51.5625
5.201172,37.46337890625
5.203125,36.456298828125
5.205078,35.44921875
5.207031,34.6435546875
5.208984,33.636474609375
5.210938,33.0322265625
5.212891,32.62939453125
5.214844,32.427978515625
5.216797,4.632568359375
5.21875,5.23681640625
5.220703,5.841064453125
5.222656,-6.84814453125
5.224609,-5.841064453125
5.226562,-4.833984375
5.228516,-4.0283203125
5.230469,-3.22265625
5.232422,-2.618408203125
5.234375,-2.215576171875
5.236328,-2.215576171875
5.238281,-2.4169921875
5.240234,-3.021240234375
5.242188,-3.62548828125
5.244141,-4.632568359375
5.246094,-5.438232421875
5.248047,-6.4453125
5.25,-7.2509765625
5.251953,-2.4169921875
5.253906,-3.021240234375
5.255859,-3.22265625
5.257812,-3.22265625
5.259766,-2.81982421875
5.261719,-2.215576171875
5.263672,26.788330078125
5.265625,27.79541015625
5.267578,28.60107421875
5.269531,29.608154296875
5.271484,30.413818359375
5.273438,31.01806640625
5.275391,31.4208984375
5.277344,31.622314453125
5.279297,31.4208984375
5.28125,51.361083984375
5.283203,50.555419921875
5.285156,49.749755859375
5.287109,48.944091796875
5.289062,47.93701171875
5.291016,46.929931640625
5.292969,46.32568359375
5.294922,45.721435546875
5.296875,45.318603515625
5.298828,45.318603515625
5.300781,45.52001953125
5.302734,38.26904296875
5.304688,39.07470703125
5.306641,39.88037109375
5.308594,40.887451171875
5.310547,15.509033203125
5.3125,16.51611328125
5.314453,17.120361328125
5.316406,17.724609375
5.318359,17.926025390625
5.320312,17.926025390625
5.322266,17.523193359375
5.324219,16.9189453125
5.326172,16.11328125
5.328125,-2.618408203125
5.330078,-3.62548828125
5.332031,-4.632568359375
5.333984,-5.438232421875
5.335938,-6.04248046875
5.337891,-6.4453125
5.339844,-6.646728515625
5.341797,-6.4453125
5.34375,-6.646728515625
5.345703,-6.04248046875
5.347656,-5.23681640625
5.349609,-4.229736328125
5.351562,-3.22265625
5.353516,-2.4169921875
5.355469,-1.611328125
5.357422,16.717529296875
5.359375,16.9189453125
5.361328,17.120361328125
5.363281,16.717529296875
5.365234,16.314697265625
5.367188,15.509033203125
5.369141,14.703369140625
5.371094,13.6962890625
5.373047,41.290283203125
5.375,40.283203125
5.376953,39.678955078125
5.378906,39.07470703125
5.380859,38.873291015625
5.382812,39.07470703125
5.384766,39.276123046875
5.386719,39.88037109375
5.388672,45.318603515625
5.390625,46.124267578125
5.392578,47.13134765625
5.394531,48.138427734375
5.396484,48.944091796875
5.398438,49.54833984375
5.400391,49.951171875
5.402344,50.152587890625
5.404297,49.951171875
5.40625,49.54833984375
5.408203,48.944091796875
5.410156,29.40673828125
5.412109,28.399658203125
5.414062,27.593994140625
5.416016,26.5869140625
5.417969,5.438232421875
5.419922,5.035400390625
5.421875,4.632568359375
5.423828,4.632568359375
5.425781,4.833984375
5.427734,5.23681640625
5.429688,6.04248046875
5.431641,6.84814453125
5.433594,-6.243896484375
5.435547,-5.438232421875
5.4375,-4.43115234375
5.439453,-3.826904296875
5.441406,-3.22265625
5.443359,-3.021240234375
5.445312,-3.021240234375
5.447266,-3.424072265625
5.449219,3.22265625
5.451172,2.4169921875
5.453125,1.611328125
5.455078,0.604248046875
5.457031,-0.40283203125
5.458984,-1.20849609375
5.460938,-1.812744140625
5.462891,-2.215576171875
5.464844,-2.4169921875
5.466797,24.774169921875
5.46875,25.177001953125
5.470703,25.78125
5.472656,26.788330078125
5.474609,27.593994140625
5.476562,28.60107421875
5.478516,29.608154296875
5.480469,50.7568359375
5.482422,51.361083984375
5.484375,51.5625
5.486328,51.5625
5.488281,51.361083984375
5.490234,50.958251953125
5.492188,50.152587890625
5.494141,49.346923828125
5.496094,40.283203125
5.498047,39.276123046875
5.5,38.470458984375
5.501953,37.664794921875
5.503906,37.261962890625
5.505859,37.060546875
5.507812,37.060546875
5.509766,37.46337890625
5.511719,38.067626953125
5.513672,38.671875
5.515625,39.678955078125
5.517578,40.68603515625
5.519531,41.49169921875
5.521484,42.29736328125
5.523438,17.724609375
5.525391,-1.007080078125
5.527344,-0.8056640625
5.529297,-1.007080078125
5.53125,-1.409912109375
5.533203,-2.01416015625
5.535156,-2.81982421875
5.537109,-3.826904296875
5.539062,-4.833984375
5.541016,-5.6396484375
5.542969,-6.4453125
5.544922,-4.43115234375
5.546875,-4.833984375
5.548828,-4.833984375
5.550781,-4.632568359375
5.552734,-4.0283203125
5.554688,-3.424072265625
5.556641,-2.4169921875
5.558594,21.148681640625
5.560547,22.15576171875
5.5625,22.96142578125
5.564453,23.76708984375
5.566406,24.169921875
5.568359,24.57275390625
5.570312,24.371337890625
5.572266,24.169921875
5.574219,23.565673828125
5.576172,47.13134765625
5.578125,46.32568359375
5.580078,45.318603515625
5.582031,44.3115234375
5.583984,43.505859375
5.585938,42.901611328125
5.587891,42.498779296875
5.589844,42.29736328125
5.591797,45.318603515625
5.59375,45.721435546875
5.595703,46.32568359375
5.597656,47.13134765625
5.599609,48.138427734375
5.601562,49.1455078125
5.603516,49.951171875
5.605469,31.622314453125
5.607422,32.2265625
5.609375,32.427978515625
5.611328,32.62939453125
5.613281,6.04248046875
5.615234,5.438232421875
5.617188,4.833984375
5.619141,4.0283203125
5.621094,3.021240234375
5.623047,2.01416015625
5.625,1.20849609375
5.626953,0.40283203125
5.628906,0.0
5.630859,-0.40283203125
5.632812,-0.201416015625
5.634766,0.0
5.636719,0.604248046875
5.638672,-7.2509765625
5.640625,-6.243896484375
5.642578,-5.23681640625
5.644531,-4.43115234375
5.646484,-3.424072265625
5.648438,-2.81982421875
5.650391,-2.4169921875
5.652344,11.077880859375
5.654297,11.077880859375
5.65625,10.675048828125
5.658203,9.869384765625
5.660156,9.063720703125
5.662109,8.258056640625
5.664062,7.2509765625
5.666016,6.243896484375
5.667969,5.438232421875
5.669922,31.4208984375
5.671875,31.01806640625
5.673828,31.01806640625
5.675781,31.219482421875
5.677734,31.82373046875
5.679688,32.427978515625
5.681641,33.43505859375
5.683594,49.1455078125
5.685547,50.152587890625
5.6875,50.958251953125
5.689453,51.763916015625
5.691406,52.166748046875
5.693359,52.3681640625
5.695312,52.3681640625
5.697266,52.166748046875
5.699219,51.5625
5.701172,49.951171875
5.703125,36.859130859375
5.705078,35.85205078125
5.707031,34.844970703125
5.708984,34.039306640625
5.710938,33.43505859375
5.712891,33.0322265625
5.714844,32.830810546875
5.716797,5.23681640625
5.71875,5.6396484375
5.720703,6.243896484375
5.722656,7.049560546875
5.724609,8.056640625
5.726562,9.063720703125
5.728516,9.869384765625
5.730469,10.675048828125
5.732422,11.279296875
5.734375,11.68212890625
5.736328,11.68212890625
5.738281,-3.424072265625
5.740234,-3.826904296875
5.742188,-4.632568359375
5.744141,-5.438232421875
5.746094,-7.049560546875
5.748047,-2.01416015625
5.75,-2.81982421875
5.751953,-3.62548828125
5.753906,-4.0283203125
5.755859,-4.229736328125
5.757812,-4.229736328125
5.759766,-4.0283203125
5.761719,-3.424072265625
5.763672,19.73876953125
5.765625,20.745849609375
5.767578,21.551513671875
5.769531,22.55859375
5.771484,23.3642578125
5.773438,23.968505859375
5.775391,24.57275390625
5.777344,47.13134765625
5.779297,46.929931640625
5.78125,46.527099609375
5.783203,45.9228515625
5.785156,44.915771484375
5.787109,44.110107421875
5.789062,43.10302734375
5.791016,42.095947265625
5.792969,42.095947265625
5.794922,41.693115234375
5.796875,41.290283203125
5.798828,41.290283203125
5.800781,41.49169921875
5.802734,41.89453125
5.804688,42.7001953125
5.806641,43.505859375
5.808594,21.954345703125
5.810547,22.96142578125
5.8125,23.76708984375
5.814453,24.57275390625
5.816406,24.9755859375
5.818359,25.177001953125
5.820312,25.177001953125
5.822266,24.774169921875
5.824219,24.371337890625
5.826172,-2.81982421875
5.828125,-3.62548828125
5.830078,-4.632568359375
5.832031,-5.6396484375
5.833984,-6.4453125
5.835938,-7.049560546875
5.837891,-7.452392578125
5.839844,-11.480712890625
5.841797,-11.279296875
5.84375,-10.87646484375
5.845703,-10.272216796875
5.847656,-9.466552734375
5.849609,-8.45947265625
5.851562,-7.452392578125
5.853516,-6.646728515625
5.855469,-5.841064453125
5.857422,17.32177734375
5.859375,17.523193359375
5.861328,17.724609375
5.863281,17.32177734375
5.865234,16.9189453125
5.867188,16.11328125
5.869141,15.3076171875
5.871094,38.671875
5.873047,37.664794921875
5.875,36.859130859375
5.876953,36.053466796875
5.878906,35.650634765625
5.880859,35.44921875
5.882812,35.44921875
5.884766,35.650634765625
5.886719,36.2548828125
5.888672,45.1171875
5.890625,46.929931640625
5.892578,47.93701171875
5.894531,48.74267578125
5.896484,49.749755859375
5.898438,50.35400390625
5.900391,50.7568359375
5.902344,50.958251953125
5.904297,42.095947265625
5.90625,32.62939453125
5.908203,32.025146484375
5.910156,31.01806640625
5.912109,30.21240234375
5.914062,29.205322265625
5.916016,28.1982421875
5.917969,27.593994140625
5.919922,-2.01416015625
5.921875,-2.4169921875
5.923828,-2.4169921875
5.925781,-2.215576171875
5.927734,-1.611328125
5.929688,-1.007080078125
5.931641,0.0
5.933594,0.8056640625
5.935547,1.812744140625
5.9375,-5.23681640625
5.939453,-4.43115234375
5.941406,-4.0283203125
5.943359,-3.62548828125
5.945312,-3.826904296875
5.947266,-4.0283203125
5.949219,-4.632568359375
5.951172,-5.438232421875
5.953125,-6.4453125
5.955078,-7.2509765625
5.957031,5.841064453125
5.958984,5.035400390625
5.960938,4.43115234375
5.962891,4.0283203125
5.964844,3.826904296875
5.966797,31.622314453125
5.96875,32.025146484375
5.970703,32.62939453125
5.972656,33.43505859375
5.974609,34.442138671875
5.976562,35.44921875
5.978516,36.2548828125
5.980469,37.060546875
5.982422,49.1455078125
5.984375,49.54833984375
5.986328,49.54833984375
5.988281,49.346923828125
5.990234,48.74267578125
5.992188,48.138427734375
5.994141,47.332763671875
5.996094,46.32568359375
5.998047,41.0888671875
6.0,40.283203125
6.001953,39.4775390625
6.003906,12.286376953125
6.005859,11.883544921875
6.007812,12.0849609375
6.009766,12.286376953125
6.011719,12.890625
6.013672,13.6962890625
6.015625,14.703369140625
6.017578,15.509033203125
6.019531,16.51611328125
6.021484,17.32177734375
6.023438,17.926025390625
6.025391,18.328857421875
6.027344,18.5302734375
6.029297,18.328857421875
6.03125,17.926025390625
6.033203,-6.646728515625
6.035156,-7.452392578125
6.037109,-8.45947265625
6.039062,-9.26513671875
6.041016,-10.272216796875
6.042969,-11.077880859375
6.044922,-11.68212890625
6.046875,-5.6396484375
6.048828,-5.841064453125
6.050781,-5.6396484375
6.052734,-5.035400390625
6.054688,-4.43115234375
6.056641,-3.424072265625
6.058594,-2.4169921875
6.060547,-1.611328125
6.0625,-0.604248046875
6.064453,0.0
6.066406,0.604248046875
6.068359,24.57275390625
6.070312,24.371337890625
6.072266,24.169921875
6.074219,23.565673828125
6.076172,45.721435546875
6.078125,44.915771484375
6.080078,43.90869140625
6.082031,42.901611328125
6.083984,42.095947265625
6.085938,41.49169921875
6.087891,41.0888671875
6.089844,40.887451171875
6.091797,43.304443359375
6.09375,43.707275390625
6.095703,44.3115234375
6.097656,45.1171875
6.099609,46.124267578125
6.101562,47.13134765625
6.103516,47.93701171875
6.105469,48.74267578125
6.107422,49.346923828125
6.109375,31.622314453125
6.111328,25.177001953125
6.113281,24.9755859375
6.115234,24.371337890625
6.117188,23.76708984375
6.119141,22.760009765625
6.121094,21.7529296875
6.123047,20.947265625
6.125,-2.4169921875
6.126953,-3.021240234375
6.128906,-3.62548828125
6.130859,-3.826904296875
6.132812,-3.826904296875
6.134766,-3.424072265625
6.136719,-2.81982421875
6.138672,-2.215576171875
6.140625,-6.4453125
6.142578,-5.438232421875
6.144531,-4.632568359375
6.146484,-3.826904296875
6.148438,-3.021240234375
6.150391,-2.618408203125
6.152344,-2.618408203125
6.154297,-2.618408203125
6.15625,17.32177734375
6.158203,16.717529296875
6.160156,15.911865234375
6.162109,14.90478515625
6.164062,13.897705078125
6.166016,13.092041015625
6.167969,12.286376953125
6.169922,11.68212890625
6.171875,11.480712890625
6.173828,38.671875
6.175781,38.873291015625
6.177734,39.276123046875
6.179688,40.081787109375
6.181641,40.887451171875
6.183594,41.89453125
6.185547,42.901611328125
6.1875,46.929931640625
6.189453,47.5341796875
6.191406,48.138427734375
6.193359,48.33984375
6.195312,48.33984375
6.197266,47.93701171875
6.199219,39.07470703125
6.201172,38.26904296875
6.203125,37.261962890625
6.205078,36.2548828125
6.207031,35.44921875
6.208984,34.6435546875
6.210938,33.837890625
6.212891,33.43505859375
6.214844,33.43505859375
6.216797,33.43505859375
6.21875,6.4453125
6.220703,7.049560546875
6.222656,7.855224609375
6.224609,8.8623046875
6.226562,9.66796875
6.228516,10.675048828125
6.230469,11.480712890625
6.232422,12.0849609375
6.234375,-5.23681640625
6.236328,-5.035400390625
6.238281,-5.438232421875
6.240234,-5.841064453125
6.242188,-6.646728515625
6.244141,-7.452392578125
6.246094,-8.45947265625
6.248047,-9.26513671875
6.25,-0.604248046875
6.251953,-1.409912109375
6.253906,-1.812744140625
6.255859,-2.01416015625
6.257812,-2.01416015625
6.259766,-1.611328125
6.261719,-1.20849609375
6.263672,-0.40283203125
6.265625,27.593994140625
6.267578,28.399658203125
6.269531,29.40673828125
6.271484,30.21240234375
6.273438,30.816650390625
6.275391,31.219482421875
6.277344,31.4208984375
6.279297,31.219482421875
6.28125,30.816650390625
6.283203,48.74267578125
6.285156,47.93701171875
6.287109,47.13134765625
6.289062,46.124267578125
6.291016,45.1171875
6.292969,44.3115234375
6.294922,37.060546875
6.296875,36.859130859375
6.298828,36.859130859375
6.300781,37.060546875
6.302734,37.46337890625
6.304688,38.26904296875
6.306641,39.07470703125
6.308594,40.081787109375
6.310547,41.0888671875
6.3125,16.9189453125
6.314453,17.523193359375
6.316406,18.12744140625
6.318359,18.328857421875
6.320312,18.328857421875
6.322266,17.926025390625
6.324219,17.32177734375
6.326172,16.717529296875
6.328125,-6.84814453125
6.330078,-7.65380859375
6.332031,-8.660888671875
6.333984,-9.466552734375
6.335938,-10.07080078125
6.337891,-10.675048828125
6.339844,-10.675048828125
6.341797,-10.675048828125
6.34375,-10.07080078125
6.345703,-8.660888671875
6.347656,-7.855224609375
6.349609,-7.049560546875
6.351562,-6.04248046875
6.353516,-5.035400390625
6.355469,-4.229736328125
6.357422,-3.62548828125
6.359375,17.32177734375
6.361328,17.32177734375
6.363281,17.120361328125
6.365234,16.51611328125
6.367188,15.911865234375
6.369141,14.90478515625
6.371094,14.09912109375
6.373047,41.0888671875
6.375,40.283203125
6.376953,39.4775390625
6.378906,38.873291015625
6.380859,38.671875
6.382812,38.873291015625
6.384766,39.07470703125
6.386719,39.678955078125
6.388672,40.484619140625
6.390625,41.290283203125
6.392578,46.124267578125
6.394531,31.01806640625
6.396484,31.82373046875
6.398438,32.427978515625
6.400391,32.830810546875
6.402344,33.0322265625
6.404297,32.830810546875
6.40625,32.427978515625
6.408203,31.82373046875
6.410156,31.01806640625
6.412109,30.010986328125
6.414062,29.205322265625
6.416016,28.1982421875
6.417969,27.392578125
6.419922,26.788330078125
6.421875,26.5869140625
6.423828,-1.007080078125
6.425781,-0.8056640625
6.427734,-0.201416015625
6.429688,0.40283203125
6.431641,1.20849609375
6.433594,2.215576171875
6.435547,3.22265625
6.4375,-4.0283203125
6.439453,-3.22265625
6.441406,-2.81982421875
6.443359,-2.618408203125
6.445312,-2.618408203125
6.447266,-2.81982421875
6.449219,-3.424072265625
6.451172,-4.229736328125
6.453125,8.8623046875
6.455078,7.855224609375
6.457031,7.049560546875
6.458984,6.243896484375
6.460938,5.438232421875
6.462891,5.035400390625
6.464844,5.035400390625
6.466797,5.035400390625
6.46875,32.427978515625
6.470703,33.0322265625
6.472656,33.837890625
6.474609,34.844970703125
6.476562,35.85205078125
6.478516,36.65771484375
6.480469,37.46337890625
6.482422,38.067626953125
6.484375,52.77099609375
6.486328,52.972412109375
6.488281,52.569580078125
6.490234,52.166748046875
6.492188,51.361083984375
6.494141,50.555419921875
6.496094,49.54833984375
6.498047,48.74267578125
6.5,47.735595703125
6.501953,47.13134765625
6.503906,46.527099609375
6.505859,46.32568359375
6.507812,46.32568359375
6.509766,46.728515625
6.511719,47.332763671875
6.513672,32.830810546875
6.515625,33.636474609375
6.517578,34.6435546875
6.519531,35.650634765625
6.521484,11.077880859375
6.523438,11.68212890625
6.525391,12.0849609375
6.527344,12.286376953125
6.529297,12.0849609375
6.53125,-5.23681640625
6.533203,-5.841064453125
6.535156,-6.646728515625
6.537109,-7.65380859375
6.539062,-8.660888671875
6.541016,-9.466552734375
6.542969,-10.272216796875
6.544922,-10.87646484375
6.546875,-11.279296875
6.548828,-2.215576171875
6.550781,-2.01416015625
6.552734,-1.409912109375
6.554688,-0.8056640625
6.556641,0.201416015625
6.558594,1.007080078125
6.560547,2.01416015625
6.5625,31.01806640625
6.564453,31.622314453125
6.566406,32.2265625
6.568359,32.427978515625
6.570312,32.2265625
6.572266,32.025146484375
6.574219,31.4208984375
6.576172,30.615234375
6.578125,29.8095703125
6.580078,43.90869140625
6.582031,43.10302734375
6.583984,42.095947265625
6.585938,41.49169921875
6.587891,41.0888671875
6.589844,43.10302734375
6.591797,43.304443359375
6.59375,43.707275390625
6.595703,44.3115234375
6.597656,45.1171875
6.599609,46.124267578125
6.601562,47.13134765625
6.603516,47.93701171875
6.605469,48.74267578125
6.607422,49.346923828125
6.609375,49.749755859375
6.611328,49.749755859375
6.613281,49.54833984375
6.615234,48.944091796875
6.617188,48.33984375
6.619141,22.96142578125
6.621094,22.15576171875
6.623047,21.148681640625
6.625,-6.84814453125
6.626953,-7.452392578125
6.628906,-8.056640625
6.630859,-8.258056640625
6.632812,-8.258056640625
6.634766,-7.855224609375
6.636719,-7.2509765625
6.638672,-6.4453125
6.640625,-5.6396484375
6.642578,-8.45947265625
6.644531,-7.452392578125
6.646484,-6.646728515625
6.648438,-6.04248046875
6.650391,-5.6396484375
6.652344,-5.438232421875
6.654297,-5.6396484375
6.65625,-6.04248046875
6.658203,16.717529296875
6.660156,15.911865234375
6.662109,14.90478515625
6.664062,13.897705078125
6.666016,13.092041015625
6.667969,12.286376953125
6.669922,11.68212890625
6.671875,11.279296875
6.673828,35.85205078125
6.675781,36.053466796875
6.677734,36.456298828125
6.679688,37.261962890625
6.681641,38.067626953125
6.683594,39.07470703125
6.685547,40.081787109375
6.6875,40.887451171875
6.689453,48.541259765625
6.691406,48.944091796875
6.693359,49.1455078125
6.695312,49.1455078125
6.697266,48.944091796875
6.699219,48.33984375
6.701172,47.5341796875
6.703125,46.527099609375
6.705078,28.399658203125
6.707031,27.392578125
6.708984,26.5869140625
6.710938,25.982666015625
6.712891,25.579833984375
6.714844,25.37841796875
6.716797,25.579833984375
6.71875,25.982666015625
6.720703,26.5869140625
6.722656,27.392578125
6.724609,28.399658203125
6.726562,29.40673828125
6.728516,30.21240234375
6.730469,3.22265625
6.732422,3.826904296875
6.734375,-4.43115234375
6.736328,-4.43115234375
6.738281,-4.632568359375
6.740234,-5.035400390625
6.742188,-5.841064453125
6.744141,-6.646728515625
6.746094,-7.65380859375
6.748047,-8.660888671875
6.75,1.007080078125
6.751953,5.035400390625
6.753906,4.43115234375
6.755859,4.229736328125
6.757812,4.229736328125
6.759766,4.632568359375
6.761719,5.23681640625
6.763672,6.04248046875
6.765625,6.84814453125
6.767578,7.855224609375
6.769531,30.21240234375
6.771484,31.01806640625
6.773438,31.622314453125
6.775391,32.2265625
6.777344,32.2265625
6.779297,32.2265625
6.78125,31.622314453125
6.783203,48.33984375
6.785156,41.89453125
6.787109,40.887451171875
6.789062,39.88037109375
6.791016,39.07470703125
6.792969,38.26904296875
6.794922,37.664794921875
6.796875,37.261962890625
6.798828,37.261962890625
6.800781,37.46337890625
6.802734,38.067626953125
6.804688,38.671875
6.806641,39.678955078125
6.808594,40.68603515625
6.810547,41.49169921875
6.8125,42.498779296875
6.814453,43.10302734375
6.816406,43.707275390625
6.818359,18.328857421875
6.820312,18.328857421875
6.822266,17.926025390625
6.824219,17.32177734375
6.826172,16.51611328125
6.828125,15.71044921875
6.830078,14.703369140625
6.832031,13.6962890625
6.833984,-8.45947265625
6.835938,-9.063720703125
6.837891,-9.466552734375
6.839844,-9.66796875
6.841797,-9.466552734375
6.84375,-9.063720703125
6.845703,-8.45947265625
6.847656,-3.22265625
6.849609,-2.215576171875
6.851562,-1.20849609375
6.853516,-0.40283203125
6.855469,0.40283203125
6.857422,1.007080078125
6.859375,1.409912109375
6.861328,24.57275390625
6.863281,24.371337890625
6.865234,23.968505859375
6.867188,23.162841796875
6.869141,22.357177734375
6.871094,21.35009765625
6.873047,20.343017578125
6.875,19.537353515625
6.876953,18.731689453125
6.878906,42.095947265625
6.880859,41.693115234375
6.882812,41.89453125
6.884766,42.095947265625
6.886719,42.7001953125
6.888672,43.505859375
6.890625,44.3115234375
6.892578,46.527099609375
6.894531,47.5341796875
6.896484,48.33984375
6.898438,48.944091796875
6.900391,49.54833984375
6.902344,49.54833984375
6.904297,49.54833984375
6.90625,48.944091796875
6.908203,48.33984375
6.910156,23.3642578125
6.912109,22.357177734375
6.914062,21.35009765625
6.916016,20.54443359375
6.917969,19.73876953125
6.919922,19.134521484375
6.921875,18.731689453125
6.923828,18.731689453125
6.925781,-7.452392578125
6.927734,-7.049560546875
6.929688,-6.243896484375
6.931641,-5.438232421875
6.933594,-4.43115234375
6.935547,-3.424072265625
6.9375,-2.618408203125
6.939453,-1.812744140625
6.941406,-1.409912109375
6.943359,-1.20849609375
6.945312,-1.812744140625
6.947266,-2.215576171875
6.949219,-2.81982421875
6.951172,-3.424072265625
6.953125,-4.43115234375
6.955078,14.09912109375
6.957031,13.092041015625
6.958984,12.286376953125
6.960938,11.68212890625
6.962891,11.279296875
6.964844,11.077880859375
6.966797,11.279296875
6.96875,11.68212890625
6.970703,33.0322265625
6.972656,33.837890625
6.974609,34.844970703125
6.976562,35.650634765625
6.978516,36.65771484375
6.980469,48.541259765625
6.982422,49.1455078125
6.984375,49.346923828125
6.986328,49.54833984375
6.988281,49.1455078125
6.990234,48.74267578125
6.992188,47.93701171875
6.994141,47.13134765625
6.996094,46.124267578125
6.998047,45.1171875
7.0,44.3115234375
7.001953,43.707275390625
7.003906,43.10302734375
7.005859,33.0322265625
7.007812,33.0322265625
7.009766,33.43505859375
7.011719,33.837890625
7.013672,34.6435546875
7.015625,35.650634765625
7.017578,9.66796875
7.019531,10.4736328125
7.021484,11.480712890625
7.023438,12.0849609375
7.025391,12.48779296875
7.027344,12.689208984375
7.029297,12.48779296875
7.03125,12.0849609375
7.033203,11.480712890625
7.035156,-5.23681640625
7.037109,-6.243896484375
7.039062,-7.2509765625
7.041016,-8.056640625
7.042969,-8.8623046875
7.044922,-9.466552734375
7.046875,-9.869384765625
7.048828,-9.869384765625
7.050781,-9.66796875
7.052734,-9.063720703125
7.054688,-8.45947265625
7.056641,-7.452392578125
7.058594,-6.646728515625
7.060547,1.611328125
7.0625,2.618408203125
7.064453,3.22265625
7.066406,3.826904296875
7.068359,31.82373046875
7.070312,31.82373046875
7.072266,31.4208984375
7.074219,30.816650390625
7.076172,30.010986328125
7.078125,46.728515625
7.080078,48.138427734375
7.082031,47.332763671875
7.083984,46.527099609375
7.085938,45.721435546875
7.087891,45.318603515625
7.089844,45.318603515625
7.091797,45.318603515625
7.09375,45.721435546875
7.095703,46.527099609375
7.097656,40.081787109375
7.099609,41.0888671875
7.101562,42.095947265625
7.103516,42.901611328125
7.105469,43.707275390625
7.107422,44.3115234375
7.109375,44.71435546875
7.111328,25.177001953125
7.113281,24.9755859375
7.115234,24.57275390625
7.117188,23.76708984375
7.119141,22.96142578125
7.121094,21.954345703125
7.123047,20.947265625
7.125,20.1416015625
7.126953,-5.23681640625
7.128906,-5.6396484375
7.130859,-6.04248046875
7.132812,-5.841064453125
7.134766,-5.6396484375
7.136719,-5.035400390625
7.138672,-4.229736328125
7.140625,-3.22265625
7.142578,-2.4169921875
7.144531,-8.258056640625
7.146484,-4.0283203125
7.148438,-3.22265625
7.150391,-2.81982421875
7.152344,-2.81982421875
7.154297,-2.81982421875
7.15625,-3.22265625
7.158203,-4.0283203125
7.160156,-4.833984375
7.162109,-5.6396484375
7.164062,-6.646728515625
7.166016,-7.65380859375
7.167969,-8.45947265625
7.169922,18.328857421875
7.171875,18.12744140625
7.173828,17.926025390625
7.175781,35.650634765625
7.177734,36.053466796875
7.179688,36.859130859375
7.181641,37.664794921875
7.183594,38.671875
7.185547,39.678955078125
7.1875,40.484619140625
7.189453,41.290283203125
7.191406,51.763916015625
7.193359,51.96533203125
7.195312,51.96533203125
7.197266,51.5625
7.199219,50.958251953125
7.201172,50.35400390625
7.203125,49.346923828125
7.205078,29.40673828125
7.207031,28.399658203125
7.208984,27.593994140625
7.210938,26.98974609375
7.212891,26.5869140625
7.214844,26.385498046875
7.216797,26.5869140625
7.21875,26.98974609375
7.220703,27.593994140625
7.222656,-0.40283203125
7.224609,0.604248046875
7.226562,1.611328125
7.228516,2.4169921875
7.230469,3.22265625
7.232422,3.826904296875
7.234375,4.229736328125
7.236328,4.229736328125
7.238281,-7.2509765625
7.240234,-7.855224609375
7.242188,-8.45947265625
7.244141,-9.26513671875
7.246094,-10.272216796875
7.248047,-11.279296875
7.25,-12.0849609375
7.251953,6.243896484375
7.253906,5.6396484375
7.255859,5.438232421875
7.257812,5.438232421875
7.259766,5.841064453125
7.261719,6.4453125
7.263672,7.2509765625
7.265625,8.056640625
7.267578,9.063720703125
7.269531,10.07080078125
7.271484,10.87646484375
7.273438,11.480712890625
7.275391,38.067626953125
7.277344,38.26904296875
7.279297,38.067626953125
7.28125,37.664794921875
7.283203,50.7568359375
7.285156,49.951171875
7.287109,48.944091796875
7.289062,48.138427734375
7.291016,47.13134765625
7.292969,46.32568359375
7.294922,45.721435546875
7.296875,45.52001953125
7.298828,45.52001953125
7.300781,45.721435546875
7.302734,33.837890625
7.304688,34.442138671875
7.306641,35.247802734375
7.308594,36.2548828125
7.310547,37.261962890625
7.3125,38.067626953125
7.314453,38.873291015625
7.316406,11.077880859375
7.318359,11.279296875
7.320312,11.279296875
7.322266,10.87646484375
7.324219,10.272216796875
7.326172,9.66796875
7.328125,8.660888671875
7.330078,7.65380859375
7.332031,-11.68212890625
7.333984,-12.48779296875
7.335938,-13.092041015625
7.337891,-13.494873046875
7.339844,-13.6962890625
7.341797,-13.494873046875
7.34375,-13.092041015625
7.345703,-12.48779296875
7.347656,-1.20849609375
7.349609,-0.40283203125
7.351562,0.604248046875
7.353516,1.611328125
7.355469,2.4169921875
7.357422,2.81982421875
7.359375,3.22265625
7.361328,3.22265625
7.363281,3.021240234375
7.365234,31.01806640625
7.367188,30.21240234375
7.369141,29.40673828125
7.371094,44.915771484375
7.373047,44.110107421875
7.375,43.10302734375
7.376953,42.498779296875
7.378906,41.89453125
7.380859,41.693115234375
7.382812,41.693115234375
7.384766,42.095947265625
7.386719,42.7001953125
7.388672,43.505859375
7.390625,44.3115234375
7.392578,45.318603515625
7.394531,46.124267578125
7.396484,46.929931640625
7.398438,47.5341796875
7.400391,47.93701171875
7.402344,48.138427734375
7.404297,47.93701171875
7.40625,47.5341796875
7.408203,46.929931640625
7.410156,23.3642578125
7.412109,22.357177734375
7.414062,21.35009765625
7.416016,20.54443359375
7.417969,19.73876953125
7.419922,19.134521484375
7.421875,18.731689453125
7.423828,18.731689453125
7.425781,18.93310546875
7.427734,-4.632568359375
7.429688,-3.826904296875
7.431641,-3.021240234375
7.433594,-2.01416015625
7.435547,-1.20849609375
7.4375,-0.201416015625
7.439453,0.40283203125
7.441406,-6.646728515625
7.443359,-0.8056640625
7.445312,-0.8056640625
7.447266,-1.20849609375
7.449219,-1.812744140625
7.451172,-2.618408203125
7.453125,-3.424072265625
7.455078,-4.43115234375
7.457031,-5.438232421875
7.458984,12.48779296875
7.460938,11.883544921875
7.462891,11.279296875
7.464844,11.279296875
7.466797,11.279296875
7.46875,11.883544921875
7.470703,12.48779296875
7.472656,13.29345703125
7.474609,41.49169921875
7.476562,42.29736328125
7.478516,43.304443359375
7.480469,44.110107421875
7.482422,44.71435546875
7.484375,44.915771484375
7.486328,45.1171875
7.488281,44.71435546875
7.490234,44.3115234375
7.492188,43.505859375
7.494141,42.7001953125
7.496094,48.138427734375
7.498047,47.13134765625
7.5,46.32568359375
7.501953,45.52001953125
7.503906,25.37841796875
7.505859,25.177001953125
7.507812,25.177001953125
7.509766,25.579833984375
7.511719,26.18408203125
7.513672,26.788330078125
7.515625,27.79541015625
7.517578,28.802490234375
7.519531,8.660888671875
7.521484,3.62548828125
7.523438,4.43115234375
7.525391,4.833984375
7.527344,4.833984375
7.529297,4.833984375
7.53125,4.43115234375
7.533203,3.62548828125
7.535156,2.81982421875
7.537109,-1.812744140625
7.539062,-9.869384765625
7.541016,-10.675048828125
7.542969,-11.480712890625
7.544922,-12.0849609375
7.546875,-12.48779296875
7.548828,-12.48779296875
7.550781,-12.286376953125
7.552734,4.43115234375
7.554688,5.035400390625
7.556641,6.04248046875
7.558594,6.84814453125
7.560547,7.855224609375
7.5625,8.660888671875
7.564453,9.466552734375
7.566406,30.615234375
7.568359,31.01806640625
7.570312,30.816650390625
7.572266,30.615234375
7.574219,30.010986328125
7.576172,29.205322265625
7.578125,28.399658203125
7.580078,27.392578125
7.582031,26.385498046875
7.583984,43.707275390625
7.585938,43.10302734375
7.587891,42.7001953125
7.589844,42.498779296875
7.591797,42.7001953125
7.59375,43.10302734375
7.595703,43.707275390625
7.597656,44.512939453125
7.599609,45.52001953125
7.601562,46.32568359375
7.603516,47.332763671875
7.605469,48.138427734375
7.607422,48.74267578125
7.609375,48.944091796875
7.611328,18.5302734375
7.613281,18.328857421875
7.615234,17.724609375
7.617188,16.9189453125
7.619141,16.11328125
7.621094,15.106201171875
7.623047,14.300537109375
7.625,13.29345703125
7.626953,12.689208984375
7.628906,12.0849609375
7.630859,-9.466552734375
7.632812,-9.466552734375
7.634766,-9.063720703125
7.636719,-8.45947265625
7.638672,-7.65380859375
7.640625,-6.84814453125
7.642578,-5.841064453125
7.644531,-4.833984375
7.646484,1.007080078125
7.648438,1.812744140625
7.650391,2.215576171875
7.652344,2.215576171875
7.654297,2.215576171875
7.65625,1.812744140625
7.658203,1.007080078125
7.660156,0.201416015625
7.662109,-0.604248046875
7.664062,13.29345703125
7.666016,19.73876953125
7.667969,18.93310546875
7.669922,18.5302734375
7.671875,18.12744140625
7.673828,18.12744140625
7.675781,18.328857421875
7.677734,41.693115234375
7.679688,42.29736328125
7.681641,43.304443359375
7.683594,44.110107421875
7.685547,45.1171875
7.6875,46.124267578125
7.689453,46.728515625
7.691406,47.332763671875
7.693359,49.346923828125
7.695312,49.346923828125
7.697266,48.944091796875
7.699219,48.33984375
7.701172,47.5341796875
7.703125,46.728515625
7.705078,45.721435546875
7.707031,44.71435546875
7.708984,43.90869140625
7.710938,43.304443359375
7.712891,42.901611328125
7.714844,42.7001953125
7.716797,42.901611328125
7.71875,43.304443359375
7.720703,-3.62548828125
7.722656,-2.81982421875
7.724609,-2.01416015625
7.726562,-1.007080078125
7.728516,0.0
7.730469,0.8056640625
7.732422,1.20849609375
7.734375,1.611328125
7.736328,1.611328125
7.738281,1.409912109375
7.740234,-5.6396484375
7.742188,-6.243896484375
7.744141,-7.2509765625
7.746094,-8.258056640625
7.748047,-9.063720703125
7.75,-10.07080078125
7.751953,-10.675048828125
7.753906,4.632568359375
7.755859,4.43115234375
7.757812,4.43115234375
7.759766,4.833984375
7.761719,33.43505859375
7.763672,34.24072265625
7.765625,35.04638671875
7.767578,36.053466796875
7.769531,37.060546875
7.771484,37.8662109375
7.773438,38.470458984375
7.775391,38.873291015625
7.777344,39.07470703125
7.779297,38.873291015625
7.78125,38.470458984375
7.783203,37.8662109375
7.785156,37.060546875
7.787109,36.053466796875
7.789062,45.9228515625
7.791016,44.915771484375
7.792969,44.110107421875
7.794922,43.505859375
7.796875,43.304443359375
7.798828,43.304443359375
7.800781,43.505859375
7.802734,32.62939453125
7.804688,33.43505859375
7.806641,34.24072265625
7.808594,35.247802734375
7.810547,36.053466796875
7.8125,37.060546875
7.814453,37.664794921875
7.816406,38.26904296875
7.818359,38.470458984375
7.820312,38.470458984375
7.822266,38.067626953125
7.824219,37.46337890625
7.826172,8.8623046875
7.828125,7.855224609375
7.830078,6.84814453125
7.832031,6.04248046875
7.833984,5.23681640625
7.835938,4.43115234375
7.837891,-10.675048828125
7.839844,-10.675048828125
7.841797,-10.675048828125
7.84375,-10.272216796875
7.845703,-9.466552734375
7.847656,0.8056640625
7.849609,1.611328125
7.851562,2.618408203125
7.853516,3.62548828125
7.855469,4.43115234375
7.857422,4.833984375
7.859375,5.23681640625
7.861328,5.23681640625
7.863281,31.4208984375
7.865234,31.01806640625
7.867188,30.21240234375
7.869141,29.40673828125
7.871094,28.399658203125
7.873047,27.392578125
7.875,26.5869140625
7.876953,25.78125
7.878906,25.37841796875
7.880859,45.1171875
7.882812,45.1171875
7.884766,45.52001953125
7.886719,46.124267578125
7.888672,46.929931640625
7.890625,47.735595703125
7.892578,48.74267578125
7.894531,49.749755859375
7.896484,45.9228515625
7.898438,46.527099609375
7.900391,47.13134765625
7.902344,47.13134765625
7.904297,47.13134765625
7.90625,46.527099609375
7.908203,45.9228515625
7.910156,45.1171875
7.912109,22.357177734375
7.914062,21.35009765625
7.916016,20.54443359375
7.917969,19.73876953125
7.919922,19.134521484375
7.921875,18.731689453125
7.923828,18.731689453125
7.925781,18.93310546875
7.927734,19.537353515625
7.929688,20.1416015625
7.931641,20.947265625
7.933594,21.954345703125
7.935547,22.96142578125
7.9375,23.76708984375
7.939453,-1.812744140625
7.941406,-1.409912109375
7.943359,-1.20849609375
7.945312,-1.20849609375
7.947266,-1.611328125
7.949219,-2.215576171875
7.951172,-2.81982421875
7.953125,-3.826904296875
7.955078,-4.833984375
7.957031,13.092041015625
7.958984,12.286376953125
7.960938,11.68212890625
7.962891,11.279296875
7.964844,11.077880859375
7.966797,11.279296875
7.96875,11.68212890625
7.970703,12.286376953125
7.972656,13.092041015625
7.974609,41.290283203125
7.976562,42.29736328125
7.978516,43.304443359375
7.980469,43.90869140625
7.982422,44.512939453125
7.984375,44.915771484375
7.986328,44.915771484375
7.988281,44.71435546875
7.990234,50.555419921875
7.992188,49.749755859375
7.994141,48.944091796875
7.996094,47.93701171875
7.998047,47.13134765625
8.0,46.124267578125
8.001953,45.52001953125
8.003906,26.385498046875
8.005859,25.982666015625
8.007812,26.18408203125
8.009766,26.385498046875
8.011719,26.98974609375
8.013672,27.79541015625
8.015625,28.802490234375
8.017578,29.608154296875
8.019531,3.62548828125
8.021484,4.43115234375
8.023438,5.035400390625
8.025391,5.438232421875
8.027344,5.6396484375
8.029297,5.438232421875
8.03125,5.035400390625
8.033203,4.43115234375
8.035156,3.62548828125
8.037109,2.618408203125
8.039062,-8.8623046875
8.041016,-9.66796875
8.042969,-10.4736328125
8.044922,-11.077880859375
8.046875,-11.279296875
8.048828,-11.480712890625
8.050781,-11.077880859375
8.052734,-2.01416015625
8.054688,-1.409912109375
8.056641,-0.604248046875
8.058594,0.40283203125
8.060547,1.409912109375
8.0625,2.215576171875
8.064453,3.021240234375
8.066406,31.622314453125
8.068359,31.82373046875
8.070312,31.622314453125
8.072266,31.4208984375
8.074219,30.816650390625
8.076172,30.010986328125
8.078125,29.205322265625
8.080078,28.1982421875
8.082031,27.191162109375
8.083984,43.90869140625
8.085938,43.304443359375
8.087891,42.901611328125
8.089844,42.7001953125
8.091797,42.901611328125
8.09375,43.304443359375
8.095703,43.90869140625
8.097656,40.484619140625
8.099609,41.290283203125
8.101562,42.29736328125
8.103516,43.304443359375
8.105469,43.90869140625
8.107422,44.512939453125
8.109375,44.915771484375
8.111328,44.915771484375
8.113281,17.724609375
8.115234,17.120361328125
8.117188,16.51611328125
8.119141,15.509033203125
8.121094,14.703369140625
8.123047,13.6962890625
8.125,12.689208984375
8.126953,12.0849609375
8.128906,11.480712890625
8.130859,-11.68212890625
8.132812,-11.480712890625
8.134766,-11.279296875
8.136719,-10.675048828125
8.138672,-9.869384765625
8.140625,-9.063720703125
8.142578,-8.056640625
8.144531,-7.049560546875
8.146484,-6.243896484375
8.148438,-5.6396484375
8.150391,-5.23681640625
8.152344,-0.604248046875
8.154297,-0.604248046875
8.15625,-1.20849609375
8.158203,-1.812744140625
8.160156,22.760009765625
8.162109,21.7529296875
8.164062,20.745849609375
8.166016,19.940185546875
8.167969,19.134521484375
8.169922,18.5302734375
8.171875,18.12744140625
8.173828,18.12744140625
8.175781,43.304443359375
8.177734,43.707275390625
8.179688,44.512939453125
8.181641,45.318603515625
8.183594,46.32568359375
8.185547,47.332763671875
8.1875,48.138427734375
8.189453,48.944091796875
8.191406,49.346923828125
8.193359,46.124267578125
8.195312,46.124267578125
8.197266,45.721435546875
8.199219,45.318603515625
8.201172,44.512939453125
8.203125,43.505859375
8.205078,42.498779296875
8.207031,41.693115234375
8.208984,19.940185546875
8.210938,19.3359375
8.212891,18.93310546875
8.214844,18.731689453125
8.216797,18.93310546875
8.21875,19.3359375
8.220703,19.940185546875
8.222656,2.01416015625
8.224609,3.021240234375
8.226562,4.0283203125
8.228516,4.833984375
8.230469,5.6396484375
8.232422,6.243896484375
8.234375,6.4453125
8.236328,6.646728515625
8.238281,6.243896484375
8.240234,-7.452392578125
8.242188,-8.258056640625
8.244141,-9.063720703125
8.246094,-10.07080078125
8.248047,-11.077880859375
8.25,-11.883544921875
8.251953,-12.48779296875
8.253906,-13.092041015625
8.255859,-13.29345703125
8.257812,-13.29345703125
8.259766,3.826904296875
8.261719,4.43115234375
8.263672,5.23681640625
8.265625,6.243896484375
8.267578,7.049560546875
8.269531,36.2548828125
8.271484,37.060546875
8.273438,37.664794921875
8.275391,38.067626953125
8.277344,38.26904296875
8.279297,38.067626953125
8.28125,37.664794921875
8.283203,37.060546875
8.285156,36.2548828125
8.287109,42.901611328125
8.289062,49.346923828125
8.291016,48.33984375
8.292969,47.5341796875
8.294922,46.929931640625
8.296875,46.728515625
8.298828,46.527099609375
8.300781,46.929931640625
8.302734,34.24072265625
8.304688,35.04638671875
8.306641,35.85205078125
8.308594,36.859130859375
8.310547,37.8662109375
8.3125,38.671875
8.314453,39.4775390625
8.316406,11.883544921875
8.318359,12.0849609375
8.320312,12.0849609375
8.322266,11.68212890625
8.324219,11.077880859375
8.326172,10.272216796875
8.328125,9.466552734375
8.330078,8.45947265625
8.332031,7.452392578125
8.333984,-9.66796875
8.335938,-10.272216796875
8.337891,-10.675048828125
8.339844,-10.87646484375
8.341797,-10.675048828125
8.34375,-10.272216796875
8.345703,-9.66796875
8.347656,-1.007080078125
8.349609,0.0
8.351562,1.007080078125
8.353516,1.812744140625
8.355469,2.618408203125
8.357422,3.22265625
8.359375,3.62548828125
8.361328,3.62548828125
8.363281,3.424072265625
8.365234,2.81982421875
8.367188,2.215576171875
8.369141,1.20849609375
8.371094,0.201416015625
8.373047,-0.604248046875
8.375,6.04248046875
8.376953,42.095947265625
8.378906,41.693115234375
8.380859,41.290283203125
8.382812,41.49169921875
8.384766,41.693115234375
8.386719,42.29736328125
8.388672,43.10302734375
8.390625,44.110107421875
8.392578,44.915771484375
8.394531,47.13134765625
8.396484,47.93701171875
8.398438,48.74267578125
8.400391,49.1455078125
8.402344,49.1455078125
8.404297,49.1455078125
8.40625,48.74267578125
8.408203,47.93701171875
8.410156,23.162841796875
8.412109,22.357177734375
8.414062,21.35009765625
8.416016,20.343017578125
8.417969,19.537353515625
8.419922,18.93310546875
8.421875,18.731689453125
8.423828,-7.2509765625
8.425781,-7.049560546875
8.427734,-6.4453125
8.429688,-5.841064453125
8.431641,-4.833984375
8.433594,-3.826904296875
8.435547,-3.021240234375
8.4375,-2.01416015625
8.439453,-1.409912109375
8.441406,-3.424072265625
8.443359,-3.22265625
8.445312,-3.22265625
8.447266,-3.424072265625
8.449219,-4.0283203125
8.451172,-4.833984375
8.453125,-5.841064453125
8.455078,-6.646728515625
8.457031,13.494873046875
8.458984,12.48779296875
8.460938,11.883544921875
8.462891,11.480712890625
8.464844,11.279296875
8.466797,11.480712890625
8.46875,11.883544921875
8.470703,12.48779296875
8.472656,13.494873046875
8.474609,14.300537109375
8.476562,15.3076171875
8.478516,43.505859375
8.480469,44.3115234375
8.482422,44.71435546875
8.484375,45.1171875
8.486328,45.1171875
8.488281,49.951171875
8.490234,49.346923828125
8.492188,48.74267578125
8.494141,47.735595703125
8.496094,46.929931640625
8.498047,45.9228515625
8.5,44.915771484375
8.501953,44.3115234375
8.503906,43.707275390625
8.505859,26.385498046875
8.507812,26.5869140625
8.509766,26.788330078125
8.511719,27.392578125
8.513672,28.1982421875
8.515625,29.205322265625
8.517578,30.010986328125
8.519531,31.01806640625
8.521484,2.81982421875
8.523438,3.424072265625
8.525391,3.826904296875
8.527344,4.0283203125
8.529297,3.826904296875
8.53125,3.424072265625
8.533203,2.81982421875
8.535156,2.01416015625
8.537109,-6.4453125
8.539062,-7.452392578125
8.541016,-8.45947265625
8.542969,0.0
8.544922,-0.604248046875
8.546875,-0.8056640625
8.548828,-1.007080078125
8.550781,-0.604248046875
8.552734,-0.201416015625
8.554688,0.604248046875
8.556641,1.409912109375
8.558594,2.4169921875
8.560547,3.22265625
8.5625,4.229736328125
8.564453,4.833984375
8.566406,5.438232421875
8.568359,31.82373046875
8.570312,31.622314453125
8.572266,31.4208984375
8.574219,30.816650390625
8.576172,30.010986328125
8.578125,29.00390625
8.580078,28.1982421875
8.582031,27.191162109375
8.583984,26.385498046875
8.585938,25.78125
8.587891,25.37841796875
8.589844,42.901611328125
8.591797,43.10302734375
8.59375,43.505859375
8.595703,44.110107421875
8.597656,37.664794921875
8.599609,38.470458984375
8.601562,39.4775390625
8.603516,40.484619140625
8.605469,41.0888671875
8.607422,41.693115234375
8.609375,42.095947265625
8.611328,42.095947265625
8.613281,17.523193359375
8.615234,17.120361328125
8.617188,16.314697265625
8.619141,15.509033203125
8.621094,14.501953125
8.623047,13.494873046875
8.625,12.689208984375
8.626953,12.0849609375
8.628906,11.480712890625
8.630859,-8.056640625
8.632812,-8.45947265625
8.634766,-8.056640625
8.636719,-7.452392578125
8.638672,-6.84814453125
8.640625,-5.841064453125
8.642578,-4.833984375
8.644531,-4.0283203125
8.646484,-1.007080078125
8.648438,-0.40283203125
8.650391,0.0
8.652344,0.201416015625
8.654297,0.0
8.65625,-0.40283203125
8.658203,-1.007080078125
8.660156,-2.01416015625
8.662109,21.7529296875
8.664062,20.745849609375
8.666016,19.73876953125
8.667969,18.93310546875
8.669922,18.5302734375
8.671875,18.12744140625
8.673828,18.12744140625
8.675781,18.328857421875
8.677734,36.456298828125
8.679688,44.915771484375
8.681641,45.721435546875
8.683594,46.728515625
8.685547,47.735595703125
8.6875,48.541259765625
8.689453,49.1455078125
8.691406,49.749755859375
8.693359,49.951171875
8.695312,49.951171875
8.697266,49.54833984375
8.699219,48.944091796875
8.701172,48.541259765625
8.703125,47.735595703125
8.705078,46.728515625
8.707031,20.947265625
8.708984,20.1416015625
8.710938,19.537353515625
8.712891,19.134521484375
8.714844,18.93310546875
8.716797,19.134521484375
8.71875,19.537353515625
8.720703,20.1416015625
8.722656,20.947265625
8.724609,-2.215576171875
8.726562,-1.20849609375
8.728516,-0.40283203125
8.730469,0.40283203125
8.732422,1.007080078125
8.734375,1.409912109375
8.736328,1.409912109375
8.738281,-4.632568359375
8.740234,-5.035400390625
8.742188,-5.841064453125
8.744141,-6.646728515625
8.746094,-7.65380859375
8.748047,-8.660888671875
8.75,-9.466552734375
8.751953,-10.272216796875
8.753906,-10.675048828125
8.755859,-10.87646484375
8.757812,-10.87646484375
8.759766,-4.43115234375
8.761719,11.68212890625
8.763672,12.48779296875
8.765625,13.494873046875
8.767578,14.300537109375
8.769531,15.3076171875
8.771484,36.65771484375
8.773438,37.261962890625
8.775391,37.664794921875
8.777344,37.8662109375
8.779297,37.664794921875
8.78125,37.261962890625
8.783203,36.65771484375
8.785156,35.85205078125
8.787109,34.844970703125
8.789062,47.93701171875
8.791016,46.929931640625
8.792969,46.32568359375
8.794922,45.721435546875
8.796875,45.318603515625
8.798828,45.318603515625
8.800781,45.52001953125
8.802734,45.9228515625
8.804688,46.728515625
8.806641,47.5341796875
8.808594,48.541259765625
8.810547,49.54833984375
8.8125,50.35400390625
8.814453,51.15966796875
8.816406,12.48779296875
8.818359,12.689208984375
8.820312,12.48779296875
8.822266,12.286376953125
8.824219,11.68212890625
8.826172,10.87646484375
8.828125,10.07080078125
8.830078,9.063720703125
8.832031,8.056640625
8.833984,7.2509765625
8.835938,-12.689208984375
8.837891,-13.092041015625
8.839844,-13.29345703125
8.841797,-13.092041015625
8.84375,-12.689208984375
8.845703,-12.0849609375
8.847656,-11.279296875
8.849609,1.611328125
8.851562,2.4169921875
8.853516,3.424072265625
8.855469,4.229736328125
8.857422,4.833984375
8.859375,5.035400390625
8.861328,5.23681640625
8.863281,4.833984375
8.865234,4.43115234375
8.867188,30.010986328125
8.869141,29.205322265625
8.871094,28.1982421875
8.873047,27.191162109375
8.875,26.385498046875
8.876953,25.579833984375
8.878906,25.177001953125
8.880859,42.901611328125
8.882812,43.10302734375
8.884766,43.304443359375
8.886719,43.90869140625
8.888672,44.71435546875
8.890625,45.721435546875
8.892578,46.527099609375
8.894531,47.5341796875
8.896484,48.33984375
8.898438,43.707275390625
8.900391,44.110107421875
8.902344,44.3115234375
8.904297,44.110107421875
8.90625,43.707275390625
8.908203,43.10302734375
8.910156,42.29736328125
8.912109,41.290283203125
8.914062,40.484619140625
8.916016,39.4775390625
8.917969,38.671875
8.919922,38.067626953125
8.921875,12.0849609375
8.923828,12.0849609375
8.925781,12.286376953125
8.927734,12.890625
8.929688,13.494873046875
8.931641,-5.841064453125
8.933594,-4.43115234375
8.935547,-3.424072265625
8.9375,-2.618408203125
8.939453,-1.812744140625
8.941406,-1.409912109375
8.943359,-1.20849609375
8.945312,-1.20849609375
8.947266,-1.409912109375
8.949219,-2.01416015625
8.951172,-2.81982421875
8.953125,-3.826904296875
8.955078,-4.632568359375
8.957031,-5.6396484375
8.958984,-6.4453125
8.960938,-7.049560546875
8.962891,11.480712890625
8.964844,17.926025390625
8.966797,18.12744140625
8.96875,18.5302734375
8.970703,19.134521484375
8.972656,19.940185546875
8.974609,20.947265625
8.976562,40.283203125
8.978516,41.0888671875
8.980469,41.89453125
8.982422,42.498779296875
8.984375,42.901611328125
8.986328,42.901611328125
8.988281,42.7001953125
8.990234,42.095947265625
8.992188,50.555419921875
8.994141,49.749755859375
8.996094,48.74267578125
8.998047,47.93701171875
9.0,46.929931640625
9.001953,46.32568359375
9.003906,45.721435546875
9.005859,25.177001953125
9.007812,25.177001953125
9.009766,25.579833984375
9.011719,25.982666015625
9.013672,26.788330078125
9.015625,27.79541015625
9.017578,28.802490234375
9.019531,29.608154296875
9.021484,30.413818359375
9.023438,31.219482421875
9.025391,31.622314453125
9.027344,31.622314453125
9.029297,6.84814453125
9.03125,6.4453125
9.033203,5.6396484375
9.035156,4.833984375
9.037109,-8.8623046875
9.039062,-9.869384765625
9.041016,-10.675048828125
9.042969,-11.480712890625
9.044922,-12.0849609375
9.046875,-12.48779296875
9.048828,-12.48779296875
9.050781,-12.286376953125
9.052734,-11.68212890625
9.054688,4.632568359375
9.056641,5.438232421875
9.058594,6.4453125
9.060547,7.452392578125
9.0625,8.258056640625
9.064453,9.063720703125
9.066406,9.466552734375
9.068359,9.66796875
9.070312,38.470458984375
9.072266,38.26904296875
9.074219,37.664794921875
9.076172,36.859130859375
9.078125,35.85205078125
9.080078,35.04638671875
9.082031,34.039306640625
9.083984,33.233642578125
9.085938,32.427978515625
9.087891,42.095947265625
9.089844,44.71435546875
9.091797,44.71435546875
9.09375,45.1171875
9.095703,45.9228515625
9.097656,46.728515625
9.099609,47.5341796875
9.101562,37.46337890625
9.103516,38.26904296875
9.105469,39.07470703125
9.107422,39.678955078125
9.109375,39.88037109375
9.111328,40.081787109375
9.113281,39.88037109375
9.115234,39.276123046875
9.117188,10.07080078125
9.119141,9.26513671875
9.121094,8.258056640625
9.123047,7.2509765625
9.125,6.4453125
9.126953,5.6396484375
9.128906,-13.897705078125
9.130859,-14.09912109375
9.132812,-14.09912109375
9.134766,-13.6962890625
9.136719,-13.29345703125
9.138672,-12.48779296875
9.140625,-11.480712890625
9.142578,-10.4736328125
9.144531,-9.66796875
9.146484,-8.8623046875
9.148438,-8.056640625
9.150391,3.826904296875
9.152344,4.0283203125
9.154297,3.826904296875
9.15625,3.424072265625
9.158203,2.81982421875
9.160156,2.01416015625
9.162109,1.007080078125
9.164062,20.54443359375
9.166016,26.98974609375
9.167969,26.18408203125
9.169922,25.78125
9.171875,25.37841796875
9.173828,25.37841796875
9.175781,25.579833984375
9.177734,25.982666015625
9.179688,47.93701171875
9.181641,48.944091796875
9.183594,49.951171875
9.185547,50.7568359375
9.1875,51.763916015625
9.189453,52.3681640625
9.191406,52.972412109375
9.193359,53.173828125
9.195312,48.944091796875
9.197266,48.74267578125
9.199219,48.138427734375
9.201172,47.332763671875
9.203125,46.32568359375
9.205078,45.52001953125
9.207031,44.512939453125
9.208984,43.707275390625
9.210938,26.98974609375
9.212891,19.134521484375
9.214844,18.93310546875
9.216797,19.134521484375
9.21875,19.537353515625
9.220703,20.1416015625
9.222656,20.947265625
9.224609,21.954345703125
9.226562,-2.618408203125
9.228516,-1.611328125
9.230469,-0.8056640625
9.232422,-0.201416015625
9.234375,0.0
9.236328,0.0
9.238281,-0.201416015625
9.240234,-0.604248046875
9.242188,-1.409912109375
9.244141,-2.215576171875
9.246094,-3.22265625
9.248047,-4.229736328125
9.25,-5.035400390625
9.251953,-10.675048828125
9.253906,-11.279296875
9.255859,-11.480712890625
9.257812,11.480712890625
9.259766,11.68212890625
9.261719,12.286376953125
9.263672,13.092041015625
9.265625,13.897705078125
9.267578,14.90478515625
9.269531,15.911865234375
9.271484,16.717529296875
9.273438,17.32177734375
9.275391,43.90869140625
9.277344,44.110107421875
9.279297,43.90869140625
9.28125,43.505859375
9.283203,42.901611328125
9.285156,42.095947265625
9.287109,41.0888671875
9.289062,48.944091796875
9.291016,48.138427734375
9.292969,47.332763671875
9.294922,46.728515625
9.296875,46.527099609375
9.298828,46.32568359375
9.300781,46.728515625
9.302734,47.13134765625
9.304688,26.788330078125
9.306641,27.79541015625
9.308594,28.802490234375
9.310547,29.608154296875
9.3125,30.615234375
9.314453,31.219482421875
9.316406,31.82373046875
9.318359,32.025146484375
9.320312,32.025146484375
9.322266,5.438232421875
9.324219,-5.438232421875
9.326172,-6.243896484375
9.328125,-7.2509765625
9.330078,-8.056640625
9.332031,-9.063720703125
9.333984,-9.869384765625
9.335938,-10.4736328125
9.337891,-10.87646484375
9.339844,-11.077880859375
9.341797,-10.87646484375
9.34375,-10.4736328125
9.345703,-9.869384765625
9.347656,-9.063720703125
9.349609,-8.056640625
9.351562,-7.2509765625
9.353516,-6.243896484375
9.355469,-5.438232421875
9.357422,-4.833984375
9.359375,-4.632568359375
9.361328,-4.43115234375
9.363281,11.480712890625
9.365234,10.87646484375
9.367188,10.272216796875
9.369141,15.509033203125
9.371094,28.1982421875
9.373047,27.191162109375
9.375,26.385498046875
9.376953,25.579833984375
9.378906,25.177001953125
9.380859,24.774169921875
9.382812,24.9755859375
9.384766,44.512939453125
9.386719,45.1171875
9.388672,45.9228515625
9.390625,46.728515625
9.392578,47.735595703125
9.394531,48.74267578125
9.396484,49.54833984375
9.398438,44.915771484375
9.400391,45.318603515625
9.402344,45.52001953125
9.404297,45.318603515625
9.40625,44.915771484375
9.408203,44.3115234375
9.410156,43.505859375
9.412109,42.498779296875
9.414062,14.09912109375
9.416016,13.092041015625
9.417969,12.286376953125
9.419922,11.68212890625
9.421875,11.480712890625
9.423828,11.279296875
9.425781,11.68212890625
9.427734,12.0849609375
9.429688,-7.049560546875
9.431641,-6.04248046875
9.433594,-5.23681640625
9.435547,-4.229736328125
9.4375,-3.424072265625
9.439453,-2.618408203125
9.441406,-2.215576171875
9.443359,-1.812744140625
9.445312,-2.215576171875
9.447266,-2.4169921875
9.449219,-3.021240234375
9.451172,-3.826904296875
9.453125,-4.632568359375
9.455078,-5.6396484375
9.457031,-6.646728515625
9.458984,-7.452392578125
9.460938,-8.056640625
9.462891,-8.45947265625
9.464844,-8.660888671875
9.466797,-8.45947265625
9.46875,-8.056640625
9.470703,19.3359375
9.472656,20.1416015625
9.474609,46.527099609375
9.476562,47.5341796875
9.478516,48.33984375
9.480469,49.1455078125
9.482422,49.749755859375
9.484375,50.152587890625
9.486328,50.152587890625
9.488281,49.951171875
9.490234,49.346923828125
9.492188,48.74267578125
9.494141,47.13134765625
9.496094,45.318603515625
9.498047,44.3115234375
9.5,43.505859375
9.501953,42.7001953125
9.503906,42.29736328125
9.505859,42.095947265625
9.507812,18.93310546875
9.509766,19.134521484375
9.511719,19.73876953125
9.513672,20.54443359375
9.515625,21.551513671875
9.517578,22.55859375
9.519531,-2.01416015625
9.521484,-1.20849609375
9.523438,-0.40283203125
9.525391,0.0
9.527344,0.0
9.529297,0.0
9.53125,-0.40283203125
9.533203,-1.20849609375
9.535156,-2.01416015625
9.537109,-2.81982421875
9.539062,-3.826904296875
9.541016,-4.833984375
9.542969,-5.438232421875
9.544922,-7.65380859375
9.546875,-7.855224609375
9.548828,-8.056640625
9.550781,-7.855224609375
9.552734,-7.2509765625
9.554688,-6.4453125
9.556641,7.65380859375
9.558594,8.660888671875
9.560547,9.466552734375
9.5625,10.4736328125
9.564453,11.077880859375
9.566406,11.68212890625
9.568359,11.883544921875
9.570312,38.470458984375
9.572266,38.26904296875
9.574219,37.664794921875
9.576172,36.859130859375
9.578125,35.85205078125
9.580078,34.844970703125
9.582031,34.039306640625
9.583984,33.233642578125
9.585938,32.427978515625
9.587891,42.498779296875
9.589844,42.498779296875
9.591797,42.498779296875
9.59375,42.901611328125
9.595703,43.707275390625
9.597656,44.512939453125
9.599609,45.318603515625
9.601562,35.44921875
9.603516,36.456298828125
9.605469,37.261962890625
9.607422,37.664794921875
9.609375,38.067626953125
9.611328,38.067626953125
9.613281,37.8662109375
9.615234,37.46337890625
9.617188,36.65771484375
9.619141,9.26513671875
9.621094,8.258056640625
9.623047,7.2509765625
9.625,6.4453125
9.626953,5.6396484375
9.628906,5.23681640625
9.630859,5.035400390625
9.632812,5.035400390625
9.634766,-13.494873046875
9.636719,-12.890625
9.638672,-12.0849609375
9.640625,-11.077880859375
9.642578,-10.272216796875
9.644531,-9.26513671875
9.646484,-8.45947265625
9.648438,4.632568359375
9.650391,5.035400390625
9.652344,5.23681640625
9.654297,5.035400390625
9.65625,4.632568359375
9.658203,4.0283203125
9.660156,3.22265625
9.662109,2.215576171875
9.664062,1.20849609375
9.666016,26.5869140625
9.667969,25.982666015625
9.669922,25.37841796875
9.671875,24.9755859375
9.673828,24.9755859375
9.675781,25.177001953125
9.677734,25.579833984375
9.679688,26.385498046875
9.681641,45.9228515625
9.683594,46.929931640625
9.685547,47.735595703125
9.6875,48.74267578125
9.689453,49.346923828125
9.691406,49.951171875
9.693359,50.152587890625
9.695312,50.152587890625
9.697266,49.749755859375
9.699219,42.29736328125
9.701172,41.49169921875
9.703125,40.484619140625
9.705078,39.678955078125
9.707031,38.671875
9.708984,37.8662109375
9.710938,37.261962890625
9.712891,11.480712890625
9.714844,-4.833984375
9.716797,-4.632568359375
9.71875,-4.229736328125
9.720703,-3.62548828125
9.722656,-2.81982421875
9.724609,-1.812744140625
9.726562,-0.8056640625
9.728516,0.0
9.730469,0.8056640625
9.732422,1.409912109375
9.734375,1.812744140625
9.736328,1.812744140625
9.738281,1.611328125
9.740234,1.007080078125
9.742188,0.40283203125
9.744141,-0.604248046875
9.746094,-6.243896484375
9.748047,-7.2509765625
9.75,-8.056640625
9.751953,-8.8623046875
9.753906,-9.26513671875
9.755859,-9.466552734375
9.757812,-9.466552734375
9.759766,11.077880859375
9.761719,11.68212890625
9.763672,12.48779296875
9.765625,13.29345703125
9.767578,14.300537109375
9.769531,15.3076171875
9.771484,16.11328125
9.773438,16.717529296875
9.775391,43.10302734375
9.777344,43.304443359375
9.779297,43.10302734375
9.78125,42.7001953125
9.783203,42.095947265625
9.785156,41.290283203125
9.787109,40.283203125
9.789062,39.276123046875
9.791016,38.470458984375
9.792969,37.664794921875
9.794922,37.060546875
9.796875,36.65771484375
9.798828,36.65771484375
9.800781,42.7001953125
9.802734,43.10302734375
9.804688,27.191162109375
9.806641,27.996826171875
9.808594,29.00390625
9.810547,30.010986328125
9.8125,30.816650390625
9.814453,31.622314453125
9.816406,32.025146484375
9.818359,32.2265625
9.820312,32.2265625
9.822266,11.279296875
9.824219,5.035400390625
9.826172,4.229736328125
9.828125,3.424072265625
9.830078,2.4169921875
9.832031,1.409912109375
9.833984,0.604248046875
9.835938,0.0
9.837891,-9.66796875
9.839844,-9.869384765625
9.841797,-9.66796875
9.84375,-9.26513671875
9.845703,-8.660888671875
9.847656,-7.855224609375
9.849609,-6.84814453125
9.851562,-5.841064453125
9.853516,9.063720703125
9.855469,9.869384765625
9.857422,10.4736328125
9.859375,10.87646484375
9.861328,10.87646484375
9.863281,10.675048828125
9.865234,10.07080078125
9.867188,9.466552734375
9.869141,36.65771484375
9.871094,35.650634765625
9.873047,34.6435546875
9.875,33.837890625
9.876953,33.0322265625
9.878906,32.62939453125
9.880859,32.427978515625
9.882812,32.427978515625
9.884766,45.318603515625
9.886719,45.9228515625
9.888672,46.728515625
9.890625,47.735595703125
9.892578,48.541259765625
9.894531,49.54833984375
9.896484,50.35400390625
9.898438,50.958251953125
9.900391,51.361083984375
9.902344,51.5625
9.904297,51.361083984375
9.90625,50.958251953125
9.908203,50.35400390625
9.910156,43.90869140625
9.912109,35.650634765625
9.914062,6.646728515625
9.916016,5.6396484375
9.917969,4.833984375
9.919922,4.229736328125
9.921875,4.0283203125
9.923828,4.0283203125
9.925781,4.229736328125
9.927734,4.632568359375
9.929688,5.438232421875
9.931641,-9.466552734375
9.933594,-8.660888671875
9.935547,-7.65380859375
9.9375,-6.646728515625
9.939453,-6.04248046875
9.941406,-5.438232421875
9.943359,-5.23681640625
9.945312,-5.23681640625
9.947266,-5.6396484375
9.949219,0.201416015625
9.951172,-0.604248046875
9.953125,-1.611328125
9.955078,-2.618408203125
9.957031,-3.424072265625
9.958984,-4.229736328125
9.960938,-5.035400390625
9.962891,18.12744140625
9.964844,17.926025390625
9.966797,18.12744140625
9.96875,18.5302734375
9.970703,19.134521484375
9.972656,19.940185546875
9.974609,20.947265625
9.976562,21.7529296875
9.978516,22.760009765625
9.980469,48.944091796875
9.982422,49.54833984375
9.984375,49.951171875
9.986328,49.951171875
9.988281,49.749755859375
9.990234,49.1455078125
9.992188,48.541259765625
9.994141,44.71435546875
9.996094,43.707275390625
9.998047,42.7001953125
10.0,41.89453125
10.001953,41.0888671875
10.003906,40.68603515625
10.005859,40.484619140625
10.007812,40.484619140625
10.009766,40.887451171875
10.011719,41.290283203125
10.013672,42.095947265625
10.015625,43.10302734375
10.017578,35.247802734375
10.019531,23.162841796875
10.021484,23.968505859375
10.023438,24.57275390625
10.025391,24.9755859375
10.027344,-1.007080078125
10.029297,-1.20849609375
10.03125,-1.611328125
10.033203,-2.215576171875
10.035156,-3.021240234375
10.037109,-4.0283203125
10.039062,-5.035400390625
10.041016,-5.841064453125
10.042969,-10.07080078125
10.044922,-10.675048828125
10.046875,-11.077880859375
10.048828,-11.077880859375
10.050781,-10.87646484375
10.052734,-10.272216796875
10.054688,-9.66796875
10.056641,13.494873046875
10.058594,14.501953125
10.060547,15.509033203125
10.0625,16.314697265625
10.064453,16.9189453125
10.066406,17.523193359375
10.068359,17.724609375
10.070312,17.724609375
10.072266,17.32177734375
10.074219,43.304443359375
10.076172,42.498779296875
10.078125,41.693115234375
10.080078,40.68603515625
10.082031,39.678955078125
10.083984,38.873291015625
10.085938,38.26904296875
10.087891,37.8662109375
10.089844,44.915771484375
10.091797,45.1171875
10.09375,45.52001953125
10.095703,46.124267578125
10.097656,46.929931640625
10.099609,47.93701171875
10.101562,48.944091796875
10.103516,49.749755859375
10.105469,32.025146484375
10.107422,32.62939453125
10.109375,32.830810546875
10.111328,33.0322265625
10.113281,32.62939453125
10.115234,32.2265625
10.117188,31.4208984375
10.119141,30.615234375
10.121094,29.608154296875
10.123047,28.802490234375
10.125,27.79541015625
10.126953,27.191162109375
10.128906,26.5869140625
10.130859,-0.40283203125
10.132812,-0.40283203125
10.134766,-11.68212890625
10.136719,-11.077880859375
10.138672,-10.272216796875
10.140625,-9.466552734375
10.142578,-8.45947265625
10.144531,-7.452392578125
10.146484,-6.646728515625
10.148438,-6.04248046875
10.150391,-5.6396484375
10.152344,-5.438232421875
10.154297,11.279296875
10.15625,10.87646484375
10.158203,10.272216796875
10.160156,9.466552734375
10.162109,8.45947265625
10.164062,7.452392578125
10.166016,6.646728515625
10.167969,5.841064453125
10.169922,31.4208984375
10.171875,31.219482421875
10.173828,31.01806640625
10.175781,31.4208984375
10.177734,31.82373046875
10.179688,32.62939453125
10.181641,33.43505859375
10.183594,48.541259765625
10.185547,49.54833984375
10.1875,50.555419921875
10.189453,51.15966796875
10.191406,51.763916015625
10.193359,51.96533203125
10.195312,51.96533203125
10.197266,51.5625
10.199219,50.958251953125
10.201172,41.0888671875
10.203125,40.081787109375
10.205078,39.07470703125
10.207031,38.26904296875
10.208984,37.46337890625
10.210938,36.65771484375
10.212891,36.2548828125
10.214844,36.2548828125
10.216797,11.68212890625
10.21875,12.0849609375
10.220703,12.689208984375
10.222656,13.6962890625
10.224609,14.501953125
10.226562,15.509033203125
10.228516,16.51611328125
10.230469,17.120361328125
10.232422,17.724609375
10.234375,18.12744140625
10.236328,18.12744140625
10.238281,-1.409912109375
10.240234,-1.812744140625
10.242188,-2.618408203125
10.244141,-3.424072265625
10.246094,-1.20849609375
10.248047,-2.215576171875
10.25,-3.021240234375
10.251953,-3.826904296875
10.253906,-4.229736328125
10.255859,-4.43115234375
10.257812,-4.43115234375
10.259766,-4.0283203125
10.261719,18.93310546875
10.263672,19.73876953125
10.265625,20.745849609375
10.267578,21.551513671875
10.269531,22.55859375
10.271484,23.3642578125
10.273438,23.968505859375
10.275391,24.371337890625
10.277344,24.57275390625
10.279297,48.541259765625
10.28125,47.93701171875
10.283203,47.332763671875
10.285156,46.527099609375
10.287109,45.52001953125
10.289062,44.71435546875
10.291016,43.707275390625
10.292969,42.901611328125
10.294922,43.707275390625
10.296875,43.505859375
10.298828,43.304443359375
10.300781,19.134521484375
10.302734,19.537353515625
10.304688,20.343017578125
10.306641,21.148681640625
10.308594,22.15576171875
10.310547,23.162841796875
10.3125,23.968505859375
10.314453,24.774169921875
10.316406,25.177001953125
10.318359,25.37841796875
10.320312,25.37841796875
10.322266,24.9755859375
10.324219,24.371337890625
10.326172,-1.20849609375
10.328125,-2.01416015625
10.330078,-3.021240234375
10.332031,-3.826904296875
10.333984,-4.833984375
10.335938,-5.438232421875
10.337891,-5.841064453125
10.339844,-6.04248046875
10.341797,-5.841064453125
10.34375,-5.438232421875
10.345703,-4.833984375
10.347656,-3.826904296875
10.349609,-3.021240234375
10.351562,-2.01416015625
10.353516,15.509033203125
10.355469,16.314697265625
10.357422,16.717529296875
10.359375,17.120361328125
10.361328,17.120361328125
10.363281,16.9189453125
10.365234,16.51611328125
10.367188,15.71044921875
10.369141,14.90478515625
10.371094,13.897705078125
10.373047,34.6435546875
10.375,33.636474609375
10.376953,33.0322265625
10.378906,32.427978515625
10.380859,32.2265625
10.382812,32.2265625
10.384766,32.62939453125
10.386719,45.9228515625
10.388672,46.728515625
10.390625,47.735595703125
10.392578,48.541259765625
10.394531,49.54833984375
10.396484,50.35400390625
10.398438,50.958251953125
10.400391,51.361083984375
10.402344,38.470458984375
10.404297,38.26904296875
10.40625,37.8662109375
10.408203,37.261962890625
10.410156,36.456298828125
10.412109,35.44921875
10.414062,34.6435546875
10.416016,33.636474609375
10.417969,4.833984375
10.419922,4.229736328125
10.421875,4.0283203125
10.423828,3.826904296875
10.425781,4.0283203125
10.427734,4.632568359375
10.429688,5.23681640625
10.431641,6.243896484375
10.433594,-10.87646484375
10.435547,-9.869384765625
10.4375,-9.063720703125
10.439453,-8.258056640625
10.441406,-7.855224609375
10.443359,-7.65380859375
10.445312,-7.65380859375
10.447266,-8.056640625
10.449219,-8.45947265625
10.451172,-9.26513671875
10.453125,-10.272216796875
10.455078,-11.279296875
10.457031,-12.0849609375
10.458984,-2.215576171875
10.460938,-3.021240234375
10.462891,-3.424072265625
10.464844,18.12744140625
10.466797,25.78125
10.46875,26.18408203125
10.470703,26.788330078125
10.472656,27.593994140625
10.474609,28.60107421875
10.476562,29.608154296875
10.478516,30.413818359375
10.480469,50.7568359375
10.482422,51.361083984375
10.484375,51.5625
10.486328,51.5625
10.488281,51.361083984375
10.490234,50.958251953125
10.492188,50.152587890625
10.494141,49.346923828125
10.496094,45.9228515625
10.498047,44.915771484375
10.5,44.110107421875
10.501953,43.304443359375
10.503906,42.901611328125
10.505859,42.498779296875
10.507812,42.7001953125
10.509766,42.901611328125
10.511719,43.505859375
10.513672,20.54443359375
10.515625,21.551513671875
10.517578,22.357177734375
10.519531,23.3642578125
10.521484,24.169921875
10.523438,24.9755859375
10.525391,25.37841796875
10.527344,1.409912109375
10.529297,1.20849609375
10.53125,0.8056640625
10.533203,0.201416015625
10.535156,-0.604248046875
10.537109,-1.611328125
10.539062,-2.618408203125
10.541016,-3.424072265625
10.542969,-4.229736328125
10.544922,-11.480712890625
10.546875,-11.68212890625
10.548828,-11.883544921875
10.550781,-11.480712890625
10.552734,-11.077880859375
10.554688,-10.272216796875
10.556641,-9.466552734375
10.558594,-8.45947265625
10.560547,14.90478515625
10.5625,15.71044921875
10.564453,16.51611328125
10.566406,16.9189453125
10.568359,17.32177734375
10.570312,17.120361328125
10.572266,16.9189453125
10.574219,16.314697265625
10.576172,15.509033203125
10.578125,41.290283203125
10.580078,40.283203125
10.582031,39.276123046875
10.583984,38.470458984375
10.585938,37.8662109375
10.587891,37.46337890625
10.589844,43.707275390625
10.591797,43.90869140625
10.59375,44.3115234375
10.595703,44.915771484375
10.597656,45.721435546875
10.599609,46.728515625
10.601562,47.735595703125
10.603516,48.541259765625
10.605469,49.346923828125
10.607422,31.4208984375
10.609375,31.82373046875
10.611328,31.82373046875
10.613281,31.622314453125
10.615234,31.01806640625
10.617188,30.413818359375
10.619141,29.40673828125
10.621094,1.611328125
10.623047,0.8056640625
10.625,-0.201416015625
10.626953,-0.8056640625
10.628906,-1.409912109375
10.630859,-1.611328125
10.632812,-1.611328125
10.634766,-1.20849609375
10.636719,-0.604248046875
10.638672,-11.077880859375
10.640625,-10.272216796875
10.642578,-9.26513671875
10.644531,-8.258056640625
10.646484,-7.452392578125
10.648438,-6.84814453125
10.650391,-6.4453125
10.652344,-6.243896484375
10.654297,11.68212890625
10.65625,11.077880859375
10.658203,10.4736328125
10.660156,9.66796875
10.662109,8.660888671875
10.664062,7.855224609375
10.666016,6.84814453125
10.667969,6.04248046875
10.669922,5.438232421875
10.671875,5.23681640625
10.673828,5.23681640625
10.675781,5.438232421875
10.677734,5.841064453125
10.679688,46.32568359375
10.681641,47.13134765625
10.683594,48.138427734375
10.685547,49.1455078125
10.6875,49.951171875
10.689453,50.7568359375
10.691406,44.3115234375
10.693359,44.512939453125
10.695312,44.512939453125
10.697266,44.110107421875
10.699219,43.505859375
10.701172,42.7001953125
10.703125,41.89453125
10.705078,40.887451171875
10.707031,39.88037109375
10.708984,39.07470703125
10.710938,38.470458984375
10.712891,38.067626953125
10.714844,12.0849609375
10.716797,12.0849609375
10.71875,12.689208984375
10.720703,13.29345703125
10.722656,14.09912109375
10.724609,15.106201171875
10.726562,15.911865234375
10.728516,16.9189453125
10.730469,17.724609375
10.732422,4.229736328125
10.734375,-2.4169921875
10.736328,-2.4169921875
10.738281,-2.618408203125
10.740234,-3.22265625
10.742188,-3.826904296875
10.744141,-4.833984375
10.746094,-5.6396484375
10.748047,-5.438232421875
10.75,-6.243896484375
10.751953,-7.049560546875
10.753906,-7.452392578125
10.755859,-7.65380859375
10.757812,-7.65380859375
10.759766,-7.2509765625
10.761719,-6.84814453125
10.763672,19.940185546875
10.765625,20.745849609375
10.767578,21.7529296875
10.769531,22.55859375
10.771484,23.565673828125
10.773438,24.169921875
10.775391,24.57275390625
10.777344,24.774169921875
10.779297,24.57275390625
10.78125,24.169921875
10.783203,23.565673828125
10.785156,22.55859375
10.787109,45.9228515625
10.789062,44.915771484375
10.791016,43.90869140625
10.792969,41.89453125
10.794922,41.290283203125
10.796875,41.0888671875
10.798828,41.0888671875
10.800781,41.290283203125
10.802734,41.693115234375
10.804688,42.498779296875
10.806641,43.304443359375
10.808594,22.15576171875
10.810547,23.162841796875
10.8125,23.968505859375
10.814453,24.774169921875
10.816406,25.177001953125
10.818359,25.37841796875
10.820312,25.37841796875
10.822266,25.177001953125
10.824219,-2.618408203125
10.826172,-3.424072265625
10.828125,-4.43115234375
10.830078,-5.23681640625
10.832031,-6.243896484375
10.833984,-7.049560546875
10.835938,-7.65380859375
10.837891,-8.056640625
10.839844,-8.258056640625
10.841797,-10.87646484375
10.84375,-10.4736328125
10.845703,-9.869384765625
10.847656,-9.063720703125
10.849609,-8.056640625
10.851562,-7.2509765625
10.853516,-6.243896484375
10.855469,16.9189453125
10.857422,17.523193359375
10.859375,17.926025390625
10.861328,17.926025390625
10.863281,17.724609375
10.865234,17.120361328125
10.867188,16.51611328125
10.869141,15.509033203125
10.871094,14.703369140625
10.873047,34.442138671875
10.875,33.43505859375
10.876953,32.830810546875
10.878906,32.2265625
10.880859,32.025146484375
10.882812,32.025146484375
10.884766,32.427978515625
10.886719,43.10302734375
10.888672,46.929931640625
10.890625,47.735595703125
10.892578,48.74267578125
10.894531,49.749755859375
10.896484,50.555419921875
10.898438,51.15966796875
10.900391,51.5625
10.902344,51.763916015625
10.904297,42.7001953125
10.90625,38.671875
10.908203,38.067626953125
10.910156,37.261962890625
10.912109,36.2548828125
10.914062,35.247802734375
10.916016,34.442138671875
10.917969,33.636474609375
10.919922,5.035400390625
10.921875,4.833984375
10.923828,4.833984375
10.925781,5.035400390625
10.927734,5.438232421875
10.929688,6.243896484375
10.931641,7.049560546875
10.933594,8.056640625
10.935547,-4.833984375
10.9375,-3.826904296875
10.939453,-3.22265625
10.941406,-2.618408203125
10.943359,-2.4169921875
10.945312,-2.4169921875
10.947266,-2.81982421875
10.949219,-3.424072265625
10.951172,4.632568359375
10.953125,3.62548828125
10.955078,2.618408203125
10.957031,1.812744140625
10.958984,1.007080078125
10.960938,0.201416015625
10.962891,-0.201416015625
10.964844,-0.201416015625
10.966797,24.9755859375
10.96875,25.37841796875
10.970703,26.18408203125
10.972656,26.98974609375
10.974609,27.79541015625
10.976562,28.802490234375
10.978516,29.8095703125
10.980469,30.615234375
10.982422,51.5625
10.984375,51.763916015625
10.986328,51.96533203125
10.988281,51.5625
10.990234,51.15966796875
10.992188,50.35400390625
10.994141,49.54833984375
10.996094,48.541259765625
10.998047,47.5341796875
11.0,39.4775390625
11.001953,38.671875
11.003906,38.26904296875
11.005859,38.067626953125
11.007812,38.067626953125
11.009766,38.470458984375
11.011719,39.07470703125
11.013672,13.29345703125
11.015625,14.300537109375
11.017578,15.3076171875
11.019531,16.11328125
11.021484,17.120361328125
11.023438,17.724609375
11.025391,18.12744140625
11.027344,18.328857421875
11.029297,-0.40283203125
11.03125,-0.8056640625
11.033203,-1.409912109375
11.035156,-2.4169921875
11.037109,-3.22265625
11.039062,-4.229736328125
11.041016,-5.23681640625
11.042969,-5.841064453125
11.044922,-7.049560546875
11.046875,-7.452392578125
11.048828,-7.452392578125
11.050781,-7.2509765625
11.052734,-6.646728515625
11.054688,-6.04248046875
11.056641,-5.035400390625
11.058594,-4.0283203125
11.060547,15.3076171875
11.0625,16.11328125
11.064453,16.717529296875
11.066406,17.32177734375
11.068359,17.523193359375
11.070312,17.523193359375
11.072266,17.120361328125
11.074219,16.51611328125
11.076172,43.505859375
11.078125,42.7001953125
11.080078,41.693115234375
11.082031,44.71435546875
11.083984,43.90869140625
11.085938,43.304443359375
11.087891,42.901611328125
11.089844,42.7001953125
11.091797,42.901611328125
11.09375,43.304443359375
11.095703,43.90869140625
11.097656,44.71435546875
11.099609,45.721435546875
11.101562,46.527099609375
11.103516,47.5341796875
11.105469,48.33984375
11.107422,48.944091796875
11.109375,49.1455078125
11.111328,49.346923828125
11.113281,48.944091796875
11.115234,48.541259765625
11.117188,47.735595703125
11.119141,4.632568359375
11.121094,3.62548828125
11.123047,2.618408203125
11.125,1.812744140625
11.126953,1.007080078125
11.128906,0.604248046875
11.130859,0.40283203125
11.132812,0.40283203125
11.134766,0.8056640625
11.136719,1.20849609375
11.138672,2.01416015625
11.140625,-7.2509765625
11.142578,-6.243896484375
11.144531,-5.23681640625
11.146484,-4.43115234375
11.148438,-3.826904296875
11.150391,-3.424072265625
11.152344,-3.22265625
11.154297,9.66796875
11.15625,9.26513671875
11.158203,8.660888671875
11.160156,7.855224609375
11.162109,6.84814453125
11.164062,5.841064453125
11.166016,5.035400390625
11.167969,4.229736328125
11.169922,32.62939453125
11.171875,32.2265625
11.173828,32.2265625
11.175781,32.427978515625
11.177734,33.0322265625
11.179688,33.636474609375
11.181641,34.6435546875
11.183594,35.44921875
11.185547,36.456298828125
11.1875,47.93701171875
11.189453,48.541259765625
11.191406,49.1455078125
11.193359,49.346923828125
11.195312,49.346923828125
11.197266,48.944091796875
11.199219,48.33984375
11.201172,37.664794921875
11.203125,36.65771484375
11.205078,35.650634765625
11.207031,34.844970703125
11.208984,34.039306640625
11.210938,33.233642578125
11.212891,32.830810546875
11.214844,32.830810546875
11.216797,32.830810546875
11.21875,33.233642578125
11.220703,34.039306640625
11.222656,34.844970703125
11.224609,35.650634765625
11.226562,36.65771484375
11.228516,9.063720703125
11.230469,9.869384765625
11.232422,-7.855224609375
11.234375,-7.452392578125
11.236328,-7.452392578125
11.238281,-7.65380859375
11.240234,-8.258056640625
11.242188,-8.8623046875
11.244141,-9.869384765625
11.246094,-10.675048828125
11.248047,-4.0283203125
11.25,-4.833984375
11.251953,-5.6396484375
11.253906,-6.04248046875
11.255859,-6.4453125
11.257812,-6.243896484375
11.259766,-6.04248046875
11.261719,-5.438232421875
11.263672,19.537353515625
11.265625,20.54443359375
11.267578,21.551513671875
11.269531,22.357177734375
11.271484,23.3642578125
11.273438,23.968505859375
11.275391,24.371337890625
11.277344,45.721435546875
11.279297,45.52001953125
11.28125,45.1171875
11.283203,44.512939453125
11.285156,43.505859375
11.287109,42.7001953125
11.289062,41.693115234375
11.291016,40.68603515625
11.292969,40.081787109375
11.294922,40.887451171875
11.296875,40.68603515625
11.298828,40.484619140625
11.300781,40.68603515625
11.302734,41.290283203125
11.304688,41.89453125
11.306641,42.901611328125
11.308594,43.90869140625
11.310547,22.96142578125
11.3125,23.76708984375
11.314453,24.57275390625
11.316406,24.9755859375
11.318359,25.37841796875
11.320312,25.177001953125
11.322266,24.9755859375
11.324219,24.371337890625
11.326172,23.565673828125
11.328125,22.55859375
11.330078,21.7529296875
11.332031,-5.841064453125
11.333984,-6.646728515625
11.335938,-7.2509765625
11.337891,-7.65380859375
11.339844,-7.855224609375
11.341797,-11.077880859375
11.34375,-10.675048828125
11.345703,-9.869384765625
11.347656,-9.063720703125
11.349609,-8.258056640625
11.351562,-7.2509765625
11.353516,-6.243896484375
11.355469,-5.438232421875
11.357422,-5.035400390625
11.359375,17.724609375
11.361328,17.724609375
11.363281,17.523193359375
11.365234,16.9189453125
11.367188,16.314697265625
11.369141,15.3076171875
11.371094,14.501953125
11.373047,13.494873046875
11.375,39.276123046875
11.376953,38.671875
11.378906,38.067626953125
11.380859,37.8662109375
11.382812,37.8662109375
11.384766,38.26904296875
11.386719,38.873291015625
11.388672,47.93701171875
11.390625,48.541259765625
11.392578,49.346923828125
11.394531,50.35400390625
11.396484,51.15966796875
11.398438,51.763916015625
11.400391,52.3681640625
11.402344,52.3681640625
11.404297,32.830810546875
11.40625,32.427978515625
11.408203,31.82373046875
11.410156,31.01806640625
11.412109,30.010986328125
11.414062,29.205322265625
11.416016,28.1982421875
11.417969,27.392578125
11.419922,6.04248046875
11.421875,-2.4169921875
11.423828,-2.4169921875
11.425781,-2.215576171875
11.427734,-1.611328125
11.429688,-1.007080078125
11.431641,0.0
11.433594,1.007080078125
11.435547,1.812744140625
11.4375,2.81982421875
11.439453,3.424072265625
11.441406,4.0283203125
11.443359,4.229736328125
11.445312,4.229736328125
11.447266,-5.841064453125
11.449219,-6.4453125
11.451172,8.8623046875
11.453125,8.056640625
11.455078,7.049560546875
11.457031,6.04248046875
11.458984,5.23681640625
11.460938,4.632568359375
11.462891,4.229736328125
11.464844,4.0283203125
11.466797,4.229736328125
11.46875,26.18408203125
11.470703,26.788330078125
11.472656,45.721435546875
11.474609,46.728515625
11.476562,47.735595703125
11.478516,48.541259765625
11.480469,49.346923828125
11.482422,49.951171875
11.484375,50.152587890625
11.486328,50.35400390625
11.488281,49.951171875
11.490234,49.54833984375
11.492188,48.74267578125
11.494141,47.93701171875
11.496094,46.929931640625
11.498047,46.124267578125
11.5,45.1171875
11.501953,39.4775390625
11.503906,38.873291015625
11.505859,38.671875
11.507812,38.671875
11.509766,39.07470703125
11.511719,39.678955078125
11.513672,40.484619140625
11.515625,14.501953125
11.517578,15.509033203125
11.519531,16.51611328125
11.521484,17.32177734375
11.523438,17.926025390625
11.525391,18.328857421875
11.527344,18.5302734375
11.529297,-4.833984375
11.53125,-5.23681640625
11.533203,-5.841064453125
11.535156,-6.646728515625
11.537109,-7.65380859375
11.539062,-8.660888671875
11.541016,-9.466552734375
11.542969,-10.272216796875
11.544922,-10.87646484375
11.546875,-11.279296875
11.548828,-11.279296875
11.550781,-11.077880859375
11.552734,-10.4736328125
11.554688,-9.869384765625
11.556641,-8.8623046875
11.558594,21.35009765625
11.560547,22.357177734375
11.5625,23.162841796875
11.564453,23.968505859375
11.566406,24.371337890625
11.568359,24.57275390625
11.570312,24.57275390625
11.572266,24.169921875
11.574219,23.76708984375
11.576172,22.96142578125
11.578125,39.276123046875
11.580078,46.527099609375
11.582031,45.52001953125
11.583984,44.71435546875
11.585938,44.110107421875
11.587891,43.707275390625
11.589844,43.505859375
11.591797,43.707275390625
11.59375,44.915771484375
11.595703,45.52001953125
11.597656,46.32568359375
11.599609,47.332763671875
11.601562,48.33984375
11.603516,49.1455078125
11.605469,49.951171875
11.607422,31.622314453125
11.609375,32.025146484375
11.611328,32.025146484375
11.613281,31.82373046875
11.615234,31.219482421875
11.617188,30.615234375
11.619141,29.8095703125
11.621094,28.802490234375
11.623047,0.604248046875
11.625,-0.40283203125
11.626953,-1.007080078125
11.628906,-1.611328125
11.630859,-1.812744140625
11.632812,-1.812744140625
11.634766,-1.409912109375
11.636719,-0.8056640625
11.638672,-8.660888671875
11.640625,-7.855224609375
11.642578,-6.84814453125
11.644531,-5.841064453125
11.646484,-5.035400390625
11.648438,-4.43115234375
11.650391,-4.0283203125
11.652344,-3.826904296875
11.654297,-4.0283203125
11.65625,-4.43115234375
11.658203,-5.035400390625
11.660156,-5.841064453125
11.662109,-6.84814453125
11.664062,6.84814453125
11.666016,5.841064453125
11.667969,31.219482421875
11.669922,30.615234375
11.671875,30.413818359375
11.673828,30.21240234375
11.675781,30.413818359375
11.677734,31.01806640625
11.679688,31.622314453125
11.681641,32.62939453125
11.683594,33.636474609375
11.685547,49.749755859375
11.6875,50.7568359375
11.689453,51.361083984375
11.691406,51.96533203125
11.693359,52.166748046875
11.695312,51.96533203125
11.697266,51.763916015625
11.699219,51.15966796875
11.701172,38.067626953125
11.703125,37.060546875
11.705078,36.053466796875
11.707031,35.247802734375
11.708984,34.24072265625
11.710938,33.636474609375
11.712891,33.233642578125
11.714844,33.0322265625
11.716797,5.841064453125
11.71875,6.243896484375
11.720703,6.84814453125
11.722656,7.65380859375
11.724609,8.660888671875
11.726562,9.466552734375
11.728516,10.4736328125
11.730469,11.279296875
11.732422,-6.646728515625
11.734375,-6.243896484375
11.736328,-6.243896484375
11.738281,-6.4453125
11.740234,-7.049560546875
11.742188,-7.65380859375
11.744141,-8.660888671875
11.746094,-9.466552734375
11.748047,-10.4736328125
11.75,-0.604248046875
11.751953,-1.409912109375
11.753906,-1.812744140625
11.755859,-2.01416015625
11.757812,-2.01416015625
11.759766,-1.611328125
11.761719,-1.20849609375
11.763672,-0.40283203125
11.765625,27.593994140625
11.767578,28.60107421875
11.769531,29.608154296875
11.771484,30.413818359375
11.773438,31.01806640625
11.775391,31.4208984375
11.777344,31.622314453125
11.779297,31.4208984375
11.78125,45.318603515625
11.783203,46.728515625
11.785156,45.9228515625
11.787109,45.1171875
11.789062,44.110107421875
11.791016,43.10302734375
11.792969,42.29736328125
11.794922,41.89453125
11.796875,41.49169921875
11.798828,42.095947265625
11.800781,42.29736328125
11.802734,42.901611328125
11.804688,43.505859375
11.806641,44.512939453125
11.808594,45.52001953125
11.810547,46.32568359375
11.8125,47.332763671875
11.814453,36.859130859375
11.816406,18.12744140625
11.818359,18.328857421875
11.820312,18.328857421875
11.822266,18.12744140625
11.824219,17.523193359375
11.826172,16.717529296875
11.828125,-2.81982421875
11.830078,-3.826904296875
11.832031,-4.833984375
11.833984,-5.6396484375
11.835938,-6.243896484375
11.837891,-6.646728515625
11.839844,-6.84814453125
11.841797,-8.660888671875
11.84375,-8.258056640625
11.845703,-7.65380859375
11.847656,-6.84814453125
11.849609,-5.841064453125
11.851562,-4.833984375
11.853516,-4.0283203125
11.855469,-3.22265625
11.857422,-2.618408203125
11.859375,17.926025390625
11.861328,17.926025390625
11.863281,42.7001953125
11.865234,42.095947265625
11.867188,41.49169921875
11.869141,40.484619140625
11.871094,39.678955078125
11.873047,38.671875
11.875,37.8662109375
11.876953,37.060546875
11.878906,36.65771484375
11.880859,36.2548828125
11.882812,36.456298828125
11.884766,36.65771484375
11.886719,37.261962890625
11.888672,38.067626953125
11.890625,44.3115234375
11.892578,45.318603515625
11.894531,46.32568359375
11.896484,47.13134765625
11.898438,47.735595703125
11.900391,48.138427734375
11.902344,48.33984375
11.904297,48.138427734375
11.90625,31.01806640625
11.908203,30.21240234375
11.910156,29.40673828125
11.912109,28.60107421875
11.914062,27.593994140625
11.916016,26.5869140625
11.917969,25.78125
11.919922,25.37841796875
11.921875,-2.215576171875
11.923828,-2.215576171875
11.925781,-2.01416015625
11.927734,-1.611328125
11.929688,-0.8056640625
11.931641,0.0
11.933594,1.007080078125
11.935547,2.01416015625
11.9375,-4.833984375
11.939453,-4.0283203125
11.941406,-3.62548828125
11.943359,-3.22265625
11.945312,-3.424072265625
11.947266,-3.62548828125
11.949219,-4.229736328125
11.951172,-5.035400390625
11.953125,7.452392578125
11.955078,6.4453125
11.957031,5.6396484375
11.958984,4.833984375
11.960938,4.0283203125
11.962891,3.62548828125
11.964844,3.62548828125
11.966797,3.62548828125
11.96875,32.830810546875
11.970703,33.43505859375
11.972656,34.24072265625
11.974609,35.247802734375
11.976562,36.2548828125
11.978516,37.060546875
11.980469,37.8662109375
11.982422,38.470458984375
11.984375,38.873291015625
11.986328,38.873291015625
11.988281,38.671875
11.990234,38.067626953125
11.992188,37.46337890625
11.994141,36.456298828125
11.996094,45.9228515625
11.998047,40.081787109375
12.0,39.276123046875
12.001953,38.470458984375
12.003906,38.067626953125
12.005859,37.8662109375
12.007812,37.8662109375
12.009766,38.067626953125
12.011719,38.671875
12.013672,39.4775390625
12.015625,40.484619140625
12.017578,15.71044921875
12.019531,16.51611328125
12.021484,17.32177734375
12.023438,18.12744140625
12.025391,18.5302734375
12.027344,18.5302734375
12.029297,-2.01416015625
12.03125,-2.4169921875
12.033203,-3.021240234375
12.035156,-3.826904296875
12.037109,-4.833984375
12.039062,-5.841064453125
12.041016,-6.646728515625
12.042969,-7.452392578125
12.044922,-8.056640625
12.046875,-6.04248046875
12.048828,-6.04248046875
12.050781,-5.841064453125
12.052734,-5.438232421875
12.054688,-4.632568359375
12.056641,-3.826904296875
12.058594,21.148681640625
12.060547,22.15576171875
12.0625,22.96142578125
12.064453,23.76708984375
12.066406,24.169921875
12.068359,24.371337890625
12.070312,24.371337890625
12.072266,24.169921875
12.074219,23.565673828125
12.076172,22.760009765625
12.078125,43.707275390625
12.080078,42.7001953125
12.082031,41.693115234375
12.083984,40.887451171875
12.085938,40.283203125
12.087891,39.88037109375
12.089844,39.678955078125
12.091797,39.88037109375
12.09375,40.283203125
12.095703,40.887451171875
12.097656,41.693115234375
12.099609,42.7001953125
12.101562,43.707275390625
12.103516,46.527099609375
12.105469,47.332763671875
12.107422,43.90869140625
12.109375,24.9755859375
12.111328,25.177001953125
12.113281,24.9755859375
12.115234,24.371337890625
12.117188,23.565673828125
12.119141,22.760009765625
12.121094,21.7529296875
12.123047,20.947265625
12.125,-3.62548828125
12.126953,-4.43115234375
12.128906,-4.833984375
12.130859,-5.035400390625
12.132812,-5.035400390625
12.134766,-4.833984375
12.136719,-4.229736328125
12.138672,-3.424072265625
12.140625,-7.65380859375
12.142578,-6.646728515625
12.144531,-5.841064453125
12.146484,-5.035400390625
12.148438,-4.229736328125
12.150391,-3.826904296875
12.152344,-3.826904296875
12.154297,-3.826904296875
12.15625,10.675048828125
12.158203,10.07080078125
12.160156,9.26513671875
12.162109,8.258056640625
12.164062,7.452392578125
12.166016,6.4453125
12.167969,5.6396484375
12.169922,5.035400390625
12.171875,31.219482421875
12.173828,31.219482421875
12.175781,31.4208984375
12.177734,32.025146484375
12.179688,32.62939453125
12.181641,33.636474609375
12.183594,34.442138671875
12.185547,35.44921875
12.1875,52.77099609375
12.189453,53.57666015625
12.191406,53.9794921875
12.193359,54.180908203125
12.195312,54.180908203125
12.197266,53.778076171875
12.199219,53.375244140625
12.201172,52.569580078125
12.203125,51.5625
12.205078,50.555419921875
12.207031,49.749755859375
12.208984,48.944091796875
12.210938,48.138427734375
12.212891,33.837890625
12.214844,33.636474609375
12.216797,3.826904296875
12.21875,4.229736328125
12.220703,5.035400390625
12.222656,5.841064453125
12.224609,6.646728515625
12.226562,7.65380859375
12.228516,8.660888671875
12.230469,9.466552734375
12.232422,9.869384765625
12.234375,10.272216796875
12.236328,-6.04248046875
12.238281,-6.4453125
12.240234,-6.84814453125
12.242188,-7.65380859375
12.244141,-8.45947265625
12.246094,-9.466552734375
12.248047,-10.4736328125
12.25,-0.604248046875
12.251953,-1.409912109375
12.253906,25.579833984375
12.255859,25.37841796875
12.257812,25.37841796875
12.259766,25.78125
12.261719,26.385498046875
12.263672,27.191162109375
12.265625,27.996826171875
12.267578,29.00390625
12.269531,30.010986328125
12.271484,30.816650390625
12.273438,31.4208984375
12.275391,31.82373046875
12.277344,32.025146484375
12.279297,31.82373046875
12.28125,31.4208984375
12.283203,51.763916015625
12.285156,50.958251953125
12.287109,50.152587890625
12.289062,49.1455078125
12.291016,48.138427734375
12.292969,47.332763671875
12.294922,46.728515625
12.296875,46.527099609375
12.298828,35.650634765625
12.300781,36.053466796875
12.302734,36.456298828125
12.304688,37.261962890625
12.306641,38.067626953125
12.308594,39.07470703125
12.310547,40.081787109375
12.3125,40.887451171875
12.314453,41.49169921875
12.316406,42.095947265625
12.318359,42.29736328125
12.320312,42.29736328125
12.322266,17.724609375
12.324219,17.120361328125
12.326172,16.314697265625
12.328125,15.3076171875
12.330078,14.501953125
12.332031,13.494873046875
12.333984,-9.063720703125
12.335938,-9.66796875
12.337891,-10.07080078125
12.339844,-10.272216796875
12.341797,-10.07080078125
12.34375,-7.855224609375
12.345703,-7.2509765625
12.347656,-6.4453125
12.349609,-5.438232421875
12.351562,-4.43115234375
12.353516,-3.62548828125
12.355469,-2.81982421875
12.357422,-2.215576171875
12.359375,-2.01416015625
12.361328,17.32177734375
12.363281,17.120361328125
12.365234,16.51611328125
12.367188,15.911865234375
12.369141,14.90478515625
12.371094,14.09912109375
12.373047,13.092041015625
12.375,36.456298828125
12.376953,35.85205078125
12.378906,35.247802734375
12.380859,35.04638671875
12.382812,35.247802734375
12.384766,35.44921875
12.386719,36.053466796875
12.388672,36.859130859375
12.390625,49.346923828125
12.392578,50.35400390625
12.394531,51.15966796875
12.396484,52.166748046875
12.398438,52.77099609375
12.400391,53.173828125
12.402344,53.375244140625
12.404297,53.173828125
12.40625,52.77099609375
12.408203,30.615234375
12.410156,29.8095703125
12.412109,28.802490234375
12.414062,27.79541015625
12.416016,26.98974609375
12.417969,26.18408203125
12.419922,25.579833984375
12.421875,25.37841796875
12.423828,25.177001953125
12.425781,25.579833984375
12.427734,25.982666015625
12.429688,26.788330078125
12.431641,27.593994140625
12.433594,22.15576171875
12.435547,2.81982421875
12.4375,-3.826904296875
12.439453,-3.22265625
12.441406,-2.618408203125
12.443359,-2.4169921875
12.445312,-2.4169921875
12.447266,-2.81982421875
12.449219,9.26513671875
12.451172,8.660888671875
12.453125,7.65380859375
12.455078,6.646728515625
12.457031,5.841064453125
12.458984,4.833984375
12.460938,4.229736328125
12.462891,3.826904296875
12.464844,3.62548828125
12.466797,3.826904296875
12.46875,4.229736328125
12.470703,33.636474609375
12.472656,34.442138671875
12.474609,35.44921875
12.476562,36.456298828125
12.478516,37.261962890625
12.480469,38.067626953125
12.482422,38.671875
12.484375,39.07470703125
12.486328,51.96533203125
12.488281,51.5625
12.490234,51.15966796875
12.492188,50.35400390625
12.494141,49.54833984375
12.496094,48.541259765625
12.498047,47.735595703125
12.5,33.837890625
12.501953,33.233642578125
12.503906,32.62939453125
12.505859,32.427978515625
12.507812,32.427978515625
12.509766,32.830810546875
12.511719,33.43505859375
12.513672,34.24072265625
12.515625,13.897705078125
12.517578,14.90478515625
12.519531,15.911865234375
12.521484,16.717529296875
12.523438,17.32177734375
12.525391,17.724609375
12.527344,17.926025390625
12.529297,17.724609375
12.53125,17.32177734375
12.533203,16.717529296875
12.535156,15.911865234375
12.537109,-8.056640625
12.539062,-9.063720703125
12.541016,-9.869384765625
12.542969,-10.675048828125
12.544922,-11.279296875
12.546875,-5.438232421875
12.548828,-5.438232421875
12.550781,-5.23681640625
12.552734,-4.632568359375
12.554688,-4.0283203125
12.556641,-3.021240234375
12.558594,-2.215576171875
12.560547,-1.20849609375
12.5625,23.3642578125
12.564453,23.968505859375
12.566406,24.57275390625
12.568359,24.774169921875
12.570312,24.774169921875
12.572266,24.371337890625
12.574219,23.76708984375
12.576172,22.96142578125
12.578125,22.15576171875
12.580078,44.110107421875
12.582031,43.10302734375
12.583984,42.29736328125
12.585938,41.693115234375
12.587891,41.290283203125
12.589844,41.0888671875
12.591797,41.290283203125
12.59375,41.693115234375
12.595703,47.5341796875
12.597656,44.915771484375
12.599609,45.9228515625
12.601562,46.929931640625
12.603516,47.735595703125
12.605469,48.541259765625
12.607422,49.1455078125
12.609375,49.54833984375
12.611328,25.177001953125
12.613281,24.9755859375
12.615234,24.57275390625
12.617188,23.76708984375
12.619141,22.96142578125
12.621094,21.954345703125
12.623047,20.947265625
12.625,20.1416015625
12.626953,-6.646728515625
12.628906,-7.2509765625
12.630859,-7.452392578125
12.632812,-7.452392578125
12.634766,-7.049560546875
12.636719,-6.4453125
12.638672,-5.841064453125
12.640625,-4.833984375
12.642578,-3.826904296875
12.644531,-6.84814453125
12.646484,-5.841064453125
12.648438,-5.23681640625
12.650391,-4.833984375
12.652344,-4.632568359375
12.654297,-4.833984375
12.65625,17.523193359375
12.658203,16.717529296875
12.660156,15.911865234375
12.662109,15.106201171875
12.664062,14.09912109375
12.666016,13.092041015625
12.667969,12.286376953125
12.669922,11.883544921875
12.671875,37.060546875
12.673828,37.060546875
12.675781,37.261962890625
12.677734,37.664794921875
12.679688,38.470458984375
12.681641,39.276123046875
12.683594,40.283203125
12.685547,41.290283203125
12.6875,42.095947265625
12.689453,47.93701171875
12.691406,48.33984375
12.693359,48.74267578125
12.695312,48.541259765625
12.697266,48.33984375
12.699219,47.735595703125
12.701172,46.929931640625
12.703125,45.9228515625
12.705078,35.04638671875
12.707031,34.24072265625
12.708984,33.43505859375
12.710938,32.62939453125
12.712891,32.2265625
12.714844,32.2265625
12.716797,32.2265625
12.71875,6.243896484375
12.720703,6.84814453125
12.722656,7.65380859375
12.724609,8.660888671875
12.726562,9.66796875
12.728516,10.4736328125
12.730469,11.279296875
12.732422,11.883544921875
12.734375,-7.049560546875
12.736328,-7.049560546875
12.738281,-7.2509765625
12.740234,-7.65380859375
12.742188,-8.45947265625
12.744141,-9.26513671875
12.746094,-10.272216796875
12.748047,-11.279296875
12.75,-12.0849609375
12.751953,-12.890625
12.753906,-13.29345703125
12.755859,-13.494873046875
12.757812,-0.8056640625
12.759766,-0.604248046875
12.761719,0.0
12.763672,0.8056640625
12.765625,27.593994140625
12.767578,28.60107421875
12.769531,29.40673828125
12.771484,30.21240234375
12.773438,31.01806640625
12.775391,31.4208984375
12.777344,31.4208984375
12.779297,31.4208984375
12.78125,31.01806640625
12.783203,48.944091796875
12.785156,48.138427734375
12.787109,47.13134765625
12.789062,46.124267578125
12.791016,45.318603515625
12.792969,44.512939453125
12.794922,43.90869140625
12.796875,43.505859375
12.798828,37.8662109375
12.800781,38.067626953125
12.802734,38.470458984375
12.804688,39.276123046875
12.806641,40.081787109375
12.808594,41.0888671875
12.810547,42.095947265625
12.8125,42.901611328125
12.814453,17.120361328125
12.816406,17.724609375
12.818359,17.926025390625
12.820312,17.926025390625
12.822266,17.523193359375
12.824219,16.9189453125
12.826172,16.11328125
12.828125,15.3076171875
12.830078,-4.632568359375
12.832031,-5.438232421875
12.833984,-6.243896484375
12.835938,-7.049560546875
12.837891,-7.452392578125
12.839844,-7.2509765625
12.841797,-7.2509765625
12.84375,-6.84814453125
12.845703,-6.04248046875
12.847656,-5.23681640625
12.849609,-4.43115234375
12.851562,-3.424072265625
12.853516,-2.4169921875
12.855469,-1.611328125
12.857422,-1.20849609375
12.859375,-0.8056640625
12.861328,-0.8056640625
12.863281,-1.007080078125
12.865234,-1.409912109375
12.867188,-2.215576171875
12.869141,-3.021240234375
12.871094,21.148681640625
12.873047,20.1416015625
12.875,19.3359375
12.876953,42.29736328125
12.878906,41.89453125
12.880859,41.693115234375
12.882812,41.693115234375
12.884766,41.89453125
12.886719,42.498779296875
12.888672,43.304443359375
12.890625,44.3115234375
12.892578,43.90869140625
12.894531,44.71435546875
12.896484,45.52001953125
12.898438,46.32568359375
12.900391,46.728515625
12.902344,46.728515625
12.904297,46.728515625
12.90625,46.32568359375
12.908203,23.968505859375
12.910156,23.162841796875
12.912109,22.15576171875
12.914062,21.35009765625
12.916016,20.343017578125
12.917969,19.537353515625
12.919922,18.93310546875
12.921875,18.731689453125
12.923828,18.731689453125
12.925781,18.93310546875
12.927734,-5.841064453125
12.929688,-5.23681640625
12.931641,-4.229736328125
12.933594,-3.424072265625
12.935547,-2.4169921875
12.9375,-1.409912109375
12.939453,-0.8056640625
12.941406,-4.43115234375
12.943359,-4.229736328125
12.945312,-4.229736328125
12.947266,-4.632568359375
12.949219,-5.23681640625
12.951172,-5.841064453125
12.953125,-6.84814453125
12.955078,-7.855224609375
12.957031,5.6396484375
12.958984,4.833984375
12.960938,4.229736328125
12.962891,3.826904296875
12.964844,3.62548828125
12.966797,3.826904296875
12.96875,4.229736328125
12.970703,4.833984375
12.972656,33.837890625
12.974609,34.844970703125
12.976562,35.650634765625
12.978516,36.65771484375
12.980469,37.46337890625
12.982422,38.067626953125
12.984375,38.26904296875
12.986328,38.470458984375
12.988281,53.57666015625
12.990234,53.173828125
12.992188,52.3681640625
12.994141,51.5625
12.996094,50.555419921875
12.998047,49.54833984375
13.0,48.74267578125
13.001953,47.93701171875
13.003906,31.82373046875
13.005859,31.622314453125
13.007812,31.622314453125
13.009766,32.025146484375
13.011719,32.427978515625
13.013672,33.233642578125
13.015625,34.24072265625
13.017578,35.247802734375
13.019531,9.869384765625
13.021484,10.675048828125
13.023438,11.279296875
13.025391,11.68212890625
13.027344,11.883544921875
13.029297,11.68212890625
13.03125,11.279296875
13.033203,10.675048828125
13.035156,-8.660888671875
13.037109,-9.466552734375
13.039062,-10.4736328125
13.041016,-11.480712890625
13.042969,-12.286376953125
13.044922,-12.689208984375
13.046875,-13.092041015625
13.048828,-13.092041015625
13.050781,-12.890625
13.052734,-2.01416015625
13.054688,-1.20849609375
13.056641,-0.40283203125
13.058594,0.604248046875
13.060547,1.611328125
13.0625,2.4169921875
13.064453,3.22265625
13.066406,31.01806640625
13.068359,31.219482421875
13.070312,31.219482421875
13.072266,31.01806640625
13.074219,30.413818359375
13.076172,29.608154296875
13.078125,28.60107421875
13.080078,27.79541015625
13.082031,26.788330078125
13.083984,25.982666015625
13.085938,42.498779296875
13.087891,42.095947265625
13.089844,41.89453125
13.091797,42.095947265625
13.09375,42.498779296875
13.095703,43.10302734375
13.097656,43.90869140625
13.099609,44.915771484375
13.101562,43.505859375
13.103516,44.3115234375
13.105469,45.1171875
13.107422,45.721435546875
13.109375,45.9228515625
13.111328,18.5302734375
13.113281,18.328857421875
13.115234,17.724609375
13.117188,17.120361328125
13.119141,16.11328125
13.121094,15.3076171875
13.123047,14.300537109375
13.125,13.494873046875
13.126953,12.689208984375
13.128906,12.0849609375
13.130859,11.883544921875
13.132812,6.04248046875
13.134766,-7.049560546875
13.136719,-6.4453125
13.138672,-5.6396484375
13.140625,-4.632568359375
13.142578,-3.826904296875
13.144531,-2.81982421875
13.146484,-0.604248046875
13.148438,0.0
13.150391,0.40283203125
13.152344,0.604248046875
13.154297,0.40283203125
13.15625,0.0
13.158203,-0.604248046875
13.160156,-1.611328125
13.162109,14.09912109375
13.164062,13.092041015625
13.166016,12.286376953125
13.167969,11.480712890625
13.169922,10.87646484375
13.171875,10.4736328125
13.173828,10.4736328125
13.175781,38.873291015625
13.177734,39.276123046875
13.179688,40.081787109375
13.181641,40.887451171875
13.183594,41.89453125
13.185547,42.901611328125
13.1875,43.707275390625
13.189453,44.3115234375
13.191406,44.915771484375
13.193359,45.1171875
13.195312,45.1171875
13.197266,44.71435546875
13.199219,49.951171875
13.201172,49.1455078125
13.203125,48.138427734375
13.205078,47.13134765625
13.207031,46.32568359375
13.208984,45.52001953125
13.210938,37.46337890625
13.212891,25.177001953125
13.214844,25.177001953125
13.216797,25.177001953125
13.21875,25.579833984375
13.220703,26.385498046875
13.222656,27.191162109375
13.224609,0.0
13.226562,1.007080078125
13.228516,2.01416015625
13.230469,-7.855224609375
13.232422,-7.2509765625
13.234375,-7.049560546875
13.236328,-6.84814453125
13.238281,-7.049560546875
13.240234,-7.65380859375
13.242188,-8.258056640625
13.244141,-9.26513671875
13.246094,-10.272216796875
13.248047,-11.077880859375
13.25,-12.0849609375
13.251953,-12.689208984375
13.253906,-13.29345703125
13.255859,4.0283203125
13.257812,4.0283203125
13.259766,4.43115234375
13.261719,5.035400390625
13.263672,5.841064453125
13.265625,6.646728515625
13.267578,7.65380859375
13.269531,8.660888671875
13.271484,9.466552734375
13.273438,23.968505859375
13.275391,36.65771484375
13.277344,36.859130859375
13.279297,36.65771484375
13.28125,36.2548828125
13.283203,35.650634765625
13.285156,34.844970703125
13.287109,46.929931640625
13.289062,45.9228515625
13.291016,44.915771484375
13.292969,44.110107421875
13.294922,43.707275390625
13.296875,43.304443359375
13.298828,43.304443359375
13.300781,43.505859375
13.302734,43.90869140625
13.304688,44.71435546875
13.306641,33.233642578125
13.308594,34.039306640625
13.310547,35.04638671875
13.3125,36.053466796875
13.314453,36.65771484375
13.316406,37.261962890625
13.318359,37.46337890625
13.320312,10.4736328125
13.322266,10.07080078125
13.324219,9.466552734375
13.326172,8.8623046875
13.328125,7.855224609375
13.330078,6.84814453125
13.332031,6.04248046875
13.333984,5.035400390625
13.335938,-13.092041015625
13.337891,-13.494873046875
13.339844,-13.6962890625
13.341797,-13.494873046875
13.34375,-13.092041015625
13.345703,-12.48779296875
13.347656,-11.68212890625
13.349609,-10.675048828125
13.351562,2.81982421875
13.353516,3.62548828125
13.355469,4.43115234375
13.357422,5.035400390625
13.359375,5.438232421875
13.361328,5.438232421875
13.363281,5.23681640625
13.365234,30.413818359375
13.367188,29.608154296875
13.369141,28.802490234375
13.371094,27.79541015625
13.373047,26.788330078125
13.375,25.982666015625
13.376953,25.177001953125
13.378906,24.774169921875
13.380859,24.57275390625
13.382812,44.512939453125
13.384766,44.915771484375
13.386719,45.52001953125
13.388672,46.32568359375
13.390625,47.13134765625
13.392578,48.138427734375
13.394531,49.1455078125
13.396484,41.290283203125
13.398438,42.095947265625
13.400391,42.498779296875
13.402344,42.498779296875
13.404297,42.498779296875
13.40625,42.095947265625
13.408203,41.290283203125
13.410156,40.484619140625
13.412109,39.678955078125
13.414062,38.671875
13.416016,37.664794921875
13.417969,37.060546875
13.419922,36.456298828125
13.421875,11.883544921875
13.423828,11.883544921875
13.425781,-8.056640625
13.427734,-7.65380859375
13.429688,-6.84814453125
13.431641,-6.04248046875
13.433594,-5.035400390625
13.435547,-4.0283203125
13.4375,-3.22265625
13.439453,-2.4169921875
13.441406,-2.01416015625
13.443359,-1.812744140625
13.445312,-1.611328125
13.447266,-2.01416015625
13.449219,-2.618408203125
13.451172,-3.22265625
13.453125,-4.229736328125
13.455078,-5.23681640625
13.457031,-6.04248046875
13.458984,-7.049560546875
13.460938,-7.65380859375
13.462891,-8.056640625
13.464844,10.87646484375
13.466797,11.077880859375
13.46875,11.480712890625
13.470703,12.0849609375
13.472656,12.890625
13.474609,13.897705078125
13.476562,39.4775390625
13.478516,40.283203125
13.480469,41.0888671875
13.482422,41.693115234375
13.484375,42.095947265625
13.486328,42.095947265625
13.488281,41.89453125
13.490234,41.290283203125
13.492188,51.361083984375
13.494141,50.555419921875
13.496094,49.54833984375
13.498047,48.541259765625
13.5,47.735595703125
13.501953,46.929931640625
13.503906,46.527099609375
13.505859,46.32568359375
13.507812,25.78125
13.509766,25.982666015625
13.511719,26.5869140625
13.513672,27.392578125
13.515625,28.399658203125
13.517578,29.205322265625
13.519531,30.21240234375
13.521484,31.01806640625
13.523438,31.622314453125
13.525391,32.025146484375
13.527344,32.2265625
13.529297,32.025146484375
13.53125,31.622314453125
13.533203,31.01806640625
13.535156,-5.841064453125
13.537109,-6.84814453125
13.539062,-7.855224609375
13.541016,-8.660888671875
13.542969,-9.466552734375
13.544922,-10.07080078125
13.546875,-10.4736328125
13.548828,-10.4736328125
13.550781,-10.272216796875
13.552734,-9.66796875
13.554688,6.243896484375
13.556641,7.049560546875
13.558594,8.056640625
13.560547,9.063720703125
13.5625,9.869384765625
13.564453,10.675048828125
13.566406,11.077880859375
13.568359,11.279296875
13.570312,31.622314453125
13.572266,31.219482421875
13.574219,30.816650390625
13.576172,30.010986328125
13.578125,29.00390625
13.580078,27.996826171875
13.582031,27.191162109375
13.583984,26.385498046875
13.585938,43.90869140625
13.587891,43.505859375
13.589844,43.304443359375
13.591797,43.505859375
13.59375,43.90869140625
13.595703,44.512939453125
13.597656,45.318603515625
13.599609,39.88037109375
13.601562,40.68603515625
13.603516,41.693115234375
13.605469,42.498779296875
13.607422,43.10302734375
13.609375,43.304443359375
13.611328,43.505859375
13.613281,43.10302734375
13.615234,17.32177734375
13.617188,16.717529296875
13.619141,15.71044921875
13.621094,-7.855224609375
13.623047,-8.8623046875
13.625,-9.66796875
13.626953,-10.272216796875
13.628906,-10.87646484375
13.630859,-11.077880859375
13.632812,-11.077880859375
13.634766,-10.675048828125
13.636719,-10.07080078125
13.638672,-9.466552734375
13.640625,-8.45947265625
13.642578,-7.452392578125
13.644531,-6.646728515625
13.646484,-5.6396484375
13.648438,-1.812744140625
13.650391,-1.409912109375
13.652344,-1.20849609375
13.654297,-1.409912109375
13.65625,-1.812744140625
13.658203,-2.4169921875
13.660156,-3.424072265625
13.662109,-4.229736328125
13.664062,20.745849609375
13.666016,19.73876953125
13.667969,18.93310546875
13.669922,18.328857421875
13.671875,18.12744140625
13.673828,18.12744140625
13.675781,18.328857421875
13.677734,40.68603515625
13.679688,41.49169921875
13.681641,42.29736328125
13.683594,43.304443359375
13.685547,44.3115234375
13.6875,45.1171875
13.689453,45.9228515625
13.691406,46.32568359375
13.693359,49.1455078125
13.695312,49.1455078125
13.697266,48.74267578125
13.699219,48.138427734375
13.701172,47.332763671875
13.703125,46.527099609375
13.705078,45.52001953125
13.707031,44.512939453125
13.708984,19.73876953125
13.710938,19.134521484375
13.712891,18.731689453125
13.714844,18.5302734375
13.716797,18.731689453125
13.71875,19.134521484375
13.720703,19.73876953125
13.722656,20.745849609375
13.724609,-4.833984375
13.726562,-3.826904296875
13.728516,-2.81982421875
13.730469,-2.01416015625
13.732422,-1.409912109375
13.734375,-1.20849609375
13.736328,-1.20849609375
13.738281,-1.409912109375
13.740234,-1.812744140625
13.742188,-2.618408203125
13.744141,-3.424072265625
13.746094,-4.43115234375
13.748047,-5.438232421875
13.75,-6.243896484375
13.751953,-7.049560546875
13.753906,5.035400390625
13.755859,4.833984375
13.757812,4.833984375
13.759766,5.23681640625
13.761719,5.841064453125
13.763672,6.646728515625
13.765625,7.452392578125
13.767578,8.45947265625
13.769531,9.466552734375
13.771484,10.272216796875
13.773438,42.498779296875
13.775391,42.901611328125
13.777344,43.10302734375
13.779297,42.901611328125
13.78125,42.498779296875
13.783203,41.89453125
13.785156,41.0888671875
13.787109,40.081787109375
13.789062,39.276123046875
13.791016,47.735595703125
13.792969,46.929931640625
13.794922,46.32568359375
13.796875,45.9228515625
13.798828,45.9228515625
13.800781,46.124267578125
13.802734,46.728515625
13.804688,34.844970703125
13.806641,35.650634765625
13.808594,36.65771484375
13.810547,37.46337890625
13.8125,38.470458984375
13.814453,39.07470703125
13.816406,10.87646484375
13.818359,11.077880859375
13.820312,11.077880859375
13.822266,10.87646484375
13.824219,10.272216796875
13.826172,9.466552734375
13.828125,8.45947265625
13.830078,7.65380859375
13.832031,6.646728515625
13.833984,5.841064453125
13.835938,-12.0849609375
13.837891,-12.48779296875
13.839844,-12.689208984375
13.841797,-12.48779296875
13.84375,-12.0849609375
13.845703,-11.480712890625
13.847656,-10.4736328125
13.849609,-9.66796875
13.851562,-8.660888671875
13.853516,-7.65380859375
13.855469,-7.049560546875
13.857422,-6.4453125
13.859375,-6.04248046875
13.861328,-6.04248046875
13.863281,4.632568359375
13.865234,31.4208984375
13.867188,30.615234375
13.869141,29.8095703125
13.871094,28.802490234375
13.873047,27.79541015625
13.875,26.98974609375
13.876953,26.18408203125
13.878906,25.78125
13.880859,25.579833984375
13.882812,46.728515625
13.884766,46.929931640625
13.886719,47.5341796875
13.888672,48.33984375
13.890625,49.1455078125
13.892578,50.152587890625
13.894531,51.15966796875
13.896484,51.96533203125
13.898438,42.7001953125
13.900391,43.10302734375
13.902344,43.10302734375
13.904297,43.10302734375
13.90625,42.7001953125
13.908203,41.89453125
13.910156,41.0888671875
13.912109,40.081787109375
13.914062,21.35009765625
13.916016,20.54443359375
13.917969,19.73876953125
13.919922,19.134521484375
13.921875,18.731689453125
13.923828,18.731689453125
13.925781,18.93310546875
13.927734,-4.833984375
13.929688,-4.0283203125
13.931641,-3.22265625
13.933594,-2.215576171875
13.935547,-1.20849609375
13.9375,-0.40283203125
13.939453,0.201416015625
13.941406,0.8056640625
13.943359,1.007080078125
13.945312,-4.229736328125
13.947266,-4.632568359375
13.949219,-5.23681640625
13.951172,-6.04248046875
13.953125,-6.84814453125
13.955078,-7.855224609375
13.957031,-8.8623046875
13.958984,-9.66796875
13.960938,-10.272216796875
13.962891,11.077880859375
13.964844,10.87646484375
13.966797,11.077880859375
13.96875,11.480712890625
13.970703,12.0849609375
13.972656,12.890625
13.974609,13.897705078125
13.976562,41.89453125
13.978516,42.901611328125
13.980469,43.707275390625
13.982422,44.110107421875
13.984375,44.512939453125
13.986328,44.512939453125
13.988281,44.3115234375
13.990234,43.90869140625
13.992188,47.735595703125
13.994141,46.929931640625
13.996094,45.9228515625
13.998047,45.1171875
14.0,44.110107421875
14.001953,43.505859375
14.003906,42.901611328125
14.005859,42.7001953125
14.007812,25.982666015625
14.009766,26.385498046875
14.011719,-0.40283203125
14.013672,0.40283203125
14.015625,1.20849609375
14.017578,2.215576171875
14.019531,3.22265625
14.021484,4.0283203125
14.023438,4.632568359375
14.025391,5.035400390625
14.027344,5.23681640625
14.029297,5.035400390625
14.03125,4.632568359375
14.033203,4.0283203125
14.035156,3.22265625
14.037109,2.215576171875
14.039062,1.20849609375
14.041016,0.40283203125
14.042969,-10.675048828125
14.044922,-11.279296875
14.046875,-11.68212890625
14.048828,-11.68212890625
14.050781,-11.480712890625
14.052734,-10.87646484375
14.054688,6.4453125
14.056641,7.2509765625
14.058594,8.258056640625
14.060547,9.063720703125
14.0625,10.07080078125
14.064453,10.675048828125
14.066406,11.279296875
14.068359,11.480712890625
14.070312,11.480712890625
14.072266,11.077880859375
14.074219,10.4736328125
14.076172,9.66796875
14.078125,8.8623046875
14.080078,33.636474609375
14.082031,32.62939453125
14.083984,44.512939453125
14.085938,43.90869140625
14.087891,43.505859375
14.089844,43.304443359375
14.091797,43.505859375
14.09375,43.90869140625
14.095703,44.512939453125
14.097656,45.318603515625
14.099609,46.32568359375
14.101562,47.332763671875
14.103516,41.693115234375
14.105469,42.498779296875
14.107422,42.901611328125
14.109375,43.304443359375
14.111328,43.304443359375
14.113281,43.10302734375
14.115234,42.7001953125
14.117188,17.120361328125
14.119141,16.314697265625
14.121094,15.3076171875
14.123047,14.300537109375
14.125,13.494873046875
14.126953,12.689208984375
14.128906,12.286376953125
14.130859,11.883544921875
14.132812,-8.8623046875
14.134766,-8.45947265625
14.136719,-8.056640625
14.138672,-7.2509765625
14.140625,-6.243896484375
14.142578,-5.23681640625
14.144531,-4.43115234375
14.146484,-3.62548828125
14.148438,0.40283203125
14.150391,0.8056640625
14.152344,1.007080078125
14.154297,0.8056640625
14.15625,0.40283203125
14.158203,-0.201416015625
14.160156,-1.007080078125
14.162109,21.7529296875
14.164062,20.745849609375
14.166016,19.73876953125
14.167969,18.93310546875
14.169922,18.328857421875
14.171875,18.12744140625
14.173828,18.12744140625
14.175781,18.328857421875
14.177734,18.731689453125
14.179688,19.537353515625
14.181641,45.318603515625
14.183594,46.32568359375
14.185547,47.13134765625
14.1875,48.138427734375
14.189453,48.74267578125
14.191406,49.346923828125
14.193359,49.54833984375
14.195312,48.74267578125
14.197266,48.541259765625
14.199219,47.93701171875
14.201172,47.13134765625
14.203125,46.124267578125
14.205078,45.318603515625
14.207031,20.745849609375
14.208984,19.940185546875
14.210938,19.3359375
14.212891,18.731689453125
14.214844,18.731689453125
14.216797,18.731689453125
14.21875,19.3359375
14.220703,19.940185546875
14.222656,20.745849609375
14.224609,21.7529296875
14.226562,-3.826904296875
14.228516,-3.021240234375
14.230469,-2.215576171875
14.232422,-1.611328125
14.234375,-1.20849609375
14.236328,-1.20849609375
14.238281,-1.409912109375
14.240234,-2.01416015625
14.242188,-4.43115234375
14.244141,-5.23681640625
14.246094,-6.243896484375
14.248047,-7.2509765625
14.25,-8.056640625
14.251953,-8.8623046875
14.253906,-9.26513671875
14.255859,-9.466552734375
14.257812,-9.466552734375
14.259766,11.883544921875
14.261719,12.48779296875
14.263672,13.092041015625
14.265625,14.09912109375
14.267578,15.106201171875
14.269531,15.911865234375
14.271484,16.9189453125
14.273438,43.90869140625
14.275391,44.3115234375
14.277344,44.512939453125
14.279297,44.3115234375
14.28125,43.90869140625
14.283203,43.304443359375
14.285156,42.498779296875
14.287109,41.49169921875
14.289062,40.484619140625
14.291016,45.9228515625
14.292969,45.1171875
14.294922,44.512939453125
14.296875,44.110107421875
14.298828,44.110107421875
14.300781,44.3115234375
14.302734,44.915771484375
14.304688,45.52001953125
14.306641,28.60107421875
14.308594,29.608154296875
14.310547,30.413818359375
14.3125,31.4208984375
14.314453,32.025146484375
14.316406,32.62939453125
14.318359,32.830810546875
14.320312,3.826904296875
14.322266,3.424072265625
14.324219,3.021240234375
14.326172,2.215576171875
14.328125,1.20849609375
14.330078,0.201416015625
14.332031,-0.604248046875
14.333984,-1.409912109375
14.335938,-2.215576171875
14.337891,-9.063720703125
14.339844,-9.26513671875
14.341797,-9.063720703125
14.34375,-8.660888671875
14.345703,-8.056640625
14.347656,-7.2509765625
14.349609,-6.243896484375
14.351562,3.021240234375
14.353516,3.826904296875
14.355469,4.632568359375
14.357422,5.23681640625
14.359375,5.6396484375
14.361328,5.6396484375
14.363281,5.438232421875
14.365234,4.833984375
14.367188,4.229736328125
14.369141,35.44921875
14.371094,34.6435546875
14.373047,33.636474609375
14.375,32.62939453125
14.376953,32.025146484375
14.378906,31.4208984375
14.380859,31.219482421875
14.382812,31.219482421875
14.384766,43.90869140625
14.386719,44.512939453125
14.388672,45.318603515625
14.390625,46.32568359375
14.392578,47.13134765625
14.394531,48.138427734375
14.396484,48.944091796875
14.398438,49.54833984375
14.400391,50.152587890625
14.402344,45.52001953125
14.404297,45.318603515625
14.40625,44.915771484375
14.408203,44.3115234375
14.410156,43.505859375
14.412109,42.498779296875
14.414062,41.49169921875
14.416016,12.890625
14.417969,12.286376953125
14.419922,11.68212890625
14.421875,11.279296875
14.423828,11.279296875
14.425781,11.480712890625
14.427734,11.883544921875
14.429688,12.689208984375
14.431641,13.494873046875
14.433594,-6.84814453125
14.435547,-5.841064453125
14.4375,-4.833984375
14.439453,-4.229736328125
14.441406,-3.62548828125
14.443359,-3.424072265625
14.445312,-3.424072265625
14.447266,-0.201416015625
14.449219,-0.604248046875
14.451172,-1.409912109375
14.453125,-2.4169921875
14.455078,-3.424072265625
14.457031,-4.229736328125
14.458984,-5.035400390625
14.460938,18.5302734375
14.462891,18.12744140625
14.464844,17.926025390625
14.466797,18.12744140625
14.46875,18.5302734375
14.470703,19.134521484375
14.472656,19.940185546875
14.474609,20.947265625
14.476562,46.124267578125
14.478516,47.13134765625
14.480469,47.93701171875
14.482422,48.541259765625
14.484375,48.74267578125
14.486328,48.944091796875
14.488281,48.541259765625
14.490234,48.138427734375
14.492188,47.332763671875
14.494141,47.5341796875
14.496094,46.527099609375
14.498047,45.721435546875
14.5,44.71435546875
14.501953,44.110107421875
14.503906,43.505859375
14.505859,43.304443359375
14.507812,43.304443359375
14.509766,43.707275390625
14.511719,44.3115234375
14.513672,45.1171875
14.515625,45.9228515625
14.517578,29.00390625
14.519531,30.010986328125
14.521484,30.816650390625
14.523438,31.4208984375
14.525391,4.229736328125
14.527344,4.43115234375
14.529297,4.229736328125
14.53125,3.826904296875
14.533203,3.22265625
14.535156,2.4169921875
14.537109,1.409912109375
14.539062,-8.45947265625
14.541016,-9.66796875
14.542969,-10.4736328125
14.544922,-10.87646484375
14.546875,-11.279296875
14.548828,-11.279296875
14.550781,-11.077880859375
14.552734,-10.675048828125
14.554688,-9.869384765625
14.556641,5.6396484375
14.558594,6.646728515625
14.560547,7.65380859375
14.5625,8.45947265625
14.564453,9.26513671875
14.566406,9.66796875
14.568359,9.869384765625
14.570312,9.869384765625
14.572266,36.65771484375
14.574219,36.2548828125
14.576172,35.44921875
14.578125,34.442138671875
14.580078,33.43505859375
14.582031,32.62939453125
14.583984,31.82373046875
14.585938,31.01806640625
14.587891,45.318603515625
14.589844,45.1171875
14.591797,45.318603515625
14.59375,45.721435546875
14.595703,46.32568359375
14.597656,32.830810546875
14.599609,33.837890625
14.601562,34.844970703125
14.603516,35.650634765625
14.605469,36.456298828125
14.607422,37.060546875
14.609375,37.46337890625
14.611328,37.46337890625
14.613281,37.261962890625
14.615234,36.65771484375
14.617188,36.053466796875
14.619141,35.04638671875
14.621094,34.039306640625
14.623047,33.233642578125
14.625,32.2265625
14.626953,31.622314453125
14.628906,31.01806640625
14.630859,4.632568359375
14.632812,-7.855224609375
14.634766,-13.494873046875
14.636719,-12.890625
14.638672,-12.0849609375
14.640625,-11.279296875
14.642578,-10.272216796875
14.644531,-9.26513671875
14.646484,-8.45947265625
14.648438,-7.855224609375
14.650391,4.229736328125
14.652344,4.229736328125
14.654297,4.229736328125
14.65625,3.826904296875
14.658203,3.021240234375
14.660156,2.215576171875
14.662109,1.409912109375
14.664062,0.40283203125
14.666016,26.788330078125
14.667969,25.982666015625
14.669922,25.579833984375
14.671875,25.177001953125
14.673828,25.177001953125
14.675781,25.37841796875
14.677734,25.78125
14.679688,26.5869140625
14.681641,45.318603515625
14.683594,46.124267578125
14.685547,47.13134765625
14.6875,48.138427734375
14.689453,48.74267578125
14.691406,49.346923828125
14.693359,49.54833984375
14.695312,49.54833984375
14.697266,49.1455078125
14.699219,41.89453125
14.701172,41.290283203125
14.703125,40.283203125
14.705078,39.276123046875
14.707031,38.470458984375
14.708984,37.664794921875
14.710938,36.859130859375
14.712891,36.456298828125
14.714844,12.0849609375
14.716797,12.0849609375
14.71875,12.48779296875
14.720703,13.29345703125
14.722656,14.09912109375
14.724609,14.90478515625
14.726562,15.911865234375
14.728516,16.9189453125
14.730469,17.724609375
14.732422,18.12744140625
14.734375,18.5302734375
14.736328,18.5302734375
14.738281,-3.22265625
14.740234,-3.826904296875
14.742188,-4.43115234375
14.744141,-5.438232421875
14.746094,-6.243896484375
14.748047,-3.826904296875
14.75,-4.833984375
14.751953,-5.438232421875
14.753906,-6.04248046875
14.755859,-6.243896484375
14.757812,-6.243896484375
14.759766,-5.841064453125
14.761719,11.883544921875
14.763672,12.689208984375
14.765625,13.6962890625
14.767578,14.703369140625
14.769531,15.509033203125
14.771484,16.314697265625
14.773438,17.120361328125
14.775391,17.523193359375
14.777344,44.110107421875
14.779297,43.90869140625
14.78125,43.505859375
14.783203,42.901611328125
14.785156,42.095947265625
14.787109,41.0888671875
14.789062,40.081787109375
14.791016,46.728515625
14.792969,25.78125
14.794922,25.177001953125
14.796875,24.9755859375
14.798828,24.774169921875
14.800781,25.177001953125
14.802734,25.579833984375
14.804688,26.385498046875
14.806641,27.191162109375
14.808594,28.1982421875
14.810547,29.00390625
14.8125,30.010986328125
14.814453,30.615234375
14.816406,31.219482421875
14.818359,31.4208984375
14.820312,31.4208984375
14.822266,31.01806640625
14.824219,5.23681640625
14.826172,4.43115234375
14.828125,3.424072265625
14.830078,2.4169921875
14.832031,1.611328125
14.833984,0.8056640625
14.835938,0.0
14.837891,-0.40283203125
14.839844,-0.40283203125
14.841797,-0.40283203125
14.84375,0.0
14.845703,0.8056640625
14.847656,-9.466552734375
14.849609,-8.660888671875
14.851562,-7.65380859375
14.853516,9.063720703125
14.855469,9.66796875
14.857422,10.272216796875
14.859375,10.675048828125
14.861328,10.675048828125
14.863281,10.4736328125
14.865234,10.07080078125
14.867188,9.26513671875
14.869141,8.45947265625
14.871094,7.452392578125
14.873047,20.343017578125
14.875,31.82373046875
14.876953,31.01806640625
14.878906,30.615234375
14.880859,30.21240234375
14.882812,30.413818359375
14.884766,30.615234375
14.886719,43.10302734375
14.888672,43.90869140625
14.890625,44.71435546875
14.892578,45.721435546875
14.894531,46.728515625
14.896484,47.5341796875
14.898438,48.138427734375
14.900391,38.26904296875
14.902344,38.470458984375
14.904297,38.26904296875
14.90625,37.8662109375
14.908203,37.261962890625
14.910156,36.456298828125
14.912109,35.44921875
14.914062,34.6435546875
14.916016,33.636474609375
14.917969,6.04248046875
14.919922,5.438232421875
14.921875,5.035400390625
14.923828,5.035400390625
14.925781,5.23681640625
14.927734,5.6396484375
14.929688,6.4453125
14.931641,7.2509765625
14.933594,-9.26513671875
14.935547,-8.258056640625
14.9375,-7.452392578125
14.939453,-6.84814453125
14.941406,-6.243896484375
14.943359,-6.04248046875
14.945312,-6.04248046875
14.947266,-6.4453125
14.949219,-7.049560546875
14.951172,-7.65380859375
14.953125,-8.660888671875
14.955078,-9.66796875
14.957031,-10.4736328125
14.958984,-11.480712890625
14.960938,18.5302734375
14.962891,18.12744140625
14.964844,17.926025390625
14.966797,18.12744140625
14.96875,18.5302734375
14.970703,19.134521484375
14.972656,19.940185546875
14.974609,20.947265625
14.976562,21.954345703125
14.978516,22.760009765625
14.980469,48.33984375
14.982422,48.944091796875
14.984375,49.1455078125
14.986328,49.346923828125
14.988281,48.944091796875
14.990234,48.541259765625
14.992188,47.735595703125
14.994141,46.929931640625
14.996094,45.9228515625
14.998047,44.915771484375
15.0,44.110107421875
15.001953,43.505859375
15.003906,42.901611328125
15.005859,42.7001953125
15.007812,42.7001953125
15.009766,43.10302734375
15.011719,43.707275390625
15.013672,20.745849609375
15.015625,21.551513671875
15.017578,22.55859375
15.019531,23.565673828125
15.021484,24.371337890625
15.023438,24.9755859375
15.025391,0.604248046875
15.027344,0.8056640625
15.029297,0.604248046875
15.03125,0.201416015625
15.033203,-0.40283203125
15.035156,-1.409912109375
15.037109,-2.215576171875
15.039062,-3.22265625
15.041016,-4.229736328125
15.042969,-7.855224609375
15.044922,-8.45947265625
15.046875,-8.8623046875
15.048828,-8.8623046875
15.050781,-8.660888671875
15.052734,-8.056640625
15.054688,-7.452392578125
15.056641,-6.4453125
15.058594,-5.6396484375
15.060547,-4.632568359375
15.0625,-3.62548828125
15.064453,-3.021240234375
15.066406,17.523193359375
15.068359,17.724609375
15.070312,17.724609375
15.072266,42.498779296875
15.074219,41.89453125
15.076172,41.0888671875
15.078125,40.283203125
15.080078,39.276123046875
15.082031,38.26904296875
15.083984,37.46337890625
15.085938,36.859130859375
15.087891,36.456298828125
15.089844,46.124267578125
15.091797,46.124267578125
15.09375,46.527099609375
15.095703,47.332763671875
15.097656,48.138427734375
15.099609,48.944091796875
15.101562,49.951171875
15.103516,50.958251953125
15.105469,32.2265625
15.107422,32.62939453125
15.109375,33.0322265625
15.111328,33.0322265625
15.113281,32.830810546875
15.115234,32.427978515625
15.117188,31.622314453125
15.119141,30.816650390625
15.121094,29.8095703125
15.123047,1.611328125
15.125,0.8056640625
15.126953,0.0
15.128906,-0.40283203125
15.130859,-0.604248046875
15.132812,-0.604248046875
15.134766,-0.201416015625
15.136719,-12.286376953125
15.138672,-11.480712890625
15.140625,-10.4736328125
15.142578,-9.66796875
15.144531,-8.660888671875
15.146484,-7.855224609375
15.148438,-7.2509765625
15.150391,-6.84814453125
15.152344,-6.646728515625
15.154297,-6.84814453125
15.15625,-7.2509765625
15.158203,3.424072265625
15.160156,2.618408203125
15.162109,1.812744140625
15.164062,0.8056640625
15.166016,-0.201416015625
15.167969,-1.007080078125
15.169922,-1.409912109375
15.171875,-1.812744140625
15.173828,24.774169921875
15.175781,24.9755859375
15.177734,25.579833984375
15.179688,26.18408203125
15.181641,26.98974609375
15.183594,44.71435546875
15.185547,45.721435546875
15.1875,46.527099609375
15.189453,47.332763671875
15.191406,47.735595703125
15.193359,47.93701171875
15.195312,47.93701171875
15.197266,47.5341796875
15.199219,47.13134765625
15.201172,46.32568359375
15.203125,40.283203125
15.205078,39.276123046875
15.207031,38.470458984375
15.208984,37.46337890625
15.210938,36.859130859375
15.212891,36.456298828125
15.214844,36.2548828125
15.216797,11.480712890625
15.21875,11.883544921875
15.220703,12.48779296875
15.222656,13.29345703125
15.224609,14.300537109375
15.226562,15.106201171875
15.228516,16.11328125
15.230469,-2.215576171875
15.232422,-1.611328125
15.234375,-1.409912109375
15.236328,-1.409912109375
15.238281,-1.611328125
15.240234,-2.01416015625
15.242188,-2.81982421875
15.244141,-3.62548828125
15.246094,-4.229736328125
15.248047,-5.23681640625
15.25,-6.04248046875
15.251953,-6.84814453125
15.253906,-7.2509765625
15.255859,-7.452392578125
15.257812,-7.452392578125
15.259766,-7.2509765625
15.261719,-6.646728515625
15.263672,-5.841064453125
15.265625,-4.833984375
15.267578,-3.826904296875
15.269531,-3.021240234375
15.271484,-2.215576171875
15.273438,24.169921875
15.275391,24.57275390625
15.277344,39.4775390625
15.279297,47.735595703125
15.28125,47.332763671875
15.283203,46.527099609375
15.285156,45.721435546875
15.287109,44.71435546875
15.289062,43.90869140625
15.291016,42.901611328125
15.292969,42.095947265625
15.294922,41.89453125
15.296875,41.49169921875
15.298828,41.49169921875
15.300781,41.693115234375
15.302734,42.095947265625
15.304688,42.901611328125
15.306641,43.707275390625
15.308594,21.954345703125
15.310547,22.96142578125
15.3125,23.76708984375
15.314453,24.57275390625
15.316406,24.9755859375
15.318359,25.177001953125
15.320312,25.177001953125
15.322266,24.9755859375
15.324219,24.371337890625
15.326172,-2.81982421875
15.328125,-3.826904296875
15.330078,-4.833984375
15.332031,-5.6396484375
15.333984,-6.646728515625
15.335938,-7.2509765625
15.337891,-7.65380859375
15.339844,-7.855224609375
15.341797,-12.890625
15.34375,-12.48779296875
15.345703,-11.883544921875
15.347656,-11.077880859375
15.349609,-10.07080078125
15.351562,-9.063720703125
15.353516,-8.258056640625
15.355469,-7.452392578125
15.357422,10.4736328125
15.359375,10.675048828125
15.361328,10.675048828125
15.363281,10.4736328125
15.365234,10.07080078125
15.367188,9.26513671875
15.369141,8.45947265625
15.371094,7.452392578125
15.373047,33.0322265625
15.375,32.2265625
15.376953,31.622314453125
15.378906,43.707275390625
15.380859,43.505859375
15.382812,43.505859375
15.384766,43.90869140625
15.386719,44.3115234375
15.388672,45.1171875
15.390625,46.124267578125
15.392578,47.13134765625
15.394531,47.93701171875
15.396484,48.74267578125
15.398438,49.54833984375
15.400391,49.951171875
15.402344,49.951171875
15.404297,37.46337890625
15.40625,37.060546875
15.408203,36.456298828125
15.410156,35.650634765625
15.412109,34.6435546875
15.414062,33.837890625
15.416016,32.830810546875
15.417969,32.025146484375
15.419922,5.23681640625
15.421875,4.833984375
15.423828,4.833984375
15.425781,5.035400390625
15.427734,5.438232421875
15.429688,6.243896484375
15.431641,7.049560546875
15.433594,8.056640625
15.435547,-5.035400390625
15.4375,-6.04248046875
15.439453,-5.23681640625
15.441406,-4.632568359375
15.443359,-4.43115234375
15.445312,-4.632568359375
15.447266,-4.833984375
15.449219,-5.438232421875
15.451172,2.81982421875
15.453125,2.01416015625
15.455078,1.007080078125
15.457031,0.0
15.458984,-0.8056640625
15.460938,-1.409912109375
15.462891,-1.812744140625
15.464844,-2.01416015625
15.466797,24.9755859375
15.46875,25.37841796875
15.470703,25.982666015625
15.472656,26.98974609375
15.474609,27.79541015625
15.476562,28.802490234375
15.478516,29.8095703125
15.480469,30.413818359375
15.482422,31.01806640625
15.484375,31.4208984375
15.486328,31.4208984375
15.488281,31.219482421875
15.490234,30.615234375
15.492188,30.010986328125
15.494141,48.541259765625
15.496094,39.678955078125
15.498047,38.671875
15.5,37.664794921875
15.501953,37.060546875
15.503906,36.456298828125
15.505859,36.2548828125
15.507812,36.2548828125
15.509766,36.65771484375
15.511719,37.261962890625
15.513672,38.067626953125
15.515625,13.897705078125
15.517578,14.90478515625
15.519531,15.71044921875
15.521484,16.51611328125
15.523438,17.32177734375
15.525391,17.724609375
15.527344,17.724609375
15.529297,-4.632568359375
15.53125,-5.035400390625
15.533203,-5.6396484375
15.535156,-6.4453125
15.537109,-7.452392578125
15.539062,-8.45947265625
15.541016,-9.26513671875
15.542969,-10.07080078125
15.544922,-10.675048828125
15.546875,-7.65380859375
15.548828,-7.65380859375
15.550781,-7.452392578125
15.552734,-6.84814453125
15.554688,-6.243896484375
15.556641,-5.23681640625
15.558594,-4.43115234375
15.560547,-3.424072265625
15.5625,16.11328125
15.564453,16.717529296875
15.566406,17.32177734375
15.568359,17.523193359375
15.570312,17.523193359375
15.572266,17.120361328125
15.574219,44.110107421875
15.576172,43.304443359375
15.578125,42.498779296875
15.580078,41.49169921875
15.582031,40.484619140625
15.583984,39.678955078125
15.585938,39.07470703125
15.587891,38.671875
15.589844,38.470458984375
15.591797,38.671875
15.59375,39.07470703125
15.595703,39.678955078125
15.597656,40.484619140625
15.599609,41.49169921875
15.601562,42.498779296875
15.603516,48.74267578125
15.605469,30.615234375
15.607422,31.219482421875
15.609375,31.4208984375
15.611328,31.622314453125
15.613281,31.219482421875
15.615234,30.816650390625
15.617188,30.010986328125
15.619141,29.205322265625
15.621094,28.1982421875
15.623047,0.0
15.625,-1.007080078125
15.626953,-1.611328125
15.628906,-2.215576171875
15.630859,-2.4169921875
15.632812,-2.4169921875
15.634766,-2.01416015625
15.636719,-1.409912109375
15.638672,-7.452392578125
15.640625,-6.646728515625
15.642578,-5.6396484375
15.644531,-4.632568359375
15.646484,-3.826904296875
15.648438,-3.22265625
15.650391,-2.81982421875
15.652344,-2.618408203125
15.654297,-2.81982421875
15.65625,9.66796875
15.658203,9.063720703125
15.660156,8.258056640625
15.662109,7.2509765625
15.664062,6.243896484375
15.666016,5.438232421875
15.667969,4.632568359375
15.669922,4.0283203125
15.671875,31.82373046875
15.673828,31.82373046875
15.675781,32.025146484375
15.677734,32.62939453125
15.679688,33.233642578125
15.681641,34.039306640625
15.683594,35.04638671875
15.685547,51.15966796875
15.6875,51.96533203125
15.689453,52.77099609375
15.691406,53.173828125
15.693359,53.57666015625
15.695312,53.375244140625
15.697266,53.173828125
15.699219,52.569580078125
15.701172,51.763916015625
15.703125,50.958251953125
15.705078,33.636474609375
15.707031,32.62939453125
15.708984,31.82373046875
15.710938,31.219482421875
15.712891,30.816650390625
15.714844,30.615234375
15.716797,30.816650390625
15.71875,4.43115234375
15.720703,5.035400390625
15.722656,6.04248046875
15.724609,6.84814453125
15.726562,7.855224609375
15.728516,8.8623046875
15.730469,9.466552734375
15.732422,10.07080078125
15.734375,-6.4453125
15.736328,-6.243896484375
15.738281,-6.646728515625
15.740234,-7.049560546875
15.742188,-7.855224609375
15.744141,-8.660888671875
15.746094,-9.66796875
15.748047,-4.833984375
15.75,-5.6396484375
15.751953,-6.4453125
15.753906,-6.84814453125
15.755859,-7.049560546875
15.757812,-7.049560546875
15.759766,-6.646728515625
15.761719,-6.243896484375
15.763672,19.73876953125
15.765625,20.745849609375
15.767578,21.7529296875
15.769531,44.915771484375
15.771484,45.721435546875
15.773438,46.32568359375
15.775391,46.728515625
15.777344,46.929931640625
15.779297,46.728515625
15.78125,46.32568359375
15.783203,45.721435546875
15.785156,44.915771484375
15.787109,43.90869140625
15.789062,42.901611328125
15.791016,42.095947265625
15.792969,41.290283203125
15.794922,40.68603515625
15.796875,40.283203125
15.798828,40.283203125
15.800781,40.484619140625
15.802734,41.0888671875
15.804688,41.693115234375
15.806641,42.498779296875
15.808594,43.505859375
15.810547,44.512939453125
15.8125,45.318603515625
15.814453,46.124267578125
15.816406,46.527099609375
15.818359,46.929931640625
15.820312,46.728515625
15.822266,25.177001953125
15.824219,24.57275390625
15.826172,23.76708984375
15.828125,-3.424072265625
15.830078,-4.43115234375
15.832031,-5.438232421875
15.833984,-6.243896484375
15.835938,-6.84814453125
15.837891,-7.2509765625
15.839844,-7.452392578125
15.841797,-8.660888671875
15.84375,-8.258056640625
15.845703,-7.452392578125
15.847656,-6.646728515625
15.849609,-5.841064453125
15.851562,-4.833984375
15.853516,-3.826904296875
15.855469,-3.021240234375
15.857422,17.120361328125
15.859375,17.523193359375
15.861328,17.523193359375
15.863281,17.32177734375
15.865234,16.9189453125
15.867188,16.11328125
15.869141,15.3076171875
15.871094,14.300537109375
15.873047,39.88037109375
15.875,39.07470703125
15.876953,38.26904296875
15.878906,37.8662109375
15.880859,37.46337890625
15.882812,37.664794921875
15.884766,37.8662109375
15.886719,38.470458984375
15.888672,46.527099609375
15.890625,47.5341796875
15.892578,48.541259765625
15.894531,49.346923828125
15.896484,50.152587890625
15.898438,50.958251953125
15.900391,51.361083984375
15.902344,51.361083984375
15.904297,51.361083984375
15.90625,39.678955078125
15.908203,38.873291015625
15.910156,38.067626953125
15.912109,37.261962890625
15.914062,36.2548828125
15.916016,35.247802734375
15.917969,34.442138671875
15.919922,33.837890625
15.921875,33.636474609375
15.923828,33.636474609375
15.925781,5.841064453125
15.927734,6.243896484375
15.929688,7.049560546875
15.931641,7.855224609375
15.933594,-5.841064453125
15.935547,-5.035400390625
15.9375,-4.0283203125
15.939453,-3.424072265625
15.941406,-2.81982421875
15.943359,-2.618408203125
15.945312,-2.618408203125
15.947266,-3.021240234375
15.949219,-3.62548828125
15.951172,-4.43115234375
15.953125,-3.22265625
15.955078,2.618408203125
15.957031,1.611328125
15.958984,0.8056640625
15.960938,0.201416015625
15.962891,-0.201416015625
15.964844,24.774169921875
15.966797,24.774169921875
15.96875,25.177001953125
15.970703,25.982666015625
15.972656,26.788330078125
15.974609,27.593994140625
15.976562,28.60107421875
15.978516,29.608154296875
15.980469,30.413818359375
15.982422,31.01806640625
15.984375,52.569580078125
15.986328,52.77099609375
15.988281,52.569580078125
15.990234,51.96533203125
15.992188,51.15966796875
15.994141,50.35400390625
15.996094,49.346923828125
15.998047,38.067626953125
16.0,37.060546875
16.001953,36.456298828125
16.003906,35.85205078125
16.005859,35.650634765625
16.007812,35.650634765625
16.009766,36.053466796875
16.011719,36.65771484375
16.013672,37.46337890625
16.015625,21.35009765625
16.017578,15.509033203125
16.019531,16.51611328125
16.021484,17.32177734375
16.023438,17.926025390625
16.025391,18.328857421875
16.027344,18.5302734375
16.029297,18.328857421875
16.03125,17.926025390625
16.033203,17.32177734375
16.035156,16.51611328125
16.037109,15.509033203125
16.039062,14.501953125
16.041016,-6.4453125
16.042969,-10.07080078125
16.044922,-10.675048828125
16.046875,-10.87646484375
16.048828,-11.077880859375
16.050781,-10.675048828125
16.052734,-10.272216796875
16.054688,-9.466552734375
16.056641,-8.660888671875
16.058594,-7.65380859375
16.060547,15.106201171875
16.0625,15.911865234375
16.064453,16.717529296875
16.066406,17.120361328125
16.068359,17.32177734375
16.070312,17.32177734375
16.072266,16.9189453125
16.074219,16.51611328125
16.076172,40.887451171875
16.078125,39.88037109375
16.080078,38.873291015625
16.082031,38.067626953125
16.083984,37.261962890625
16.085938,36.456298828125
16.087891,36.053466796875
16.089844,36.053466796875
16.091797,46.728515625
16.09375,47.13134765625
16.095703,47.93701171875
16.097656,48.74267578125
16.099609,49.54833984375
16.101562,50.555419921875
16.103516,51.5625
16.105469,52.166748046875
16.107422,32.2265625
16.109375,32.427978515625
16.111328,32.427978515625
16.113281,32.2265625
16.115234,31.82373046875
16.117188,31.01806640625
16.119141,30.21240234375
16.121094,29.205322265625
16.123047,1.20849609375
16.125,0.40283203125
16.126953,-0.201416015625
16.128906,-0.8056640625
16.130859,-1.007080078125
16.132812,-1.007080078125
16.134766,-0.604248046875
16.136719,0.0
16.138672,0.604248046875
16.140625,1.611328125
16.142578,2.618408203125
16.144531,3.424072265625
16.146484,4.43115234375
16.148438,-5.841064453125
16.150391,-5.438232421875
16.152344,12.0849609375
16.154297,11.883544921875
16.15625,11.480712890625
16.158203,10.87646484375
16.160156,36.65771484375
16.162109,35.650634765625
16.164062,34.844970703125
16.166016,33.837890625
16.167969,33.0322265625
16.169922,32.427978515625
16.171875,32.2265625
16.173828,32.025146484375
16.175781,32.427978515625
16.177734,32.830810546875
16.179688,33.636474609375
16.181641,34.442138671875
16.183594,35.44921875
16.185547,36.456298828125
16.1875,37.261962890625
16.189453,52.972412109375
16.191406,53.375244140625
16.193359,53.57666015625
16.195312,53.57666015625
16.197266,53.173828125
16.199219,52.569580078125
16.201172,51.96533203125
16.203125,40.887451171875
16.205078,40.081787109375
16.207031,39.07470703125
16.208984,38.26904296875
16.210938,37.46337890625
16.212891,37.060546875
16.214844,37.060546875
16.216797,5.23681640625
16.21875,5.6396484375
16.220703,6.243896484375
16.222656,7.049560546875
16.224609,8.056640625
16.226562,8.8623046875
16.228516,9.869384765625
16.230469,10.675048828125
16.232422,11.279296875
16.234375,-5.438232421875
16.236328,-5.438232421875
16.238281,-5.6396484375
16.240234,-6.243896484375
16.242188,-6.84814453125
16.244141,-7.65380859375
16.246094,-8.660888671875
16.248047,-9.66796875
16.25,-10.4736328125
16.251953,-11.279296875
16.253906,-11.68212890625
16.255859,-12.0849609375
16.257812,-11.883544921875
16.259766,-11.68212890625
16.261719,1.007080078125
16.263672,1.611328125
16.265625,2.618408203125
16.267578,21.551513671875
16.269531,22.55859375
16.271484,23.3642578125
16.273438,23.968505859375
16.275391,24.371337890625
16.277344,24.57275390625
16.279297,24.371337890625
16.28125,44.915771484375
16.283203,44.110107421875
16.285156,43.304443359375
16.287109,42.498779296875
16.289062,41.49169921875
16.291016,40.484619140625
16.292969,39.678955078125
16.294922,39.07470703125
16.296875,43.505859375
16.298828,43.505859375
16.300781,43.707275390625
16.302734,44.3115234375
16.304688,44.915771484375
16.306641,45.9228515625
16.308594,46.728515625
16.310547,23.162841796875
16.3125,23.968505859375
16.314453,24.774169921875
16.316406,25.177001953125
16.318359,25.37841796875
16.320312,25.37841796875
16.322266,24.9755859375
16.324219,24.371337890625
16.326172,23.76708984375
16.328125,-2.215576171875
16.330078,-3.22265625
16.332031,-4.0283203125
16.333984,-5.035400390625
16.335938,-5.6396484375
16.337891,-6.04248046875
16.339844,-6.243896484375
16.341797,-6.04248046875
16.34375,-5.6396484375
16.345703,-9.26513671875
16.347656,-6.4453125
16.349609,-5.438232421875
16.351562,-4.632568359375
16.353516,-3.62548828125
16.355469,-2.81982421875
16.357422,2.81982421875
16.359375,17.32177734375
16.361328,17.523193359375
16.363281,17.120361328125
16.365234,16.717529296875
16.367188,15.911865234375
16.369141,15.106201171875
16.371094,14.09912109375
16.373047,13.29345703125
16.375,39.88037109375
16.376953,39.07470703125
16.378906,38.671875
16.380859,38.470458984375
16.382812,38.470458984375
16.384766,38.873291015625
16.386719,39.4775390625
16.388672,40.081787109375
16.390625,48.541259765625
16.392578,49.54833984375
16.394531,50.555419921875
16.396484,51.361083984375
16.398438,51.96533203125
16.400391,52.3681640625
16.402344,52.569580078125
16.404297,39.4775390625
16.40625,39.07470703125
16.408203,38.470458984375
16.410156,37.664794921875
16.412109,36.65771484375
16.414062,35.650634765625
16.416016,34.844970703125
16.417969,34.039306640625
16.419922,33.43505859375
16.421875,4.43115234375
16.423828,4.229736328125
16.425781,4.632568359375
16.427734,5.035400390625
16.429688,5.841064453125
16.431641,6.646728515625
16.433594,7.65380859375
16.435547,8.45947265625
16.4375,-6.646728515625
16.439453,-6.04248046875
16.441406,-5.438232421875
16.443359,-5.23681640625
16.445312,-5.23681640625
16.447266,-5.6396484375
16.449219,-6.243896484375
16.451172,1.812744140625
16.453125,1.007080078125
16.455078,0.0
16.457031,-1.007080078125
16.458984,-1.812744140625
16.460938,-2.4169921875
16.462891,-2.81982421875
16.464844,-3.021240234375
16.466797,-2.81982421875
16.46875,25.78125
16.470703,26.385498046875
16.472656,27.191162109375
16.474609,28.1982421875
16.476562,29.205322265625
16.478516,30.010986328125
16.480469,30.816650390625
16.482422,31.4208984375
16.484375,46.929931640625
16.486328,46.929931640625
16.488281,46.728515625
16.490234,46.124267578125
16.492188,45.52001953125
16.494141,44.512939453125
16.496094,45.318603515625
16.498047,44.3115234375
16.5,43.505859375
16.501953,42.7001953125
16.503906,42.29736328125
16.505859,41.89453125
16.507812,42.095947265625
16.509766,42.29736328125
16.511719,19.537353515625
16.513672,20.343017578125
16.515625,21.148681640625
16.517578,22.15576171875
16.519531,23.162841796875
16.521484,23.968505859375
16.523438,24.57275390625
16.525391,24.9755859375
16.527344,25.177001953125
16.529297,4.833984375
16.53125,0.40283203125
16.533203,-0.201416015625
16.535156,-1.007080078125
16.537109,-2.01416015625
16.539062,-2.81982421875
16.541016,-3.826904296875
16.542969,-8.8623046875
16.544922,-9.466552734375
16.546875,-9.869384765625
16.548828,-9.869384765625
16.550781,11.077880859375
16.552734,11.68212890625
16.554688,12.286376953125
16.556641,13.29345703125
16.558594,14.09912109375
16.560547,15.106201171875
16.5625,15.911865234375
16.564453,16.717529296875
16.566406,17.120361328125
16.568359,17.523193359375
16.570312,17.32177734375
16.572266,17.120361328125
16.574219,16.51611328125
16.576172,15.71044921875
16.578125,14.703369140625
16.580078,13.897705078125
16.582031,12.890625
16.583984,12.0849609375
16.585938,45.318603515625
16.587891,44.915771484375
16.589844,44.71435546875
16.591797,44.915771484375
16.59375,45.318603515625
16.595703,45.9228515625
16.597656,46.728515625
16.599609,47.735595703125
16.601562,48.74267578125
16.603516,49.54833984375
16.605469,38.671875
16.607422,39.276123046875
16.609375,39.678955078125
16.611328,39.678955078125
16.613281,39.4775390625
16.615234,38.873291015625
16.617188,38.26904296875
16.619141,37.261962890625
16.621094,8.660888671875
16.623047,7.65380859375
16.625,6.84814453125
16.626953,6.04248046875
16.628906,5.6396484375
16.630859,5.23681640625
16.632812,5.438232421875
16.634766,-13.494873046875
16.636719,-12.890625
16.638672,-12.0849609375
16.640625,-11.077880859375
16.642578,-10.272216796875
16.644531,-9.26513671875
16.646484,-8.45947265625
16.648438,-7.855224609375
16.650391,-7.2509765625
16.652344,3.62548828125
16.654297,3.424072265625
16.65625,3.021240234375
16.658203,2.4169921875
16.660156,1.611328125
16.662109,0.604248046875
16.664062,-0.40283203125
16.666016,-1.20849609375
16.667969,25.37841796875
16.669922,24.774169921875
16.671875,24.371337890625
16.673828,24.371337890625
16.675781,24.57275390625
16.677734,25.177001953125
16.679688,25.78125
16.681641,26.788330078125
16.683594,27.593994140625
16.685547,50.35400390625
16.6875,51.15966796875
16.689453,51.96533203125
16.691406,52.3681640625
16.693359,52.77099609375
16.695312,52.569580078125
16.697266,52.3681640625
16.699219,51.763916015625
16.701172,50.958251953125
16.703125,49.951171875
16.705078,41.89453125
16.707031,40.887451171875
16.708984,40.081787109375
16.710938,39.4775390625
16.712891,18.93310546875
16.714844,11.077880859375
16.716797,11.279296875
16.71875,11.68212890625
16.720703,12.286376953125
16.722656,13.29345703125
16.724609,14.09912109375
16.726562,15.106201171875
16.728516,16.11328125
16.730469,-5.841064453125
16.732422,-5.23681640625
16.734375,-5.035400390625
16.736328,-5.035400390625
16.738281,-5.23681640625
16.740234,-5.6396484375
16.742188,-6.4453125
16.744141,-7.2509765625
16.746094,-1.20849609375
16.748047,-2.215576171875
16.75,-3.021240234375
16.751953,-3.826904296875
16.753906,-4.229736328125
16.755859,-4.43115234375
16.757812,-4.43115234375
16.759766,-4.229736328125
16.761719,-3.62548828125
16.763672,19.940185546875
16.765625,20.745849609375
16.767578,21.7529296875
16.769531,22.760009765625
16.771484,23.565673828125
16.773438,24.169921875
16.775391,24.57275390625
16.777344,48.33984375
16.779297,48.138427734375
16.78125,47.735595703125
16.783203,47.13134765625
16.785156,46.124267578125
16.787109,45.318603515625
16.789062,44.3115234375
16.791016,43.304443359375
16.792969,42.7001953125
16.794922,42.095947265625
16.796875,40.283203125
16.798828,40.283203125
16.800781,40.484619140625
16.802734,41.0888671875
16.804688,41.693115234375
16.806641,42.498779296875
16.808594,43.505859375
16.810547,44.512939453125
16.8125,45.318603515625
16.814453,24.57275390625
16.816406,24.9755859375
16.818359,25.177001953125
16.820312,25.177001953125
16.822266,24.9755859375
16.824219,24.371337890625
16.826172,-1.409912109375
16.828125,-2.4169921875
16.830078,-3.424072265625
16.832031,-4.229736328125
16.833984,-5.035400390625
16.835938,-5.841064453125
16.837891,-6.243896484375
16.839844,-6.243896484375
16.841797,-10.4736328125
16.84375,-10.07080078125
16.845703,-9.466552734375
16.847656,-8.660888671875
16.849609,-7.65380859375
16.851562,-6.646728515625
16.853516,-5.841064453125
16.855469,-5.035400390625
16.857422,17.523193359375
16.859375,17.926025390625
16.861328,17.926025390625
16.863281,17.724609375
16.865234,17.32177734375
16.867188,16.51611328125
16.869141,15.71044921875
16.871094,14.703369140625
16.873047,34.844970703125
16.875,34.039306640625
16.876953,33.233642578125
16.878906,32.830810546875
16.880859,32.427978515625
16.882812,32.62939453125
16.884766,32.830810546875
16.886719,33.43505859375
16.888672,44.110107421875
16.890625,44.915771484375
16.892578,45.9228515625
16.894531,46.929931640625
16.896484,47.735595703125
16.898438,48.33984375
16.900391,48.74267578125
16.902344,48.944091796875
16.904297,48.74267578125
16.90625,48.33984375
16.908203,47.735595703125
16.910156,46.929931640625
16.912109,36.053466796875
16.914062,35.247802734375
16.916016,34.24072265625
16.917969,7.049560546875
16.919922,6.4453125
16.921875,6.04248046875
16.923828,6.04248046875
16.925781,6.243896484375
16.927734,6.84814453125
16.929688,7.452392578125
16.931641,8.45947265625
16.933594,9.26513671875
16.935547,-8.056640625
16.9375,-7.2509765625
16.939453,-6.4453125
16.941406,3.22265625
16.943359,3.424072265625
16.945312,3.22265625
16.947266,3.021240234375
16.949219,2.4169921875
16.951172,1.611328125
16.953125,0.8056640625
16.955078,-0.201416015625
16.957031,-1.20849609375
16.958984,-2.01416015625
16.960938,-2.618408203125
16.962891,-3.021240234375
16.964844,-3.22265625
16.966797,-3.021240234375
16.96875,-2.618408203125
16.970703,26.98974609375
16.972656,27.79541015625
16.974609,28.802490234375
16.976562,29.8095703125
16.978516,30.615234375
16.980469,31.4208984375
16.982422,52.569580078125
16.984375,52.972412109375
16.986328,52.972412109375
16.988281,52.77099609375
16.990234,52.3681640625
16.992188,51.5625
16.994141,50.7568359375
16.996094,49.749755859375
16.998047,40.484619140625
17.0,39.678955078125
17.001953,38.873291015625
17.003906,38.470458984375
17.005859,38.26904296875
17.007812,38.26904296875
17.009766,38.470458984375
17.011719,39.07470703125
17.013672,39.88037109375
17.015625,40.887451171875
17.017578,41.693115234375
17.019531,42.7001953125
17.021484,43.505859375
17.023438,17.926025390625
17.025391,18.5302734375
17.027344,18.5302734375
17.029297,-0.604248046875
17.03125,-1.007080078125
17.033203,-1.611328125
17.035156,-2.4169921875
17.037109,-3.424072265625
17.039062,-4.43115234375
17.041016,-5.23681640625
17.042969,-6.04248046875
17.044922,-6.646728515625
17.046875,-5.035400390625
17.048828,-5.035400390625
17.050781,-4.833984375
17.052734,-4.43115234375
17.054688,-3.62548828125
17.056641,-2.81982421875
17.058594,-1.812744140625
17.060547,-0.8056640625
17.0625,23.162841796875
17.064453,23.968505859375
17.066406,24.371337890625
17.068359,24.57275390625
17.070312,24.57275390625
17.072266,24.371337890625
17.074219,23.76708984375
17.076172,22.96142578125
17.078125,42.498779296875
17.080078,45.721435546875
17.082031,44.915771484375
17.083984,43.90869140625
17.085938,43.304443359375
17.087891,42.901611328125
17.089844,42.7001953125
17.091797,42.901611328125
17.09375,43.505859375
17.095703,44.110107421875
17.097656,44.915771484375
17.099609,45.9228515625
17.101562,46.728515625
17.103516,47.735595703125
17.105469,48.541259765625
17.107422,49.1455078125
17.109375,32.427978515625
17.111328,32.427978515625
17.113281,32.2265625
17.115234,31.82373046875
17.117188,31.01806640625
17.119141,30.21240234375
17.121094,29.205322265625
17.123047,28.1982421875
17.125,27.392578125
17.126953,26.5869140625
17.128906,-2.4169921875
17.130859,-2.618408203125
17.132812,-2.618408203125
17.134766,-2.215576171875
17.136719,-7.65380859375
17.138672,-6.84814453125
17.140625,-6.04248046875
17.142578,-5.035400390625
17.144531,-4.0283203125
17.146484,-3.22265625
17.148438,-2.618408203125
17.150391,-2.215576171875
17.152344,-2.01416015625
17.154297,-2.215576171875
17.15625,-2.618408203125
17.158203,10.07080078125
17.160156,9.26513671875
17.162109,8.258056640625
17.164062,7.452392578125
17.166016,6.4453125
17.167969,5.6396484375
17.169922,5.035400390625
17.171875,31.219482421875
17.173828,31.219482421875
17.175781,31.4208984375
17.177734,32.025146484375
17.179688,32.62939453125
17.181641,33.636474609375
17.183594,34.442138671875
17.185547,35.44921875
17.1875,36.2548828125
17.189453,48.541259765625
17.191406,48.944091796875
17.193359,49.1455078125
17.195312,49.1455078125
17.197266,48.74267578125
17.199219,48.138427734375
17.201172,47.5341796875
17.203125,35.247802734375
17.205078,34.24072265625
17.207031,33.233642578125
17.208984,32.427978515625
17.210938,31.82373046875
17.212891,31.4208984375
17.214844,31.219482421875
17.216797,31.4208984375
17.21875,5.035400390625
17.220703,5.6396484375
17.222656,6.4453125
17.224609,7.452392578125
17.226562,8.45947265625
17.228516,9.26513671875
17.230469,10.07080078125
17.232422,10.675048828125
17.234375,11.077880859375
17.236328,11.077880859375
17.238281,10.87646484375
17.240234,-4.632568359375
17.242188,-5.23681640625
17.244141,-6.243896484375
17.246094,-7.049560546875
17.248047,-8.056640625
17.25,-8.8623046875
17.251953,-2.4169921875
17.253906,-2.81982421875
17.255859,-3.021240234375
17.257812,-3.021240234375
17.259766,-2.618408203125
17.261719,-2.215576171875
17.263672,-1.409912109375
17.265625,27.79541015625
17.267578,28.802490234375
17.269531,29.8095703125
17.271484,30.615234375
17.273438,31.219482421875
17.275391,31.622314453125
17.277344,31.82373046875
17.279297,31.622314453125
17.28125,49.346923828125
17.283203,48.74267578125
17.285156,47.93701171875
17.287109,46.929931640625
17.289062,45.9228515625
17.291016,45.1171875
17.292969,44.3115234375
17.294922,43.707275390625
17.296875,43.707275390625
17.298828,43.707275390625
17.300781,43.90869140625
17.302734,44.3115234375
17.304688,45.1171875
17.306641,45.9228515625
17.308594,46.929931640625
17.310547,47.93701171875
17.3125,23.76708984375
17.314453,24.371337890625
17.316406,24.9755859375
17.318359,25.177001953125
17.320312,25.177001953125
17.322266,24.774169921875
17.324219,24.169921875
17.326172,23.3642578125
17.328125,22.55859375
17.330078,-1.007080078125
17.332031,-9.063720703125
17.333984,-9.869384765625
17.335938,-10.675048828125
17.337891,-11.077880859375
17.339844,-11.077880859375
17.341797,-11.077880859375
17.34375,-10.675048828125
17.345703,-9.869384765625
17.347656,-9.063720703125
17.349609,-8.258056640625
17.351562,-7.2509765625
17.353516,-6.243896484375
17.355469,-5.6396484375
17.357422,-5.035400390625
17.359375,-4.632568359375
17.361328,17.120361328125
17.363281,16.717529296875
17.365234,16.314697265625
17.367188,15.509033203125
17.369141,14.703369140625
17.371094,13.6962890625
17.373047,12.890625
17.375,37.46337890625
17.376953,36.65771484375
17.378906,36.2548828125
17.380859,36.053466796875
17.382812,36.053466796875
17.384766,36.456298828125
17.386719,36.859130859375
17.388672,37.664794921875
17.390625,38.671875
17.392578,48.138427734375
17.394531,49.1455078125
17.396484,49.951171875
17.398438,50.555419921875
17.400391,51.15966796875
17.402344,51.15966796875
17.404297,51.15966796875
17.40625,32.025146484375
17.408203,31.219482421875
17.410156,30.413818359375
17.412109,29.608154296875
17.414062,28.60107421875
17.416016,27.593994140625
17.417969,26.788330078125
17.419922,26.385498046875
17.421875,0.40283203125
17.423828,0.40283203125
17.425781,0.604248046875
17.427734,1.007080078125
17.429688,1.812744140625
17.431641,2.618408203125
17.433594,3.62548828125
17.435547,4.632568359375
17.4375,5.438232421875
17.439453,6.04248046875
17.441406,-4.833984375
17.443359,-4.632568359375
17.445312,-4.632568359375
17.447266,-5.035400390625
17.449219,-5.6396484375
17.451172,-6.4453125
17.453125,-7.2509765625
17.455078,-8.258056640625
17.457031,-9.26513671875
17.458984,6.04248046875
17.460938,5.438232421875
17.462891,4.833984375
17.464844,4.833984375
17.466797,4.833984375
17.46875,5.438232421875
17.470703,6.04248046875
17.472656,6.84814453125
17.474609,34.442138671875
17.476562,35.44921875
17.478516,36.2548828125
17.480469,37.060546875
17.482422,37.664794921875
17.484375,38.067626953125
17.486328,38.067626953125
17.488281,42.901611328125
17.490234,53.173828125
17.492188,52.3681640625
17.494141,51.5625
17.496094,50.555419921875
17.498047,49.54833984375
17.5,48.74267578125
17.501953,37.46337890625
17.503906,37.060546875
17.505859,36.65771484375
17.507812,36.859130859375
17.509766,37.060546875
17.511719,37.664794921875
17.513672,38.470458984375
17.515625,39.4775390625
17.517578,15.106201171875
17.519531,15.911865234375
17.521484,16.717529296875
17.523438,17.523193359375
17.525391,17.926025390625
17.527344,-5.23681640625
17.529297,-6.646728515625
17.53125,-7.049560546875
17.533203,-7.65380859375
17.535156,-8.45947265625
17.537109,-9.466552734375
17.539062,-10.4736328125
17.541016,-11.279296875
17.542969,-12.0849609375
17.544922,-12.689208984375
17.546875,-12.890625
17.548828,-13.092041015625
17.550781,-7.65380859375
17.552734,-7.2509765625
17.554688,-6.4453125
17.556641,-5.6396484375
17.558594,-4.632568359375
17.560547,-3.62548828125
17.5625,-2.81982421875
17.564453,-2.215576171875
17.566406,-1.611328125
17.568359,-1.409912109375
17.570312,-1.409912109375
17.572266,-1.812744140625
17.574219,-2.4169921875
17.576172,22.96142578125
17.578125,42.901611328125
17.580078,41.89453125
17.582031,40.887451171875
17.583984,40.081787109375
17.585938,39.4775390625
17.587891,39.07470703125
17.589844,38.873291015625
17.591797,39.07470703125
17.59375,39.4775390625
17.595703,43.90869140625
17.597656,44.71435546875
17.599609,45.721435546875
17.601562,46.728515625
17.603516,47.5341796875
17.605469,48.33984375
17.607422,48.944091796875
17.609375,49.346923828125
17.611328,49.346923828125
17.613281,25.177001953125
17.615234,24.57275390625
17.617188,23.968505859375
17.619141,22.96142578125
17.621094,21.954345703125
17.623047,21.148681640625
17.625,20.1416015625
17.626953,-5.035400390625
17.628906,-5.438232421875
17.630859,-5.841064453125
17.632812,-5.6396484375
17.634766,-5.438232421875
17.636719,-4.833984375
17.638672,-4.0283203125
17.640625,-3.22265625
17.642578,-2.215576171875
17.644531,-5.841064453125
17.646484,-4.833984375
17.648438,-4.229736328125
17.650391,-3.826904296875
17.652344,-3.826904296875
17.654297,-3.826904296875
17.65625,-4.229736328125
17.658203,-4.833984375
17.660156,7.65380859375
17.662109,14.09912109375
17.664062,13.092041015625
17.666016,12.0849609375
17.667969,11.480712890625
17.669922,10.87646484375
17.671875,10.4736328125
17.673828,10.4736328125
17.675781,10.675048828125
17.677734,11.077880859375
17.679688,38.873291015625
17.681641,39.88037109375
17.683594,40.68603515625
17.685547,41.693115234375
17.6875,42.498779296875
17.689453,43.304443359375
17.691406,49.951171875
17.693359,50.152587890625
17.695312,50.152587890625
17.697266,49.749755859375
17.699219,49.1455078125
17.701172,48.33984375
17.703125,47.5341796875
17.705078,46.527099609375
17.707031,28.1982421875
17.708984,27.392578125
17.710938,26.5869140625
17.712891,26.18408203125
17.714844,26.18408203125
17.716797,26.18408203125
17.71875,26.5869140625
17.720703,27.392578125
17.722656,2.4169921875
17.724609,3.424072265625
17.726562,4.43115234375
17.728516,5.23681640625
17.730469,6.04248046875
17.732422,6.646728515625
17.734375,6.84814453125
17.736328,7.049560546875
17.738281,6.646728515625
17.740234,-8.45947265625
17.742188,-9.063720703125
17.744141,-9.869384765625
17.746094,-10.87646484375
17.748047,-11.883544921875
17.75,-12.689208984375
17.751953,-13.494873046875
17.753906,-13.897705078125
17.755859,4.229736328125
17.757812,4.229736328125
17.759766,4.632568359375
17.761719,5.23681640625
17.763672,6.04248046875
17.765625,6.84814453125
17.767578,7.855224609375
17.769531,36.2548828125
17.771484,37.261962890625
17.773438,37.8662109375
17.775391,38.26904296875
17.777344,38.470458984375
17.779297,38.26904296875
17.78125,37.8662109375
17.783203,37.261962890625
17.785156,36.2548828125
17.787109,35.44921875
17.789062,34.442138671875
17.791016,33.43505859375
17.792969,32.830810546875
17.794922,32.2265625
17.796875,31.82373046875
17.798828,30.816650390625
17.800781,31.219482421875
17.802734,31.622314453125
17.804688,32.427978515625
17.806641,33.233642578125
17.808594,34.24072265625
17.810547,35.04638671875
17.8125,36.053466796875
17.814453,36.65771484375
17.816406,37.261962890625
17.818359,17.926025390625
17.820312,17.926025390625
17.822266,17.523193359375
17.824219,16.9189453125
17.826172,16.11328125
17.828125,15.3076171875
17.830078,14.300537109375
17.832031,13.29345703125
17.833984,-8.258056640625
17.835938,-9.063720703125
17.837891,-9.466552734375
17.839844,-9.466552734375
17.841797,-9.466552734375
17.84375,-9.063720703125
17.845703,-8.258056640625
17.847656,-2.81982421875
17.849609,-1.812744140625
17.851562,-1.007080078125
17.853516,0.0
17.855469,0.8056640625
17.857422,1.409912109375
17.859375,1.611328125
17.861328,1.812744140625
17.863281,24.371337890625
17.865234,23.76708984375
17.867188,23.162841796875
17.869141,22.15576171875
17.871094,21.35009765625
17.873047,20.343017578125
17.875,19.537353515625
17.876953,18.731689453125
17.878906,42.29736328125
17.880859,42.095947265625
17.882812,42.095947265625
17.884766,42.29736328125
17.886719,42.901611328125
17.888672,43.707275390625
17.890625,44.71435546875
17.892578,45.52001953125
17.894531,46.527099609375
17.896484,47.332763671875
17.898438,47.93701171875
17.900391,47.13134765625
17.902344,47.332763671875
17.904297,47.13134765625
17.90625,46.728515625
17.908203,46.124267578125
17.910156,45.318603515625
17.912109,44.3115234375
17.914062,43.304443359375
17.916016,34.24072265625
17.917969,12.689208984375
17.919922,-5.035400390625
17.921875,-5.23681640625
17.923828,-5.438232421875
17.925781,-5.035400390625
17.927734,-4.632568359375
17.929688,-3.826904296875
17.931641,-3.021240234375
17.933594,-2.01416015625
17.935547,-1.007080078125
17.9375,-0.201416015625
17.939453,0.40283203125
17.941406,1.007080078125
17.943359,-0.8056640625
17.945312,-0.8056640625
17.947266,-1.20849609375
17.949219,-1.812744140625
17.951172,-2.618408203125
17.953125,-3.424072265625
17.955078,-4.43115234375
17.957031,5.6396484375
17.958984,4.833984375
17.960938,4.0283203125
17.962891,3.62548828125
17.964844,3.62548828125
17.966797,3.62548828125
17.96875,4.0283203125
17.970703,4.833984375
17.972656,5.6396484375
17.974609,34.6435546875
17.976562,35.44921875
17.978516,36.456298828125
17.980469,37.261962890625
17.982422,37.8662109375
17.984375,38.067626953125
17.986328,38.26904296875
17.988281,53.57666015625
17.990234,52.972412109375
17.992188,52.3681640625
17.994141,51.5625
17.996094,50.555419921875
17.998047,49.54833984375
18.0,48.74267578125
18.001953,47.93701171875
18.003906,47.5341796875
18.005859,47.13134765625
18.007812,32.025146484375
18.009766,32.427978515625
18.011719,33.0322265625
18.013672,33.837890625
18.015625,34.6435546875
18.017578,35.650634765625
18.019531,36.65771484375
18.021484,10.272216796875
18.023438,11.077880859375
18.025391,11.480712890625
18.027344,11.480712890625
18.029297,11.480712890625
18.03125,11.077880859375
18.033203,10.272216796875
18.035156,9.466552734375
18.037109,8.660888671875
18.039062,-9.66796875
18.041016,-10.675048828125
18.042969,-11.480712890625
18.044922,-12.0849609375
18.046875,-12.286376953125
18.048828,-12.286376953125
18.050781,-0.8056640625
18.052734,-0.40283203125
18.054688,0.40283203125
18.056641,1.20849609375
18.058594,2.215576171875
18.060547,3.22265625
18.0625,4.0283203125
18.064453,4.833984375
18.066406,5.23681640625
18.068359,31.219482421875
18.070312,31.219482421875
18.072266,30.816650390625
18.074219,30.413818359375
18.076172,29.608154296875
18.078125,28.60107421875
18.080078,27.593994140625
18.082031,45.9228515625
18.083984,45.1171875
18.085938,44.3115234375
18.087891,43.90869140625
18.089844,43.90869140625
18.091797,43.90869140625
18.09375,44.3115234375
18.095703,45.1171875
18.097656,45.9228515625
18.099609,46.728515625
18.101562,40.081787109375
18.103516,41.0888671875
18.105469,41.693115234375
18.107422,42.29736328125
18.109375,42.7001953125
18.111328,42.7001953125
18.113281,18.328857421875
18.115234,17.926025390625
18.117188,17.120361328125
18.119141,16.314697265625
18.121094,15.3076171875
18.123047,14.300537109375
18.125,13.494873046875
18.126953,12.689208984375
18.128906,12.286376953125
18.130859,-11.68212890625
18.132812,-11.68212890625
18.134766,-11.279296875
18.136719,-10.87646484375
18.138672,-10.07080078125
18.140625,-9.063720703125
18.142578,-8.056640625
18.144531,-7.2509765625
18.146484,-6.4453125
18.148438,-1.611328125
18.150391,-1.20849609375
18.152344,-1.007080078125
18.154297,-1.20849609375
18.15625,-1.611328125
18.158203,-2.215576171875
18.160156,-3.021240234375
18.162109,14.703369140625
18.164062,13.6962890625
18.166016,12.890625
18.167969,12.0849609375
18.169922,11.480712890625
18.171875,11.279296875
18.173828,11.077880859375
18.175781,11.480712890625
18.177734,38.470458984375
18.179688,39.276123046875
18.181641,40.081787109375
18.183594,41.0888671875
18.185547,41.89453125
18.1875,42.901611328125
18.189453,43.505859375
18.191406,44.110107421875
18.193359,51.15966796875
18.195312,50.958251953125
18.197266,50.7568359375
18.199219,50.152587890625
18.201172,49.346923828125
18.203125,48.541259765625
18.205078,47.5341796875
18.207031,46.527099609375
18.208984,26.5869140625
18.210938,25.982666015625
18.212891,25.579833984375
18.214844,25.37841796875
18.216797,25.579833984375
18.21875,25.982666015625
18.220703,26.5869140625
18.222656,27.392578125
18.224609,28.399658203125
18.226562,29.40673828125
18.228516,30.21240234375
18.230469,31.01806640625
18.232422,31.622314453125
18.234375,18.328857421875
18.236328,5.035400390625
18.238281,-7.049560546875
18.240234,-7.65380859375
18.242188,-8.258056640625
18.244141,-9.26513671875
18.246094,-10.272216796875
18.248047,-11.077880859375
18.25,-12.0849609375
18.251953,-12.689208984375
18.253906,-13.29345703125
18.255859,4.632568359375
18.257812,4.632568359375
18.259766,5.035400390625
18.261719,5.438232421875
18.263672,6.243896484375
18.265625,7.2509765625
18.267578,8.258056640625
18.269531,9.063720703125
18.271484,9.869384765625
18.273438,38.671875
18.275391,39.07470703125
18.277344,39.276123046875
18.279297,39.07470703125
18.28125,38.671875
18.283203,38.067626953125
18.285156,37.261962890625
18.287109,36.2548828125
18.289062,47.93701171875
18.291016,46.929931640625
18.292969,46.124267578125
18.294922,45.52001953125
18.296875,45.318603515625
18.298828,45.318603515625
18.300781,45.52001953125
18.302734,45.9228515625
18.304688,32.2265625
18.306641,33.233642578125
18.308594,7.65380859375
18.310547,8.660888671875
18.3125,9.466552734375
18.314453,10.272216796875
18.316406,10.675048828125
18.318359,10.87646484375
18.320312,10.87646484375
18.322266,10.4736328125
18.324219,9.869384765625
18.326172,9.26513671875
18.328125,8.258056640625
18.330078,7.2509765625
18.332031,6.4453125
18.333984,5.438232421875
18.335938,4.833984375
18.337891,4.43115234375
18.339844,4.229736328125
18.341797,4.43115234375
18.34375,4.833984375
18.345703,5.438232421875
18.347656,6.4453125
18.349609,-0.40283203125
18.351562,0.604248046875
18.353516,1.611328125
18.355469,2.4169921875
18.357422,3.021240234375
18.359375,3.22265625
18.361328,3.22265625
18.363281,3.021240234375
18.365234,2.618408203125
18.367188,30.21240234375
18.369141,29.40673828125
18.371094,28.399658203125
18.373047,27.392578125
18.375,26.5869140625
18.376953,25.78125
18.378906,25.37841796875
18.380859,25.177001953125
18.382812,44.110107421875
18.384766,44.3115234375
18.386719,44.915771484375
18.388672,45.721435546875
18.390625,46.728515625
18.392578,47.735595703125
18.394531,48.541259765625
18.396484,49.346923828125
18.398438,50.152587890625
18.400391,42.095947265625
18.402344,42.29736328125
18.404297,42.095947265625
18.40625,41.693115234375
18.408203,41.0888671875
18.410156,40.283203125
18.412109,39.276123046875
18.414062,14.501953125
18.416016,13.6962890625
18.417969,12.890625
18.419922,12.286376953125
18.421875,11.883544921875
18.423828,11.883544921875
18.425781,12.0849609375
18.427734,12.689208984375
18.429688,-6.243896484375
18.431641,-5.438232421875
18.433594,-4.43115234375
18.435547,-3.62548828125
18.4375,-2.618408203125
18.439453,-2.01416015625
18.441406,-1.409912109375
18.443359,-1.20849609375
18.445312,-1.20849609375
18.447266,-1.611328125
18.449219,-2.215576171875
18.451172,-3.021240234375
18.453125,-4.229736328125
18.455078,-5.23681640625
18.457031,-6.04248046875
18.458984,12.689208984375
18.460938,12.0849609375
18.462891,11.68212890625
18.464844,11.480712890625
18.466797,11.68212890625
18.46875,12.0849609375
18.470703,12.689208984375
18.472656,13.494873046875
18.474609,33.0322265625
18.476562,41.290283203125
18.478516,42.29736328125
18.480469,43.10302734375
18.482422,43.505859375
18.484375,43.90869140625
18.486328,43.90869140625
18.488281,43.707275390625
18.490234,43.304443359375
18.492188,49.951171875
18.494141,49.1455078125
18.496094,48.138427734375
18.498047,47.13134765625
18.5,46.32568359375
18.501953,45.52001953125
18.503906,26.788330078125
18.505859,26.5869140625
18.507812,26.5869140625
18.509766,26.98974609375
18.511719,27.392578125
18.513672,28.1982421875
18.515625,29.205322265625
18.517578,30.21240234375
18.519531,31.01806640625
18.521484,31.82373046875
18.523438,3.22265625
18.525391,3.62548828125
18.527344,3.826904296875
18.529297,3.62548828125
18.53125,3.22265625
18.533203,2.618408203125
18.535156,1.812744140625
18.537109,0.8056640625
18.539062,-7.452392578125
18.541016,-8.45947265625
18.542969,-9.26513671875
18.544922,-9.869384765625
18.546875,-10.07080078125
18.548828,-10.07080078125
18.550781,-9.869384765625
18.552734,-9.466552734375
18.554688,-8.660888671875
18.556641,-7.855224609375
18.558594,-6.84814453125
18.560547,-5.841064453125
18.5625,-5.035400390625
18.564453,4.632568359375
18.566406,30.615234375
18.568359,30.816650390625
18.570312,30.816650390625
18.572266,30.413818359375
18.574219,29.8095703125
18.576172,29.00390625
18.578125,28.1982421875
18.580078,27.191162109375
18.582031,26.385498046875
18.583984,25.37841796875
18.585938,45.52001953125
18.587891,45.1171875
18.589844,45.1171875
18.591797,45.1171875
18.59375,45.52001953125
18.595703,46.32568359375
18.597656,47.13134765625
18.599609,42.29736328125
18.601562,43.304443359375
18.603516,44.3115234375
18.605469,45.1171875
18.607422,45.52001953125
18.609375,45.9228515625
18.611328,45.9228515625
18.613281,45.721435546875
18.615234,45.318603515625
18.617188,16.51611328125
18.619141,15.71044921875
18.621094,14.703369140625
18.623047,13.6962890625
18.625,12.890625
18.626953,12.286376953125
18.628906,11.68212890625
18.630859,11.480712890625
18.632812,-7.049560546875
18.634766,-6.84814453125
18.636719,-6.243896484375
18.638672,-5.438232421875
18.640625,-4.43115234375
18.642578,-3.62548828125
18.644531,-2.618408203125
18.646484,-1.812744140625
18.648438,1.007080078125
18.650391,1.409912109375
18.652344,1.611328125
18.654297,1.409912109375
18.65625,1.007080078125
18.658203,0.40283203125
18.660156,-0.604248046875
18.662109,-1.409912109375
18.664062,-2.4169921875
18.666016,-3.424072265625
18.667969,-4.0283203125
18.669922,18.328857421875
18.671875,18.12744140625
18.673828,17.926025390625
18.675781,18.12744140625
18.677734,43.505859375
18.679688,44.3115234375
18.681641,45.1171875
18.683594,46.124267578125
18.685547,47.13134765625
18.6875,47.93701171875
18.689453,48.74267578125
18.691406,49.1455078125
18.693359,49.346923828125
18.695312,46.124267578125
18.697266,45.721435546875
18.699219,30.615234375
18.701172,29.8095703125
18.703125,29.00390625
18.705078,27.996826171875
18.707031,26.98974609375
18.708984,26.18408203125
18.710938,25.579833984375
18.712891,25.177001953125
18.714844,24.9755859375
18.716797,25.177001953125
18.71875,25.579833984375
18.720703,26.18408203125
18.722656,26.98974609375
18.724609,27.996826171875
18.726562,1.812744140625
18.728516,2.618408203125
18.730469,3.424072265625
18.732422,4.0283203125
18.734375,4.43115234375
18.736328,4.43115234375
18.738281,4.229736328125
18.740234,3.62548828125
18.742188,-5.6396484375
18.744141,-6.4453125
18.746094,-7.452392578125
18.748047,-8.45947265625
18.75,-9.26513671875
18.751953,-10.07080078125
18.753906,-10.4736328125
18.755859,5.438232421875
18.757812,5.438232421875
18.759766,5.841064453125
18.761719,6.4453125
18.763672,7.049560546875
18.765625,8.056640625
18.767578,9.063720703125
18.769531,9.869384765625
18.771484,10.87646484375
18.773438,11.480712890625
18.775391,11.883544921875
18.777344,12.0849609375
18.779297,38.26904296875
18.78125,37.8662109375
18.783203,37.060546875
18.785156,48.944091796875
18.787109,48.138427734375
18.789062,47.13134765625
18.791016,46.124267578125
18.792969,45.52001953125
18.794922,44.915771484375
18.796875,44.512939453125
18.798828,44.512939453125
18.800781,44.71435546875
18.802734,33.43505859375
18.804688,34.039306640625
18.806641,35.04638671875
18.808594,35.85205078125
18.810547,36.859130859375
18.8125,37.664794921875
18.814453,38.470458984375
18.816406,39.07470703125
18.818359,12.0849609375
18.820312,12.0849609375
18.822266,11.68212890625
18.824219,11.077880859375
18.826172,10.4736328125
18.828125,9.466552734375
18.830078,8.45947265625
18.832031,7.65380859375
18.833984,6.646728515625
18.835938,-11.480712890625
18.837891,-11.883544921875
18.839844,-12.0849609375
18.841797,-11.883544921875
18.84375,-11.480712890625
18.845703,-10.87646484375
18.847656,-10.07080078125
18.849609,-9.063720703125
18.851562,1.20849609375
18.853516,2.215576171875
18.855469,2.81982421875
18.857422,3.424072265625
18.859375,3.826904296875
18.861328,3.826904296875
18.863281,3.62548828125
18.865234,3.021240234375
18.867188,29.40673828125
18.869141,28.60107421875
18.871094,27.593994140625
18.873047,26.5869140625
18.875,25.78125
18.876953,24.9755859375
18.878906,24.57275390625
18.880859,24.371337890625
18.882812,24.371337890625
18.884766,24.774169921875
18.886719,25.177001953125
18.888672,25.982666015625
18.890625,26.98974609375
18.892578,27.996826171875
18.894531,43.505859375
18.896484,44.3115234375
18.898438,44.915771484375
18.900391,45.318603515625
18.902344,45.52001953125
18.904297,45.318603515625
18.90625,44.915771484375
18.908203,44.3115234375
18.910156,43.505859375
18.912109,42.498779296875
18.914062,21.35009765625
18.916016,20.343017578125
18.917969,19.537353515625
18.919922,18.93310546875
18.921875,18.731689453125
18.923828,18.5302734375
18.925781,18.93310546875
18.927734,19.3359375
18.929688,-9.869384765625
18.931641,-9.063720703125
18.933594,-8.056640625
18.935547,-7.049560546875
18.9375,-6.243896484375
18.939453,-5.438232421875
18.941406,-5.035400390625
18.943359,-4.833984375
18.945312,-4.0283203125
18.947266,-4.229736328125
18.949219,-4.833984375
18.951172,-5.6396484375
18.953125,-6.646728515625
18.955078,-7.452392578125
18.957031,-8.45947265625
18.958984,-9.26513671875
18.960938,11.480712890625
18.962891,11.077880859375
18.964844,10.87646484375
18.966797,11.077880859375
18.96875,11.480712890625
18.970703,12.0849609375
18.972656,12.890625
18.974609,13.897705078125
18.976562,41.49169921875
18.978516,42.498779296875
18.980469,43.10302734375
18.982422,43.707275390625
18.984375,44.110107421875
18.986328,44.110107421875
18.988281,43.90869140625
18.990234,43.304443359375
18.992188,42.7001953125
18.994141,47.13134765625
18.996094,46.124267578125
18.998047,45.318603515625
19.0,44.3115234375
19.001953,43.707275390625
19.003906,43.10302734375
19.005859,42.901611328125
19.007812,25.78125
19.009766,25.982666015625
19.011719,26.5869140625
19.013672,27.392578125
19.015625,28.1982421875
19.017578,29.205322265625
19.019531,30.21240234375
19.021484,31.01806640625
19.023438,31.622314453125
19.025391,7.049560546875
19.027344,7.049560546875
19.029297,7.049560546875
19.03125,6.4453125
19.033203,5.841064453125
19.035156,5.035400390625
19.037109,4.0283203125
19.039062,-6.646728515625
19.041016,-7.65380859375
19.042969,-8.45947265625
19.044922,-8.8623046875
19.046875,-9.26513671875
19.048828,-9.26513671875
19.050781,-9.063720703125
19.052734,-8.660888671875
19.054688,-7.855224609375
19.056641,-7.049560546875
19.058594,6.4453125
19.060547,7.2509765625
19.0625,8.258056640625
19.064453,8.8623046875
19.066406,9.466552734375
19.068359,9.66796875
19.070312,9.66796875
19.072266,37.060546875
19.074219,36.456298828125
19.076172,35.650634765625
19.078125,34.844970703125
19.080078,33.837890625
19.082031,32.830810546875
19.083984,32.025146484375
19.085938,31.4208984375
19.087891,31.01806640625
19.089844,42.498779296875
19.091797,42.7001953125
19.09375,43.10302734375
19.095703,43.707275390625
19.097656,44.512939453125
19.099609,45.52001953125
19.101562,46.527099609375
19.103516,47.332763671875
19.105469,48.138427734375
19.107422,48.74267578125
19.109375,39.07470703125
19.111328,39.07470703125
19.113281,38.873291015625
19.115234,38.470458984375
19.117188,37.664794921875
19.119141,8.056640625
19.121094,7.049560546875
19.123047,6.04248046875
19.125,5.23681640625
19.126953,4.43115234375
19.128906,4.0283203125
19.130859,3.826904296875
19.132812,3.826904296875
19.134766,-11.480712890625
19.136719,-10.87646484375
19.138672,-10.07080078125
19.140625,-9.26513671875
19.142578,-8.258056640625
19.144531,-7.2509765625
19.146484,-6.4453125
19.148438,-5.841064453125
19.150391,-5.438232421875
19.152344,6.4453125
19.154297,6.243896484375
19.15625,5.841064453125
19.158203,5.23681640625
19.160156,4.43115234375
19.162109,3.424072265625
19.164062,2.4169921875
19.166016,27.191162109375
19.167969,26.385498046875
19.169922,25.78125
19.171875,25.37841796875
19.173828,25.37841796875
19.175781,25.579833984375
19.177734,26.18408203125
19.179688,26.788330078125
19.181641,44.915771484375
19.183594,45.9228515625
19.185547,46.929931640625
19.1875,47.735595703125
19.189453,48.33984375
19.191406,48.944091796875
19.193359,49.1455078125
19.195312,49.1455078125
19.197266,49.1455078125
19.199219,48.541259765625
19.201172,47.93701171875
19.203125,46.929931640625
19.205078,45.9228515625
19.207031,45.1171875
19.208984,44.110107421875
19.210938,43.505859375
19.212891,43.10302734375
19.214844,42.901611328125
19.216797,18.93310546875
19.21875,19.3359375
19.220703,19.940185546875
19.222656,20.745849609375
19.224609,21.7529296875
19.226562,22.760009765625
19.228516,23.565673828125
19.230469,24.371337890625
19.232422,24.9755859375
19.234375,5.23681640625
19.236328,0.40283203125
19.238281,0.0
19.240234,-0.40283203125
19.242188,-1.20849609375
19.244141,-3.62548828125
19.246094,-4.632568359375
19.248047,-5.6396484375
19.25,-6.4453125
19.251953,-7.2509765625
19.253906,-7.65380859375
19.255859,-7.855224609375
19.257812,-7.855224609375
19.259766,10.87646484375
19.261719,11.279296875
19.263672,12.0849609375
19.265625,13.092041015625
19.267578,14.09912109375
19.269531,14.90478515625
19.271484,15.71044921875
19.273438,16.51611328125
19.275391,42.901611328125
19.277344,42.901611328125
19.279297,42.901611328125
19.28125,42.498779296875
19.283203,41.693115234375
19.285156,48.944091796875
19.287109,47.93701171875
19.289062,46.929931640625
19.291016,46.124267578125
19.292969,45.318603515625
19.294922,44.71435546875
19.296875,44.512939453125
19.298828,44.3115234375
19.300781,44.71435546875
19.302734,45.1171875
19.304688,45.9228515625
19.306641,27.392578125
19.308594,28.399658203125
19.310547,29.40673828125
19.3125,30.21240234375
19.314453,31.01806640625
19.316406,31.4208984375
19.318359,31.622314453125
19.320312,31.622314453125
19.322266,31.219482421875
19.324219,30.615234375
19.326172,30.010986328125
19.328125,29.00390625
19.330078,27.996826171875
19.332031,27.191162109375
19.333984,-1.20849609375
19.335938,-10.4736328125
19.337891,-10.87646484375
19.339844,-11.077880859375
19.341797,-10.87646484375
19.34375,-10.4736328125
19.345703,-9.869384765625
19.347656,-9.063720703125
19.349609,-8.056640625
19.351562,-7.049560546875
19.353516,-6.243896484375
19.355469,-5.438232421875
19.357422,10.07080078125
19.359375,10.4736328125
19.361328,10.4736328125
19.363281,10.272216796875
19.365234,9.869384765625
19.367188,9.063720703125
19.369141,15.3076171875
19.371094,34.24072265625
19.373047,33.43505859375
19.375,32.427978515625
19.376953,31.82373046875
19.378906,31.219482421875
19.380859,31.01806640625
19.382812,31.01806640625
19.384766,31.4208984375
19.386719,48.138427734375
19.388672,48.944091796875
19.390625,49.749755859375
19.392578,50.7568359375
19.394531,51.763916015625
19.396484,52.569580078125
19.398438,53.173828125
19.400391,53.57666015625
19.402344,39.88037109375
19.404297,39.88037109375
19.40625,39.4775390625
19.408203,38.671875
19.410156,37.8662109375
19.412109,37.060546875
19.414062,36.053466796875
19.416016,35.04638671875
19.417969,12.890625
19.419922,12.286376953125
19.421875,11.883544921875
19.423828,11.883544921875
19.425781,12.0849609375
19.427734,12.689208984375
19.429688,13.29345703125
19.431641,14.09912109375
19.433594,15.106201171875
19.435547,16.11328125
19.4375,16.9189453125
19.439453,17.724609375
19.441406,18.12744140625
19.443359,4.229736328125
19.445312,-7.049560546875
19.447266,-7.452392578125
19.449219,-3.021240234375
19.451172,-3.826904296875
19.453125,-4.833984375
19.455078,-5.841064453125
19.457031,-6.646728515625
19.458984,-7.452392578125
19.460938,-8.258056640625
19.462891,-8.660888671875
19.464844,18.12744140625
19.466797,18.12744140625
19.46875,18.731689453125
19.470703,19.3359375
19.472656,20.1416015625
19.474609,21.148681640625
19.476562,21.954345703125
19.478516,22.96142578125
19.480469,46.124267578125
19.482422,46.728515625
19.484375,47.13134765625
19.486328,47.13134765625
19.488281,46.929931640625
19.490234,46.32568359375
19.492188,45.721435546875
19.494141,44.915771484375
19.496094,46.32568359375
19.498047,45.318603515625
19.5,44.512939453125
19.501953,43.707275390625
19.503906,43.304443359375
19.505859,43.10302734375
19.507812,43.10302734375
19.509766,43.304443359375
19.511719,19.940185546875
19.513672,20.745849609375
19.515625,21.551513671875
19.517578,22.55859375
19.519531,23.565673828125
19.521484,24.371337890625
19.523438,24.9755859375
19.525391,25.37841796875
19.527344,25.579833984375
19.529297,25.37841796875
19.53125,24.9755859375
19.533203,24.371337890625
19.535156,23.565673828125
19.537109,22.55859375
19.539062,21.551513671875
19.541016,-10.4736328125
19.542969,-11.279296875
19.544922,-11.883544921875
19.546875,-12.286376953125
19.548828,-12.286376953125
19.550781,-12.0849609375
19.552734,-11.480712890625
19.554688,-10.87646484375
19.556641,-9.869384765625
19.558594,-9.063720703125
19.560547,14.703369140625
19.5625,15.509033203125
19.564453,16.314697265625
19.566406,16.9189453125
19.568359,17.120361328125
19.570312,16.9189453125
19.572266,16.717529296875
19.574219,44.3115234375
19.576172,43.505859375
19.578125,42.7001953125
19.580078,41.693115234375
19.582031,40.68603515625
19.583984,39.88037109375
19.585938,39.276123046875
19.587891,38.873291015625
19.589844,43.505859375
19.591797,43.707275390625
19.59375,44.110107421875
19.595703,44.71435546875
19.597656,45.721435546875
19.599609,46.527099609375
19.601562,47.5341796875
19.603516,48.541259765625
19.605469,36.456298828125
19.607422,37.060546875
19.609375,37.46337890625
19.611328,37.46337890625
19.613281,37.261962890625
19.615234,36.65771484375
19.617188,36.053466796875
19.619141,35.04638671875
19.621094,8.8623046875
19.623047,7.855224609375
19.625,7.049560546875
19.626953,6.243896484375
19.628906,5.841064453125
19.630859,5.6396484375
19.632812,5.6396484375
19.634766,6.04248046875
19.636719,6.4453125
19.638672,7.2509765625
19.640625,8.258056640625
19.642578,9.26513671875
19.644531,10.07080078125
19.646484,10.87646484375
19.648438,11.68212890625
19.650391,3.62548828125
19.652344,3.62548828125
19.654297,3.62548828125
19.65625,3.22265625
19.658203,2.4169921875
19.660156,1.611328125
19.662109,0.8056640625
19.664062,-0.201416015625
19.666016,-1.20849609375
19.667969,-2.01416015625
19.669922,18.5302734375
19.671875,24.9755859375
19.673828,24.9755859375
19.675781,41.49169921875
19.677734,42.29736328125
19.679688,43.10302734375
19.681641,43.90869140625
19.683594,44.915771484375
19.685547,45.9228515625
19.6875,46.728515625
19.689453,47.5341796875
19.691406,47.93701171875
19.693359,48.138427734375
19.695312,48.138427734375
19.697266,47.735595703125
19.699219,47.13134765625
19.701172,46.527099609375
19.703125,42.29736328125
19.705078,41.290283203125
19.707031,40.484619140625
19.708984,39.678955078125
19.710938,38.873291015625
19.712891,38.470458984375
19.714844,12.0849609375
19.716797,12.286376953125
19.71875,12.689208984375
19.720703,13.29345703125
19.722656,14.09912109375
19.724609,15.106201171875
19.726562,16.11328125
19.728516,16.9189453125
19.730469,17.724609375
19.732422,-1.20849609375
19.734375,-0.8056640625
19.736328,-0.8056640625
19.738281,-1.007080078125
19.740234,-1.409912109375
19.742188,-2.215576171875
19.744141,-3.021240234375
19.746094,-4.0283203125
19.748047,-5.035400390625
19.75,-5.841064453125
19.751953,-6.646728515625
19.753906,-7.049560546875
19.755859,-7.2509765625
19.757812,-7.2509765625
19.759766,18.328857421875
19.761719,18.93310546875
19.763672,19.537353515625
19.765625,20.54443359375
19.767578,21.551513671875
19.769531,22.357177734375
19.771484,23.3642578125
19.773438,23.968505859375
19.775391,24.371337890625
19.777344,24.57275390625
19.779297,49.346923828125
19.78125,48.944091796875
19.783203,48.33984375
19.785156,47.5341796875
19.787109,46.527099609375
19.789062,45.52001953125
19.791016,44.71435546875
19.792969,43.90869140625
19.794922,42.498779296875
19.796875,42.095947265625
19.798828,42.095947265625
19.800781,42.29736328125
19.802734,42.901611328125
19.804688,43.505859375
19.806641,44.512939453125
19.808594,45.52001953125
19.810547,23.162841796875
19.8125,23.968505859375
19.814453,24.774169921875
19.816406,25.177001953125
19.818359,25.579833984375
19.820312,25.37841796875
19.822266,25.177001953125
19.824219,24.57275390625
19.826172,-0.40283203125
19.828125,-1.409912109375
19.830078,-2.215576171875
19.832031,-3.22265625
19.833984,-4.0283203125
19.835938,-4.632568359375
19.837891,-5.23681640625
19.839844,-5.23681640625
19.841797,-8.8623046875
19.84375,-8.45947265625
19.845703,-7.855224609375
19.847656,-7.049560546875
19.849609,-6.04248046875
19.851562,-5.035400390625
19.853516,-4.229736328125
19.855469,-3.424072265625
19.857422,-2.81982421875
19.859375,-2.618408203125
19.861328,-2.4169921875
19.863281,-2.81982421875
19.865234,-3.22265625
19.867188,-4.0283203125
19.869141,-4.833984375
19.871094,35.247802734375
19.873047,34.442138671875
19.875,33.43505859375
19.876953,32.830810546875
19.878906,32.2265625
19.880859,32.025146484375
19.882812,32.025146484375
19.884766,32.427978515625
19.886719,33.0322265625
19.888672,33.837890625
19.890625,49.749755859375
19.892578,50.7568359375
19.894531,51.5625
19.896484,52.3681640625
19.898438,53.173828125
19.900391,53.57666015625
19.902344,53.57666015625
19.904297,37.46337890625
19.90625,37.060546875
19.908203,36.456298828125
19.910156,35.650634765625
19.912109,34.6435546875
19.914062,33.636474609375
19.916016,32.830810546875
19.917969,32.025146484375
19.919922,5.6396484375
19.921875,5.438232421875
19.923828,5.438232421875
19.925781,5.6396484375
19.927734,6.04248046875
19.929688,6.84814453125
19.931641,7.65380859375
19.933594,8.660888671875
19.935547,-9.466552734375
19.9375,-8.660888671875
19.939453,-7.855224609375
19.941406,-7.452392578125
19.943359,-7.2509765625
19.945312,-7.2509765625
19.947266,-7.452392578125
19.949219,-8.056640625
19.951172,-8.8623046875
19.953125,1.007080078125
19.955078,0.0
19.957031,-1.007080078125
19.958984,-1.812744140625
19.960938,-2.4169921875
19.962891,-2.81982421875
19.964844,-3.021240234375
19.966797,-2.81982421875
19.96875,-2.4169921875
19.970703,-1.812744140625
19.972656,-1.007080078125
19.974609,28.399658203125
19.976562,29.40673828125
19.978516,30.413818359375
19.980469,31.219482421875
19.982422,49.54833984375
19.984375,49.951171875
19.986328,49.951171875
19.988281,49.749755859375
19.990234,49.1455078125
19.992188,48.541259765625
19.994141,47.5341796875
19.996094,46.728515625
19.998047,40.887451171875
20.0,40.081787109375
20.001953,39.276123046875
20.003906,38.873291015625
20.005859,38.671875
20.007812,38.671875
20.009766,38.873291015625
20.011719,39.4775390625
20.013672,40.283203125
20.015625,14.703369140625
20.017578,15.71044921875
20.019531,16.51611328125
20.021484,17.32177734375
20.023438,18.12744140625
20.025391,18.5302734375
20.027344,18.5302734375
20.029297,18.5302734375
20.03125,18.12744140625
20.033203,-3.424072265625
20.035156,-4.229736328125
20.037109,-5.23681640625
20.039062,-6.243896484375
20.041016,-7.049560546875
20.042969,-7.855224609375
20.044922,-8.45947265625
20.046875,-5.438232421875
20.048828,-5.438232421875
20.050781,-5.23681640625
20.052734,-4.632568359375
20.054688,-4.0283203125
20.056641,-3.021240234375
20.058594,-2.215576171875
20.060547,-1.20849609375
20.0625,23.162841796875
20.064453,23.76708984375
20.066406,49.54833984375
20.068359,49.749755859375
20.070312,49.749755859375
20.072266,49.346923828125
20.074219,48.74267578125
20.076172,48.138427734375
20.078125,47.13134765625
20.080078,46.124267578125
20.082031,45.318603515625
20.083984,44.3115234375
20.085938,43.707275390625
20.087891,43.304443359375
20.089844,43.10302734375
20.091797,43.304443359375
20.09375,43.707275390625
20.095703,43.304443359375
20.097656,44.110107421875
20.099609,45.1171875
20.101562,46.124267578125
20.103516,46.929931640625
20.105469,47.735595703125
20.107422,48.33984375
20.109375,32.2265625
20.111328,32.2265625
20.113281,32.025146484375
20.115234,31.622314453125
20.117188,30.816650390625
20.119141,30.010986328125
20.121094,29.00390625
20.123047,27.996826171875
20.125,-0.8056640625
20.126953,-1.611328125
20.128906,-2.01416015625
20.130859,-2.4169921875
20.132812,-2.215576171875
20.134766,-2.01416015625
20.136719,-1.409912109375
20.138672,-0.604248046875
20.140625,-11.279296875
20.142578,-10.272216796875
20.144531,-9.26513671875
20.146484,-8.45947265625
20.148438,-7.855224609375
20.150391,-7.452392578125
20.152344,-7.2509765625
20.154297,-7.452392578125
20.15625,9.869384765625
20.158203,9.26513671875
20.160156,8.258056640625
20.162109,7.452392578125
20.164062,6.4453125
20.166016,5.438232421875
20.167969,4.833984375
20.169922,4.229736328125
20.171875,30.615234375
20.173828,30.615234375
20.175781,30.816650390625
20.177734,31.219482421875
20.179688,32.025146484375
20.181641,32.830810546875
20.183594,33.837890625
20.185547,34.844970703125
20.1875,35.650634765625
20.189453,36.456298828125
20.191406,36.859130859375
20.193359,37.060546875
20.195312,37.060546875
20.197266,36.65771484375
20.199219,49.1455078125
20.201172,37.261962890625
20.203125,36.2548828125
20.205078,35.247802734375
20.207031,34.442138671875
20.208984,33.43505859375
20.210938,32.830810546875
20.212891,32.427978515625
20.214844,32.2265625
20.216797,32.427978515625
20.21875,5.841064453125
20.220703,6.4453125
20.222656,7.2509765625
20.224609,8.258056640625
20.226562,9.26513671875
20.228516,10.07080078125
20.230469,10.87646484375
20.232422,11.480712890625
20.234375,-4.632568359375
20.236328,-4.43115234375
20.238281,-4.833984375
20.240234,-5.23681640625
20.242188,-6.04248046875
20.244141,-6.84814453125
20.246094,-7.855224609375
20.248047,-8.660888671875
20.25,-9.66796875
20.251953,0.40283203125
20.253906,-0.201416015625
20.255859,-0.40283203125
20.257812,-0.40283203125
20.259766,0.0
20.261719,25.78125
20.263672,26.5869140625
20.265625,27.593994140625
20.267578,28.60107421875
20.269531,29.40673828125
20.271484,30.21240234375
20.273438,31.01806640625
20.275391,31.4208984375
20.277344,31.4208984375
20.279297,31.4208984375
20.28125,31.01806640625
20.283203,47.93701171875
20.285156,47.13134765625
20.287109,46.32568359375
20.289062,45.318603515625
20.291016,44.3115234375
20.292969,43.707275390625
20.294922,43.10302734375
20.296875,42.7001953125
20.298828,42.7001953125
20.300781,42.901611328125
20.302734,43.304443359375
20.304688,44.110107421875
20.306641,44.915771484375
20.308594,45.9228515625
20.310547,22.760009765625
20.3125,23.76708984375
20.314453,24.371337890625
20.316406,24.9755859375
20.318359,25.177001953125
20.320312,25.177001953125
20.322266,24.774169921875
20.324219,24.169921875
20.326172,23.3642578125
20.328125,9.466552734375
20.330078,-5.23681640625
20.332031,-6.243896484375
20.333984,-7.049560546875
20.335938,-7.65380859375
20.337891,-8.056640625
20.339844,-8.258056640625
20.341797,-8.056640625
20.34375,-7.65380859375
20.345703,-11.279296875
20.347656,-9.66796875
20.349609,-8.660888671875
20.351562,-7.65380859375
20.353516,-6.84814453125
20.355469,-6.04248046875
20.357422,-5.438232421875
20.359375,-5.035400390625
20.361328,11.883544921875
20.363281,17.120361328125
20.365234,16.51611328125
20.367188,15.911865234375
20.369141,15.106201171875
20.371094,14.09912109375
20.373047,13.092041015625
20.375,37.8662109375
20.376953,37.261962890625
20.378906,36.65771484375
20.380859,36.456298828125
20.382812,36.456298828125
20.384766,36.859130859375
20.386719,37.46337890625
20.388672,38.26904296875
20.390625,49.346923828125
20.392578,50.35400390625
20.394531,51.361083984375
20.396484,52.166748046875
20.398438,52.77099609375
20.400391,53.173828125
20.402344,53.375244140625
20.404297,53.173828125
20.40625,52.77099609375
20.408203,52.166748046875
20.410156,51.361083984375
20.412109,50.35400390625
20.414062,49.346923828125
20.416016,26.5869140625
20.417969,25.78125
20.419922,5.6396484375
20.421875,5.23681640625
20.423828,5.23681640625
20.425781,5.438232421875
20.427734,5.841064453125
20.429688,6.646728515625
20.431641,7.452392578125
20.433594,8.45947265625
20.435547,9.466552734375
20.4375,-7.2509765625
20.439453,-6.4453125
20.441406,-6.04248046875
20.443359,-5.841064453125
20.445312,-5.841064453125
20.447266,-6.04248046875
20.449219,-6.646728515625
20.451172,-7.452392578125
20.453125,4.0283203125
20.455078,3.021240234375
20.457031,27.593994140625
20.458984,26.5869140625
20.460938,25.982666015625
20.462891,25.579833984375
20.464844,25.37841796875
20.466797,25.579833984375
20.46875,25.982666015625
20.470703,26.5869140625
20.472656,27.593994140625
20.474609,28.399658203125
20.476562,29.40673828125
20.478516,30.21240234375
20.480469,31.01806640625
20.482422,31.622314453125
20.484375,32.025146484375
20.486328,49.54833984375
20.488281,49.346923828125
20.490234,48.944091796875
20.492188,48.138427734375
20.494141,47.332763671875
20.496094,46.32568359375
20.498047,45.318603515625
20.5,40.484619140625
20.501953,39.88037109375
20.503906,39.276123046875
20.505859,39.07470703125
20.507812,39.07470703125
20.509766,39.4775390625
20.511719,40.081787109375
20.513672,40.887451171875
20.515625,41.693115234375
20.517578,42.7001953125
20.519531,43.707275390625
20.521484,17.120361328125
20.523438,17.724609375
20.525391,18.12744140625
20.527344,18.328857421875
20.529297,18.12744140625
20.53125,1.007080078125
20.533203,-4.43115234375
20.535156,-5.23681640625
20.537109,-6.04248046875
20.539062,-7.049560546875
20.541016,-8.056640625
20.542969,-8.8623046875
20.544922,-9.26513671875
20.546875,-7.452392578125
20.548828,-7.452392578125
20.550781,-7.2509765625
20.552734,-6.84814453125
20.554688,-6.04248046875
20.556641,-5.23681640625
20.558594,-4.229736328125
20.560547,-3.22265625
20.5625,-2.4169921875
20.564453,23.968505859375
20.566406,24.371337890625
20.568359,24.57275390625
20.570312,24.57275390625
20.572266,24.169921875
20.574219,23.76708984375
20.576172,22.96142578125
20.578125,21.954345703125
20.580078,43.505859375
20.582031,42.498779296875
20.583984,41.693115234375
20.585938,41.0888671875
20.587891,40.68603515625
20.589844,40.484619140625
20.591797,40.68603515625
20.59375,41.0888671875
20.595703,43.505859375
20.597656,44.3115234375
20.599609,45.1171875
20.601562,46.124267578125
20.603516,47.13134765625
20.605469,47.93701171875
20.607422,48.33984375
20.609375,25.177001953125
20.611328,25.177001953125
20.613281,24.9755859375
20.615234,24.371337890625
20.617188,23.76708984375
20.619141,22.96142578125
20.621094,21.954345703125
20.623047,20.947265625
20.625,20.1416015625
20.626953,19.3359375
20.628906,18.93310546875
20.630859,18.731689453125
20.632812,-0.40283203125
20.634766,-0.201416015625
20.636719,0.40283203125
20.638672,1.20849609375
20.640625,-11.077880859375
20.642578,-10.07080078125
20.644531,-9.063720703125
20.646484,-8.258056640625
20.648438,-7.65380859375
20.650391,-7.2509765625
20.652344,11.68212890625
20.654297,11.480712890625
20.65625,11.077880859375
20.658203,10.4736328125
20.660156,9.66796875
20.662109,8.660888671875
20.664062,7.65380859375
20.666016,6.84814453125
20.667969,6.04248046875
20.669922,5.438232421875
20.671875,5.035400390625
20.673828,30.010986328125
20.675781,30.21240234375
20.677734,30.816650390625
20.679688,31.4208984375
20.681641,32.427978515625
20.683594,33.233642578125
20.685547,34.24072265625
20.6875,49.749755859375
20.689453,50.555419921875
20.691406,50.958251953125
20.693359,51.15966796875
20.695312,51.15966796875
20.697266,50.7568359375
20.699219,50.152587890625
20.701172,49.54833984375
20.703125,48.541259765625
20.705078,34.24072265625
20.707031,33.233642578125
20.708984,32.427978515625
20.710938,31.82373046875
20.712891,31.219482421875
20.714844,31.219482421875
20.716797,31.219482421875
20.71875,31.82373046875
20.720703,5.035400390625
20.722656,5.841064453125
20.724609,6.84814453125
20.726562,7.65380859375
20.728516,8.660888671875
20.730469,9.466552734375
20.732422,10.07080078125
20.734375,10.272216796875
20.736328,10.272216796875
20.738281,10.07080078125
20.740234,-6.4453125
20.742188,-7.049560546875
20.744141,-8.056640625
20.746094,-8.8623046875
20.748047,-9.869384765625
20.75,-10.675048828125
20.751953,-0.604248046875
20.753906,-1.007080078125
20.755859,-1.20849609375
20.757812,-1.20849609375
20.759766,-1.007080078125
20.761719,-0.40283203125
20.763672,0.40283203125
20.765625,1.409912109375
20.767578,2.215576171875
20.769531,30.010986328125
20.771484,30.816650390625
20.773438,31.4208984375
20.775391,31.82373046875
20.777344,32.025146484375
20.779297,31.82373046875
20.78125,31.4208984375
20.783203,47.13134765625
20.785156,46.32568359375
20.787109,45.52001953125
20.789062,44.512939453125
20.791016,43.505859375
20.792969,42.901611328125
20.794922,42.29736328125
20.796875,41.89453125
20.798828,38.470458984375
20.800781,38.671875
20.802734,39.07470703125
20.804688,39.88037109375
20.806641,40.68603515625
20.808594,41.693115234375
20.810547,42.7001953125
20.8125,43.505859375
20.814453,17.120361328125
20.816406,17.523193359375
20.818359,17.724609375
20.820312,17.724609375
20.822266,17.523193359375
20.824219,16.9189453125
20.826172,16.11328125
20.828125,15.106201171875
20.830078,-6.243896484375
20.832031,-7.2509765625
20.833984,-8.056640625
20.835938,-8.660888671875
20.837891,-9.063720703125
20.839844,-9.26513671875
20.841797,-9.063720703125
20.84375,-8.660888671875
20.845703,-8.056640625
20.847656,-5.6396484375
20.849609,-4.632568359375
20.851562,-3.826904296875
20.853516,-2.81982421875
20.855469,-2.01416015625
20.857422,-1.409912109375
20.859375,-1.20849609375
20.861328,-1.20849609375
20.863281,-1.409912109375
20.865234,-1.812744140625
20.867188,-2.618408203125
20.869141,14.703369140625
20.871094,13.897705078125
20.873047,12.890625
20.875,12.0849609375
20.876953,36.65771484375
20.878906,36.053466796875
20.880859,35.85205078125
20.882812,35.85205078125
20.884766,36.2548828125
20.886719,36.859130859375
20.888672,37.664794921875
20.890625,38.470458984375
20.892578,46.929931640625
20.894531,47.93701171875
20.896484,48.74267578125
20.898438,49.346923828125
20.900391,49.749755859375
20.902344,49.951171875
20.904297,49.749755859375
20.90625,49.346923828125
20.908203,48.74267578125
20.910156,29.8095703125
20.912109,29.00390625
20.914062,27.996826171875
20.916016,26.98974609375
20.917969,26.18408203125
20.919922,25.78125
20.921875,25.37841796875
20.923828,-0.604248046875
20.925781,-0.40283203125
20.927734,0.0
20.929688,0.8056640625
20.931641,1.611328125
20.933594,2.618408203125
20.935547,3.62548828125
20.9375,4.43115234375
20.939453,-3.62548828125
20.941406,-3.021240234375
20.943359,-2.81982421875
20.945312,-3.021240234375
20.947266,-3.22265625
20.949219,-3.826904296875
20.951172,-4.632568359375
20.953125,-5.438232421875
20.955078,-6.4453125
20.957031,-7.452392578125
20.958984,-8.258056640625
20.960938,-8.8623046875
20.962891,-9.26513671875
20.964844,-9.466552734375
20.966797,5.23681640625
20.96875,11.480712890625
20.970703,33.636474609375
20.972656,34.442138671875
20.974609,35.44921875
20.976562,36.456298828125
20.978516,37.261962890625
20.980469,38.067626953125
20.982422,38.671875
20.984375,39.07470703125
20.986328,39.07470703125
20.988281,50.555419921875
20.990234,49.951171875
20.992188,49.346923828125
20.994141,48.33984375
20.996094,47.5341796875
20.998047,46.527099609375
21.0,45.721435546875
21.001953,38.470458984375
21.003906,38.067626953125
21.005859,37.8662109375
21.007812,37.8662109375
21.009766,38.26904296875
21.011719,38.873291015625
21.013672,39.4775390625
21.015625,40.484619140625
21.017578,15.71044921875
21.019531,16.51611328125
21.021484,17.523193359375
21.023438,18.12744140625
21.025391,18.5302734375
21.027344,18.731689453125
21.029297,18.5302734375
21.03125,18.12744140625
21.033203,-5.035400390625
21.035156,-5.841064453125
21.037109,-6.646728515625
21.039062,-7.65380859375
21.041016,-8.660888671875
21.042969,-7.049560546875
21.044922,-7.452392578125
21.046875,-7.855224609375
21.048828,-7.855224609375
21.050781,-7.65380859375
21.052734,-7.2509765625
21.054688,-6.4453125
21.056641,-5.6396484375
21.058594,-4.632568359375
21.060547,-3.62548828125
21.0625,-2.81982421875
21.064453,-2.01416015625
21.066406,-1.611328125
21.068359,-1.409912109375
21.070312,-1.409912109375
21.072266,-1.812744140625
21.074219,-2.215576171875
21.076172,22.96142578125
21.078125,21.954345703125
21.080078,21.148681640625
21.082031,40.081787109375
21.083984,44.512939453125
21.085938,43.707275390625
21.087891,43.304443359375
21.089844,43.304443359375
21.091797,43.304443359375
21.09375,43.707275390625
21.095703,44.512939453125
21.097656,43.90869140625
21.099609,44.915771484375
21.101562,45.9228515625
21.103516,46.728515625
21.105469,47.5341796875
21.107422,48.138427734375
21.109375,48.541259765625
21.111328,48.541259765625
21.113281,24.9755859375
21.115234,24.57275390625
21.117188,23.76708984375
21.119141,22.96142578125
21.121094,21.954345703125
21.123047,20.947265625
21.125,20.1416015625
21.126953,19.3359375
21.128906,-6.646728515625
21.130859,-6.84814453125
21.132812,-6.84814453125
21.134766,-6.4453125
21.136719,-6.04248046875
21.138672,-5.23681640625
21.140625,-4.229736328125
21.142578,-3.22265625
21.144531,-3.826904296875
21.146484,-3.021240234375
21.148438,-2.4169921875
21.150391,-2.01416015625
21.152344,-1.812744140625
21.154297,-2.01416015625
21.15625,-2.4169921875
21.158203,-3.021240234375
21.160156,15.509033203125
21.162109,14.501953125
21.164062,13.494873046875
21.166016,12.689208984375
21.167969,11.883544921875
21.169922,11.279296875
21.171875,10.87646484375
21.173828,10.87646484375
21.175781,11.077880859375
21.177734,11.68212890625
21.179688,12.286376953125
21.181641,13.29345703125
21.183594,14.09912109375
21.185547,42.498779296875
21.1875,43.505859375
21.189453,44.110107421875
21.191406,51.361083984375
21.193359,51.5625
21.195312,51.361083984375
21.197266,51.15966796875
21.199219,50.555419921875
21.201172,49.749755859375
21.203125,48.944091796875
21.205078,34.844970703125
21.207031,33.837890625
21.208984,33.0322265625
21.210938,32.427978515625
21.212891,32.025146484375
21.214844,31.82373046875
21.216797,32.025146484375
21.21875,32.427978515625
21.220703,33.0322265625
21.222656,8.056640625
21.224609,8.8623046875
21.226562,9.869384765625
21.228516,10.87646484375
21.230469,11.480712890625
21.232422,12.0849609375
21.234375,12.48779296875
21.236328,-6.84814453125
21.238281,4.43115234375
21.240234,3.826904296875
21.242188,3.22265625
21.244141,2.215576171875
21.246094,1.409912109375
21.248047,0.40283203125
21.25,-0.40283203125
21.251953,-1.20849609375
21.253906,-1.611328125
21.255859,-2.01416015625
21.257812,-1.812744140625
21.259766,-1.611328125
21.261719,-1.007080078125
21.263672,-0.201416015625
21.265625,0.8056640625
21.267578,1.611328125
21.269531,2.618408203125
21.271484,30.010986328125
21.273438,30.615234375
21.275391,31.01806640625
21.277344,31.219482421875
21.279297,31.01806640625
21.28125,30.615234375
21.283203,30.010986328125
21.285156,29.205322265625
21.287109,28.1982421875
21.289062,27.191162109375
21.291016,26.385498046875
21.292969,46.124267578125
21.294922,45.52001953125
21.296875,45.318603515625
21.298828,45.318603515625
21.300781,37.46337890625
21.302734,38.067626953125
21.304688,38.671875
21.306641,39.678955078125
21.308594,40.68603515625
21.310547,41.49169921875
21.3125,42.498779296875
21.314453,43.10302734375
21.316406,43.707275390625
21.318359,18.328857421875
21.320312,18.328857421875
21.322266,17.926025390625
21.324219,17.32177734375
21.326172,16.51611328125
21.328125,15.71044921875
21.330078,14.703369140625
21.332031,13.6962890625
21.333984,-6.646728515625
21.335938,-7.452392578125
21.337891,-7.855224609375
21.339844,-7.855224609375
21.341797,-7.855224609375
21.34375,-7.452392578125
21.345703,-6.646728515625
21.347656,-2.81982421875
21.349609,-1.812744140625
21.351562,-0.8056640625
21.353516,0.0
21.355469,0.8056640625
21.357422,1.409912109375
21.359375,1.812744140625
21.361328,1.812744140625
21.363281,1.611328125
21.365234,23.76708984375
21.367188,22.96142578125
21.369141,22.15576171875
21.371094,21.148681640625
21.373047,20.343017578125
21.375,19.3359375
21.376953,18.731689453125
21.378906,18.12744140625
21.380859,42.7001953125
21.382812,42.7001953125
21.384766,43.10302734375
21.386719,43.505859375
21.388672,44.3115234375
21.390625,45.318603515625
21.392578,46.32568359375
21.394531,47.13134765625
21.396484,47.93701171875
21.398438,48.74267578125
21.400391,49.1455078125
21.402344,46.124267578125
21.404297,45.9228515625
21.40625,45.52001953125
21.408203,44.915771484375
21.410156,44.110107421875
21.412109,22.357177734375
21.414062,21.35009765625
21.416016,20.343017578125
21.417969,19.537353515625
21.419922,18.93310546875
21.421875,18.731689453125
21.423828,18.731689453125
21.425781,18.93310546875
21.427734,-7.452392578125
21.429688,-6.84814453125
21.431641,-5.841064453125
21.433594,-5.035400390625
21.435547,-7.855224609375
21.4375,-6.84814453125
21.439453,-6.243896484375
21.441406,-5.6396484375
21.443359,-5.438232421875
21.445312,-5.438232421875
21.447266,-5.841064453125
21.449219,-6.4453125
21.451172,-7.2509765625
21.453125,-8.056640625
21.455078,-9.063720703125
21.457031,-10.07080078125
21.458984,5.23681640625
21.460938,4.43115234375
21.462891,4.0283203125
21.464844,4.0283203125
21.466797,4.0283203125
21.46875,4.43115234375
21.470703,5.23681640625
21.472656,32.62939453125
21.474609,33.43505859375
21.476562,34.442138671875
21.478516,35.44921875
21.480469,36.2548828125
21.482422,36.65771484375
21.484375,37.060546875
21.486328,37.060546875
21.488281,36.859130859375
21.490234,52.569580078125
21.492188,51.96533203125
21.494141,50.958251953125
21.496094,50.152587890625
21.498047,49.1455078125
21.5,48.138427734375
21.501953,47.5341796875
21.503906,46.929931640625
21.505859,46.728515625
21.507812,46.728515625
21.509766,47.13134765625
21.511719,32.427978515625
21.513672,33.233642578125
21.515625,34.039306640625
21.517578,35.04638671875
21.519531,36.053466796875
21.521484,36.859130859375
21.523438,37.46337890625
21.525391,37.8662109375
21.527344,11.883544921875
21.529297,11.68212890625
21.53125,11.279296875
21.533203,10.675048828125
21.535156,9.869384765625
21.537109,-5.035400390625
21.539062,-6.04248046875
21.541016,-6.84814453125
21.542969,-7.65380859375
21.544922,-8.258056640625
21.546875,-8.45947265625
21.548828,-8.660888671875
21.550781,-8.45947265625
21.552734,-1.409912109375
21.554688,-0.8056640625
21.556641,0.201416015625
21.558594,1.007080078125
21.560547,2.01416015625
21.5625,2.81982421875
21.564453,3.62548828125
21.566406,4.0283203125
21.568359,4.43115234375
21.570312,32.2265625
21.572266,31.82373046875
21.574219,31.219482421875
21.576172,30.413818359375
21.578125,29.608154296875
21.580078,28.60107421875
21.582031,27.593994140625
21.583984,26.788330078125
21.585938,43.505859375
21.587891,43.10302734375
21.589844,42.901611328125
21.591797,43.10302734375
21.59375,43.505859375
21.595703,44.110107421875
21.597656,44.915771484375
21.599609,45.9228515625
21.601562,41.290283203125
21.603516,42.095947265625
21.605469,42.901611328125
21.607422,43.505859375
21.609375,43.90869140625
21.611328,43.90869140625
21.613281,43.707275390625
21.615234,43.10302734375
21.617188,42.498779296875
21.619141,23.162841796875
21.621094,15.509033203125
21.623047,14.501953125
21.625,13.494873046875
21.626953,12.890625
21.628906,-10.675048828125
21.630859,-11.077880859375
21.632812,-10.87646484375
21.634766,-10.675048828125
21.636719,-10.07080078125
21.638672,-9.26513671875
21.640625,-8.45947265625
21.642578,-7.452392578125
21.644531,-6.4453125
21.646484,-5.6396484375
21.648438,-2.01416015625
21.650391,1.611328125
21.652344,1.812744140625
21.654297,1.611328125
21.65625,1.20849609375
21.658203,0.604248046875
21.660156,-0.201416015625
21.662109,-1.20849609375
21.664062,20.54443359375
21.666016,19.73876953125
21.667969,18.93310546875
21.669922,18.328857421875
21.671875,17.926025390625
21.673828,17.926025390625
21.675781,18.12744140625
21.677734,18.731689453125
21.679688,42.901611328125
21.681641,43.707275390625
21.683594,44.71435546875
21.685547,45.721435546875
21.6875,46.527099609375
21.689453,47.332763671875
21.691406,47.735595703125
21.693359,50.555419921875
21.695312,48.74267578125
21.697266,48.33984375
21.699219,47.93701171875
21.701172,47.13134765625
21.703125,46.124267578125
21.705078,45.1171875
21.707031,44.3115234375
21.708984,43.505859375
21.710938,26.788330078125
21.712891,26.385498046875
21.714844,26.18408203125
21.716797,26.385498046875
21.71875,26.788330078125
21.720703,27.392578125
21.722656,28.1982421875
21.724609,29.205322265625
21.726562,30.21240234375
21.728516,31.01806640625
21.730469,31.82373046875
21.732422,24.774169921875
21.734375,4.43115234375
21.736328,4.43115234375
21.738281,4.229736328125
21.740234,-8.056640625
21.742188,-8.8623046875
21.744141,-9.66796875
21.746094,-10.675048828125
21.748047,-11.68212890625
21.75,-12.48779296875
21.751953,-13.092041015625
21.753906,-13.6962890625
21.755859,4.632568359375
21.757812,4.632568359375
21.759766,5.035400390625
21.761719,5.6396484375
21.763672,6.4453125
21.765625,7.2509765625
21.767578,8.258056640625
21.769531,9.26513671875
21.771484,10.07080078125
21.773438,37.261962890625
21.775391,37.8662109375
21.777344,37.8662109375
21.779297,37.8662109375
21.78125,37.261962890625
21.783203,36.65771484375
21.785156,35.85205078125
21.787109,34.844970703125
21.789062,48.74267578125
21.791016,47.735595703125
21.792969,46.929931640625
21.794922,46.32568359375
21.796875,46.124267578125
21.798828,46.124267578125
21.800781,46.32568359375
21.802734,46.728515625
21.804688,34.844970703125
21.806641,35.650634765625
21.808594,36.65771484375
21.810547,37.664794921875
21.8125,38.470458984375
21.814453,39.07470703125
21.816406,39.678955078125
21.818359,39.88037109375
21.820312,11.480712890625
21.822266,11.279296875
21.824219,-7.049560546875
21.826172,-7.855224609375
21.828125,-8.8623046875
21.830078,-9.66796875
21.832031,-10.675048828125
21.833984,-11.480712890625
21.835938,-12.0849609375
21.837891,-12.48779296875
21.839844,-12.689208984375
21.841797,-2.01416015625
21.84375,-1.611328125
21.845703,-1.007080078125
21.847656,-0.201416015625
21.849609,0.8056640625
21.851562,1.812744140625
21.853516,2.618408203125
21.855469,3.424072265625
21.857422,4.0283203125
21.859375,4.229736328125
21.861328,4.43115234375
21.863281,4.229736328125
21.865234,3.62548828125
21.867188,3.021240234375
21.869141,2.01416015625
21.871094,21.35009765625
21.873047,28.1982421875
21.875,27.392578125
21.876953,26.5869140625
21.878906,25.982666015625
21.880859,25.78125
21.882812,40.68603515625
21.884766,41.0888671875
21.886719,41.693115234375
21.888672,42.498779296875
21.890625,43.304443359375
21.892578,44.3115234375
21.894531,45.318603515625
21.896484,46.124267578125
21.898438,49.54833984375
21.900391,49.951171875
21.902344,50.152587890625
21.904297,49.951171875
21.90625,49.54833984375
21.908203,48.944091796875
21.910156,48.138427734375
21.912109,22.15576171875
21.914062,21.35009765625
21.916016,20.343017578125
21.917969,19.537353515625
21.919922,18.93310546875
21.921875,18.731689453125
21.923828,18.5302734375
21.925781,18.93310546875
21.927734,-5.6396484375
21.929688,-4.833984375
21.931641,-4.0283203125
21.933594,-3.021240234375
21.935547,-2.01416015625
21.9375,-1.20849609375
21.939453,-0.40283203125
21.941406,0.0
21.943359,0.201416015625
21.945312,0.201416015625
21.947266,-5.23681640625
21.949219,-5.841064453125
21.951172,-6.646728515625
21.953125,-7.452392578125
21.955078,-8.45947265625
21.957031,-9.466552734375
21.958984,12.689208984375
21.960938,11.883544921875
21.962891,11.480712890625
21.964844,11.480712890625
21.966797,11.480712890625
21.96875,11.883544921875
21.970703,12.689208984375
21.972656,13.494873046875
21.974609,41.89453125
21.976562,42.7001953125
21.978516,43.707275390625
21.980469,44.512939453125
21.982422,45.1171875
21.984375,45.318603515625
21.986328,45.318603515625
21.988281,45.1171875
21.990234,44.71435546875
21.992188,49.749755859375
21.994141,48.944091796875
21.996094,47.93701171875
21.998047,46.929931640625
22.0,46.124267578125
22.001953,45.318603515625
22.003906,44.915771484375
22.005859,26.18408203125
22.007812,26.18408203125
22.009766,26.5869140625
22.011719,27.191162109375
22.013672,27.996826171875
22.015625,28.802490234375
22.017578,29.8095703125
22.019531,10.4736328125
22.021484,11.279296875
22.023438,12.0849609375
22.025391,12.48779296875
22.027344,12.48779296875
22.029297,12.48779296875
22.03125,12.0849609375
22.033203,11.279296875
22.035156,10.4736328125
22.037109,9.66796875
22.039062,-8.056640625
22.041016,-9.063720703125
22.042969,-9.869384765625
22.044922,-10.4736328125
22.046875,-10.675048828125
22.048828,-10.675048828125
22.050781,-10.4736328125
22.052734,-10.07080078125
22.054688,-9.26513671875
22.056641,-8.45947265625
22.058594,-7.452392578125
22.060547,-6.4453125
22.0625,2.618408203125
22.064453,3.424072265625
22.066406,31.82373046875
22.068359,32.025146484375
22.070312,31.82373046875
22.072266,31.622314453125
22.074219,31.01806640625
22.076172,30.21240234375
22.078125,29.40673828125
22.080078,28.399658203125
22.082031,27.392578125
22.083984,26.5869140625
22.085938,25.982666015625
22.087891,44.110107421875
22.089844,43.90869140625
22.091797,44.110107421875
22.09375,44.512939453125
22.095703,45.1171875
22.097656,45.9228515625
22.099609,46.929931640625
22.101562,41.49169921875
22.103516,42.29736328125
22.105469,43.10302734375
22.107422,43.707275390625
22.109375,44.110107421875
22.111328,44.110107421875
22.113281,43.90869140625
22.115234,43.304443359375
22.117188,17.120361328125
22.119141,16.314697265625
22.121094,15.3076171875
22.123047,14.501953125
22.125,13.494873046875
22.126953,12.890625
22.128906,12.286376953125
22.130859,12.0849609375
22.132812,-8.45947265625
22.134766,-8.056640625
22.136719,-7.452392578125
22.138672,-6.84814453125
22.140625,-5.841064453125
22.142578,-4.833984375
22.144531,-4.0283203125
22.146484,-3.021240234375
22.148438,-2.4169921875
22.150391,-2.01416015625
22.152344,-1.812744140625
22.154297,-2.01416015625
22.15625,-2.4169921875
22.158203,-3.021240234375
22.160156,-3.826904296875
22.162109,-4.833984375
22.164062,-5.841064453125
22.166016,-6.646728515625
22.167969,19.134521484375
22.169922,18.5302734375
22.171875,18.12744140625
22.173828,18.12744140625
22.175781,18.328857421875
22.177734,42.498779296875
22.179688,43.10302734375
22.181641,44.110107421875
22.183594,44.915771484375
22.185547,45.9228515625
22.1875,46.728515625
22.189453,47.5341796875
22.191406,47.93701171875
22.193359,51.361083984375
22.195312,48.944091796875
22.197266,48.541259765625
22.199219,47.93701171875
22.201172,47.13134765625
22.203125,46.32568359375
22.205078,45.318603515625
22.207031,44.3115234375
22.208984,43.505859375
22.210938,26.385498046875
22.212891,25.982666015625
22.214844,0.201416015625
22.216797,0.201416015625
22.21875,0.604248046875
22.220703,1.409912109375
22.222656,2.215576171875
22.224609,3.021240234375
22.226562,4.0283203125
22.228516,5.035400390625
22.230469,5.841064453125
22.232422,6.243896484375
22.234375,6.646728515625
22.236328,6.646728515625
22.238281,6.4453125
22.240234,6.04248046875
22.242188,5.23681640625
22.244141,-5.438232421875
22.246094,-6.243896484375
22.248047,-7.2509765625
22.25,-8.258056640625
22.251953,-8.8623046875
22.253906,-9.466552734375
22.255859,4.632568359375
22.257812,4.632568359375
22.259766,5.035400390625
22.261719,5.6396484375
22.263672,6.4453125
22.265625,7.2509765625
22.267578,8.258056640625
22.269531,9.26513671875
22.271484,10.07080078125
22.273438,10.675048828125
22.275391,11.077880859375
22.277344,11.279296875
22.279297,11.077880859375
22.28125,38.067626953125
22.283203,37.46337890625
22.285156,36.65771484375
22.287109,46.527099609375
22.289062,45.52001953125
22.291016,44.512939453125
22.292969,43.90869140625
22.294922,43.304443359375
22.296875,42.901611328125
22.298828,42.901611328125
22.300781,43.10302734375
22.302734,43.505859375
22.304688,32.830810546875
22.306641,33.837890625
22.308594,34.844970703125
22.310547,35.650634765625
22.3125,36.65771484375
22.314453,37.261962890625
22.316406,37.8662109375
22.318359,38.067626953125
22.320312,10.4736328125
22.322266,10.07080078125
22.324219,9.66796875
22.326172,8.8623046875
22.328125,7.855224609375
22.330078,6.84814453125
22.332031,6.04248046875
22.333984,5.23681640625
22.335938,-12.0849609375
22.337891,-12.48779296875
22.339844,-12.689208984375
22.341797,-12.48779296875
22.34375,-12.0849609375
22.345703,-11.480712890625
22.347656,-10.675048828125
22.349609,-9.66796875
22.351562,2.01416015625
22.353516,2.81982421875
22.355469,3.62548828125
22.357422,4.229736328125
22.359375,4.632568359375
22.361328,4.632568359375
22.363281,4.43115234375
22.365234,3.826904296875
22.367188,29.40673828125
22.369141,28.399658203125
22.371094,27.392578125
22.373047,26.5869140625
22.375,25.579833984375
22.376953,24.9755859375
22.378906,24.371337890625
22.380859,24.169921875
22.382812,24.169921875
22.384766,24.57275390625
22.386719,25.177001953125
22.388672,25.982666015625
22.390625,26.788330078125
22.392578,27.79541015625
22.394531,28.802490234375
22.396484,43.707275390625
22.398438,44.3115234375
22.400391,44.71435546875
22.402344,44.915771484375
22.404297,44.71435546875
22.40625,44.3115234375
22.408203,43.707275390625
22.410156,15.911865234375
22.412109,14.90478515625
22.414062,13.897705078125
22.416016,13.092041015625
22.417969,12.286376953125
22.419922,11.68212890625
22.421875,11.279296875
22.423828,11.279296875
22.425781,11.480712890625
22.427734,12.0849609375
22.429688,-8.056640625
22.431641,-7.2509765625
22.433594,-6.243896484375
22.435547,-5.23681640625
22.4375,-4.43115234375
22.439453,-3.62548828125
22.441406,-3.22265625
22.443359,-3.021240234375
22.445312,-3.021240234375
22.447266,-4.229736328125
22.449219,-0.201416015625
22.451172,-1.007080078125
22.453125,-1.812744140625
22.455078,-2.81982421875
22.457031,-3.826904296875
22.458984,-4.632568359375
22.460938,-5.23681640625
22.462891,11.077880859375
22.464844,11.077880859375
22.466797,11.077880859375
22.46875,11.480712890625
22.470703,12.286376953125
22.472656,13.092041015625
22.474609,13.897705078125
22.476562,14.90478515625
22.478516,42.29736328125
22.480469,43.10302734375
22.482422,43.707275390625
22.484375,43.90869140625
22.486328,44.110107421875
22.488281,43.90869140625
22.490234,43.304443359375
22.492188,42.498779296875
22.494141,41.693115234375
22.496094,40.68603515625
22.498047,39.88037109375
22.5,44.110107421875
22.501953,43.505859375
22.503906,42.901611328125
22.505859,42.7001953125
22.507812,25.78125
22.509766,25.982666015625
22.511719,26.5869140625
22.513672,27.392578125
22.515625,28.399658203125
22.517578,29.205322265625
22.519531,30.21240234375
22.521484,31.01806640625
22.523438,5.841064453125
22.525391,6.243896484375
22.527344,6.4453125
22.529297,6.243896484375
22.53125,5.841064453125
22.533203,5.23681640625
22.535156,4.43115234375
22.537109,3.424072265625
22.539062,2.618408203125
22.541016,-7.65380859375
22.542969,-8.45947265625
22.544922,-9.063720703125
22.546875,-9.466552734375
22.548828,-9.466552734375
22.550781,-9.26513671875
22.552734,-8.660888671875
22.554688,-8.056640625
22.556641,6.243896484375
22.558594,7.2509765625
22.560547,8.258056640625
22.5625,9.063720703125
22.564453,9.869384765625
22.566406,10.272216796875
22.568359,10.4736328125
22.570312,10.4736328125
22.572266,38.470458984375
22.574219,37.8662109375
22.576172,37.060546875
22.578125,36.2548828125
22.580078,35.247802734375
22.582031,34.24072265625
22.583984,33.43505859375
22.585938,43.10302734375
22.587891,42.7001953125
22.589844,42.498779296875
22.591797,42.7001953125
22.59375,43.10302734375
22.595703,43.707275390625
22.597656,44.512939453125
22.599609,45.52001953125
22.601562,46.527099609375
22.603516,47.332763671875
22.605469,43.90869140625
22.607422,44.3115234375
22.609375,44.71435546875
22.611328,44.71435546875
22.613281,44.512939453125
22.615234,44.110107421875
22.617188,16.717529296875
22.619141,15.71044921875
22.621094,14.703369140625
22.623047,13.897705078125
22.625,12.890625
22.626953,12.286376953125
22.628906,11.68212890625
22.630859,11.480712890625
22.632812,11.480712890625
22.634766,-9.466552734375
22.636719,-8.8623046875
22.638672,-8.056640625
22.640625,-7.2509765625
22.642578,-6.243896484375
22.644531,-5.23681640625
22.646484,-4.43115234375
22.648438,-3.826904296875
22.650391,-3.62548828125
22.652344,-1.611328125
22.654297,-1.611328125
22.65625,-2.01416015625
22.658203,-2.81982421875
22.660156,-3.62548828125
22.662109,-4.43115234375
22.664062,20.54443359375
22.666016,19.537353515625
22.667969,18.93310546875
22.669922,18.328857421875
22.671875,17.926025390625
22.673828,17.926025390625
22.675781,18.12744140625
22.677734,18.731689453125
22.679688,19.3359375
22.681641,41.0888671875
22.683594,42.095947265625
22.685547,43.10302734375
22.6875,43.90869140625
22.689453,44.71435546875
22.691406,45.1171875
22.693359,45.318603515625
22.695312,45.318603515625
22.697266,44.915771484375
22.699219,47.735595703125
22.701172,46.929931640625
22.703125,46.124267578125
22.705078,45.1171875
22.707031,44.110107421875
22.708984,43.304443359375
22.710938,42.7001953125
22.712891,42.29736328125
22.714844,42.095947265625
22.716797,42.29736328125
22.71875,42.7001953125
22.720703,43.304443359375
22.722656,20.745849609375
22.724609,21.7529296875
22.726562,-3.826904296875
22.728516,-3.021240234375
22.730469,-2.215576171875
22.732422,-1.611328125
22.734375,-1.20849609375
22.736328,-1.20849609375
22.738281,-1.409912109375
22.740234,-2.01416015625
22.742188,-6.243896484375
22.744141,-7.049560546875
22.746094,-8.056640625
22.748047,-9.063720703125
22.75,-9.869384765625
22.751953,-10.675048828125
22.753906,-11.077880859375
22.755859,11.077880859375
22.757812,11.077880859375
22.759766,11.279296875
22.761719,11.883544921875
22.763672,12.689208984375
22.765625,13.6962890625
22.767578,14.703369140625
22.769531,15.509033203125
22.771484,16.314697265625
22.773438,17.120361328125
22.775391,17.523193359375
22.777344,41.49169921875
22.779297,41.49169921875
22.78125,41.0888671875
22.783203,40.283203125
22.785156,39.4775390625
22.787109,38.671875
22.789062,48.541259765625
22.791016,47.5341796875
22.792969,46.728515625
22.794922,46.124267578125
22.796875,45.9228515625
22.798828,45.721435546875
22.800781,33.233642578125
22.802734,33.837890625
22.804688,34.442138671875
22.806641,35.44921875
22.808594,36.2548828125
22.810547,37.261962890625
22.8125,38.067626953125
22.814453,38.873291015625
22.816406,39.4775390625
22.818359,39.678955078125
22.820312,39.4775390625
22.822266,39.276123046875
22.824219,38.671875
22.826172,37.8662109375
22.828125,37.060546875
22.830078,36.053466796875
22.832031,35.04638671875
22.833984,-10.87646484375
22.835938,-11.480712890625
22.837891,-11.883544921875
22.839844,-12.0849609375
22.841797,-11.883544921875
22.84375,-11.480712890625
22.845703,-10.87646484375
22.847656,-10.07080078125
22.849609,-9.063720703125
22.851562,-8.056640625
22.853516,3.62548828125
22.855469,4.43115234375
22.857422,5.035400390625
22.859375,5.23681640625
22.861328,5.438232421875
22.863281,5.035400390625
22.865234,4.632568359375
22.867188,29.40673828125
22.869141,28.60107421875
22.871094,27.593994140625
22.873047,26.788330078125
22.875,25.78125
22.876953,25.177001953125
22.878906,24.57275390625
22.880859,24.371337890625
22.882812,44.512939453125
22.884766,44.71435546875
22.886719,45.318603515625
22.888672,46.124267578125
22.890625,46.929931640625
22.892578,47.93701171875
22.894531,48.944091796875
22.896484,49.749755859375
22.898438,50.35400390625
22.900391,44.71435546875
22.902344,44.71435546875
22.904297,44.71435546875
22.90625,44.3115234375
22.908203,43.505859375
22.910156,42.7001953125
22.912109,41.89453125
22.914062,40.887451171875
22.916016,20.54443359375
22.917969,19.73876953125
22.919922,19.134521484375
22.921875,18.731689453125
22.923828,18.731689453125
22.925781,18.93310546875
22.927734,19.537353515625
22.929688,20.1416015625
22.931641,21.148681640625
22.933594,22.15576171875
22.935547,22.96142578125
22.9375,23.968505859375
22.939453,24.57275390625
22.941406,25.177001953125
22.943359,-2.4169921875
22.945312,-2.4169921875
22.947266,-2.81982421875
22.949219,-3.22265625
22.951172,-4.0283203125
22.953125,-5.035400390625
22.955078,-6.04248046875
22.957031,-6.84814453125
22.958984,-7.65380859375
22.960938,11.279296875
22.962891,10.87646484375
22.964844,10.675048828125
22.966797,10.87646484375
22.96875,11.279296875
22.970703,11.883544921875
22.972656,12.689208984375
22.974609,13.6962890625
22.976562,40.68603515625
22.978516,41.693115234375
22.980469,42.498779296875
22.982422,43.10302734375
22.984375,43.304443359375
22.986328,43.304443359375
22.988281,43.10302734375
22.990234,42.7001953125
22.992188,50.958251953125
22.994141,50.152587890625
22.996094,29.40673828125
22.998047,28.399658203125
23.0,27.593994140625
23.001953,26.788330078125
23.003906,26.385498046875
23.005859,26.18408203125
23.007812,26.18408203125
23.009766,26.5869140625
23.011719,27.191162109375
23.013672,27.79541015625
23.015625,28.802490234375
23.017578,29.8095703125
23.019531,30.615234375
23.021484,31.622314453125
23.023438,32.2265625
23.025391,32.62939453125
23.027344,4.229736328125
23.029297,4.0283203125
23.03125,3.62548828125
23.033203,3.021240234375
23.035156,2.215576171875
23.037109,1.20849609375
23.039062,0.40283203125
23.041016,-0.604248046875
23.042969,-1.409912109375
23.044922,-2.01416015625
23.046875,-2.215576171875
23.048828,-2.4169921875
23.050781,-13.29345703125
23.052734,-12.890625
23.054688,6.243896484375
23.056641,7.049560546875
23.058594,8.056640625
23.060547,9.063720703125
23.0625,9.869384765625
23.064453,10.675048828125
23.066406,11.077880859375
23.068359,11.480712890625
23.070312,11.279296875
23.072266,37.060546875
23.074219,36.456298828125
23.076172,35.85205078125
23.078125,34.844970703125
23.080078,33.837890625
23.082031,33.0322265625
23.083984,32.2265625
23.085938,31.4208984375
23.087891,42.29736328125
23.089844,42.095947265625
23.091797,42.29736328125
23.09375,42.7001953125
23.095703,43.304443359375
23.097656,44.3115234375
23.099609,45.1171875
23.101562,46.124267578125
23.103516,38.067626953125
23.105469,38.873291015625
23.107422,39.4775390625
23.109375,39.88037109375
23.111328,39.88037109375
23.113281,39.678955078125
23.115234,39.07470703125
23.117188,16.717529296875
23.119141,15.71044921875
23.121094,14.90478515625
23.123047,13.897705078125
23.125,12.890625
23.126953,12.286376953125
23.128906,11.68212890625
23.130859,11.480712890625
23.132812,-10.675048828125
23.134766,-10.272216796875
23.136719,-9.66796875
23.138672,-9.063720703125
23.140625,-8.056640625
23.142578,-7.049560546875
23.144531,-6.243896484375
23.146484,-5.23681640625
23.148438,-4.632568359375
23.150391,-4.229736328125
23.152344,-4.229736328125
23.154297,-4.229736328125
23.15625,-4.632568359375
23.158203,-5.23681640625
23.160156,-6.243896484375
23.162109,14.501953125
23.164062,20.745849609375
23.166016,19.73876953125
23.167969,18.93310546875
23.169922,18.328857421875
23.171875,18.12744140625
23.173828,17.926025390625
23.175781,18.328857421875
23.177734,18.731689453125
23.179688,19.537353515625
23.181641,41.693115234375
23.183594,42.7001953125
23.185547,43.707275390625
23.1875,44.512939453125
23.189453,45.318603515625
23.191406,49.54833984375
23.193359,49.951171875
23.195312,49.749755859375
23.197266,49.54833984375
23.199219,48.944091796875
23.201172,48.138427734375
23.203125,47.13134765625
23.205078,46.32568359375
23.207031,45.318603515625
23.208984,44.512939453125
23.210938,19.3359375
23.212891,18.93310546875
23.214844,18.731689453125
23.216797,18.93310546875
23.21875,19.3359375
23.220703,19.940185546875
23.222656,20.947265625
23.224609,21.7529296875
23.226562,-1.812744140625
23.228516,-0.8056640625
23.230469,0.0
23.232422,0.40283203125
23.234375,0.8056640625
23.236328,0.8056640625
23.238281,0.604248046875
23.240234,0.201416015625
23.242188,-0.604248046875
23.244141,-6.243896484375
23.246094,-7.2509765625
23.248047,-8.258056640625
23.25,-9.063720703125
23.251953,-9.66796875
23.253906,-10.272216796875
23.255859,-10.4736328125
23.257812,-10.4736328125
23.259766,-10.07080078125
23.261719,-9.466552734375
23.263672,-8.8623046875
23.265625,-7.855224609375
23.267578,-6.84814453125
23.269531,-6.04248046875
23.271484,41.693115234375
23.273438,42.498779296875
23.275391,42.901611328125
23.277344,42.901611328125
23.279297,42.901611328125
23.28125,42.498779296875
23.283203,41.693115234375
23.285156,40.887451171875
23.287109,40.081787109375
23.289062,39.07470703125
23.291016,49.1455078125
23.292969,48.33984375
23.294922,47.735595703125
23.296875,47.332763671875
23.298828,47.332763671875
23.300781,47.5341796875
23.302734,48.138427734375
23.304688,48.74267578125
23.306641,35.44921875
23.308594,36.2548828125
23.310547,37.261962890625
23.3125,38.067626953125
23.314453,38.873291015625
23.316406,39.276123046875
23.318359,39.678955078125
23.320312,39.4775390625
23.322266,11.883544921875
23.324219,11.279296875
23.326172,10.4736328125
23.328125,9.466552734375
23.330078,8.660888671875
23.332031,7.65380859375
23.333984,6.84814453125
23.335938,6.04248046875
23.337891,-13.897705078125
23.339844,-14.09912109375
23.341797,-13.897705078125
23.34375,-13.494873046875
23.345703,-12.890625
23.347656,-12.0849609375
23.349609,-11.077880859375
23.351562,-10.07080078125
23.353516,2.618408203125
23.355469,3.424072265625
23.357422,4.0283203125
23.359375,4.229736328125
23.361328,4.229736328125
23.363281,4.0283203125
23.365234,3.62548828125
23.367188,2.81982421875
23.369141,2.01416015625
23.371094,1.007080078125
23.373047,26.5869140625
23.375,25.579833984375
23.376953,24.9755859375
23.378906,24.371337890625
23.380859,24.169921875
23.382812,24.169921875
23.384766,24.57275390625
23.386719,43.10302734375
23.388672,43.90869140625
23.390625,44.915771484375
23.392578,45.9228515625
23.394531,46.728515625
23.396484,47.5341796875
23.398438,48.33984375
23.400391,42.7001953125
23.402344,42.901611328125
23.404297,42.7001953125
23.40625,42.29736328125
23.408203,41.693115234375
23.410156,40.68603515625
23.412109,39.88037109375
23.414062,38.873291015625
23.416016,13.494873046875
23.417969,12.689208984375
23.419922,12.286376953125
23.421875,11.883544921875
23.423828,11.883544921875
23.425781,12.0849609375
23.427734,12.48779296875
23.429688,13.29345703125
23.431641,-9.466552734375
23.433594,-8.45947265625
23.435547,-7.452392578125
23.4375,-6.646728515625
23.439453,-5.841064453125
23.441406,-5.438232421875
23.443359,-5.23681640625
23.445312,-5.23681640625
23.447266,-1.812744140625
23.449219,-2.4169921875
23.451172,-3.22265625
23.453125,-4.0283203125
23.455078,-5.035400390625
23.457031,-6.04248046875
23.458984,-6.84814453125
23.460938,-7.452392578125
23.462891,11.077880859375
23.464844,10.87646484375
23.466797,11.077880859375
23.46875,11.480712890625
23.470703,12.0849609375
23.472656,12.890625
23.474609,13.897705078125
23.476562,14.90478515625
23.478516,15.71044921875
23.480469,16.51611328125
23.482422,17.120361328125
23.484375,17.523193359375
23.486328,44.110107421875
23.488281,43.90869140625
23.490234,43.505859375
23.492188,48.33984375
23.494141,47.332763671875
23.496094,46.32568359375
23.498047,45.52001953125
23.5,44.512939453125
23.501953,43.90869140625
23.503906,43.304443359375
23.505859,43.10302734375
23.507812,24.9755859375
23.509766,25.177001953125
23.511719,25.78125
23.513672,26.5869140625
23.515625,27.593994140625
23.517578,28.399658203125
23.519531,29.40673828125
23.521484,30.21240234375
23.523438,30.816650390625
23.525391,3.62548828125
23.527344,3.826904296875
23.529297,3.62548828125
23.53125,3.22265625
23.533203,2.618408203125
23.535156,1.611328125
23.537109,0.8056640625
23.539062,-0.201416015625
23.541016,-7.855224609375
23.542969,-8.660888671875
23.544922,-9.26513671875
23.546875,-9.466552734375
23.548828,-9.66796875
23.550781,-9.466552734375
23.552734,-8.8623046875
23.554688,5.23681640625
23.556641,6.04248046875
23.558594,7.049560546875
23.560547,7.855224609375
23.5625,8.8623046875
23.564453,9.466552734375
23.566406,10.07080078125
23.568359,10.272216796875
23.570312,10.272216796875
23.572266,9.869384765625
23.574219,37.46337890625
23.576172,36.65771484375
23.578125,35.85205078125
23.580078,34.844970703125
23.582031,49.54833984375
23.583984,48.74267578125
23.585938,47.93701171875
23.587891,47.5341796875
23.589844,47.5341796875
23.591797,47.5341796875
23.59375,47.93701171875
23.595703,48.74267578125
23.597656,49.54833984375
23.599609,50.35400390625
23.601562,51.361083984375
23.603516,52.3681640625
23.605469,38.470458984375
23.607422,38.873291015625
23.609375,39.276123046875
23.611328,39.276123046875
23.613281,39.07470703125
23.615234,38.671875
23.617188,37.8662109375
23.619141,37.060546875
23.621094,7.855224609375
23.623047,6.84814453125
23.625,6.04248046875
23.626953,5.23681640625
23.628906,4.632568359375
23.630859,4.43115234375
23.632812,4.632568359375
23.634766,-10.4736328125
23.636719,-9.869384765625
23.638672,-9.063720703125
23.640625,-8.258056640625
23.642578,-7.2509765625
23.644531,-6.243896484375
23.646484,-5.438232421875
23.648438,-4.833984375
23.650391,-4.43115234375
23.652344,3.22265625
23.654297,3.021240234375
23.65625,2.618408203125
23.658203,2.01416015625
23.660156,1.20849609375
23.662109,0.201416015625
23.664062,-0.8056640625
23.666016,-1.611328125
23.667969,26.5869140625
23.669922,26.18408203125
23.671875,25.78125
23.673828,25.78125
23.675781,25.982666015625
23.677734,26.385498046875
23.679688,27.191162109375
23.681641,27.996826171875
23.683594,46.527099609375
23.685547,47.5341796875
23.6875,48.33984375
23.689453,49.1455078125
23.691406,49.54833984375
23.693359,49.749755859375
23.695312,49.749755859375
23.697266,49.346923828125
23.699219,48.74267578125
23.701172,48.138427734375
23.703125,47.13134765625
23.705078,46.124267578125
23.707031,45.318603515625
23.708984,43.90869140625
23.710938,43.10302734375
23.712891,18.731689453125
23.714844,18.5302734375
23.716797,18.731689453125
23.71875,19.134521484375
23.720703,19.73876953125
23.722656,20.54443359375
23.724609,21.551513671875
23.726562,22.55859375
23.728516,-2.01416015625
23.730469,-1.20849609375
23.732422,-0.604248046875
23.734375,-0.201416015625
23.736328,-0.201416015625
23.738281,-0.40283203125
23.740234,-1.007080078125
23.742188,-1.611328125
23.744141,-2.618408203125
23.746094,-9.063720703125
23.748047,-10.07080078125
23.75,-10.87646484375
23.751953,-11.68212890625
23.753906,-12.0849609375
23.755859,-12.286376953125
23.757812,-12.286376953125
23.759766,-11.883544921875
23.761719,-11.480712890625
23.763672,12.689208984375
23.765625,13.6962890625
23.767578,14.703369140625
23.769531,15.509033203125
23.771484,16.314697265625
23.773438,17.120361328125
23.775391,17.523193359375
23.777344,44.3115234375
23.779297,44.110107421875
23.78125,43.707275390625
23.783203,43.10302734375
23.785156,42.095947265625
23.787109,41.290283203125
23.789062,40.283203125
23.791016,39.276123046875
23.792969,38.671875
23.794922,38.067626953125
23.796875,37.664794921875
23.798828,37.664794921875
23.800781,37.8662109375
23.802734,42.29736328125
23.804688,43.10302734375
23.806641,43.90869140625
23.808594,29.8095703125
23.810547,30.816650390625
23.8125,31.622314453125
23.814453,32.427978515625
23.816406,32.830810546875
23.818359,33.0322265625
23.820312,33.0322265625
23.822266,32.62939453125
23.824219,32.2265625
23.826172,2.4169921875
23.828125,1.409912109375
23.830078,0.604248046875
23.832031,-0.40283203125
23.833984,-1.20849609375
23.835938,-1.812744140625
23.837891,-2.215576171875
23.839844,-11.68212890625
23.841797,-11.68212890625
23.84375,-11.279296875
23.845703,-10.4736328125
23.847656,-9.66796875
23.849609,-8.660888671875
23.851562,-7.855224609375
23.853516,-6.84814453125
23.855469,9.26513671875
23.857422,9.66796875
23.859375,10.07080078125
23.861328,10.07080078125
23.863281,9.869384765625
23.865234,9.466552734375
23.867188,8.660888671875
23.869141,7.855224609375
23.871094,6.84814453125
23.873047,34.039306640625
23.875,33.233642578125
23.876953,32.427978515625
23.878906,32.025146484375
23.880859,31.82373046875
23.882812,31.82373046875
23.884766,32.2265625
23.886719,32.62939453125
23.888672,44.71435546875
23.890625,45.52001953125
23.892578,46.527099609375
23.894531,47.5341796875
23.896484,48.33984375
23.898438,48.944091796875
23.900391,49.346923828125
23.902344,49.54833984375
23.904297,49.346923828125
23.90625,37.060546875
23.908203,36.456298828125
23.910156,35.650634765625
23.912109,34.6435546875
23.914062,33.837890625
23.916016,32.830810546875
23.917969,6.84814453125
23.919922,6.243896484375
23.921875,5.841064453125
23.923828,5.841064453125
23.925781,6.04248046875
23.927734,6.646728515625
23.929688,7.2509765625
23.931641,8.258056640625
23.933594,9.063720703125
23.935547,-8.8623046875
23.9375,-8.056640625
23.939453,-7.2509765625
23.941406,-6.84814453125
23.943359,-6.4453125
23.945312,-6.646728515625
23.947266,-6.84814453125
23.949219,-7.452392578125
23.951172,-8.258056640625
23.953125,0.8056640625
23.955078,-0.201416015625
23.957031,-1.20849609375
23.958984,-2.01416015625
23.960938,-2.618408203125
23.962891,-3.021240234375
23.964844,-3.22265625
23.966797,25.579833984375
23.96875,25.982666015625
23.970703,26.5869140625
23.972656,47.5341796875
23.974609,48.541259765625
23.976562,49.346923828125
23.978516,50.35400390625
23.980469,51.15966796875
23.982422,51.763916015625
23.984375,51.96533203125
23.986328,51.96533203125
23.988281,51.763916015625
23.990234,51.361083984375
23.992188,50.555419921875
23.994141,49.749755859375
23.996094,48.74267578125
23.998047,47.735595703125
24.0,43.10302734375
24.001953,42.498779296875
24.003906,41.89453125
24.005859,41.693115234375
24.007812,41.693115234375
24.009766,42.095947265625
24.011719,42.7001953125
24.013672,43.505859375
24.015625,44.3115234375
24.017578,45.318603515625
24.019531,46.32568359375
24.021484,47.13134765625
24.023438,47.735595703125
24.025391,25.177001953125
24.027344,25.37841796875
24.029297,-1.812744140625
24.03125,-2.215576171875
24.033203,-2.81982421875
24.035156,-3.62548828125
24.037109,-4.632568359375
24.039062,-5.6396484375
24.041016,-6.4453125
24.042969,-7.2509765625
24.044922,-11.883544921875
24.046875,-12.286376953125
24.048828,-12.286376953125
24.050781,-12.0849609375
24.052734,-11.480712890625
24.054688,-10.87646484375
24.056641,-10.07080078125
24.058594,-9.063720703125
24.060547,15.3076171875
24.0625,16.11328125
24.064453,16.9189453125
24.066406,17.32177734375
24.068359,17.523193359375
24.070312,17.523193359375
24.072266,17.120361328125
24.074219,16.51611328125
24.076172,43.10302734375
24.078125,42.29736328125
24.080078,41.290283203125
24.082031,40.283203125
24.083984,39.4775390625
24.085938,38.873291015625
24.087891,38.470458984375
24.089844,38.26904296875
24.091797,45.318603515625
24.09375,46.929931640625
24.095703,47.5341796875
24.097656,48.541259765625
24.099609,49.346923828125
24.101562,50.35400390625
24.103516,51.361083984375
24.105469,51.96533203125
24.107422,52.569580078125
24.109375,32.427978515625
24.111328,32.427978515625
24.113281,32.2265625
24.115234,31.622314453125
24.117188,31.01806640625
24.119141,30.010986328125
24.121094,29.00390625
24.123047,28.1982421875
24.125,27.191162109375
24.126953,26.5869140625
24.128906,25.982666015625
24.130859,25.78125
24.132812,25.78125
24.134766,-1.007080078125
24.136719,-11.480712890625
24.138672,-10.675048828125
24.140625,-9.869384765625
24.142578,-8.8623046875
24.144531,-7.855224609375
24.146484,-7.049560546875
24.148438,-6.4453125
24.150391,-6.04248046875
24.152344,-5.841064453125
24.154297,-6.04248046875
24.15625,3.424072265625
24.158203,2.81982421875
24.160156,2.01416015625
24.162109,1.007080078125
24.164062,0.0
24.166016,-0.8056640625
24.167969,25.579833984375
24.169922,25.177001953125
24.171875,24.774169921875
24.173828,24.774169921875
24.175781,24.9755859375
24.177734,25.37841796875
24.179688,26.18408203125
24.181641,26.98974609375
24.183594,27.996826171875
24.185547,29.00390625
24.1875,49.1455078125
24.189453,49.951171875
24.191406,50.35400390625
24.193359,50.555419921875
24.195312,50.555419921875
24.197266,50.152587890625
24.199219,49.54833984375
24.201172,42.498779296875
24.203125,41.693115234375
24.205078,40.68603515625
24.207031,39.678955078125
24.208984,38.873291015625
24.210938,38.26904296875
24.212891,37.8662109375
24.214844,37.664794921875
24.216797,11.883544921875
24.21875,12.286376953125
24.220703,12.890625
24.222656,13.6962890625
24.224609,14.703369140625
24.226562,15.71044921875
24.228516,16.51611328125
24.230469,17.32177734375
24.232422,17.926025390625
24.234375,18.328857421875
24.236328,18.328857421875
24.238281,-2.4169921875
24.240234,-3.021240234375
24.242188,-3.62548828125
24.244141,-4.632568359375
24.246094,-2.215576171875
24.248047,-3.021240234375
24.25,-4.0283203125
24.251953,-4.632568359375
24.253906,-5.23681640625
24.255859,-5.438232421875
24.257812,-5.438232421875
24.259766,-5.035400390625
24.261719,-4.43115234375
24.263672,19.73876953125
24.265625,20.54443359375
24.267578,21.551513671875
24.269531,22.55859375
24.271484,23.3642578125
24.273438,23.968505859375
24.275391,24.371337890625
24.277344,24.57275390625
24.279297,43.90869140625
24.28125,46.527099609375
24.283203,45.9228515625
24.285156,45.1171875
24.287109,44.110107421875
24.289062,43.304443359375
24.291016,42.29736328125
24.292969,41.49169921875
24.294922,42.7001953125
24.296875,42.498779296875
24.298828,42.29736328125
24.300781,42.7001953125
24.302734,43.10302734375
24.304688,43.90869140625
24.306641,44.71435546875
24.308594,45.721435546875
24.310547,30.413818359375
24.3125,31.219482421875
24.314453,31.82373046875
24.316406,32.427978515625
24.318359,32.62939453125
24.320312,32.62939453125
24.322266,32.2265625
24.324219,31.622314453125
24.326172,5.23681640625
24.328125,4.229736328125
24.330078,3.22265625
24.332031,2.4169921875
24.333984,1.409912109375
24.335938,0.8056640625
24.337891,0.40283203125
24.339844,0.201416015625
24.341797,0.40283203125
24.34375,0.8056640625
24.345703,1.409912109375
24.347656,2.4169921875
24.349609,3.22265625
24.351562,-6.243896484375
24.353516,-5.438232421875
24.355469,10.87646484375
24.357422,11.480712890625
24.359375,11.883544921875
24.361328,11.883544921875
24.363281,39.276123046875
24.365234,38.671875
24.367188,37.8662109375
24.369141,37.060546875
24.371094,36.053466796875
24.373047,35.247802734375
24.375,34.24072265625
24.376953,33.636474609375
24.378906,33.0322265625
24.380859,32.830810546875
24.382812,32.830810546875
24.384766,33.233642578125
24.386719,33.837890625
24.388672,34.6435546875
24.390625,35.44921875
24.392578,46.124267578125
24.394531,46.929931640625
24.396484,47.735595703125
24.398438,48.541259765625
24.400391,48.944091796875
24.402344,48.944091796875
24.404297,37.060546875
24.40625,36.65771484375
24.408203,35.85205078125
24.410156,35.04638671875
24.412109,34.24072265625
24.414062,33.233642578125
24.416016,32.2265625
24.417969,31.4208984375
24.419922,30.816650390625
24.421875,5.035400390625
24.423828,5.035400390625
24.425781,5.23681640625
24.427734,5.6396484375
24.429688,6.4453125
24.431641,7.2509765625
24.433594,8.258056640625
24.435547,-5.438232421875
24.4375,-4.632568359375
24.439453,-3.826904296875
24.441406,-3.424072265625
24.443359,-3.021240234375
24.445312,-3.22265625
24.447266,-3.424072265625
24.449219,-4.0283203125
24.451172,-4.833984375
24.453125,-5.6396484375
24.455078,-6.646728515625
24.457031,-7.65380859375
24.458984,-8.45947265625
24.460938,-1.20849609375
24.462891,-1.611328125
24.464844,-1.812744140625
24.466797,-1.611328125
24.46875,-1.20849609375
24.470703,19.134521484375
24.472656,19.940185546875
24.474609,20.947265625
24.476562,21.7529296875
24.478516,22.760009765625
24.480469,23.565673828125
24.482422,45.1171875
24.484375,45.52001953125
24.486328,45.52001953125
24.488281,45.318603515625
24.490234,44.915771484375
24.492188,44.110107421875
24.494141,43.304443359375
24.496094,42.29736328125
24.498047,43.90869140625
24.5,42.901611328125
24.501953,42.29736328125
24.503906,41.693115234375
24.505859,41.49169921875
24.507812,41.49169921875
24.509766,41.89453125
24.511719,42.498779296875
24.513672,43.304443359375
24.515625,21.35009765625
24.517578,22.357177734375
24.519531,23.162841796875
24.521484,23.968505859375
24.523438,24.774169921875
24.525391,25.177001953125
24.527344,25.177001953125
24.529297,2.215576171875
24.53125,1.812744140625
24.533203,1.20849609375
24.535156,0.201416015625
24.537109,-0.604248046875
24.539062,-1.611328125
24.541016,-2.618408203125
24.542969,-3.22265625
24.544922,-7.452392578125
24.546875,-7.855224609375
24.548828,-7.855224609375
24.550781,-7.65380859375
24.552734,-7.049560546875
24.554688,-6.4453125
24.556641,-5.438232421875
24.558594,14.300537109375
24.560547,15.106201171875
24.5625,16.11328125
24.564453,16.717529296875
24.566406,17.32177734375
24.568359,17.523193359375
24.570312,17.523193359375
24.572266,17.120361328125
24.574219,16.51611328125
24.576172,15.71044921875
24.578125,41.693115234375
24.580078,40.68603515625
24.582031,39.88037109375
24.583984,38.873291015625
24.585938,38.26904296875
24.587891,37.8662109375
24.589844,37.664794921875
24.591797,45.52001953125
24.59375,45.9228515625
24.595703,46.527099609375
24.597656,47.332763671875
24.599609,48.33984375
24.601562,49.346923828125
24.603516,50.152587890625
24.605469,50.958251953125
24.607422,51.5625
24.609375,32.62939453125
24.611328,32.62939453125
24.613281,32.427978515625
24.615234,31.82373046875
24.617188,31.219482421875
24.619141,30.413818359375
24.621094,29.40673828125
24.623047,2.01416015625
24.625,1.20849609375
24.626953,0.40283203125
24.628906,0.0
24.630859,-0.40283203125
24.632812,-0.201416015625
24.634766,0.0
24.636719,0.604248046875
24.638672,1.409912109375
24.640625,-3.22265625
24.642578,-8.056640625
24.644531,-7.2509765625
24.646484,-6.243896484375
24.648438,-5.6396484375
24.650391,-5.23681640625
24.652344,-5.035400390625
24.654297,-5.23681640625
24.65625,3.424072265625
24.658203,2.81982421875
24.660156,2.01416015625
24.662109,1.007080078125
24.664062,0.0
24.666016,-0.8056640625
24.667969,-1.611328125
24.669922,-2.215576171875
24.671875,-2.4169921875
24.673828,-2.618408203125
24.675781,-2.215576171875
24.677734,-1.812744140625
24.679688,26.788330078125
24.681641,27.593994140625
24.683594,49.1455078125
24.685547,50.152587890625
24.6875,50.958251953125
24.689453,51.763916015625
24.691406,52.166748046875
24.693359,52.3681640625
24.695312,52.3681640625
24.697266,51.96533203125
24.699219,41.49169921875
24.701172,40.68603515625
24.703125,39.88037109375
24.705078,38.873291015625
24.707031,37.8662109375
24.708984,37.060546875
24.710938,36.456298828125
24.712891,36.053466796875
24.714844,11.077880859375
24.716797,11.279296875
24.71875,11.68212890625
24.720703,12.286376953125
24.722656,13.29345703125
24.724609,14.09912109375
24.726562,15.106201171875
24.728516,16.11328125
24.730469,16.717529296875
24.732422,-1.007080078125
24.734375,-0.604248046875
24.736328,-0.604248046875
24.738281,-0.8056640625
24.740234,-1.20849609375
24.742188,-2.01416015625
24.744141,-2.81982421875
24.746094,-5.035400390625
24.748047,-6.04248046875
24.75,-6.84814453125
24.751953,-7.65380859375
24.753906,11.279296875
24.755859,11.077880859375
24.757812,11.077880859375
24.759766,11.480712890625
24.761719,12.0849609375
24.763672,12.890625
24.765625,13.6962890625
24.767578,14.703369140625
24.769531,15.71044921875
24.771484,16.51611328125
24.773438,17.120361328125
24.775391,17.523193359375
24.777344,17.724609375
24.779297,17.523193359375
24.78125,17.120361328125
24.783203,16.51611328125
24.785156,15.71044921875
24.787109,14.703369140625
24.789062,40.283203125
24.791016,46.527099609375
24.792969,45.721435546875
24.794922,45.1171875
24.796875,44.71435546875
24.798828,44.71435546875
24.800781,44.915771484375
24.802734,45.52001953125
24.804688,46.124267578125
24.806641,46.929931640625
24.808594,47.93701171875
24.810547,30.010986328125
24.8125,31.01806640625
24.814453,31.622314453125
24.816406,32.2265625
24.818359,32.427978515625
24.820312,32.427978515625
24.822266,32.025146484375
24.824219,4.833984375
24.826172,4.0283203125
24.828125,3.021240234375
24.830078,2.01416015625
24.832031,1.20849609375
24.833984,0.40283203125
24.835938,-0.40283203125
24.837891,-0.8056640625
24.839844,-0.8056640625
24.841797,-10.272216796875
24.84375,-9.869384765625
24.845703,-9.063720703125
24.847656,-8.258056640625
24.849609,-7.452392578125
24.851562,-6.4453125
24.853516,-5.438232421875
24.855469,-4.632568359375
24.857422,11.68212890625
24.859375,11.883544921875
24.861328,12.0849609375
24.863281,11.68212890625
24.865234,11.279296875
24.867188,10.4736328125
24.869141,9.66796875
24.871094,8.660888671875
24.873047,33.43505859375
24.875,32.62939453125
24.876953,31.82373046875
24.878906,31.4208984375
24.880859,31.01806640625
24.882812,31.219482421875
24.884766,31.4208984375
24.886719,32.025146484375
24.888672,32.830810546875
24.890625,33.837890625
24.892578,34.6435546875
24.894531,35.650634765625
24.896484,36.456298828125
24.898438,37.060546875
24.900391,53.778076171875
24.902344,39.07470703125
24.904297,39.07470703125
24.90625,38.671875
24.908203,37.8662109375
24.910156,37.060546875
24.912109,36.2548828125
24.914062,35.247802734375
24.916016,34.24072265625
24.917969,33.43505859375
24.919922,4.0283203125
24.921875,3.826904296875
24.923828,3.826904296875
24.925781,4.0283203125
24.927734,4.43115234375
24.929688,5.23681640625
24.931641,6.04248046875
24.933594,7.049560546875
24.935547,-5.438232421875
24.9375,-4.43115234375
24.939453,-3.826904296875
24.941406,-3.22265625
24.943359,-3.021240234375
24.945312,-3.021240234375
24.947266,-3.424072265625
24.949219,5.23681640625
24.951172,4.43115234375
24.953125,3.424072265625
24.955078,2.4169921875
24.957031,1.611328125
24.958984,0.8056640625
24.960938,0.0
24.962891,-0.40283203125
24.964844,-0.40283203125
24.966797,-0.40283203125
24.96875,25.579833984375
24.970703,26.385498046875
24.972656,27.191162109375
24.974609,27.996826171875
24.976562,29.00390625
24.978516,30.010986328125
24.980469,30.816650390625
24.982422,31.219482421875
24.984375,47.93701171875
24.986328,47.93701171875
24.988281,47.735595703125
24.990234,47.332763671875
24.992188,46.527099609375
24.994141,45.721435546875
24.996094,44.71435546875
24.998047,43.707275390625
25.0,42.901611328125
25.001953,42.095947265625
25.003906,41.693115234375
25.005859,41.49169921875
25.007812,37.664794921875
25.009766,38.067626953125
25.011719,38.470458984375
25.013672,13.897705078125
25.015625,14.703369140625
25.017578,15.71044921875
25.019531,16.717529296875
25.021484,17.523193359375
25.023438,18.12744140625
25.025391,18.5302734375
25.027344,18.731689453125
25.029297,18.5302734375
25.03125,-0.201416015625
25.033203,-0.8056640625
25.035156,-1.611328125
25.037109,-2.618408203125
25.039062,-3.62548828125
25.041016,-4.43115234375
25.042969,-5.23681640625
25.044922,-5.841064453125
25.046875,-10.4736328125
25.048828,-10.675048828125
25.050781,-10.272216796875
25.052734,-9.869384765625
25.054688,-9.063720703125
25.056641,-8.258056640625
25.058594,-7.2509765625
25.060547,-6.243896484375
25.0625,16.51611328125
25.064453,17.120361328125
25.066406,17.724609375
25.068359,17.926025390625
25.070312,17.926025390625
25.072266,17.523193359375
25.074219,16.9189453125
25.076172,16.11328125
25.078125,39.678955078125
25.080078,38.873291015625
25.082031,37.8662109375
25.083984,37.060546875
25.085938,36.456298828125
25.087891,35.85205078125
25.089844,35.85205078125
25.091797,35.85205078125
25.09375,47.332763671875
25.095703,47.93701171875
25.097656,48.74267578125
25.099609,49.749755859375
25.101562,50.7568359375
25.103516,51.5625
25.105469,52.3681640625
25.107422,52.972412109375
25.109375,53.173828125
25.111328,53.375244140625
25.113281,52.972412109375
25.115234,52.569580078125
25.117188,30.21240234375
25.119141,29.40673828125
25.121094,28.399658203125
25.123047,3.021240234375
25.125,2.01416015625
25.126953,1.409912109375
25.128906,0.8056640625
25.130859,0.604248046875
25.132812,0.604248046875
25.134766,1.007080078125
25.136719,1.611328125
25.138672,2.4169921875
25.140625,-8.056640625
25.142578,-7.049560546875
25.144531,9.869384765625
25.146484,10.675048828125
25.148438,11.279296875
25.150391,11.68212890625
25.152344,11.883544921875
25.154297,11.68212890625
25.15625,11.279296875
25.158203,10.675048828125
25.160156,9.869384765625
25.162109,8.8623046875
25.164062,7.855224609375
25.166016,7.049560546875
25.167969,6.243896484375
25.169922,5.6396484375
25.171875,5.23681640625
25.173828,5.23681640625
25.175781,31.82373046875
25.177734,32.427978515625
25.179688,33.233642578125
25.181641,34.039306640625
25.183594,35.04638671875
25.185547,35.85205078125
25.1875,48.138427734375
25.189453,48.944091796875
25.191406,49.346923828125
25.193359,49.54833984375
25.195312,49.54833984375
25.197266,49.346923828125
25.199219,48.74267578125
25.201172,47.93701171875
25.203125,46.929931640625
25.205078,35.44921875
25.207031,34.442138671875
25.208984,33.636474609375
25.210938,33.0322265625
25.212891,32.62939453125
25.214844,32.427978515625
25.216797,32.62939453125
25.21875,33.0322265625
25.220703,33.636474609375
25.222656,34.442138671875
25.224609,35.44921875
25.226562,9.466552734375
25.228516,10.272216796875
25.230469,11.077880859375
25.232422,11.68212890625
25.234375,-3.021240234375
25.236328,-2.81982421875
25.238281,-3.22265625
25.240234,-3.62548828125
25.242188,-4.43115234375
25.244141,-5.23681640625
25.246094,-6.243896484375
25.248047,-7.2509765625
25.25,-8.056640625
25.251953,-0.40283203125
25.253906,-0.8056640625
25.255859,-1.007080078125
25.257812,-1.007080078125
25.259766,-0.604248046875
25.261719,-0.201416015625
25.263672,0.604248046875
25.265625,1.611328125
25.267578,21.7529296875
25.269531,22.55859375
25.271484,23.3642578125
25.273438,24.169921875
25.275391,24.57275390625
25.277344,24.57275390625
25.279297,24.57275390625
25.28125,46.527099609375
25.283203,45.9228515625
25.285156,45.1171875
25.287109,44.110107421875
25.289062,43.10302734375
25.291016,42.29736328125
25.292969,41.49169921875
25.294922,40.887451171875
25.296875,40.484619140625
25.298828,40.484619140625
25.300781,40.68603515625
25.302734,41.0888671875
25.304688,41.89453125
25.306641,42.7001953125
25.308594,43.707275390625
25.310547,44.71435546875
25.3125,45.52001953125
25.314453,46.32568359375
25.316406,25.177001953125
25.318359,25.37841796875
25.320312,25.37841796875
25.322266,25.177001953125
25.324219,24.57275390625
25.326172,23.76708984375
25.328125,22.760009765625
25.330078,-2.215576171875
25.332031,-3.22265625
25.333984,-4.0283203125
25.335938,-4.632568359375
25.337891,-5.035400390625
25.339844,-9.466552734375
25.341797,-9.466552734375
25.34375,-9.063720703125
25.345703,-8.258056640625
25.347656,-7.452392578125
25.349609,-6.646728515625
25.351562,-5.6396484375
25.353516,-4.632568359375
25.355469,-3.826904296875
25.357422,-3.424072265625
25.359375,-3.021240234375
25.361328,17.724609375
25.363281,17.523193359375
25.365234,17.120361328125
25.367188,16.314697265625
25.369141,15.509033203125
25.371094,14.501953125
25.373047,13.494873046875
25.375,12.689208984375
25.376953,38.26904296875
25.378906,37.664794921875
25.380859,37.46337890625
25.382812,37.46337890625
25.384766,37.8662109375
25.386719,38.470458984375
25.388672,39.276123046875
25.390625,40.081787109375
25.392578,45.1171875
25.394531,46.124267578125
25.396484,46.929931640625
25.398438,47.5341796875
25.400391,47.93701171875
25.402344,48.138427734375
25.404297,47.93701171875
25.40625,47.5341796875
25.408203,31.4208984375
25.410156,30.615234375
25.412109,29.608154296875
25.414062,28.802490234375
25.416016,27.79541015625
25.417969,26.98974609375
25.419922,26.385498046875
25.421875,26.18408203125
25.423828,0.201416015625
25.425781,0.40283203125
25.427734,1.007080078125
25.429688,1.611328125
25.431641,2.618408203125
25.433594,3.424072265625
25.435547,4.43115234375
25.4375,5.438232421875
25.439453,6.04248046875
25.441406,6.646728515625
25.443359,6.84814453125
25.445312,6.84814453125
25.447266,6.4453125
25.449219,-8.45947265625
25.451172,-9.26513671875
25.453125,-10.07080078125
25.455078,0.40283203125
25.457031,-0.604248046875
25.458984,-1.409912109375
25.460938,-2.01416015625
25.462891,-2.4169921875
25.464844,-2.618408203125
25.466797,-2.4169921875
25.46875,25.579833984375
25.470703,26.18408203125
25.472656,26.98974609375
25.474609,27.996826171875
25.476562,29.00390625
25.478516,29.8095703125
25.480469,30.615234375
25.482422,31.219482421875
25.484375,31.622314453125
25.486328,31.622314453125
25.488281,51.763916015625
25.490234,51.15966796875
25.492188,50.555419921875
25.494141,49.54833984375
25.496094,48.74267578125
25.498047,47.735595703125
25.5,46.929931640625
25.501953,40.081787109375
25.503906,39.678955078125
25.505859,39.4775390625
25.507812,39.4775390625
25.509766,39.678955078125
25.511719,40.283203125
25.513672,41.0888671875
25.515625,42.095947265625
25.517578,15.106201171875
25.519531,15.911865234375
25.521484,16.717529296875
25.523438,17.523193359375
25.525391,17.926025390625
25.527344,17.926025390625
25.529297,17.926025390625
25.53125,17.523193359375
25.533203,16.717529296875
25.535156,-4.43115234375
25.537109,-5.438232421875
25.539062,-6.4453125
25.541016,-7.2509765625
25.542969,-8.056640625
25.544922,-8.660888671875
25.546875,-9.063720703125
25.548828,-9.063720703125
25.550781,-8.8623046875
25.552734,-8.258056640625
25.554688,-7.65380859375
25.556641,-6.646728515625
25.558594,-5.6396484375
25.560547,22.357177734375
25.5625,23.162841796875
25.564453,23.968505859375
25.566406,24.371337890625
25.568359,24.57275390625
25.570312,24.57275390625
25.572266,24.371337890625
25.574219,23.76708984375
25.576172,22.96142578125
25.578125,21.954345703125
25.580078,20.947265625
25.582031,33.43505859375
25.583984,40.887451171875
25.585938,40.283203125
25.587891,39.88037109375
25.589844,39.678955078125
25.591797,39.88037109375
25.59375,40.283203125
25.595703,40.887451171875
25.597656,46.124267578125
25.599609,43.10302734375
25.601562,44.110107421875
25.603516,44.915771484375
25.605469,45.721435546875
25.607422,46.32568359375
25.609375,46.527099609375
25.611328,46.728515625
25.613281,32.2265625
25.615234,24.57275390625
25.617188,23.76708984375
25.619141,22.96142578125
25.621094,21.954345703125
25.623047,21.148681640625
25.625,20.1416015625
25.626953,-6.243896484375
25.628906,-6.646728515625
25.630859,-7.049560546875
25.632812,-6.84814453125
25.634766,-6.646728515625
25.636719,-6.04248046875
25.638672,-5.23681640625
25.640625,-4.229736328125
25.642578,-7.2509765625
25.644531,-6.243896484375
25.646484,-5.438232421875
25.648438,-4.833984375
25.650391,-4.43115234375
25.652344,-4.229736328125
25.654297,-4.43115234375
25.65625,-4.833984375
25.658203,-5.438232421875
25.660156,-6.243896484375
25.662109,14.300537109375
25.664062,13.29345703125
25.666016,12.286376953125
25.667969,11.480712890625
25.669922,11.077880859375
25.671875,10.675048828125
25.673828,30.816650390625
25.675781,37.46337890625
25.677734,37.8662109375
25.679688,38.671875
25.681641,39.4775390625
25.683594,40.484619140625
25.685547,41.49169921875
25.6875,42.29736328125
25.689453,43.10302734375
25.691406,49.346923828125
25.693359,49.749755859375
25.695312,49.54833984375
25.697266,49.346923828125
25.699219,48.74267578125
25.701172,47.93701171875
25.703125,46.929931640625
25.705078,46.124267578125
25.707031,34.442138671875
25.708984,33.636474609375
25.710938,33.0322265625
25.712891,32.427978515625
25.714844,32.427978515625
25.716797,32.427978515625
25.71875,33.0322265625
25.720703,33.636474609375
25.722656,7.855224609375
25.724609,8.660888671875
25.726562,9.66796875
25.728516,10.675048828125
25.730469,-7.2509765625
25.732422,-6.84814453125
25.734375,-6.4453125
25.736328,-6.4453125
25.738281,-6.646728515625
25.740234,-7.049560546875
25.742188,-7.855224609375
25.744141,-8.660888671875
25.746094,-9.66796875
25.748047,-10.675048828125
25.75,-11.480712890625
25.751953,-12.286376953125
25.753906,-12.689208984375
25.755859,-1.20849609375
25.757812,-1.007080078125
25.759766,-0.8056640625
25.761719,-0.201416015625
25.763672,0.604248046875
25.765625,1.409912109375
25.767578,2.4169921875
25.769531,3.424072265625
25.771484,4.229736328125
25.773438,4.833984375
25.775391,5.23681640625
25.777344,5.438232421875
25.779297,32.2265625
25.78125,31.82373046875
25.783203,31.01806640625
25.785156,30.21240234375
25.787109,29.40673828125
25.789062,28.399658203125
25.791016,44.110107421875
25.792969,43.505859375
25.794922,42.901611328125
25.796875,42.498779296875
25.798828,42.498779296875
25.800781,38.671875
25.802734,39.276123046875
25.804688,39.88037109375
25.806641,40.887451171875
25.808594,41.89453125
25.810547,42.7001953125
25.8125,43.707275390625
25.814453,44.3115234375
25.816406,44.915771484375
25.818359,18.12744140625
25.820312,17.926025390625
25.822266,17.724609375
25.824219,17.120361328125
25.826172,16.314697265625
25.828125,15.509033203125
25.830078,14.501953125
25.832031,13.494873046875
25.833984,0.604248046875
25.835938,-11.480712890625
25.837891,-11.883544921875
25.839844,-12.0849609375
25.841797,-11.883544921875
25.84375,-11.480712890625
25.845703,-10.87646484375
25.847656,-5.23681640625
25.849609,-4.229736328125
25.851562,-3.424072265625
25.853516,-2.4169921875
25.855469,-1.611328125
25.857422,-1.007080078125
25.859375,-0.8056640625
25.861328,-0.604248046875
25.863281,-1.007080078125
25.865234,23.968505859375
25.867188,23.3642578125
25.869141,22.357177734375
25.871094,21.35009765625
25.873047,20.54443359375
25.875,19.537353515625
25.876953,18.93310546875
25.878906,18.328857421875
25.880859,18.12744140625
25.882812,18.12744140625
25.884766,36.053466796875
25.886719,36.65771484375
25.888672,37.261962890625
25.890625,38.26904296875
25.892578,39.276123046875
25.894531,40.081787109375
25.896484,41.0888671875
25.898438,41.693115234375
25.900391,51.763916015625
25.902344,51.96533203125
25.904297,51.763916015625
25.90625,51.361083984375
25.908203,50.7568359375
25.910156,30.21240234375
25.912109,29.205322265625
25.914062,28.1982421875
25.916016,27.392578125
25.917969,26.5869140625
25.919922,25.982666015625
25.921875,25.579833984375
25.923828,25.579833984375
25.925781,-0.8056640625
25.927734,-0.201416015625
25.929688,0.604248046875
25.931641,1.409912109375
25.933594,2.4169921875
25.935547,3.22265625
25.9375,4.229736328125
25.939453,4.833984375
25.941406,-3.021240234375
25.943359,-2.81982421875
25.945312,-2.81982421875
25.947266,-3.22265625
25.949219,-3.62548828125
25.951172,-4.43115234375
25.953125,-5.438232421875
25.955078,-6.4453125
25.957031,-7.2509765625
25.958984,6.243896484375
25.960938,5.6396484375
25.962891,5.23681640625
25.964844,5.035400390625
25.966797,5.23681640625
25.96875,5.6396484375
25.970703,6.243896484375
25.972656,32.830810546875
25.974609,33.837890625
25.976562,34.844970703125
25.978516,35.650634765625
25.980469,36.456298828125
25.982422,37.060546875
25.984375,37.261962890625
25.986328,37.46337890625
25.988281,37.261962890625
25.990234,36.65771484375
25.992188,35.85205078125
25.994141,35.04638671875
25.996094,34.039306640625
25.998047,33.233642578125
26.0,46.32568359375
26.001953,34.24072265625
26.003906,33.837890625
26.005859,33.636474609375
26.007812,33.636474609375
26.009766,33.837890625
26.011719,34.442138671875
26.013672,35.247802734375
26.015625,36.2548828125
26.017578,37.060546875
26.019531,38.067626953125
26.021484,10.87646484375
26.023438,11.480712890625
26.025391,11.883544921875
26.027344,12.0849609375
26.029297,11.883544921875
26.03125,11.480712890625
26.033203,10.87646484375
26.035156,10.07080078125
26.037109,-8.660888671875
26.039062,-9.66796875
26.041016,-10.4736328125
26.042969,-11.279296875
26.044922,-11.883544921875
26.046875,-12.0849609375
26.048828,-12.286376953125
26.050781,-12.0849609375
26.052734,-0.201416015625
26.054688,0.604248046875
26.056641,1.409912109375
26.058594,2.4169921875
26.060547,3.424072265625
26.0625,4.229736328125
26.064453,5.035400390625
26.066406,5.438232421875
26.068359,24.57275390625
26.070312,24.57275390625
26.072266,24.169921875
26.074219,23.565673828125
26.076172,22.760009765625
26.078125,21.954345703125
26.080078,20.947265625
26.082031,41.89453125
26.083984,41.0888671875
26.085938,40.484619140625
26.087891,40.081787109375
26.089844,39.88037109375
26.091797,40.081787109375
26.09375,40.484619140625
26.095703,41.0888671875
26.097656,41.89453125
26.099609,45.721435546875
26.101562,46.728515625
26.103516,47.5341796875
26.105469,48.33984375
26.107422,48.944091796875
26.109375,49.346923828125
26.111328,49.346923828125
26.113281,25.177001953125
26.115234,24.57275390625
26.117188,23.968505859375
26.119141,22.96142578125
26.121094,-4.229736328125
26.123047,-5.035400390625
26.125,-6.04248046875
26.126953,-6.646728515625
26.128906,-7.2509765625
26.130859,-7.452392578125
26.132812,-7.452392578125
26.134766,-7.049560546875
26.136719,-6.4453125
26.138672,-5.6396484375
26.140625,-4.833984375
26.142578,-3.826904296875
26.144531,-2.81982421875
26.146484,-5.841064453125
26.148438,-5.23681640625
26.150391,-4.833984375
26.152344,-4.632568359375
26.154297,-4.833984375
26.15625,-5.23681640625
26.158203,-5.841064453125
26.160156,15.71044921875
26.162109,14.703369140625
26.164062,13.6962890625
26.166016,12.890625
26.167969,12.0849609375
26.169922,11.480712890625
26.171875,11.077880859375
26.173828,11.077880859375
26.175781,11.279296875
26.177734,38.470458984375
26.179688,39.276123046875
26.181641,40.081787109375
26.183594,41.0888671875
26.185547,42.095947265625
26.1875,42.901611328125
26.189453,43.505859375
26.191406,44.110107421875
26.193359,49.54833984375
26.195312,49.346923828125
26.197266,49.1455078125
26.199219,48.541259765625
26.201172,47.735595703125
26.203125,46.728515625
26.205078,45.9228515625
26.207031,44.915771484375
26.208984,44.110107421875
26.210938,43.505859375
26.212891,43.10302734375
26.214844,42.901611328125
26.216797,24.9755859375
26.21875,25.37841796875
26.220703,25.982666015625
26.222656,5.841064453125
26.224609,1.409912109375
26.226562,2.215576171875
26.228516,3.22265625
26.230469,4.0283203125
26.232422,4.632568359375
26.234375,4.833984375
26.236328,5.035400390625
26.238281,4.632568359375
26.240234,4.229736328125
26.242188,-4.833984375
26.244141,-5.6396484375
26.246094,-6.646728515625
26.248047,-7.65380859375
26.25,-8.45947265625
26.251953,-9.26513671875
26.253906,-9.66796875
26.255859,-9.869384765625
26.257812,3.62548828125
26.259766,4.0283203125
26.261719,4.632568359375
26.263672,5.438232421875
26.265625,6.243896484375
26.267578,7.2509765625
26.269531,8.258056640625
26.271484,36.456298828125
26.273438,37.060546875
26.275391,37.46337890625
26.277344,37.664794921875
26.279297,37.46337890625
26.28125,37.060546875
26.283203,36.456298828125
26.285156,35.650634765625
26.287109,50.555419921875
26.289062,49.54833984375
26.291016,48.541259765625
26.292969,47.735595703125
26.294922,47.13134765625
26.296875,46.929931640625
26.298828,46.929931640625
26.300781,47.13134765625
26.302734,39.276123046875
26.304688,40.081787109375
26.306641,40.887451171875
26.308594,41.89453125
26.310547,42.901611328125
26.3125,43.707275390625
26.314453,44.512939453125
26.316406,17.724609375
26.318359,17.926025390625
26.320312,17.926025390625
26.322266,17.523193359375
26.324219,16.9189453125
26.326172,16.314697265625
26.328125,15.3076171875
26.330078,14.300537109375
26.332031,13.494873046875
26.333984,12.48779296875
26.335938,-10.272216796875
26.337891,-10.675048828125
26.339844,-10.675048828125
26.341797,-10.675048828125
26.34375,-10.272216796875
26.345703,-9.466552734375
26.347656,-8.660888671875
26.349609,-7.855224609375
26.351562,-8.45947265625
26.353516,3.021240234375
26.355469,3.826904296875
26.357422,4.229736328125
26.359375,4.632568359375
26.361328,4.632568359375
26.363281,4.43115234375
26.365234,4.0283203125
26.367188,23.162841796875
26.369141,22.357177734375
26.371094,21.35009765625
26.373047,20.343017578125
26.375,19.537353515625
26.376953,18.93310546875
26.378906,18.328857421875
26.380859,18.12744140625
26.382812,39.07470703125
26.384766,39.4775390625
26.386719,40.081787109375
26.388672,40.887451171875
26.390625,41.693115234375
26.392578,42.7001953125
26.394531,43.707275390625
26.396484,47.332763671875
26.398438,47.93701171875
26.400391,48.33984375
26.402344,48.541259765625
26.404297,48.33984375
26.40625,47.93701171875
26.408203,47.332763671875
26.410156,46.32568359375
26.412109,22.55859375
26.414062,21.551513671875
26.416016,20.54443359375
26.417969,19.73876953125
26.419922,19.3359375
26.421875,18.93310546875
26.423828,18.93310546875
26.425781,19.134521484375
26.427734,19.537353515625
26.429688,20.343017578125
26.431641,-1.812744140625
26.433594,-0.8056640625
26.435547,0.201416015625
26.4375,1.007080078125
26.439453,1.812744140625
26.441406,2.215576171875
26.443359,-5.841064453125
26.445312,-4.0283203125
26.447266,-4.43115234375
26.449219,-4.833984375
26.451172,-5.6396484375
26.453125,-6.646728515625
26.455078,-7.65380859375
26.457031,-8.45947265625
26.458984,11.68212890625
26.460938,10.87646484375
26.462891,10.4736328125
26.464844,10.4736328125
26.466797,10.4736328125
26.46875,10.87646484375
26.470703,11.68212890625
26.472656,12.48779296875
26.474609,13.29345703125
26.476562,40.283203125
26.478516,41.0888671875
26.480469,41.89453125
26.482422,42.498779296875
26.484375,42.901611328125
26.486328,42.901611328125
26.488281,42.7001953125
26.490234,42.095947265625
26.492188,50.555419921875
26.494141,49.54833984375
26.496094,48.541259765625
26.498047,47.735595703125
26.5,46.728515625
26.501953,46.124267578125
26.503906,45.52001953125
26.505859,45.318603515625
26.507812,32.62939453125
26.509766,32.830810546875
26.511719,7.049560546875
26.513672,7.65380859375
26.515625,8.660888671875
26.517578,9.66796875
26.519531,10.4736328125
26.521484,11.279296875
26.523438,12.0849609375
26.525391,12.48779296875
26.527344,12.48779296875
26.529297,12.48779296875
26.53125,12.0849609375
26.533203,11.279296875
26.535156,10.4736328125
26.537109,9.66796875
26.539062,8.660888671875
26.541016,7.65380859375
26.542969,7.049560546875
26.544922,6.4453125
26.546875,6.04248046875
26.548828,-14.09912109375
26.550781,-0.8056640625
26.552734,-0.40283203125
26.554688,0.40283203125
26.556641,1.20849609375
26.558594,2.215576171875
26.560547,3.22265625
26.5625,4.0283203125
26.564453,4.833984375
26.566406,5.23681640625
26.568359,5.438232421875
26.570312,31.622314453125
26.572266,31.219482421875
26.574219,30.816650390625
26.576172,30.010986328125
26.578125,29.00390625
26.580078,27.996826171875
26.582031,27.191162109375
26.583984,26.385498046875
26.585938,43.90869140625
26.587891,43.505859375
26.589844,43.505859375
26.591797,43.505859375
26.59375,43.90869140625
26.595703,44.71435546875
26.597656,45.52001953125
26.599609,39.276123046875
26.601562,40.081787109375
26.603516,41.0888671875
26.605469,41.89453125
26.607422,42.498779296875
26.609375,42.7001953125
26.611328,42.7001953125
26.613281,42.498779296875
26.615234,42.095947265625
26.617188,16.314697265625
26.619141,15.509033203125
26.621094,14.501953125
26.623047,13.6962890625
26.625,12.689208984375
26.626953,12.0849609375
26.628906,11.480712890625
26.630859,11.279296875
26.632812,-9.26513671875
26.634766,-8.8623046875
26.636719,-8.258056640625
26.638672,-7.452392578125
26.640625,-6.646728515625
26.642578,-5.6396484375
26.644531,-4.632568359375
26.646484,-3.826904296875
26.648438,-3.22265625
26.650391,-2.81982421875
26.652344,-2.618408203125
26.654297,-2.81982421875
26.65625,-6.243896484375
26.658203,0.201416015625
26.660156,-0.604248046875
26.662109,-1.611328125
26.664062,-2.4169921875
26.666016,19.73876953125
26.667969,18.93310546875
26.669922,18.5302734375
26.671875,18.12744140625
26.673828,18.12744140625
26.675781,18.328857421875
26.677734,18.731689453125
26.679688,41.49169921875
26.681641,42.29736328125
26.683594,43.304443359375
26.685547,44.110107421875
26.6875,45.1171875
26.689453,45.721435546875
26.691406,46.32568359375
26.693359,46.527099609375
26.695312,46.527099609375
26.697266,46.32568359375
26.699219,45.721435546875
26.701172,44.915771484375
26.703125,43.90869140625
26.705078,43.10302734375
26.707031,20.947265625
26.708984,20.1416015625
26.710938,19.537353515625
26.712891,19.134521484375
26.714844,18.93310546875
26.716797,19.134521484375
26.71875,19.537353515625
26.720703,20.1416015625
26.722656,20.947265625
26.724609,21.954345703125
26.726562,22.96142578125
26.728516,4.833984375
26.730469,5.6396484375
26.732422,6.243896484375
26.734375,6.646728515625
26.736328,6.646728515625
26.738281,6.4453125
26.740234,5.841064453125
26.742188,-8.660888671875
26.744141,-9.466552734375
26.746094,-10.4736328125
26.748047,-11.480712890625
26.75,-12.286376953125
26.751953,-13.092041015625
26.753906,-13.494873046875
26.755859,-13.6962890625
26.757812,-13.6962890625
26.759766,-13.29345703125
26.761719,-12.890625
26.763672,-12.0849609375
26.765625,7.049560546875
26.767578,8.056640625
26.769531,8.8623046875
26.771484,9.66796875
26.773438,36.859130859375
26.775391,37.261962890625
26.777344,37.46337890625
26.779297,37.261962890625
26.78125,36.859130859375
26.783203,36.2548828125
26.785156,35.44921875
26.787109,34.442138671875
26.789062,33.43505859375
26.791016,45.1171875
26.792969,44.3115234375
26.794922,43.707275390625
26.796875,43.304443359375
26.798828,43.304443359375
26.800781,43.505859375
26.802734,44.110107421875
26.804688,44.71435546875
26.806641,34.039306640625
26.808594,35.04638671875
26.810547,36.053466796875
26.8125,36.859130859375
26.814453,37.664794921875
26.816406,38.067626953125
26.818359,38.26904296875
26.820312,38.26904296875
26.822266,10.07080078125
26.824219,9.466552734375
26.826172,8.660888671875
26.828125,7.855224609375
26.830078,6.84814453125
26.832031,5.841064453125
26.833984,5.035400390625
26.835938,-11.279296875
26.837891,-11.68212890625
26.839844,-11.883544921875
26.841797,-11.68212890625
26.84375,-11.279296875
26.845703,-10.675048828125
26.847656,-9.869384765625
26.849609,-8.8623046875
26.851562,-7.855224609375
26.853516,2.4169921875
26.855469,3.22265625
26.857422,3.826904296875
26.859375,4.0283203125
26.861328,4.229736328125
26.863281,4.0283203125
26.865234,3.424072265625
26.867188,2.618408203125
26.869141,1.812744140625
26.871094,0.8056640625
26.873047,0.0
26.875,-1.007080078125
26.876953,-1.611328125
26.878906,25.37841796875
26.880859,25.177001953125
26.882812,25.177001953125
26.884766,42.29736328125
26.886719,42.901611328125
26.888672,43.707275390625
26.890625,44.512939453125
26.892578,45.52001953125
26.894531,46.527099609375
26.896484,47.332763671875
26.898438,44.110107421875
26.900391,44.512939453125
26.902344,17.926025390625
26.904297,17.926025390625
26.90625,17.523193359375
26.908203,16.717529296875
26.910156,15.911865234375
26.912109,15.106201171875
26.914062,14.09912109375
26.916016,13.092041015625
26.917969,12.286376953125
26.919922,11.68212890625
26.921875,11.480712890625
26.923828,11.480712890625
26.925781,11.68212890625
26.927734,12.0849609375
26.929688,12.890625
26.931641,13.6962890625
26.933594,-5.6396484375
26.935547,-4.632568359375
26.9375,-3.826904296875
26.939453,-3.021240234375
26.941406,-2.618408203125
26.943359,-2.215576171875
26.945312,-2.4169921875
26.947266,-1.409912109375
26.949219,-2.01416015625
26.951172,-2.81982421875
26.953125,-3.826904296875
26.955078,-4.632568359375
26.957031,-5.6396484375
26.958984,-6.4453125
26.960938,-7.049560546875
26.962891,11.279296875
26.964844,11.077880859375
26.966797,11.279296875
26.96875,11.68212890625
26.970703,12.286376953125
26.972656,13.29345703125
26.974609,14.09912109375
26.976562,15.106201171875
26.978516,16.11328125
26.980469,30.816650390625
26.982422,41.49169921875
26.984375,41.89453125
26.986328,41.89453125
26.988281,41.693115234375
26.990234,41.0888671875
26.992188,46.728515625
26.994141,50.35400390625
26.996094,49.54833984375
26.998047,48.541259765625
27.0,47.5341796875
27.001953,46.929931640625
27.003906,46.32568359375
27.005859,46.124267578125
27.007812,46.124267578125
27.009766,25.579833984375
27.011719,26.18408203125
27.013672,26.98974609375
27.015625,27.996826171875
27.017578,28.802490234375
27.019531,29.8095703125
27.021484,30.615234375
27.023438,31.219482421875
27.025391,6.4453125
27.027344,6.646728515625
27.029297,6.4453125
27.03125,6.04248046875
27.033203,5.438232421875
27.035156,4.632568359375
27.037109,3.62548828125
27.039062,2.618408203125
27.041016,-9.869384765625
27.042969,-10.675048828125
27.044922,-11.077880859375
27.046875,-11.480712890625
27.048828,-11.480712890625
27.050781,-11.279296875
27.052734,-10.87646484375
27.054688,-10.07080078125
27.056641,7.2509765625
27.058594,8.056640625
27.060547,9.063720703125
27.0625,10.07080078125
27.064453,10.675048828125
27.066406,11.279296875
27.068359,11.480712890625
27.070312,11.480712890625
27.072266,37.664794921875
27.074219,37.060546875
27.076172,36.2548828125
27.078125,35.44921875
27.080078,34.442138671875
27.082031,33.43505859375
27.083984,32.62939453125
27.085938,32.025146484375
27.087891,31.622314453125
27.089844,46.124267578125
27.091797,46.32568359375
27.09375,46.728515625
27.095703,47.332763671875
27.097656,33.233642578125
27.099609,34.24072265625
27.101562,35.247802734375
27.103516,36.053466796875
27.105469,36.859130859375
27.107422,37.46337890625
27.109375,37.664794921875
27.111328,37.8662109375
27.113281,37.664794921875
27.115234,37.060546875
27.117188,36.456298828125
27.119141,35.44921875
27.121094,7.855224609375
27.123047,6.84814453125
27.125,6.04248046875
27.126953,5.23681640625
27.128906,4.833984375
27.130859,4.632568359375
27.132812,4.632568359375
27.134766,-10.272216796875
27.136719,-9.66796875
27.138672,-8.8623046875
27.140625,-8.056640625
27.142578,-7.049560546875
27.144531,-6.04248046875
27.146484,-5.23681640625
27.148438,-4.632568359375
27.150391,3.22265625
27.152344,3.424072265625
27.154297,3.22265625
27.15625,2.81982421875
27.158203,2.215576171875
27.160156,1.409912109375
27.162109,0.40283203125
27.164062,-0.604248046875
27.166016,-1.409912109375
27.167969,18.93310546875
27.169922,18.328857421875
27.171875,18.12744140625
27.173828,18.12744140625
27.175781,18.328857421875
27.177734,18.731689453125
27.179688,19.537353515625
27.181641,45.721435546875
27.183594,46.728515625
27.185547,47.5341796875
27.1875,48.541259765625
27.189453,49.1455078125
27.191406,49.749755859375
27.193359,49.951171875
27.195312,49.951171875
27.197266,49.54833984375
27.199219,48.944091796875
27.201172,48.138427734375
27.203125,47.332763671875
27.205078,46.32568359375
27.207031,45.318603515625
27.208984,43.505859375
27.210938,19.3359375
27.212891,18.93310546875
27.214844,18.731689453125
27.216797,18.93310546875
27.21875,19.3359375
27.220703,19.940185546875
27.222656,20.745849609375
27.224609,21.7529296875
27.226562,22.760009765625
27.228516,-0.8056640625
27.230469,0.0
27.232422,0.604248046875
27.234375,1.007080078125
27.236328,1.007080078125
27.238281,0.8056640625
27.240234,0.201416015625
27.242188,-0.40283203125
27.244141,-1.409912109375
27.246094,-5.438232421875
27.248047,-6.243896484375
27.25,-7.2509765625
27.251953,-7.855224609375
27.253906,-8.45947265625
27.255859,-8.660888671875
27.257812,-8.660888671875
27.259766,11.480712890625
27.261719,12.0849609375
27.263672,12.890625
27.265625,13.6962890625
27.267578,14.703369140625
27.269531,15.71044921875
27.271484,16.51611328125
27.273438,17.120361328125
27.275391,17.523193359375
27.277344,43.90869140625
27.279297,43.90869140625
27.28125,43.505859375
27.283203,42.7001953125
27.285156,41.89453125
27.287109,41.0888671875
27.289062,40.081787109375
27.291016,39.07470703125
27.292969,44.915771484375
27.294922,44.512939453125
27.296875,44.110107421875
27.298828,44.110107421875
27.300781,44.3115234375
27.302734,44.71435546875
27.304688,45.52001953125
27.306641,46.32568359375
27.308594,47.332763671875
27.310547,48.33984375
27.3125,49.1455078125
27.314453,49.951171875
27.316406,50.35400390625
27.318359,50.555419921875
27.320312,50.555419921875
27.322266,6.243896484375
27.324219,5.6396484375
27.326172,4.833984375
27.328125,4.0283203125
27.330078,3.021240234375
27.332031,2.01416015625
27.333984,1.20849609375
27.335938,0.604248046875
27.337891,0.201416015625
27.339844,-12.48779296875
27.341797,-12.286376953125
27.34375,-11.883544921875
27.345703,-11.279296875
27.347656,-10.4736328125
27.349609,-9.466552734375
27.351562,-8.45947265625
27.353516,-7.65380859375
27.355469,-6.84814453125
27.357422,10.4736328125
27.359375,10.675048828125
27.361328,10.675048828125
27.363281,10.4736328125
27.365234,10.07080078125
27.367188,9.26513671875
27.369141,8.45947265625
27.371094,33.233642578125
27.373047,32.2265625
27.375,31.4208984375
27.376953,30.615234375
27.378906,30.21240234375
27.380859,30.010986328125
27.382812,30.010986328125
27.384766,30.413818359375
27.386719,42.498779296875
27.388672,43.304443359375
27.390625,44.3115234375
27.392578,45.1171875
27.394531,46.124267578125
27.396484,46.929931640625
27.398438,47.5341796875
27.400391,47.93701171875
27.402344,44.71435546875
27.404297,44.71435546875
27.40625,44.110107421875
27.408203,43.505859375
27.410156,42.7001953125
27.412109,41.693115234375
27.414062,40.887451171875
27.416016,39.88037109375
27.417969,39.07470703125
27.419922,38.470458984375
27.421875,38.26904296875
27.423828,38.26904296875
27.425781,38.470458984375
27.427734,38.873291015625
27.429688,39.678955078125
27.431641,-4.632568359375
27.433594,-3.62548828125
27.435547,-2.81982421875
27.4375,-1.812744140625
27.439453,-1.20849609375
27.441406,-0.604248046875
27.443359,-0.40283203125
27.445312,-0.40283203125
27.447266,-0.8056640625
27.449219,-1.409912109375
27.451172,-2.618408203125
27.453125,-0.604248046875
27.455078,-1.611328125
27.457031,-2.618408203125
27.458984,-3.424072265625
27.460938,-4.0283203125
27.462891,-4.43115234375
27.464844,-4.632568359375
27.466797,18.12744140625
27.46875,18.5302734375
27.470703,19.134521484375
27.472656,19.940185546875
27.474609,20.947265625
27.476562,21.954345703125
27.478516,22.760009765625
27.480469,45.318603515625
27.482422,45.9228515625
27.484375,46.32568359375
27.486328,46.32568359375
27.488281,46.728515625
27.490234,46.124267578125
27.492188,45.52001953125
27.494141,44.512939453125
27.496094,43.707275390625
27.498047,42.7001953125
27.5,41.693115234375
27.501953,41.0888671875
27.503906,40.484619140625
27.505859,40.283203125
27.507812,40.484619140625
27.509766,40.68603515625
27.511719,19.537353515625
27.513672,20.343017578125
27.515625,21.148681640625
27.517578,22.15576171875
27.519531,23.162841796875
27.521484,23.968505859375
27.523438,24.57275390625
27.525391,24.9755859375
27.527344,25.177001953125
27.529297,24.9755859375
27.53125,24.57275390625
27.533203,23.968505859375
27.535156,23.162841796875
27.537109,22.15576171875
27.539062,21.148681640625
27.541016,-7.855224609375
27.542969,-8.660888671875
27.544922,-9.26513671875
27.546875,-9.466552734375
27.548828,-9.466552734375
27.550781,-9.26513671875
27.552734,-8.8623046875
27.554688,-8.056640625
27.556641,-7.2509765625
27.558594,-6.243896484375
27.560547,7.65380859375
27.5625,8.45947265625
27.564453,9.26513671875
27.566406,9.869384765625
27.568359,10.07080078125
27.570312,9.869384765625
27.572266,9.66796875
27.574219,9.063720703125
27.576172,37.46337890625
27.578125,36.65771484375
27.580078,35.650634765625
27.582031,34.6435546875
27.583984,33.837890625
27.585938,33.233642578125
27.587891,32.830810546875
27.589844,32.62939453125
27.591797,42.29736328125
27.59375,42.7001953125
27.595703,43.304443359375
27.597656,44.110107421875
27.599609,45.1171875
27.601562,46.124267578125
27.603516,46.929931640625
27.605469,37.060546875
27.607422,37.664794921875
27.609375,37.8662109375
27.611328,37.8662109375
27.613281,37.664794921875
27.615234,37.261962890625
27.617188,36.456298828125
27.619141,35.650634765625
27.621094,8.660888671875
27.623047,7.65380859375
27.625,6.84814453125
27.626953,6.04248046875
27.628906,5.6396484375
27.630859,5.23681640625
27.632812,5.438232421875
27.634766,5.6396484375
27.636719,6.243896484375
27.638672,7.049560546875
27.640625,8.056640625
27.642578,8.8623046875
27.644531,9.869384765625
27.646484,10.675048828125
27.648438,-7.452392578125
27.650391,-7.049560546875
27.652344,6.646728515625
27.654297,6.4453125
27.65625,6.04248046875
27.658203,5.438232421875
27.660156,4.632568359375
27.662109,3.62548828125
27.664062,2.618408203125
27.666016,1.812744140625
27.667969,1.007080078125
27.669922,24.57275390625
27.671875,24.371337890625
27.673828,24.169921875
27.675781,24.371337890625
27.677734,24.9755859375
27.679688,25.78125
27.681641,26.5869140625
27.683594,45.721435546875
27.685547,46.728515625
27.6875,47.5341796875
27.689453,48.33984375
27.691406,48.74267578125
27.693359,49.1455078125
27.695312,48.944091796875
27.697266,48.74267578125
27.699219,48.138427734375
27.701172,40.887451171875
27.703125,39.88037109375
27.705078,39.07470703125
27.707031,38.067626953125
27.708984,37.261962890625
27.710938,36.65771484375
27.712891,36.053466796875
27.714844,36.053466796875
27.716797,36.053466796875
27.71875,12.286376953125
27.720703,13.092041015625
27.722656,13.897705078125
27.724609,14.703369140625
27.726562,15.71044921875
27.728516,16.717529296875
27.730469,17.523193359375
27.732422,-2.215576171875
27.734375,-1.812744140625
27.736328,-1.812744140625
27.738281,-2.01416015625
27.740234,-2.618408203125
27.742188,-3.22265625
27.744141,-4.229736328125
27.746094,-5.035400390625
27.748047,-6.04248046875
27.75,-7.049560546875
27.751953,-7.65380859375
27.753906,-8.258056640625
27.755859,-8.45947265625
27.757812,-8.45947265625
27.759766,-8.056640625
27.761719,11.68212890625
27.763672,12.286376953125
27.765625,13.29345703125
27.767578,14.300537109375
27.769531,15.106201171875
27.771484,16.11328125
27.773438,16.717529296875
27.775391,17.120361328125
27.777344,17.32177734375
27.779297,43.304443359375
27.78125,42.901611328125
27.783203,42.29736328125
27.785156,41.49169921875
27.787109,40.484619140625
27.789062,39.678955078125
27.791016,38.671875
27.792969,37.8662109375
27.794922,44.915771484375
27.796875,44.512939453125
27.798828,44.512939453125
27.800781,44.71435546875
27.802734,45.318603515625
27.804688,45.9228515625
27.806641,46.929931640625
27.808594,47.93701171875
27.810547,30.413818359375
27.8125,31.4208984375
27.814453,32.025146484375
27.816406,32.62939453125
27.818359,32.830810546875
27.820312,32.830810546875
27.822266,32.427978515625
27.824219,2.81982421875
27.826172,2.01416015625
27.828125,1.007080078125
27.830078,0.0
27.832031,-0.8056640625
27.833984,-1.611328125
27.835938,-2.4169921875
27.837891,-2.81982421875
27.839844,-13.6962890625
27.841797,-13.494873046875
27.84375,-13.092041015625
27.845703,-12.48779296875
27.847656,-11.68212890625
27.849609,-10.675048828125
27.851562,-9.66796875
27.853516,-8.8623046875
27.855469,-8.056640625
27.857422,-7.452392578125
27.859375,9.869384765625
27.861328,9.869384765625
27.863281,9.66796875
27.865234,9.063720703125
27.867188,8.45947265625
27.869141,7.452392578125
27.871094,33.837890625
27.873047,32.830810546875
27.875,32.025146484375
27.876953,31.219482421875
27.878906,43.707275390625
27.880859,43.505859375
27.882812,43.505859375
27.884766,43.90869140625
27.886719,44.3115234375
27.888672,45.1171875
27.890625,46.124267578125
27.892578,47.13134765625
27.894531,47.93701171875
27.896484,48.74267578125
27.898438,49.54833984375
27.900391,49.951171875
27.902344,49.951171875
27.904297,49.951171875
27.90625,37.8662109375
27.908203,37.060546875
27.910156,36.2548828125
27.912109,35.44921875
27.914062,34.442138671875
27.916016,33.43505859375
27.917969,32.62939453125
27.919922,6.4453125
27.921875,6.04248046875
27.923828,6.04248046875
27.925781,6.243896484375
27.927734,6.646728515625
27.929688,7.452392578125
27.931641,8.258056640625
27.933594,9.26513671875
27.935547,-7.855224609375
27.9375,-6.84814453125
27.939453,-6.243896484375
27.941406,-5.6396484375
27.943359,-5.438232421875
27.945312,-5.438232421875
27.947266,-5.841064453125
27.949219,-6.4453125
27.951172,-0.201416015625
27.953125,-1.007080078125
27.955078,-2.01416015625
27.957031,-3.021240234375
27.958984,-3.826904296875
27.960938,-4.43115234375
27.962891,-4.833984375
27.964844,-5.035400390625
27.966797,-4.833984375
27.96875,-4.43115234375
27.970703,-3.826904296875
27.972656,-3.021240234375
27.974609,-2.01416015625
27.976562,-1.007080078125
27.978516,47.332763671875
27.980469,47.93701171875
27.982422,48.541259765625
27.984375,48.944091796875
27.986328,48.944091796875
27.988281,48.74267578125
27.990234,48.138427734375
27.992188,47.5341796875
27.994141,46.728515625
27.996094,45.721435546875
27.998047,45.9228515625
28.0,45.1171875
28.001953,44.3115234375
28.003906,43.90869140625
28.005859,43.505859375
28.007812,43.707275390625
28.009766,43.90869140625
28.011719,44.512939453125
28.013672,20.745849609375
28.015625,21.551513671875
28.017578,22.55859375
28.019531,23.565673828125
28.021484,24.371337890625
28.023438,24.9755859375
28.025391,25.37841796875
28.027344,25.579833984375
28.029297,1.611328125
28.03125,1.20849609375
28.033203,0.40283203125
28.035156,-0.40283203125
28.037109,-1.20849609375
28.039062,-2.215576171875
28.041016,-3.22265625
28.042969,-4.0283203125
28.044922,-10.675048828125
28.046875,-11.077880859375
28.048828,-11.077880859375
28.050781,-10.87646484375
28.052734,-10.4736328125
28.054688,-9.66796875
28.056641,-8.8623046875
28.058594,-7.855224609375
28.060547,15.71044921875
28.0625,16.717529296875
28.064453,17.32177734375
28.066406,17.926025390625
28.068359,18.12744140625
28.070312,18.12744140625
28.072266,17.724609375
28.074219,42.095947265625
28.076172,41.290283203125
28.078125,40.484619140625
28.080078,39.4775390625
28.082031,38.470458984375
28.083984,37.664794921875
28.085938,37.060546875
28.087891,36.65771484375
28.089844,36.456298828125
28.091797,44.110107421875
28.09375,44.512939453125
28.095703,45.1171875
28.097656,45.9228515625
28.099609,46.929931640625
28.101562,47.93701171875
28.103516,48.74267578125
28.105469,49.54833984375
28.107422,37.664794921875
28.109375,38.067626953125
28.111328,38.067626953125
28.113281,37.8662109375
28.115234,37.261962890625
28.117188,36.65771484375
28.119141,35.650634765625
28.121094,34.844970703125
28.123047,8.056640625
28.125,7.2509765625
28.126953,6.4453125
28.128906,6.04248046875
28.130859,5.841064453125
28.132812,5.841064453125
28.134766,6.243896484375
28.136719,6.84814453125
28.138672,7.452392578125
28.140625,-10.4736328125
28.142578,-9.66796875
28.144531,-8.660888671875
28.146484,-7.855224609375
28.148438,-7.049560546875
28.150391,-6.646728515625
28.152344,-6.646728515625
28.154297,4.632568359375
28.15625,4.229736328125
28.158203,3.62548828125
28.160156,2.81982421875
28.162109,1.812744140625
28.164062,0.8056640625
28.166016,0.0
28.167969,-0.8056640625
28.169922,25.177001953125
28.171875,24.774169921875
28.173828,24.774169921875
28.175781,24.9755859375
28.177734,25.579833984375
28.179688,26.18408203125
28.181641,26.98974609375
28.183594,27.996826171875
28.185547,29.00390625
28.1875,29.8095703125
28.189453,30.615234375
28.191406,31.01806640625
28.193359,31.219482421875
28.195312,31.219482421875
28.197266,50.35400390625
28.199219,49.749755859375
28.201172,48.944091796875
28.203125,48.138427734375
28.205078,47.13134765625
28.207031,46.124267578125
28.208984,45.318603515625
28.210938,36.2548828125
28.212891,35.85205078125
28.214844,35.85205078125
28.216797,12.0849609375
28.21875,12.48779296875
28.220703,13.092041015625
28.222656,13.897705078125
28.224609,14.90478515625
28.226562,15.911865234375
28.228516,16.717529296875
28.230469,17.523193359375
28.232422,-2.4169921875
28.234375,-2.215576171875
28.236328,-2.01416015625
28.238281,-2.4169921875
28.240234,-2.81982421875
28.242188,-3.62548828125
28.244141,-4.43115234375
28.246094,-5.438232421875
28.248047,-6.243896484375
28.25,-3.62548828125
28.251953,-4.229736328125
28.253906,-4.833984375
28.255859,-5.035400390625
28.257812,-5.035400390625
28.259766,-4.632568359375
28.261719,-4.0283203125
28.263672,19.73876953125
28.265625,20.745849609375
28.267578,21.7529296875
28.269531,44.71435546875
28.271484,45.721435546875
28.273438,46.32568359375
28.275391,46.728515625
28.277344,46.929931640625
28.279297,46.728515625
28.28125,46.32568359375
28.283203,45.721435546875
28.285156,44.71435546875
28.287109,43.90869140625
28.289062,42.901611328125
28.291016,41.89453125
28.292969,41.290283203125
28.294922,40.68603515625
28.296875,40.283203125
28.298828,40.283203125
28.300781,40.484619140625
28.302734,41.290283203125
28.304688,42.095947265625
28.306641,42.901611328125
28.308594,43.90869140625
28.310547,44.915771484375
28.3125,45.721435546875
28.314453,46.527099609375
28.316406,46.929931640625
28.318359,47.13134765625
28.320312,31.622314453125
28.322266,31.4208984375
28.324219,6.04248046875
28.326172,5.23681640625
28.328125,4.43115234375
28.330078,3.424072265625
28.332031,2.4169921875
28.333984,1.611328125
28.335938,1.007080078125
28.337891,0.604248046875
28.339844,0.40283203125
28.341797,0.604248046875
28.34375,-11.480712890625
28.345703,-10.87646484375
28.347656,-10.07080078125
28.349609,-9.063720703125
28.351562,-8.258056640625
28.353516,-7.2509765625
28.355469,-6.4453125
28.357422,9.466552734375
28.359375,9.66796875
28.361328,9.869384765625
28.363281,9.66796875
28.365234,9.063720703125
28.367188,8.258056640625
28.369141,7.452392578125
28.371094,6.4453125
28.373047,34.442138671875
28.375,33.636474609375
28.376953,32.830810546875
28.378906,32.427978515625
28.380859,32.2265625
28.382812,32.2265625
28.384766,32.62939453125
28.386719,33.233642578125
28.388672,33.837890625
28.390625,49.951171875
28.392578,50.7568359375
28.394531,51.763916015625
28.396484,52.569580078125
28.398438,53.173828125
28.400391,53.57666015625
28.402344,53.778076171875
28.404297,53.57666015625
28.40625,53.173828125
28.408203,52.569580078125
28.410156,51.763916015625
28.412109,35.247802734375
28.414062,34.442138671875
28.416016,33.43505859375
28.417969,12.48779296875
28.419922,11.883544921875
28.421875,11.480712890625
28.423828,11.480712890625
28.425781,11.68212890625
28.427734,12.286376953125
28.429688,12.890625
28.431641,13.897705078125
28.433594,14.703369140625
28.435547,-8.056640625
28.4375,-7.2509765625
28.439453,-6.4453125
28.441406,-6.04248046875
28.443359,-5.841064453125
28.445312,-5.841064453125
28.447266,-6.243896484375
28.449219,-6.646728515625
28.451172,-1.812744140625
28.453125,-2.618408203125
28.455078,-3.62548828125
28.457031,-4.632568359375
28.458984,-5.438232421875
28.460938,-6.04248046875
28.462891,-6.4453125
28.464844,18.12744140625
28.466797,18.328857421875
28.46875,18.731689453125
28.470703,19.3359375
28.472656,20.1416015625
28.474609,21.148681640625
28.476562,22.15576171875
28.478516,22.96142578125
28.480469,23.76708984375
28.482422,45.721435546875
28.484375,46.124267578125
28.486328,46.124267578125
28.488281,45.9228515625
28.490234,45.318603515625
28.492188,44.71435546875
28.494141,43.707275390625
28.496094,42.7001953125
28.498047,43.90869140625
28.5,43.10302734375
28.501953,42.29736328125
28.503906,41.89453125
28.505859,41.693115234375
28.507812,41.693115234375
28.509766,42.095947265625
28.511719,42.498779296875
28.513672,43.304443359375
28.515625,44.3115234375
28.517578,45.318603515625
28.519531,46.124267578125
28.521484,46.929931640625
28.523438,47.735595703125
28.525391,1.007080078125
28.527344,1.007080078125
28.529297,1.007080078125
28.53125,0.604248046875
28.533203,-0.201416015625
28.535156,-1.007080078125
28.537109,-1.812744140625
28.539062,-2.81982421875
28.541016,-3.826904296875
28.542969,-13.092041015625
28.544922,-13.6962890625
28.546875,-14.09912109375
28.548828,-14.09912109375
28.550781,-13.897705078125
28.552734,-13.494873046875
28.554688,-12.689208984375
28.556641,-11.883544921875
28.558594,8.056640625
28.560547,8.8623046875
28.5625,9.869384765625
28.564453,10.4736328125
28.566406,11.077880859375
28.568359,11.279296875
28.570312,11.279296875
28.572266,10.87646484375
28.574219,10.272216796875
28.576172,37.060546875
28.578125,36.053466796875
28.580078,35.247802734375
28.582031,34.24072265625
28.583984,33.43505859375
28.585938,32.830810546875
28.587891,32.427978515625
28.589844,44.915771484375
28.591797,45.1171875
28.59375,45.52001953125
28.595703,46.124267578125
28.597656,46.929931640625
28.599609,47.93701171875
28.601562,48.74267578125
28.603516,49.749755859375
28.605469,50.555419921875
28.607422,36.859130859375
28.609375,37.261962890625
28.611328,37.261962890625
28.613281,37.060546875
28.615234,36.65771484375
28.617188,35.85205078125
28.619141,35.04638671875
28.621094,34.039306640625
28.623047,33.0322265625
28.625,32.2265625
28.626953,31.4208984375
28.628906,4.0283203125
28.630859,3.826904296875
28.632812,3.826904296875
28.634766,4.229736328125
28.636719,4.833984375
28.638672,5.6396484375
28.640625,-7.855224609375
28.642578,-6.84814453125
28.644531,-5.841064453125
28.646484,-5.035400390625
28.648438,-4.43115234375
28.650391,-4.0283203125
28.652344,-3.826904296875
28.654297,4.632568359375
28.65625,4.229736328125
28.658203,3.62548828125
28.660156,29.00390625
28.662109,27.996826171875
28.664062,26.98974609375
28.666016,26.18408203125
28.667969,25.37841796875
28.669922,24.774169921875
28.671875,24.371337890625
28.673828,24.371337890625
28.675781,24.57275390625
28.677734,25.177001953125
28.679688,25.78125
28.681641,26.788330078125
28.683594,27.593994140625
28.685547,28.60107421875
28.6875,47.5341796875
28.689453,48.33984375
28.691406,48.74267578125
28.693359,49.1455078125
28.695312,48.944091796875
28.697266,48.74267578125
28.699219,48.138427734375
28.701172,41.693115234375
28.703125,40.68603515625
28.705078,39.678955078125
28.707031,38.873291015625
28.708984,37.8662109375
28.710938,37.261962890625
28.712891,36.859130859375
28.714844,36.65771484375
28.716797,12.286376953125
28.71875,12.689208984375
28.720703,13.29345703125
28.722656,14.09912109375
28.724609,15.106201171875
28.726562,16.11328125
28.728516,16.9189453125
28.730469,17.724609375
28.732422,18.328857421875
28.734375,18.731689453125
28.736328,18.731689453125
28.738281,18.5302734375
28.740234,17.926025390625
28.742188,17.32177734375
28.744141,16.314697265625
28.746094,-3.021240234375
28.748047,-3.826904296875
28.75,-4.833984375
28.751953,-5.438232421875
28.753906,-6.04248046875
28.755859,-6.243896484375
28.757812,-6.243896484375
28.759766,-5.841064453125
28.761719,-5.23681640625
28.763672,19.940185546875
28.765625,20.745849609375
28.767578,21.7529296875
28.769531,22.760009765625
28.771484,23.565673828125
28.773438,24.169921875
28.775391,24.57275390625
28.777344,24.774169921875
28.779297,24.57275390625
28.78125,44.3115234375
28.783203,43.707275390625
28.785156,42.901611328125
28.787109,41.89453125
28.789062,40.887451171875
28.791016,40.081787109375
28.792969,39.276123046875
28.794922,44.512939453125
28.796875,44.110107421875
28.798828,44.110107421875
28.800781,44.3115234375
28.802734,44.915771484375
28.804688,45.52001953125
28.806641,46.527099609375
28.808594,47.332763671875
28.810547,48.33984375
28.8125,31.622314453125
28.814453,32.2265625
28.816406,32.830810546875
28.818359,33.0322265625
28.820312,33.0322265625
28.822266,32.62939453125
28.824219,32.025146484375
28.826172,2.81982421875
28.828125,2.01416015625
28.830078,1.007080078125
28.832031,0.0
28.833984,-0.8056640625
28.835938,-1.409912109375
28.837891,-1.812744140625
28.839844,-2.01416015625
28.841797,-1.812744140625
28.84375,-1.409912109375
28.845703,-0.8056640625
28.847656,0.0
28.849609,1.007080078125
28.851562,2.01416015625
28.853516,-6.4453125
28.855469,3.424072265625
28.857422,10.272216796875
28.859375,10.675048828125
28.861328,10.675048828125
28.863281,10.4736328125
28.865234,9.869384765625
28.867188,9.26513671875
28.869141,8.258056640625
28.871094,7.452392578125
28.873047,35.04638671875
28.875,34.24072265625
28.876953,33.43505859375
28.878906,33.0322265625
28.880859,32.830810546875
28.882812,32.830810546875
28.884766,33.233642578125
28.886719,33.837890625
28.888672,34.442138671875
28.890625,47.332763671875
28.892578,48.33984375
28.894531,49.346923828125
28.896484,50.152587890625
28.898438,50.7568359375
28.900391,51.15966796875
28.902344,51.361083984375
28.904297,37.46337890625
28.90625,37.060546875
28.908203,36.456298828125
28.910156,35.44921875
28.912109,34.6435546875
28.914062,33.636474609375
28.916016,32.62939453125
28.917969,32.025146484375
28.919922,31.4208984375
28.921875,4.632568359375
28.923828,4.43115234375
28.925781,4.833984375
28.927734,5.23681640625
28.929688,6.04248046875
28.931641,6.84814453125
28.933594,7.855224609375
28.935547,8.8623046875
28.9375,-9.063720703125
28.939453,-8.258056640625
28.941406,-7.855224609375
28.943359,-7.65380859375
28.945312,-7.65380859375
28.947266,-8.056640625
28.949219,-8.45947265625
28.951172,-9.26513671875
28.953125,-10.272216796875
28.955078,-11.279296875
28.957031,-12.0849609375
28.958984,-12.890625
28.960938,-13.6962890625
28.962891,-1.20849609375
28.964844,-1.409912109375
28.966797,-1.20849609375
28.96875,25.579833984375
28.970703,26.18408203125
28.972656,26.98974609375
28.974609,27.996826171875
28.976562,29.00390625
28.978516,29.8095703125
28.980469,30.615234375
28.982422,31.219482421875
28.984375,50.152587890625
28.986328,50.35400390625
28.988281,49.951171875
28.990234,49.54833984375
28.992188,48.74267578125
28.994141,47.93701171875
28.996094,46.929931640625
28.998047,46.124267578125
29.0,45.1171875
29.001953,38.671875
29.003906,38.26904296875
29.005859,37.8662109375
29.007812,38.067626953125
29.009766,38.26904296875
29.011719,38.873291015625
29.013672,39.678955078125
29.015625,40.484619140625
29.017578,15.3076171875
29.019531,16.11328125
29.021484,16.9189453125
29.023438,17.724609375
29.025391,18.12744140625
29.027344,18.12744140625
29.029297,18.12744140625
29.03125,17.724609375
29.033203,-6.84814453125
29.035156,-7.65380859375
29.037109,-8.45947265625
29.039062,-9.466552734375
29.041016,-10.4736328125
29.042969,-11.279296875
29.044922,-11.68212890625
29.046875,-12.0849609375
29.048828,-6.04248046875
29.050781,18.12744140625
29.052734,18.731689453125
29.054688,19.3359375
29.056641,20.1416015625
29.058594,21.148681640625
29.060547,22.15576171875
29.0625,22.96142578125
29.064453,23.76708984375
29.066406,24.169921875
29.068359,24.57275390625
29.070312,24.371337890625
29.072266,24.169921875
29.074219,23.565673828125
29.076172,22.760009765625
29.078125,21.7529296875
29.080078,20.947265625
29.082031,19.940185546875
29.083984,43.707275390625
29.085938,43.10302734375
29.087891,42.7001953125
29.089844,42.498779296875
29.091797,42.7001953125
29.09375,43.10302734375
29.095703,47.93701171875
29.097656,48.74267578125
29.099609,49.749755859375
29.101562,50.7568359375
29.103516,51.5625
29.105469,52.3681640625
29.107422,52.972412109375
29.109375,53.375244140625
29.111328,33.0322265625
29.113281,32.830810546875
29.115234,32.2265625
29.117188,31.622314453125
29.119141,30.615234375
29.121094,29.608154296875
29.123047,28.802490234375
29.125,27.79541015625
29.126953,-1.007080078125
29.128906,-1.409912109375
29.130859,-1.812744140625
29.132812,-1.611328125
29.134766,-1.409912109375
29.136719,-0.8056640625
29.138672,0.0
29.140625,0.8056640625
29.142578,1.812744140625
29.144531,-8.45947265625
29.146484,-7.65380859375
29.148438,-6.84814453125
29.150391,-6.4453125
29.152344,-6.4453125
29.154297,-6.4453125
29.15625,-6.84814453125
29.158203,10.4736328125
29.160156,9.66796875
29.162109,8.8623046875
29.164062,7.855224609375
29.166016,6.84814453125
29.167969,6.04248046875
29.169922,5.6396484375
29.171875,5.23681640625
29.173828,5.23681640625
29.175781,5.438232421875
29.177734,5.841064453125
29.179688,6.646728515625
29.181641,7.452392578125
29.183594,8.45947265625
29.185547,46.929931640625
29.1875,47.735595703125
29.189453,48.541259765625
29.191406,48.944091796875
29.193359,49.346923828125
29.195312,49.1455078125
29.197266,48.944091796875
29.199219,48.33984375
29.201172,47.5341796875
29.203125,46.527099609375
29.205078,34.6435546875
29.207031,33.636474609375
29.208984,32.830810546875
29.210938,32.2265625
29.212891,31.82373046875
29.214844,31.622314453125
29.216797,31.82373046875
29.21875,32.2265625
29.220703,5.6396484375
29.222656,6.4453125
29.224609,7.452392578125
29.226562,8.258056640625
29.228516,9.26513671875
29.230469,10.07080078125
29.232422,10.675048828125
29.234375,10.87646484375
29.236328,-4.0283203125
29.238281,-4.229736328125
29.240234,-4.833984375
29.242188,-5.438232421875
29.244141,-6.243896484375
29.246094,-2.618408203125
29.248047,-3.424072265625
29.25,-4.43115234375
29.251953,-5.035400390625
29.253906,-5.6396484375
29.255859,-5.841064453125
29.257812,-5.841064453125
29.259766,-5.438232421875
29.261719,-4.833984375
29.263672,-4.0283203125
29.265625,-3.22265625
29.267578,21.551513671875
29.269531,22.55859375
29.271484,23.3642578125
29.273438,23.968505859375
29.275391,24.371337890625
29.277344,24.57275390625
29.279297,24.371337890625
29.28125,23.968505859375
29.283203,23.3642578125
29.285156,22.55859375
29.287109,21.551513671875
29.289062,42.498779296875
29.291016,41.693115234375
29.292969,40.887451171875
29.294922,40.283203125
29.296875,40.887451171875
29.298828,40.887451171875
29.300781,41.0888671875
29.302734,41.49169921875
29.304688,42.29736328125
29.306641,43.10302734375
29.308594,44.110107421875
29.310547,45.1171875
29.3125,45.9228515625
29.314453,24.57275390625
29.316406,25.177001953125
29.318359,25.37841796875
29.320312,25.37841796875
29.322266,24.9755859375
29.324219,24.371337890625
29.326172,23.565673828125
29.328125,22.760009765625
29.330078,-2.01416015625
29.332031,-3.021240234375
29.333984,-3.826904296875
29.335938,-4.43115234375
29.337891,-4.833984375
29.339844,-5.035400390625
29.341797,-4.833984375
29.34375,-4.43115234375
29.345703,-6.4453125
29.347656,-5.6396484375
29.349609,-4.632568359375
29.351562,-3.62548828125
29.353516,-2.81982421875
29.355469,-2.01416015625
29.357422,-1.409912109375
29.359375,-1.007080078125
29.361328,17.724609375
29.363281,17.523193359375
29.365234,17.120361328125
29.367188,16.314697265625
29.369141,15.509033203125
29.371094,14.501953125
29.373047,13.494873046875
29.375,37.664794921875
29.376953,36.859130859375
29.378906,36.456298828125
29.380859,36.2548828125
29.382812,36.2548828125
29.384766,36.65771484375
29.386719,37.261962890625
29.388672,37.8662109375
29.390625,38.873291015625
29.392578,39.88037109375
29.394531,40.68603515625
29.396484,41.49169921875
29.398438,42.29736328125
29.400391,42.7001953125
29.402344,51.763916015625
29.404297,51.5625
29.40625,30.816650390625
29.408203,30.21240234375
29.410156,29.40673828125
29.412109,28.399658203125
29.414062,27.392578125
29.416016,26.5869140625
29.417969,25.78125
29.419922,25.177001953125
29.421875,24.774169921875
29.423828,-1.812744140625
29.425781,-1.611328125
29.427734,-1.20849609375
29.429688,-0.40283203125
29.431641,0.40283203125
29.433594,1.409912109375
29.435547,2.4169921875
29.4375,3.22265625
29.439453,4.0283203125
29.441406,-5.841064453125
29.443359,-5.6396484375
29.445312,-5.6396484375
29.447266,-5.841064453125
29.449219,-6.4453125
29.451172,-7.2509765625
29.453125,-8.258056640625
29.455078,-9.063720703125
29.457031,-0.201416015625
29.458984,-1.20849609375
29.460938,-1.812744140625
29.462891,-2.215576171875
29.464844,-2.4169921875
29.466797,-2.215576171875
29.46875,-1.812744140625
29.470703,-1.20849609375
29.472656,27.79541015625
29.474609,28.802490234375
29.476562,29.8095703125
29.478516,30.615234375
29.480469,31.4208984375
29.482422,32.025146484375
29.484375,32.2265625
29.486328,51.763916015625
29.488281,51.5625
29.490234,50.958251953125
29.492188,50.35400390625
29.494141,49.346923828125
29.496094,48.541259765625
29.498047,47.5341796875
29.5,46.728515625
29.501953,45.9228515625
29.503906,45.52001953125
29.505859,45.1171875
29.507812,45.318603515625
29.509766,45.52001953125
29.511719,46.124267578125
29.513672,46.929931640625
29.515625,14.501953125
29.517578,15.509033203125
29.519531,16.51611328125
29.521484,17.32177734375
29.523438,17.926025390625
29.525391,18.328857421875
29.527344,18.5302734375
29.529297,18.328857421875
29.53125,17.926025390625
29.533203,17.32177734375
29.535156,-7.452392578125
29.537109,-8.258056640625
29.539062,-9.26513671875
29.541016,-10.272216796875
29.542969,-11.077880859375
29.544922,-11.480712890625
29.546875,-11.883544921875
29.548828,-10.675048828125
29.550781,-6.646728515625
29.552734,-6.243896484375
29.554688,-5.438232421875
29.556641,-4.632568359375
29.558594,-3.62548828125
29.560547,-2.618408203125
29.5625,-1.812744140625
29.564453,16.717529296875
29.566406,17.120361328125
29.568359,17.523193359375
29.570312,17.32177734375
29.572266,17.120361328125
29.574219,16.51611328125
29.576172,15.71044921875
29.578125,14.703369140625
29.580078,40.68603515625
29.582031,39.88037109375
29.583984,39.07470703125
29.585938,38.26904296875
29.587891,37.8662109375
29.589844,37.8662109375
29.591797,37.8662109375
29.59375,38.26904296875
29.595703,46.728515625
29.597656,47.5341796875
29.599609,48.541259765625
29.601562,49.54833984375
29.603516,50.35400390625
29.605469,51.15966796875
29.607422,51.763916015625
29.609375,52.166748046875
29.611328,52.166748046875
29.613281,31.82373046875
29.615234,31.4208984375
29.617188,30.615234375
29.619141,29.8095703125
29.621094,28.802490234375
29.623047,27.79541015625
29.625,26.98974609375
29.626953,-2.01416015625
29.628906,-2.618408203125
29.630859,-2.81982421875
29.632812,-2.81982421875
29.634766,-2.4169921875
29.636719,-7.855224609375
29.638672,-7.049560546875
29.640625,-6.243896484375
29.642578,-5.23681640625
29.644531,-4.229736328125
29.646484,-3.424072265625
29.648438,-2.81982421875
29.650391,-2.4169921875
29.652344,-2.215576171875
29.654297,-2.4169921875
29.65625,-2.81982421875
29.658203,10.07080078125
29.660156,9.26513671875
29.662109,8.258056640625
29.664062,7.452392578125
29.666016,6.4453125
29.667969,5.6396484375
29.669922,5.035400390625
29.671875,4.833984375
29.673828,4.632568359375
29.675781,33.0322265625
29.677734,33.43505859375
29.679688,34.24072265625
29.681641,35.04638671875
29.683594,36.053466796875
29.685547,37.060546875
29.6875,37.8662109375
29.689453,52.972412109375
29.691406,53.57666015625
29.693359,53.778076171875
29.695312,53.778076171875
29.697266,53.375244140625
29.699219,52.77099609375
29.701172,51.96533203125
29.703125,51.15966796875
29.705078,34.442138671875
29.707031,33.43505859375
29.708984,32.62939453125
29.710938,32.025146484375
29.712891,31.4208984375
29.714844,31.4208984375
29.716797,31.4208984375
29.71875,32.025146484375
29.720703,32.62939453125
29.722656,33.43505859375
29.724609,34.442138671875
29.726562,35.247802734375
29.728516,16.717529296875
29.730469,17.523193359375
29.732422,18.12744140625
29.734375,-3.62548828125
29.736328,-3.424072265625
29.738281,-3.826904296875
29.740234,-4.229736328125
29.742188,-5.035400390625
29.744141,-5.841064453125
29.746094,-6.84814453125
29.748047,-7.65380859375
29.75,-8.660888671875
29.751953,-0.604248046875
29.753906,-1.20849609375
29.755859,-1.409912109375
29.757812,-1.409912109375
29.759766,-1.007080078125
29.761719,-0.40283203125
29.763672,0.40283203125
29.765625,20.54443359375
29.767578,21.551513671875
29.769531,22.55859375
29.771484,23.3642578125
29.773438,23.968505859375
29.775391,24.371337890625
29.777344,24.57275390625
29.779297,24.371337890625
29.78125,23.968505859375
29.783203,47.13134765625
29.785156,46.32568359375
29.787109,45.318603515625
29.789062,44.3115234375
29.791016,43.505859375
29.792969,42.7001953125
29.794922,42.095947265625
29.796875,41.89453125
29.798828,42.095947265625
29.800781,42.29736328125
29.802734,42.901611328125
29.804688,43.505859375
29.806641,44.512939453125
29.808594,45.318603515625
29.810547,46.32568359375
29.8125,47.13134765625
29.814453,24.371337890625
29.816406,24.9755859375
29.818359,25.177001953125
29.820312,24.9755859375
29.822266,24.774169921875
29.824219,24.169921875
29.826172,23.3642578125
29.828125,22.55859375
29.830078,21.551513671875
29.832031,-5.841064453125
29.833984,-6.84814453125
29.835938,-7.452392578125
29.837891,-7.855224609375
29.839844,-8.056640625
29.841797,-7.855224609375
29.84375,-7.452392578125
29.845703,-6.84814453125
29.847656,-7.65380859375
29.849609,-6.646728515625
29.851562,-5.6396484375
29.853516,-4.833984375
29.855469,-4.0283203125
29.857422,-3.424072265625
29.859375,-3.021240234375
29.861328,17.523193359375
29.863281,17.32177734375
29.865234,16.717529296875
29.867188,16.11328125
29.869141,15.106201171875
29.871094,14.300537109375
29.873047,13.29345703125
29.875,12.48779296875
29.876953,39.07470703125
29.878906,38.671875
29.880859,38.26904296875
29.882812,38.470458984375
29.884766,38.671875
29.886719,39.276123046875
29.888672,40.081787109375
29.890625,47.5341796875
29.892578,48.541259765625
29.894531,49.54833984375
29.896484,50.35400390625
29.898438,50.958251953125
29.900391,51.361083984375
29.902344,51.5625
29.904297,51.361083984375
29.90625,50.958251953125
29.908203,30.413818359375
29.910156,29.40673828125
29.912109,28.60107421875
29.914062,27.593994140625
29.916016,26.5869140625
29.917969,25.982666015625
29.919922,25.37841796875
29.921875,24.9755859375
29.923828,24.9755859375
29.925781,5.23681640625
29.927734,5.6396484375
29.929688,6.4453125
29.931641,7.2509765625
29.933594,8.258056640625
29.935547,9.26513671875
29.9375,10.07080078125
29.939453,10.87646484375
29.941406,11.279296875
29.943359,11.480712890625
29.945312,11.480712890625
29.947266,11.279296875
29.949219,-7.855224609375
29.951172,-8.660888671875
29.953125,-9.466552734375
29.955078,2.81982421875
29.957031,2.01416015625
29.958984,1.007080078125
29.960938,0.40283203125
29.962891,0.0
29.964844,0.0
29.966797,0.0
29.96875,0.40283203125
29.970703,26.18408203125
29.972656,26.98974609375
29.974609,27.996826171875
29.976562,29.00390625
29.978516,29.8095703125
29.980469,30.615234375
29.982422,31.219482421875
29.984375,31.4208984375
29.986328,51.361083984375
29.988281,51.15966796875
29.990234,50.7568359375
29.992188,49.951171875
29.994141,49.1455078125
29.996094,48.138427734375
29.998047,47.13134765625
30.0,46.32568359375
30.001953,37.46337890625
30.003906,37.060546875
30.005859,36.65771484375
30.007812,36.859130859375
30.009766,37.060546875
30.011719,37.664794921875
30.013672,38.470458984375
30.015625,39.4775390625
30.017578,40.283203125
30.019531,16.11328125
30.021484,16.9189453125
30.023438,17.523193359375
30.025391,17.926025390625
30.027344,6.4453125
30.029297,-5.23681640625
30.03125,-5.6396484375
30.033203,-6.243896484375
30.035156,-7.049560546875
30.037109,-8.056640625
30.039062,-9.063720703125
30.041016,-9.869384765625
30.042969,-10.675048828125
30.044922,-11.279296875
30.046875,-11.68212890625
30.048828,-11.68212890625
30.050781,-11.480712890625
30.052734,-10.87646484375
30.054688,-10.272216796875
30.056641,-9.466552734375
30.058594,-2.81982421875
30.060547,-1.812744140625
30.0625,-1.007080078125
30.064453,-0.40283203125
30.066406,0.201416015625
30.068359,0.40283203125
30.070312,24.371337890625
30.072266,24.169921875
30.074219,23.565673828125
30.076172,22.760009765625
30.078125,21.954345703125
30.080078,45.52001953125
30.082031,44.512939453125
30.083984,43.707275390625
30.085938,43.10302734375
30.087891,42.7001953125
30.089844,42.498779296875
30.091797,42.7001953125
30.09375,43.10302734375
30.095703,43.707275390625
30.097656,48.74267578125
30.099609,49.749755859375
30.101562,50.7568359375
30.103516,51.5625
30.105469,52.3681640625
30.107422,52.972412109375
30.109375,53.375244140625
30.111328,32.427978515625
30.113281,32.2265625
30.115234,31.622314453125
30.117188,31.01806640625
30.119141,30.21240234375
30.121094,29.205322265625
30.123047,28.1982421875
30.125,27.392578125
30.126953,-0.604248046875
30.128906,-1.007080078125
30.130859,-1.409912109375
30.132812,-1.20849609375
30.134766,-1.007080078125
30.136719,-0.40283203125
30.138672,0.40283203125
30.140625,1.409912109375
30.142578,-9.063720703125
30.144531,-8.056640625
30.146484,-7.2509765625
30.148438,-6.646728515625
30.150391,-6.243896484375
30.152344,-6.04248046875
30.154297,-6.243896484375
30.15625,-6.646728515625
30.158203,-7.2509765625
30.160156,-8.056640625
30.162109,-9.063720703125
30.164062,-10.07080078125
30.166016,-10.87646484375
30.167969,-11.68212890625
30.169922,5.23681640625
30.171875,4.833984375
30.173828,31.219482421875
30.175781,31.4208984375
30.177734,32.025146484375
30.179688,32.62939453125
30.181641,33.43505859375
30.183594,34.442138671875
30.185547,35.44921875
30.1875,36.2548828125
30.189453,49.951171875
30.191406,50.555419921875
30.193359,50.7568359375
30.195312,50.7568359375
30.197266,50.35400390625
30.199219,49.749755859375
30.201172,48.944091796875
30.203125,48.138427734375
30.205078,35.247802734375
30.207031,34.24072265625
30.208984,33.43505859375
30.210938,32.830810546875
30.212891,32.427978515625
30.214844,32.2265625
30.216797,32.427978515625
30.21875,32.830810546875
30.220703,6.243896484375
30.222656,-9.26513671875
30.224609,-8.45947265625
30.226562,-7.452392578125
30.228516,-6.4453125
30.230469,-5.6396484375
30.232422,-5.23681640625
30.234375,-4.833984375
30.236328,-4.833984375
30.238281,-5.035400390625
30.240234,-5.438232421875
30.242188,-6.243896484375
30.244141,-7.049560546875
30.246094,-8.056640625
30.248047,-9.063720703125
30.25,-9.869384765625
30.251953,-10.675048828125
30.253906,-11.077880859375
30.255859,-9.466552734375
30.257812,0.0
30.259766,0.201416015625
30.261719,0.8056640625
30.263672,1.611328125
30.265625,2.618408203125
30.267578,3.424072265625
30.269531,30.21240234375
30.271484,31.01806640625
30.273438,31.82373046875
30.275391,32.2265625
30.277344,32.2265625
30.279297,32.2265625
30.28125,31.82373046875
30.283203,31.01806640625
30.285156,30.21240234375
30.287109,29.40673828125
30.289062,48.541259765625
30.291016,47.735595703125
30.292969,46.929931640625
30.294922,46.32568359375
30.296875,46.124267578125
30.298828,40.081787109375
30.300781,40.283203125
30.302734,40.68603515625
30.304688,41.49169921875
30.306641,42.29736328125
30.308594,43.304443359375
30.310547,44.3115234375
30.3125,45.1171875
30.314453,45.9228515625
30.316406,25.177001953125
30.318359,25.579833984375
30.320312,25.37841796875
30.322266,25.177001953125
30.324219,24.57275390625
30.326172,23.76708984375
30.328125,22.760009765625
30.330078,21.954345703125
30.332031,-5.23681640625
30.333984,-6.04248046875
30.335938,-6.646728515625
30.337891,-7.049560546875
30.339844,-7.2509765625
30.341797,-7.049560546875
30.34375,-6.646728515625
30.345703,-6.04248046875
30.347656,-5.438232421875
30.349609,-4.632568359375
30.351562,-3.62548828125
30.353516,-2.618408203125
30.355469,-1.812744140625
30.357422,-1.409912109375
30.359375,-1.007080078125
30.361328,-1.007080078125
30.363281,17.523193359375
30.365234,17.120361328125
30.367188,16.314697265625
30.369141,15.509033203125
30.371094,14.501953125
30.373047,13.494873046875
30.375,12.689208984375
30.376953,11.883544921875
30.378906,11.480712890625
30.380859,11.279296875
30.382812,11.279296875
30.384766,11.68212890625
30.386719,12.286376953125
30.388672,12.890625
30.390625,44.512939453125
30.392578,45.52001953125
30.394531,46.32568359375
30.396484,47.13134765625
30.398438,47.93701171875
30.400391,48.33984375
30.402344,48.33984375
30.404297,48.33984375
30.40625,47.93701171875
30.408203,47.13134765625
30.410156,31.01806640625
30.412109,30.010986328125
30.414062,29.00390625
30.416016,28.1982421875
30.417969,0.0
30.419922,-0.604248046875
30.421875,-1.007080078125
30.423828,-1.007080078125
30.425781,-0.8056640625
30.427734,-0.201416015625
30.429688,0.40283203125
30.431641,1.20849609375
30.433594,2.215576171875
30.435547,3.22265625
30.4375,4.0283203125
30.439453,4.833984375
30.441406,5.23681640625
30.443359,-6.4453125
30.445312,-6.646728515625
30.447266,-6.84814453125
30.449219,-7.452392578125
30.451172,-8.258056640625
30.453125,-9.26513671875
30.455078,-10.07080078125
30.457031,-11.077880859375
30.458984,5.035400390625
30.460938,4.43115234375
30.462891,4.0283203125
30.464844,3.826904296875
30.466797,4.0283203125
30.46875,4.43115234375
30.470703,5.035400390625
30.472656,5.841064453125
30.474609,34.6435546875
30.476562,35.44921875
30.478516,36.456298828125
30.480469,37.261962890625
30.482422,37.8662109375
30.484375,38.067626953125
30.486328,38.26904296875
30.488281,37.8662109375
30.490234,37.46337890625
30.492188,36.65771484375
30.494141,35.85205078125
30.496094,34.844970703125
30.498047,34.039306640625
30.5,33.0322265625
30.501953,32.830810546875
30.503906,32.2265625
30.505859,32.025146484375
30.507812,32.025146484375
30.509766,32.427978515625
30.511719,33.0322265625
30.513672,33.837890625
30.515625,34.6435546875
30.517578,35.650634765625
30.519531,36.65771484375
30.521484,9.26513671875
30.523438,10.07080078125
30.525391,10.4736328125
30.527344,10.4736328125
30.529297,10.4736328125
30.53125,10.07080078125
30.533203,9.26513671875
30.535156,-4.43115234375
30.537109,-5.438232421875
30.539062,-6.4453125
30.541016,-7.2509765625
30.542969,-8.056640625
30.544922,-8.660888671875
30.546875,-9.063720703125
30.548828,-9.063720703125
30.550781,-8.8623046875
30.552734,-2.01416015625
30.554688,-1.20849609375
30.556641,-0.40283203125
30.558594,0.604248046875
30.560547,1.611328125
30.5625,2.4169921875
30.564453,3.22265625
30.566406,3.62548828125
30.568359,31.82373046875
30.570312,31.622314453125
30.572266,31.4208984375
30.574219,30.816650390625
30.576172,30.010986328125
30.578125,29.00390625
30.580078,28.1982421875
30.582031,27.191162109375
30.583984,43.505859375
30.585938,42.7001953125
30.587891,42.29736328125
30.589844,42.29736328125
30.591797,42.29736328125
30.59375,42.7001953125
30.595703,43.505859375
30.597656,44.3115234375
30.599609,45.1171875
30.601562,46.124267578125
30.603516,47.13134765625
30.605469,47.93701171875
30.607422,48.33984375
30.609375,48.74267578125
30.611328,48.74267578125
30.613281,17.724609375
30.615234,17.120361328125
30.617188,16.314697265625
30.619141,15.509033203125
30.621094,14.501953125
30.623047,13.6962890625
30.625,12.689208984375
30.626953,12.0849609375
30.628906,11.480712890625
30.630859,11.279296875
30.632812,-7.049560546875
30.634766,-6.646728515625
30.636719,-6.04248046875
30.638672,-5.438232421875
30.640625,-4.43115234375
30.642578,-3.424072265625
30.644531,-2.618408203125
30.646484,-1.611328125
30.648438,-4.833984375
30.650391,-4.229736328125
30.652344,-4.229736328125
30.654297,-4.229736328125
30.65625,-4.833984375
30.658203,-5.438232421875
30.660156,-6.243896484375
30.662109,-7.2509765625
30.664062,13.897705078125
30.666016,13.092041015625
30.667969,12.286376953125
30.669922,11.68212890625
30.671875,11.480712890625
30.673828,11.279296875
30.675781,11.480712890625
30.677734,36.053466796875
30.679688,36.65771484375
30.681641,37.664794921875
30.683594,38.470458984375
30.685547,39.4775390625
30.6875,40.283203125
30.689453,41.0888671875
30.691406,41.49169921875
30.693359,51.5625
30.695312,51.5625
30.697266,51.15966796875
30.699219,50.555419921875
30.701172,49.951171875
30.703125,48.944091796875
30.705078,47.93701171875
30.707031,47.13134765625
30.708984,46.124267578125
30.710938,45.52001953125
30.712891,45.1171875
30.714844,44.915771484375
30.716797,45.1171875
30.71875,45.52001953125
30.720703,26.788330078125
30.722656,-0.604248046875
30.724609,0.40283203125
30.726562,1.409912109375
30.728516,2.215576171875
30.730469,3.021240234375
30.732422,3.62548828125
30.734375,4.0283203125
30.736328,4.0283203125
30.738281,3.826904296875
30.740234,3.22265625
30.742188,-4.0283203125
30.744141,-9.063720703125
30.746094,-10.07080078125
30.748047,-10.87646484375
30.75,-11.883544921875
30.751953,-12.48779296875
30.753906,-13.092041015625
30.755859,3.22265625
30.757812,3.22265625
30.759766,3.62548828125
30.761719,4.229736328125
30.763672,5.035400390625
30.765625,5.841064453125
30.767578,6.84814453125
30.769531,7.855224609375
30.771484,8.660888671875
30.773438,36.65771484375
30.775391,37.060546875
30.777344,37.060546875
30.779297,37.060546875
30.78125,36.65771484375
30.783203,35.85205078125
30.785156,35.04638671875
30.787109,34.24072265625
30.789062,47.5341796875
30.791016,46.527099609375
30.792969,45.721435546875
30.794922,45.318603515625
30.796875,44.915771484375
30.798828,44.915771484375
30.800781,45.1171875
30.802734,45.52001953125
30.804688,46.32568359375
30.806641,35.247802734375
30.808594,7.452392578125
30.810547,8.45947265625
30.8125,9.26513671875
30.814453,10.07080078125
30.816406,10.4736328125
30.818359,10.87646484375
30.820312,10.675048828125
30.822266,10.4736328125
30.824219,9.869384765625
30.826172,9.063720703125
30.828125,8.056640625
30.830078,7.2509765625
30.832031,6.243896484375
30.833984,5.438232421875
30.835938,4.833984375
30.837891,-8.258056640625
30.839844,-8.45947265625
30.841797,-8.258056640625
30.84375,-7.855224609375
30.845703,-7.2509765625
30.847656,-6.4453125
30.849609,-5.438232421875
30.851562,-1.20849609375
30.853516,-0.201416015625
30.855469,0.604248046875
30.857422,1.20849609375
30.859375,1.409912109375
30.861328,1.409912109375
30.863281,1.20849609375
30.865234,0.8056640625
30.867188,23.162841796875
30.869141,22.15576171875
30.871094,21.35009765625
30.873047,20.343017578125
30.875,19.537353515625
30.876953,18.731689453125
30.878906,18.328857421875
30.880859,17.926025390625
30.882812,40.484619140625
30.884766,40.887451171875
30.886719,41.49169921875
30.888672,42.29736328125
30.890625,43.10302734375
30.892578,44.110107421875
30.894531,45.1171875
30.896484,45.9228515625
30.898438,46.527099609375
30.900391,46.929931640625
30.902344,46.929931640625
30.904297,46.929931640625
30.90625,46.527099609375
30.908203,45.721435546875
30.910156,44.915771484375
30.912109,44.110107421875
30.914062,43.10302734375
30.916016,20.745849609375
30.917969,19.940185546875
30.919922,19.3359375
30.921875,18.93310546875
30.923828,18.93310546875
30.925781,19.134521484375
30.927734,19.73876953125
30.929688,20.343017578125
30.931641,21.35009765625
30.933594,-2.215576171875
30.935547,-1.20849609375
30.9375,-0.201416015625
30.939453,0.40283203125
30.941406,1.007080078125
30.943359,1.20849609375
30.945312,-1.812744140625
30.947266,-2.01416015625
30.949219,-2.618408203125
30.951172,-3.424072265625
30.953125,-4.229736328125
30.955078,-5.23681640625
30.957031,-6.243896484375
30.958984,-7.049560546875
30.960938,-7.65380859375
30.962891,11.279296875
30.964844,11.279296875
30.966797,11.279296875
30.96875,11.68212890625
30.970703,12.48779296875
30.972656,13.29345703125
30.974609,14.09912109375
30.976562,15.106201171875
30.978516,42.29736328125
30.980469,43.10302734375
30.982422,43.707275390625
30.984375,43.90869140625
30.986328,44.110107421875
30.988281,43.707275390625
30.990234,43.304443359375
30.992188,42.498779296875
30.994141,48.138427734375
30.996094,46.929931640625
30.998047,45.9228515625
31.0,45.1171875
31.001953,44.3115234375
31.003906,26.18408203125
31.005859,25.982666015625
31.007812,25.982666015625
31.009766,26.385498046875
31.011719,26.98974609375
31.013672,27.79541015625
31.015625,28.60107421875
31.017578,29.608154296875
31.019531,30.615234375
31.021484,31.4208984375
31.023438,32.025146484375
31.025391,32.427978515625
31.027344,6.646728515625
31.029297,6.4453125
31.03125,6.04248046875
31.033203,5.438232421875
31.035156,4.632568359375
31.037109,3.62548828125
31.039062,2.618408203125
31.041016,1.812744140625
31.042969,1.007080078125
31.044922,0.40283203125
31.046875,0.0
31.048828,0.0
31.050781,0.201416015625
31.052734,-13.29345703125
31.054688,-12.689208984375
31.056641,5.841064453125
31.058594,6.646728515625
31.060547,7.65380859375
31.0625,8.660888671875
31.064453,9.26513671875
31.066406,9.869384765625
31.068359,10.07080078125
31.070312,10.07080078125
31.072266,9.66796875
31.074219,36.859130859375
31.076172,36.053466796875
31.078125,35.04638671875
31.080078,34.039306640625
31.082031,33.233642578125
31.083984,32.427978515625
31.085938,31.622314453125
31.087891,31.219482421875
31.089844,41.0888671875
31.091797,42.901611328125
31.09375,43.304443359375
31.095703,43.90869140625
31.097656,44.71435546875
31.099609,45.721435546875
31.101562,46.728515625
31.103516,47.5341796875
31.105469,38.067626953125
31.107422,38.671875
31.109375,38.873291015625
31.111328,38.873291015625
31.113281,38.671875
31.115234,38.26904296875
31.117188,37.46337890625
31.119141,36.65771484375
31.121094,35.650634765625
31.123047,6.4453125
31.125,5.6396484375
31.126953,4.833984375
31.128906,4.43115234375
31.130859,4.229736328125
31.132812,4.229736328125
31.134766,4.632568359375
31.136719,5.23681640625
31.138672,5.841064453125
31.140625,6.84814453125
31.142578,7.855224609375
31.144531,8.660888671875
31.146484,9.66796875
31.148438,-8.056640625
31.150391,-7.65380859375
31.152344,5.035400390625
31.154297,4.833984375
31.15625,4.43115234375
31.158203,3.826904296875
31.160156,2.81982421875
31.162109,2.01416015625
31.164062,1.007080078125
31.166016,0.0
31.167969,25.37841796875
31.169922,24.774169921875
31.171875,24.371337890625
31.173828,24.371337890625
31.175781,24.57275390625
31.177734,25.177001953125
31.179688,25.78125
31.181641,26.788330078125
31.183594,27.593994140625
31.185547,50.35400390625
31.1875,51.15966796875
31.189453,51.96533203125
31.191406,52.3681640625
31.193359,52.77099609375
31.195312,52.569580078125
31.197266,52.3681640625
31.199219,41.290283203125
31.201172,40.484619140625
31.203125,39.678955078125
31.205078,38.671875
31.207031,37.664794921875
31.208984,36.859130859375
31.210938,36.2548828125
31.212891,35.85205078125
31.214844,35.650634765625
31.216797,11.480712890625
31.21875,11.883544921875
31.220703,12.48779296875
31.222656,13.494873046875
31.224609,14.300537109375
31.226562,15.3076171875
31.228516,16.314697265625
31.230469,16.9189453125
31.232422,-5.23681640625
31.234375,-4.833984375
31.236328,-4.833984375
31.238281,-5.035400390625
31.240234,-5.6396484375
31.242188,-6.243896484375
31.244141,-7.049560546875
31.246094,-8.056640625
31.248047,-9.063720703125
31.25,-9.869384765625
31.251953,-5.438232421875
31.253906,-5.841064453125
31.255859,-6.04248046875
31.257812,-6.04248046875
31.259766,-5.6396484375
31.261719,-5.23681640625
31.263672,5.035400390625
31.265625,20.745849609375
31.267578,21.7529296875
31.269531,22.55859375
31.271484,23.3642578125
31.273438,24.169921875
31.275391,24.57275390625
31.277344,24.57275390625
31.279297,24.57275390625
31.28125,48.33984375
31.283203,47.735595703125
31.285156,46.728515625
31.287109,45.9228515625
31.289062,44.915771484375
31.291016,43.90869140625
31.292969,43.304443359375
31.294922,42.7001953125
31.296875,39.678955078125
31.298828,39.678955078125
31.300781,39.88037109375
31.302734,40.484619140625
31.304688,41.0888671875
31.306641,42.095947265625
31.308594,42.901611328125
31.310547,43.90869140625
31.3125,30.615234375
31.314453,31.4208984375
31.316406,31.82373046875
31.318359,32.025146484375
31.320312,32.025146484375
31.322266,31.622314453125
31.324219,31.01806640625
31.326172,30.413818359375
31.328125,4.43115234375
31.330078,3.424072265625
31.332031,2.618408203125
31.333984,1.611328125
31.335938,1.007080078125
31.337891,0.604248046875
31.339844,0.40283203125
31.341797,0.604248046875
31.34375,-10.87646484375
31.345703,-10.272216796875
31.347656,-9.466552734375
31.349609,-8.45947265625
31.351562,-7.452392578125
31.353516,-6.646728515625
31.355469,-5.841064453125
31.357422,-5.23681640625
31.359375,-4.833984375
31.361328,-4.833984375
31.363281,-5.035400390625
31.365234,-5.6396484375
31.367188,-6.243896484375
31.369141,-7.2509765625
31.371094,7.049560546875
31.373047,33.233642578125
31.375,32.2265625
31.376953,31.622314453125
31.378906,31.01806640625
31.380859,30.816650390625
31.382812,30.816650390625
31.384766,31.219482421875
31.386719,31.82373046875
31.388672,32.62939453125
31.390625,33.43505859375
31.392578,46.527099609375
31.394531,37.46337890625
31.396484,38.26904296875
31.398438,38.873291015625
31.400391,39.276123046875
31.402344,39.4775390625
31.404297,39.276123046875
31.40625,38.873291015625
31.408203,38.26904296875
31.410156,37.46337890625
31.412109,36.456298828125
31.414062,35.44921875
31.416016,34.6435546875
31.417969,33.837890625
31.419922,33.233642578125
31.421875,32.830810546875
31.423828,5.438232421875
31.425781,5.6396484375
31.427734,6.243896484375
31.429688,6.84814453125
31.431641,7.855224609375
31.433594,8.8623046875
31.435547,9.66796875
31.4375,-3.62548828125
31.439453,-3.021240234375
31.441406,-2.4169921875
31.443359,-2.215576171875
31.445312,-2.215576171875
31.447266,-2.618408203125
31.449219,-3.22265625
31.451172,-4.0283203125
31.453125,-4.833984375
31.455078,3.021240234375
31.457031,2.01416015625
31.458984,1.20849609375
31.460938,0.604248046875
31.462891,0.201416015625
31.464844,0.0
31.466797,0.201416015625
31.46875,0.604248046875
31.470703,1.20849609375
31.472656,2.01416015625
31.474609,3.021240234375
31.476562,4.0283203125
31.478516,4.833984375
31.480469,31.219482421875
31.482422,31.82373046875
31.484375,52.166748046875
31.486328,52.166748046875
31.488281,51.96533203125
31.490234,51.361083984375
31.492188,50.7568359375
31.494141,49.749755859375
31.496094,48.944091796875
31.498047,47.93701171875
31.5,37.261962890625
31.501953,36.456298828125
31.503906,36.053466796875
31.505859,35.85205078125
31.507812,35.85205078125
31.509766,36.053466796875
31.511719,36.65771484375
31.513672,37.46337890625
31.515625,38.470458984375
31.517578,14.90478515625
31.519531,15.911865234375
31.521484,16.717529296875
31.523438,17.32177734375
31.525391,17.724609375
31.527344,17.926025390625
31.529297,17.724609375
31.53125,17.32177734375
31.533203,-4.43115234375
31.535156,-5.23681640625
31.537109,-6.243896484375
31.539062,-7.2509765625
31.541016,-8.056640625
31.542969,-8.8623046875
31.544922,-9.466552734375
31.546875,-9.869384765625
31.548828,-9.869384765625
31.550781,-6.84814453125
31.552734,-6.243896484375
31.554688,-5.6396484375
31.556641,-4.632568359375
31.558594,-3.826904296875
31.560547,-2.81982421875
31.5625,-2.01416015625
31.564453,23.76708984375
31.566406,24.371337890625
31.568359,24.57275390625
31.570312,24.57275390625
31.572266,24.169921875
31.574219,23.565673828125
31.576172,22.760009765625
31.578125,21.954345703125
31.580078,20.947265625
31.582031,19.940185546875
31.583984,19.134521484375
31.585938,18.5302734375
31.587891,18.12744140625
31.589844,40.081787109375
31.591797,40.283203125
31.59375,40.68603515625
31.595703,44.110107421875
31.597656,45.1171875
31.599609,45.9228515625
31.601562,46.929931640625
31.603516,47.735595703125
31.605469,48.541259765625
31.607422,49.1455078125
31.609375,49.54833984375
31.611328,49.54833984375
31.613281,25.37841796875
31.615234,24.774169921875
31.617188,24.169921875
31.619141,23.162841796875
31.621094,22.15576171875
31.623047,21.35009765625
31.625,20.343017578125
31.626953,19.73876953125
31.628906,-0.604248046875
31.630859,-4.0283203125
31.632812,-4.0283203125
31.634766,-3.62548828125
31.636719,-3.22265625
31.638672,-2.4169921875
31.640625,-1.409912109375
31.642578,-0.40283203125
31.644531,0.40283203125
31.646484,-5.035400390625
31.648438,-4.43115234375
31.650391,-4.0283203125
31.652344,-3.826904296875
31.654297,-4.0283203125
31.65625,-4.43115234375
31.658203,-5.035400390625
31.660156,15.3076171875
31.662109,14.300537109375
31.664062,13.29345703125
31.666016,12.48779296875
31.667969,11.68212890625
31.669922,11.077880859375
31.671875,10.675048828125
31.673828,10.675048828125
31.675781,10.87646484375
31.677734,37.060546875
31.679688,37.8662109375
31.681641,38.671875
31.683594,39.678955078125
31.685547,40.68603515625
31.6875,41.49169921875
31.689453,42.29736328125
31.691406,42.7001953125
31.693359,42.901611328125
31.695312,42.901611328125
31.697266,42.7001953125
31.699219,42.095947265625
31.701172,51.361083984375
31.703125,50.35400390625
31.705078,49.346923828125
31.707031,33.233642578125
31.708984,26.5869140625
31.710938,25.982666015625
31.712891,25.579833984375
31.714844,25.37841796875
31.716797,25.579833984375
31.71875,25.982666015625
31.720703,26.5869140625
31.722656,27.392578125
31.724609,28.399658203125
31.726562,9.26513671875
31.728516,10.07080078125
31.730469,10.87646484375
31.732422,11.480712890625
31.734375,11.68212890625
31.736328,11.883544921875
31.738281,11.480712890625
31.740234,-5.23681640625
31.742188,-5.841064453125
31.744141,-6.84814453125
31.746094,-7.65380859375
31.748047,-8.660888671875
31.75,-9.466552734375
31.751953,-10.272216796875
31.753906,-10.675048828125
31.755859,-0.8056640625
31.757812,-0.8056640625
31.759766,-0.40283203125
31.761719,0.0
31.763672,0.8056640625
31.765625,1.812744140625
31.767578,2.81982421875
31.769531,3.62548828125
31.771484,30.21240234375
31.773438,31.01806640625
31.775391,31.4208984375
31.777344,31.4208984375
31.779297,31.4208984375
31.78125,31.01806640625
31.783203,30.21240234375
31.785156,50.35400390625
31.787109,49.346923828125
31.789062,48.33984375
31.791016,47.5341796875
31.792969,46.728515625
31.794922,46.124267578125
31.796875,45.721435546875
31.798828,45.721435546875
31.800781,45.9228515625
31.802734,46.527099609375
31.804688,47.13134765625
31.806641,48.138427734375
31.808594,49.1455078125
31.810547,49.951171875
31.8125,50.958251953125
31.814453,51.5625
31.816406,17.523193359375
31.818359,17.724609375
31.820312,17.724609375
31.822266,17.523193359375
31.824219,16.9189453125
31.826172,16.11328125
31.828125,15.106201171875
31.830078,14.300537109375
31.832031,13.29345703125
31.833984,12.48779296875
31.835938,-7.049560546875
31.837891,-7.452392578125
31.839844,-7.65380859375
31.841797,-7.452392578125
31.84375,-7.049560546875
31.845703,-6.4453125
31.847656,-5.6396484375
31.849609,-4.632568359375
31.851562,-3.62548828125
31.853516,-2.618408203125
31.855469,-2.01416015625
31.857422,-1.409912109375
31.859375,-1.007080078125
31.861328,-1.007080078125
31.863281,-1.20849609375
31.865234,-1.611328125
31.867188,22.96142578125
31.869141,22.15576171875
31.871094,21.148681640625
31.873047,20.343017578125
31.875,19.3359375
31.876953,18.731689453125
31.878906,18.12744140625
31.880859,17.926025390625
31.882812,43.304443359375
31.884766,43.707275390625
31.886719,44.3115234375
31.888672,44.915771484375
31.890625,45.9228515625
31.892578,46.929931640625
31.894531,47.735595703125
31.896484,48.541259765625
31.898438,46.527099609375
31.900391,46.929931640625
31.902344,47.13134765625
31.904297,46.929931640625
31.90625,46.527099609375
31.908203,45.9228515625
31.910156,45.1171875
31.912109,44.110107421875
31.914062,43.304443359375
31.916016,42.29736328125
31.917969,41.49169921875
31.919922,40.887451171875
31.921875,18.5302734375
31.923828,18.5302734375
31.925781,18.731689453125
31.927734,-5.035400390625
31.929688,-4.229736328125
31.931641,-3.424072265625
31.933594,-2.4169921875
31.935547,-1.409912109375
31.9375,-0.604248046875
31.939453,0.201416015625
31.941406,0.604248046875
31.943359,0.8056640625
31.945312,-5.035400390625
31.947266,-5.438232421875
31.949219,-6.04248046875
31.951172,-6.84814453125
31.953125,-7.65380859375
31.955078,-8.660888671875
31.957031,-9.66796875
31.958984,-10.4736328125
31.960938,11.68212890625
31.962891,11.279296875
31.964844,11.077880859375
31.966797,11.279296875
31.96875,11.68212890625
31.970703,12.286376953125
31.972656,13.092041015625
31.974609,14.09912109375
31.976562,34.24072265625
31.978516,35.04638671875
31.980469,51.361083984375
31.982422,51.96533203125
31.984375,52.166748046875
31.986328,52.166748046875
31.988281,51.96533203125
31.990234,51.5625
31.992188,50.7568359375
31.994141,49.951171875
31.996094,48.944091796875
31.998047,47.93701171875
32.0,47.13134765625
32.001953,46.527099609375
32.003906,45.9228515625
32.005859,45.721435546875
32.007812,45.721435546875
32.009766,31.4208984375
32.011719,32.025146484375
32.013672,32.62939453125
32.015625,33.636474609375
32.017578,34.6435546875
32.019531,35.44921875
32.021484,9.063720703125
32.023438,9.869384765625
32.025391,10.272216796875
32.027344,10.272216796875
32.029297,10.272216796875
32.03125,9.869384765625
32.033203,9.063720703125
32.035156,8.258056640625
32.037109,7.452392578125
32.039062,-11.279296875
32.041016,-12.286376953125
32.042969,-12.890625
32.044922,-13.494873046875
32.046875,-13.897705078125
32.048828,-13.897705078125
32.050781,-13.6962890625
32.052734,-13.092041015625
32.054688,-1.812744140625
32.056641,-0.8056640625
32.058594,0.0
32.060547,1.007080078125
32.0625,2.01416015625
32.064453,2.618408203125
32.066406,3.22265625
32.068359,3.424072265625
32.070312,32.2265625
32.072266,31.82373046875
32.074219,31.219482421875
32.076172,30.413818359375
32.078125,29.608154296875
32.080078,28.60107421875
32.082031,27.593994140625
32.083984,26.788330078125
32.085938,43.90869140625
32.087891,43.505859375
32.089844,43.304443359375
32.091797,43.505859375
32.09375,43.90869140625
32.095703,44.512939453125
32.097656,45.318603515625
32.099609,46.32568359375
32.101562,47.332763671875
32.103516,40.887451171875
32.105469,41.693115234375
32.107422,42.29736328125
32.109375,42.498779296875
32.111328,42.7001953125
32.113281,42.498779296875
32.115234,41.89453125
32.117188,41.0888671875
32.119141,15.509033203125
32.121094,14.501953125
32.123047,13.6962890625
32.125,12.689208984375
32.126953,12.0849609375
32.128906,11.480712890625
32.130859,11.279296875
32.132812,11.279296875
32.134766,11.68212890625
32.136719,12.286376953125
32.138672,13.092041015625
32.140625,13.897705078125
32.142578,14.90478515625
32.144531,15.911865234375
32.146484,-3.021240234375
32.148438,-0.201416015625
32.150391,0.201416015625
32.152344,0.40283203125
32.154297,0.201416015625
32.15625,-0.201416015625
32.158203,-0.8056640625
32.160156,-1.611328125
32.162109,-2.618408203125
32.164062,-3.62548828125
32.166016,19.73876953125
32.167969,18.93310546875
32.169922,18.328857421875
32.171875,18.12744140625
32.173828,18.12744140625
32.175781,41.49169921875
32.177734,42.095947265625
32.179688,42.7001953125
32.181641,43.505859375
32.183594,44.512939453125
32.185547,45.52001953125
32.1875,46.32568359375
32.189453,47.13134765625
32.191406,47.5341796875
32.193359,47.93701171875
32.195312,47.735595703125
32.197266,47.5341796875
32.199219,46.929931640625
32.201172,46.32568359375
32.203125,45.318603515625
32.205078,44.3115234375
32.207031,43.505859375
32.208984,42.498779296875
32.210938,41.89453125
32.212891,41.49169921875
32.214844,18.5302734375
32.216797,18.731689453125
32.21875,19.134521484375
32.220703,19.73876953125
32.222656,20.54443359375
32.224609,21.551513671875
32.226562,22.55859375
32.228516,23.3642578125
32.230469,0.8056640625
32.232422,1.409912109375
32.234375,1.812744140625
32.236328,1.812744140625
32.238281,1.611328125
32.240234,1.20849609375
32.242188,0.40283203125
32.244141,-0.40283203125
32.246094,-1.409912109375
32.248047,-5.6396484375
32.25,-6.4453125
32.251953,-7.2509765625
32.253906,-7.65380859375
32.255859,-7.855224609375
32.257812,-7.855224609375
32.259766,-7.452392578125
32.261719,11.480712890625
32.263672,12.286376953125
32.265625,13.29345703125
32.267578,14.300537109375
32.269531,15.106201171875
32.271484,15.911865234375
32.273438,16.717529296875
32.275391,17.120361328125
32.277344,43.505859375
32.279297,43.304443359375
32.28125,42.901611328125
32.283203,42.29736328125
32.285156,41.49169921875
32.287109,40.484619140625
32.289062,39.678955078125
32.291016,38.671875
32.292969,37.8662109375
32.294922,37.261962890625
32.296875,42.498779296875
32.298828,42.498779296875
32.300781,42.7001953125
32.302734,43.304443359375
32.304688,43.90869140625
32.306641,44.71435546875
32.308594,45.721435546875
32.310547,29.205322265625
32.3125,30.21240234375
32.314453,30.816650390625
32.316406,31.4208984375
32.318359,31.622314453125
32.320312,31.622314453125
32.322266,31.219482421875
32.324219,30.615234375
32.326172,4.632568359375
32.328125,3.62548828125
32.330078,2.618408203125
32.332031,1.812744140625
32.333984,1.007080078125
32.335938,0.201416015625
32.337891,-0.201416015625
32.339844,-0.201416015625
32.341797,-12.48779296875
32.34375,-11.883544921875
32.345703,-11.279296875
32.347656,-10.4736328125
32.349609,-9.466552734375
32.351562,-8.660888671875
32.353516,-7.65380859375
32.355469,-6.84814453125
32.357422,-6.243896484375
32.359375,-6.04248046875
32.361328,-6.04248046875
32.363281,-6.243896484375
32.365234,-6.646728515625
32.367188,-7.452392578125
32.369141,35.04638671875
32.371094,47.13134765625
32.373047,46.32568359375
32.375,45.318603515625
32.376953,44.71435546875
32.378906,44.110107421875
32.380859,43.90869140625
32.382812,43.90869140625
32.384766,44.3115234375
32.386719,44.915771484375
32.388672,45.721435546875
32.390625,46.527099609375
32.392578,47.5341796875
32.394531,48.541259765625
32.396484,49.346923828125
32.398438,49.951171875
32.400391,50.35400390625
32.402344,50.555419921875
32.404297,50.35400390625
32.40625,49.951171875
32.408203,49.346923828125
32.410156,41.89453125
32.412109,40.887451171875
32.414062,39.88037109375
32.416016,39.07470703125
32.417969,13.092041015625
32.419922,12.48779296875
32.421875,12.286376953125
32.423828,12.0849609375
32.425781,12.286376953125
32.427734,12.890625
32.429688,13.494873046875
32.431641,14.501953125
32.433594,15.509033203125
32.435547,-7.452392578125
32.4375,-6.4453125
32.439453,-5.841064453125
32.441406,-5.23681640625
32.443359,-5.035400390625
32.445312,-5.035400390625
32.447266,-5.438232421875
32.449219,-6.04248046875
32.451172,-3.62548828125
32.453125,-4.632568359375
32.455078,-5.438232421875
32.457031,-6.4453125
32.458984,-7.2509765625
32.460938,-7.855224609375
32.462891,-8.45947265625
32.464844,-8.45947265625
32.466797,-8.45947265625
32.46875,-7.855224609375
32.470703,-7.2509765625
32.472656,-6.4453125
32.474609,-5.438232421875
32.476562,21.7529296875
32.478516,22.760009765625
32.480469,23.565673828125
32.482422,24.169921875
32.484375,24.371337890625
32.486328,47.93701171875
32.488281,47.5341796875
32.490234,47.13134765625
32.492188,46.32568359375
32.494141,45.52001953125
32.496094,44.512939453125
32.498047,42.498779296875
32.5,41.49169921875
32.501953,40.887451171875
32.503906,40.283203125
32.505859,40.081787109375
32.507812,40.081787109375
32.509766,40.484619140625
32.511719,41.0888671875
32.513672,41.89453125
32.515625,21.35009765625
32.517578,22.357177734375
32.519531,23.3642578125
32.521484,24.169921875
32.523438,24.774169921875
32.525391,25.177001953125
32.527344,25.37841796875
32.529297,2.01416015625
32.53125,1.611328125
32.533203,1.007080078125
32.535156,0.201416015625
32.537109,-0.8056640625
32.539062,-1.611328125
32.541016,-2.618408203125
32.542969,-3.424072265625
32.544922,-4.0283203125
32.546875,-9.26513671875
32.548828,-9.26513671875
32.550781,-9.063720703125
32.552734,-8.660888671875
32.554688,-7.855224609375
32.556641,-7.049560546875
32.558594,-6.04248046875
32.560547,-5.035400390625
32.5625,15.71044921875
32.564453,16.314697265625
32.566406,44.110107421875
32.568359,44.3115234375
32.570312,44.3115234375
32.572266,44.110107421875
32.574219,43.505859375
32.576172,42.7001953125
32.578125,41.693115234375
32.580078,40.887451171875
32.582031,39.88037109375
32.583984,39.07470703125
32.585938,38.470458984375
32.587891,37.8662109375
32.589844,37.8662109375
32.591797,37.8662109375
32.59375,38.470458984375
32.595703,45.721435546875
32.597656,46.527099609375
32.599609,47.5341796875
32.601562,48.541259765625
32.603516,49.346923828125
32.605469,50.152587890625
32.607422,50.7568359375
32.609375,32.025146484375
32.611328,32.025146484375
32.613281,31.82373046875
32.615234,31.219482421875
32.617188,30.615234375
32.619141,29.8095703125
32.621094,28.802490234375
32.623047,27.79541015625
32.625,26.98974609375
32.626953,12.689208984375
32.628906,-1.409912109375
32.630859,-1.611328125
32.632812,-1.611328125
32.634766,-1.409912109375
32.636719,-0.8056640625
32.638672,0.0
32.640625,1.007080078125
32.642578,-9.26513671875
32.644531,-8.45947265625
32.646484,-7.65380859375
32.648438,-6.84814453125
32.650391,-6.4453125
32.652344,-6.4453125
32.654297,-6.4453125
32.65625,9.26513671875
32.658203,8.45947265625
32.660156,7.65380859375
32.662109,6.84814453125
32.664062,5.841064453125
32.666016,4.833984375
32.667969,4.0283203125
32.669922,3.62548828125
32.671875,3.22265625
32.673828,31.4208984375
32.675781,31.622314453125
32.677734,32.2265625
32.679688,32.830810546875
32.681641,33.837890625
32.683594,34.6435546875
32.685547,35.650634765625
32.6875,36.456298828125
32.689453,37.261962890625
32.691406,51.763916015625
32.693359,51.96533203125
32.695312,51.96533203125
32.697266,51.763916015625
32.699219,51.15966796875
32.701172,50.35400390625
32.703125,49.346923828125
32.705078,33.837890625
32.707031,33.0322265625
32.708984,32.2265625
32.710938,31.4208984375
32.712891,31.01806640625
32.714844,31.01806640625
32.716797,31.01806640625
32.71875,31.4208984375
32.720703,12.689208984375
32.722656,13.494873046875
32.724609,14.300537109375
32.726562,15.3076171875
32.728516,16.314697265625
32.730469,17.120361328125
32.732422,17.523193359375
32.734375,17.926025390625
32.736328,-2.4169921875
32.738281,-2.618408203125
32.740234,-3.021240234375
32.742188,-3.826904296875
32.744141,-4.632568359375
32.746094,-5.6396484375
32.748047,-6.646728515625
32.75,-7.452392578125
32.751953,-2.4169921875
32.753906,-2.81982421875
32.755859,-3.22265625
32.757812,-3.021240234375
32.759766,-2.81982421875
32.761719,18.93310546875
32.763672,19.73876953125
32.765625,20.745849609375
32.767578,21.7529296875
32.769531,22.55859375
32.771484,23.3642578125
32.773438,24.169921875
32.775391,24.57275390625
32.777344,24.57275390625
32.779297,24.57275390625
32.78125,24.169921875
32.783203,23.3642578125
32.785156,47.5341796875
32.787109,46.728515625
32.789062,45.721435546875
32.791016,44.71435546875
32.792969,43.90869140625
32.794922,43.505859375
32.796875,43.10302734375
32.798828,43.10302734375
32.800781,43.304443359375
32.802734,43.707275390625
32.804688,44.512939453125
32.806641,45.318603515625
32.808594,46.32568359375
32.810547,47.332763671875
32.8125,23.968505859375
32.814453,24.774169921875
32.816406,25.177001953125
32.818359,25.37841796875
32.820312,25.37841796875
32.822266,24.9755859375
32.824219,24.371337890625
32.826172,23.76708984375
32.828125,22.760009765625
32.830078,21.7529296875
32.832031,-5.6396484375
32.833984,-6.4453125
32.835938,-7.049560546875
32.837891,-7.452392578125
32.839844,-7.65380859375
32.841797,-7.452392578125
32.84375,-7.049560546875
32.845703,-6.4453125
32.847656,-6.84814453125
32.849609,-5.841064453125
32.851562,-5.035400390625
32.853516,-4.0283203125
32.855469,-3.22265625
32.857422,-2.618408203125
32.859375,-2.4169921875
32.861328,-2.215576171875
32.863281,17.926025390625
32.865234,17.32177734375
32.867188,16.717529296875
32.869141,15.71044921875
32.871094,14.703369140625
32.873047,13.897705078125
32.875,12.890625
32.876953,12.286376953125
32.878906,36.859130859375
32.880859,36.65771484375
32.882812,36.65771484375
32.884766,37.060546875
32.886719,37.664794921875
32.888672,38.470458984375
32.890625,39.276123046875
32.892578,40.283203125
32.894531,48.541259765625
32.896484,49.346923828125
32.898438,49.951171875
32.900391,50.35400390625
32.902344,50.555419921875
32.904297,50.35400390625
32.90625,49.951171875
32.908203,49.346923828125
32.910156,48.541259765625
32.912109,47.5341796875
32.914062,46.728515625
32.916016,45.721435546875
32.917969,44.915771484375
32.919922,44.3115234375
32.921875,25.177001953125
32.923828,-1.611328125
32.925781,-1.409912109375
32.927734,-0.8056640625
32.929688,-0.201416015625
32.931641,0.8056640625
32.933594,1.611328125
32.935547,2.618408203125
32.9375,3.424072265625
32.939453,4.229736328125
32.941406,4.632568359375
32.943359,-3.62548828125
32.945312,-3.62548828125
32.947266,-4.0283203125
32.949219,-4.632568359375
32.951172,-5.23681640625
32.953125,-6.243896484375
32.955078,-7.2509765625
32.957031,6.243896484375
32.958984,5.438232421875
32.960938,4.632568359375
32.962891,4.229736328125
32.964844,4.229736328125
32.966797,4.229736328125
32.96875,4.632568359375
32.970703,5.438232421875
32.972656,6.243896484375
32.974609,33.233642578125
32.976562,34.24072265625
32.978516,35.04638671875
32.980469,35.85205078125
32.982422,36.456298828125
32.984375,36.65771484375
32.986328,36.859130859375
32.988281,36.456298828125
32.990234,50.958251953125
32.992188,50.35400390625
32.994141,49.346923828125
32.996094,48.33984375
32.998047,47.5341796875
33.0,46.527099609375
33.001953,45.9228515625
33.003906,45.318603515625
33.005859,32.427978515625
33.007812,32.62939453125
33.009766,32.830810546875
33.011719,33.43505859375
33.013672,34.24072265625
33.015625,35.04638671875
33.017578,36.053466796875
33.019531,37.060546875
33.021484,37.8662109375
33.023438,38.470458984375
33.025391,38.873291015625
33.027344,39.07470703125
33.029297,38.873291015625
33.03125,38.470458984375
33.033203,3.62548828125
33.035156,-7.452392578125
33.037109,-8.45947265625
33.039062,-9.466552734375
33.041016,-10.272216796875
33.042969,-11.077880859375
33.044922,-11.68212890625
33.046875,-12.0849609375
33.048828,-12.0849609375
33.050781,-11.883544921875
33.052734,-6.84814453125
33.054688,-6.04248046875
33.056641,-5.23681640625
33.058594,-4.229736328125
33.060547,-3.424072265625
33.0625,-2.4169921875
33.064453,-1.812744140625
33.066406,-1.20849609375
33.068359,24.57275390625
33.070312,24.57275390625
33.072266,24.169921875
33.074219,23.565673828125
33.076172,22.760009765625
33.078125,21.954345703125
33.080078,20.947265625
33.082031,19.940185546875
33.083984,44.512939453125
33.085938,43.90869140625
33.087891,43.505859375
33.089844,43.304443359375
33.091797,43.505859375
33.09375,43.90869140625
33.095703,44.512939453125
33.097656,45.318603515625
33.099609,44.915771484375
33.101562,45.721435546875
33.103516,46.728515625
33.105469,47.5341796875
33.107422,48.138427734375
33.109375,48.33984375
33.111328,48.33984375
33.113281,48.138427734375
33.115234,24.371337890625
33.117188,23.565673828125
33.119141,22.760009765625
33.121094,21.7529296875
33.123047,20.947265625
33.125,19.940185546875
33.126953,19.3359375
33.128906,18.731689453125
33.130859,18.5302734375
33.132812,18.5302734375
33.134766,18.93310546875
33.136719,19.537353515625
33.138672,-2.81982421875
33.140625,-2.01416015625
33.142578,-1.007080078125
33.144531,0.0
33.146484,-5.438232421875
33.148438,-4.833984375
33.150391,-4.43115234375
33.152344,17.32177734375
33.154297,17.120361328125
33.15625,16.717529296875
33.158203,16.11328125
33.160156,15.3076171875
33.162109,14.300537109375
33.164062,13.494873046875
33.166016,12.48779296875
33.167969,11.68212890625
33.169922,11.077880859375
33.171875,10.87646484375
33.173828,10.675048828125
33.175781,11.077880859375
33.177734,11.480712890625
33.179688,12.286376953125
33.181641,20.343017578125
33.183594,40.887451171875
33.185547,41.89453125
33.1875,42.7001953125
33.189453,43.505859375
33.191406,43.90869140625
33.193359,44.110107421875
33.195312,48.944091796875
33.197266,48.541259765625
33.199219,47.93701171875
33.201172,47.332763671875
33.203125,46.32568359375
33.205078,45.318603515625
33.207031,44.512939453125
33.208984,26.5869140625
33.210938,25.982666015625
33.212891,25.579833984375
33.214844,25.37841796875
33.216797,25.579833984375
33.21875,25.982666015625
33.220703,26.5869140625
33.222656,27.392578125
33.224609,28.399658203125
33.226562,3.424072265625
33.228516,4.43115234375
33.230469,5.23681640625
33.232422,5.841064453125
33.234375,6.04248046875
33.236328,6.04248046875
33.238281,5.841064453125
33.240234,5.438232421875
33.242188,4.632568359375
33.244141,3.826904296875
33.246094,2.81982421875
33.248047,1.812744140625
33.25,1.007080078125
33.251953,-9.26513671875
33.253906,-9.869384765625
33.255859,4.632568359375
33.257812,4.632568359375
33.259766,4.833984375
33.261719,5.438232421875
33.263672,6.243896484375
33.265625,7.2509765625
33.267578,8.056640625
33.269531,9.063720703125
33.271484,9.869384765625
33.273438,38.671875
33.275391,39.07470703125
33.277344,39.07470703125
33.279297,39.07470703125
33.28125,38.671875
33.283203,37.8662109375
33.285156,37.060546875
33.287109,36.2548828125
33.289062,50.152587890625
33.291016,49.1455078125
33.292969,48.33984375
33.294922,47.735595703125
33.296875,47.5341796875
33.298828,47.332763671875
33.300781,47.735595703125
33.302734,48.138427734375
33.304688,32.025146484375
33.306641,32.830810546875
33.308594,33.837890625
33.310547,34.844970703125
33.3125,35.650634765625
33.314453,36.456298828125
33.316406,36.859130859375
33.318359,37.060546875
33.320312,12.286376953125
33.322266,12.0849609375
33.324219,11.480712890625
33.326172,10.675048828125
33.328125,9.66796875
33.330078,8.660888671875
33.332031,7.855224609375
33.333984,7.049560546875
33.335938,-13.494873046875
33.337891,-13.897705078125
33.339844,-14.09912109375
33.341797,-13.897705078125
33.34375,-13.494873046875
33.345703,-12.890625
33.347656,-2.618408203125
33.349609,-1.611328125
33.351562,-0.604248046875
33.353516,0.201416015625
33.355469,1.007080078125
33.357422,1.611328125
33.359375,2.01416015625
33.361328,2.01416015625
33.363281,1.812744140625
33.365234,1.20849609375
33.367188,0.604248046875
33.369141,29.205322265625
33.371094,28.399658203125
33.373047,27.392578125
33.375,26.385498046875
33.376953,25.78125
33.378906,25.177001953125
33.380859,24.9755859375
33.382812,24.9755859375
33.384766,41.89453125
33.386719,42.498779296875
33.388672,43.304443359375
33.390625,44.3115234375
33.392578,45.1171875
33.394531,46.124267578125
33.396484,46.929931640625
33.398438,47.5341796875
33.400391,46.527099609375
33.402344,46.527099609375
33.404297,46.527099609375
33.40625,45.9228515625
33.408203,45.318603515625
33.410156,44.512939453125
33.412109,43.505859375
33.414062,42.7001953125
33.416016,20.54443359375
33.417969,19.73876953125
33.419922,19.134521484375
33.421875,18.731689453125
33.423828,18.731689453125
33.425781,18.93310546875
33.427734,19.537353515625
33.429688,20.1416015625
33.431641,-2.215576171875
33.433594,-1.20849609375
33.435547,-0.40283203125
33.4375,0.604248046875
33.439453,1.20849609375
33.441406,1.812744140625
33.443359,2.01416015625
33.445312,2.01416015625
33.447266,-2.618408203125
33.449219,-3.22265625
33.451172,-4.0283203125
33.453125,-4.833984375
33.455078,-5.841064453125
33.457031,-6.84814453125
33.458984,-7.65380859375
33.460938,-8.258056640625
33.462891,-8.660888671875
33.464844,-8.8623046875
33.466797,-8.660888671875
33.46875,10.87646484375
33.470703,11.68212890625
33.472656,12.48779296875
33.474609,13.29345703125
33.476562,14.300537109375
33.478516,15.3076171875
33.480469,16.11328125
33.482422,16.717529296875
33.484375,16.9189453125
33.486328,37.8662109375
33.488281,43.10302734375
33.490234,42.7001953125
33.492188,41.89453125
33.494141,47.13134765625
33.496094,46.124267578125
33.498047,45.1171875
33.5,44.3115234375
33.501953,43.505859375
33.503906,43.10302734375
33.505859,42.901611328125
33.507812,42.901611328125
33.509766,26.385498046875
33.511719,26.98974609375
33.513672,27.79541015625
33.515625,28.60107421875
33.517578,29.608154296875
33.519531,30.615234375
33.521484,31.4208984375
33.523438,32.025146484375
33.525391,32.427978515625
33.527344,3.826904296875
33.529297,3.62548828125
33.53125,3.22265625
33.533203,2.618408203125
33.535156,1.812744140625
33.537109,0.8056640625
33.539062,-0.201416015625
33.541016,-11.480712890625
33.542969,4.833984375
33.544922,4.43115234375
33.546875,4.0283203125
33.548828,4.0283203125
33.550781,4.229736328125
33.552734,4.632568359375
33.554688,5.438232421875
33.556641,6.243896484375
33.558594,7.2509765625
33.560547,8.258056640625
33.5625,9.063720703125
33.564453,9.869384765625
33.566406,10.272216796875
33.568359,10.4736328125
33.570312,10.4736328125
33.572266,10.07080078125
33.574219,16.11328125
33.576172,36.859130859375
33.578125,36.053466796875
33.580078,35.04638671875
33.582031,34.039306640625
33.583984,33.233642578125
33.585938,32.62939453125
33.587891,45.9228515625
33.589844,45.721435546875
33.591797,45.9228515625
33.59375,46.32568359375
33.595703,46.929931640625
33.597656,47.735595703125
33.599609,48.74267578125
33.601562,49.749755859375
33.603516,41.290283203125
33.605469,42.095947265625
33.607422,42.7001953125
33.609375,43.10302734375
33.611328,43.10302734375
33.613281,42.901611328125
33.615234,42.29736328125
33.617188,41.693115234375
33.619141,40.68603515625
33.621094,14.501953125
33.623047,13.494873046875
33.625,12.689208984375
33.626953,11.883544921875
33.628906,11.480712890625
33.630859,11.279296875
33.632812,11.279296875
33.634766,-7.855224609375
33.636719,-7.2509765625
33.638672,-6.4453125
33.640625,-5.6396484375
33.642578,-4.632568359375
33.644531,-3.62548828125
33.646484,-2.81982421875
33.648438,-2.215576171875
33.650391,-1.812744140625
33.652344,-0.201416015625
33.654297,-0.40283203125
33.65625,-0.8056640625
33.658203,-1.409912109375
33.660156,-2.215576171875
33.662109,-3.22265625
33.664062,-4.229736328125
33.666016,-5.035400390625
33.667969,19.134521484375
33.669922,18.5302734375
33.671875,18.12744140625
33.673828,18.12744140625
33.675781,18.328857421875
33.677734,18.93310546875
33.679688,19.537353515625
33.681641,20.54443359375
33.683594,21.35009765625
33.685547,22.357177734375
33.6875,23.162841796875
33.689453,23.968505859375
33.691406,36.859130859375
33.693359,49.951171875
33.695312,49.749755859375
33.697266,49.54833984375
33.699219,46.124267578125
33.701172,45.318603515625
33.703125,44.512939453125
33.705078,43.505859375
33.707031,42.498779296875
33.708984,41.693115234375
33.710938,41.0888671875
33.712891,40.68603515625
33.714844,18.731689453125
33.716797,18.731689453125
33.71875,19.134521484375
33.720703,19.940185546875
33.722656,20.745849609375
33.724609,21.551513671875
33.726562,22.55859375
33.728516,23.565673828125
33.730469,-1.007080078125
33.732422,-0.40283203125
33.734375,0.0
33.736328,0.0
33.738281,-5.035400390625
33.740234,-5.438232421875
33.742188,-6.243896484375
33.744141,-7.049560546875
33.746094,-8.056640625
33.748047,-9.063720703125
33.75,-9.869384765625
33.751953,-10.675048828125
33.753906,-11.077880859375
33.755859,-11.279296875
33.757812,-11.279296875
33.759766,-11.077880859375
33.761719,-10.4736328125
33.763672,12.286376953125
33.765625,13.092041015625
33.767578,14.09912109375
33.769531,15.106201171875
33.771484,15.911865234375
33.773438,16.51611328125
33.775391,16.9189453125
33.777344,17.120361328125
33.779297,16.9189453125
33.78125,16.51611328125
33.783203,15.911865234375
33.785156,15.106201171875
33.787109,14.09912109375
33.789062,38.067626953125
33.791016,37.261962890625
33.792969,36.456298828125
33.794922,35.85205078125
33.796875,45.318603515625
33.798828,45.1171875
33.800781,45.52001953125
33.802734,45.9228515625
33.804688,46.728515625
33.806641,47.5341796875
33.808594,48.541259765625
33.810547,30.413818359375
33.8125,31.219482421875
33.814453,31.82373046875
33.816406,32.427978515625
33.818359,32.62939453125
33.820312,32.62939453125
33.822266,32.2265625
33.824219,31.622314453125
33.826172,5.23681640625
33.828125,4.229736328125
33.830078,3.424072265625
33.832031,2.4169921875
33.833984,1.611328125
33.835938,1.007080078125
33.837891,0.40283203125
33.839844,0.40283203125
33.841797,-11.279296875
33.84375,-10.87646484375
33.845703,-10.272216796875
33.847656,-9.466552734375
33.849609,-8.45947265625
33.851562,-7.452392578125
33.853516,-6.646728515625
33.855469,-5.841064453125
33.857422,9.466552734375
33.859375,9.869384765625
33.861328,9.869384765625
33.863281,9.66796875
33.865234,9.063720703125
33.867188,8.45947265625
33.869141,7.452392578125
33.871094,6.4453125
33.873047,34.24072265625
33.875,33.43505859375
33.876953,32.830810546875
33.878906,32.2265625
33.880859,32.025146484375
33.882812,32.025146484375
33.884766,32.427978515625
33.886719,33.0322265625
33.888672,33.636474609375
33.890625,34.6435546875
33.892578,35.650634765625
33.894531,36.456298828125
33.896484,37.46337890625
33.898438,38.067626953125
33.900391,53.9794921875
33.902344,54.180908203125
33.904297,39.07470703125
33.90625,38.671875
33.908203,38.067626953125
33.910156,37.261962890625
33.912109,36.2548828125
33.914062,35.44921875
33.916016,34.442138671875
33.917969,33.636474609375
33.919922,33.0322265625
33.921875,4.229736328125
33.923828,4.229736328125
33.925781,4.43115234375
33.927734,5.035400390625
33.929688,5.6396484375
33.931641,6.646728515625
33.933594,-10.4736328125
33.935547,-9.466552734375
33.9375,-8.660888671875
33.939453,-7.855224609375
33.941406,-7.452392578125
33.943359,-7.2509765625
33.945312,-7.2509765625
33.947266,-7.65380859375
33.949219,-8.056640625
33.951172,-8.8623046875
33.953125,-9.869384765625
33.955078,0.0
33.957031,-0.8056640625
33.958984,-1.611328125
33.960938,-2.4169921875
33.962891,-2.81982421875
33.964844,-2.81982421875
33.966797,-2.81982421875
33.96875,25.579833984375
33.970703,26.18408203125
33.972656,26.98974609375
33.974609,27.996826171875
33.976562,29.00390625
33.978516,29.8095703125
33.980469,30.615234375
33.982422,31.219482421875
33.984375,31.622314453125
33.986328,51.15966796875
33.988281,50.958251953125
33.990234,50.555419921875
33.992188,49.749755859375
33.994141,48.944091796875
33.996094,47.93701171875
33.998047,46.929931640625
34.0,46.124267578125
34.001953,45.318603515625
34.003906,44.915771484375
34.005859,44.71435546875
34.007812,44.71435546875
34.009766,45.1171875
34.011719,38.067626953125
34.013672,38.873291015625
34.015625,39.678955078125
34.017578,14.90478515625
34.019531,15.71044921875
34.021484,16.51611328125
34.023438,17.32177734375
34.025391,17.724609375
34.027344,17.724609375
34.029297,17.724609375
34.03125,17.32177734375
34.033203,16.51611328125
34.035156,-5.035400390625
34.037109,-6.04248046875
34.039062,-7.049560546875
34.041016,-7.855224609375
34.042969,-8.660888671875
34.044922,-9.26513671875
34.046875,-9.466552734375
34.048828,-9.66796875
34.050781,-6.4453125
34.052734,-6.04248046875
34.054688,-5.23681640625
34.056641,-4.43115234375
34.058594,-3.424072265625
34.060547,-2.4169921875
34.0625,-1.611328125
34.064453,-1.007080078125
34.066406,10.4736328125
34.068359,24.57275390625
34.070312,24.57275390625
34.072266,24.371337890625
34.074219,23.76708984375
34.076172,22.96142578125
34.078125,21.954345703125
34.080078,39.4775390625
34.082031,38.671875
34.083984,37.664794921875
34.085938,37.060546875
34.087891,36.65771484375
34.089844,36.456298828125
34.091797,36.65771484375
34.09375,37.060546875
34.095703,44.3115234375
34.097656,45.1171875
34.099609,46.124267578125
34.101562,47.13134765625
34.103516,47.93701171875
34.105469,48.74267578125
34.107422,49.346923828125
34.109375,49.749755859375
34.111328,49.749755859375
34.113281,49.54833984375
34.115234,48.944091796875
34.117188,48.33984375
34.119141,47.332763671875
34.121094,46.527099609375
34.123047,1.007080078125
34.125,0.201416015625
34.126953,-0.604248046875
34.128906,-9.26513671875
34.130859,-9.466552734375
34.132812,-9.466552734375
34.134766,-9.063720703125
34.136719,-8.45947265625
34.138672,-7.65380859375
34.140625,-6.84814453125
34.142578,-5.841064453125
34.144531,-4.833984375
34.146484,-4.0283203125
34.148438,-3.424072265625
34.150391,-3.021240234375
34.152344,-2.81982421875
34.154297,-3.021240234375
34.15625,-3.424072265625
34.158203,-4.0283203125
34.160156,9.869384765625
34.162109,8.8623046875
34.164062,8.056640625
34.166016,7.049560546875
34.167969,6.243896484375
34.169922,5.6396484375
34.171875,31.219482421875
34.173828,31.219482421875
34.175781,31.4208984375
34.177734,31.82373046875
34.179688,32.62939453125
34.181641,33.43505859375
34.183594,34.442138671875
34.185547,35.44921875
34.1875,50.555419921875
34.189453,51.361083984375
34.191406,51.763916015625
34.193359,52.166748046875
34.195312,51.96533203125
34.197266,51.763916015625
34.199219,51.15966796875
34.201172,50.35400390625
34.203125,49.54833984375
34.205078,34.24072265625
34.207031,33.233642578125
34.208984,32.427978515625
34.210938,31.82373046875
34.212891,31.4208984375
34.214844,31.219482421875
34.216797,31.4208984375
34.21875,31.82373046875
34.220703,32.427978515625
34.222656,33.233642578125
34.224609,34.24072265625
34.226562,35.247802734375
34.228516,36.053466796875
34.230469,36.859130859375
34.232422,37.46337890625
34.234375,-6.243896484375
34.236328,-6.243896484375
34.238281,-6.4453125
34.240234,-6.84814453125
34.242188,-7.65380859375
34.244141,-8.45947265625
34.246094,-9.466552734375
34.248047,-10.4736328125
34.25,-11.279296875
34.251953,-12.0849609375
34.253906,-1.20849609375
34.255859,-1.409912109375
34.257812,-1.409912109375
34.259766,-1.007080078125
34.261719,-0.604248046875
34.263672,0.201416015625
34.265625,1.20849609375
34.267578,2.215576171875
34.269531,29.40673828125
34.271484,30.21240234375
34.273438,31.01806640625
34.275391,31.4208984375
34.277344,31.4208984375
34.279297,31.4208984375
34.28125,31.01806640625
34.283203,30.21240234375
34.285156,35.650634765625
34.287109,46.32568359375
34.289062,45.52001953125
34.291016,44.512939453125
34.292969,43.707275390625
34.294922,43.10302734375
34.296875,42.901611328125
34.298828,42.7001953125
34.300781,36.456298828125
34.302734,37.060546875
34.304688,37.664794921875
34.306641,38.470458984375
34.308594,39.4775390625
34.310547,40.484619140625
34.3125,41.290283203125
34.314453,42.095947265625
34.316406,18.328857421875
34.318359,18.5302734375
34.320312,18.5302734375
34.322266,18.12744140625
34.324219,-6.243896484375
34.326172,-7.049560546875
34.328125,-8.056640625
34.330078,-8.8623046875
34.332031,-9.869384765625
34.333984,-10.675048828125
34.335938,-11.279296875
34.337891,-11.883544921875
34.339844,-11.883544921875
34.341797,-11.883544921875
34.34375,-11.279296875
34.345703,-10.675048828125
34.347656,-9.869384765625
34.349609,-8.8623046875
34.351562,-3.424072265625
34.353516,-2.4169921875
34.355469,-1.611328125
34.357422,-1.007080078125
34.359375,-0.8056640625
34.361328,-0.8056640625
34.363281,-1.007080078125
34.365234,23.76708984375
34.367188,23.162841796875
34.369141,22.15576171875
34.371094,21.35009765625
34.373047,20.343017578125
34.375,19.537353515625
34.376953,18.731689453125
34.378906,18.328857421875
34.380859,43.505859375
34.382812,43.505859375
34.384766,43.90869140625
34.386719,44.512939453125
34.388672,45.318603515625
34.390625,46.124267578125
34.392578,47.13134765625
34.394531,48.138427734375
34.396484,48.74267578125
34.398438,49.54833984375
34.400391,49.951171875
34.402344,49.951171875
34.404297,49.951171875
34.40625,49.54833984375
34.408203,48.74267578125
34.410156,47.93701171875
34.412109,28.399658203125
34.414062,27.392578125
34.416016,26.5869140625
34.417969,25.78125
34.419922,25.177001953125
34.421875,24.774169921875
34.423828,24.774169921875
34.425781,24.9755859375
34.427734,0.201416015625
34.429688,0.8056640625
34.431641,1.812744140625
34.433594,2.618408203125
34.435547,3.62548828125
34.4375,4.632568359375
34.439453,5.23681640625
34.441406,5.841064453125
34.443359,6.04248046875
34.445312,5.841064453125
34.447266,5.6396484375
34.449219,5.035400390625
34.451172,4.229736328125
34.453125,-7.049560546875
34.455078,-8.056640625
34.457031,6.243896484375
34.458984,5.438232421875
34.460938,4.833984375
34.462891,4.43115234375
34.464844,4.229736328125
34.466797,4.43115234375
34.46875,4.833984375
34.470703,5.438232421875
34.472656,6.243896484375
34.474609,33.837890625
34.476562,34.6435546875
34.478516,35.650634765625
34.480469,36.456298828125
34.482422,37.060546875
34.484375,37.261962890625
34.486328,37.46337890625
34.488281,37.060546875
34.490234,36.65771484375
34.492188,48.33984375
34.494141,47.5341796875
34.496094,46.527099609375
34.498047,45.52001953125
34.5,44.71435546875
34.501953,43.90869140625
34.503906,43.505859375
34.505859,43.304443359375
34.507812,33.636474609375
34.509766,34.039306640625
34.511719,34.6435546875
34.513672,35.247802734375
34.515625,36.2548828125
34.517578,37.261962890625
34.519531,10.4736328125
34.521484,11.279296875
34.523438,11.883544921875
34.525391,12.286376953125
34.527344,12.48779296875
34.529297,12.286376953125
34.53125,11.883544921875
34.533203,11.279296875
34.535156,10.4736328125
34.537109,9.466552734375
34.539062,-9.66796875
34.541016,-10.4736328125
34.542969,-11.279296875
34.544922,-11.883544921875
34.546875,-12.286376953125
34.548828,-12.286376953125
34.550781,-12.0849609375
34.552734,-11.480712890625
34.554688,-10.87646484375
34.556641,-9.869384765625
34.558594,-9.063720703125
34.560547,-8.056640625
34.5625,-7.2509765625
34.564453,-6.4453125
34.566406,31.82373046875
34.568359,32.025146484375
34.570312,32.025146484375
34.572266,31.82373046875
34.574219,31.219482421875
34.576172,30.413818359375
34.578125,29.40673828125
34.580078,28.399658203125
34.582031,27.593994140625
34.583984,42.498779296875
34.585938,41.89453125
34.587891,41.49169921875
34.589844,41.290283203125
34.591797,41.49169921875
34.59375,41.89453125
34.595703,42.498779296875
34.597656,43.304443359375
34.599609,44.3115234375
34.601562,40.68603515625
34.603516,41.49169921875
34.605469,42.29736328125
34.607422,42.901611328125
34.609375,43.304443359375
34.611328,43.304443359375
34.613281,43.10302734375
34.615234,42.498779296875
34.617188,16.9189453125
34.619141,16.11328125
34.621094,15.106201171875
34.623047,14.09912109375
34.625,13.29345703125
34.626953,12.48779296875
34.628906,12.0849609375
34.630859,11.883544921875
34.632812,11.883544921875
34.634766,-9.063720703125
34.636719,-8.45947265625
34.638672,-7.65380859375
34.640625,-6.84814453125
34.642578,-5.841064453125
34.644531,-4.833984375
34.646484,-4.0283203125
34.648438,-3.424072265625
34.650391,-1.611328125
34.652344,-1.409912109375
34.654297,-1.611328125
34.65625,-2.01416015625
34.658203,-2.618408203125
34.660156,-3.62548828125
34.662109,-4.43115234375
34.664062,-5.438232421875
34.666016,19.73876953125
34.667969,18.93310546875
34.669922,18.328857421875
34.671875,17.926025390625
34.673828,17.926025390625
34.675781,18.12744140625
34.677734,18.731689453125
34.679688,43.505859375
34.681641,44.3115234375
34.683594,45.318603515625
34.685547,46.32568359375
34.6875,47.13134765625
34.689453,47.93701171875
34.691406,48.33984375
34.693359,48.541259765625
34.695312,48.541259765625
34.697266,48.138427734375
34.699219,50.958251953125
34.701172,50.35400390625
34.703125,49.346923828125
34.705078,48.33984375
34.707031,47.5341796875
34.708984,46.527099609375
34.710938,45.9228515625
34.712891,24.9755859375
34.714844,-2.4169921875
34.716797,-2.215576171875
34.71875,-1.812744140625
34.720703,-1.20849609375
34.722656,-0.40283203125
34.724609,0.604248046875
34.726562,1.611328125
34.728516,2.4169921875
34.730469,3.22265625
34.732422,3.826904296875
34.734375,4.229736328125
34.736328,4.229736328125
34.738281,4.0283203125
34.740234,3.424072265625
34.742188,2.81982421875
34.744141,1.812744140625
34.746094,-7.049560546875
34.748047,-8.056640625
34.75,-8.8623046875
34.751953,-9.66796875
34.753906,-10.07080078125
34.755859,-10.4736328125
34.757812,-10.272216796875
34.759766,4.632568359375
34.761719,5.23681640625
34.763672,5.841064453125
34.765625,6.84814453125
34.767578,7.855224609375
34.769531,8.660888671875
34.771484,9.66796875
34.773438,10.272216796875
34.775391,10.675048828125
34.777344,10.87646484375
34.779297,10.675048828125
34.78125,10.272216796875
34.783203,9.66796875
34.785156,8.660888671875
34.787109,7.855224609375
34.789062,46.124267578125
34.791016,45.1171875
34.792969,44.3115234375
34.794922,43.707275390625
34.796875,43.505859375
34.798828,43.505859375
34.800781,43.707275390625
34.802734,44.110107421875
34.804688,44.915771484375
34.806641,45.721435546875
34.808594,35.247802734375
34.810547,36.2548828125
34.8125,37.060546875
34.814453,37.8662109375
34.816406,38.26904296875
34.818359,38.470458984375
34.820312,38.470458984375
34.822266,38.26904296875
34.824219,11.480712890625
34.826172,10.675048828125
34.828125,9.869384765625
34.830078,8.8623046875
34.832031,7.855224609375
34.833984,7.049560546875
34.835938,6.4453125
34.837891,6.04248046875
34.839844,-13.29345703125
34.841797,-13.29345703125
34.84375,-12.890625
34.845703,-12.0849609375
34.847656,-11.279296875
34.849609,-10.4736328125
34.851562,-9.466552734375
34.853516,-8.45947265625
34.855469,3.021240234375
34.857422,3.62548828125
34.859375,4.0283203125
34.861328,4.0283203125
34.863281,3.826904296875
34.865234,3.22265625
34.867188,2.618408203125
34.869141,1.611328125
34.871094,27.996826171875
34.873047,26.98974609375
34.875,26.18408203125
34.876953,25.37841796875
34.878906,24.9755859375
34.880859,24.774169921875
34.882812,24.774169921875
34.884766,25.177001953125
34.886719,25.579833984375
34.888672,26.385498046875
34.890625,27.392578125
34.892578,28.399658203125
34.894531,29.205322265625
34.896484,49.749755859375
34.898438,50.35400390625
34.900391,43.707275390625
34.902344,43.707275390625
34.904297,43.707275390625
34.90625,43.304443359375
34.908203,42.498779296875
34.910156,16.51611328125
34.912109,15.509033203125
34.914062,14.501953125
34.916016,13.6962890625
34.917969,12.890625
34.919922,12.286376953125
34.921875,11.883544921875
34.923828,11.883544921875
34.925781,12.0849609375
34.927734,12.689208984375
34.929688,13.29345703125
34.931641,14.300537109375
34.933594,15.106201171875
34.935547,-6.84814453125
34.9375,-6.04248046875
34.939453,-5.23681640625
34.941406,-4.833984375
34.943359,-4.43115234375
34.945312,-4.632568359375
34.947266,-4.833984375
34.949219,-2.215576171875
34.951172,-3.021240234375
34.953125,-4.0283203125
34.955078,-4.833984375
34.957031,-5.841064453125
34.958984,-6.646728515625
34.960938,-7.2509765625
34.962891,-7.65380859375
34.964844,18.12744140625
34.966797,18.328857421875
34.96875,18.731689453125
34.970703,19.3359375
34.972656,20.1416015625
34.974609,21.148681640625
34.976562,21.954345703125
34.978516,22.96142578125
34.980469,23.76708984375
34.982422,42.095947265625
34.984375,48.33984375
34.986328,48.33984375
34.988281,48.138427734375
34.990234,47.5341796875
34.992188,46.929931640625
34.994141,45.9228515625
34.996094,45.1171875
34.998047,44.110107421875
35.0,43.304443359375
35.001953,42.498779296875
35.003906,41.89453125
35.005859,41.693115234375
35.007812,46.124267578125
35.009766,19.134521484375
35.011719,19.73876953125
35.013672,20.54443359375
35.015625,21.551513671875
35.017578,22.55859375
35.019531,23.3642578125
35.021484,24.169921875
35.023438,24.9755859375
35.025391,25.37841796875
35.027344,25.37841796875
35.029297,4.229736328125
35.03125,3.826904296875
35.033203,3.22265625
35.035156,2.215576171875
35.037109,1.409912109375
35.039062,0.40283203125
35.041016,-0.604248046875
35.042969,-1.20849609375
35.044922,-9.466552734375
35.046875,-9.063720703125
35.048828,-9.063720703125
35.050781,-8.8623046875
35.052734,-8.45947265625
35.054688,-7.65380859375
35.056641,-6.84814453125
35.058594,-5.841064453125
35.060547,7.65380859375
35.0625,8.45947265625
35.064453,9.26513671875
35.066406,9.66796875
35.068359,9.869384765625
35.070312,9.869384765625
35.072266,9.466552734375
35.074219,8.8623046875
35.076172,36.053466796875
35.078125,35.04638671875
35.080078,34.24072265625
35.082031,33.233642578125
35.083984,32.427978515625
35.085938,31.82373046875
35.087891,31.4208984375
35.089844,31.219482421875
35.091797,43.505859375
35.09375,43.90869140625
35.095703,44.71435546875
35.097656,45.52001953125
35.099609,46.527099609375
35.101562,47.332763671875
35.103516,48.33984375
35.105469,38.26904296875
35.107422,38.873291015625
35.109375,39.276123046875
35.111328,39.276123046875
35.113281,39.07470703125
35.115234,38.671875
35.117188,37.8662109375
35.119141,37.060546875
35.121094,36.053466796875
35.123047,35.04638671875
35.125,34.24072265625
35.126953,4.632568359375
35.128906,4.0283203125
35.130859,3.826904296875
35.132812,3.826904296875
35.134766,4.229736328125
35.136719,4.833984375
35.138672,-8.660888671875
35.140625,-7.855224609375
35.142578,-6.84814453125
35.144531,-6.04248046875
35.146484,-5.035400390625
35.148438,-4.43115234375
35.150391,-4.0283203125
35.152344,-3.826904296875
35.154297,4.632568359375
35.15625,4.229736328125
35.158203,3.424072265625
35.160156,2.618408203125
35.162109,1.812744140625
35.164062,0.8056640625
35.166016,-0.201416015625
35.167969,-1.007080078125
35.169922,24.9755859375
35.171875,24.774169921875
35.173828,24.774169921875
35.175781,24.9755859375
35.177734,25.37841796875
35.179688,26.18408203125
35.181641,26.98974609375
35.183594,27.996826171875
35.185547,46.929931640625
35.1875,47.93701171875
35.189453,48.541259765625
35.191406,49.1455078125
35.193359,49.346923828125
35.195312,49.346923828125
35.197266,48.944091796875
35.199219,48.33984375
35.201172,47.5341796875
35.203125,40.887451171875
35.205078,39.88037109375
35.207031,39.07470703125
35.208984,38.26904296875
35.210938,37.46337890625
35.212891,37.060546875
35.214844,37.060546875
35.216797,37.060546875
35.21875,37.46337890625
35.220703,38.26904296875
35.222656,39.07470703125
35.224609,14.300537109375
35.226562,15.3076171875
35.228516,16.314697265625
35.230469,16.9189453125
35.232422,17.523193359375
35.234375,17.926025390625
35.236328,17.926025390625
35.238281,17.724609375
35.240234,-2.01416015625
35.242188,-2.618408203125
35.244141,-3.62548828125
35.246094,-4.43115234375
35.248047,-5.438232421875
35.25,-3.021240234375
35.251953,-3.62548828125
35.253906,-4.229736328125
35.255859,-4.43115234375
35.257812,-4.43115234375
35.259766,-4.0283203125
35.261719,-3.424072265625
35.263672,-2.618408203125
35.265625,20.745849609375
35.267578,21.7529296875
35.269531,22.760009765625
35.271484,23.565673828125
35.273438,24.169921875
35.275391,24.57275390625
35.277344,24.774169921875
35.279297,24.57275390625
35.28125,46.728515625
35.283203,46.124267578125
35.285156,45.318603515625
35.287109,44.3115234375
35.289062,43.304443359375
35.291016,42.498779296875
35.292969,41.693115234375
35.294922,41.0888671875
35.296875,40.283203125
35.298828,40.283203125
35.300781,18.93310546875
35.302734,19.3359375
35.304688,20.1416015625
35.306641,20.947265625
35.308594,21.954345703125
35.310547,22.96142578125
35.3125,23.76708984375
35.314453,24.371337890625
35.316406,24.9755859375
35.318359,25.177001953125
35.320312,25.177001953125
35.322266,24.774169921875
35.324219,24.169921875
35.326172,23.565673828125
35.328125,22.55859375
35.330078,0.604248046875
35.332031,-0.40283203125
35.333984,-1.20849609375
35.335938,-1.812744140625
35.337891,-2.215576171875
35.339844,-2.4169921875
35.341797,-2.215576171875
35.34375,-1.812744140625
35.345703,-1.20849609375
35.347656,-0.40283203125
35.349609,0.604248046875
35.351562,-6.4453125
35.353516,-5.6396484375
35.355469,-4.833984375
35.357422,11.480712890625
35.359375,11.883544921875
35.361328,11.883544921875
35.363281,11.68212890625
35.365234,11.077880859375
35.367188,10.4736328125
35.369141,9.466552734375
35.371094,8.660888671875
35.373047,7.65380859375
35.375,6.84814453125
35.376953,32.2265625
35.378906,31.622314453125
35.380859,31.4208984375
35.382812,31.4208984375
35.384766,31.82373046875
35.386719,32.427978515625
35.388672,33.233642578125
35.390625,34.039306640625
35.392578,48.33984375
35.394531,49.346923828125
35.396484,50.152587890625
35.398438,50.7568359375
35.400391,51.15966796875
35.402344,51.361083984375
35.404297,51.15966796875
35.40625,50.7568359375
35.408203,38.470458984375
35.410156,37.664794921875
35.412109,36.859130859375
35.414062,35.85205078125
35.416016,34.844970703125
35.417969,34.039306640625
35.419922,33.636474609375
35.421875,33.233642578125
35.423828,4.229736328125
35.425781,4.632568359375
35.427734,5.035400390625
35.429688,5.841064453125
35.431641,6.646728515625
35.433594,7.65380859375
35.435547,8.45947265625
35.4375,9.466552734375
35.439453,10.07080078125
35.441406,10.675048828125
35.443359,10.87646484375
35.445312,10.87646484375
35.447266,-7.2509765625
35.449219,-7.65380859375
35.451172,-8.45947265625
35.453125,-9.466552734375
35.455078,-10.4736328125
35.457031,-0.40283203125
35.458984,-1.20849609375
35.460938,-1.812744140625
35.462891,-2.215576171875
35.464844,-2.4169921875
35.466797,-2.215576171875
35.46875,-1.812744140625
35.470703,26.788330078125
35.472656,27.593994140625
35.474609,28.60107421875
35.476562,29.40673828125
35.478516,30.413818359375
35.480469,31.219482421875
35.482422,31.82373046875
35.484375,32.025146484375
35.486328,52.569580078125
35.488281,52.3681640625
35.490234,51.96533203125
35.492188,51.15966796875
35.494141,50.35400390625
35.496094,42.498779296875
35.498047,41.693115234375
35.5,40.68603515625
35.501953,40.081787109375
35.503906,39.4775390625
35.505859,39.276123046875
35.507812,39.276123046875
35.509766,39.678955078125
35.511719,40.283203125
35.513672,41.0888671875
35.515625,41.89453125
35.517578,15.71044921875
35.519531,16.51611328125
35.521484,17.32177734375
35.523438,18.12744140625
35.525391,18.5302734375
35.527344,18.5302734375
35.529297,18.5302734375
35.53125,18.12744140625
35.533203,17.32177734375
35.535156,16.51611328125
35.537109,-3.62548828125
35.539062,-4.632568359375
35.541016,-5.438232421875
35.542969,-6.243896484375
35.544922,-6.84814453125
35.546875,-7.2509765625
35.548828,-7.2509765625
35.550781,-7.049560546875
35.552734,-3.424072265625
35.554688,-2.81982421875
35.556641,-1.812744140625
35.558594,-1.007080078125
35.560547,0.0
35.5625,0.8056640625
35.564453,1.611328125
35.566406,2.01416015625
35.568359,2.4169921875
35.570312,24.57275390625
35.572266,24.371337890625
35.574219,23.76708984375
35.576172,22.96142578125
35.578125,21.954345703125
35.580078,21.148681640625
35.582031,20.1416015625
35.583984,42.7001953125
35.585938,42.095947265625
35.587891,41.693115234375
35.589844,41.49169921875
35.591797,41.693115234375
35.59375,42.095947265625
35.595703,42.7001953125
35.597656,45.9228515625
35.599609,46.728515625
35.601562,47.5341796875
35.603516,48.541259765625
35.605469,49.346923828125
35.607422,49.951171875
35.609375,50.152587890625
35.611328,50.35400390625
35.613281,32.830810546875
35.615234,32.2265625
35.617188,31.622314453125
35.619141,30.816650390625
35.621094,29.8095703125
35.623047,28.802490234375
35.625,27.996826171875
35.626953,-0.201416015625
35.628906,-0.604248046875
35.630859,-0.8056640625
35.632812,-0.8056640625
35.634766,-0.40283203125
35.636719,0.0
35.638672,0.8056640625
35.640625,1.812744140625
35.642578,2.81982421875
35.644531,-4.43115234375
35.646484,-3.424072265625
35.648438,-2.81982421875
35.650391,-2.4169921875
35.652344,-2.215576171875
35.654297,-2.4169921875
35.65625,-2.81982421875
35.658203,-3.424072265625
35.660156,-4.43115234375
35.662109,-5.23681640625
35.664062,-6.243896484375
35.666016,-7.2509765625
35.667969,-7.855224609375
35.669922,-8.45947265625
35.671875,-8.8623046875
35.673828,32.62939453125
35.675781,32.830810546875
35.677734,33.233642578125
35.679688,34.039306640625
35.681641,34.844970703125
35.683594,35.85205078125
35.685547,36.859130859375
35.6875,37.664794921875
35.689453,38.470458984375
35.691406,52.3681640625
35.693359,52.569580078125
35.695312,52.569580078125
35.697266,52.166748046875
35.699219,51.5625
35.701172,50.7568359375
35.703125,49.951171875
35.705078,48.944091796875
35.707031,47.93701171875
35.708984,33.43505859375
35.710938,32.830810546875
35.712891,32.2265625
35.714844,32.2265625
35.716797,32.2265625
35.71875,32.830810546875
35.720703,33.43505859375
35.722656,34.24072265625
35.724609,7.452392578125
35.726562,8.258056640625
35.728516,9.26513671875
35.730469,10.07080078125
35.732422,10.675048828125
35.734375,10.87646484375
35.736328,10.87646484375
35.738281,10.675048828125
35.740234,-4.632568359375
35.742188,-5.438232421875
35.744141,-6.243896484375
35.746094,-7.2509765625
35.748047,-8.258056640625
35.75,-9.063720703125
35.751953,-9.869384765625
35.753906,-10.272216796875
35.755859,-2.618408203125
35.757812,-2.4169921875
35.759766,-2.215576171875
35.761719,-1.611328125
35.763672,-0.8056640625
35.765625,0.0
35.767578,1.007080078125
35.769531,2.01416015625
35.771484,2.81982421875
35.773438,3.424072265625
35.775391,3.826904296875
35.777344,4.0283203125
35.779297,3.826904296875
35.78125,3.424072265625
35.783203,30.615234375
35.785156,29.8095703125
35.787109,48.138427734375
35.789062,47.13134765625
35.791016,46.124267578125
35.792969,45.318603515625
35.794922,44.915771484375
35.796875,44.512939453125
35.798828,44.512939453125
35.800781,44.71435546875
35.802734,45.1171875
35.804688,38.26904296875
35.806641,39.07470703125
35.808594,40.081787109375
35.810547,41.0888671875
35.8125,41.89453125
35.814453,42.7001953125
35.816406,43.10302734375
35.818359,43.304443359375
35.820312,18.328857421875
35.822266,17.926025390625
35.824219,17.523193359375
35.826172,16.717529296875
35.828125,15.71044921875
35.830078,14.703369140625
35.832031,13.897705078125
35.833984,13.092041015625
35.835938,12.286376953125
35.837891,-7.2509765625
35.839844,-7.452392578125
35.841797,-7.2509765625
35.84375,-6.84814453125
35.845703,-6.243896484375
35.847656,-5.438232421875
35.849609,-4.43115234375
35.851562,-2.618408203125
35.853516,-1.611328125
35.855469,-0.8056640625
35.857422,-0.201416015625
35.859375,0.0
35.861328,0.201416015625
35.863281,-0.201416015625
35.865234,-0.604248046875
35.867188,-1.409912109375
35.869141,22.357177734375
35.871094,21.35009765625
35.873047,20.343017578125
35.875,19.537353515625
35.876953,18.731689453125
35.878906,18.328857421875
35.880859,18.12744140625
35.882812,18.12744140625
35.884766,18.328857421875
35.886719,43.90869140625
35.888672,44.71435546875
35.890625,45.52001953125
35.892578,46.527099609375
35.894531,47.5341796875
35.896484,48.33984375
35.898438,48.944091796875
35.900391,49.346923828125
35.902344,49.54833984375
35.904297,47.5341796875
35.90625,47.13134765625
35.908203,46.527099609375
35.910156,45.52001953125
35.912109,44.71435546875
35.914062,21.551513671875
35.916016,20.54443359375
35.917969,19.940185546875
35.919922,19.3359375
35.921875,18.93310546875
35.923828,18.93310546875
35.925781,19.134521484375
35.927734,19.537353515625
35.929688,20.343017578125
35.931641,-3.62548828125
35.933594,-2.618408203125
35.935547,-1.611328125
35.9375,-0.8056640625
35.939453,-0.201416015625
35.941406,0.40283203125
35.943359,-4.0283203125
35.945312,-4.0283203125
35.947266,-4.43115234375
35.949219,-5.035400390625
35.951172,-5.841064453125
35.953125,-6.646728515625
35.955078,-7.65380859375
35.957031,-8.660888671875
35.958984,-9.466552734375
35.960938,-10.07080078125
35.962891,10.4736328125
35.964844,10.4736328125
35.966797,10.4736328125
35.96875,10.87646484375
35.970703,11.68212890625
35.972656,12.48779296875
35.974609,13.29345703125
35.976562,36.65771484375
35.978516,37.664794921875
35.980469,38.470458984375
35.982422,38.873291015625
35.984375,39.276123046875
35.986328,39.276123046875
35.988281,39.07470703125
35.990234,38.671875
35.992188,51.5625
35.994141,50.7568359375
35.996094,49.749755859375
35.998047,48.74267578125
36.0,47.93701171875
36.001953,47.13134765625
36.003906,46.728515625
36.005859,46.527099609375
36.007812,46.527099609375
36.009766,46.929931640625
36.011719,32.025146484375
36.013672,28.1982421875
36.015625,29.00390625
36.017578,30.010986328125
36.019531,31.01806640625
36.021484,31.82373046875
36.023438,11.279296875
36.025391,11.68212890625
36.027344,11.883544921875
36.029297,11.68212890625
36.03125,11.279296875
36.033203,10.675048828125
36.035156,9.869384765625
36.037109,8.8623046875
36.039062,-9.66796875
36.041016,-10.4736328125
36.042969,-11.279296875
36.044922,-11.883544921875
36.046875,-12.0849609375
36.048828,-12.286376953125
36.050781,-12.0849609375
36.052734,-11.480712890625
36.054688,-10.675048828125
36.056641,0.201416015625
36.058594,1.007080078125
36.060547,2.01416015625
36.0625,3.021240234375
36.064453,3.62548828125
36.066406,4.229736328125
36.068359,4.43115234375
36.070312,4.43115234375
36.072266,31.01806640625
36.074219,30.413818359375
36.076172,29.608154296875
36.078125,28.802490234375
36.080078,27.79541015625
36.082031,47.13134765625
36.083984,46.32568359375
36.085938,45.721435546875
36.087891,45.318603515625
36.089844,45.1171875
36.091797,45.318603515625
36.09375,45.721435546875
36.095703,46.32568359375
36.097656,47.13134765625
36.099609,48.138427734375
36.101562,49.1455078125
36.103516,49.951171875
36.105469,50.7568359375
36.107422,51.361083984375
36.109375,51.5625
36.111328,51.763916015625
36.113281,42.095947265625
36.115234,41.693115234375
36.117188,17.32177734375
36.119141,16.314697265625
36.121094,15.509033203125
36.123047,14.501953125
36.125,13.6962890625
36.126953,12.890625
36.128906,12.48779296875
36.130859,12.0849609375
36.132812,12.286376953125
36.134766,12.48779296875
36.136719,-6.646728515625
36.138672,-5.841064453125
36.140625,-4.833984375
36.142578,-3.826904296875
36.144531,-3.021240234375
36.146484,-2.215576171875
36.148438,-1.409912109375
36.150391,-1.007080078125
36.152344,-1.20849609375
36.154297,-1.409912109375
36.15625,-1.812744140625
36.158203,-2.4169921875
36.160156,-3.22265625
36.162109,-4.229736328125
36.164062,-5.23681640625
36.166016,-6.04248046875
36.167969,19.134521484375
36.169922,18.5302734375
36.171875,18.12744140625
36.173828,18.12744140625
36.175781,18.328857421875
36.177734,18.731689453125
36.179688,19.537353515625
36.181641,41.49169921875
36.183594,42.498779296875
36.185547,43.304443359375
36.1875,44.3115234375
36.189453,44.915771484375
36.191406,45.52001953125
36.193359,45.721435546875
36.195312,45.721435546875
36.197266,45.318603515625
36.199219,48.74267578125
36.201172,47.93701171875
36.203125,46.929931640625
36.205078,46.124267578125
36.207031,45.1171875
36.208984,44.3115234375
36.210938,43.707275390625
36.212891,43.304443359375
36.214844,43.10302734375
36.216797,18.93310546875
36.21875,19.537353515625
36.220703,20.1416015625
36.222656,20.947265625
36.224609,21.954345703125
36.226562,22.760009765625
36.228516,23.76708984375
36.230469,24.57275390625
36.232422,25.177001953125
36.234375,25.37841796875
36.236328,25.37841796875
36.238281,0.604248046875
36.240234,0.0
36.242188,-0.604248046875
36.244141,-1.611328125
36.246094,-4.43115234375
36.248047,-5.438232421875
36.25,-6.243896484375
36.251953,-7.049560546875
36.253906,-7.452392578125
36.255859,-7.855224609375
36.257812,-7.65380859375
36.259766,-7.452392578125
36.261719,11.480712890625
36.263672,12.286376953125
36.265625,13.092041015625
36.267578,14.09912109375
36.269531,15.106201171875
36.271484,15.911865234375
36.273438,16.51611328125
36.275391,16.9189453125
36.277344,43.10302734375
36.279297,42.901611328125
36.28125,42.498779296875
36.283203,41.89453125
36.285156,41.0888671875
36.287109,40.081787109375
36.289062,39.07470703125
36.291016,38.26904296875
36.292969,37.46337890625
36.294922,36.859130859375
36.296875,43.707275390625
36.298828,43.707275390625
36.300781,43.90869140625
36.302734,44.512939453125
36.304688,45.1171875
36.306641,46.124267578125
36.308594,46.929931640625
36.310547,47.93701171875
36.3125,48.74267578125
36.314453,49.54833984375
36.316406,32.830810546875
36.318359,33.0322265625
36.320312,33.0322265625
36.322266,32.62939453125
36.324219,32.025146484375
36.326172,3.826904296875
36.328125,2.81982421875
36.330078,1.812744140625
36.332031,1.007080078125
36.333984,0.201416015625
36.335938,-0.604248046875
36.337891,-1.007080078125
36.339844,-1.007080078125
36.341797,-1.007080078125
36.34375,-13.6962890625
36.345703,-13.092041015625
36.347656,-12.286376953125
36.349609,-11.279296875
36.351562,-10.272216796875
36.353516,-9.466552734375
36.355469,-8.660888671875
36.357422,-8.056640625
36.359375,10.272216796875
36.361328,10.4736328125
36.363281,10.07080078125
36.365234,9.66796875
36.367188,8.8623046875
36.369141,8.056640625
36.371094,7.049560546875
36.373047,6.243896484375
36.375,31.4208984375
36.376953,30.816650390625
36.378906,30.21240234375
36.380859,30.010986328125
36.382812,30.010986328125
36.384766,30.413818359375
36.386719,31.01806640625
36.388672,31.82373046875
36.390625,49.1455078125
36.392578,50.152587890625
36.394531,51.15966796875
36.396484,51.96533203125
36.398438,52.569580078125
36.400391,52.972412109375
36.402344,53.173828125
36.404297,52.972412109375
36.40625,37.8662109375
36.408203,37.261962890625
36.410156,36.456298828125
36.412109,35.44921875
36.414062,34.6435546875
36.416016,33.636474609375
36.417969,32.830810546875
36.419922,32.2265625
36.421875,32.025146484375
36.423828,32.025146484375
36.425781,32.2265625
36.427734,5.23681640625
36.429688,5.841064453125
36.431641,6.646728515625
36.433594,7.65380859375
36.435547,8.660888671875
36.4375,-3.424072265625
36.439453,-2.618408203125
36.441406,-2.215576171875
36.443359,-1.812744140625
36.445312,-2.01416015625
36.447266,-2.215576171875
36.449219,-2.81982421875
36.451172,-3.62548828125
36.453125,-2.215576171875
36.455078,-3.22265625
36.457031,-4.229736328125
36.458984,-5.035400390625
36.460938,-5.6396484375
36.462891,-6.04248046875
36.464844,-6.243896484375
36.466797,-6.04248046875
36.46875,18.731689453125
36.470703,19.3359375
36.472656,41.0888671875
36.474609,42.095947265625
36.476562,43.10302734375
36.478516,43.90869140625
36.480469,44.71435546875
36.482422,45.318603515625
36.484375,45.721435546875
36.486328,45.721435546875
36.488281,45.52001953125
36.490234,44.915771484375
36.492188,44.3115234375
36.494141,43.304443359375
36.496094,42.498779296875
36.498047,41.49169921875
36.5,40.484619140625
36.501953,39.88037109375
36.503906,43.505859375
36.505859,43.304443359375
36.507812,43.304443359375
36.509766,43.505859375
36.511719,44.110107421875
36.513672,20.343017578125
36.515625,21.35009765625
36.517578,22.357177734375
36.519531,23.162841796875
36.521484,23.968505859375
36.523438,24.774169921875
36.525391,25.177001953125
36.527344,25.177001953125
36.529297,25.177001953125
36.53125,24.774169921875
36.533203,-1.007080078125
36.535156,-1.812744140625
36.537109,-2.618408203125
36.539062,-3.62548828125
36.541016,-4.632568359375
36.542969,-5.438232421875
36.544922,-5.841064453125
36.546875,-11.883544921875
36.548828,-11.883544921875
36.550781,-11.68212890625
36.552734,-11.077880859375
36.554688,-10.4736328125
36.556641,-9.466552734375
36.558594,-8.660888671875
36.560547,-7.65380859375
36.5625,15.911865234375
36.564453,16.51611328125
36.566406,17.120361328125
36.568359,17.32177734375
36.570312,17.32177734375
36.572266,16.9189453125
36.574219,16.314697265625
36.576172,15.509033203125
36.578125,39.4775390625
36.580078,38.470458984375
36.582031,37.46337890625
36.583984,36.65771484375
36.585938,36.053466796875
36.587891,35.650634765625
36.589844,35.44921875
36.591797,35.650634765625
36.59375,36.053466796875
36.595703,44.915771484375
36.597656,45.721435546875
36.599609,46.728515625
36.601562,47.5341796875
36.603516,48.541259765625
36.605469,49.346923828125
36.607422,49.951171875
36.609375,50.152587890625
36.611328,33.233642578125
36.613281,32.830810546875
36.615234,32.427978515625
36.617188,31.622314453125
36.619141,30.816650390625
36.621094,29.8095703125
36.623047,28.802490234375
36.625,27.996826171875
36.626953,1.007080078125
36.628906,0.40283203125
36.630859,0.201416015625
36.632812,0.201416015625
36.634766,0.604248046875
36.636719,1.20849609375
36.638672,2.01416015625
36.640625,2.81982421875
36.642578,3.826904296875
36.644531,4.833984375
36.646484,5.6396484375
36.648438,-7.855224609375
36.650391,-7.452392578125
36.652344,-7.452392578125
36.654297,-7.452392578125
36.65625,-7.855224609375
36.658203,4.833984375
36.660156,7.855224609375
36.662109,6.84814453125
36.664062,5.841064453125
36.666016,5.035400390625
36.667969,31.01806640625
36.669922,30.413818359375
36.671875,30.21240234375
36.673828,30.010986328125
36.675781,30.413818359375
36.677734,30.816650390625
36.679688,31.622314453125
36.681641,32.427978515625
36.683594,33.43505859375
36.685547,34.442138671875
36.6875,35.247802734375
36.689453,35.85205078125
36.691406,36.456298828125
36.693359,53.375244140625
36.695312,53.375244140625
36.697266,52.972412109375
36.699219,52.3681640625
36.701172,51.5625
36.703125,50.7568359375
36.705078,49.749755859375
36.707031,34.442138671875
36.708984,33.636474609375
36.710938,33.0322265625
36.712891,32.62939453125
36.714844,32.427978515625
36.716797,32.62939453125
36.71875,33.0322265625
36.720703,33.636474609375
36.722656,8.056640625
36.724609,8.8623046875
36.726562,9.869384765625
36.728516,10.87646484375
36.730469,11.68212890625
36.732422,12.286376953125
36.734375,12.48779296875
36.736328,12.48779296875
36.738281,-7.049560546875
36.740234,-7.65380859375
36.742188,-8.258056640625
36.744141,-9.26513671875
36.746094,-10.272216796875
36.748047,-11.077880859375
36.75,-12.0849609375
36.751953,-12.689208984375
36.753906,-13.29345703125
36.755859,-13.494873046875
36.757812,-13.494873046875
36.759766,-13.092041015625
36.761719,-12.48779296875
36.763672,-8.8623046875
36.765625,-0.201416015625
36.767578,28.60107421875
36.769531,29.608154296875
36.771484,30.413818359375
36.773438,31.01806640625
36.775391,31.4208984375
36.777344,31.622314453125
36.779297,31.4208984375
36.78125,31.01806640625
36.783203,30.413818359375
36.785156,46.929931640625
36.787109,46.124267578125
36.789062,45.1171875
36.791016,44.110107421875
36.792969,43.304443359375
36.794922,42.901611328125
36.796875,42.498779296875
36.798828,42.498779296875
36.800781,35.85205078125
36.802734,36.2548828125
36.804688,37.060546875
36.806641,37.8662109375
36.808594,38.873291015625
36.810547,39.88037109375
36.8125,40.68603515625
36.814453,41.49169921875
36.816406,25.177001953125
36.818359,18.731689453125
36.820312,18.5302734375
36.822266,18.328857421875
36.824219,17.724609375
36.826172,16.9189453125
36.828125,15.911865234375
36.830078,15.106201171875
36.832031,14.09912109375
36.833984,-9.466552734375
36.835938,-10.07080078125
36.837891,-10.4736328125
36.839844,-10.675048828125
36.841797,-10.4736328125
36.84375,-10.07080078125
36.845703,-9.466552734375
36.847656,-8.660888671875
36.849609,-3.021240234375
36.851562,-2.01416015625
36.853516,-1.20849609375
36.855469,-0.40283203125
36.857422,0.201416015625
36.859375,0.604248046875
36.861328,0.604248046875
36.863281,42.7001953125
36.865234,42.095947265625
36.867188,41.49169921875
36.869141,40.484619140625
36.871094,39.678955078125
36.873047,38.671875
36.875,37.664794921875
36.876953,37.060546875
36.878906,36.456298828125
36.880859,36.2548828125
36.882812,36.2548828125
36.884766,36.65771484375
36.886719,37.261962890625
36.888672,38.067626953125
36.890625,38.873291015625
36.892578,39.88037109375
36.894531,40.887451171875
36.896484,41.693115234375
36.898438,51.361083984375
36.900391,51.763916015625
36.902344,51.96533203125
36.904297,51.763916015625
36.90625,51.361083984375
36.908203,50.7568359375
36.910156,49.951171875
36.912109,29.205322265625
36.914062,28.399658203125
36.916016,27.392578125
36.917969,26.5869140625
36.919922,25.982666015625
36.921875,25.78125
36.923828,25.579833984375
36.925781,-1.20849609375
36.927734,-0.8056640625
36.929688,0.0
36.931641,0.8056640625
36.933594,1.812744140625
36.935547,2.81982421875
36.9375,3.62548828125
36.939453,4.43115234375
36.941406,4.833984375
36.943359,-5.438232421875
36.945312,-5.6396484375
36.947266,-5.841064453125
36.949219,-6.4453125
36.951172,-7.2509765625
36.953125,-8.258056640625
36.955078,-9.063720703125
36.957031,-10.07080078125
36.958984,5.841064453125
36.960938,5.23681640625
36.962891,4.833984375
36.964844,4.632568359375
36.966797,4.833984375
36.96875,5.23681640625
36.970703,5.841064453125
36.972656,6.646728515625
36.974609,7.65380859375
36.976562,8.660888671875
36.978516,9.466552734375
36.980469,10.272216796875
36.982422,10.87646484375
36.984375,11.279296875
36.986328,17.926025390625
36.988281,53.57666015625
36.990234,53.173828125
36.992188,52.3681640625
36.994141,51.5625
36.996094,50.555419921875
36.998047,49.54833984375
37.0,48.74267578125
37.001953,47.93701171875
37.003906,47.5341796875
37.005859,31.622314453125
37.007812,31.622314453125
37.009766,32.025146484375
37.011719,32.62939453125
37.013672,33.43505859375
37.015625,34.24072265625
37.017578,35.247802734375
37.019531,36.2548828125
37.021484,37.060546875
37.023438,17.523193359375
37.025391,17.926025390625
37.027344,18.12744140625
37.029297,17.926025390625
37.03125,17.523193359375
37.033203,16.9189453125
37.035156,16.11328125
37.037109,-7.65380859375
37.039062,-8.660888671875
37.041016,-9.466552734375
37.042969,-10.272216796875
37.044922,-10.87646484375
37.046875,-11.279296875
37.048828,-11.279296875
37.050781,-11.077880859375
37.052734,-4.632568359375
37.054688,-3.826904296875
37.056641,-3.021240234375
37.058594,21.35009765625
37.060547,22.357177734375
37.0625,23.162841796875
37.064453,23.968505859375
37.066406,24.371337890625
37.068359,24.57275390625
37.070312,24.57275390625
37.072266,24.169921875
37.074219,23.76708984375
37.076172,22.96142578125
37.078125,21.954345703125
37.080078,20.947265625
37.082031,20.1416015625
37.083984,19.3359375
37.085938,18.5302734375
37.087891,18.12744140625
37.089844,18.12744140625
37.091797,18.12744140625
37.09375,37.261962890625
37.095703,41.49169921875
37.097656,42.498779296875
37.099609,43.505859375
37.101562,44.512939453125
37.103516,45.318603515625
37.105469,46.124267578125
37.107422,46.728515625
37.109375,46.929931640625
37.111328,47.13134765625
37.113281,46.929931640625
37.115234,46.32568359375
37.117188,23.76708984375
37.119141,22.96142578125
37.121094,21.954345703125
37.123047,21.148681640625
37.125,20.1416015625
37.126953,19.537353515625
37.128906,18.93310546875
37.130859,-4.632568359375
37.132812,-4.632568359375
37.134766,-4.229736328125
37.136719,-3.62548828125
37.138672,-2.81982421875
37.140625,-2.01416015625
37.142578,-1.007080078125
37.144531,0.0
37.146484,0.8056640625
37.148438,-5.438232421875
37.150391,-5.035400390625
37.152344,-5.035400390625
37.154297,-5.035400390625
37.15625,-5.438232421875
37.158203,-6.243896484375
37.160156,-7.049560546875
37.162109,-7.855224609375
37.164062,-8.8623046875
37.166016,13.092041015625
37.167969,12.286376953125
37.169922,11.68212890625
37.171875,11.279296875
37.173828,11.279296875
37.175781,11.480712890625
37.177734,12.0849609375
37.179688,37.664794921875
37.181641,38.671875
37.183594,39.4775390625
37.185547,40.484619140625
37.1875,41.290283203125
37.189453,42.095947265625
37.191406,42.498779296875
37.193359,42.901611328125
37.195312,42.7001953125
37.197266,42.498779296875
37.199219,41.89453125
37.201172,41.0888671875
37.203125,40.283203125
37.205078,46.527099609375
37.207031,45.721435546875
37.208984,44.915771484375
37.210938,44.110107421875
37.212891,43.707275390625
37.214844,43.707275390625
37.216797,43.707275390625
37.21875,44.110107421875
37.220703,44.915771484375
37.222656,27.79541015625
37.224609,28.60107421875
37.226562,1.812744140625
37.228516,2.618408203125
37.230469,3.424072265625
37.232422,4.0283203125
37.234375,4.43115234375
37.236328,4.43115234375
37.238281,4.229736328125
37.240234,3.62548828125
37.242188,3.021240234375
37.244141,-6.84814453125
37.246094,-7.855224609375
37.248047,-8.8623046875
37.25,-9.66796875
37.251953,-10.4736328125
37.253906,4.229736328125
37.255859,4.0283203125
37.257812,4.0283203125
37.259766,4.43115234375
37.261719,5.035400390625
37.263672,5.6396484375
37.265625,6.646728515625
37.267578,7.65380859375
37.269531,8.45947265625
37.271484,9.466552734375
37.273438,10.07080078125
37.275391,10.4736328125
37.277344,38.873291015625
37.279297,38.873291015625
37.28125,38.470458984375
37.283203,37.664794921875
37.285156,36.859130859375
37.287109,36.053466796875
37.289062,35.04638671875
37.291016,34.039306640625
37.292969,45.52001953125
37.294922,42.498779296875
37.296875,42.29736328125
37.298828,42.095947265625
37.300781,42.498779296875
37.302734,42.901611328125
37.304688,43.707275390625
37.306641,44.512939453125
37.308594,45.52001953125
37.310547,46.527099609375
37.3125,47.332763671875
37.314453,47.93701171875
37.316406,48.541259765625
37.318359,48.74267578125
37.320312,10.4736328125
37.322266,10.07080078125
37.324219,9.466552734375
37.326172,8.660888671875
37.328125,7.855224609375
37.330078,6.84814453125
37.332031,5.841064453125
37.333984,5.035400390625
37.335938,4.43115234375
37.337891,4.0283203125
37.339844,-13.897705078125
37.341797,-13.897705078125
37.34375,-13.494873046875
37.345703,-12.689208984375
37.347656,-11.883544921875
37.349609,-11.077880859375
37.351562,-10.07080078125
37.353516,-9.063720703125
37.355469,-8.258056640625
37.357422,5.841064453125
37.359375,6.04248046875
37.361328,6.243896484375
37.363281,6.04248046875
37.365234,5.438232421875
37.367188,4.833984375
37.369141,3.826904296875
37.371094,2.81982421875
37.373047,27.392578125
37.375,26.5869140625
37.376953,25.982666015625
37.378906,25.37841796875
37.380859,25.177001953125
37.382812,25.177001953125
37.384766,25.579833984375
37.386719,45.721435546875
37.388672,46.527099609375
37.390625,47.332763671875
37.392578,48.33984375
37.394531,49.346923828125
37.396484,50.152587890625
37.398438,50.7568359375
37.400391,51.15966796875
37.402344,51.361083984375
37.404297,51.15966796875
37.40625,50.7568359375
37.408203,41.693115234375
37.410156,40.68603515625
37.412109,39.88037109375
37.414062,38.873291015625
37.416016,37.8662109375
37.417969,37.261962890625
37.419922,36.65771484375
37.421875,36.2548828125
37.423828,36.2548828125
37.425781,12.0849609375
37.427734,12.689208984375
37.429688,13.29345703125
37.431641,14.09912109375
37.433594,15.106201171875
37.435547,-4.229736328125
37.4375,-3.22265625
37.439453,-2.618408203125
37.441406,-2.01416015625
37.443359,-1.812744140625
37.445312,-1.812744140625
37.447266,-2.215576171875
37.449219,-2.01416015625
37.451172,-2.81982421875
37.453125,-3.826904296875
37.455078,-4.833984375
37.457031,-5.6396484375
37.458984,-6.4453125
37.460938,-7.2509765625
37.462891,-7.65380859375
37.464844,-7.65380859375
37.466797,18.328857421875
37.46875,18.731689453125
37.470703,19.3359375
37.472656,20.1416015625
37.474609,21.148681640625
37.476562,22.15576171875
37.478516,22.96142578125
37.480469,23.76708984375
37.482422,49.951171875
37.484375,50.152587890625
37.486328,50.152587890625
37.488281,49.951171875
37.490234,49.54833984375
37.492188,48.74267578125
37.494141,47.93701171875
37.496094,46.929931640625
37.498047,45.9228515625
37.5,40.68603515625
37.501953,40.081787109375
37.503906,39.4775390625
37.505859,39.276123046875
37.507812,39.276123046875
37.509766,39.678955078125
37.511719,40.283203125
37.513672,41.0888671875
37.515625,41.89453125
37.517578,22.15576171875
37.519531,23.162841796875
37.521484,23.968505859375
37.523438,24.57275390625
37.525391,24.9755859375
37.527344,25.177001953125
37.529297,-0.8056640625
37.53125,-1.20849609375
37.533203,-2.01416015625
37.535156,-2.81982421875
37.537109,-3.62548828125
37.539062,-4.632568359375
37.541016,-5.6396484375
37.542969,-6.4453125
37.544922,-9.66796875
37.546875,-8.8623046875
37.548828,-8.8623046875
37.550781,-8.660888671875
37.552734,-8.056640625
37.554688,-7.452392578125
37.556641,-6.4453125
37.558594,-5.6396484375
37.560547,-4.632568359375
37.5625,15.509033203125
37.564453,16.314697265625
37.566406,16.717529296875
37.568359,16.9189453125
37.570312,16.9189453125
37.572266,16.717529296875
37.574219,16.11328125
37.576172,40.484619140625
37.578125,39.4775390625
37.580078,38.470458984375
37.582031,37.664794921875
37.583984,36.65771484375
37.585938,36.053466796875
37.587891,35.650634765625
37.589844,35.44921875
37.591797,35.650634765625
37.59375,47.332763671875
37.595703,47.93701171875
37.597656,48.74267578125
37.599609,49.749755859375
37.601562,50.7568359375
37.603516,51.5625
37.605469,52.3681640625
37.607422,52.972412109375
37.609375,32.62939453125
37.611328,32.62939453125
37.613281,32.427978515625
37.615234,31.82373046875
37.617188,31.219482421875
37.619141,30.21240234375
37.621094,29.205322265625
37.623047,28.399658203125
37.625,27.392578125
37.626953,26.788330078125
37.628906,26.18408203125
37.630859,25.982666015625
37.632812,25.982666015625
37.634766,26.385498046875
37.636719,26.98974609375
37.638672,-10.272216796875
37.640625,-9.466552734375
37.642578,-8.45947265625
37.644531,4.229736328125
37.646484,5.035400390625
37.648438,5.841064453125
37.650391,6.243896484375
37.652344,6.243896484375
37.654297,6.243896484375
37.65625,5.841064453125
37.658203,5.035400390625
37.660156,4.229736328125
37.662109,3.424072265625
37.664062,2.4169921875
37.666016,1.409912109375
37.667969,0.604248046875
37.669922,0.201416015625
37.671875,-0.201416015625
37.673828,24.774169921875
37.675781,24.9755859375
37.677734,25.579833984375
37.679688,26.18408203125
37.681641,27.191162109375
37.683594,27.996826171875
37.685547,29.00390625
37.6875,49.54833984375
37.689453,50.35400390625
37.691406,50.7568359375
37.693359,51.15966796875
37.695312,50.958251953125
37.697266,50.7568359375
37.699219,50.152587890625
37.701172,49.346923828125
37.703125,48.33984375
37.705078,41.290283203125
37.707031,40.484619140625
37.708984,39.678955078125
37.710938,38.873291015625
37.712891,38.470458984375
37.714844,38.470458984375
37.716797,38.470458984375
37.71875,38.873291015625
37.720703,12.890625
37.722656,13.6962890625
37.724609,14.703369140625
37.726562,15.71044921875
37.728516,16.51611328125
37.730469,17.32177734375
37.732422,17.926025390625
37.734375,18.12744140625
37.736328,18.328857421875
37.738281,18.12744140625
37.740234,17.523193359375
37.742188,16.717529296875
37.744141,15.911865234375
37.746094,-8.056640625
37.748047,-9.063720703125
37.75,-4.229736328125
37.751953,-5.035400390625
37.753906,-5.438232421875
37.755859,-5.6396484375
37.757812,-5.6396484375
37.759766,-5.23681640625
37.761719,-4.833984375
37.763672,-4.0283203125
37.765625,-3.021240234375
37.767578,21.551513671875
37.769531,22.55859375
37.771484,23.3642578125
37.773438,23.968505859375
37.775391,24.371337890625
37.777344,24.57275390625
37.779297,24.371337890625
37.78125,46.527099609375
37.783203,45.9228515625
37.785156,45.1171875
37.787109,44.110107421875
37.789062,43.10302734375
37.791016,42.29736328125
37.792969,41.49169921875
37.794922,40.887451171875
37.796875,40.484619140625
37.798828,41.89453125
37.800781,42.095947265625
37.802734,42.7001953125
37.804688,43.304443359375
37.806641,44.3115234375
37.808594,45.1171875
37.810547,46.124267578125
37.8125,46.929931640625
37.814453,24.57275390625
37.816406,25.177001953125
37.818359,25.37841796875
37.820312,25.37841796875
37.822266,24.9755859375
37.824219,24.371337890625
37.826172,23.76708984375
37.828125,22.760009765625
37.830078,-3.62548828125
37.832031,-4.632568359375
37.833984,-5.438232421875
37.835938,-6.04248046875
37.837891,-6.4453125
37.839844,-9.466552734375
37.841797,-9.466552734375
37.84375,-9.063720703125
37.845703,-8.258056640625
37.847656,-7.452392578125
37.849609,-6.646728515625
37.851562,-5.6396484375
37.853516,-4.632568359375
37.855469,-3.826904296875
37.857422,-3.424072265625
37.859375,-3.021240234375
37.861328,-3.021240234375
37.863281,17.32177734375
37.865234,16.9189453125
37.867188,16.11328125
37.869141,15.3076171875
37.871094,14.300537109375
37.873047,13.29345703125
37.875,12.48779296875
37.876953,32.2265625
37.878906,31.82373046875
37.880859,31.622314453125
37.882812,31.622314453125
37.884766,32.025146484375
37.886719,32.427978515625
37.888672,33.233642578125
37.890625,34.24072265625
37.892578,50.152587890625
37.894531,51.15966796875
37.896484,51.96533203125
37.898438,52.569580078125
37.900391,52.972412109375
37.902344,53.173828125
37.904297,52.972412109375
37.90625,39.07470703125
37.908203,38.26904296875
37.910156,37.46337890625
37.912109,36.65771484375
37.914062,35.650634765625
37.916016,34.6435546875
37.917969,33.837890625
37.919922,33.43505859375
37.921875,33.0322265625
37.923828,5.6396484375
37.925781,5.841064453125
37.927734,6.4453125
37.929688,7.049560546875
37.931641,8.056640625
37.933594,8.8623046875
37.935547,9.869384765625
37.9375,10.675048828125
37.939453,-5.6396484375
37.941406,-5.23681640625
37.943359,-4.833984375
37.945312,-5.035400390625
37.947266,-5.23681640625
37.949219,-5.841064453125
37.951172,-6.646728515625
37.953125,-7.452392578125
37.955078,-8.45947265625
37.957031,-9.466552734375
37.958984,-1.20849609375
37.960938,-1.812744140625
37.962891,-2.215576171875
37.964844,-2.4169921875
37.966797,-2.215576171875
37.96875,-1.812744140625
37.970703,-1.20849609375
37.972656,-0.40283203125
37.974609,0.604248046875
37.976562,1.611328125
37.978516,29.205322265625
37.980469,30.010986328125
37.982422,30.615234375
37.984375,31.01806640625
37.986328,52.77099609375
37.988281,52.569580078125
37.990234,52.166748046875
37.992188,51.361083984375
37.994141,50.555419921875
37.996094,49.54833984375
37.998047,48.541259765625
38.0,47.735595703125
38.001953,46.929931640625
38.003906,39.678955078125
38.005859,39.4775390625
38.007812,39.4775390625
38.009766,39.88037109375
38.011719,40.484619140625
38.013672,41.290283203125
38.015625,42.095947265625
38.017578,43.10302734375
38.019531,16.11328125
38.021484,16.9189453125
38.023438,17.523193359375
38.025391,17.926025390625
38.027344,18.12744140625
38.029297,17.926025390625
38.03125,17.523193359375
38.033203,-5.841064453125
38.035156,0.201416015625
38.037109,-0.8056640625
38.039062,-1.812744140625
38.041016,-2.618408203125
38.042969,-3.424072265625
38.044922,-4.0283203125
38.046875,-4.43115234375
38.048828,-4.43115234375
38.050781,-4.229736328125
38.052734,-3.62548828125
38.054688,-3.021240234375
38.056641,-2.01416015625
38.058594,-1.20849609375
38.060547,-0.201416015625
38.0625,0.604248046875
38.064453,1.409912109375
38.066406,2.01416015625
38.068359,2.215576171875
38.070312,24.371337890625
38.072266,24.169921875
38.074219,23.565673828125
38.076172,22.760009765625
38.078125,21.7529296875
38.080078,44.3115234375
38.082031,43.505859375
38.083984,42.7001953125
38.085938,41.89453125
38.087891,41.49169921875
38.089844,41.49169921875
38.091797,41.49169921875
38.09375,41.89453125
38.095703,42.7001953125
38.097656,44.915771484375
38.099609,45.9228515625
38.101562,46.929931640625
38.103516,47.735595703125
38.105469,48.541259765625
38.107422,49.1455078125
38.109375,49.54833984375
38.111328,49.54833984375
38.113281,24.9755859375
38.115234,24.57275390625
38.117188,23.76708984375
38.119141,22.96142578125
38.121094,21.954345703125
38.123047,20.947265625
38.125,20.1416015625
38.126953,19.3359375
38.128906,18.93310546875
38.130859,-4.229736328125
38.132812,-4.229736328125
38.134766,-3.826904296875
38.136719,-3.22265625
38.138672,-2.4169921875
38.140625,-1.611328125
38.142578,-0.604248046875
38.144531,0.40283203125
38.146484,-3.826904296875
38.148438,-3.22265625
38.150391,-2.81982421875
38.152344,-2.618408203125
38.154297,-2.81982421875
38.15625,-3.22265625
38.158203,-3.826904296875
38.160156,8.45947265625
38.162109,7.452392578125
38.164062,6.4453125
38.166016,5.6396484375
38.167969,4.833984375
38.169922,4.229736328125
38.171875,4.0283203125
38.173828,3.826904296875
38.175781,4.229736328125
38.177734,4.632568359375
38.179688,5.438232421875
38.181641,6.243896484375
38.183594,34.039306640625
38.185547,35.04638671875
38.1875,35.85205078125
38.189453,36.65771484375
38.191406,53.57666015625
38.193359,53.778076171875
38.195312,53.778076171875
38.197266,53.375244140625
38.199219,52.77099609375
38.201172,51.96533203125
38.203125,51.15966796875
38.205078,50.152587890625
38.207031,49.1455078125
38.208984,48.33984375
38.210938,32.025146484375
38.212891,31.622314453125
38.214844,31.622314453125
38.216797,31.622314453125
38.21875,32.025146484375
38.220703,32.830810546875
38.222656,33.636474609375
38.224609,8.258056640625
38.226562,9.26513671875
38.228516,10.07080078125
38.230469,-5.841064453125
38.232422,-5.23681640625
38.234375,-5.035400390625
38.236328,-5.035400390625
38.238281,-5.23681640625
38.240234,-5.6396484375
38.242188,-6.4453125
38.244141,-7.2509765625
38.246094,-8.258056640625
38.248047,-9.26513671875
38.25,-10.07080078125
38.251953,-10.87646484375
38.253906,-11.279296875
38.255859,-11.480712890625
38.257812,-11.480712890625
38.259766,-1.20849609375
38.261719,-0.604248046875
38.263672,0.201416015625
38.265625,1.007080078125
38.267578,2.01416015625
38.269531,3.021240234375
38.271484,3.826904296875
38.273438,30.21240234375
38.275391,30.816650390625
38.277344,30.816650390625
38.279297,30.816650390625
38.28125,30.21240234375
38.283203,29.608154296875
38.285156,28.802490234375
38.287109,27.79541015625
38.289062,26.98974609375
38.291016,25.982666015625
38.292969,25.177001953125
38.294922,24.57275390625
38.296875,24.371337890625
38.298828,42.29736328125
38.300781,42.7001953125
38.302734,43.10302734375
38.304688,40.081787109375
38.306641,40.887451171875
38.308594,41.89453125
38.310547,42.901611328125
38.3125,43.707275390625
38.314453,44.512939453125
38.316406,44.915771484375
38.318359,45.1171875
38.320312,18.328857421875
38.322266,18.12744140625
38.324219,17.523193359375
38.326172,16.717529296875
38.328125,15.71044921875
38.330078,14.90478515625
38.332031,13.897705078125
38.333984,13.092041015625
38.335938,-10.87646484375
38.337891,-11.279296875
38.339844,-11.480712890625
38.341797,-11.279296875
38.34375,-10.87646484375
38.345703,-10.272216796875
38.347656,-9.466552734375
38.349609,-8.45947265625
38.351562,-7.452392578125
38.353516,-3.22265625
38.355469,-2.4169921875
38.357422,-1.812744140625
38.359375,-1.611328125
38.361328,-1.611328125
38.363281,-1.812744140625
38.365234,-2.215576171875
38.367188,-3.021240234375
38.369141,22.15576171875
38.371094,21.148681640625
38.373047,20.1416015625
38.375,19.3359375
38.376953,18.731689453125
38.378906,18.12744140625
38.380859,17.926025390625
38.382812,17.926025390625
38.384766,43.505859375
38.386719,44.110107421875
38.388672,44.915771484375
38.390625,45.721435546875
38.392578,46.728515625
38.394531,47.735595703125
38.396484,48.541259765625
38.398438,49.1455078125
38.400391,49.54833984375
38.402344,49.749755859375
38.404297,49.54833984375
38.40625,49.1455078125
38.408203,46.124267578125
38.410156,45.318603515625
38.412109,44.3115234375
38.414062,43.304443359375
38.416016,20.343017578125
38.417969,19.537353515625
38.419922,18.93310546875
38.421875,18.5302734375
38.423828,18.5302734375
38.425781,-6.04248046875
38.427734,-5.6396484375
38.429688,-4.833984375
38.431641,-4.0283203125
38.433594,-3.021240234375
38.435547,-2.01416015625
38.4375,-1.20849609375
38.439453,-0.604248046875
38.441406,0.0
38.443359,0.201416015625
38.445312,0.201416015625
38.447266,-0.201416015625
38.449219,-4.43115234375
38.451172,-5.23681640625
38.453125,-6.04248046875
38.455078,-7.049560546875
38.457031,-8.056640625
38.458984,-8.8623046875
38.460938,-9.466552734375
38.462891,10.675048828125
38.464844,10.4736328125
38.466797,10.675048828125
38.46875,11.077880859375
38.470703,11.68212890625
38.472656,12.48779296875
38.474609,13.494873046875
38.476562,14.501953125
38.478516,15.3076171875
38.480469,42.29736328125
38.482422,42.7001953125
38.484375,43.10302734375
38.486328,43.10302734375
38.488281,42.901611328125
38.490234,42.498779296875
38.492188,41.693115234375
38.494141,40.887451171875
38.496094,49.54833984375
38.498047,48.541259765625
38.5,47.735595703125
38.501953,46.929931640625
38.503906,46.527099609375
38.505859,46.32568359375
38.507812,46.32568359375
38.509766,46.527099609375
38.511719,47.13134765625
38.513672,47.93701171875
38.515625,48.944091796875
38.517578,49.951171875
38.519531,50.7568359375
38.521484,51.5625
38.523438,52.3681640625
38.525391,6.04248046875
38.527344,6.04248046875
38.529297,6.04248046875
38.53125,5.6396484375
38.533203,4.833984375
38.535156,4.0283203125
38.537109,3.22265625
38.539062,2.215576171875
38.541016,1.20849609375
38.542969,-8.056640625
38.544922,-8.660888671875
38.546875,-9.063720703125
38.548828,-9.063720703125
38.550781,-8.8623046875
38.552734,-8.258056640625
38.554688,-7.65380859375
38.556641,-6.646728515625
38.558594,8.660888671875
38.560547,9.66796875
38.5625,10.4736328125
38.564453,11.279296875
38.566406,11.68212890625
38.568359,12.0849609375
38.570312,11.883544921875
38.572266,11.68212890625
38.574219,11.077880859375
38.576172,35.650634765625
38.578125,34.6435546875
38.580078,33.636474609375
38.582031,32.830810546875
38.583984,32.025146484375
38.585938,31.219482421875
38.587891,30.816650390625
38.589844,30.816650390625
38.591797,47.13134765625
38.59375,47.5341796875
38.595703,48.138427734375
38.597656,48.944091796875
38.599609,49.951171875
38.601562,50.958251953125
38.603516,51.763916015625
38.605469,36.859130859375
38.607422,37.46337890625
38.609375,37.664794921875
38.611328,37.664794921875
38.613281,37.46337890625
38.615234,37.060546875
38.617188,36.2548828125
38.619141,35.44921875
38.621094,8.056640625
38.623047,7.2509765625
38.625,6.243896484375
38.626953,5.6396484375
38.628906,5.035400390625
38.630859,4.833984375
38.632812,4.833984375
38.634766,5.23681640625
38.636719,-11.883544921875
38.638672,-11.077880859375
38.640625,-10.07080078125
38.642578,-9.26513671875
38.644531,-8.258056640625
38.646484,-7.452392578125
38.648438,-6.84814453125
38.650391,-6.4453125
38.652344,-6.243896484375
38.654297,0.201416015625
38.65625,-0.201416015625
38.658203,-0.8056640625
38.660156,-1.611328125
38.662109,-2.618408203125
38.664062,-3.62548828125
38.666016,-4.43115234375
38.667969,-5.23681640625
38.669922,18.328857421875
38.671875,18.12744140625
38.673828,18.12744140625
38.675781,18.328857421875
38.677734,18.731689453125
38.679688,19.537353515625
38.681641,20.343017578125
38.683594,21.35009765625
38.685547,44.512939453125
38.6875,45.318603515625
38.689453,46.124267578125
38.691406,46.527099609375
38.693359,46.728515625
38.695312,46.728515625
38.697266,46.32568359375
38.699219,45.721435546875
38.701172,46.728515625
38.703125,45.9228515625
38.705078,44.915771484375
38.707031,43.90869140625
38.708984,43.10302734375
38.710938,42.498779296875
38.712891,42.095947265625
38.714844,41.89453125
38.716797,19.134521484375
38.71875,19.537353515625
38.720703,20.1416015625
38.722656,20.947265625
38.724609,21.954345703125
38.726562,22.760009765625
38.728516,23.76708984375
38.730469,24.57275390625
38.732422,25.177001953125
38.734375,25.37841796875
38.736328,25.579833984375
38.738281,25.177001953125
38.740234,24.774169921875
38.742188,4.632568359375
38.744141,-0.8056640625
38.746094,-7.65380859375
38.748047,-8.660888671875
38.75,-9.466552734375
38.751953,-10.272216796875
38.753906,-10.675048828125
38.755859,-10.87646484375
38.757812,-10.87646484375
38.759766,-10.4736328125
38.761719,-9.869384765625
38.763672,12.48779296875
38.765625,13.29345703125
38.767578,14.300537109375
38.769531,15.3076171875
38.771484,16.11328125
38.773438,16.717529296875
38.775391,17.120361328125
38.777344,17.32177734375
38.779297,41.693115234375
38.78125,41.290283203125
38.783203,40.68603515625
38.785156,39.88037109375
38.787109,38.873291015625
38.789062,37.8662109375
38.791016,37.060546875
38.792969,36.2548828125
38.794922,35.650634765625
38.796875,42.095947265625
38.798828,41.89453125
38.800781,42.095947265625
38.802734,42.7001953125
38.804688,43.505859375
38.806641,44.3115234375
38.808594,45.318603515625
38.810547,46.124267578125
38.8125,31.4208984375
38.814453,32.2265625
38.816406,4.0283203125
38.818359,4.229736328125
38.820312,4.229736328125
38.822266,3.826904296875
38.824219,3.22265625
38.826172,2.4169921875
38.828125,1.611328125
38.830078,0.604248046875
38.832031,-0.40283203125
38.833984,-1.20849609375
38.835938,-1.812744140625
38.837891,-2.215576171875
38.839844,-2.4169921875
38.841797,-2.215576171875
38.84375,-1.812744140625
38.845703,-1.20849609375
38.847656,-0.40283203125
38.849609,0.604248046875
38.851562,-9.869384765625
38.853516,-8.8623046875
38.855469,-8.056640625
38.857422,10.272216796875
38.859375,10.675048828125
38.861328,10.675048828125
38.863281,10.4736328125
38.865234,9.869384765625
38.867188,9.26513671875
38.869141,8.258056640625
38.871094,7.452392578125
38.873047,6.4453125
38.875,5.6396484375
38.876953,32.830810546875
38.878906,32.427978515625
38.880859,32.2265625
38.882812,32.2265625
38.884766,32.427978515625
38.886719,33.0322265625
38.888672,33.837890625
38.890625,46.728515625
38.892578,47.735595703125
38.894531,48.541259765625
38.896484,49.54833984375
38.898438,50.152587890625
38.900391,50.555419921875
38.902344,50.7568359375
38.904297,50.555419921875
38.90625,38.470458984375
38.908203,37.664794921875
38.910156,36.859130859375
38.912109,36.053466796875
38.914062,35.04638671875
38.916016,34.039306640625
38.917969,33.233642578125
38.919922,32.62939453125
38.921875,5.035400390625
38.923828,5.035400390625
38.925781,5.23681640625
38.927734,5.841064453125
38.929688,6.4453125
38.931641,7.2509765625
38.933594,8.258056640625
38.935547,9.26513671875
38.9375,-6.4453125
38.939453,-5.6396484375
38.941406,-5.23681640625
38.943359,-4.833984375
38.945312,-5.035400390625
38.947266,-5.23681640625
38.949219,-5.841064453125
38.951172,-6.646728515625
38.953125,-7.452392578125
38.955078,-8.45947265625
38.957031,-9.466552734375
38.958984,-10.272216796875
38.960938,-10.87646484375
38.962891,-11.279296875
38.964844,-3.22265625
38.966797,-3.021240234375
38.96875,25.78125
38.970703,26.385498046875
38.972656,27.191162109375
38.974609,28.1982421875
38.976562,29.205322265625
38.978516,30.010986328125
38.980469,30.816650390625
38.982422,31.4208984375
38.984375,31.82373046875
38.986328,52.77099609375
38.988281,52.569580078125
38.990234,51.96533203125
38.992188,51.361083984375
38.994141,50.555419921875
38.996094,49.54833984375
38.998047,48.541259765625
39.0,47.735595703125
39.001953,42.498779296875
39.003906,42.095947265625
39.005859,41.693115234375
39.007812,41.89453125
39.009766,42.095947265625
39.011719,19.537353515625
39.013672,20.343017578125
39.015625,21.35009765625
39.017578,22.357177734375
39.019531,23.162841796875
39.021484,23.968505859375
39.023438,24.774169921875
39.025391,25.177001953125
39.027344,25.177001953125
39.029297,25.177001953125
39.03125,24.774169921875
39.033203,-0.40283203125
39.035156,-1.20849609375
39.037109,-2.01416015625
39.039062,-3.021240234375
39.041016,-4.0283203125
39.042969,-4.833984375
39.044922,-5.23681640625
39.046875,-5.6396484375
39.048828,-9.063720703125
39.050781,-8.8623046875
39.052734,-8.258056640625
39.054688,-7.65380859375
39.056641,-6.646728515625
39.058594,-5.841064453125
39.060547,-4.833984375
39.0625,-3.826904296875
39.064453,-3.22265625
39.066406,-2.618408203125
39.068359,-2.4169921875
39.070312,-2.618408203125
39.072266,17.724609375
39.074219,17.120361328125
39.076172,16.314697265625
39.078125,15.509033203125
39.080078,40.68603515625
39.082031,39.88037109375
39.083984,38.873291015625
39.085938,38.26904296875
39.087891,37.8662109375
39.089844,37.664794921875
39.091797,37.8662109375
39.09375,38.26904296875
39.095703,44.915771484375
39.097656,45.721435546875
39.099609,46.527099609375
39.101562,47.5341796875
39.103516,48.541259765625
39.105469,49.346923828125
39.107422,49.951171875
39.109375,50.152587890625
39.111328,50.152587890625
39.113281,31.622314453125
39.115234,31.01806640625
39.117188,30.413818359375
39.119141,29.40673828125
39.121094,28.399658203125
39.123047,27.593994140625
39.125,26.5869140625
39.126953,25.982666015625
39.128906,-1.812744140625
39.130859,-2.215576171875
39.132812,-2.01416015625
39.134766,-1.812744140625
39.136719,-1.20849609375
39.138672,-0.40283203125
39.140625,0.40283203125
39.142578,1.409912109375
39.144531,2.4169921875
39.146484,-5.035400390625
39.148438,-4.43115234375
39.150391,-3.826904296875
39.152344,-3.826904296875
39.154297,-3.826904296875
39.15625,-4.43115234375
39.158203,-5.035400390625
39.160156,-5.841064453125
39.162109,8.45947265625
39.164062,7.452392578125
39.166016,6.4453125
39.167969,5.6396484375
39.169922,5.23681640625
39.171875,4.833984375
39.173828,4.833984375
39.175781,5.035400390625
39.177734,5.438232421875
39.179688,6.243896484375
39.181641,7.049560546875
39.183594,8.056640625
39.185547,9.063720703125
39.1875,9.869384765625
39.189453,49.346923828125
39.191406,49.951171875
39.193359,50.152587890625
39.195312,50.152587890625
39.197266,49.749755859375
39.199219,49.1455078125
39.201172,48.33984375
39.203125,47.5341796875
39.205078,46.527099609375
39.207031,35.650634765625
39.208984,34.844970703125
39.210938,34.24072265625
39.212891,33.837890625
39.214844,33.636474609375
39.216797,33.837890625
39.21875,34.24072265625
39.220703,34.844970703125
39.222656,35.650634765625
39.224609,8.258056640625
39.226562,9.26513671875
39.228516,10.07080078125
39.230469,10.87646484375
39.232422,11.480712890625
39.234375,11.883544921875
39.236328,11.883544921875
39.238281,11.68212890625
39.240234,-4.632568359375
39.242188,-5.23681640625
39.244141,-6.243896484375
39.246094,-7.049560546875
39.248047,-8.056640625
39.25,-8.8623046875
39.251953,-9.66796875
39.253906,-10.07080078125
39.255859,-3.22265625
39.257812,-3.22265625
39.259766,-2.81982421875
39.261719,-2.215576171875
39.263672,-1.409912109375
39.265625,-0.604248046875
39.267578,0.40283203125
39.269531,29.00390625
39.271484,29.8095703125
39.273438,30.615234375
39.275391,31.01806640625
39.277344,31.01806640625
39.279297,31.01806640625
39.28125,30.615234375
39.283203,29.8095703125
39.285156,29.00390625
39.287109,28.1982421875
39.289062,27.191162109375
39.291016,26.18408203125
39.292969,25.37841796875
39.294922,24.9755859375
39.296875,24.57275390625
39.298828,24.57275390625
39.300781,36.2548828125
39.302734,36.65771484375
39.304688,37.46337890625
39.306641,38.26904296875
39.308594,39.276123046875
39.310547,40.081787109375
39.3125,41.0888671875
39.314453,41.693115234375
39.316406,42.29736328125
39.318359,42.498779296875
39.320312,18.12744140625
39.322266,17.724609375
39.324219,17.120361328125
39.326172,16.314697265625
39.328125,15.509033203125
39.330078,14.501953125
39.332031,13.494873046875
39.333984,-8.056640625
39.335938,-8.660888671875
39.337891,-9.063720703125
39.339844,-9.26513671875
39.341797,-9.063720703125
39.34375,-8.660888671875
39.345703,-8.056640625
39.347656,-7.2509765625
39.349609,-6.243896484375
39.351562,-1.812744140625
39.353516,-1.007080078125
39.355469,-0.201416015625
39.357422,0.40283203125
39.359375,0.604248046875
39.361328,0.8056640625
39.363281,0.604248046875
39.365234,0.0
39.367188,23.162841796875
39.369141,22.357177734375
39.371094,21.35009765625
39.373047,20.343017578125
39.375,19.537353515625
39.376953,18.731689453125
39.378906,18.328857421875
39.380859,18.12744140625
39.382812,18.12744140625
39.384766,43.10302734375
39.386719,43.707275390625
39.388672,44.512939453125
39.390625,45.318603515625
39.392578,46.32568359375
39.394531,47.332763671875
39.396484,48.138427734375
39.398438,48.74267578125
39.400391,49.1455078125
39.402344,50.958251953125
39.404297,49.749755859375
39.40625,49.346923828125
39.408203,48.74267578125
39.410156,47.93701171875
39.412109,46.929931640625
39.414062,21.551513671875
39.416016,20.54443359375
39.417969,19.73876953125
39.419922,19.134521484375
39.421875,18.93310546875
39.423828,18.731689453125
39.425781,19.134521484375
39.427734,19.537353515625
39.429688,20.343017578125
39.431641,-3.62548828125
39.433594,-2.81982421875
39.435547,-1.812744140625
39.4375,-1.007080078125
39.439453,-0.201416015625
39.441406,0.201416015625
39.443359,0.604248046875
39.445312,-1.007080078125
39.447266,-1.409912109375
39.449219,-2.01416015625
39.451172,-2.81982421875
39.453125,-3.62548828125
39.455078,-4.632568359375
39.457031,-5.6396484375
39.458984,-6.4453125
39.460938,-7.049560546875
39.462891,11.480712890625
39.464844,11.480712890625
39.466797,11.480712890625
39.46875,11.883544921875
39.470703,12.48779296875
39.472656,13.494873046875
39.474609,14.300537109375
39.476562,15.3076171875
39.478516,41.290283203125
39.480469,42.095947265625
39.482422,42.7001953125
39.484375,42.901611328125
39.486328,43.10302734375
39.488281,42.7001953125
39.490234,42.29736328125
39.492188,41.49169921875
39.494141,51.15966796875
39.496094,50.152587890625
39.498047,49.1455078125
39.5,48.33984375
39.501953,47.5341796875
39.503906,47.13134765625
39.505859,46.929931640625
39.507812,46.929931640625
39.509766,47.13134765625
39.511719,47.735595703125
39.513672,48.541259765625
39.515625,49.54833984375
39.517578,50.35400390625
39.519531,51.361083984375
39.521484,10.675048828125
39.523438,11.279296875
39.525391,11.68212890625
39.527344,11.883544921875
39.529297,11.68212890625
39.53125,11.279296875
39.533203,10.675048828125
39.535156,9.869384765625
39.537109,8.8623046875
39.539062,8.056640625
39.541016,7.049560546875
39.542969,-9.063720703125
39.544922,-9.66796875
39.546875,-10.07080078125
39.548828,-10.07080078125
39.550781,-9.869384765625
39.552734,-9.466552734375
39.554688,-8.660888671875
39.556641,-1.007080078125
39.558594,-0.201416015625
39.560547,0.8056640625
39.5625,1.611328125
39.564453,2.4169921875
39.566406,2.81982421875
39.568359,3.22265625
39.570312,3.021240234375
39.572266,31.82373046875
39.574219,31.219482421875
39.576172,30.413818359375
39.578125,29.608154296875
39.580078,28.60107421875
39.582031,27.593994140625
39.583984,26.788330078125
39.585938,26.18408203125
39.587891,25.78125
39.589844,41.290283203125
39.591797,41.49169921875
39.59375,41.89453125
39.595703,42.498779296875
39.597656,43.304443359375
39.599609,40.081787109375
39.601562,41.0888671875
39.603516,41.89453125
39.605469,42.7001953125
39.607422,43.304443359375
39.609375,43.707275390625
39.611328,43.707275390625
39.613281,43.505859375
39.615234,42.901611328125
39.617188,42.29736328125
39.619141,41.49169921875
39.621094,40.484619140625
39.623047,39.4775390625
39.625,38.671875
39.626953,37.8662109375
39.628906,37.46337890625
39.630859,11.480712890625
39.632812,-8.258056640625
39.634766,-7.855224609375
39.636719,-7.2509765625
39.638672,-6.646728515625
39.640625,-5.6396484375
39.642578,-4.632568359375
39.644531,-3.826904296875
39.646484,-2.81982421875
39.648438,-2.215576171875
39.650391,-1.812744140625
39.652344,-1.20849609375
39.654297,-1.409912109375
39.65625,-1.812744140625
39.658203,-2.4169921875
39.660156,-3.424072265625
39.662109,-4.229736328125
39.664062,-5.23681640625
39.666016,-6.243896484375
39.667969,18.93310546875
39.669922,18.328857421875
39.671875,17.926025390625
39.673828,17.926025390625
39.675781,18.12744140625
39.677734,18.731689453125
39.679688,19.3359375
39.681641,45.318603515625
39.683594,46.124267578125
39.685547,47.13134765625
39.6875,48.138427734375
39.689453,48.74267578125
39.691406,49.346923828125
39.693359,49.54833984375
39.695312,49.54833984375
39.697266,49.1455078125
39.699219,48.541259765625
39.701172,48.541259765625
39.703125,47.735595703125
39.705078,46.728515625
39.707031,45.721435546875
39.708984,44.915771484375
39.710938,44.3115234375
39.712891,43.90869140625
39.714844,43.707275390625
39.716797,43.90869140625
39.71875,44.3115234375
39.720703,44.915771484375
39.722656,45.721435546875
39.724609,46.728515625
39.726562,22.55859375
39.728516,0.604248046875
39.730469,1.409912109375
39.732422,2.01416015625
39.734375,2.215576171875
39.736328,2.215576171875
39.738281,2.01416015625
39.740234,1.611328125
39.742188,0.8056640625
39.744141,0.0
39.746094,-1.007080078125
39.748047,-8.660888671875
39.75,-9.466552734375
39.751953,-10.272216796875
39.753906,-10.675048828125
39.755859,-10.87646484375
39.757812,-10.87646484375
39.759766,-10.675048828125
39.761719,-10.07080078125
39.763672,12.890625
39.765625,13.897705078125
39.767578,14.90478515625
39.769531,15.71044921875
39.771484,16.51611328125
39.773438,17.32177734375
39.775391,17.724609375
39.777344,17.724609375
39.779297,42.095947265625
39.78125,41.693115234375
39.783203,41.0888671875
39.785156,40.283203125
39.787109,39.276123046875
39.789062,38.26904296875
39.791016,37.46337890625
39.792969,43.304443359375
39.794922,42.7001953125
39.796875,42.498779296875
39.798828,42.498779296875
39.800781,42.7001953125
39.802734,43.10302734375
39.804688,43.90869140625
39.806641,44.71435546875
39.808594,45.721435546875
39.810547,46.728515625
39.8125,31.622314453125
39.814453,32.427978515625
39.816406,32.830810546875
39.818359,33.233642578125
39.820312,33.0322265625
39.822266,32.830810546875
39.824219,32.2265625
39.826172,31.4208984375
39.828125,3.826904296875
39.830078,2.81982421875
39.832031,1.812744140625
39.833984,1.007080078125
39.835938,0.40283203125
39.837891,0.0
39.839844,-0.201416015625
39.841797,-14.09912109375
39.84375,-13.6962890625
39.845703,-12.890625
39.847656,-12.0849609375
39.849609,-11.279296875
39.851562,-10.272216796875
39.853516,-9.26513671875
39.855469,-8.45947265625
39.857422,-8.056640625
39.859375,10.87646484375
39.861328,11.077880859375
39.863281,10.675048828125
39.865234,10.272216796875
39.867188,9.466552734375
39.869141,8.660888671875
39.871094,7.65380859375
39.873047,6.84814453125
39.875,5.841064453125
39.876953,33.43505859375
39.878906,32.830810546875
39.880859,32.62939453125
39.882812,32.62939453125
39.884766,33.0322265625
39.886719,33.636474609375
39.888672,34.442138671875
39.890625,48.74267578125
39.892578,49.749755859375
39.894531,50.7568359375
39.896484,51.5625
39.898438,52.166748046875
39.900391,52.569580078125
39.902344,52.77099609375
39.904297,52.569580078125
39.90625,36.65771484375
39.908203,36.053466796875
39.910156,35.247802734375
39.912109,34.24072265625
39.914062,33.233642578125
39.916016,32.427978515625
39.917969,31.622314453125
39.919922,31.01806640625
39.921875,30.816650390625
39.923828,4.833984375
39.925781,5.035400390625
39.927734,5.6396484375
39.929688,6.243896484375
39.931641,7.049560546875
39.933594,8.056640625
39.935547,9.063720703125
39.9375,9.869384765625
39.939453,10.675048828125
39.941406,11.077880859375
39.943359,11.480712890625
39.945312,11.279296875
39.947266,11.077880859375
39.949219,10.4736328125
39.951172,9.66796875
39.953125,1.007080078125
39.955078,0.0
39.957031,-0.8056640625
39.958984,-1.611328125
39.960938,-2.4169921875
39.962891,-2.81982421875
39.964844,-2.81982421875
39.966797,-2.81982421875
39.96875,-2.4169921875
39.970703,25.982666015625
39.972656,26.788330078125
39.974609,27.79541015625
39.976562,28.802490234375
39.978516,29.608154296875
39.980469,30.413818359375
39.982422,31.01806640625
39.984375,31.4208984375
39.986328,49.1455078125
39.988281,43.304443359375
39.990234,42.7001953125
39.992188,42.095947265625
39.994141,41.0888671875
39.996094,40.283203125
39.998047,39.276123046875
40.0,38.26904296875
40.001953,37.664794921875
40.003906,37.060546875
40.005859,36.859130859375
40.007812,36.859130859375
40.009766,37.261962890625
40.011719,37.8662109375
40.013672,38.671875
40.015625,39.4775390625
40.017578,40.484619140625
40.019531,16.314697265625
40.021484,17.32177734375
40.023438,17.926025390625
40.025391,18.328857421875
40.027344,18.5302734375
40.029297,18.328857421875
40.03125,17.926025390625
40.033203,-4.0283203125
40.035156,-4.833984375
40.037109,-5.841064453125
40.039062,-6.84814453125
40.041016,-7.65380859375
40.042969,-8.45947265625
40.044922,-9.063720703125
40.046875,-9.466552734375
40.048828,-9.466552734375
40.050781,-9.26513671875
40.052734,-8.660888671875
40.054688,-8.056640625
40.056641,-7.049560546875
40.058594,-6.243896484375
40.060547,-5.23681640625
40.0625,-4.229736328125
40.064453,23.968505859375
40.066406,24.371337890625
40.068359,24.57275390625
40.070312,24.57275390625
40.072266,24.371337890625
40.074219,23.76708984375
40.076172,22.96142578125
40.078125,21.954345703125
40.080078,21.148681640625
40.082031,40.081787109375
40.083984,39.276123046875
40.085938,38.671875
40.087891,38.26904296875
40.089844,38.067626953125
40.091797,38.26904296875
40.09375,38.671875
40.095703,39.276123046875
40.097656,47.332763671875
40.099609,48.33984375
40.101562,49.346923828125
40.103516,50.152587890625
40.105469,50.958251953125
40.107422,51.5625
40.109375,51.96533203125
40.111328,51.96533203125
40.113281,32.830810546875
40.115234,32.2265625
40.117188,31.622314453125
40.119141,30.615234375
40.121094,29.608154296875
40.123047,28.802490234375
40.125,27.79541015625
40.126953,27.191162109375
40.128906,-0.604248046875
40.130859,-0.8056640625
40.132812,-0.8056640625
40.134766,-0.40283203125
40.136719,0.0
40.138672,0.8056640625
40.140625,1.812744140625
40.142578,2.81982421875
40.144531,-8.660888671875
40.146484,-7.855224609375
40.148438,-7.2509765625
40.150391,-6.646728515625
40.152344,-6.646728515625
40.154297,-6.646728515625
40.15625,-7.2509765625
40.158203,-7.855224609375
40.160156,-8.660888671875
40.162109,-9.66796875
40.164062,-10.4736328125
40.166016,-11.480712890625
40.167969,-12.286376953125
40.169922,5.23681640625
40.171875,4.833984375
40.173828,31.82373046875
40.175781,32.025146484375
40.177734,32.62939453125
40.179688,33.43505859375
40.181641,34.24072265625
40.183594,47.5341796875
40.185547,49.346923828125
40.1875,50.35400390625
40.189453,50.958251953125
40.191406,51.5625
40.193359,51.763916015625
40.195312,51.763916015625
40.197266,51.361083984375
40.199219,50.7568359375
40.201172,49.951171875
40.203125,49.1455078125
40.205078,48.138427734375
40.207031,32.830810546875
40.208984,32.025146484375
40.210938,31.219482421875
40.212891,30.816650390625
40.214844,30.816650390625
40.216797,30.816650390625
40.21875,31.219482421875
40.220703,32.025146484375
40.222656,6.243896484375
40.224609,7.2509765625
40.226562,8.056640625
40.228516,9.063720703125
40.230469,9.869384765625
40.232422,10.4736328125
40.234375,10.675048828125
40.236328,10.87646484375
40.238281,-5.23681640625
40.240234,-5.841064453125
40.242188,-6.4453125
40.244141,-7.452392578125
40.246094,-8.258056640625
40.248047,-9.26513671875
40.25,-10.272216796875
40.251953,-10.87646484375
40.253906,-1.812744140625
40.255859,-2.01416015625
40.257812,-2.01416015625
40.259766,-1.611328125
40.261719,-1.007080078125
40.263672,-0.201416015625
40.265625,0.604248046875
40.267578,1.611328125
40.269531,2.618408203125
40.271484,3.424072265625
40.273438,4.0283203125
40.275391,4.43115234375
40.277344,4.632568359375
40.279297,4.43115234375
40.28125,4.0283203125
40.283203,51.15966796875
40.285156,50.35400390625
40.287109,49.54833984375
40.289062,48.541259765625
40.291016,47.5341796875
40.292969,46.728515625
40.294922,46.124267578125
40.296875,45.9228515625
40.298828,45.9228515625
40.300781,46.124267578125
40.302734,37.46337890625
40.304688,38.26904296875
40.306641,39.07470703125
40.308594,40.081787109375
40.310547,41.0888671875
40.3125,41.89453125
40.314453,42.7001953125
40.316406,43.10302734375
40.318359,17.926025390625
40.320312,17.926025390625
40.322266,17.523193359375
40.324219,17.120361328125
40.326172,16.314697265625
40.328125,15.3076171875
40.330078,14.300537109375
40.332031,13.494873046875
40.333984,-7.452392578125
40.335938,-8.056640625
40.337891,-8.45947265625
40.339844,-8.660888671875
40.341797,-8.45947265625
40.34375,-8.056640625
40.345703,-7.452392578125
40.347656,-6.646728515625
40.349609,-5.6396484375
40.351562,-0.8056640625
40.353516,0.201416015625
40.355469,1.007080078125
40.357422,1.409912109375
40.359375,1.812744140625
40.361328,1.812744140625
40.363281,1.611328125
40.365234,1.20849609375
40.367188,23.162841796875
40.369141,22.357177734375
40.371094,21.35009765625
40.373047,20.54443359375
40.375,19.537353515625
40.376953,18.93310546875
40.378906,42.498779296875
40.380859,42.095947265625
40.382812,42.29736328125
40.384766,42.498779296875
40.386719,43.10302734375
40.388672,43.90869140625
40.390625,44.915771484375
40.392578,45.721435546875
40.394531,46.728515625
40.396484,47.5341796875
40.398438,48.138427734375
40.400391,46.929931640625
40.402344,47.13134765625
40.404297,46.929931640625
40.40625,46.527099609375
40.408203,45.9228515625
40.410156,45.1171875
40.412109,44.110107421875
40.414062,21.35009765625
40.416016,20.343017578125
40.417969,19.73876953125
40.419922,19.134521484375
40.421875,18.731689453125
40.423828,18.731689453125
40.425781,18.93310546875
40.427734,19.537353515625
40.429688,20.1416015625
40.431641,-3.021240234375
40.433594,-2.215576171875
40.435547,-1.20849609375
40.4375,-0.40283203125
40.439453,0.40283203125
40.441406,1.007080078125
40.443359,1.20849609375
40.445312,-0.8056640625
40.447266,-1.20849609375
40.449219,-1.611328125
40.451172,-2.4169921875
40.453125,-3.424072265625
40.455078,-4.43115234375
40.457031,-5.23681640625
40.458984,-6.04248046875
40.460938,-6.84814453125
40.462891,5.035400390625
40.464844,4.833984375
40.466797,5.035400390625
40.46875,5.438232421875
40.470703,6.04248046875
40.472656,7.049560546875
40.474609,7.855224609375
40.476562,8.8623046875
40.478516,37.261962890625
40.480469,38.067626953125
40.482422,38.671875
40.484375,39.07470703125
40.486328,39.07470703125
40.488281,38.873291015625
40.490234,38.26904296875
40.492188,37.664794921875
40.494141,36.65771484375
40.496094,35.85205078125
40.498047,34.844970703125
40.5,33.837890625
40.501953,33.233642578125
40.503906,45.721435546875
40.505859,45.52001953125
40.507812,33.0322265625
40.509766,33.43505859375
40.511719,34.039306640625
40.513672,34.844970703125
40.515625,35.650634765625
40.517578,36.65771484375
40.519531,37.664794921875
40.521484,38.470458984375
40.523438,39.07470703125
40.525391,12.0849609375
40.527344,12.286376953125
40.529297,12.0849609375
40.53125,11.68212890625
40.533203,11.077880859375
40.535156,10.272216796875
40.537109,9.26513671875
40.539062,8.258056640625
40.541016,-7.2509765625
40.542969,-8.056640625
40.544922,-8.45947265625
40.546875,-8.8623046875
40.548828,-8.8623046875
40.550781,-8.660888671875
40.552734,-8.258056640625
40.554688,-7.452392578125
40.556641,-6.646728515625
40.558594,0.0
40.560547,1.007080078125
40.5625,2.01416015625
40.564453,2.618408203125
40.566406,3.22265625
40.568359,3.424072265625
40.570312,3.424072265625
40.572266,30.413818359375
40.574219,50.958251953125
40.576172,50.152587890625
40.578125,49.346923828125
40.580078,48.33984375
40.582031,47.332763671875
40.583984,46.527099609375
40.585938,45.9228515625
40.587891,45.52001953125
40.589844,45.318603515625
40.591797,45.52001953125
40.59375,45.9228515625
40.595703,46.527099609375
40.597656,47.332763671875
40.599609,48.33984375
40.601562,41.693115234375
40.603516,42.7001953125
40.605469,43.304443359375
40.607422,43.90869140625
40.609375,44.3115234375
40.611328,44.3115234375
40.613281,44.110107421875
40.615234,43.707275390625
40.617188,42.901611328125
40.619141,42.095947265625
40.621094,15.3076171875
40.623047,14.501953125
40.625,13.494873046875
40.626953,12.890625
40.628906,12.286376953125
40.630859,12.0849609375
40.632812,12.0849609375
40.634766,12.48779296875
40.636719,-8.8623046875
40.638672,-8.056640625
40.640625,-7.2509765625
40.642578,-6.243896484375
40.644531,-5.23681640625
40.646484,-4.43115234375
40.648438,-3.826904296875
40.650391,-3.424072265625
40.652344,-3.22265625
40.654297,-1.611328125
40.65625,-2.215576171875
40.658203,-2.81982421875
40.660156,-3.62548828125
40.662109,-4.632568359375
40.664062,-5.438232421875
40.666016,-6.4453125
40.667969,18.93310546875
40.669922,18.328857421875
40.671875,17.926025390625
40.673828,17.926025390625
40.675781,18.12744140625
40.677734,18.731689453125
40.679688,19.3359375
40.681641,20.343017578125
40.683594,21.148681640625
40.685547,47.5341796875
40.6875,48.33984375
40.689453,48.944091796875
40.691406,49.54833984375
40.693359,49.749755859375
40.695312,49.749755859375
40.697266,49.346923828125
40.699219,48.74267578125
40.701172,48.138427734375
40.703125,47.13134765625
40.705078,46.124267578125
40.707031,45.318603515625
40.708984,44.3115234375
40.710938,43.707275390625
40.712891,43.304443359375
40.714844,18.731689453125
40.716797,18.93310546875
40.71875,19.3359375
40.720703,19.940185546875
40.722656,20.745849609375
40.724609,21.7529296875
40.726562,22.760009765625
40.728516,23.565673828125
40.730469,24.371337890625
40.732422,24.9755859375
40.734375,2.618408203125
40.736328,2.618408203125
40.738281,2.4169921875
40.740234,1.812744140625
40.742188,1.20849609375
40.744141,0.40283203125
40.746094,-0.604248046875
40.748047,-6.84814453125
40.75,-7.65380859375
40.751953,-8.45947265625
40.753906,-8.8623046875
40.755859,-9.26513671875
40.757812,-9.063720703125
40.759766,-8.8623046875
40.761719,-8.258056640625
40.763672,-7.452392578125
40.765625,13.494873046875
40.767578,14.501953125
40.769531,41.89453125
40.771484,42.7001953125
40.773438,43.505859375
40.775391,43.90869140625
40.777344,43.90869140625
40.779297,43.90869140625
40.78125,43.505859375
40.783203,42.7001953125
40.785156,41.89453125
40.787109,41.0888671875
40.789062,40.081787109375
40.791016,39.07470703125
40.792969,38.26904296875
40.794922,37.8662109375
40.796875,46.728515625
40.798828,46.728515625
40.800781,46.929931640625
40.802734,47.332763671875
40.804688,48.138427734375
40.806641,48.944091796875
40.808594,49.951171875
40.810547,50.958251953125
40.8125,51.763916015625
40.814453,52.569580078125
40.816406,52.972412109375
40.818359,53.173828125
40.820312,53.173828125
40.822266,48.74267578125
40.824219,31.01806640625
40.826172,30.21240234375
40.828125,29.205322265625
40.830078,28.1982421875
40.832031,27.392578125
40.833984,0.604248046875
40.835938,0.0
40.837891,-0.40283203125
40.839844,-10.07080078125
40.841797,-9.869384765625
40.84375,-9.466552734375
40.845703,-8.8623046875
40.847656,-8.056640625
40.849609,-7.049560546875
40.851562,-6.04248046875
40.853516,-5.23681640625
40.855469,-4.43115234375
40.857422,-3.826904296875
40.859375,11.883544921875
40.861328,12.0849609375
40.863281,11.68212890625
40.865234,11.279296875
40.867188,10.4736328125
40.869141,9.66796875
40.871094,8.660888671875
40.873047,7.855224609375
40.875,26.5869140625
40.876953,25.78125
40.878906,25.37841796875
40.880859,24.9755859375
40.882812,25.177001953125
40.884766,25.37841796875
40.886719,25.982666015625
40.888672,47.5341796875
40.890625,48.541259765625
40.892578,49.54833984375
40.894531,50.35400390625
40.896484,51.15966796875
40.898438,51.96533203125
40.900391,52.3681640625
40.902344,52.3681640625
40.904297,43.10302734375
40.90625,42.7001953125
40.908203,41.89453125
40.910156,41.0888671875
40.912109,40.283203125
40.914062,39.276123046875
40.916016,38.26904296875
40.917969,37.46337890625
40.919922,37.060546875
40.921875,36.65771484375
40.923828,36.65771484375
40.925781,36.859130859375
40.927734,37.261962890625
40.929688,13.092041015625
40.931641,13.897705078125
40.933594,14.90478515625
40.935547,-5.438232421875
40.9375,-4.632568359375
40.939453,-3.826904296875
40.941406,-3.424072265625
40.943359,-3.22265625
40.945312,-3.22265625
40.947266,-3.62548828125
40.949219,-4.0283203125
40.951172,-4.833984375
40.953125,-5.841064453125
40.955078,-2.4169921875
40.957031,-3.424072265625
40.958984,-4.229736328125
40.960938,-4.833984375
40.962891,-5.438232421875
40.964844,17.926025390625
40.966797,18.12744140625
40.96875,18.5302734375
40.970703,19.134521484375
40.972656,20.1416015625
40.974609,20.947265625
40.976562,21.954345703125
40.978516,22.96142578125
40.980469,23.565673828125
40.982422,24.169921875
40.984375,45.9228515625
40.986328,46.124267578125
40.988281,45.721435546875
40.990234,45.318603515625
40.992188,44.512939453125
40.994141,43.707275390625
40.996094,42.7001953125
40.998047,41.89453125
41.0,40.484619140625
41.001953,39.88037109375
41.003906,39.276123046875
41.005859,39.07470703125
41.007812,39.07470703125
41.009766,39.4775390625
41.011719,40.081787109375
41.013672,40.887451171875
41.015625,27.79541015625
41.017578,22.357177734375
41.019531,23.3642578125
41.021484,24.169921875
41.023438,24.774169921875
41.025391,25.177001953125
41.027344,25.37841796875
41.029297,25.177001953125
41.03125,24.774169921875
41.033203,24.169921875
41.035156,23.3642578125
41.037109,-2.81982421875
41.039062,-3.826904296875
41.041016,-4.632568359375
41.042969,-5.438232421875
41.044922,-6.04248046875
41.046875,-11.279296875
41.048828,-11.279296875
41.050781,-11.077880859375
41.052734,-10.675048828125
41.054688,-9.869384765625
41.056641,-9.063720703125
41.058594,-8.056640625
41.060547,-7.049560546875
41.0625,-6.243896484375
41.064453,16.51611328125
41.066406,16.9189453125
41.068359,17.32177734375
41.070312,17.120361328125
41.072266,16.9189453125
41.074219,16.314697265625
41.076172,15.509033203125
41.078125,14.501953125
41.080078,38.067626953125
41.082031,37.060546875
41.083984,36.2548828125
41.085938,35.650634765625
41.087891,35.247802734375
41.089844,35.04638671875
41.091797,35.247802734375
41.09375,35.650634765625
41.095703,47.13134765625
41.097656,47.93701171875
41.099609,48.74267578125
41.101562,49.749755859375
41.103516,50.7568359375
41.105469,51.5625
41.107422,51.96533203125
41.109375,52.3681640625
41.111328,32.2265625
41.113281,32.025146484375
41.115234,31.4208984375
41.117188,30.816650390625
41.119141,29.8095703125
41.121094,28.802490234375
41.123047,27.996826171875
41.125,26.98974609375
41.126953,26.385498046875
41.128906,-0.40283203125
41.130859,-0.604248046875
41.132812,-0.604248046875
41.134766,-0.201416015625
41.136719,0.201416015625
41.138672,1.007080078125
41.140625,2.01416015625
41.142578,3.021240234375
41.144531,3.826904296875
41.146484,-5.035400390625
41.148438,-4.43115234375
41.150391,-4.0283203125
41.152344,-3.826904296875
41.154297,-4.0283203125
41.15625,-4.43115234375
41.158203,-5.035400390625
41.160156,8.660888671875
41.162109,7.65380859375
41.164062,6.646728515625
41.166016,5.841064453125
41.167969,5.035400390625
41.169922,4.43115234375
41.171875,4.0283203125
41.173828,24.371337890625
41.175781,24.774169921875
41.177734,25.177001953125
41.179688,25.982666015625
41.181641,26.788330078125
41.183594,27.79541015625
41.185547,28.60107421875
41.1875,29.608154296875
41.189453,49.749755859375
41.191406,50.152587890625
41.193359,50.35400390625
41.195312,50.35400390625
41.197266,49.951171875
41.199219,49.346923828125
41.201172,48.74267578125
41.203125,47.735595703125
41.205078,35.85205078125
41.207031,34.844970703125
41.208984,34.039306640625
41.210938,33.43505859375
41.212891,33.0322265625
41.214844,32.830810546875
41.216797,33.0322265625
41.21875,33.43505859375
41.220703,34.039306640625
41.222656,6.243896484375
41.224609,7.049560546875
41.226562,8.056640625
41.228516,9.063720703125
41.230469,9.66796875
41.232422,10.272216796875
41.234375,10.675048828125
41.236328,10.675048828125
41.238281,-1.007080078125
41.240234,-2.81982421875
41.242188,-3.62548828125
41.244141,-4.43115234375
41.246094,-5.438232421875
41.248047,-6.4453125
41.25,-7.2509765625
41.251953,-8.056640625
41.253906,-8.45947265625
41.255859,-8.660888671875
41.257812,-5.035400390625
41.259766,-4.632568359375
41.261719,-4.229736328125
41.263672,-3.424072265625
41.265625,-2.4169921875
41.267578,-1.409912109375
41.269531,-0.604248046875
41.271484,0.201416015625
41.273438,1.007080078125
41.275391,31.622314453125
41.277344,31.82373046875
41.279297,31.622314453125
41.28125,31.219482421875
41.283203,30.615234375
41.285156,46.32568359375
41.287109,45.318603515625
41.289062,44.3115234375
41.291016,43.505859375
41.292969,42.7001953125
41.294922,42.095947265625
41.296875,41.693115234375
41.298828,41.693115234375
41.300781,41.89453125
41.302734,40.081787109375
41.304688,40.68603515625
41.306641,41.693115234375
41.308594,42.498779296875
41.310547,43.505859375
41.3125,44.3115234375
41.314453,45.1171875
41.316406,45.52001953125
41.318359,18.5302734375
41.320312,18.5302734375
41.322266,18.12744140625
41.324219,17.523193359375
41.326172,16.9189453125
41.328125,15.911865234375
41.330078,14.90478515625
41.332031,14.09912109375
41.333984,-3.62548828125
41.335938,-4.229736328125
41.337891,-4.632568359375
41.339844,-4.833984375
41.341797,-4.632568359375
41.34375,-4.229736328125
41.345703,-3.62548828125
41.347656,-2.81982421875
41.349609,-4.229736328125
41.351562,-3.22265625
41.353516,-2.4169921875
41.355469,16.717529296875
41.357422,17.32177734375
41.359375,17.724609375
41.361328,17.724609375
41.363281,17.523193359375
41.365234,16.9189453125
41.367188,16.314697265625
41.369141,15.3076171875
41.371094,14.501953125
41.373047,13.494873046875
41.375,12.689208984375
41.376953,11.883544921875
41.378906,11.480712890625
41.380859,11.077880859375
41.382812,37.46337890625
41.384766,37.664794921875
41.386719,38.26904296875
41.388672,39.07470703125
41.390625,39.88037109375
41.392578,40.887451171875
41.394531,50.555419921875
41.396484,50.555419921875
41.398438,51.15966796875
41.400391,51.5625
41.402344,51.763916015625
41.404297,51.5625
41.40625,51.15966796875
41.408203,50.555419921875
41.410156,49.749755859375
41.412109,28.60107421875
41.414062,27.593994140625
41.416016,26.788330078125
41.417969,25.982666015625
41.419922,25.37841796875
41.421875,24.9755859375
41.423828,24.9755859375
41.425781,25.177001953125
41.427734,1.007080078125
41.429688,1.812744140625
41.431641,2.618408203125
41.433594,3.62548828125
41.435547,4.632568359375
41.4375,5.438232421875
41.439453,6.243896484375
41.441406,6.646728515625
41.443359,-5.23681640625
41.445312,-5.23681640625
41.447266,-5.6396484375
41.449219,-6.243896484375
41.451172,-7.049560546875
41.453125,-7.855224609375
41.455078,-8.8623046875
41.457031,-9.869384765625
41.458984,4.833984375
41.460938,4.229736328125
41.462891,3.826904296875
41.464844,3.62548828125
41.466797,3.826904296875
41.46875,4.229736328125
41.470703,4.833984375
41.472656,5.6396484375
41.474609,6.646728515625
41.476562,7.452392578125
41.478516,8.45947265625
41.480469,9.26513671875
41.482422,9.869384765625
41.484375,10.07080078125
41.486328,51.15966796875
41.488281,50.958251953125
41.490234,50.35400390625
41.492188,49.749755859375
41.494141,48.74267578125
41.496094,47.93701171875
41.498047,46.929931640625
41.5,46.124267578125
41.501953,45.318603515625
41.503906,44.915771484375
41.505859,44.512939453125
41.507812,44.71435546875
41.509766,31.4208984375
41.511719,32.025146484375
41.513672,32.62939453125
41.515625,33.636474609375
41.517578,34.6435546875
41.519531,35.44921875
41.521484,9.66796875
41.523438,10.272216796875
41.525391,10.675048828125
41.527344,10.87646484375
41.529297,10.675048828125
41.53125,10.272216796875
41.533203,9.66796875
41.535156,8.8623046875
41.537109,7.855224609375
41.539062,-8.056640625
41.541016,-9.063720703125
41.542969,-9.869384765625
41.544922,-10.4736328125
41.546875,-10.675048828125
41.548828,-10.675048828125
41.550781,-1.812744140625
41.552734,-1.20849609375
41.554688,-0.604248046875
41.556641,0.40283203125
41.558594,1.409912109375
41.560547,2.215576171875
41.5625,3.22265625
41.564453,3.826904296875
41.566406,4.43115234375
41.568359,4.632568359375
41.570312,31.622314453125
41.572266,31.4208984375
41.574219,30.816650390625
41.576172,30.010986328125
41.578125,29.00390625
41.580078,28.1982421875
41.582031,27.191162109375
41.583984,26.385498046875
41.585938,25.78125
41.587891,40.283203125
41.589844,40.081787109375
41.591797,40.283203125
41.59375,40.68603515625
41.595703,41.290283203125
41.597656,42.095947265625
41.599609,42.29736328125
41.601562,43.10302734375
41.603516,44.110107421875
41.605469,44.915771484375
41.607422,45.52001953125
41.609375,45.721435546875
41.611328,45.721435546875
41.613281,45.52001953125
41.615234,45.1171875
41.617188,30.413818359375
41.619141,22.96142578125
41.621094,21.954345703125
41.623047,20.947265625
41.625,20.1416015625
41.626953,19.3359375
41.628906,18.93310546875
41.630859,18.5302734375
41.632812,18.731689453125
41.634766,-4.0283203125
41.636719,-3.424072265625
41.638672,-2.81982421875
41.640625,-1.812744140625
41.642578,-0.8056640625
41.644531,0.0
41.646484,1.007080078125
41.648438,-5.035400390625
41.650391,-4.632568359375
41.652344,-4.632568359375
41.654297,-4.632568359375
41.65625,-5.035400390625
41.658203,-5.841064453125
41.660156,-6.646728515625
41.662109,-7.452392578125
41.664062,13.897705078125
41.666016,13.092041015625
41.667969,12.286376953125
41.669922,11.68212890625
41.671875,11.279296875
41.673828,11.279296875
41.675781,11.480712890625
41.677734,12.0849609375
41.679688,12.689208984375
41.681641,40.484619140625
41.683594,41.49169921875
41.685547,42.498779296875
41.6875,43.304443359375
41.689453,44.110107421875
41.691406,44.512939453125
41.693359,44.71435546875
41.695312,44.71435546875
41.697266,44.512939453125
41.699219,43.90869140625
41.701172,43.10302734375
41.703125,42.095947265625
41.705078,41.0888671875
41.707031,40.283203125
41.708984,38.873291015625
41.710938,26.98974609375
41.712891,26.5869140625
41.714844,26.5869140625
41.716797,26.5869140625
41.71875,26.98974609375
41.720703,27.79541015625
41.722656,28.60107421875
41.724609,29.40673828125
41.726562,30.413818359375
41.728516,3.021240234375
41.730469,3.826904296875
41.732422,4.43115234375
41.734375,4.632568359375
41.736328,4.833984375
41.738281,4.43115234375
41.740234,4.0283203125
41.742188,-7.452392578125
41.744141,-8.258056640625
41.746094,7.049560546875
41.748047,6.04248046875
41.75,5.23681640625
41.751953,4.43115234375
41.753906,4.0283203125
41.755859,3.826904296875
41.757812,3.826904296875
41.759766,4.229736328125
41.761719,4.632568359375
41.763672,5.438232421875
41.765625,6.4453125
41.767578,7.452392578125
41.769531,8.258056640625
41.771484,9.063720703125
41.773438,9.869384765625
41.775391,10.272216796875
41.777344,10.272216796875
41.779297,37.664794921875
41.78125,37.261962890625
41.783203,36.65771484375
41.785156,35.650634765625
41.787109,34.844970703125
41.789062,33.837890625
41.791016,46.527099609375
41.792969,45.721435546875
41.794922,45.1171875
41.796875,44.71435546875
41.798828,44.71435546875
41.800781,44.915771484375
41.802734,45.52001953125
41.804688,46.124267578125
41.806641,47.13134765625
41.808594,47.93701171875
41.810547,48.944091796875
41.8125,36.859130859375
41.814453,37.664794921875
41.816406,38.067626953125
41.818359,38.470458984375
41.820312,38.26904296875
41.822266,12.0849609375
41.824219,11.480712890625
41.826172,10.675048828125
41.828125,9.66796875
41.830078,8.8623046875
41.832031,7.855224609375
41.833984,7.049560546875
41.835938,6.4453125
41.837891,6.04248046875
41.839844,-10.4736328125
41.841797,-10.4736328125
41.84375,-10.07080078125
41.845703,-9.26513671875
41.847656,-8.45947265625
41.849609,-7.65380859375
41.851562,-6.646728515625
41.853516,-5.6396484375
41.855469,3.021240234375
41.857422,3.62548828125
41.859375,3.826904296875
41.861328,3.826904296875
41.863281,3.62548828125
41.865234,3.22265625
41.867188,2.4169921875
41.869141,1.611328125
41.871094,0.604248046875
41.873047,26.5869140625
41.875,25.78125
41.876953,24.9755859375
41.878906,24.57275390625
41.880859,24.371337890625
41.882812,24.371337890625
41.884766,24.774169921875
41.886719,46.124267578125
41.888672,46.929931640625
41.890625,47.93701171875
41.892578,48.944091796875
41.894531,49.749755859375
41.896484,50.555419921875
41.898438,51.361083984375
41.900391,51.763916015625
41.902344,51.763916015625
41.904297,51.763916015625
41.90625,51.361083984375
41.908203,50.555419921875
41.910156,49.749755859375
41.912109,48.944091796875
41.914062,41.89453125
41.916016,41.0888671875
41.917969,12.890625
41.919922,12.286376953125
41.921875,11.883544921875
41.923828,11.883544921875
41.925781,12.0849609375
41.927734,12.689208984375
41.929688,13.29345703125
41.931641,14.300537109375
41.933594,15.106201171875
41.935547,-5.035400390625
41.9375,-4.229736328125
41.939453,-3.424072265625
41.941406,1.409912109375
41.943359,1.611328125
41.945312,1.611328125
41.947266,1.20849609375
41.949219,0.604248046875
41.951172,-0.201416015625
41.953125,-1.007080078125
41.955078,-2.01416015625
41.957031,-3.021240234375
41.958984,-3.826904296875
41.960938,-4.43115234375
41.962891,-4.833984375
41.964844,-5.035400390625
41.966797,-4.833984375
41.96875,-4.43115234375
41.970703,19.3359375
41.972656,20.1416015625
41.974609,21.148681640625
41.976562,22.15576171875
41.978516,22.96142578125
41.980469,23.76708984375
41.982422,48.33984375
41.984375,48.541259765625
41.986328,48.74267578125
41.988281,48.541259765625
41.990234,47.93701171875
41.992188,47.13134765625
41.994141,46.32568359375
41.996094,45.318603515625
41.998047,44.512939453125
42.0,42.095947265625
42.001953,41.290283203125
42.003906,40.887451171875
42.005859,40.68603515625
42.007812,40.68603515625
42.009766,40.887451171875
42.011719,41.49169921875
42.013672,42.29736328125
42.015625,43.304443359375
42.017578,44.3115234375
42.019531,45.1171875
42.021484,45.9228515625
42.023438,46.728515625
42.025391,47.13134765625
42.027344,7.2509765625
42.029297,7.049560546875
42.03125,6.646728515625
42.033203,6.04248046875
42.035156,5.23681640625
42.037109,4.229736328125
42.039062,3.22265625
42.041016,2.4169921875
42.042969,1.611328125
42.044922,-12.48779296875
42.046875,-12.890625
42.048828,-12.890625
42.050781,-12.689208984375
42.052734,-12.286376953125
42.054688,-11.480712890625
42.056641,-10.675048828125
42.058594,-9.66796875
42.060547,8.056640625
42.0625,8.8623046875
42.064453,9.66796875
42.066406,10.07080078125
42.068359,10.272216796875
42.070312,10.272216796875
42.072266,10.07080078125
42.074219,9.466552734375
42.076172,35.04638671875
42.078125,34.24072265625
42.080078,33.233642578125
42.082031,32.2265625
42.083984,31.4208984375
42.085938,30.816650390625
42.087891,30.413818359375
42.089844,30.21240234375
42.091797,42.29736328125
42.09375,42.7001953125
42.095703,43.304443359375
42.097656,44.3115234375
42.099609,45.1171875
42.101562,46.124267578125
42.103516,47.13134765625
42.105469,47.735595703125
42.107422,36.859130859375
42.109375,37.261962890625
42.111328,37.261962890625
42.113281,37.060546875
42.115234,36.456298828125
42.117188,35.85205078125
42.119141,34.844970703125
42.121094,34.039306640625
42.123047,33.0322265625
42.125,32.025146484375
42.126953,31.4208984375
42.128906,30.816650390625
42.130859,30.615234375
42.132812,30.615234375
42.134766,5.6396484375
42.136719,-8.8623046875
42.138672,-8.258056640625
42.140625,-7.2509765625
42.142578,-6.243896484375
42.144531,-5.438232421875
42.146484,-4.43115234375
42.148438,-3.826904296875
42.150391,-3.424072265625
42.152344,-3.22265625
42.154297,-3.424072265625
42.15625,5.035400390625
42.158203,4.43115234375
42.160156,3.62548828125
42.162109,2.618408203125
42.164062,1.611328125
42.166016,0.8056640625
42.167969,0.0
42.169922,26.18408203125
42.171875,25.78125
42.173828,25.78125
42.175781,25.982666015625
42.177734,26.385498046875
42.179688,27.191162109375
42.181641,27.996826171875
42.183594,29.00390625
42.185547,40.68603515625
42.1875,50.7568359375
42.189453,51.5625
42.191406,51.96533203125
42.193359,52.166748046875
42.195312,52.166748046875
42.197266,51.96533203125
42.199219,51.361083984375
42.201172,50.555419921875
42.203125,42.29736328125
42.205078,41.290283203125
42.207031,40.283203125
42.208984,39.4775390625
42.210938,38.873291015625
42.212891,38.470458984375
42.214844,38.26904296875
42.216797,38.470458984375
42.21875,12.0849609375
42.220703,12.890625
42.222656,13.6962890625
42.224609,14.501953125
42.226562,15.509033203125
42.228516,16.51611328125
42.230469,17.32177734375
42.232422,17.724609375
42.234375,18.12744140625
42.236328,18.12744140625
42.238281,17.926025390625
42.240234,17.523193359375
42.242188,16.717529296875
42.244141,-7.049560546875
42.246094,-8.056640625
42.248047,-9.063720703125
42.25,-9.869384765625
42.251953,-10.675048828125
42.253906,-8.258056640625
42.255859,-8.660888671875
42.257812,-8.45947265625
42.259766,-8.258056640625
42.261719,-7.65380859375
42.263672,-6.84814453125
42.265625,-6.04248046875
42.267578,21.551513671875
42.269531,22.55859375
42.271484,23.3642578125
42.273438,23.968505859375
42.275391,24.371337890625
42.277344,24.57275390625
42.279297,24.371337890625
42.28125,46.124267578125
42.283203,45.52001953125
42.285156,44.71435546875
42.287109,43.707275390625
42.289062,42.7001953125
42.291016,41.89453125
42.292969,41.0888671875
42.294922,40.484619140625
42.296875,40.283203125
42.298828,41.290283203125
42.300781,41.49169921875
42.302734,41.89453125
42.304688,42.7001953125
42.306641,43.505859375
42.308594,44.512939453125
42.310547,45.52001953125
42.3125,46.32568359375
42.314453,24.774169921875
42.316406,25.177001953125
42.318359,25.37841796875
42.320312,25.37841796875
42.322266,25.177001953125
42.324219,24.57275390625
42.326172,23.76708984375
42.328125,22.760009765625
42.330078,-4.833984375
42.332031,-7.2509765625
42.333984,-9.66796875
42.335938,-10.272216796875
42.337891,-10.675048828125
42.339844,-10.87646484375
42.341797,-10.675048828125
42.34375,-10.272216796875
42.345703,-9.66796875
42.347656,-8.8623046875
42.349609,-7.855224609375
42.351562,-7.049560546875
42.353516,-6.04248046875
42.355469,-5.23681640625
42.357422,-4.632568359375
42.359375,-4.43115234375
42.361328,-4.229736328125
42.363281,-4.632568359375
42.365234,17.120361328125
42.367188,16.314697265625
42.369141,15.509033203125
42.371094,14.501953125
42.373047,13.494873046875
42.375,12.689208984375
42.376953,11.883544921875
42.378906,31.219482421875
42.380859,30.816650390625
42.382812,31.01806640625
42.384766,31.219482421875
42.386719,31.82373046875
42.388672,32.62939453125
42.390625,33.636474609375
42.392578,34.442138671875
42.394531,49.54833984375
42.396484,48.541259765625
42.398438,49.1455078125
42.400391,49.54833984375
42.402344,49.749755859375
42.404297,49.54833984375
42.40625,49.1455078125
42.408203,48.541259765625
42.410156,37.8662109375
42.412109,36.859130859375
42.414062,35.85205078125
42.416016,35.04638671875
42.417969,34.24072265625
42.419922,33.636474609375
42.421875,33.233642578125
42.423828,11.279296875
42.425781,5.438232421875
42.427734,5.841064453125
42.429688,6.646728515625
42.431641,7.452392578125
42.433594,8.45947265625
42.435547,9.466552734375
42.4375,10.272216796875
42.439453,11.077880859375
42.441406,-7.65380859375
42.443359,-7.452392578125
42.445312,-7.452392578125
42.447266,-7.855224609375
42.449219,-8.258056640625
42.451172,-9.063720703125
42.453125,-10.07080078125
42.455078,-11.077880859375
42.457031,-11.883544921875
42.458984,-12.689208984375
42.460938,-13.494873046875
42.462891,-13.897705078125
42.464844,-13.897705078125
42.466797,-13.897705078125
42.46875,-2.618408203125
42.470703,26.5869140625
42.472656,27.392578125
42.474609,28.399658203125
42.476562,29.40673828125
42.478516,30.21240234375
42.480469,31.01806640625
42.482422,31.622314453125
42.484375,31.82373046875
42.486328,32.025146484375
42.488281,50.7568359375
42.490234,50.35400390625
42.492188,49.54833984375
42.494141,48.74267578125
42.496094,47.735595703125
42.498047,46.728515625
42.5,45.9228515625
42.501953,45.1171875
42.503906,39.4775390625
42.505859,39.276123046875
42.507812,39.276123046875
42.509766,39.4775390625
42.511719,40.081787109375
42.513672,40.887451171875
42.515625,41.89453125
42.517578,42.7001953125
42.519531,15.911865234375
42.521484,16.717529296875
42.523438,17.32177734375
42.525391,17.724609375
42.527344,-3.826904296875
42.529297,-4.0283203125
42.53125,-4.43115234375
42.533203,-5.035400390625
42.535156,-5.841064453125
42.537109,-6.84814453125
42.539062,-7.855224609375
42.541016,-8.660888671875
42.542969,-9.466552734375
42.544922,-10.07080078125
42.546875,-10.4736328125
42.548828,-10.4736328125
42.550781,-10.272216796875
42.552734,-4.0283203125
42.554688,-3.22265625
42.556641,-2.4169921875
42.558594,-1.409912109375
42.560547,-0.40283203125
42.5625,0.40283203125
42.564453,1.20849609375
42.566406,1.611328125
42.568359,24.57275390625
42.570312,24.57275390625
42.572266,24.169921875
42.574219,23.565673828125
42.576172,22.760009765625
42.578125,21.954345703125
42.580078,20.947265625
42.582031,19.940185546875
42.583984,43.304443359375
42.585938,42.7001953125
42.587891,42.29736328125
42.589844,42.095947265625
42.591797,42.29736328125
42.59375,42.7001953125
42.595703,43.304443359375
42.597656,44.110107421875
42.599609,45.1171875
42.601562,46.124267578125
42.603516,47.13134765625
42.605469,47.93701171875
42.607422,48.33984375
42.609375,48.74267578125
42.611328,48.74267578125
42.613281,48.541259765625
42.615234,48.138427734375
42.617188,23.968505859375
42.619141,23.162841796875
42.621094,22.15576171875
42.623047,21.148681640625
42.625,20.343017578125
42.626953,19.537353515625
42.628906,19.134521484375
42.630859,18.93310546875
42.632812,-5.841064453125
42.634766,-5.6396484375
42.636719,-5.035400390625
42.638672,-4.229736328125
42.640625,-3.424072265625
42.642578,-2.4169921875
42.644531,-1.409912109375
42.646484,-6.04248046875
42.648438,-5.438232421875
42.650391,-4.833984375
42.652344,-4.833984375
42.654297,-4.833984375
42.65625,-5.438232421875
42.658203,-6.04248046875
42.660156,-6.84814453125
42.662109,14.703369140625
42.664062,13.6962890625
42.666016,12.890625
42.667969,12.0849609375
42.669922,11.480712890625
42.671875,11.077880859375
42.673828,11.077880859375
42.675781,11.279296875
42.677734,11.883544921875
42.679688,12.48779296875
42.681641,13.494873046875
42.683594,14.300537109375
42.685547,15.3076171875
42.6875,16.11328125
42.689453,42.498779296875
42.691406,42.901611328125
42.693359,52.3681640625
42.695312,52.3681640625
42.697266,51.96533203125
42.699219,51.361083984375
42.701172,50.555419921875
42.703125,49.749755859375
42.705078,48.74267578125
42.707031,47.735595703125
42.708984,32.2265625
42.710938,31.622314453125
42.712891,31.219482421875
42.714844,31.01806640625
42.716797,31.219482421875
42.71875,31.622314453125
42.720703,32.2265625
42.722656,7.855224609375
42.724609,8.8623046875
42.726562,9.869384765625
42.728516,10.675048828125
42.730469,11.480712890625
42.732422,12.0849609375
42.734375,12.48779296875
42.736328,12.48779296875
42.738281,12.286376953125
42.740234,11.68212890625
42.742188,-4.833984375
42.744141,-5.6396484375
42.746094,-6.646728515625
42.748047,-7.65380859375
42.75,-8.45947265625
42.751953,-9.26513671875
42.753906,-9.66796875
42.755859,-9.869384765625
42.757812,-9.869384765625
42.759766,-2.215576171875
42.761719,-1.611328125
42.763672,-0.8056640625
42.765625,0.201416015625
42.767578,1.007080078125
42.769531,2.01416015625
42.771484,2.81982421875
42.773438,30.816650390625
42.775391,31.219482421875
42.777344,31.4208984375
42.779297,31.219482421875
42.78125,30.816650390625
42.783203,30.21240234375
42.785156,29.40673828125
42.787109,28.399658203125
42.789062,27.392578125
42.791016,26.5869140625
42.792969,25.78125
42.794922,25.177001953125
42.796875,42.095947265625
42.798828,41.89453125
42.800781,42.29736328125
42.802734,42.7001953125
42.804688,37.8662109375
42.806641,33.0322265625
42.808594,33.837890625
42.810547,34.844970703125
42.8125,35.85205078125
42.814453,36.456298828125
42.816406,37.060546875
42.818359,37.261962890625
42.820312,37.060546875
42.822266,17.724609375
42.824219,17.32177734375
42.826172,16.51611328125
42.828125,15.509033203125
42.830078,14.501953125
42.832031,13.6962890625
42.833984,12.890625
42.835938,12.0849609375
42.837891,-10.07080078125
42.839844,-10.272216796875
42.841797,-10.07080078125
42.84375,-9.66796875
42.845703,-9.063720703125
42.847656,-8.056640625
42.849609,-7.2509765625
42.851562,-6.243896484375
42.853516,-0.40283203125
42.855469,0.40283203125
42.857422,1.007080078125
42.859375,1.20849609375
42.861328,1.20849609375
42.863281,1.007080078125
42.865234,0.604248046875
42.867188,-0.201416015625
42.869141,22.357177734375
42.871094,21.35009765625
42.873047,20.54443359375
42.875,19.537353515625
42.876953,18.93310546875
42.878906,18.328857421875
42.880859,18.12744140625
42.882812,18.12744140625
42.884766,18.5302734375
42.886719,44.3115234375
42.888672,45.1171875
42.890625,46.124267578125
42.892578,47.13134765625
42.894531,47.93701171875
42.896484,48.74267578125
42.898438,49.54833984375
42.900391,49.951171875
42.902344,49.951171875
42.904297,49.951171875
42.90625,49.54833984375
42.908203,45.318603515625
42.910156,44.512939453125
42.912109,43.505859375
42.914062,42.498779296875
42.916016,20.54443359375
42.917969,-5.6396484375
42.919922,-6.243896484375
42.921875,-6.646728515625
42.923828,-6.646728515625
42.925781,-6.4453125
42.927734,-5.841064453125
42.929688,-5.23681640625
42.931641,-4.229736328125
42.933594,-3.424072265625
42.935547,-2.4169921875
42.9375,-1.409912109375
42.939453,-0.8056640625
42.941406,-0.201416015625
42.943359,0.0
42.945312,-0.201416015625
42.947266,-0.40283203125
42.949219,-1.007080078125
42.951172,-1.812744140625
42.953125,-2.618408203125
42.955078,-9.063720703125
42.957031,-10.07080078125
42.958984,-10.87646484375
42.960938,-11.480712890625
42.962891,-11.883544921875
42.964844,10.4736328125
42.966797,10.675048828125
42.96875,11.077880859375
42.970703,11.68212890625
42.972656,12.48779296875
42.974609,13.494873046875
42.976562,14.501953125
42.978516,15.3076171875
42.980469,16.11328125
42.982422,41.0888671875
42.984375,41.49169921875
42.986328,41.49169921875
42.988281,41.290283203125
42.990234,40.887451171875
42.992188,40.081787109375
42.994141,39.276123046875
42.996094,38.26904296875
42.998047,37.261962890625
43.0,36.456298828125
43.001953,35.650634765625
43.003906,35.247802734375
43.005859,35.04638671875
43.007812,35.04638671875
43.009766,44.71435546875
43.011719,26.385498046875
43.013672,27.191162109375
43.015625,27.996826171875
43.017578,29.00390625
43.019531,30.010986328125
43.021484,30.816650390625
43.023438,31.4208984375
43.025391,31.82373046875
43.027344,32.025146484375
43.029297,31.82373046875
43.03125,4.0283203125
43.033203,3.424072265625
43.035156,2.618408203125
43.037109,1.611328125
43.039062,0.604248046875
43.041016,-0.201416015625
43.042969,-1.007080078125
43.044922,-1.611328125
43.046875,-9.063720703125
43.048828,-9.26513671875
43.050781,-8.8623046875
43.052734,-8.45947265625
43.054688,-7.65380859375
43.056641,-6.84814453125
43.058594,-5.841064453125
43.060547,8.258056640625
43.0625,9.26513671875
43.064453,9.869384765625
43.066406,10.4736328125
43.068359,10.675048828125
43.070312,10.675048828125
43.072266,10.272216796875
43.074219,9.66796875
43.076172,8.8623046875
43.078125,34.039306640625
43.080078,33.0322265625
43.082031,32.025146484375
43.083984,31.219482421875
43.085938,30.615234375
43.087891,30.21240234375
43.089844,30.010986328125
43.091797,30.21240234375
43.09375,44.71435546875
43.095703,45.318603515625
43.097656,46.124267578125
43.099609,47.13134765625
43.101562,48.138427734375
43.103516,48.944091796875
43.105469,49.749755859375
43.107422,50.35400390625
43.109375,39.678955078125
43.111328,39.678955078125
43.113281,10.4736328125
43.115234,9.869384765625
43.117188,9.26513671875
43.119141,8.258056640625
43.121094,7.452392578125
43.123047,6.4453125
43.125,5.6396484375
43.126953,4.833984375
43.128906,4.43115234375
43.130859,4.0283203125
43.132812,4.229736328125
43.134766,4.43115234375
43.136719,5.035400390625
43.138672,5.841064453125
43.140625,-7.2509765625
43.142578,-6.243896484375
43.144531,-5.23681640625
43.146484,-4.43115234375
43.148438,-3.826904296875
43.150391,-3.424072265625
43.152344,-3.22265625
43.154297,6.243896484375
43.15625,5.841064453125
43.158203,5.23681640625
43.160156,4.43115234375
43.162109,3.424072265625
43.164062,2.4169921875
43.166016,1.611328125
43.167969,0.8056640625
43.169922,0.201416015625
43.171875,25.78125
43.173828,25.78125
43.175781,25.982666015625
43.177734,26.5869140625
43.179688,27.191162109375
43.181641,27.996826171875
43.183594,29.00390625
43.185547,30.010986328125
43.1875,50.555419921875
43.189453,51.15966796875
43.191406,51.763916015625
43.193359,51.96533203125
43.195312,51.96533203125
43.197266,51.5625
43.199219,50.958251953125
43.201172,50.152587890625
43.203125,40.887451171875
43.205078,39.88037109375
43.207031,39.07470703125
43.208984,38.067626953125
43.210938,37.46337890625
43.212891,37.060546875
43.214844,36.859130859375
43.216797,37.060546875
43.21875,37.46337890625
43.220703,38.067626953125
43.222656,39.07470703125
43.224609,39.88037109375
43.226562,40.887451171875
43.228516,41.89453125
43.230469,42.498779296875
43.232422,5.23681640625
43.234375,-1.409912109375
43.236328,-1.20849609375
43.238281,-1.409912109375
43.240234,-2.01416015625
43.242188,-2.81982421875
43.244141,-3.62548828125
43.246094,-4.632568359375
43.248047,-5.438232421875
43.25,-6.4453125
43.251953,-7.049560546875
43.253906,-6.243896484375
43.255859,-6.4453125
43.257812,-6.4453125
43.259766,-6.243896484375
43.261719,-5.6396484375
43.263672,-4.833984375
43.265625,-3.826904296875
43.267578,21.7529296875
43.269531,22.55859375
43.271484,23.3642578125
43.273438,24.169921875
43.275391,24.57275390625
43.277344,24.57275390625
43.279297,24.57275390625
43.28125,24.169921875
43.283203,23.3642578125
43.285156,46.728515625
43.287109,45.9228515625
43.289062,44.915771484375
43.291016,43.90869140625
43.292969,43.304443359375
43.294922,42.7001953125
43.296875,42.29736328125
43.298828,42.29736328125
43.300781,39.88037109375
43.302734,40.283203125
43.304688,41.0888671875
43.306641,41.89453125
43.308594,28.1982421875
43.310547,29.205322265625
43.3125,30.010986328125
43.314453,30.816650390625
43.316406,31.219482421875
43.318359,31.622314453125
43.320312,31.4208984375
43.322266,31.219482421875
43.324219,30.615234375
43.326172,29.8095703125
43.328125,28.802490234375
43.330078,27.996826171875
43.332031,26.98974609375
43.333984,26.18408203125
43.335938,25.579833984375
43.337891,25.177001953125
43.339844,-2.4169921875
43.341797,-2.215576171875
43.34375,-11.279296875
43.345703,-11.480712890625
43.347656,-10.675048828125
43.349609,-9.66796875
43.351562,-8.8623046875
43.353516,-7.855224609375
43.355469,-7.049560546875
43.357422,-6.4453125
43.359375,-6.243896484375
43.361328,-6.243896484375
43.363281,11.68212890625
43.365234,11.077880859375
43.367188,10.4736328125
43.369141,9.466552734375
43.371094,8.45947265625
43.373047,7.65380859375
43.375,6.646728515625
43.376953,6.04248046875
43.378906,33.0322265625
43.380859,32.830810546875
43.382812,33.0322265625
43.384766,33.233642578125
43.386719,33.837890625
43.388672,34.6435546875
43.390625,35.44921875
43.392578,36.456298828125
43.394531,47.13134765625
43.396484,47.93701171875
43.398438,48.74267578125
43.400391,49.1455078125
43.402344,49.1455078125
43.404297,49.1455078125
43.40625,48.74267578125
43.408203,47.93701171875
43.410156,35.247802734375
43.412109,34.24072265625
43.414062,33.233642578125
43.416016,32.427978515625
43.417969,31.622314453125
43.419922,31.01806640625
43.421875,30.615234375
43.423828,30.615234375
43.425781,5.6396484375
43.427734,6.243896484375
43.429688,6.84814453125
43.431641,7.855224609375
43.433594,8.660888671875
43.435547,9.66796875
43.4375,10.4736328125
43.439453,11.279296875
43.441406,11.68212890625
43.443359,-7.2509765625
43.445312,-7.2509765625
43.447266,-7.452392578125
43.449219,-8.056640625
43.451172,-8.8623046875
43.453125,-9.869384765625
43.455078,-10.675048828125
43.457031,0.201416015625
43.458984,-0.604248046875
43.460938,-1.20849609375
43.462891,-1.611328125
43.464844,-1.812744140625
43.466797,-1.611328125
43.46875,-1.20849609375
43.470703,-0.604248046875
43.472656,27.392578125
43.474609,28.1982421875
43.476562,29.205322265625
43.478516,30.21240234375
43.480469,31.01806640625
43.482422,31.4208984375
43.484375,31.82373046875
43.486328,31.82373046875
43.488281,49.951171875
43.490234,49.54833984375
43.492188,48.74267578125
43.494141,47.93701171875
43.496094,46.929931640625
43.498047,45.9228515625
43.5,45.1171875
43.501953,44.3115234375
43.503906,37.664794921875
43.505859,37.46337890625
43.507812,37.46337890625
43.509766,37.8662109375
43.511719,38.470458984375
43.513672,39.276123046875
43.515625,40.081787109375
43.517578,41.0888671875
43.519531,42.095947265625
43.521484,16.717529296875
43.523438,17.523193359375
43.525391,17.926025390625
43.527344,17.926025390625
43.529297,17.926025390625
43.53125,17.523193359375
43.533203,16.717529296875
43.535156,15.911865234375
43.537109,-4.833984375
43.539062,-5.841064453125
43.541016,-6.646728515625
43.542969,-7.452392578125
43.544922,-8.056640625
43.546875,-8.45947265625
43.548828,-8.45947265625
43.550781,-8.258056640625
43.552734,-7.65380859375
43.554688,-7.049560546875
43.556641,-6.04248046875
43.558594,-5.035400390625
43.560547,-4.229736328125
43.5625,-3.22265625
43.564453,23.968505859375
43.566406,24.371337890625
43.568359,24.57275390625
43.570312,24.57275390625
43.572266,24.169921875
43.574219,23.565673828125
43.576172,22.96142578125
43.578125,21.954345703125
43.580078,20.947265625
43.582031,20.1416015625
43.583984,43.90869140625
43.585938,43.304443359375
43.587891,42.7001953125
43.589844,42.7001953125
43.591797,42.7001953125
43.59375,43.304443359375
43.595703,43.90869140625
43.597656,44.71435546875
43.599609,43.304443359375
43.601562,44.110107421875
43.603516,45.1171875
43.605469,45.9228515625
43.607422,46.527099609375
43.609375,46.728515625
43.611328,46.728515625
43.613281,25.177001953125
43.615234,24.774169921875
43.617188,23.968505859375
43.619141,23.162841796875
43.621094,22.15576171875
43.623047,21.35009765625
43.625,20.343017578125
43.626953,19.73876953125
43.628906,19.134521484375
43.630859,-4.833984375
43.632812,-4.833984375
43.634766,-4.43115234375
43.636719,-3.826904296875
43.638672,-3.021240234375
43.640625,-2.215576171875
43.642578,-1.20849609375
43.644531,-0.201416015625
43.646484,-2.01416015625
43.648438,-1.409912109375
43.650391,-1.007080078125
43.652344,-0.8056640625
43.654297,-1.007080078125
43.65625,-1.409912109375
43.658203,-2.01416015625
43.660156,-2.81982421875
43.662109,-3.826904296875
43.664062,-4.632568359375
43.666016,-5.6396484375
43.667969,-6.4453125
43.669922,-7.049560546875
43.671875,-7.2509765625
43.673828,32.025146484375
43.675781,32.427978515625
43.677734,32.830810546875
43.679688,33.636474609375
43.681641,34.442138671875
43.683594,35.44921875
43.685547,36.2548828125
43.6875,37.261962890625
43.689453,37.8662109375
43.691406,38.470458984375
43.693359,48.944091796875
43.695312,48.944091796875
43.697266,48.541259765625
43.699219,37.664794921875
43.701172,36.859130859375
43.703125,36.053466796875
43.705078,35.04638671875
43.707031,34.039306640625
43.708984,33.233642578125
43.710938,32.62939453125
43.712891,32.2265625
43.714844,32.025146484375
43.716797,32.2265625
43.71875,32.62939453125
43.720703,33.233642578125
43.722656,34.039306640625
43.724609,35.04638671875
43.726562,9.66796875
43.728516,10.675048828125
43.730469,11.279296875
43.732422,11.883544921875
43.734375,12.286376953125
43.736328,12.286376953125
43.738281,12.0849609375
43.740234,-5.438232421875
43.742188,-6.04248046875
43.744141,-7.049560546875
43.746094,-8.056640625
43.748047,-8.8623046875
43.75,-9.869384765625
43.751953,-10.4736328125
43.753906,-11.077880859375
43.755859,-2.01416015625
43.757812,-2.01416015625
43.759766,-1.611328125
43.761719,-1.007080078125
43.763672,-0.201416015625
43.765625,0.604248046875
43.767578,1.611328125
43.769531,2.618408203125
43.771484,3.424072265625
43.773438,4.0283203125
43.775391,4.43115234375
43.777344,4.632568359375
43.779297,4.43115234375
43.78125,4.0283203125
43.783203,30.010986328125
43.785156,29.205322265625
43.787109,49.346923828125
43.789062,48.33984375
43.791016,47.332763671875
43.792969,46.527099609375
43.794922,45.9228515625
43.796875,45.721435546875
43.798828,45.721435546875
43.800781,45.9228515625
43.802734,38.26904296875
43.804688,39.07470703125
43.806641,39.88037109375
43.808594,40.887451171875
43.810547,41.89453125
43.8125,42.7001953125
43.814453,43.505859375
43.816406,43.90869140625
43.818359,44.110107421875
43.820312,18.12744140625
43.822266,17.926025390625
43.824219,17.32177734375
43.826172,16.51611328125
43.828125,15.509033203125
43.830078,14.703369140625
43.832031,13.6962890625
43.833984,-7.452392578125
43.835938,-8.056640625
43.837891,-8.45947265625
43.839844,-8.660888671875
43.841797,-8.45947265625
43.84375,-8.056640625
43.845703,-7.452392578125
43.847656,-6.646728515625
43.849609,-5.6396484375
43.851562,-0.8056640625
43.853516,0.201416015625
43.855469,1.007080078125
43.857422,1.409912109375
43.859375,1.812744140625
43.861328,1.812744140625
43.863281,1.611328125
43.865234,1.20849609375
43.867188,22.96142578125
43.869141,22.15576171875
43.871094,21.148681640625
43.873047,20.343017578125
43.875,19.3359375
43.876953,18.731689453125
43.878906,18.12744140625
43.880859,17.926025390625
43.882812,17.926025390625
43.884766,39.678955078125
43.886719,40.283203125
43.888672,41.0888671875
43.890625,41.89453125
43.892578,42.901611328125
43.894531,44.71435546875
43.896484,45.52001953125
43.898438,46.32568359375
43.900391,46.728515625
43.902344,46.728515625
43.904297,46.728515625
43.90625,46.32568359375
43.908203,45.52001953125
43.910156,44.71435546875
43.912109,43.90869140625
43.914062,42.901611328125
43.916016,20.343017578125
43.917969,19.537353515625
43.919922,18.93310546875
43.921875,18.731689453125
43.923828,18.731689453125
43.925781,18.93310546875
43.927734,19.3359375
43.929688,20.1416015625
43.931641,-4.43115234375
43.933594,-3.62548828125
43.935547,-2.618408203125
43.9375,-1.812744140625
43.939453,-1.007080078125
43.941406,-0.604248046875
43.943359,-0.201416015625
43.945312,-0.40283203125
43.947266,-1.611328125
43.949219,-2.215576171875
43.951172,-3.021240234375
43.953125,-3.826904296875
43.955078,-4.833984375
43.957031,-5.841064453125
43.958984,-6.646728515625
43.960938,-7.2509765625
43.962891,-7.65380859375
43.964844,10.675048828125
43.966797,10.87646484375
43.96875,11.279296875
43.970703,11.883544921875
43.972656,12.890625
43.974609,13.6962890625
43.976562,14.703369140625
43.978516,15.71044921875
43.980469,40.887451171875
43.982422,41.49169921875
43.984375,41.89453125
43.986328,41.89453125
43.988281,41.693115234375
43.990234,41.0888671875
43.992188,40.484619140625
43.994141,39.4775390625
43.996094,38.470458984375
43.998047,37.664794921875
44.0,36.65771484375
44.001953,36.053466796875
44.003906,35.44921875
44.005859,35.247802734375
44.007812,25.579833984375
44.009766,25.982666015625
44.011719,26.5869140625
44.013672,27.191162109375
44.015625,28.1982421875
44.017578,29.205322265625
44.019531,30.010986328125
44.021484,31.01806640625
44.023438,31.622314453125
44.025391,32.025146484375
44.027344,5.035400390625
44.029297,4.833984375
44.03125,4.43115234375
44.033203,3.826904296875
44.035156,3.021240234375
44.037109,2.01416015625
44.039062,1.007080078125
44.041016,0.201416015625
44.042969,-12.890625
44.044922,-13.494873046875
44.046875,-13.6962890625
44.048828,-13.897705078125
44.050781,-13.494873046875
44.052734,-13.092041015625
44.054688,-12.286376953125
44.056641,-11.480712890625
44.058594,6.4453125
44.060547,7.452392578125
44.0625,8.258056640625
44.064453,9.063720703125
44.066406,9.466552734375
44.068359,9.869384765625
44.070312,9.66796875
44.072266,9.466552734375
44.074219,35.85205078125
44.076172,35.04638671875
44.078125,34.039306640625
44.080078,33.233642578125
44.082031,32.2265625
44.083984,31.4208984375
44.085938,30.816650390625
44.087891,30.21240234375
44.089844,46.929931640625
44.091797,46.929931640625
44.09375,47.332763671875
44.095703,48.138427734375
44.097656,48.944091796875
44.099609,49.749755859375
44.101562,50.7568359375
44.103516,51.763916015625
44.105469,52.569580078125
44.107422,52.972412109375
44.109375,53.375244140625
44.111328,53.375244140625
44.113281,53.173828125
44.115234,52.77099609375
44.117188,38.470458984375
44.119141,37.664794921875
44.121094,8.056640625
44.123047,7.049560546875
44.125,6.243896484375
44.126953,5.438232421875
44.128906,5.035400390625
44.130859,4.632568359375
44.132812,4.833984375
44.134766,5.035400390625
44.136719,5.6396484375
44.138672,-11.883544921875
44.140625,-10.87646484375
44.142578,-10.07080078125
44.144531,-9.063720703125
44.146484,-8.258056640625
44.148438,-7.65380859375
44.150391,-7.2509765625
44.152344,-7.049560546875
44.154297,-0.201416015625
44.15625,2.81982421875
44.158203,2.01416015625
44.160156,1.20849609375
44.162109,0.40283203125
44.164062,-0.604248046875
44.166016,-1.611328125
44.167969,-2.4169921875
44.169922,-2.81982421875
44.171875,24.57275390625
44.173828,24.371337890625
44.175781,24.774169921875
44.177734,25.177001953125
44.179688,25.982666015625
44.181641,26.788330078125
44.183594,27.79541015625
44.185547,28.60107421875
44.1875,47.332763671875
44.189453,47.93701171875
44.191406,48.541259765625
44.193359,48.74267578125
44.195312,48.74267578125
44.197266,48.33984375
44.199219,47.735595703125
44.201172,46.929931640625
44.203125,44.3115234375
44.205078,43.304443359375
44.207031,42.498779296875
44.208984,41.693115234375
44.210938,40.887451171875
44.212891,40.484619140625
44.214844,40.484619140625
44.216797,40.484619140625
44.21875,19.134521484375
44.220703,19.73876953125
44.222656,20.54443359375
44.224609,21.551513671875
44.226562,22.55859375
44.228516,23.3642578125
44.230469,24.169921875
44.232422,24.774169921875
44.234375,2.01416015625
44.236328,2.215576171875
44.238281,1.812744140625
44.240234,1.409912109375
44.242188,0.604248046875
44.244141,-0.201416015625
44.246094,-1.20849609375
44.248047,-5.035400390625
44.25,-5.841064453125
44.251953,-6.646728515625
44.253906,-7.049560546875
44.255859,-7.2509765625
44.257812,-7.2509765625
44.259766,-7.049560546875
44.261719,-6.4453125
44.263672,-5.6396484375
44.265625,13.897705078125
44.267578,14.90478515625
44.269531,15.911865234375
44.271484,16.717529296875
44.273438,17.32177734375
44.275391,17.724609375
44.277344,17.926025390625
44.279297,43.505859375
44.28125,43.10302734375
44.283203,42.498779296875
44.285156,47.93701171875
44.287109,46.929931640625
44.289062,46.124267578125
44.291016,45.1171875
44.292969,44.3115234375
44.294922,43.707275390625
44.296875,43.505859375
44.298828,43.304443359375
44.300781,43.707275390625
44.302734,44.110107421875
44.304688,44.915771484375
44.306641,45.721435546875
44.308594,46.728515625
44.310547,47.735595703125
44.3125,31.01806640625
44.314453,31.622314453125
44.316406,32.2265625
44.318359,32.427978515625
44.320312,32.427978515625
44.322266,32.025146484375
44.324219,31.4208984375
44.326172,30.615234375
44.328125,29.8095703125
44.330078,28.802490234375
44.332031,27.79541015625
44.333984,-1.409912109375
44.335938,-2.01416015625
44.337891,-2.4169921875
44.339844,-2.618408203125
44.341797,-2.4169921875
44.34375,-8.660888671875
44.345703,-8.056640625
44.347656,-7.2509765625
44.349609,-6.243896484375
44.351562,-5.23681640625
44.353516,-4.43115234375
44.355469,-3.62548828125
44.357422,-3.021240234375
44.359375,11.480712890625
44.361328,11.480712890625
44.363281,11.279296875
44.365234,10.675048828125
44.367188,10.07080078125
44.369141,9.063720703125
44.371094,8.258056640625
44.373047,7.2509765625
44.375,6.4453125
44.376953,31.219482421875
44.378906,30.816650390625
44.380859,30.615234375
44.382812,30.615234375
44.384766,30.816650390625
44.386719,31.4208984375
44.388672,32.2265625
44.390625,33.233642578125
44.392578,48.33984375
44.394531,49.346923828125
44.396484,50.152587890625
44.398438,50.7568359375
44.400391,51.15966796875
44.402344,51.361083984375
44.404297,51.15966796875
44.40625,39.4775390625
44.408203,38.671875
44.410156,37.8662109375
44.412109,37.060546875
44.414062,36.053466796875
44.416016,35.04638671875
44.417969,34.24072265625
44.419922,33.636474609375
44.421875,33.43505859375
44.423828,5.6396484375
44.425781,5.841064453125
44.427734,6.243896484375
44.429688,7.049560546875
44.431641,7.855224609375
44.433594,8.8623046875
44.435547,9.869384765625
44.4375,10.675048828125
44.439453,11.480712890625
44.441406,11.883544921875
44.443359,12.0849609375
44.445312,-4.229736328125
44.447266,-4.632568359375
44.449219,-5.035400390625
44.451172,-5.841064453125
44.453125,-3.826904296875
44.455078,-4.632568359375
44.457031,-5.6396484375
44.458984,-6.4453125
44.460938,-7.049560546875
44.462891,-7.452392578125
44.464844,-7.65380859375
44.466797,-7.452392578125
44.46875,-7.049560546875
44.470703,19.3359375
44.472656,20.1416015625
44.474609,20.947265625
44.476562,21.954345703125
44.478516,22.96142578125
44.480469,44.3115234375
44.482422,47.93701171875
44.484375,48.33984375
44.486328,48.33984375
44.488281,48.138427734375
44.490234,47.5341796875
44.492188,46.929931640625
44.494141,46.124267578125
44.496094,45.1171875
44.498047,44.110107421875
44.5,43.304443359375
44.501953,42.498779296875
44.503906,40.283203125
44.505859,40.081787109375
44.507812,40.081787109375
44.509766,40.484619140625
44.511719,41.0888671875
44.513672,41.693115234375
44.515625,42.7001953125
44.517578,43.707275390625
44.519531,23.3642578125
44.521484,24.169921875
44.523438,24.774169921875
44.525391,25.37841796875
44.527344,25.37841796875
44.529297,25.37841796875
44.53125,24.774169921875
44.533203,24.169921875
44.535156,-1.409912109375
44.537109,-2.4169921875
44.539062,-3.424072265625
44.541016,-4.229736328125
44.542969,-5.035400390625
44.544922,-5.6396484375
44.546875,-6.04248046875
44.548828,-6.04248046875
44.550781,-5.841064453125
44.552734,-5.23681640625
44.554688,-4.632568359375
44.556641,-3.62548828125
44.558594,-2.81982421875
44.560547,-5.438232421875
44.5625,-4.632568359375
44.564453,17.32177734375
44.566406,17.724609375
44.568359,17.926025390625
44.570312,17.926025390625
44.572266,17.523193359375
44.574219,16.9189453125
44.576172,16.314697265625
44.578125,15.3076171875
44.580078,14.300537109375
44.582031,40.081787109375
44.583984,39.276123046875
44.585938,38.671875
44.587891,38.26904296875
44.589844,38.067626953125
44.591797,38.26904296875
44.59375,38.671875
44.595703,39.276123046875
44.597656,48.138427734375
44.599609,49.1455078125
44.601562,50.152587890625
44.603516,50.958251953125
44.605469,51.763916015625
44.607422,52.3681640625
44.609375,52.77099609375
44.611328,52.77099609375
44.613281,52.569580078125
44.615234,31.4208984375
44.617188,30.816650390625
44.619141,29.8095703125
44.621094,29.00390625
44.623047,27.996826171875
44.625,27.191162109375
44.626953,26.385498046875
44.628906,0.0
44.630859,-0.201416015625
44.632812,-0.201416015625
44.634766,0.201416015625
44.636719,0.8056640625
44.638672,1.611328125
44.640625,2.4169921875
44.642578,3.424072265625
44.644531,4.43115234375
44.646484,-6.4453125
44.648438,-5.6396484375
44.650391,-5.23681640625
44.652344,-5.23681640625
44.654297,-5.23681640625
44.65625,-5.6396484375
44.658203,-6.4453125
44.660156,-7.2509765625
44.662109,-8.056640625
44.664062,-9.063720703125
44.666016,-10.07080078125
44.667969,-10.87646484375
44.669922,-11.279296875
44.671875,5.23681640625
44.673828,5.23681640625
44.675781,31.4208984375
44.677734,32.025146484375
44.679688,32.62939453125
44.681641,33.636474609375
44.683594,34.6435546875
44.685547,35.44921875
44.6875,36.456298828125
44.689453,37.060546875
44.691406,37.664794921875
44.693359,37.8662109375
44.695312,52.569580078125
44.697266,52.166748046875
44.699219,51.5625
44.701172,50.7568359375
44.703125,49.951171875
44.705078,48.944091796875
44.707031,47.93701171875
44.708984,33.837890625
44.710938,33.233642578125
44.712891,32.830810546875
44.714844,32.62939453125
44.716797,32.830810546875
44.71875,33.233642578125
44.720703,33.837890625
44.722656,34.6435546875
44.724609,35.650634765625
44.726562,9.063720703125
44.728516,9.869384765625
44.730469,10.675048828125
44.732422,11.279296875
44.734375,11.68212890625
44.736328,11.68212890625
44.738281,11.480712890625
44.740234,-6.04248046875
44.742188,-6.646728515625
44.744141,-7.65380859375
44.746094,-8.45947265625
44.748047,-9.466552734375
44.75,-10.272216796875
44.751953,-11.077880859375
44.753906,-11.480712890625
44.755859,-11.883544921875
44.757812,-6.04248046875
44.759766,-0.604248046875
44.761719,-0.201416015625
44.763672,0.604248046875
44.765625,1.611328125
44.767578,2.618408203125
44.769531,3.424072265625
44.771484,4.229736328125
44.773438,5.035400390625
44.775391,5.438232421875
44.777344,5.438232421875
44.779297,5.438232421875
44.78125,5.035400390625
44.783203,31.01806640625
44.785156,30.21240234375
44.787109,47.735595703125
44.789062,46.728515625
44.791016,45.9228515625
44.792969,45.1171875
44.794922,44.512939453125
44.796875,44.110107421875
44.798828,44.110107421875
44.800781,44.3115234375
44.802734,44.915771484375
44.804688,37.46337890625
44.806641,38.26904296875
44.808594,39.276123046875
44.810547,40.081787109375
44.8125,41.0888671875
44.814453,41.693115234375
44.816406,42.29736328125
44.818359,42.498779296875
44.820312,17.926025390625
44.822266,17.523193359375
44.824219,17.120361328125
44.826172,16.314697265625
44.828125,15.3076171875
44.830078,14.300537109375
44.832031,13.494873046875
44.833984,12.689208984375
44.835938,11.883544921875
44.837891,-7.2509765625
44.839844,-7.452392578125
44.841797,-7.2509765625
44.84375,-6.84814453125
44.845703,-6.243896484375
44.847656,-5.438232421875
44.849609,-4.43115234375
44.851562,-3.62548828125
44.853516,-0.8056640625
44.855469,-0.201416015625
44.857422,0.40283203125
44.859375,0.8056640625
44.861328,0.8056640625
44.863281,0.604248046875
44.865234,0.201416015625
44.867188,-0.604248046875
44.869141,22.357177734375
44.871094,45.318603515625
44.873047,44.3115234375
44.875,43.505859375
44.876953,42.7001953125
44.878906,42.095947265625
44.880859,41.89453125
44.882812,42.095947265625
44.884766,42.29736328125
44.886719,42.901611328125
44.888672,43.707275390625
44.890625,44.512939453125
44.892578,45.52001953125
44.894531,46.527099609375
44.896484,47.332763671875
44.898438,47.93701171875
44.900391,48.33984375
44.902344,48.541259765625
44.904297,50.152587890625
44.90625,49.749755859375
44.908203,49.1455078125
44.910156,48.33984375
44.912109,47.332763671875
44.914062,46.527099609375
44.916016,45.52001953125
44.917969,19.537353515625
44.919922,18.93310546875
44.921875,18.731689453125
44.923828,18.731689453125
44.925781,18.93310546875
44.927734,19.3359375
44.929688,20.1416015625
44.931641,20.947265625
44.933594,-1.409912109375
44.935547,-0.40283203125
44.9375,0.40283203125
44.939453,1.20849609375
44.941406,1.611328125
44.943359,1.812744140625
44.945312,1.812744140625
44.947266,-1.409912109375
44.949219,-2.01416015625
44.951172,-2.81982421875
44.953125,-3.62548828125
44.955078,-4.632568359375
44.957031,-5.6396484375
44.958984,-6.4453125
44.960938,-7.049560546875
44.962891,-7.452392578125
44.964844,-7.65380859375
44.966797,10.87646484375
44.96875,11.279296875
44.970703,11.883544921875
44.972656,12.689208984375
44.974609,13.6962890625
44.976562,14.703369140625
44.978516,15.509033203125
44.980469,16.314697265625
44.982422,16.9189453125
44.984375,17.32177734375
44.986328,17.32177734375
44.988281,17.120361328125
44.990234,16.51611328125
44.992188,15.911865234375
44.994141,47.332763671875
44.996094,46.32568359375
44.998047,45.318603515625
45.0,44.512939453125
45.001953,43.707275390625
45.003906,43.304443359375
45.005859,42.901611328125
45.007812,43.10302734375
45.009766,43.304443359375
45.011719,43.90869140625
45.013672,27.191162109375
45.015625,27.996826171875
45.017578,29.00390625
45.019531,30.010986328125
45.021484,30.816650390625
45.023438,31.4208984375
45.025391,31.82373046875
45.027344,6.243896484375
45.029297,6.04248046875
45.03125,5.6396484375
45.033203,5.035400390625
45.035156,4.229736328125
45.037109,3.22265625
45.039062,2.215576171875
45.041016,1.409912109375
45.042969,0.604248046875
45.044922,-10.4736328125
45.046875,-10.675048828125
45.048828,-10.675048828125
45.050781,-10.4736328125
45.052734,-10.07080078125
45.054688,-9.26513671875
45.056641,-8.45947265625
45.058594,7.2509765625
45.060547,8.258056640625
45.0625,9.063720703125
45.064453,9.869384765625
45.066406,38.873291015625
45.068359,39.07470703125
45.070312,39.07470703125
45.072266,38.671875
45.074219,38.067626953125
45.076172,37.261962890625
45.078125,36.456298828125
45.080078,35.44921875
45.082031,34.442138671875
45.083984,33.636474609375
45.085938,33.0322265625
45.087891,32.62939453125
45.089844,32.427978515625
45.091797,32.62939453125
45.09375,33.0322265625
45.095703,33.636474609375
45.097656,34.442138671875
45.099609,35.44921875
45.101562,36.456298828125
45.103516,48.944091796875
45.105469,39.276123046875
45.107422,39.678955078125
45.109375,40.081787109375
45.111328,40.081787109375
45.113281,39.88037109375
45.115234,39.4775390625
45.117188,38.671875
45.119141,37.8662109375
45.121094,36.859130859375
45.123047,35.85205078125
45.125,6.04248046875
45.126953,5.23681640625
45.128906,4.833984375
45.130859,4.632568359375
45.132812,4.632568359375
45.134766,5.035400390625
45.136719,5.6396484375
45.138672,-7.65380859375
45.140625,-6.84814453125
45.142578,-5.841064453125
45.144531,-4.833984375
45.146484,-4.0283203125
45.148438,-3.424072265625
45.150391,-3.021240234375
45.152344,-2.81982421875
45.154297,6.646728515625
45.15625,6.04248046875
45.158203,5.438232421875
45.160156,4.632568359375
45.162109,3.62548828125
45.164062,2.81982421875
45.166016,1.812744140625
45.167969,1.007080078125
45.169922,0.40283203125
45.171875,24.371337890625
45.173828,24.371337890625
45.175781,24.57275390625
45.177734,24.9755859375
45.179688,25.78125
45.181641,26.5869140625
45.183594,27.593994140625
45.185547,28.60107421875
45.1875,49.749755859375
45.189453,50.35400390625
45.191406,50.958251953125
45.193359,51.15966796875
45.195312,51.15966796875
45.197266,50.7568359375
45.199219,50.152587890625
45.201172,49.346923828125
45.203125,48.541259765625
45.205078,47.5341796875
45.207031,46.527099609375
45.208984,45.721435546875
45.210938,41.49169921875
45.212891,41.0888671875
45.214844,40.887451171875
45.216797,41.0888671875
45.21875,19.134521484375
45.220703,19.940185546875
45.222656,20.745849609375
45.224609,21.551513671875
45.226562,22.55859375
45.228516,23.565673828125
45.230469,24.371337890625
45.232422,24.774169921875
45.234375,-4.229736328125
45.236328,-4.229736328125
45.238281,-4.43115234375
45.240234,-5.035400390625
45.242188,-5.6396484375
45.244141,-6.646728515625
45.246094,-7.65380859375
45.248047,-8.45947265625
45.25,-9.466552734375
45.251953,-5.841064453125
45.253906,-6.4453125
45.255859,-6.646728515625
45.257812,-6.646728515625
45.259766,-6.243896484375
45.261719,12.0849609375
45.263672,12.890625
45.265625,13.6962890625
45.267578,14.703369140625
45.269531,15.71044921875
45.271484,16.51611328125
45.273438,17.120361328125
45.275391,17.523193359375
45.277344,17.724609375
45.279297,17.523193359375
45.28125,44.915771484375
45.283203,44.3115234375
45.285156,43.304443359375
45.287109,42.498779296875
45.289062,41.49169921875
45.291016,40.484619140625
45.292969,39.88037109375
45.294922,39.276123046875
45.296875,45.52001953125
45.298828,45.52001953125
45.300781,45.721435546875
45.302734,46.32568359375
45.304688,46.929931640625
45.306641,47.93701171875
45.308594,48.74267578125
45.310547,49.749755859375
45.3125,50.555419921875
45.314453,51.361083984375
45.316406,51.763916015625
45.318359,52.166748046875
45.320312,51.96533203125
45.322266,51.763916015625
45.324219,51.15966796875
45.326172,2.215576171875
45.328125,1.20849609375
45.330078,0.40283203125
45.332031,-0.604248046875
45.333984,-1.409912109375
45.335938,-2.01416015625
45.337891,-2.4169921875
45.339844,-2.618408203125
45.341797,-2.4169921875
45.34375,-2.01416015625
45.345703,-10.675048828125
45.347656,-9.869384765625
45.349609,-8.8623046875
45.351562,-7.855224609375
45.353516,-7.049560546875
45.355469,-6.243896484375
45.357422,-5.6396484375
45.359375,-5.23681640625
45.361328,9.869384765625
45.363281,9.66796875
45.365234,9.063720703125
45.367188,8.45947265625
45.369141,7.452392578125
45.371094,6.646728515625
45.373047,5.6396484375
45.375,4.632568359375
45.376953,4.0283203125
45.378906,24.774169921875
45.380859,31.01806640625
45.382812,31.01806640625
45.384766,31.4208984375
45.386719,32.025146484375
45.388672,32.830810546875
45.390625,33.636474609375
45.392578,34.6435546875
45.394531,49.346923828125
45.396484,50.152587890625
45.398438,50.958251953125
45.400391,51.361083984375
45.402344,51.361083984375
45.404297,51.361083984375
45.40625,50.958251953125
45.408203,50.152587890625
45.410156,35.85205078125
45.412109,34.844970703125
45.414062,33.837890625
45.416016,33.0322265625
45.417969,32.2265625
45.419922,31.622314453125
45.421875,31.219482421875
45.423828,31.219482421875
45.425781,31.4208984375
45.427734,32.025146484375
45.429688,32.62939453125
45.431641,7.2509765625
45.433594,8.258056640625
45.435547,9.26513671875
45.4375,10.07080078125
45.439453,10.675048828125
45.441406,-7.452392578125
45.443359,-7.2509765625
45.445312,-7.2509765625
45.447266,-7.65380859375
45.449219,-8.258056640625
45.451172,-8.8623046875
45.453125,-9.869384765625
45.455078,-10.87646484375
45.457031,-1.20849609375
45.458984,-2.01416015625
45.460938,-2.618408203125
45.462891,-3.021240234375
45.464844,-3.22265625
45.466797,-3.021240234375
45.46875,-2.618408203125
45.470703,-2.01416015625
45.472656,27.191162109375
45.474609,28.1982421875
45.476562,29.205322265625
45.478516,30.010986328125
45.480469,30.816650390625
45.482422,31.4208984375
45.484375,31.82373046875
45.486328,31.82373046875
45.488281,50.958251953125
45.490234,50.555419921875
45.492188,49.749755859375
45.494141,48.944091796875
45.496094,47.93701171875
45.498047,46.929931640625
45.5,46.124267578125
45.501953,45.318603515625
45.503906,36.053466796875
45.505859,35.85205078125
45.507812,35.85205078125
45.509766,36.2548828125
45.511719,36.859130859375
45.513672,37.664794921875
45.515625,38.470458984375
45.517578,39.4775390625
45.519531,40.484619140625
45.521484,24.371337890625
45.523438,17.724609375
45.525391,18.12744140625
45.527344,18.328857421875
45.529297,18.12744140625
45.53125,17.724609375
45.533203,17.120361328125
45.535156,16.11328125
45.537109,15.3076171875
45.539062,14.300537109375
45.541016,13.29345703125
45.542969,12.689208984375
45.544922,-7.049560546875
45.546875,-7.452392578125
45.548828,-7.452392578125
45.550781,-7.2509765625
45.552734,-5.23681640625
45.554688,-4.43115234375
45.556641,-3.62548828125
45.558594,-2.618408203125
45.560547,-1.812744140625
45.5625,-0.8056640625
45.564453,-0.201416015625
45.566406,24.371337890625
45.568359,24.57275390625
45.570312,24.57275390625
45.572266,24.169921875
45.574219,23.565673828125
45.576172,22.96142578125
45.578125,21.954345703125
45.580078,20.947265625
45.582031,37.664794921875
45.583984,36.859130859375
45.585938,36.2548828125
45.587891,35.85205078125
45.589844,35.650634765625
45.591797,35.85205078125
45.59375,36.2548828125
45.595703,36.859130859375
45.597656,48.541259765625
45.599609,49.54833984375
45.601562,50.555419921875
45.603516,51.361083984375
45.605469,52.166748046875
45.607422,52.77099609375
45.609375,53.173828125
45.611328,53.173828125
45.613281,52.972412109375
45.615234,32.2265625
45.617188,31.622314453125
45.619141,30.816650390625
45.621094,29.8095703125
45.623047,28.802490234375
45.625,27.996826171875
45.626953,27.191162109375
45.628906,-0.8056640625
45.630859,-1.20849609375
45.632812,-1.007080078125
45.634766,-0.8056640625
45.636719,-0.201416015625
45.638672,0.604248046875
45.640625,1.409912109375
45.642578,2.4169921875
45.644531,3.424072265625
45.646484,4.229736328125
45.648438,4.833984375
45.650391,5.23681640625
45.652344,-2.81982421875
45.654297,-3.021240234375
45.65625,-3.424072265625
45.658203,-4.0283203125
45.660156,-4.833984375
45.662109,7.452392578125
45.664062,6.4453125
45.666016,5.6396484375
45.667969,4.833984375
45.669922,4.229736328125
45.671875,3.826904296875
45.673828,3.826904296875
45.675781,4.0283203125
45.677734,32.830810546875
45.679688,33.636474609375
45.681641,34.442138671875
45.683594,35.44921875
45.685547,36.456298828125
45.6875,37.261962890625
45.689453,38.067626953125
45.691406,38.470458984375
45.693359,38.671875
45.695312,51.15966796875
45.697266,50.7568359375
45.699219,50.35400390625
45.701172,49.54833984375
45.703125,48.541259765625
45.705078,47.5341796875
45.707031,46.728515625
45.708984,32.2265625
45.710938,31.622314453125
45.712891,31.219482421875
45.714844,31.01806640625
45.716797,31.219482421875
45.71875,31.622314453125
45.720703,32.2265625
45.722656,33.0322265625
45.724609,34.039306640625
45.726562,7.855224609375
45.728516,8.660888671875
45.730469,9.466552734375
45.732422,10.07080078125
45.734375,10.4736328125
45.736328,10.4736328125
45.738281,10.272216796875
45.740234,-5.23681640625
45.742188,-5.841064453125
45.744141,-6.84814453125
45.746094,-7.65380859375
45.748047,-8.660888671875
45.75,-9.66796875
45.751953,-10.272216796875
45.753906,-10.87646484375
45.755859,-11.077880859375
45.757812,-11.077880859375
45.759766,-10.675048828125
45.761719,-10.07080078125
45.763672,-9.26513671875
45.765625,-8.45947265625
45.767578,-7.452392578125
45.769531,29.40673828125
45.771484,30.21240234375
45.773438,30.816650390625
45.775391,31.219482421875
45.777344,31.4208984375
45.779297,31.219482421875
45.78125,30.816650390625
45.783203,30.21240234375
45.785156,29.40673828125
45.787109,28.399658203125
45.789062,46.32568359375
45.791016,45.318603515625
45.792969,44.512939453125
45.794922,43.90869140625
45.796875,43.707275390625
45.798828,43.505859375
45.800781,43.90869140625
45.802734,44.3115234375
45.804688,39.4775390625
45.806641,40.283203125
45.808594,41.290283203125
45.810547,42.095947265625
45.8125,43.10302734375
45.814453,43.707275390625
45.816406,44.3115234375
45.818359,44.512939453125
45.820312,18.5302734375
45.822266,18.12744140625
45.824219,17.523193359375
45.826172,16.717529296875
45.828125,15.911865234375
45.830078,14.90478515625
45.832031,13.897705078125
45.833984,13.092041015625
45.835938,-10.675048828125
45.837891,-11.279296875
45.839844,-11.279296875
45.841797,-11.279296875
45.84375,-10.675048828125
45.845703,-10.07080078125
45.847656,-5.035400390625
45.849609,-4.0283203125
45.851562,-3.021240234375
45.853516,-2.215576171875
45.855469,-1.409912109375
45.857422,-0.8056640625
45.859375,-0.40283203125
45.861328,-0.40283203125
45.863281,-0.604248046875
45.865234,-1.20849609375
45.867188,-1.812744140625
45.869141,-2.81982421875
45.871094,-3.62548828125
45.873047,-4.632568359375
45.875,-5.438232421875
45.876953,-6.243896484375
45.878906,-6.84814453125
45.880859,41.89453125
45.882812,42.095947265625
45.884766,42.29736328125
45.886719,42.901611328125
45.888672,43.707275390625
45.890625,44.512939453125
45.892578,45.52001953125
45.894531,46.527099609375
45.896484,47.332763671875
45.898438,49.54833984375
45.900391,49.951171875
45.902344,49.951171875
45.904297,49.951171875
45.90625,49.54833984375
45.908203,48.74267578125
45.910156,47.93701171875
45.912109,47.13134765625
45.914062,46.124267578125
45.916016,20.343017578125
45.917969,19.537353515625
45.919922,18.93310546875
45.921875,18.731689453125
45.923828,18.5302734375
45.925781,18.93310546875
45.927734,19.3359375
45.929688,20.1416015625
45.931641,-4.43115234375
45.933594,-3.62548828125
45.935547,-2.618408203125
45.9375,-1.611328125
45.939453,-1.007080078125
45.941406,-0.40283203125
45.943359,-0.201416015625
45.945312,-0.201416015625
45.947266,-7.2509765625
45.949219,-2.618408203125
45.951172,-3.424072265625
45.953125,-4.43115234375
45.955078,-5.438232421875
45.957031,-6.243896484375
45.958984,-7.049560546875
45.960938,-7.855224609375
45.962891,4.833984375
45.964844,4.632568359375
45.966797,4.833984375
45.96875,5.23681640625
45.970703,5.841064453125
45.972656,6.646728515625
45.974609,7.65380859375
45.976562,8.660888671875
45.978516,9.466552734375
45.980469,10.272216796875
45.982422,10.87646484375
45.984375,11.279296875
45.986328,11.279296875
45.988281,11.077880859375
45.990234,36.859130859375
45.992188,50.7568359375
45.994141,49.951171875
45.996094,48.944091796875
45.998047,47.93701171875
46.0,47.13134765625
46.001953,46.32568359375
46.003906,45.9228515625
46.005859,45.721435546875
46.007812,45.721435546875
46.009766,45.9228515625
46.011719,32.025146484375
46.013672,32.830810546875
46.015625,33.837890625
46.017578,34.6435546875
46.019531,35.650634765625
46.021484,36.456298828125
46.023438,37.060546875
46.025391,10.4736328125
46.027344,10.675048828125
46.029297,10.4736328125
46.03125,10.07080078125
46.033203,9.466552734375
46.035156,8.660888671875
46.037109,7.65380859375
46.039062,6.646728515625
46.041016,5.841064453125
46.042969,-10.4736328125
46.044922,-11.077880859375
46.046875,-11.480712890625
46.048828,-11.480712890625
46.050781,-11.279296875
46.052734,-10.675048828125
46.054688,-10.07080078125
46.056641,-9.063720703125
46.058594,2.81982421875
46.060547,3.826904296875
46.0625,4.632568359375
46.064453,5.23681640625
46.066406,5.841064453125
46.068359,6.04248046875
46.070312,6.04248046875
46.072266,5.6396484375
46.074219,30.413818359375
46.076172,29.608154296875
46.078125,28.802490234375
46.080078,27.79541015625
46.082031,26.788330078125
46.083984,25.982666015625
46.085938,25.37841796875
46.087891,24.9755859375
46.089844,24.774169921875
46.091797,24.9755859375
46.09375,25.37841796875
46.095703,25.982666015625
46.097656,26.788330078125
46.099609,45.9228515625
46.101562,46.929931640625
46.103516,47.735595703125
46.105469,48.33984375
46.107422,44.3115234375
46.109375,44.512939453125
46.111328,44.512939453125
46.113281,44.3115234375
46.115234,43.90869140625
46.117188,43.10302734375
46.119141,42.29736328125
46.121094,41.290283203125
46.123047,21.148681640625
46.125,12.689208984375
46.126953,11.883544921875
46.128906,11.480712890625
46.130859,11.279296875
46.132812,11.279296875
46.134766,11.68212890625
46.136719,12.0849609375
46.138672,-6.646728515625
46.140625,-5.841064453125
46.142578,-4.833984375
46.144531,-3.826904296875
46.146484,-3.021240234375
46.148438,-2.4169921875
46.150391,-2.01416015625
46.152344,0.604248046875
46.154297,0.604248046875
46.15625,0.201416015625
46.158203,-0.604248046875
46.160156,-1.409912109375
46.162109,-2.215576171875
46.164062,-3.22265625
46.166016,-4.229736328125
46.167969,-5.035400390625
46.169922,18.328857421875
46.171875,18.12744140625
46.173828,17.926025390625
46.175781,18.328857421875
46.177734,18.731689453125
46.179688,19.537353515625
46.181641,20.343017578125
46.183594,21.35009765625
46.185547,46.32568359375
46.1875,47.13134765625
46.189453,47.93701171875
46.191406,48.33984375
46.193359,48.541259765625
46.195312,48.541259765625
46.197266,48.138427734375
46.199219,47.735595703125
46.201172,46.929931640625
46.203125,45.9228515625
46.205078,43.10302734375
46.207031,42.095947265625
46.208984,41.290283203125
46.210938,40.68603515625
46.212891,40.283203125
46.214844,40.081787109375
46.216797,18.93310546875
46.21875,19.3359375
46.220703,19.940185546875
46.222656,20.745849609375
46.224609,21.7529296875
46.226562,22.760009765625
46.228516,23.565673828125
46.230469,24.371337890625
46.232422,24.9755859375
46.234375,25.37841796875
46.236328,0.8056640625
46.238281,-4.43115234375
46.240234,-4.833984375
46.242188,-5.6396484375
46.244141,-6.4453125
46.246094,-7.452392578125
46.248047,-8.45947265625
46.25,-9.26513671875
46.251953,-10.07080078125
46.253906,-10.4736328125
46.255859,-10.675048828125
46.257812,-10.675048828125
46.259766,-10.272216796875
46.261719,-9.869384765625
46.263672,-9.063720703125
46.265625,-8.056640625
46.267578,-7.049560546875
46.269531,15.911865234375
46.271484,16.717529296875
46.273438,17.32177734375
46.275391,17.724609375
46.277344,17.926025390625
46.279297,17.724609375
46.28125,43.707275390625
46.283203,43.10302734375
46.285156,42.095947265625
46.287109,41.290283203125
46.289062,40.283203125
46.291016,39.276123046875
46.292969,38.671875
46.294922,38.067626953125
46.296875,37.664794921875
46.298828,42.901611328125
46.300781,43.304443359375
46.302734,43.707275390625
46.304688,44.512939453125
46.306641,45.318603515625
46.308594,46.32568359375
46.310547,47.13134765625
46.3125,48.138427734375
46.314453,48.74267578125
46.316406,49.346923828125
46.318359,49.54833984375
46.320312,49.54833984375
46.322266,49.1455078125
46.324219,48.541259765625
46.326172,5.035400390625
46.328125,4.229736328125
46.330078,3.22265625
46.332031,2.215576171875
46.333984,1.409912109375
46.335938,0.8056640625
46.337891,0.40283203125
46.339844,0.201416015625
46.341797,0.40283203125
46.34375,0.8056640625
46.345703,-12.286376953125
46.347656,-11.480712890625
46.349609,-10.4736328125
46.351562,-9.466552734375
46.353516,-8.660888671875
46.355469,-7.855224609375
46.357422,-7.2509765625
46.359375,-6.84814453125
46.361328,11.279296875
46.363281,11.077880859375
46.365234,10.4736328125
46.367188,9.869384765625
46.369141,8.8623046875
46.371094,8.056640625
46.373047,7.049560546875
46.375,6.243896484375
46.376953,33.43505859375
46.378906,33.0322265625
46.380859,32.830810546875
46.382812,32.830810546875
46.384766,33.233642578125
46.386719,33.837890625
46.388672,34.442138671875
46.390625,35.44921875
46.392578,36.456298828125
46.394531,51.361083984375
46.396484,52.166748046875
46.398438,52.77099609375
46.400391,53.173828125
46.402344,53.375244140625
46.404297,53.173828125
46.40625,52.77099609375
46.408203,38.470458984375
46.410156,37.664794921875
46.412109,36.859130859375
46.414062,35.85205078125
46.416016,34.844970703125
46.417969,34.039306640625
46.419922,33.636474609375
46.421875,33.233642578125
46.423828,33.233642578125
46.425781,33.43505859375
46.427734,33.837890625
46.429688,34.6435546875
46.431641,35.44921875
46.433594,-8.8623046875
46.435547,-7.855224609375
46.4375,-7.049560546875
46.439453,-6.243896484375
46.441406,-5.841064453125
46.443359,-5.6396484375
46.445312,-5.6396484375
46.447266,-6.04248046875
46.449219,-6.4453125
46.451172,-7.2509765625
46.453125,-8.258056640625
46.455078,-9.26513671875
46.457031,1.20849609375
46.458984,0.40283203125
46.460938,-0.40283203125
46.462891,-0.8056640625
46.464844,-0.8056640625
46.466797,-0.8056640625
46.46875,-0.40283203125
46.470703,19.134521484375
46.472656,19.940185546875
46.474609,20.947265625
46.476562,21.7529296875
46.478516,22.760009765625
46.480469,23.565673828125
46.482422,24.169921875
46.484375,24.371337890625
46.486328,49.951171875
46.488281,49.749755859375
46.490234,49.1455078125
46.492188,48.541259765625
46.494141,47.5341796875
46.496094,46.728515625
46.498047,45.721435546875
46.5,44.71435546875
46.501953,44.110107421875
46.503906,41.290283203125
46.505859,41.0888671875
46.507812,41.290283203125
46.509766,41.49169921875
46.511719,42.095947265625
46.513672,42.901611328125
46.515625,43.707275390625
46.517578,44.71435546875
46.519531,23.565673828125
46.521484,24.371337890625
46.523438,24.9755859375
46.525391,25.37841796875
46.527344,25.579833984375
46.529297,25.37841796875
46.53125,24.9755859375
46.533203,24.371337890625
46.535156,23.565673828125
46.537109,22.55859375
46.539062,21.551513671875
46.541016,20.745849609375
46.542969,19.940185546875
46.544922,-3.826904296875
46.546875,-4.229736328125
46.548828,-4.229736328125
46.550781,-11.279296875
46.552734,-10.675048828125
46.554688,-9.869384765625
46.556641,-9.063720703125
46.558594,-8.056640625
46.560547,-7.2509765625
46.5625,-6.243896484375
46.564453,-5.6396484375
46.566406,17.32177734375
46.568359,17.523193359375
46.570312,17.523193359375
46.572266,17.32177734375
46.574219,16.717529296875
46.576172,15.911865234375
46.578125,14.90478515625
46.580078,14.09912109375
46.582031,13.092041015625
46.583984,38.671875
46.585938,38.067626953125
46.587891,37.664794921875
46.589844,37.46337890625
46.591797,37.664794921875
46.59375,38.067626953125
46.595703,38.671875
46.597656,39.4775390625
46.599609,45.1171875
46.601562,45.9228515625
46.603516,46.929931640625
46.605469,47.735595703125
46.607422,48.33984375
46.609375,48.541259765625
46.611328,48.74267578125
46.613281,48.33984375
46.615234,32.2265625
46.617188,31.622314453125
46.619141,30.615234375
46.621094,29.608154296875
46.623047,28.802490234375
46.625,27.79541015625
46.626953,27.191162109375
46.628906,0.201416015625
46.630859,-0.201416015625
46.632812,0.0
46.634766,0.201416015625
46.636719,0.8056640625
46.638672,1.611328125
46.640625,2.4169921875
46.642578,3.424072265625
46.644531,4.43115234375
46.646484,5.23681640625
46.648438,5.841064453125
46.650391,6.243896484375
46.652344,6.4453125
46.654297,6.243896484375
46.65625,5.841064453125
46.658203,-8.258056640625
46.660156,8.258056640625
46.662109,7.2509765625
46.664062,6.4453125
46.666016,5.438232421875
46.667969,4.632568359375
46.669922,4.0283203125
46.671875,3.826904296875
46.673828,3.826904296875
46.675781,4.0283203125
46.677734,33.43505859375
46.679688,34.24072265625
46.681641,35.04638671875
46.683594,36.053466796875
46.685547,37.060546875
46.6875,37.8662109375
46.689453,38.671875
46.691406,39.07470703125
46.693359,39.276123046875
46.695312,49.54833984375
46.697266,49.1455078125
46.699219,48.541259765625
46.701172,47.735595703125
46.703125,46.929931640625
46.705078,45.9228515625
46.707031,44.915771484375
46.708984,44.110107421875
46.710938,33.837890625
46.712891,33.43505859375
46.714844,33.233642578125
46.716797,33.43505859375
46.71875,33.837890625
46.720703,34.442138671875
46.722656,35.247802734375
46.724609,7.049560546875
46.726562,8.056640625
46.728516,8.8623046875
46.730469,9.66796875
46.732422,10.272216796875
46.734375,10.4736328125
46.736328,10.675048828125
46.738281,10.4736328125
46.740234,9.869384765625
46.742188,-5.438232421875
46.744141,-6.243896484375
46.746094,-7.2509765625
46.748047,-8.258056640625
46.75,-9.063720703125
46.751953,-9.66796875
46.753906,-10.272216796875
46.755859,-10.4736328125
46.757812,-10.4736328125
46.759766,-10.07080078125
46.761719,-9.466552734375
46.763672,-8.8623046875
46.765625,-7.855224609375
46.767578,-6.84814453125
46.769531,30.010986328125
46.771484,30.816650390625
46.773438,31.4208984375
46.775391,31.82373046875
46.777344,32.025146484375
46.779297,31.82373046875
46.78125,31.4208984375
46.783203,30.816650390625
46.785156,30.010986328125
46.787109,29.00390625
46.789062,27.996826171875
46.791016,48.33984375
46.792969,47.5341796875
46.794922,46.929931640625
46.796875,46.527099609375
46.798828,46.527099609375
46.800781,46.728515625
46.802734,47.332763671875
46.804688,40.887451171875
46.806641,41.693115234375
46.808594,42.7001953125
46.810547,43.505859375
46.8125,44.512939453125
46.814453,45.1171875
46.816406,45.721435546875
46.818359,45.9228515625
46.820312,45.9228515625
46.822266,18.328857421875
46.824219,-2.215576171875
46.826172,-3.021240234375
46.828125,-3.826904296875
46.830078,-4.833984375
46.832031,-5.841064453125
46.833984,-6.646728515625
46.835938,-7.2509765625
46.837891,-7.65380859375
46.839844,-7.855224609375
46.841797,-7.65380859375
46.84375,-7.2509765625
46.845703,-6.646728515625
46.847656,-5.841064453125
46.849609,-4.833984375
46.851562,-3.826904296875
46.853516,-4.0283203125
46.855469,-3.22265625
46.857422,-2.618408203125
46.859375,-2.215576171875
46.861328,-2.215576171875
46.863281,-2.4169921875
46.865234,-3.021240234375
46.867188,-3.62548828125
46.869141,22.357177734375
46.871094,21.35009765625
46.873047,20.343017578125
46.875,19.537353515625
46.876953,18.93310546875
46.878906,18.328857421875
46.880859,18.12744140625
46.882812,18.12744140625
46.884766,18.5302734375
46.886719,19.134521484375
46.888672,19.73876953125
46.890625,20.745849609375
46.892578,21.7529296875
46.894531,22.55859375
46.896484,44.915771484375
46.898438,47.735595703125
46.900391,48.138427734375
46.902344,48.138427734375
46.904297,48.138427734375
46.90625,47.735595703125
46.908203,46.929931640625
46.910156,46.124267578125
46.912109,45.318603515625
46.914062,44.3115234375
46.916016,43.304443359375
46.917969,19.940185546875
46.919922,19.3359375
46.921875,18.93310546875
46.923828,18.93310546875
46.925781,19.134521484375
46.927734,19.73876953125
46.929688,20.343017578125
46.931641,21.35009765625
46.933594,7.2509765625
46.935547,-1.611328125
46.9375,-0.8056640625
46.939453,-0.201416015625
46.941406,0.40283203125
46.943359,0.604248046875
46.945312,0.604248046875
46.947266,-3.021240234375
46.949219,-5.438232421875
46.951172,-6.243896484375
46.953125,-7.049560546875
46.955078,-8.056640625
46.957031,-9.063720703125
46.958984,-9.869384765625
46.960938,-10.4736328125
46.962891,-10.87646484375
46.964844,-11.077880859375
46.966797,11.480712890625
46.96875,11.883544921875
46.970703,12.689208984375
46.972656,13.494873046875
46.974609,14.300537109375
46.976562,15.3076171875
46.978516,16.314697265625
46.980469,17.120361328125
46.982422,17.724609375
46.984375,17.926025390625
46.986328,17.926025390625
46.988281,17.724609375
46.990234,44.3115234375
46.992188,43.707275390625
46.994141,46.527099609375
46.996094,45.52001953125
46.998047,44.512939453125
47.0,43.707275390625
47.001953,42.901611328125
47.003906,42.498779296875
47.005859,42.29736328125
47.007812,42.29736328125
47.009766,42.498779296875
47.011719,25.78125
47.013672,26.5869140625
47.015625,27.392578125
47.017578,28.399658203125
47.019531,3.021240234375
47.021484,3.826904296875
47.023438,4.43115234375
47.025391,4.833984375
47.027344,5.035400390625
47.029297,4.833984375
47.03125,4.43115234375
47.033203,3.826904296875
47.035156,3.021240234375
47.037109,2.01416015625
47.039062,1.007080078125
47.041016,0.201416015625
47.042969,-0.604248046875
47.044922,-9.063720703125
47.046875,-9.466552734375
47.048828,-9.466552734375
47.050781,-9.26513671875
47.052734,-8.660888671875
47.054688,-8.056640625
47.056641,-7.049560546875
47.058594,-6.04248046875
47.060547,9.466552734375
47.0625,10.4736328125
47.064453,11.077880859375
47.066406,11.68212890625
47.068359,11.883544921875
47.070312,11.883544921875
47.072266,11.480712890625
47.074219,10.87646484375
47.076172,10.07080078125
47.078125,9.26513671875
47.080078,8.258056640625
47.082031,33.0322265625
47.083984,32.2265625
47.085938,31.622314453125
47.087891,31.219482421875
47.089844,44.110107421875
47.091797,44.110107421875
47.09375,44.512939453125
47.095703,45.318603515625
47.097656,46.124267578125
47.099609,46.929931640625
47.101562,47.93701171875
47.103516,48.944091796875
47.105469,49.749755859375
47.107422,37.46337890625
47.109375,37.8662109375
47.111328,37.8662109375
47.113281,37.664794921875
47.115234,37.261962890625
47.117188,36.456298828125
47.119141,35.650634765625
47.121094,34.6435546875
47.123047,33.636474609375
47.125,6.4453125
47.126953,5.6396484375
47.128906,5.23681640625
47.130859,5.035400390625
47.132812,5.035400390625
47.134766,5.23681640625
47.136719,5.841064453125
47.138672,-6.04248046875
47.140625,-5.035400390625
47.142578,-4.229736328125
47.144531,-3.22265625
47.146484,-2.4169921875
47.148438,-1.812744140625
47.150391,-1.409912109375
47.152344,-1.20849609375
47.154297,1.20849609375
47.15625,0.8056640625
47.158203,0.201416015625
47.160156,-0.604248046875
47.162109,-1.611328125
47.164062,-2.4169921875
47.166016,-3.424072265625
47.167969,-4.229736328125
47.169922,-4.833984375
47.171875,17.926025390625
47.173828,17.926025390625
47.175781,18.12744140625
47.177734,18.731689453125
47.179688,19.3359375
47.181641,20.343017578125
47.183594,21.148681640625
47.185547,22.15576171875
47.1875,22.96142578125
47.189453,23.76708984375
47.191406,24.169921875
47.193359,24.57275390625
47.195312,24.371337890625
47.197266,45.1171875
47.199219,46.124267578125
47.201172,45.318603515625
47.203125,44.3115234375
47.205078,43.304443359375
47.207031,42.498779296875
47.208984,41.693115234375
47.210938,40.887451171875
47.212891,40.484619140625
47.214844,18.93310546875
47.216797,18.93310546875
47.21875,19.3359375
47.220703,20.1416015625
47.222656,20.947265625
47.224609,21.7529296875
47.226562,22.760009765625
47.228516,23.76708984375
47.230469,24.57275390625
47.232422,25.177001953125
47.234375,-0.201416015625
47.236328,-0.201416015625
47.238281,-0.40283203125
47.240234,-0.8056640625
47.242188,-1.611328125
47.244141,-2.4169921875
47.246094,-3.424072265625
47.248047,-8.056640625
47.25,-8.8623046875
47.251953,-9.66796875
47.253906,-10.07080078125
47.255859,-10.272216796875
47.257812,-10.272216796875
47.259766,-9.869384765625
47.261719,-9.26513671875
47.263672,-8.660888671875
47.265625,13.494873046875
47.267578,14.501953125
47.269531,15.3076171875
47.271484,16.11328125
47.273438,16.9189453125
47.275391,17.32177734375
47.277344,17.32177734375
47.279297,17.32177734375
47.28125,36.859130859375
47.283203,42.7001953125
47.285156,41.89453125
47.287109,40.887451171875
47.289062,39.88037109375
47.291016,39.07470703125
47.292969,38.26904296875
47.294922,37.664794921875
47.296875,37.261962890625
47.298828,37.261962890625
47.300781,37.46337890625
47.302734,38.067626953125
47.304688,38.671875
47.306641,39.678955078125
47.308594,29.40673828125
47.310547,30.413818359375
47.3125,31.219482421875
47.314453,32.025146484375
47.316406,32.427978515625
47.318359,32.62939453125
47.320312,32.62939453125
47.322266,32.2265625
47.324219,31.82373046875
47.326172,31.01806640625
47.328125,4.0283203125
47.330078,3.021240234375
47.332031,2.215576171875
47.333984,1.409912109375
47.335938,0.604248046875
47.337891,0.201416015625
47.339844,0.201416015625
47.341797,0.201416015625
47.34375,-10.87646484375
47.345703,-10.272216796875
47.347656,-9.26513671875
47.349609,-8.45947265625
47.351562,-7.452392578125
47.353516,-6.4453125
47.355469,-5.841064453125
47.357422,-5.23681640625
47.359375,10.272216796875
47.361328,10.272216796875
47.363281,10.07080078125
47.365234,9.466552734375
47.367188,8.8623046875
47.369141,8.056640625
47.371094,7.049560546875
47.373047,6.04248046875
47.375,5.23681640625
47.376953,33.636474609375
47.378906,33.233642578125
47.380859,32.830810546875
47.382812,33.0322265625
47.384766,33.233642578125
47.386719,33.837890625
47.388672,34.6435546875
47.390625,43.10302734375
47.392578,49.346923828125
47.394531,50.35400390625
47.396484,51.15966796875
47.398438,51.763916015625
47.400391,52.166748046875
47.402344,52.3681640625
47.404297,52.166748046875
47.40625,51.763916015625
47.408203,51.15966796875
47.410156,38.067626953125
47.412109,37.060546875
47.414062,36.053466796875
47.416016,35.247802734375
47.417969,34.442138671875
47.419922,33.837890625
47.421875,33.636474609375
47.423828,33.43505859375
47.425781,33.837890625
47.427734,34.24072265625
47.429688,5.438232421875
47.431641,6.4453125
47.433594,7.2509765625
47.435547,8.258056640625
47.4375,-4.833984375
47.439453,-4.0283203125
47.441406,-3.62548828125
47.443359,-3.424072265625
47.445312,-3.424072265625
47.447266,-3.826904296875
47.449219,-4.43115234375
47.451172,-5.035400390625
47.453125,4.0283203125
47.455078,3.021240234375
47.457031,2.01416015625
47.458984,1.20849609375
47.460938,0.604248046875
47.462891,0.201416015625
47.464844,0.0
47.466797,0.201416015625
47.46875,0.604248046875
47.470703,1.20849609375
47.472656,26.385498046875
47.474609,27.191162109375
47.476562,28.1982421875
47.478516,29.00390625
47.480469,29.8095703125
47.482422,30.413818359375
47.484375,30.816650390625
47.486328,52.166748046875
47.488281,51.96533203125
47.490234,51.5625
47.492188,50.7568359375
47.494141,49.951171875
47.496094,48.944091796875
47.498047,47.93701171875
47.5,47.13134765625
47.501953,46.32568359375
47.503906,36.053466796875
47.505859,35.85205078125
47.507812,35.85205078125
47.509766,36.2548828125
47.511719,36.859130859375
47.513672,37.46337890625
47.515625,38.470458984375
47.517578,39.4775390625
47.519531,40.283203125
47.521484,41.290283203125
47.523438,41.89453125
47.525391,18.12744140625
47.527344,18.328857421875
47.529297,18.12744140625
47.53125,17.724609375
47.533203,17.120361328125
47.535156,-3.826904296875
47.537109,-4.632568359375
47.539062,-5.6396484375
47.541016,-6.646728515625
47.542969,-7.452392578125
47.544922,-7.855224609375
47.546875,-8.258056640625
47.548828,-8.258056640625
47.550781,-9.466552734375
47.552734,-9.063720703125
47.554688,-8.258056640625
47.556641,-7.452392578125
47.558594,-6.4453125
47.560547,-5.438232421875
47.5625,-4.632568359375
47.564453,16.314697265625
47.566406,16.9189453125
47.568359,17.120361328125
47.570312,17.120361328125
47.572266,16.717529296875
47.574219,16.11328125
47.576172,15.3076171875
47.578125,14.501953125
47.580078,13.494873046875
47.582031,39.4775390625
47.583984,38.671875
47.585938,38.067626953125
47.587891,37.46337890625
47.589844,37.46337890625
47.591797,37.46337890625
47.59375,38.067626953125
47.595703,38.671875
47.597656,44.3115234375
47.599609,45.1171875
47.601562,46.124267578125
47.603516,47.13134765625
47.605469,31.219482421875
47.607422,31.82373046875
47.609375,32.025146484375
47.611328,32.2265625
47.613281,31.82373046875
47.615234,31.4208984375
47.617188,30.615234375
47.619141,29.8095703125
47.621094,28.802490234375
47.623047,27.996826171875
47.625,26.98974609375
47.626953,-1.611328125
47.628906,-2.01416015625
47.630859,-2.215576171875
47.632812,-2.215576171875
47.634766,-1.812744140625
47.636719,-1.409912109375
47.638672,-0.604248046875
47.640625,0.40283203125
47.642578,1.409912109375
47.644531,2.215576171875
47.646484,3.021240234375
47.648438,3.826904296875
47.650391,-6.04248046875
47.652344,-6.04248046875
47.654297,-6.04248046875
47.65625,5.035400390625
47.658203,4.43115234375
47.660156,3.62548828125
47.662109,2.618408203125
47.664062,1.812744140625
47.666016,0.8056640625
47.667969,0.0
47.669922,-0.604248046875
47.671875,-0.8056640625
47.673828,-1.007080078125
47.675781,25.78125
47.677734,26.385498046875
47.679688,26.98974609375
47.681641,27.996826171875
47.683594,28.802490234375
47.685547,29.8095703125
47.6875,30.615234375
47.689453,49.1455078125
47.691406,49.749755859375
47.693359,49.951171875
47.695312,49.951171875
47.697266,49.54833984375
47.699219,48.944091796875
47.701172,48.138427734375
47.703125,47.332763671875
47.705078,46.32568359375
47.707031,39.07470703125
47.708984,38.26904296875
47.710938,37.664794921875
47.712891,37.261962890625
47.714844,37.060546875
47.716797,37.261962890625
47.71875,12.0849609375
47.720703,12.689208984375
47.722656,13.494873046875
47.724609,14.501953125
47.726562,15.509033203125
47.728516,16.314697265625
47.730469,17.120361328125
47.732422,17.724609375
47.734375,18.12744140625
47.736328,18.12744140625
47.738281,17.926025390625
47.740234,17.32177734375
47.742188,16.717529296875
47.744141,15.71044921875
47.746094,14.90478515625
47.748047,13.897705078125
47.75,-5.6396484375
47.751953,-6.243896484375
47.753906,-6.84814453125
47.755859,-7.049560546875
47.757812,-7.049560546875
47.759766,-6.646728515625
47.761719,-6.04248046875
47.763672,-5.23681640625
47.765625,-4.43115234375
47.767578,-3.424072265625
47.769531,22.760009765625
47.771484,23.565673828125
47.773438,24.169921875
47.775391,24.57275390625
47.777344,24.774169921875
47.779297,24.57275390625
47.78125,24.169921875
47.783203,23.565673828125
47.785156,44.3115234375
47.787109,43.505859375
47.789062,42.498779296875
47.791016,41.49169921875
47.792969,40.68603515625
47.794922,40.283203125
47.796875,39.88037109375
47.798828,39.88037109375
47.800781,40.081787109375
47.802734,40.68603515625
47.804688,41.290283203125
47.806641,42.29736328125
47.808594,43.10302734375
47.810547,44.110107421875
47.8125,44.915771484375
47.814453,45.721435546875
47.816406,46.124267578125
47.818359,25.177001953125
47.820312,24.9755859375
47.822266,24.774169921875
47.824219,24.169921875
47.826172,23.3642578125
47.828125,22.55859375
47.830078,21.551513671875
47.832031,-2.618408203125
47.833984,-3.424072265625
47.835938,-4.0283203125
47.837891,-4.632568359375
47.839844,-4.632568359375
47.841797,-4.632568359375
47.84375,-4.0283203125
47.845703,-3.424072265625
47.847656,-2.618408203125
47.849609,-1.611328125
47.851562,-0.8056640625
47.853516,0.201416015625
47.855469,1.007080078125
47.857422,1.611328125
47.859375,-2.4169921875
47.861328,-3.826904296875
47.863281,16.9189453125
47.865234,16.314697265625
47.867188,15.71044921875
47.869141,14.90478515625
47.871094,13.897705078125
47.873047,12.890625
47.875,12.0849609375
47.876953,11.279296875
47.878906,10.87646484375
47.880859,35.04638671875
47.882812,35.04638671875
47.884766,35.44921875
47.886719,35.85205078125
47.888672,36.65771484375
47.890625,37.664794921875
47.892578,38.671875
47.894531,39.4775390625
47.896484,40.283203125
47.898438,50.958251953125
47.900391,51.361083984375
47.902344,51.5625
47.904297,51.361083984375
47.90625,50.958251953125
47.908203,50.35400390625
47.910156,49.54833984375
47.912109,29.00390625
47.914062,27.996826171875
47.916016,27.191162109375
47.917969,26.385498046875
47.919922,25.78125
47.921875,25.37841796875
47.923828,25.37841796875
47.925781,25.579833984375
47.927734,26.18408203125
47.929688,1.812744140625
47.931641,2.81982421875
47.933594,3.62548828125
47.935547,4.632568359375
47.9375,5.438232421875
47.939453,6.243896484375
47.941406,6.646728515625
47.943359,7.049560546875
47.945312,-4.632568359375
47.947266,-5.035400390625
47.949219,-5.438232421875
47.951172,-6.243896484375
47.953125,-7.2509765625
47.955078,-8.258056640625
47.957031,-9.063720703125
47.958984,-9.869384765625
47.960938,-10.675048828125
47.962891,-11.077880859375
47.964844,-11.077880859375
47.966797,-11.077880859375
47.96875,3.62548828125
47.970703,4.43115234375
47.972656,5.23681640625
47.974609,6.04248046875
47.976562,35.44921875
47.978516,36.2548828125
47.980469,37.060546875
47.982422,37.664794921875
47.984375,38.067626953125
47.986328,38.067626953125
47.988281,37.8662109375
47.990234,37.261962890625
47.992188,49.749755859375
47.994141,48.944091796875
47.996094,36.2548828125
47.998047,35.247802734375
48.0,34.442138671875
48.001953,33.636474609375
48.003906,33.233642578125
48.005859,33.0322265625
48.007812,33.0322265625
48.009766,33.43505859375
48.011719,34.039306640625
48.013672,34.6435546875
48.015625,35.650634765625
48.017578,36.65771484375
48.019531,37.46337890625
48.021484,38.26904296875
48.023438,39.07470703125
48.025391,12.286376953125
48.027344,12.48779296875
48.029297,12.286376953125
48.03125,11.883544921875
48.033203,11.279296875
48.035156,10.4736328125
48.037109,9.466552734375
48.039062,-8.8623046875
48.041016,-9.66796875
48.042969,-10.4736328125
48.044922,-11.077880859375
48.046875,-11.480712890625
48.048828,-11.480712890625
48.050781,-11.279296875
48.052734,-10.675048828125
48.054688,-10.07080078125
48.056641,2.215576171875
48.058594,3.021240234375
48.060547,4.0283203125
48.0625,4.833984375
48.064453,5.6396484375
48.066406,6.243896484375
48.068359,6.4453125
48.070312,6.243896484375
48.072266,30.816650390625
48.074219,30.21240234375
48.076172,29.40673828125
48.078125,28.60107421875
48.080078,27.593994140625
48.082031,26.5869140625
48.083984,25.78125
48.085938,25.177001953125
48.087891,24.774169921875
48.089844,24.57275390625
48.091797,24.774169921875
48.09375,25.177001953125
48.095703,42.901611328125
48.097656,43.707275390625
48.099609,44.71435546875
48.101562,43.10302734375
48.103516,43.90869140625
48.105469,44.71435546875
48.107422,45.318603515625
48.109375,45.721435546875
48.111328,45.721435546875
48.113281,45.52001953125
48.115234,44.915771484375
48.117188,44.3115234375
48.119141,16.314697265625
48.121094,15.3076171875
48.123047,14.300537109375
48.125,13.494873046875
48.126953,12.689208984375
48.128906,12.286376953125
48.130859,12.0849609375
48.132812,12.0849609375
48.134766,12.286376953125
48.136719,-9.26513671875
48.138672,-8.45947265625
48.140625,-7.452392578125
48.142578,-6.646728515625
48.144531,-5.6396484375
48.146484,-4.833984375
48.148438,-4.229736328125
48.150391,-3.826904296875
48.152344,0.0
48.154297,-0.201416015625
48.15625,-0.604248046875
48.158203,-1.20849609375
48.160156,-2.01416015625
48.162109,-3.021240234375
48.164062,-3.826904296875
48.166016,-4.833984375
48.167969,19.134521484375
48.169922,18.5302734375
48.171875,18.12744140625
48.173828,18.12744140625
48.175781,18.328857421875
48.177734,18.93310546875
48.179688,19.537353515625
48.181641,20.343017578125
48.183594,21.35009765625
48.185547,22.357177734375
48.1875,23.162841796875
48.189453,23.968505859375
48.191406,49.951171875
48.193359,50.35400390625
48.195312,50.152587890625
48.197266,49.951171875
48.199219,49.346923828125
48.201172,48.541259765625
48.203125,47.735595703125
48.205078,46.728515625
48.207031,45.721435546875
48.208984,44.915771484375
48.210938,44.3115234375
48.212891,43.90869140625
48.214844,43.707275390625
48.216797,43.90869140625
48.21875,26.788330078125
48.220703,27.392578125
48.222656,28.1982421875
48.224609,29.205322265625
48.226562,30.21240234375
48.228516,31.01806640625
48.230469,5.6396484375
48.232422,6.04248046875
48.234375,6.4453125
48.236328,6.4453125
48.238281,6.243896484375
48.240234,5.841064453125
48.242188,5.035400390625
48.244141,4.229736328125
48.246094,-9.466552734375
48.248047,-10.4736328125
48.25,-11.279296875
48.251953,-12.0849609375
48.253906,-12.48779296875
48.255859,-12.890625
48.257812,-12.689208984375
48.259766,-12.48779296875
48.261719,-11.883544921875
48.263672,7.049560546875
48.265625,7.855224609375
48.267578,8.8623046875
48.269531,9.869384765625
48.271484,10.675048828125
48.273438,11.279296875
48.275391,11.68212890625
48.277344,11.883544921875
48.279297,11.68212890625
48.28125,11.279296875
48.283203,10.675048828125
48.285156,35.650634765625
48.287109,34.844970703125
48.289062,33.837890625
48.291016,32.830810546875
48.292969,32.025146484375
48.294922,31.622314453125
48.296875,42.901611328125
48.298828,42.901611328125
48.300781,43.10302734375
48.302734,43.707275390625
48.304688,44.3115234375
48.306641,45.318603515625
48.308594,34.442138671875
48.310547,35.247802734375
48.3125,36.2548828125
48.314453,36.859130859375
48.316406,37.46337890625
48.318359,37.664794921875
48.320312,37.664794921875
48.322266,37.261962890625
48.324219,36.65771484375
48.326172,10.4736328125
48.328125,9.66796875
48.330078,8.660888671875
48.332031,7.65380859375
48.333984,6.84814453125
48.335938,6.243896484375
48.337891,5.841064453125
48.339844,5.6396484375
48.341797,5.841064453125
48.34375,-7.855224609375
48.345703,-10.07080078125
48.347656,-9.063720703125
48.349609,-8.258056640625
48.351562,-7.2509765625
48.353516,-6.243896484375
48.355469,-5.6396484375
48.357422,-5.035400390625
48.359375,3.424072265625
48.361328,3.424072265625
48.363281,3.22265625
48.365234,2.81982421875
48.367188,2.01416015625
48.369141,1.20849609375
48.371094,0.201416015625
48.373047,-0.8056640625
48.375,25.78125
48.376953,25.177001953125
48.378906,24.57275390625
48.380859,24.371337890625
48.382812,24.371337890625
48.384766,24.774169921875
48.386719,44.71435546875
48.388672,45.52001953125
48.390625,46.527099609375
48.392578,47.5341796875
48.394531,48.33984375
48.396484,49.1455078125
48.398438,49.951171875
48.400391,50.35400390625
48.402344,50.35400390625
48.404297,50.35400390625
48.40625,44.110107421875
48.408203,43.505859375
48.410156,42.7001953125
48.412109,41.693115234375
48.414062,40.68603515625
48.416016,39.88037109375
48.417969,39.07470703125
48.419922,38.470458984375
48.421875,11.480712890625
48.423828,11.480712890625
48.425781,11.68212890625
48.427734,12.0849609375
48.429688,12.890625
48.431641,13.6962890625
48.433594,14.703369140625
48.435547,15.71044921875
48.4375,-2.81982421875
48.439453,-2.01416015625
48.441406,-1.611328125
48.443359,-1.409912109375
48.445312,-1.409912109375
48.447266,-1.812744140625
48.449219,-2.215576171875
48.451172,-3.021240234375
48.453125,-1.20849609375
48.455078,-2.215576171875
48.457031,-3.021240234375
48.458984,-4.0283203125
48.460938,-4.632568359375
48.462891,-5.035400390625
48.464844,-5.23681640625
48.466797,-5.035400390625
48.46875,3.62548828125
48.470703,19.3359375
48.472656,20.1416015625
48.474609,21.148681640625
48.476562,21.954345703125
48.478516,22.96142578125
48.480469,23.76708984375
48.482422,24.371337890625
48.484375,24.57275390625
48.486328,45.9228515625
48.488281,45.721435546875
48.490234,45.318603515625
48.492188,44.512939453125
48.494141,43.707275390625
48.496094,42.7001953125
48.498047,41.693115234375
48.5,40.887451171875
48.501953,40.081787109375
48.503906,39.678955078125
48.505859,39.4775390625
48.507812,39.4775390625
48.509766,40.68603515625
48.511719,41.290283203125
48.513672,20.343017578125
48.515625,21.35009765625
48.517578,22.357177734375
48.519531,23.162841796875
48.521484,23.968505859375
48.523438,24.774169921875
48.525391,25.177001953125
48.527344,25.177001953125
48.529297,25.177001953125
48.53125,1.409912109375
48.533203,0.8056640625
48.535156,0.0
48.537109,-1.007080078125
48.539062,-2.01416015625
48.541016,-2.81982421875
48.542969,-3.62548828125
48.544922,-4.229736328125
48.546875,-4.632568359375
48.548828,-8.8623046875
48.550781,-8.45947265625
48.552734,-8.056640625
48.554688,-7.2509765625
48.556641,-6.4453125
48.558594,-5.438232421875
48.560547,-4.43115234375
48.5625,8.258056640625
48.564453,8.8623046875
48.566406,9.466552734375
48.568359,9.66796875
48.570312,9.66796875
48.572266,9.26513671875
48.574219,8.660888671875
48.576172,7.855224609375
48.578125,7.049560546875
48.580078,34.039306640625
48.582031,49.54833984375
48.583984,48.541259765625
48.585938,47.93701171875
48.587891,47.5341796875
48.589844,47.332763671875
48.591797,47.5341796875
48.59375,47.93701171875
48.595703,48.541259765625
48.597656,49.54833984375
48.599609,50.35400390625
48.601562,51.361083984375
48.603516,52.3681640625
48.605469,52.972412109375
48.607422,53.57666015625
48.609375,53.9794921875
48.611328,53.9794921875
48.613281,53.778076171875
48.615234,53.375244140625
48.617188,52.569580078125
48.619141,51.763916015625
48.621094,50.7568359375
48.623047,6.04248046875
48.625,5.23681640625
48.626953,4.43115234375
48.628906,4.0283203125
48.630859,3.826904296875
48.632812,3.826904296875
48.634766,4.229736328125
48.636719,4.632568359375
48.638672,5.438232421875
48.640625,-6.04248046875
48.642578,-5.23681640625
48.644531,-4.229736328125
48.646484,-3.424072265625
48.648438,-2.81982421875
48.650391,-2.4169921875
48.652344,-2.215576171875
48.654297,-2.4169921875
48.65625,4.632568359375
48.658203,4.0283203125
48.660156,3.22265625
48.662109,2.215576171875
48.664062,1.20849609375
48.666016,0.40283203125
48.667969,-0.40283203125
48.669922,-1.007080078125
48.671875,-1.20849609375
48.673828,25.177001953125
48.675781,25.37841796875
48.677734,25.78125
48.679688,26.5869140625
48.681641,27.392578125
48.683594,28.399658203125
48.685547,29.40673828125
48.6875,30.21240234375
48.689453,50.555419921875
48.691406,50.958251953125
48.693359,51.15966796875
48.695312,51.15966796875
48.697266,50.7568359375
48.699219,50.35400390625
48.701172,49.54833984375
48.703125,48.541259765625
48.705078,42.29736328125
48.707031,41.290283203125
48.708984,40.484619140625
48.710938,39.88037109375
48.712891,39.4775390625
48.714844,39.276123046875
48.716797,39.4775390625
48.71875,39.88037109375
48.720703,40.484619140625
48.722656,41.290283203125
48.724609,42.29736328125
48.726562,43.304443359375
48.728516,44.110107421875
48.730469,17.32177734375
48.732422,17.926025390625
48.734375,18.12744140625
48.736328,-4.632568359375
48.738281,-4.833984375
48.740234,-5.438232421875
48.742188,-6.04248046875
48.744141,-7.049560546875
48.746094,-7.855224609375
48.748047,-8.8623046875
48.75,-7.65380859375
48.751953,-8.258056640625
48.753906,-8.8623046875
48.755859,-9.063720703125
48.757812,-9.063720703125
48.759766,-8.660888671875
48.761719,-8.056640625
48.763672,-7.2509765625
48.765625,13.6962890625
48.767578,14.703369140625
48.769531,15.71044921875
48.771484,16.51611328125
48.773438,17.120361328125
48.775391,17.523193359375
48.777344,44.915771484375
48.779297,44.71435546875
48.78125,44.3115234375
48.783203,43.707275390625
48.785156,42.901611328125
48.787109,41.89453125
48.789062,40.887451171875
48.791016,40.081787109375
48.792969,39.276123046875
48.794922,38.671875
48.796875,38.26904296875
48.798828,38.26904296875
48.800781,41.89453125
48.802734,42.498779296875
48.804688,43.10302734375
48.806641,44.110107421875
48.808594,44.915771484375
48.810547,45.9228515625
48.8125,30.413818359375
48.814453,31.01806640625
48.816406,31.622314453125
48.818359,31.82373046875
48.820312,31.82373046875
48.822266,31.4208984375
48.824219,30.816650390625
48.826172,30.21240234375
48.828125,29.205322265625
48.830078,28.1982421875
48.832031,27.392578125
48.833984,26.385498046875
48.835938,25.78125
48.837891,25.37841796875
48.839844,25.177001953125
48.841797,-7.2509765625
48.84375,-13.29345703125
48.845703,-12.689208984375
48.847656,-11.883544921875
48.849609,-10.87646484375
48.851562,-9.869384765625
48.853516,-9.063720703125
48.855469,-8.258056640625
48.857422,-7.65380859375
48.859375,-7.2509765625
48.861328,10.675048828125
48.863281,10.4736328125
48.865234,10.07080078125
48.867188,9.26513671875
48.869141,8.45947265625
48.871094,7.452392578125
48.873047,6.4453125
48.875,5.6396484375
48.876953,31.01806640625
48.878906,30.413818359375
48.880859,30.21240234375
48.882812,30.21240234375
48.884766,30.615234375
48.886719,31.219482421875
48.888672,32.025146484375
48.890625,32.830810546875
48.892578,45.9228515625
48.894531,46.728515625
48.896484,47.5341796875
48.898438,48.33984375
48.900391,48.74267578125
48.902344,48.74267578125
48.904297,48.74267578125
48.90625,48.33984375
48.908203,38.873291015625
48.910156,38.067626953125
48.912109,37.060546875
48.914062,36.053466796875
48.916016,35.247802734375
48.917969,34.442138671875
48.919922,33.837890625
48.921875,33.43505859375
48.923828,4.833984375
48.925781,5.035400390625
48.927734,5.6396484375
48.929688,6.243896484375
48.931641,7.2509765625
48.933594,8.056640625
48.935547,9.063720703125
48.9375,9.869384765625
48.939453,10.675048828125
48.941406,11.077880859375
48.943359,11.480712890625
48.945312,11.279296875
48.947266,-2.4169921875
48.949219,-3.021240234375
48.951172,-3.826904296875
48.953125,-4.632568359375
48.955078,-5.6396484375
48.957031,-6.646728515625
48.958984,-7.452392578125
48.960938,-8.056640625
48.962891,-8.45947265625
48.964844,-8.660888671875
48.966797,-8.45947265625
48.96875,18.5302734375
48.970703,19.134521484375
48.972656,43.707275390625
48.974609,44.512939453125
48.976562,45.52001953125
48.978516,46.527099609375
48.980469,47.13134765625
48.982422,47.735595703125
48.984375,48.138427734375
48.986328,48.138427734375
48.988281,47.93701171875
48.990234,47.332763671875
48.992188,46.728515625
48.994141,45.9228515625
48.996094,44.915771484375
48.998047,43.90869140625
49.0,43.10302734375
49.001953,42.29736328125
49.003906,41.89453125
49.005859,41.693115234375
49.007812,37.46337890625
49.009766,37.8662109375
49.011719,38.470458984375
49.013672,39.07470703125
49.015625,40.081787109375
49.017578,22.55859375
49.019531,16.51611328125
49.021484,17.32177734375
49.023438,17.926025390625
49.025391,18.328857421875
49.027344,18.5302734375
49.029297,18.328857421875
49.03125,17.926025390625
49.033203,17.32177734375
49.035156,-3.424072265625
49.037109,-4.229736328125
49.039062,-5.23681640625
49.041016,-6.243896484375
49.042969,-7.049560546875
49.044922,-7.452392578125
49.046875,-7.855224609375
49.048828,-7.855224609375
49.050781,-7.65380859375
49.052734,-7.2509765625
49.054688,-6.4453125
49.056641,-5.6396484375
49.058594,-4.632568359375
49.060547,-3.62548828125
49.0625,-2.81982421875
49.064453,23.76708984375
49.066406,24.371337890625
49.068359,24.57275390625
49.070312,24.57275390625
49.072266,24.169921875
49.074219,23.565673828125
49.076172,22.760009765625
49.078125,21.954345703125
49.080078,20.947265625
49.082031,19.940185546875
49.083984,36.053466796875
49.085938,35.44921875
49.087891,35.04638671875
49.089844,34.844970703125
49.091797,35.04638671875
49.09375,35.44921875
49.095703,36.053466796875
49.097656,37.060546875
49.099609,44.915771484375
49.101562,45.9228515625
49.103516,46.929931640625
49.105469,47.735595703125
49.107422,48.138427734375
49.109375,48.541259765625
49.111328,48.541259765625
49.113281,48.33984375
49.115234,31.4208984375
49.117188,30.615234375
49.119141,29.8095703125
49.121094,28.802490234375
49.123047,27.79541015625
49.125,26.98974609375
49.126953,26.18408203125
49.128906,25.78125
49.130859,-0.40283203125
49.132812,-0.40283203125
49.134766,0.0
49.136719,0.604248046875
49.138672,1.20849609375
49.140625,2.215576171875
49.142578,3.22265625
49.144531,4.0283203125
49.146484,-8.8623046875
49.148438,-8.258056640625
49.150391,-7.855224609375
49.152344,-7.65380859375
49.154297,-7.855224609375
49.15625,-8.258056640625
49.158203,-8.8623046875
49.160156,-9.66796875
49.162109,-10.675048828125
49.164062,-11.68212890625
49.166016,-12.48779296875
49.167969,5.6396484375
49.169922,5.23681640625
49.171875,4.833984375
49.173828,4.833984375
49.175781,31.82373046875
49.177734,32.2265625
49.179688,33.0322265625
49.181641,33.837890625
49.183594,34.844970703125
49.185547,35.85205078125
49.1875,36.65771484375
49.189453,37.46337890625
49.191406,37.8662109375
49.193359,49.1455078125
49.195312,49.1455078125
49.197266,48.74267578125
49.199219,48.138427734375
49.201172,47.332763671875
49.203125,46.527099609375
49.205078,45.52001953125
49.207031,44.512939453125
49.208984,39.07470703125
49.210938,32.427978515625
49.212891,32.025146484375
49.214844,32.025146484375
49.216797,32.025146484375
49.21875,32.427978515625
49.220703,33.233642578125
49.222656,34.039306640625
49.224609,8.258056640625
49.226562,9.063720703125
49.228516,10.07080078125
49.230469,10.87646484375
49.232422,11.480712890625
49.234375,11.68212890625
49.236328,11.68212890625
49.238281,11.480712890625
49.240234,-6.243896484375
49.242188,-6.84814453125
49.244141,-7.855224609375
49.246094,-8.660888671875
49.248047,-9.66796875
49.25,-10.4736328125
49.251953,-11.279296875
49.253906,-11.883544921875
49.255859,-7.049560546875
49.257812,-7.049560546875
49.259766,-6.646728515625
49.261719,-6.04248046875
49.263672,-5.438232421875
49.265625,-4.43115234375
49.267578,-3.424072265625
49.269531,-2.618408203125
49.271484,-1.812744140625
49.273438,-1.007080078125
49.275391,-0.604248046875
49.277344,-0.604248046875
49.279297,-0.604248046875
49.28125,23.968505859375
49.283203,23.3642578125
49.285156,44.3115234375
49.287109,43.304443359375
49.289062,42.498779296875
49.291016,41.49169921875
49.292969,40.68603515625
49.294922,40.081787109375
49.296875,39.88037109375
49.298828,39.678955078125
49.300781,40.081787109375
49.302734,42.901611328125
49.304688,43.707275390625
49.306641,44.512939453125
49.308594,45.52001953125
49.310547,46.527099609375
49.3125,47.332763671875
49.314453,48.138427734375
49.316406,48.541259765625
49.318359,25.579833984375
49.320312,25.37841796875
49.322266,25.177001953125
49.324219,24.57275390625
49.326172,23.76708984375
49.328125,22.760009765625
49.330078,21.954345703125
49.332031,20.947265625
49.333984,-3.62548828125
49.335938,-4.229736328125
49.337891,-4.632568359375
49.339844,-4.833984375
49.341797,-4.632568359375
49.34375,-4.229736328125
49.345703,-3.62548828125
49.347656,-2.618408203125
49.349609,-5.23681640625
49.351562,-4.229736328125
49.353516,-3.22265625
49.355469,-2.618408203125
49.357422,-2.01416015625
49.359375,-1.611328125
49.361328,-1.611328125
49.363281,17.120361328125
49.365234,16.717529296875
49.367188,15.911865234375
49.369141,15.106201171875
49.371094,14.09912109375
49.373047,13.092041015625
49.375,12.286376953125
49.376953,11.480712890625
49.378906,11.077880859375
49.380859,10.87646484375
49.382812,10.87646484375
49.384766,11.077880859375
49.386719,11.68212890625
49.388672,12.48779296875
49.390625,13.494873046875
49.392578,50.555419921875
49.394531,51.5625
49.396484,52.3681640625
49.398438,52.972412109375
49.400391,53.375244140625
49.402344,53.57666015625
49.404297,53.375244140625
49.40625,52.972412109375
49.408203,52.3681640625
49.410156,51.5625
49.412109,36.859130859375
49.414062,35.85205078125
49.416016,34.844970703125
49.417969,34.24072265625
49.419922,33.636474609375
49.421875,33.233642578125
49.423828,33.233642578125
49.425781,33.43505859375
49.427734,4.833984375
49.429688,5.6396484375
49.431641,6.4453125
49.433594,7.452392578125
49.435547,8.45947265625
49.4375,9.26513671875
49.439453,10.07080078125
49.441406,-5.6396484375
49.443359,-5.438232421875
49.445312,-5.438232421875
49.447266,-5.841064453125
49.449219,-6.4453125
49.451172,-7.2509765625
49.453125,-8.056640625
49.455078,-9.063720703125
49.457031,-10.07080078125
49.458984,0.8056640625
49.460938,0.201416015625
49.462891,-0.201416015625
49.464844,-0.40283203125
49.466797,-0.201416015625
49.46875,0.201416015625
49.470703,0.8056640625
49.472656,26.385498046875
49.474609,27.392578125
49.476562,28.399658203125
49.478516,29.205322265625
49.480469,30.010986328125
49.482422,30.615234375
49.484375,30.816650390625
49.486328,31.01806640625
49.488281,30.816650390625
49.490234,30.21240234375
49.492188,29.40673828125
49.494141,28.60107421875
49.496094,27.593994140625
49.498047,45.721435546875
49.5,44.71435546875
49.501953,44.110107421875
49.503906,39.276123046875
49.505859,38.873291015625
49.507812,39.07470703125
49.509766,39.276123046875
49.511719,39.88037109375
49.513672,40.68603515625
49.515625,41.49169921875
49.517578,42.498779296875
49.519531,43.505859375
49.521484,16.9189453125
49.523438,17.523193359375
49.525391,17.926025390625
49.527344,18.12744140625
49.529297,17.926025390625
49.53125,17.523193359375
49.533203,16.9189453125
49.535156,15.911865234375
49.537109,15.106201171875
49.539062,-6.243896484375
49.541016,-7.2509765625
49.542969,-8.056640625
49.544922,-8.45947265625
49.546875,-8.8623046875
49.548828,-8.8623046875
49.550781,-8.660888671875
49.552734,-5.035400390625
49.554688,-4.43115234375
49.556641,-3.424072265625
49.558594,21.148681640625
49.560547,22.15576171875
49.5625,22.96142578125
49.564453,23.76708984375
49.566406,24.371337890625
49.568359,24.57275390625
49.570312,24.371337890625
49.572266,24.169921875
49.574219,23.565673828125
49.576172,22.760009765625
49.578125,21.954345703125
49.580078,20.947265625
49.582031,19.940185546875
49.583984,19.134521484375
49.585938,18.5302734375
49.587891,35.247802734375
49.589844,38.873291015625
49.591797,39.07470703125
49.59375,39.4775390625
49.595703,40.081787109375
49.597656,40.887451171875
49.599609,41.89453125
49.601562,42.901611328125
49.603516,43.707275390625
49.605469,44.512939453125
49.607422,45.1171875
49.609375,50.958251953125
49.611328,46.32568359375
49.613281,46.124267578125
49.615234,24.57275390625
49.617188,23.968505859375
49.619141,22.96142578125
49.621094,22.15576171875
49.623047,21.148681640625
49.625,20.343017578125
49.626953,19.537353515625
49.628906,18.93310546875
49.630859,18.731689453125
49.632812,-6.04248046875
49.634766,-5.6396484375
49.636719,-5.035400390625
49.638672,-4.229736328125
49.640625,-3.424072265625
49.642578,-2.4169921875
49.644531,-1.409912109375
49.646484,-0.604248046875
49.648438,0.0
49.650391,-4.632568359375
49.652344,-4.43115234375
49.654297,-4.632568359375
49.65625,-5.035400390625
49.658203,-5.6396484375
49.660156,-6.4453125
49.662109,-7.452392578125
49.664062,13.6962890625
49.666016,12.689208984375
49.667969,11.883544921875
49.669922,11.279296875
49.671875,11.077880859375
49.673828,10.87646484375
49.675781,11.279296875
49.677734,11.68212890625
49.679688,12.48779296875
49.681641,39.678955078125
49.683594,40.68603515625
49.685547,41.693115234375
49.6875,42.498779296875
49.689453,43.304443359375
49.691406,43.707275390625
49.693359,43.90869140625
49.695312,43.90869140625
49.697266,47.735595703125
49.699219,47.332763671875
49.701172,46.527099609375
49.703125,45.52001953125
49.705078,44.512939453125
49.707031,43.707275390625
49.708984,42.901611328125
49.710938,42.095947265625
49.712891,41.693115234375
49.714844,41.693115234375
49.716797,41.693115234375
49.71875,42.095947265625
49.720703,42.901611328125
49.722656,43.707275390625
49.724609,2.215576171875
49.726562,3.22265625
49.728516,4.229736328125
49.730469,4.833984375
49.732422,5.438232421875
49.734375,5.841064453125
49.736328,5.841064453125
49.738281,5.6396484375
49.740234,5.23681640625
49.742188,4.43115234375
49.744141,-8.8623046875
49.746094,-9.66796875
49.748047,-10.675048828125
49.75,-11.480712890625
49.751953,-12.286376953125
49.753906,4.632568359375
49.755859,4.43115234375
49.757812,4.43115234375
49.759766,4.833984375
49.761719,5.23681640625
49.763672,6.04248046875
49.765625,7.049560546875
49.767578,8.056640625
49.769531,8.8623046875
49.771484,9.66796875
49.773438,10.4736328125
49.775391,10.87646484375
49.777344,31.4208984375
49.779297,31.219482421875
49.78125,30.816650390625
49.783203,30.21240234375
49.785156,29.40673828125
49.787109,28.399658203125
49.789062,27.392578125
49.791016,44.915771484375
49.792969,44.110107421875
49.794922,43.505859375
49.796875,43.304443359375
49.798828,43.10302734375
49.800781,43.304443359375
49.802734,43.90869140625
49.804688,44.512939453125
49.806641,39.678955078125
49.808594,40.68603515625
49.810547,41.693115234375
49.8125,42.498779296875
49.814453,43.304443359375
49.816406,43.707275390625
49.818359,43.90869140625
49.820312,43.90869140625
49.822266,43.505859375
49.824219,42.901611328125
49.826172,42.29736328125
49.828125,41.290283203125
49.830078,15.106201171875
49.832031,14.09912109375
49.833984,13.29345703125
49.835938,12.689208984375
49.837891,-9.869384765625
49.839844,-10.07080078125
49.841797,-9.869384765625
49.84375,-9.466552734375
49.845703,-8.8623046875
49.847656,-8.056640625
49.849609,-7.049560546875
49.851562,-6.04248046875
49.853516,-5.23681640625
49.855469,-2.215576171875
49.857422,-1.812744140625
49.859375,-1.409912109375
49.861328,-1.409912109375
49.863281,-1.611328125
49.865234,-2.01416015625
49.867188,-2.81982421875
49.869141,-3.62548828125
49.871094,21.35009765625
49.873047,20.343017578125
49.875,19.537353515625
49.876953,18.731689453125
49.878906,18.328857421875
49.880859,18.12744140625
49.882812,18.12744140625
49.884766,18.5302734375
49.886719,19.134521484375
49.888672,42.7001953125
49.890625,43.505859375
49.892578,44.512939453125
49.894531,45.52001953125
49.896484,46.32568359375
49.898438,46.929931640625
49.900391,47.332763671875
49.902344,47.735595703125
49.904297,47.5341796875
49.90625,47.13134765625
49.908203,46.527099609375
49.910156,45.52001953125
49.912109,44.71435546875
49.914062,43.707275390625
49.916016,42.7001953125
49.917969,42.095947265625
49.919922,41.49169921875
49.921875,41.0888671875
49.923828,41.0888671875
49.925781,41.290283203125
49.927734,41.89453125
49.929688,42.498779296875
49.931641,-4.632568359375
49.933594,-3.826904296875
49.935547,-2.81982421875
49.9375,-1.812744140625
49.939453,-1.20849609375
49.941406,-0.604248046875
49.943359,-0.40283203125
49.945312,-0.604248046875
49.947266,-0.8056640625
49.949219,-4.229736328125
49.951172,-7.2509765625
49.953125,-8.258056640625
49.955078,-9.26513671875
49.957031,-10.07080078125
49.958984,-10.87646484375
49.960938,-11.68212890625
49.962891,-12.0849609375
49.964844,-12.0849609375
49.966797,-12.0849609375
49.96875,11.279296875
49.970703,12.0849609375
49.972656,12.890625
49.974609,13.6962890625
49.976562,14.703369140625
49.978516,15.71044921875
49.980469,16.51611328125
49.982422,44.110107421875
49.984375,44.3115234375
49.986328,44.512939453125
49.988281,44.3115234375
49.990234,43.707275390625
49.992188,42.901611328125
49.994141,42.095947265625
49.996094,41.0888671875
49.998047,44.512939453125
50.0,43.707275390625
50.001953,42.901611328125
50.003906,42.498779296875
50.005859,42.29736328125
50.007812,42.29736328125
50.009766,42.498779296875
50.011719,43.10302734375
50.013672,43.90869140625
50.015625,28.399658203125
50.017578,29.40673828125
50.019531,30.21240234375
50.021484,31.01806640625
50.023438,31.82373046875
50.025391,32.2265625
50.027344,32.2265625
50.029297,32.2265625
50.03125,31.82373046875
50.033203,16.51611328125
50.035156,3.826904296875
50.037109,2.81982421875
50.039062,1.812744140625
50.041016,1.007080078125
50.042969,0.201416015625
50.044922,-0.40283203125
50.046875,-11.077880859375
50.048828,-11.077880859375
50.050781,-10.87646484375
50.052734,-10.4736328125
50.054688,-9.66796875
50.056641,-8.8623046875
50.058594,-7.855224609375
50.060547,-6.84814453125
50.0625,10.272216796875
50.064453,11.077880859375
50.066406,11.480712890625
50.068359,11.68212890625
50.070312,11.68212890625
50.072266,11.279296875
50.074219,10.87646484375
50.076172,10.07080078125
50.078125,9.063720703125
50.080078,33.233642578125
50.082031,32.2265625
50.083984,31.4208984375
50.085938,30.816650390625
50.087891,30.413818359375
50.089844,30.21240234375
50.091797,30.413818359375
50.09375,45.52001953125
50.095703,46.124267578125
50.097656,47.13134765625
50.099609,47.93701171875
50.101562,48.944091796875
50.103516,49.951171875
50.105469,50.555419921875
50.107422,51.15966796875
50.109375,51.5625
50.111328,38.067626953125
50.113281,37.8662109375
50.115234,37.46337890625
50.117188,36.65771484375
50.119141,35.85205078125
50.121094,34.844970703125
50.123047,33.837890625
50.125,33.0322265625
50.126953,5.841064453125
50.128906,5.23681640625
50.130859,5.035400390625
50.132812,5.23681640625
50.134766,5.438232421875
50.136719,6.04248046875
50.138672,6.84814453125
50.140625,7.65380859375
50.142578,8.660888671875
50.144531,-4.43115234375
50.146484,-3.62548828125
50.148438,-3.021240234375
50.150391,-2.618408203125
50.152344,-2.4169921875
50.154297,-2.618408203125
50.15625,-3.021240234375
50.158203,-3.62548828125
50.160156,1.20849609375
50.162109,0.40283203125
50.164062,-0.604248046875
50.166016,-1.611328125
50.167969,-2.215576171875
50.169922,-2.81982421875
50.171875,-3.22265625
50.173828,24.371337890625
50.175781,24.57275390625
50.177734,24.9755859375
50.179688,25.78125
50.181641,26.5869140625
50.183594,27.593994140625
50.185547,28.60107421875
50.1875,29.40673828125
50.189453,30.21240234375
50.191406,52.166748046875
50.193359,52.3681640625
50.195312,52.3681640625
50.197266,51.96533203125
50.199219,51.361083984375
50.201172,50.555419921875
50.203125,49.749755859375
50.205078,48.74267578125
50.207031,47.735595703125
50.208984,37.46337890625
50.210938,36.859130859375
50.212891,36.456298828125
50.214844,36.2548828125
50.216797,36.456298828125
50.21875,36.859130859375
50.220703,37.46337890625
50.222656,13.29345703125
50.224609,14.09912109375
50.226562,15.106201171875
50.228516,16.11328125
50.230469,16.717529296875
50.232422,17.32177734375
50.234375,17.724609375
50.236328,17.724609375
50.238281,-3.62548828125
50.240234,-4.0283203125
50.242188,-4.833984375
50.244141,-5.6396484375
50.246094,-6.646728515625
50.248047,-7.65380859375
50.25,-8.45947265625
50.251953,-9.26513671875
50.253906,-9.66796875
50.255859,-9.869384765625
50.257812,-9.869384765625
50.259766,-9.466552734375
50.261719,-9.063720703125
50.263672,-8.258056640625
50.265625,-3.021240234375
50.267578,-2.01416015625
50.269531,22.760009765625
50.271484,23.565673828125
50.273438,24.169921875
50.275391,24.57275390625
50.277344,24.774169921875
50.279297,24.57275390625
50.28125,24.169921875
50.283203,23.565673828125
50.285156,22.760009765625
50.287109,45.9228515625
50.289062,44.915771484375
50.291016,43.90869140625
50.292969,43.304443359375
50.294922,42.7001953125
50.296875,42.29736328125
50.298828,42.29736328125
50.300781,42.498779296875
50.302734,42.095947265625
50.304688,42.7001953125
50.306641,43.707275390625
50.308594,44.512939453125
50.310547,45.52001953125
50.3125,46.32568359375
50.314453,47.13134765625
50.316406,25.177001953125
50.318359,25.37841796875
50.320312,25.37841796875
50.322266,24.9755859375
50.324219,24.371337890625
50.326172,23.565673828125
50.328125,22.760009765625
50.330078,21.7529296875
50.332031,20.745849609375
50.333984,19.940185546875
50.335938,-3.424072265625
50.337891,-4.0283203125
50.339844,-10.4736328125
50.341797,-10.272216796875
50.34375,-9.869384765625
50.345703,-9.26513671875
50.347656,-8.45947265625
50.349609,-7.452392578125
50.351562,-6.4453125
50.353516,-5.6396484375
50.355469,-4.833984375
50.357422,-4.229736328125
50.359375,-4.0283203125
50.361328,-3.826904296875
50.363281,-4.0283203125
50.365234,-4.632568359375
50.367188,-5.23681640625
50.369141,-6.243896484375
50.371094,-7.2509765625
50.373047,-8.056640625
50.375,-9.063720703125
50.376953,-9.66796875
50.378906,36.65771484375
50.380859,36.456298828125
50.382812,36.456298828125
50.384766,36.859130859375
50.386719,37.46337890625
50.388672,38.26904296875
50.390625,39.07470703125
50.392578,40.081787109375
50.394531,48.541259765625
50.396484,49.346923828125
50.398438,49.951171875
50.400391,50.35400390625
50.402344,50.555419921875
50.404297,50.35400390625
50.40625,49.951171875
50.408203,49.346923828125
50.410156,48.541259765625
50.412109,37.261962890625
50.414062,36.2548828125
50.416016,35.247802734375
50.417969,34.442138671875
50.419922,34.039306640625
50.421875,33.636474609375
50.423828,33.636474609375
50.425781,33.837890625
50.427734,4.632568359375
50.429688,5.23681640625
50.431641,6.04248046875
50.433594,7.049560546875
50.435547,8.056640625
50.4375,8.8623046875
50.439453,9.66796875
50.441406,10.07080078125
50.443359,-3.424072265625
50.445312,-3.424072265625
50.447266,-3.826904296875
50.449219,-4.229736328125
50.451172,-5.035400390625
50.453125,-6.04248046875
50.455078,-7.049560546875
50.457031,0.40283203125
50.458984,-0.40283203125
50.460938,-1.007080078125
50.462891,-1.409912109375
50.464844,-1.611328125
50.466797,-1.409912109375
50.46875,-1.007080078125
50.470703,-0.40283203125
50.472656,0.40283203125
50.474609,1.409912109375
50.476562,28.802490234375
50.478516,29.8095703125
50.480469,30.615234375
50.482422,31.01806640625
50.484375,31.4208984375
50.486328,31.4208984375
50.488281,31.219482421875
50.490234,30.816650390625
50.492188,30.010986328125
50.494141,29.205322265625
50.496094,46.929931640625
50.498047,45.9228515625
50.5,45.1171875
50.501953,44.3115234375
50.503906,35.85205078125
50.505859,35.650634765625
50.507812,35.650634765625
50.509766,36.053466796875
50.511719,36.456298828125
50.513672,37.261962890625
50.515625,38.26904296875
50.517578,39.276123046875
50.519531,40.081787109375
50.521484,16.717529296875
50.523438,17.523193359375
50.525391,17.926025390625
50.527344,17.926025390625
50.529297,17.926025390625
50.53125,17.523193359375
50.533203,16.717529296875
50.535156,-3.424072265625
50.537109,-4.229736328125
50.539062,-5.23681640625
50.541016,-6.243896484375
50.542969,-6.84814453125
50.544922,-7.452392578125
50.546875,-7.855224609375
50.548828,-7.855224609375
50.550781,-7.65380859375
50.552734,-6.646728515625
50.554688,-5.841064453125
50.556641,-5.035400390625
50.558594,-4.0283203125
50.560547,-3.22265625
50.5625,-2.215576171875
50.564453,-1.611328125
50.566406,17.523193359375
50.568359,17.724609375
50.570312,17.724609375
50.572266,17.32177734375
50.574219,16.9189453125
50.576172,16.11328125
50.578125,15.106201171875
50.580078,14.09912109375
50.582031,13.29345703125
50.583984,12.48779296875
50.585938,11.68212890625
50.587891,11.279296875
50.589844,11.279296875
50.591797,11.279296875
50.59375,11.68212890625
50.595703,47.332763671875
50.597656,48.138427734375
50.599609,49.1455078125
50.601562,50.152587890625
50.603516,50.958251953125
50.605469,51.763916015625
50.607422,52.3681640625
50.609375,52.77099609375
50.611328,52.77099609375
50.613281,52.569580078125
50.615234,31.01806640625
50.617188,30.21240234375
50.619141,29.40673828125
50.621094,28.399658203125
50.623047,27.392578125
50.625,26.5869140625
50.626953,25.78125
50.628906,-2.215576171875
50.630859,-2.4169921875
50.632812,-2.4169921875
50.634766,-2.01416015625
50.636719,-1.409912109375
50.638672,-0.604248046875
50.640625,0.201416015625
50.642578,1.20849609375
50.644531,2.215576171875
50.646484,-7.049560546875
50.648438,-6.4453125
50.650391,-5.841064453125
50.652344,-5.841064453125
50.654297,-5.841064453125
50.65625,-6.4453125
50.658203,-7.049560546875
50.660156,-7.855224609375
50.662109,-8.8623046875
50.664062,8.056640625
50.666016,7.049560546875
50.667969,6.243896484375
50.669922,5.6396484375
50.671875,5.438232421875
50.673828,5.23681640625
50.675781,5.6396484375
50.677734,33.636474609375
50.679688,34.442138671875
50.681641,35.247802734375
50.683594,36.2548828125
50.685547,37.060546875
50.6875,38.067626953125
50.689453,38.671875
50.691406,39.276123046875
50.693359,39.4775390625
50.695312,39.4775390625
50.697266,39.07470703125
50.699219,38.470458984375
50.701172,51.96533203125
50.703125,50.958251953125
50.705078,50.152587890625
50.707031,49.1455078125
50.708984,34.6435546875
50.710938,33.837890625
50.712891,33.43505859375
50.714844,33.43505859375
50.716797,33.43505859375
50.71875,33.837890625
50.720703,34.6435546875
50.722656,35.44921875
50.724609,8.056640625
50.726562,9.063720703125
50.728516,9.869384765625
50.730469,-3.424072265625
50.732422,-3.021240234375
50.734375,-2.618408203125
50.736328,-2.618408203125
50.738281,-2.81982421875
50.740234,-3.22265625
50.742188,-4.0283203125
50.744141,-4.833984375
50.746094,-5.841064453125
50.748047,-6.84814453125
50.75,-7.65380859375
50.751953,-8.45947265625
50.753906,-8.8623046875
50.755859,-9.063720703125
50.757812,0.0
50.759766,0.40283203125
50.761719,0.8056640625
50.763672,1.611328125
50.765625,2.618408203125
50.767578,3.62548828125
50.769531,4.43115234375
50.771484,5.23681640625
50.773438,30.21240234375
50.775391,30.615234375
50.777344,30.816650390625
50.779297,30.615234375
50.78125,30.21240234375
50.783203,29.608154296875
50.785156,28.802490234375
50.787109,27.79541015625
50.789062,44.3115234375
50.791016,43.304443359375
50.792969,42.7001953125
50.794922,42.095947265625
50.796875,41.693115234375
50.798828,41.693115234375
50.800781,41.89453125
50.802734,42.498779296875
50.804688,43.10302734375
50.806641,43.90869140625
50.808594,44.915771484375
50.810547,45.9228515625
50.8125,46.728515625
50.814453,47.5341796875
50.816406,25.177001953125
50.818359,25.37841796875
50.820312,25.37841796875
50.822266,24.9755859375
50.824219,24.371337890625
50.826172,23.76708984375
50.828125,22.760009765625
50.830078,21.7529296875
50.832031,20.947265625
50.833984,20.1416015625
50.835938,-7.049560546875
50.837891,-7.452392578125
50.839844,-7.452392578125
50.841797,-7.452392578125
50.84375,-7.049560546875
50.845703,-6.243896484375
50.847656,-5.438232421875
50.849609,-4.632568359375
50.851562,-3.826904296875
50.853516,-3.021240234375
50.855469,-2.215576171875
50.857422,-1.611328125
50.859375,-1.409912109375
50.861328,-1.20849609375
50.863281,-1.611328125
50.865234,-2.01416015625
50.867188,16.314697265625
50.869141,15.509033203125
50.871094,14.501953125
50.873047,13.494873046875
50.875,12.689208984375
50.876953,11.883544921875
50.878906,11.480712890625
50.880859,11.279296875
50.882812,11.279296875
50.884766,37.46337890625
50.886719,38.067626953125
50.888672,38.873291015625
50.890625,39.678955078125
50.892578,40.68603515625
50.894531,41.693115234375
50.896484,42.498779296875
50.898438,49.749755859375
50.900391,50.152587890625
50.902344,50.35400390625
50.904297,50.152587890625
50.90625,49.749755859375
50.908203,49.1455078125
50.910156,48.33984375
50.912109,47.332763671875
50.914062,46.32568359375
50.916016,45.52001953125
50.917969,44.71435546875
50.919922,44.110107421875
50.921875,26.385498046875
50.923828,26.18408203125
50.925781,-0.8056640625
50.927734,-0.201416015625
50.929688,0.40283203125
50.931641,1.409912109375
50.933594,2.4169921875
50.935547,3.22265625
50.9375,4.229736328125
50.939453,4.833984375
50.941406,5.438232421875
50.943359,5.6396484375
50.945312,-3.826904296875
50.947266,-4.229736328125
50.949219,-4.833984375
50.951172,-5.6396484375
50.953125,-6.4453125
50.955078,-7.452392578125
50.957031,-8.45947265625
50.958984,-9.26513671875
50.960938,-9.869384765625
50.962891,5.23681640625
50.964844,5.035400390625
50.966797,5.23681640625
50.96875,5.6396484375
50.970703,6.243896484375
50.972656,7.049560546875
50.974609,8.056640625
50.976562,35.85205078125
50.978516,36.859130859375
50.980469,37.664794921875
50.982422,38.26904296875
50.984375,38.470458984375
50.986328,38.470458984375
50.988281,38.26904296875
50.990234,37.8662109375
50.992188,51.96533203125
50.994141,51.15966796875
50.996094,50.152587890625
50.998047,49.1455078125
51.0,48.33984375
51.001953,47.5341796875
51.003906,47.13134765625
51.005859,46.929931640625
51.007812,46.929931640625
51.009766,31.4208984375
51.011719,32.025146484375
51.013672,32.830810546875
51.015625,33.636474609375
51.017578,34.6435546875
51.019531,35.650634765625
51.021484,36.456298828125
51.023438,37.060546875
51.025391,10.4736328125
51.027344,10.675048828125
51.029297,10.4736328125
51.03125,10.07080078125
51.033203,9.466552734375
51.035156,8.660888671875
51.037109,7.65380859375
51.039062,6.646728515625
51.041016,-7.2509765625
51.042969,-8.056640625
51.044922,-8.660888671875
51.046875,-8.8623046875
51.048828,-9.063720703125
51.050781,-8.660888671875
51.052734,-8.258056640625
51.054688,-7.452392578125
51.056641,-6.646728515625
51.058594,1.20849609375
51.060547,2.215576171875
51.0625,3.021240234375
51.064453,3.826904296875
51.066406,4.229736328125
51.068359,4.43115234375
51.070312,4.43115234375
51.072266,30.615234375
51.074219,30.010986328125
51.076172,29.205322265625
51.078125,28.399658203125
51.080078,27.392578125
51.082031,26.385498046875
51.083984,25.579833984375
51.085938,24.9755859375
51.087891,24.57275390625
51.089844,46.32568359375
51.091797,46.32568359375
51.09375,46.728515625
51.095703,47.5341796875
51.097656,48.33984375
51.099609,49.1455078125
51.101562,50.152587890625
51.103516,51.15966796875
51.105469,41.693115234375
51.107422,42.29736328125
51.109375,42.498779296875
51.111328,42.7001953125
51.113281,42.29736328125
51.115234,41.89453125
51.117188,41.0888671875
51.119141,15.509033203125
51.121094,-8.258056640625
51.123047,-9.26513671875
51.125,-10.07080078125
51.126953,-10.87646484375
51.128906,-11.279296875
51.130859,-11.480712890625
51.132812,-11.480712890625
51.134766,-11.077880859375
51.136719,-10.675048828125
51.138672,-9.869384765625
51.140625,-8.8623046875
51.142578,-7.855224609375
51.144531,-7.049560546875
51.146484,-6.243896484375
51.148438,-5.438232421875
51.150391,-5.035400390625
51.152344,-5.035400390625
51.154297,0.8056640625
51.15625,0.40283203125
51.158203,-0.201416015625
51.160156,-1.007080078125
51.162109,-2.01416015625
51.164062,-3.021240234375
51.166016,-3.826904296875
51.167969,19.134521484375
51.169922,18.5302734375
51.171875,18.12744140625
51.173828,18.12744140625
51.175781,18.328857421875
51.177734,18.93310546875
51.179688,19.537353515625
51.181641,20.54443359375
51.183594,41.49169921875
51.185547,42.498779296875
51.1875,43.304443359375
51.189453,44.110107421875
51.191406,44.512939453125
51.193359,44.71435546875
51.195312,44.71435546875
51.197266,44.512939453125
51.199219,48.138427734375
51.201172,47.332763671875
51.203125,46.32568359375
51.205078,45.318603515625
51.207031,44.512939453125
51.208984,43.707275390625
51.210938,42.901611328125
51.212891,42.498779296875
51.214844,25.177001953125
51.216797,25.37841796875
51.21875,25.78125
51.220703,26.385498046875
51.222656,27.191162109375
51.224609,28.1982421875
51.226562,29.205322265625
51.228516,30.010986328125
51.230469,30.816650390625
51.232422,6.4453125
51.234375,6.646728515625
51.236328,6.84814453125
51.238281,6.4453125
51.240234,6.04248046875
51.242188,5.23681640625
51.244141,4.43115234375
51.246094,-7.452392578125
51.248047,-8.45947265625
51.25,-9.466552734375
51.251953,-10.07080078125
51.253906,-10.675048828125
51.255859,-10.87646484375
51.257812,-10.87646484375
51.259766,-10.4736328125
51.261719,-9.869384765625
51.263672,-9.063720703125
51.265625,-8.258056640625
51.267578,-7.2509765625
51.269531,-6.243896484375
51.271484,-5.438232421875
51.273438,-4.833984375
51.275391,37.060546875
51.277344,37.060546875
51.279297,37.060546875
51.28125,36.456298828125
51.283203,35.85205078125
51.285156,35.04638671875
51.287109,34.039306640625
51.289062,33.233642578125
51.291016,32.2265625
51.292969,31.4208984375
51.294922,30.816650390625
51.296875,44.110107421875
51.298828,44.110107421875
51.300781,44.3115234375
51.302734,44.915771484375
51.304688,45.52001953125
51.306641,46.32568359375
51.308594,36.053466796875
51.310547,37.060546875
51.3125,37.8662109375
51.314453,38.671875
51.316406,10.272216796875
51.318359,10.4736328125
51.320312,10.4736328125
51.322266,10.07080078125
51.324219,9.466552734375
51.326172,8.660888671875
51.328125,7.855224609375
51.330078,6.84814453125
51.332031,5.841064453125
51.333984,5.035400390625
51.335938,4.43115234375
51.337891,4.0283203125
51.339844,3.826904296875
51.341797,4.0283203125
51.34375,-12.890625
51.345703,-12.286376953125
51.347656,-11.480712890625
51.349609,-10.4736328125
51.351562,-9.466552734375
51.353516,-8.660888671875
51.355469,3.22265625
51.357422,3.826904296875
51.359375,4.229736328125
51.361328,4.229736328125
51.363281,4.0283203125
51.365234,3.424072265625
51.367188,2.81982421875
51.369141,1.812744140625
51.371094,1.007080078125
51.373047,0.0
51.375,-0.8056640625
51.376953,26.5869140625
51.378906,25.982666015625
51.380859,25.78125
51.382812,25.982666015625
51.384766,26.18408203125
51.386719,26.788330078125
51.388672,27.593994140625
51.390625,44.3115234375
51.392578,45.318603515625
51.394531,46.32568359375
51.396484,47.13134765625
51.398438,47.735595703125
51.400391,48.138427734375
51.402344,48.33984375
51.404297,42.095947265625
51.40625,41.693115234375
51.408203,41.0888671875
51.410156,40.283203125
51.412109,39.276123046875
51.414062,38.26904296875
51.416016,37.46337890625
51.417969,36.65771484375
51.419922,19.134521484375
51.421875,18.731689453125
51.423828,18.731689453125
51.425781,18.93310546875
51.427734,19.537353515625
51.429688,20.1416015625
51.431641,21.148681640625
51.433594,22.15576171875
51.435547,-1.812744140625
51.4375,-0.8056640625
51.439453,-0.201416015625
51.441406,0.40283203125
51.443359,0.604248046875
51.445312,0.604248046875
51.447266,0.201416015625
51.449219,-0.40283203125
51.451172,-5.23681640625
51.453125,-6.243896484375
51.455078,-7.2509765625
51.457031,-8.056640625
51.458984,-8.8623046875
51.460938,-9.66796875
51.462891,-10.07080078125
51.464844,-10.07080078125
51.466797,-10.07080078125
51.46875,11.279296875
51.470703,12.0849609375
51.472656,12.890625
51.474609,13.6962890625
51.476562,14.703369140625
51.478516,15.71044921875
51.480469,16.51611328125
51.482422,16.9189453125
51.484375,17.32177734375
51.486328,43.304443359375
51.488281,43.10302734375
51.490234,42.498779296875
51.492188,41.89453125
51.494141,40.887451171875
51.496094,40.081787109375
51.498047,39.07470703125
51.5,38.26904296875
51.501953,37.46337890625
51.503906,43.10302734375
51.505859,42.901611328125
51.507812,42.901611328125
51.509766,43.304443359375
51.511719,26.5869140625
51.513672,27.392578125
51.515625,28.1982421875
51.517578,29.205322265625
51.519531,30.21240234375
51.521484,31.01806640625
51.523438,31.622314453125
51.525391,32.025146484375
51.527344,32.2265625
51.529297,4.833984375
51.53125,4.43115234375
51.533203,3.826904296875
51.535156,2.81982421875
51.537109,2.01416015625
51.539062,1.007080078125
51.541016,0.0
51.542969,-0.604248046875
51.544922,-1.20849609375
51.546875,-14.300537109375
51.548828,-14.300537109375
51.550781,-14.09912109375
51.552734,-13.494873046875
51.554688,-12.890625
51.556641,-11.883544921875
51.558594,-11.077880859375
51.560547,-10.07080078125
51.5625,-9.063720703125
51.564453,10.07080078125
51.566406,10.4736328125
51.568359,10.87646484375
51.570312,10.675048828125
51.572266,10.4736328125
51.574219,9.869384765625
51.576172,9.063720703125
51.578125,35.247802734375
51.580078,34.24072265625
51.582031,33.233642578125
51.583984,32.427978515625
51.585938,31.82373046875
51.587891,31.4208984375
51.589844,31.219482421875
51.591797,31.4208984375
51.59375,31.82373046875
51.595703,32.427978515625
51.597656,33.233642578125
51.599609,34.24072265625
51.601562,35.247802734375
51.603516,36.053466796875
51.605469,51.96533203125
51.607422,52.569580078125
51.609375,52.972412109375
51.611328,52.972412109375
51.613281,52.77099609375
51.615234,36.65771484375
51.617188,36.053466796875
51.619141,35.04638671875
51.621094,34.039306640625
51.623047,33.233642578125
51.625,32.2265625
51.626953,6.646728515625
51.628906,6.04248046875
51.630859,5.841064453125
51.632812,6.04248046875
51.634766,6.243896484375
51.636719,6.84814453125
51.638672,7.65380859375
51.640625,8.45947265625
51.642578,-8.45947265625
51.644531,-7.65380859375
51.646484,-6.646728515625
51.648438,-6.04248046875
51.650391,-5.6396484375
51.652344,-5.438232421875
51.654297,-5.6396484375
51.65625,-6.04248046875
51.658203,4.632568359375
51.660156,3.826904296875
51.662109,3.021240234375
51.664062,2.01416015625
51.666016,1.007080078125
51.667969,0.201416015625
51.669922,-0.40283203125
51.671875,-0.604248046875
51.673828,24.169921875
51.675781,24.371337890625
51.677734,24.9755859375
51.679688,25.579833984375
51.681641,26.5869140625
51.683594,27.593994140625
51.685547,28.399658203125
51.6875,29.40673828125
51.689453,30.010986328125
51.691406,49.1455078125
51.693359,49.346923828125
51.695312,49.346923828125
51.697266,48.944091796875
51.699219,48.33984375
51.701172,47.735595703125
51.703125,46.728515625
51.705078,45.721435546875
51.707031,38.067626953125
51.708984,37.261962890625
51.710938,36.65771484375
51.712891,36.2548828125
51.714844,36.053466796875
51.716797,36.2548828125
51.71875,36.65771484375
51.720703,19.73876953125
51.722656,20.54443359375
51.724609,21.551513671875
51.726562,22.55859375
51.728516,23.3642578125
51.730469,24.169921875
51.732422,24.774169921875
51.734375,0.8056640625
51.736328,0.8056640625
51.738281,0.604248046875
51.740234,0.0
51.742188,-0.604248046875
51.744141,-1.409912109375
51.746094,-2.4169921875
51.748047,-3.424072265625
51.75,-4.229736328125
51.751953,-9.26513671875
51.753906,-9.66796875
51.755859,-9.869384765625
51.757812,-9.869384765625
51.759766,-9.466552734375
51.761719,-9.063720703125
51.763672,-8.258056640625
51.765625,-7.2509765625
51.767578,14.501953125
51.769531,15.509033203125
51.771484,16.314697265625
51.773438,16.9189453125
51.775391,17.32177734375
51.777344,17.523193359375
51.779297,17.32177734375
51.78125,16.9189453125
51.783203,43.505859375
51.785156,42.7001953125
51.787109,41.693115234375
51.789062,40.68603515625
51.791016,39.88037109375
51.792969,39.07470703125
51.794922,38.470458984375
51.796875,38.067626953125
51.798828,42.901611328125
51.800781,43.10302734375
51.802734,43.707275390625
51.804688,44.3115234375
51.806641,45.1171875
51.808594,46.124267578125
51.810547,47.13134765625
51.8125,47.93701171875
51.814453,48.74267578125
51.816406,49.1455078125
51.818359,49.54833984375
51.820312,49.346923828125
51.822266,32.025146484375
51.824219,31.4208984375
51.826172,30.615234375
51.828125,29.8095703125
51.830078,28.802490234375
51.832031,27.79541015625
51.833984,0.201416015625
51.835938,-0.40283203125
51.837891,-0.8056640625
51.839844,-1.007080078125
51.841797,-0.8056640625
51.84375,-0.40283203125
51.845703,-8.8623046875
51.847656,-8.056640625
51.849609,-7.049560546875
51.851562,-6.243896484375
51.853516,-5.23681640625
51.855469,-4.43115234375
51.857422,-3.826904296875
51.859375,-3.62548828125
51.861328,-3.62548828125
51.863281,10.272216796875
51.865234,9.66796875
51.867188,9.063720703125
51.869141,8.258056640625
51.871094,7.2509765625
51.873047,6.243896484375
51.875,5.438232421875
51.876953,4.632568359375
51.878906,31.622314453125
51.880859,31.4208984375
51.882812,31.622314453125
51.884766,31.82373046875
51.886719,32.427978515625
51.888672,33.233642578125
51.890625,34.039306640625
51.892578,35.04638671875
51.894531,36.053466796875
51.896484,52.3681640625
51.898438,52.972412109375
51.900391,53.375244140625
51.902344,38.671875
51.904297,38.470458984375
51.90625,38.067626953125
51.908203,37.46337890625
51.910156,36.65771484375
51.912109,35.650634765625
51.914062,34.6435546875
51.916016,33.837890625
51.917969,33.0322265625
51.919922,32.427978515625
51.921875,32.2265625
51.923828,32.025146484375
51.925781,32.427978515625
51.927734,32.830810546875
51.929688,33.636474609375
51.931641,7.2509765625
51.933594,8.258056640625
51.935547,9.063720703125
51.9375,10.07080078125
51.939453,10.675048828125
51.941406,-5.23681640625
51.943359,-5.035400390625
51.945312,-5.035400390625
51.947266,-5.438232421875
51.949219,-6.04248046875
51.951172,-6.84814453125
51.953125,-7.65380859375
51.955078,-8.660888671875
51.957031,-9.66796875
51.958984,0.40283203125
51.960938,-0.201416015625
51.962891,-0.604248046875
51.964844,-0.8056640625
51.966797,-0.604248046875
51.96875,-0.201416015625
51.970703,0.40283203125
51.972656,1.20849609375
51.974609,27.79541015625
51.976562,28.802490234375
51.978516,29.608154296875
51.980469,30.413818359375
51.982422,31.01806640625
51.984375,31.219482421875
51.986328,31.4208984375
51.988281,31.01806640625
51.990234,51.15966796875
51.992188,50.35400390625
51.994141,49.54833984375
51.996094,48.541259765625
51.998047,47.5341796875
52.0,46.728515625
52.001953,45.9228515625
52.003906,45.52001953125
52.005859,38.873291015625
52.007812,38.873291015625
52.009766,39.276123046875
52.011719,39.678955078125
52.013672,40.484619140625
52.015625,41.49169921875
52.017578,42.498779296875
52.019531,43.304443359375
52.021484,17.32177734375
52.023438,17.926025390625
52.025391,18.328857421875
52.027344,18.5302734375
52.029297,18.328857421875
52.03125,17.926025390625
52.033203,17.32177734375
52.035156,16.51611328125
52.037109,15.509033203125
52.039062,-5.6396484375
52.041016,-6.4453125
52.042969,-7.2509765625
52.044922,-7.855224609375
52.046875,-8.258056640625
52.048828,-8.258056640625
52.050781,-8.056640625
52.052734,-7.65380859375
52.054688,-7.049560546875
52.056641,-6.04248046875
52.058594,-5.035400390625
52.060547,-4.229736328125
52.0625,-3.22265625
52.064453,-2.618408203125
52.066406,-2.01416015625
52.068359,-1.812744140625
52.070312,24.371337890625
52.072266,24.169921875
52.074219,23.565673828125
52.076172,22.760009765625
52.078125,21.954345703125
52.080078,20.947265625
52.082031,19.940185546875
52.083984,19.134521484375
52.085938,43.505859375
52.087891,43.10302734375
52.089844,43.10302734375
52.091797,43.10302734375
52.09375,43.505859375
52.095703,44.3115234375
52.097656,41.89453125
52.099609,42.7001953125
52.101562,43.707275390625
52.103516,44.71435546875
52.105469,45.318603515625
52.107422,45.9228515625
52.109375,46.32568359375
52.111328,46.32568359375
52.113281,46.124267578125
52.115234,45.52001953125
52.117188,44.915771484375
52.119141,22.96142578125
52.121094,21.954345703125
52.123047,21.148681640625
52.125,20.1416015625
52.126953,19.537353515625
52.128906,18.93310546875
52.130859,18.731689453125
52.132812,-6.4453125
52.134766,-6.243896484375
52.136719,-5.6396484375
52.138672,-4.833984375
52.140625,-4.0283203125
52.142578,-3.021240234375
52.144531,-2.01416015625
52.146484,-1.20849609375
52.148438,-0.604248046875
52.150391,-0.201416015625
52.152344,0.0
52.154297,-0.201416015625
52.15625,-4.833984375
52.158203,-5.23681640625
52.160156,-6.04248046875
52.162109,-7.049560546875
52.164062,13.29345703125
52.166016,12.286376953125
52.167969,11.480712890625
52.169922,10.87646484375
52.171875,10.675048828125
52.173828,10.675048828125
52.175781,10.87646484375
52.177734,11.279296875
52.179688,12.0849609375
52.181641,38.671875
52.183594,39.678955078125
52.185547,40.484619140625
52.1875,41.49169921875
52.189453,42.095947265625
52.191406,42.7001953125
52.193359,42.901611328125
52.195312,42.901611328125
52.197266,42.498779296875
52.199219,47.332763671875
52.201172,46.527099609375
52.203125,45.52001953125
52.205078,44.71435546875
52.207031,43.707275390625
52.208984,42.901611328125
52.210938,42.29736328125
52.212891,41.693115234375
52.214844,41.693115234375
52.216797,24.9755859375
52.21875,25.37841796875
52.220703,25.982666015625
52.222656,26.788330078125
52.224609,27.79541015625
52.226562,28.802490234375
52.228516,4.0283203125
52.230469,4.833984375
52.232422,5.438232421875
52.234375,5.841064453125
52.236328,5.841064453125
52.238281,5.6396484375
52.240234,5.035400390625
52.242188,4.43115234375
52.244141,3.62548828125
52.246094,-9.66796875
52.248047,-10.4736328125
52.25,-11.480712890625
52.251953,-12.0849609375
52.253906,-12.689208984375
52.255859,-12.890625
52.257812,-12.890625
52.259766,-12.48779296875
52.261719,-11.883544921875
52.263672,-11.077880859375
52.265625,-10.272216796875
52.267578,-9.26513671875
52.269531,-8.258056640625
52.271484,-7.452392578125
52.273438,10.272216796875
52.275391,37.46337890625
52.277344,37.46337890625
52.279297,37.46337890625
52.28125,36.859130859375
52.283203,36.2548828125
52.285156,35.44921875
52.287109,34.442138671875
52.289062,33.636474609375
52.291016,32.62939453125
52.292969,47.13134765625
52.294922,46.527099609375
52.296875,46.124267578125
52.298828,46.124267578125
52.300781,46.32568359375
52.302734,46.929931640625
52.304688,47.5341796875
52.306641,48.33984375
52.308594,49.346923828125
52.310547,35.650634765625
52.3125,36.456298828125
52.314453,37.261962890625
52.316406,37.664794921875
52.318359,37.8662109375
52.320312,37.8662109375
52.322266,37.46337890625
52.324219,10.87646484375
52.326172,10.07080078125
52.328125,9.063720703125
52.330078,8.258056640625
52.332031,7.2509765625
52.333984,6.4453125
52.335938,5.841064453125
52.337891,5.438232421875
52.339844,5.23681640625
52.341797,-12.689208984375
52.34375,-12.286376953125
52.345703,-11.68212890625
52.347656,-10.87646484375
52.349609,-9.869384765625
52.351562,-8.8623046875
52.353516,-8.056640625
52.355469,-7.2509765625
52.357422,-6.646728515625
52.359375,-6.243896484375
52.361328,-6.243896484375
52.363281,-6.4453125
52.365234,-7.049560546875
52.367188,-7.65380859375
52.369141,3.22265625
52.371094,29.00390625
52.373047,28.1982421875
52.375,27.191162109375
52.376953,26.5869140625
52.378906,25.982666015625
52.380859,25.78125
52.382812,25.78125
52.384766,26.18408203125
52.386719,26.788330078125
52.388672,27.593994140625
52.390625,45.9228515625
52.392578,46.728515625
52.394531,47.735595703125
52.396484,48.541259765625
52.398438,49.1455078125
52.400391,49.749755859375
52.402344,49.749755859375
52.404297,49.749755859375
52.40625,44.915771484375
52.408203,44.3115234375
52.410156,43.505859375
52.412109,42.498779296875
52.414062,41.49169921875
52.416016,40.68603515625
52.417969,39.88037109375
52.419922,39.276123046875
52.421875,11.68212890625
52.423828,11.480712890625
52.425781,11.883544921875
52.427734,12.286376953125
52.429688,13.092041015625
52.431641,13.897705078125
52.433594,14.90478515625
52.435547,15.911865234375
52.4375,-6.646728515625
52.439453,-5.841064453125
52.441406,-5.438232421875
52.443359,-5.035400390625
52.445312,-5.23681640625
52.447266,-5.438232421875
52.449219,-6.04248046875
52.451172,-6.84814453125
52.453125,-2.4169921875
52.455078,-3.22265625
52.457031,-4.229736328125
52.458984,-5.035400390625
52.460938,-5.6396484375
52.462891,-6.04248046875
52.464844,-6.243896484375
52.466797,-6.04248046875
52.46875,-5.6396484375
52.470703,-5.035400390625
52.472656,-4.229736328125
52.474609,-3.22265625
52.476562,-2.4169921875
52.478516,-1.409912109375
52.480469,43.304443359375
52.482422,43.90869140625
52.484375,44.3115234375
52.486328,44.3115234375
52.488281,52.77099609375
52.490234,52.3681640625
52.492188,51.5625
52.494141,50.7568359375
52.496094,49.749755859375
52.498047,48.74267578125
52.5,47.93701171875
52.501953,47.13134765625
52.503906,46.728515625
52.505859,46.527099609375
52.507812,46.527099609375
52.509766,46.728515625
52.511719,47.332763671875
52.513672,48.138427734375
52.515625,27.593994140625
52.517578,28.60107421875
52.519531,29.608154296875
52.521484,30.413818359375
52.523438,31.01806640625
52.525391,31.4208984375
52.527344,31.622314453125
52.529297,6.646728515625
52.53125,6.243896484375
52.533203,5.6396484375
52.535156,4.833984375
52.537109,3.826904296875
52.539062,3.021240234375
52.541016,2.01416015625
52.542969,1.20849609375
52.544922,0.604248046875
52.546875,-13.092041015625
52.548828,-13.092041015625
52.550781,-12.890625
52.552734,-12.48779296875
52.554688,-11.68212890625
52.556641,-10.87646484375
52.558594,-9.869384765625
52.560547,-8.8623046875
52.5625,-8.056640625
52.564453,10.272216796875
52.566406,10.675048828125
52.568359,11.077880859375
52.570312,10.87646484375
52.572266,10.675048828125
52.574219,10.07080078125
52.576172,9.26513671875
52.578125,8.45947265625
52.580078,7.452392578125
52.582031,6.4453125
52.583984,5.6396484375
52.585938,5.035400390625
52.587891,4.632568359375
52.589844,31.82373046875
52.591797,45.721435546875
52.59375,46.124267578125
52.595703,46.728515625
52.597656,47.5341796875
52.599609,48.541259765625
52.601562,49.54833984375
52.603516,50.35400390625
52.605469,51.15966796875
52.607422,51.763916015625
52.609375,52.166748046875
52.611328,37.060546875
52.613281,36.859130859375
52.615234,36.456298828125
52.617188,35.650634765625
52.619141,34.844970703125
52.621094,33.837890625
52.623047,32.830810546875
52.625,5.6396484375
52.626953,4.833984375
52.628906,4.43115234375
52.630859,4.0283203125
52.632812,4.229736328125
52.634766,4.43115234375
52.636719,5.035400390625
52.638672,5.841064453125
52.640625,6.84814453125
52.642578,-9.063720703125
52.644531,-8.056640625
52.646484,-7.2509765625
52.648438,-6.646728515625
52.650391,-6.243896484375
52.652344,-6.04248046875
52.654297,-6.243896484375
52.65625,-6.646728515625
52.658203,4.229736328125
52.660156,3.424072265625
52.662109,2.4169921875
52.664062,1.409912109375
52.666016,0.604248046875
52.667969,-0.201416015625
52.669922,-0.8056640625
52.671875,-1.20849609375
52.673828,24.169921875
52.675781,24.57275390625
52.677734,24.9755859375
52.679688,25.78125
52.681641,26.5869140625
52.683594,47.735595703125
52.685547,48.74267578125
52.6875,49.54833984375
52.689453,50.35400390625
52.691406,50.7568359375
52.693359,50.958251953125
52.695312,50.958251953125
52.697266,50.7568359375
52.699219,50.152587890625
52.701172,49.346923828125
52.703125,48.33984375
52.705078,47.332763671875
52.707031,46.527099609375
52.708984,45.721435546875
52.710938,44.915771484375
52.712891,44.512939453125
52.714844,38.26904296875
52.716797,38.470458984375
52.71875,38.873291015625
52.720703,12.48779296875
52.722656,13.29345703125
52.724609,14.300537109375
52.726562,15.3076171875
52.728516,16.11328125
52.730469,16.9189453125
52.732422,17.523193359375
52.734375,17.926025390625
52.736328,-3.021240234375
52.738281,-3.22265625
52.740234,-3.826904296875
52.742188,-4.43115234375
52.744141,-5.23681640625
52.746094,-6.243896484375
52.748047,-7.2509765625
52.75,-8.056640625
52.751953,-6.4453125
52.753906,-6.84814453125
52.755859,-7.049560546875
52.757812,-7.049560546875
52.759766,-6.646728515625
52.761719,-6.04248046875
52.763672,-5.438232421875
52.765625,-4.43115234375
52.767578,-3.424072265625
52.769531,22.55859375
52.771484,23.3642578125
52.773438,23.968505859375
52.775391,24.371337890625
52.777344,24.57275390625
52.779297,24.371337890625
52.78125,23.968505859375
52.783203,46.124267578125
52.785156,45.318603515625
52.787109,44.3115234375
52.789062,43.304443359375
52.791016,42.498779296875
52.792969,41.693115234375
52.794922,41.0888671875
52.796875,40.68603515625
52.798828,46.32568359375
52.800781,41.0888671875
52.802734,41.693115234375
52.804688,42.29736328125
52.806641,43.304443359375
52.808594,44.110107421875
52.810547,45.1171875
52.8125,46.124267578125
52.814453,46.728515625
52.816406,47.332763671875
52.818359,25.177001953125
52.820312,25.177001953125
52.822266,24.774169921875
52.824219,24.169921875
52.826172,23.3642578125
52.828125,22.55859375
52.830078,21.551513671875
52.832031,-2.01416015625
52.833984,-2.81982421875
52.835938,-3.424072265625
52.837891,-3.826904296875
52.839844,-4.0283203125
52.841797,-3.826904296875
52.84375,-3.424072265625
52.845703,-2.81982421875
52.847656,-2.01416015625
52.849609,-5.438232421875
52.851562,-4.43115234375
52.853516,-3.62548828125
52.855469,-2.81982421875
52.857422,-2.215576171875
52.859375,-2.01416015625
52.861328,-1.812744140625
52.863281,-2.215576171875
52.865234,9.466552734375
52.867188,8.8623046875
52.869141,7.855224609375
52.871094,7.049560546875
52.873047,6.04248046875
52.875,5.23681640625
52.876953,4.43115234375
52.878906,25.37841796875
52.880859,32.427978515625
52.882812,32.427978515625
52.884766,32.830810546875
52.886719,33.43505859375
52.888672,34.039306640625
52.890625,35.04638671875
52.892578,36.053466796875
52.894531,36.859130859375
52.896484,51.361083984375
52.898438,51.96533203125
52.900391,52.3681640625
52.902344,52.569580078125
52.904297,52.3681640625
52.90625,51.96533203125
52.908203,51.361083984375
52.910156,50.555419921875
52.912109,49.54833984375
52.914062,48.74267578125
52.916016,47.735595703125
52.917969,46.929931640625
52.919922,46.32568359375
52.921875,32.2265625
52.923828,5.6396484375
52.925781,5.841064453125
52.927734,6.4453125
52.929688,7.2509765625
52.931641,8.056640625
52.933594,9.063720703125
52.935547,9.869384765625
52.9375,10.87646484375
52.939453,11.480712890625
52.941406,-4.632568359375
52.943359,-4.43115234375
52.945312,-4.43115234375
52.947266,-4.632568359375
52.949219,-5.23681640625
52.951172,-6.04248046875
52.953125,-7.049560546875
52.955078,-7.855224609375
52.957031,0.8056640625
52.958984,-0.201416015625
52.960938,-0.8056640625
52.962891,-1.20849609375
52.964844,-1.409912109375
52.966797,-1.20849609375
52.96875,-0.8056640625
52.970703,-0.201416015625
52.972656,0.8056640625
52.974609,28.802490234375
52.976562,29.8095703125
52.978516,30.615234375
52.980469,31.4208984375
52.982422,32.025146484375
52.984375,32.427978515625
52.986328,32.427978515625
52.988281,32.2265625
52.990234,47.93701171875
52.992188,47.332763671875
52.994141,46.527099609375
52.996094,45.52001953125
52.998047,44.512939453125
53.0,43.707275390625
53.001953,42.901611328125
53.003906,42.901611328125
53.005859,42.7001953125
53.007812,42.7001953125
53.009766,42.901611328125
53.011719,43.505859375
53.013672,44.3115234375
53.015625,45.318603515625
53.017578,46.124267578125
53.019531,47.13134765625
53.021484,47.93701171875
53.023438,48.541259765625
53.025391,49.1455078125
53.027344,49.1455078125
53.029297,25.177001953125
53.03125,24.774169921875
53.033203,1.611328125
53.035156,0.8056640625
53.037109,-0.201416015625
53.039062,-1.20849609375
53.041016,-2.01416015625
53.042969,-2.81982421875
53.044922,-3.424072265625
53.046875,-3.826904296875
53.048828,-3.826904296875
53.050781,-3.62548828125
53.052734,-8.258056640625
53.054688,-7.65380859375
53.056641,-6.646728515625
53.058594,-5.841064453125
53.060547,-4.833984375
53.0625,-3.826904296875
53.064453,-3.22265625
53.066406,-2.618408203125
53.068359,17.523193359375
53.070312,17.32177734375
53.072266,17.120361328125
53.074219,35.85205078125
53.076172,41.693115234375
53.078125,40.68603515625
53.080078,39.88037109375
53.082031,38.873291015625
53.083984,38.067626953125
53.085938,37.46337890625
53.087891,37.060546875
53.089844,36.859130859375
53.091797,37.060546875
53.09375,37.46337890625
53.095703,38.067626953125
53.097656,38.873291015625
53.099609,39.88037109375
53.101562,46.32568359375
53.103516,47.332763671875
53.105469,48.138427734375
53.107422,48.74267578125
53.109375,48.944091796875
53.111328,49.1455078125
53.113281,48.74267578125
53.115234,31.4208984375
53.117188,30.615234375
53.119141,29.8095703125
53.121094,28.802490234375
53.123047,27.79541015625
53.125,26.98974609375
53.126953,26.18408203125
53.128906,25.78125
53.130859,25.579833984375
53.132812,25.579833984375
53.134766,25.78125
53.136719,26.385498046875
53.138672,27.191162109375
53.140625,-0.201416015625
53.142578,0.8056640625
53.144531,1.812744140625
53.146484,2.618408203125
53.148438,3.22265625
53.150391,-4.0283203125
53.152344,-3.826904296875
53.154297,-4.0283203125
53.15625,-4.43115234375
53.158203,-5.035400390625
53.160156,-5.841064453125
53.162109,-6.84814453125
53.164062,6.243896484375
53.166016,5.438232421875
53.167969,4.632568359375
53.169922,4.0283203125
53.171875,3.826904296875
53.173828,3.62548828125
53.175781,3.826904296875
53.177734,4.43115234375
53.179688,5.035400390625
53.181641,27.996826171875
53.183594,34.039306640625
53.185547,35.04638671875
53.1875,35.85205078125
53.189453,36.65771484375
53.191406,37.060546875
53.193359,37.46337890625
53.195312,52.972412109375
53.197266,52.77099609375
53.199219,52.166748046875
53.201172,51.361083984375
53.203125,50.35400390625
53.205078,49.346923828125
53.207031,48.541259765625
53.208984,47.735595703125
53.210938,31.622314453125
53.212891,31.219482421875
53.214844,31.01806640625
53.216797,31.219482421875
53.21875,31.622314453125
53.220703,32.2265625
53.222656,33.0322265625
53.224609,34.039306640625
53.226562,35.04638671875
53.228516,10.07080078125
53.230469,10.87646484375
53.232422,11.480712890625
53.234375,11.883544921875
53.236328,11.883544921875
53.238281,11.68212890625
53.240234,11.077880859375
53.242188,10.4736328125
53.244141,9.466552734375
53.246094,8.660888671875
53.248047,-8.8623046875
53.25,-9.869384765625
53.251953,-10.4736328125
53.253906,-11.077880859375
53.255859,-11.279296875
53.257812,-1.409912109375
53.259766,-1.20849609375
53.261719,-0.604248046875
53.263672,0.201416015625
53.265625,1.007080078125
53.267578,2.01416015625
53.269531,29.8095703125
53.271484,30.816650390625
53.273438,31.4208984375
53.275391,31.82373046875
53.277344,32.025146484375
53.279297,31.82373046875
53.28125,31.4208984375
53.283203,30.816650390625
53.285156,29.8095703125
53.287109,29.00390625
53.289062,27.996826171875
53.291016,26.98974609375
53.292969,45.9228515625
53.294922,45.318603515625
53.296875,44.915771484375
53.298828,44.915771484375
53.300781,45.1171875
53.302734,45.721435546875
53.304688,46.32568359375
53.306641,47.332763671875
53.308594,41.693115234375
53.310547,42.7001953125
53.3125,43.505859375
53.314453,44.3115234375
53.316406,44.71435546875
53.318359,45.1171875
53.320312,44.915771484375
53.322266,44.71435546875
53.324219,16.9189453125
53.326172,16.11328125
53.328125,15.106201171875
53.330078,14.300537109375
53.332031,13.29345703125
53.333984,12.48779296875
53.335938,11.883544921875
53.337891,11.480712890625
53.339844,-9.869384765625
53.341797,-9.66796875
53.34375,-9.26513671875
53.345703,-8.660888671875
53.347656,-7.65380859375
53.349609,-6.84814453125
53.351562,-5.841064453125
53.353516,-4.833984375
53.355469,-4.229736328125
53.357422,-3.62548828125
53.359375,-3.22265625
53.361328,-3.22265625
53.363281,-3.424072265625
53.365234,-2.618408203125
53.367188,-3.22265625
53.369141,22.357177734375
53.371094,21.35009765625
53.373047,20.343017578125
53.375,19.537353515625
53.376953,18.731689453125
53.378906,18.328857421875
53.380859,18.12744140625
53.382812,18.12744140625
53.384766,18.5302734375
53.386719,18.93310546875
53.388672,43.90869140625
53.390625,44.71435546875
53.392578,45.721435546875
53.394531,46.728515625
53.396484,47.5341796875
53.398438,48.138427734375
53.400391,48.541259765625
53.402344,48.74267578125
53.404297,51.361083984375
53.40625,49.951171875
53.408203,49.1455078125
53.410156,48.33984375
53.412109,47.5341796875
53.414062,46.527099609375
53.416016,45.52001953125
53.417969,44.71435546875
53.419922,32.025146484375
53.421875,18.93310546875
53.423828,18.93310546875
53.425781,19.134521484375
53.427734,19.73876953125
53.429688,20.343017578125
53.431641,21.35009765625
53.433594,22.15576171875
53.435547,-3.62548828125
53.4375,-2.81982421875
53.439453,-2.01416015625
53.441406,-1.611328125
53.443359,-1.20849609375
53.445312,-1.409912109375
53.447266,-1.611328125
53.449219,-2.215576171875
53.451172,-3.021240234375
53.453125,-3.826904296875
53.455078,-4.833984375
53.457031,-5.841064453125
53.458984,-6.646728515625
53.460938,-7.2509765625
53.462891,-7.65380859375
53.464844,10.675048828125
53.466797,10.87646484375
53.46875,11.279296875
53.470703,11.883544921875
53.472656,12.689208984375
53.474609,13.6962890625
53.476562,14.703369140625
53.478516,15.509033203125
53.480469,16.314697265625
53.482422,41.89453125
53.484375,42.095947265625
53.486328,42.29736328125
53.488281,42.095947265625
53.490234,41.49169921875
53.492188,40.68603515625
53.494141,39.88037109375
53.496094,47.93701171875
53.498047,46.929931640625
53.5,46.124267578125
53.501953,45.318603515625
53.503906,44.915771484375
53.505859,44.71435546875
53.507812,44.71435546875
53.509766,45.1171875
53.511719,45.52001953125
53.513672,26.98974609375
53.515625,27.996826171875
53.517578,29.00390625
53.519531,29.8095703125
53.521484,30.615234375
53.523438,31.4208984375
53.525391,31.82373046875
53.527344,31.82373046875
53.529297,4.43115234375
53.53125,4.0283203125
53.533203,3.424072265625
53.535156,2.618408203125
53.537109,1.611328125
53.539062,0.8056640625
53.541016,-0.201416015625
53.542969,-1.007080078125
53.544922,-1.611328125
53.546875,-11.883544921875
53.548828,-11.883544921875
53.550781,-11.68212890625
53.552734,-11.077880859375
53.554688,-10.4736328125
53.556641,-9.66796875
53.558594,-8.660888671875
53.560547,9.466552734375
53.5625,10.4736328125
53.564453,11.077880859375
53.566406,11.68212890625
53.568359,11.883544921875
53.570312,11.883544921875
53.572266,11.480712890625
53.574219,10.87646484375
53.576172,10.07080078125
53.578125,9.26513671875
53.580078,8.258056640625
53.582031,7.2509765625
53.583984,6.4453125
53.585938,5.841064453125
53.587891,5.438232421875
53.589844,43.90869140625
53.591797,44.110107421875
53.59375,44.512939453125
53.595703,45.1171875
53.597656,45.9228515625
53.599609,46.929931640625
53.601562,47.93701171875
53.603516,48.74267578125
53.605469,49.54833984375
53.607422,41.89453125
53.609375,42.095947265625
53.611328,42.095947265625
53.613281,41.89453125
53.615234,41.49169921875
53.617188,40.68603515625
53.619141,39.88037109375
53.621094,38.873291015625
53.623047,14.09912109375
53.625,13.29345703125
53.626953,12.48779296875
53.628906,12.0849609375
53.630859,11.883544921875
53.632812,11.883544921875
53.634766,12.286376953125
53.636719,12.890625
53.638672,-9.466552734375
53.640625,-8.660888671875
53.642578,-7.65380859375
53.644531,-6.646728515625
53.646484,-5.841064453125
53.648438,-5.23681640625
53.650391,-4.833984375
53.652344,-4.632568359375
53.654297,-4.833984375
53.65625,0.0
53.658203,-0.604248046875
53.660156,22.760009765625
53.662109,21.7529296875
53.664062,20.745849609375
53.666016,19.940185546875
53.667969,19.134521484375
53.669922,18.5302734375
53.671875,18.12744140625
53.673828,18.12744140625
53.675781,18.328857421875
53.677734,18.93310546875
53.679688,19.537353515625
53.681641,20.54443359375
53.683594,21.551513671875
53.685547,22.357177734375
53.6875,23.3642578125
53.689453,23.968505859375
53.691406,24.57275390625
53.693359,24.774169921875
53.695312,24.774169921875
53.697266,45.721435546875
53.699219,45.1171875
53.701172,44.3115234375
53.703125,46.124267578125
53.705078,45.1171875
53.707031,44.110107421875
53.708984,43.304443359375
53.710938,42.7001953125
53.712891,42.29736328125
53.714844,42.095947265625
53.716797,42.29736328125
53.71875,42.7001953125
53.720703,19.940185546875
53.722656,20.745849609375
53.724609,21.7529296875
53.726562,22.55859375
53.728516,23.565673828125
53.730469,24.371337890625
53.732422,24.9755859375
53.734375,1.812744140625
53.736328,1.812744140625
53.738281,1.611328125
53.740234,1.007080078125
53.742188,0.40283203125
53.744141,-0.40283203125
53.746094,-1.409912109375
53.748047,-2.4169921875
53.75,-3.22265625
53.751953,-9.66796875
53.753906,-10.272216796875
53.755859,-10.4736328125
53.757812,-10.4736328125
53.759766,-10.07080078125
53.761719,-9.466552734375
53.763672,-8.660888671875
53.765625,-7.855224609375
53.767578,15.106201171875
53.769531,15.911865234375
53.771484,16.717529296875
53.773438,17.523193359375
53.775391,17.926025390625
53.777344,17.926025390625
53.779297,17.926025390625
53.78125,17.523193359375
53.783203,42.29736328125
53.785156,41.290283203125
53.787109,40.484619140625
53.789062,39.4775390625
53.791016,38.470458984375
53.792969,37.8662109375
53.794922,37.261962890625
53.796875,36.859130859375
53.798828,36.859130859375
53.800781,37.060546875
53.802734,37.664794921875
53.804688,38.26904296875
53.806641,39.07470703125
53.808594,49.749755859375
53.810547,50.7568359375
53.8125,51.5625
53.814453,37.46337890625
53.816406,32.2265625
53.818359,32.427978515625
53.820312,32.427978515625
53.822266,32.025146484375
53.824219,31.4208984375
53.826172,30.615234375
53.828125,29.8095703125
53.830078,0.604248046875
53.832031,-0.40283203125
53.833984,-1.20849609375
53.835938,-1.812744140625
53.837891,-2.4169921875
53.839844,-2.4169921875
53.841797,-2.4169921875
53.84375,-1.812744140625
53.845703,-12.890625
53.847656,-12.0849609375
53.849609,-11.077880859375
53.851562,-10.272216796875
53.853516,-9.26513671875
53.855469,9.466552734375
53.857422,10.07080078125
53.859375,10.4736328125
53.861328,10.4736328125
53.863281,10.272216796875
53.865234,9.66796875
53.867188,9.063720703125
53.869141,8.056640625
53.871094,7.049560546875
53.873047,6.243896484375
53.875,5.23681640625
53.876953,4.632568359375
53.878906,4.0283203125
53.880859,30.816650390625
53.882812,30.816650390625
53.884766,31.219482421875
53.886719,31.82373046875
53.888672,32.62939453125
53.890625,33.43505859375
53.892578,34.442138671875
53.894531,48.944091796875
53.896484,49.749755859375
53.898438,50.35400390625
53.900391,50.7568359375
53.902344,50.958251953125
53.904297,50.7568359375
53.90625,50.35400390625
53.908203,49.749755859375
53.910156,48.944091796875
53.912109,47.93701171875
53.914062,46.929931640625
53.916016,46.124267578125
53.917969,45.318603515625
53.919922,44.71435546875
53.921875,31.01806640625
53.923828,3.826904296875
53.925781,4.229736328125
53.927734,4.632568359375
53.929688,5.438232421875
53.931641,6.243896484375
53.933594,7.2509765625
53.935547,8.258056640625
53.9375,9.063720703125
53.939453,9.66796875
53.941406,-4.43115234375
53.943359,-4.229736328125
53.945312,-4.229736328125
53.947266,-4.632568359375
53.949219,-5.23681640625
53.951172,-6.04248046875
53.953125,-6.84814453125
53.955078,-7.855224609375
53.957031,0.201416015625
53.958984,-0.8056640625
53.960938,-1.409912109375
53.962891,-1.812744140625
53.964844,-2.01416015625
53.966797,-1.812744140625
53.96875,-1.409912109375
53.970703,-0.8056640625
53.972656,26.98974609375
53.974609,27.996826171875
53.976562,29.00390625
53.978516,29.8095703125
53.980469,30.615234375
53.982422,31.219482421875
53.984375,31.622314453125
53.986328,31.622314453125
53.988281,52.77099609375
53.990234,52.166748046875
53.992188,51.5625
53.994141,50.555419921875
53.996094,49.749755859375
53.998047,48.74267578125
54.0,47.735595703125
54.001953,47.13134765625
54.003906,46.527099609375
54.005859,39.07470703125
54.007812,39.07470703125
54.009766,39.4775390625
54.011719,40.081787109375
54.013672,40.68603515625
54.015625,41.693115234375
54.017578,42.7001953125
54.019531,43.505859375
54.021484,44.512939453125
54.023438,45.1171875
54.025391,45.52001953125
54.027344,45.721435546875
54.029297,45.52001953125
54.03125,24.57275390625
54.033203,23.968505859375
54.035156,-6.84814453125
54.037109,-7.855224609375
54.039062,-8.660888671875
54.041016,-9.66796875
54.042969,-10.4736328125
54.044922,-11.077880859375
54.046875,-11.279296875
54.048828,-11.480712890625
54.050781,-4.632568359375
54.052734,-4.229736328125
54.054688,-3.424072265625
54.056641,-2.618408203125
54.058594,-1.611328125
54.060547,-0.604248046875
54.0625,0.201416015625
54.064453,1.007080078125
54.066406,1.409912109375
54.068359,24.371337890625
54.070312,24.371337890625
54.072266,24.169921875
54.074219,23.565673828125
54.076172,22.760009765625
54.078125,21.7529296875
54.080078,20.947265625
54.082031,19.940185546875
54.083984,42.498779296875
54.085938,41.693115234375
54.087891,41.290283203125
54.089844,41.290283203125
54.091797,41.290283203125
54.09375,41.693115234375
54.095703,42.498779296875
54.097656,43.304443359375
54.099609,44.110107421875
54.101562,45.721435546875
54.103516,46.728515625
54.105469,47.332763671875
54.107422,47.93701171875
54.109375,48.33984375
54.111328,48.33984375
54.113281,48.138427734375
54.115234,47.735595703125
54.117188,23.76708984375
54.119141,22.96142578125
54.121094,21.954345703125
54.123047,20.947265625
54.125,20.1416015625
54.126953,19.3359375
54.128906,18.93310546875
54.130859,18.731689453125
54.132812,18.731689453125
54.134766,18.93310546875
54.136719,19.537353515625
54.138672,0.40283203125
54.140625,1.20849609375
54.142578,2.215576171875
54.144531,3.22265625
54.146484,-5.841064453125
54.148438,-5.23681640625
54.150391,-4.833984375
54.152344,-4.632568359375
54.154297,-4.833984375
54.15625,-5.23681640625
54.158203,-5.841064453125
54.160156,-6.646728515625
54.162109,9.063720703125
54.164062,8.056640625
54.166016,7.2509765625
54.167969,6.4453125
54.169922,5.841064453125
54.171875,5.438232421875
54.173828,5.438232421875
54.175781,5.6396484375
54.177734,6.243896484375
54.179688,33.43505859375
54.181641,34.24072265625
54.183594,35.247802734375
54.185547,36.2548828125
54.1875,37.060546875
54.189453,37.8662109375
54.191406,38.26904296875
54.193359,50.555419921875
54.195312,50.555419921875
54.197266,50.152587890625
54.199219,49.749755859375
54.201172,48.944091796875
54.203125,47.93701171875
54.205078,46.929931640625
54.207031,46.124267578125
54.208984,33.43505859375
54.210938,32.830810546875
54.212891,32.427978515625
54.214844,32.2265625
54.216797,32.427978515625
54.21875,32.830810546875
54.220703,33.43505859375
54.222656,34.24072265625
54.224609,7.65380859375
54.226562,8.660888671875
54.228516,9.466552734375
54.230469,10.272216796875
54.232422,10.87646484375
54.234375,11.279296875
54.236328,11.279296875
54.238281,11.077880859375
54.240234,10.4736328125
54.242188,9.869384765625
54.244141,8.8623046875
54.246094,-9.063720703125
54.248047,-10.07080078125
54.25,-10.87646484375
54.251953,-11.480712890625
54.253906,-12.0849609375
54.255859,0.0
54.257812,0.0
54.259766,0.40283203125
54.261719,1.007080078125
54.263672,1.611328125
54.265625,2.618408203125
54.267578,3.62548828125
54.269531,4.43115234375
54.271484,5.438232421875
54.273438,30.615234375
54.275391,31.01806640625
54.277344,31.219482421875
54.279297,31.01806640625
54.28125,30.615234375
54.283203,30.010986328125
54.285156,29.205322265625
54.287109,28.1982421875
54.289062,44.915771484375
54.291016,44.110107421875
54.292969,43.304443359375
54.294922,42.7001953125
54.296875,42.498779296875
54.298828,42.29736328125
54.300781,42.498779296875
54.302734,43.10302734375
54.304688,40.081787109375
54.306641,40.887451171875
54.308594,41.89453125
54.310547,42.901611328125
54.3125,43.707275390625
54.314453,44.512939453125
54.316406,44.915771484375
54.318359,45.1171875
54.320312,17.926025390625
54.322266,17.724609375
54.324219,17.120361328125
54.326172,16.314697265625
54.328125,15.3076171875
54.330078,14.501953125
54.332031,13.494873046875
54.333984,12.689208984375
54.335938,12.0849609375
54.337891,-6.84814453125
54.339844,-7.049560546875
54.341797,-6.84814453125
54.34375,-6.4453125
54.345703,-5.841064453125
54.347656,-4.833984375
54.349609,-4.0283203125
54.351562,-3.021240234375
54.353516,-2.01416015625
54.355469,-1.409912109375
54.357422,-0.8056640625
54.359375,-0.40283203125
54.361328,-0.40283203125
54.363281,-0.8056640625
54.365234,-1.20849609375
54.367188,15.911865234375
54.369141,15.106201171875
54.371094,14.09912109375
54.373047,13.29345703125
54.375,12.286376953125
54.376953,11.68212890625
54.378906,11.077880859375
54.380859,10.87646484375
54.382812,10.87646484375
54.384766,42.7001953125
54.386719,43.304443359375
54.388672,43.90869140625
54.390625,44.915771484375
54.392578,45.9228515625
54.394531,46.728515625
54.396484,47.735595703125
54.398438,48.33984375
54.400391,46.124267578125
54.402344,46.124267578125
54.404297,46.124267578125
54.40625,45.721435546875
54.408203,45.1171875
54.410156,44.110107421875
54.412109,43.304443359375
54.414062,42.29736328125
54.416016,20.343017578125
54.417969,19.537353515625
54.419922,18.93310546875
54.421875,18.731689453125
54.423828,18.5302734375
54.425781,18.93310546875
54.427734,19.3359375
54.429688,20.1416015625
54.431641,20.947265625
54.433594,3.22265625
54.435547,4.229736328125
54.4375,5.035400390625
54.439453,5.841064453125
54.441406,-3.826904296875
54.443359,-3.62548828125
54.445312,-3.62548828125
54.447266,-3.826904296875
54.449219,-4.43115234375
54.451172,-5.23681640625
54.453125,-6.243896484375
54.455078,-7.049560546875
54.457031,-8.056640625
54.458984,-8.8623046875
54.460938,-9.466552734375
54.462891,-9.869384765625
54.464844,-10.07080078125
54.466797,-9.869384765625
54.46875,-9.466552734375
54.470703,-8.8623046875
54.472656,7.2509765625
54.474609,8.258056640625
54.476562,9.26513671875
54.478516,35.650634765625
54.480469,36.456298828125
54.482422,36.859130859375
54.484375,37.261962890625
54.486328,37.261962890625
54.488281,37.060546875
54.490234,36.65771484375
54.492188,35.85205078125
54.494141,50.152587890625
54.496094,49.346923828125
54.498047,48.33984375
54.5,47.332763671875
54.501953,46.728515625
54.503906,46.124267578125
54.505859,45.9228515625
54.507812,46.124267578125
54.509766,46.32568359375
54.511719,34.442138671875
54.513672,35.04638671875
54.515625,36.053466796875
54.517578,37.060546875
54.519531,37.8662109375
54.521484,38.671875
54.523438,39.4775390625
54.525391,39.88037109375
54.527344,39.88037109375
54.529297,11.883544921875
54.53125,11.480712890625
54.533203,10.675048828125
54.535156,9.869384765625
54.537109,9.063720703125
54.539062,8.056640625
54.541016,7.049560546875
54.542969,-12.48779296875
54.544922,-12.890625
54.546875,-13.29345703125
54.548828,-13.29345703125
54.550781,-13.092041015625
54.552734,-12.689208984375
54.554688,-11.883544921875
54.556641,-11.077880859375
54.558594,-10.07080078125
54.560547,3.826904296875
54.5625,4.833984375
54.564453,5.438232421875
54.566406,6.04248046875
54.568359,6.243896484375
54.570312,6.243896484375
54.572266,5.841064453125
54.574219,31.4208984375
54.576172,30.615234375
54.578125,29.608154296875
54.580078,28.802490234375
54.582031,27.79541015625
54.583984,26.98974609375
54.585938,26.385498046875
54.587891,25.982666015625
54.589844,25.78125
54.591797,41.49169921875
54.59375,41.89453125
54.595703,42.498779296875
54.597656,43.304443359375
54.599609,44.3115234375
54.601562,45.318603515625
54.603516,46.124267578125
54.605469,43.505859375
54.607422,44.110107421875
54.609375,44.3115234375
54.611328,44.512939453125
54.613281,44.110107421875
54.615234,43.707275390625
54.617188,42.901611328125
54.619141,42.095947265625
54.621094,14.703369140625
54.623047,13.6962890625
54.625,12.890625
54.626953,12.0849609375
54.628906,11.68212890625
54.630859,11.279296875
54.632812,11.480712890625
54.634766,11.68212890625
54.636719,-11.279296875
54.638672,-10.4736328125
54.640625,-9.466552734375
54.642578,-8.45947265625
54.644531,-7.65380859375
54.646484,-6.84814453125
54.648438,-6.04248046875
54.650391,-5.6396484375
54.652344,0.40283203125
54.654297,0.201416015625
54.65625,-0.201416015625
54.658203,-0.8056640625
54.660156,-1.611328125
54.662109,-2.618408203125
54.664062,-3.62548828125
54.666016,-4.43115234375
54.667969,-5.23681640625
54.669922,-5.841064453125
54.671875,-6.243896484375
54.673828,-6.243896484375
54.675781,-6.04248046875
54.677734,-5.438232421875
54.679688,-4.833984375
54.681641,45.1171875
54.683594,45.9228515625
54.685547,46.929931640625
54.6875,47.93701171875
54.689453,48.541259765625
54.691406,49.1455078125
54.693359,49.346923828125
54.695312,49.1455078125
54.697266,48.944091796875
54.699219,48.33984375
54.701172,44.110107421875
54.703125,43.304443359375
54.705078,42.29736328125
54.707031,41.290283203125
54.708984,40.484619140625
54.710938,39.88037109375
54.712891,39.4775390625
54.714844,39.276123046875
54.716797,26.385498046875
54.71875,26.788330078125
54.720703,27.392578125
54.722656,28.399658203125
54.724609,29.205322265625
54.726562,30.21240234375
54.728516,31.219482421875
54.730469,31.82373046875
54.732422,5.438232421875
54.734375,5.6396484375
54.736328,5.6396484375
54.738281,5.438232421875
54.740234,5.035400390625
54.742188,4.229736328125
54.744141,3.424072265625
54.746094,2.4169921875
54.748047,-8.8623046875
54.75,-12.286376953125
54.751953,-13.092041015625
54.753906,-13.494873046875
54.755859,-13.6962890625
54.757812,-13.6962890625
54.759766,-13.29345703125
54.761719,-12.689208984375
54.763672,5.23681640625
54.765625,6.243896484375
54.767578,7.2509765625
54.769531,8.056640625
54.771484,8.8623046875
54.773438,9.66796875
54.775391,10.07080078125
54.777344,10.07080078125
54.779297,10.07080078125
54.78125,9.66796875
54.783203,8.8623046875
54.785156,8.056640625
54.787109,7.2509765625
54.789062,6.243896484375
54.791016,33.0322265625
54.792969,45.9228515625
54.794922,45.318603515625
54.796875,45.1171875
54.798828,44.915771484375
54.800781,45.1171875
54.802734,45.721435546875
54.804688,46.527099609375
54.806641,47.332763671875
54.808594,48.33984375
54.810547,36.65771484375
54.8125,37.664794921875
54.814453,38.26904296875
54.816406,38.873291015625
54.818359,39.07470703125
54.820312,39.07470703125
54.822266,38.671875
54.824219,38.067626953125
54.826172,37.261962890625
54.828125,8.258056640625
54.830078,7.2509765625
54.832031,-9.26513671875
54.833984,-10.07080078125
54.835938,-10.87646484375
54.837891,-11.279296875
54.839844,-11.279296875
54.841797,-11.279296875
54.84375,-10.87646484375
54.845703,-10.07080078125
54.847656,-9.26513671875
54.849609,-8.45947265625
54.851562,-7.452392578125
54.853516,-6.4453125
54.855469,-5.6396484375
54.857422,-5.23681640625
54.859375,-4.833984375
54.861328,3.22265625
54.863281,3.021240234375
54.865234,2.4169921875
54.867188,1.611328125
54.869141,0.8056640625
54.871094,-0.201416015625
54.873047,26.788330078125
54.875,25.982666015625
54.876953,25.177001953125
54.878906,24.774169921875
54.880859,24.371337890625
54.882812,24.57275390625
54.884766,24.774169921875
54.886719,25.37841796875
54.888672,26.18408203125
54.890625,47.93701171875
54.892578,48.74267578125
54.894531,49.749755859375
54.896484,50.555419921875
54.898438,51.15966796875
54.900391,51.763916015625
54.902344,51.763916015625
54.904297,41.89453125
54.90625,41.49169921875
54.908203,40.887451171875
54.910156,39.88037109375
54.912109,39.07470703125
54.914062,38.067626953125
54.916016,37.261962890625
54.917969,36.456298828125
54.919922,35.85205078125
54.921875,11.68212890625
54.923828,11.68212890625
54.925781,11.883544921875
54.927734,12.48779296875
54.929688,13.092041015625
54.931641,13.897705078125
54.933594,14.90478515625
54.935547,15.911865234375
54.9375,-2.4169921875
54.939453,-1.812744140625
54.941406,-1.20849609375
54.943359,-1.007080078125
54.945312,-1.007080078125
54.947266,-1.409912109375
54.949219,-2.01416015625
54.951172,-2.81982421875
54.953125,-2.215576171875
54.955078,-3.22265625
54.957031,-4.0283203125
54.958984,-4.833984375
54.960938,-5.6396484375
54.962891,-6.04248046875
54.964844,-6.04248046875
54.966797,-6.04248046875
54.96875,18.5302734375
54.970703,19.134521484375
54.972656,19.940185546875
54.974609,20.947265625
54.976562,21.954345703125
54.978516,22.760009765625
54.980469,23.565673828125
54.982422,24.169921875
54.984375,24.57275390625
54.986328,49.346923828125
54.988281,49.1455078125
54.990234,48.74267578125
54.992188,47.93701171875
54.994141,47.13134765625
54.996094,46.124267578125
54.998047,45.1171875
55.0,44.3115234375
55.001953,43.505859375
55.003906,43.10302734375
55.005859,42.901611328125
55.007812,42.901611328125
55.009766,43.304443359375
55.011719,43.90869140625
55.013672,20.54443359375
55.015625,21.551513671875
55.017578,22.357177734375
55.019531,23.3642578125
55.021484,24.169921875
55.023438,24.774169921875
55.025391,25.177001953125
55.027344,-1.409912109375
55.029297,-1.611328125
55.03125,-2.01416015625
55.033203,-2.618408203125
55.035156,-3.424072265625
55.037109,-4.43115234375
55.039062,-5.438232421875
55.041016,-6.243896484375
55.042969,-7.049560546875
55.044922,-7.65380859375
55.046875,-7.855224609375
55.048828,-8.056640625
55.050781,-7.65380859375
55.052734,-8.8623046875
55.054688,-8.056640625
55.056641,-7.2509765625
55.058594,-6.243896484375
55.060547,-5.438232421875
55.0625,-4.43115234375
55.064453,10.87646484375
55.066406,11.279296875
55.068359,11.480712890625
55.070312,11.480712890625
55.072266,11.279296875
55.074219,10.675048828125
55.076172,9.869384765625
55.078125,8.8623046875
55.080078,34.24072265625
55.082031,33.233642578125
55.083984,32.427978515625
55.085938,31.82373046875
55.087891,31.4208984375
55.089844,31.219482421875
55.091797,31.4208984375
55.09375,31.82373046875
55.095703,44.110107421875
55.097656,44.915771484375
55.099609,45.9228515625
55.101562,46.929931640625
55.103516,47.735595703125
55.105469,48.541259765625
55.107422,49.1455078125
55.109375,49.54833984375
55.111328,49.54833984375
55.113281,49.346923828125
55.115234,48.74267578125
55.117188,48.138427734375
55.119141,47.13134765625
55.121094,46.32568359375
55.123047,6.243896484375
55.125,5.23681640625
55.126953,4.632568359375
55.128906,4.0283203125
55.130859,3.826904296875
55.132812,3.826904296875
55.134766,4.229736328125
55.136719,4.833984375
55.138672,5.6396484375
55.140625,6.4453125
55.142578,7.452392578125
55.144531,-7.049560546875
55.146484,-6.243896484375
55.148438,-5.438232421875
55.150391,-5.035400390625
55.152344,-5.035400390625
55.154297,-5.035400390625
55.15625,-5.438232421875
55.158203,3.62548828125
55.160156,2.618408203125
55.162109,1.812744140625
55.164062,0.8056640625
55.166016,-0.201416015625
55.167969,-0.8056640625
55.169922,-1.409912109375
55.171875,-1.812744140625
55.173828,25.78125
55.175781,25.982666015625
55.177734,26.5869140625
55.179688,27.191162109375
55.181641,27.996826171875
55.183594,29.00390625
55.185547,30.010986328125
55.1875,30.816650390625
55.189453,31.622314453125
55.191406,52.972412109375
55.193359,53.173828125
55.195312,53.173828125
55.197266,52.77099609375
55.199219,52.166748046875
55.201172,51.361083984375
55.203125,50.555419921875
55.205078,39.07470703125
55.207031,38.067626953125
55.208984,37.261962890625
55.210938,36.65771484375
55.212891,36.2548828125
55.214844,36.053466796875
55.216797,36.2548828125
55.21875,36.65771484375
55.220703,37.261962890625
55.222656,13.494873046875
55.224609,14.300537109375
55.226562,15.3076171875
55.228516,16.314697265625
55.230469,17.120361328125
55.232422,17.724609375
55.234375,17.926025390625
55.236328,17.926025390625
55.238281,-3.424072265625
55.240234,-3.826904296875
55.242188,-4.632568359375
55.244141,-5.438232421875
55.246094,-6.4453125
55.248047,-7.452392578125
55.25,-8.258056640625
55.251953,-8.8623046875
55.253906,-4.0283203125
55.255859,-4.43115234375
55.257812,-4.229736328125
55.259766,-4.0283203125
55.261719,-3.424072265625
55.263672,-2.618408203125
55.265625,-1.611328125
55.267578,-0.8056640625
55.269531,0.201416015625
55.271484,1.007080078125
55.273438,24.169921875
55.275391,24.57275390625
55.277344,24.774169921875
55.279297,24.57275390625
55.28125,24.169921875
55.283203,23.565673828125
55.285156,22.760009765625
55.287109,46.728515625
55.289062,45.721435546875
55.291016,44.915771484375
55.292969,44.110107421875
55.294922,43.505859375
55.296875,43.304443359375
55.298828,43.10302734375
55.300781,43.505859375
55.302734,42.498779296875
55.304688,43.304443359375
55.306641,44.110107421875
55.308594,45.1171875
55.310547,46.124267578125
55.3125,46.929931640625
55.314453,47.735595703125
55.316406,48.138427734375
55.318359,25.579833984375
55.320312,25.579833984375
55.322266,25.177001953125
55.324219,24.57275390625
55.326172,23.76708984375
55.328125,22.96142578125
55.330078,21.954345703125
55.332031,20.947265625
55.333984,20.1416015625
55.335938,19.537353515625
55.337891,19.134521484375
55.339844,18.93310546875
55.341797,19.134521484375
55.34375,19.537353515625
55.345703,20.1416015625
55.347656,-10.07080078125
55.349609,-9.26513671875
55.351562,-8.258056640625
55.353516,-7.2509765625
55.355469,-6.4453125
55.357422,-6.04248046875
55.359375,-5.6396484375
55.361328,-5.6396484375
55.363281,-5.841064453125
55.365234,10.4736328125
55.367188,9.66796875
55.369141,8.8623046875
55.371094,7.855224609375
55.373047,7.049560546875
55.375,6.04248046875
55.376953,5.438232421875
55.378906,4.833984375
55.380859,32.62939453125
55.382812,32.62939453125
55.384766,33.0322265625
55.386719,33.43505859375
55.388672,34.24072265625
55.390625,35.247802734375
55.392578,36.2548828125
55.394531,37.060546875
55.396484,52.3681640625
55.398438,52.972412109375
55.400391,53.375244140625
55.402344,53.57666015625
55.404297,53.375244140625
55.40625,52.972412109375
55.408203,52.3681640625
55.410156,51.5625
55.412109,34.24072265625
55.414062,33.233642578125
55.416016,32.427978515625
55.417969,5.23681640625
55.419922,4.833984375
55.421875,4.43115234375
55.423828,4.43115234375
55.425781,4.632568359375
55.427734,5.035400390625
55.429688,5.841064453125
55.431641,6.646728515625
55.433594,7.65380859375
55.435547,8.660888671875
55.4375,9.466552734375
55.439453,10.272216796875
55.441406,10.675048828125
55.443359,10.87646484375
55.445312,10.87646484375
55.447266,-7.452392578125
55.449219,-8.056640625
55.451172,-8.8623046875
55.453125,-9.66796875
55.455078,-10.675048828125
55.457031,-11.68212890625
55.458984,-12.48779296875
55.460938,-13.092041015625
55.462891,-13.494873046875
55.464844,-1.812744140625
55.466797,-1.812744140625
55.46875,-1.409912109375
55.470703,-0.604248046875
55.472656,0.201416015625
55.474609,28.399658203125
55.476562,29.40673828125
55.478516,30.21240234375
55.480469,31.01806640625
55.482422,31.622314453125
55.484375,32.025146484375
55.486328,32.025146484375
55.488281,31.82373046875
55.490234,48.33984375
55.492188,47.735595703125
55.494141,46.728515625
55.496094,45.9228515625
55.498047,44.915771484375
55.5,44.110107421875
55.501953,43.304443359375
55.503906,42.901611328125
55.505859,35.44921875
55.507812,35.44921875
55.509766,35.85205078125
55.511719,36.456298828125
55.513672,37.060546875
55.515625,38.067626953125
55.517578,39.07470703125
55.519531,39.88037109375
55.521484,17.32177734375
55.523438,17.926025390625
55.525391,18.328857421875
55.527344,18.5302734375
55.529297,18.328857421875
55.53125,17.926025390625
55.533203,17.32177734375
55.535156,16.51611328125
55.537109,15.509033203125
55.539062,-7.049560546875
55.541016,-7.855224609375
55.542969,-8.660888671875
55.544922,-9.26513671875
55.546875,-9.66796875
55.548828,-9.66796875
55.550781,-9.466552734375
55.552734,-8.8623046875
55.554688,-8.258056640625
55.556641,-7.2509765625
55.558594,-6.243896484375
55.560547,-5.438232421875
55.5625,-4.43115234375
55.564453,-3.826904296875
55.566406,24.169921875
55.568359,24.57275390625
55.570312,24.371337890625
55.572266,24.169921875
55.574219,23.565673828125
55.576172,22.760009765625
55.578125,21.954345703125
55.580078,20.947265625
55.582031,19.940185546875
55.583984,19.134521484375
55.585938,42.901611328125
55.587891,42.498779296875
55.589844,42.498779296875
55.591797,42.498779296875
55.59375,42.901611328125
55.595703,43.707275390625
55.597656,44.512939453125
55.599609,45.318603515625
55.601562,46.929931640625
55.603516,47.93701171875
55.605469,48.74267578125
55.607422,49.1455078125
55.609375,49.54833984375
55.611328,49.54833984375
55.613281,25.177001953125
55.615234,24.774169921875
55.617188,23.968505859375
55.619141,23.162841796875
55.621094,22.15576171875
55.623047,21.148681640625
55.625,20.343017578125
55.626953,19.73876953125
55.628906,19.134521484375
55.630859,18.93310546875
55.632812,18.93310546875
55.634766,-4.632568359375
55.636719,-4.229736328125
55.638672,-3.424072265625
55.640625,-2.4169921875
55.642578,-1.409912109375
55.644531,-0.604248046875
55.646484,0.201416015625
55.648438,1.007080078125
55.650391,-5.23681640625
55.652344,-5.035400390625
55.654297,-5.23681640625
55.65625,-5.6396484375
55.658203,-6.243896484375
55.660156,-7.049560546875
55.662109,-8.056640625
55.664062,-9.063720703125
55.666016,-9.869384765625
55.667969,-10.675048828125
55.669922,-11.279296875
55.671875,-11.480712890625
55.673828,11.480712890625
55.675781,11.68212890625
55.677734,12.0849609375
55.679688,12.890625
55.681641,41.0888671875
55.683594,42.095947265625
55.685547,42.901611328125
55.6875,43.90869140625
55.689453,44.512939453125
55.691406,45.1171875
55.693359,45.318603515625
55.695312,45.318603515625
55.697266,44.915771484375
55.699219,52.3681640625
55.701172,51.5625
55.703125,50.7568359375
55.705078,49.749755859375
55.707031,48.74267578125
55.708984,47.93701171875
55.710938,47.332763671875
55.712891,32.62939453125
55.714844,32.62939453125
55.716797,32.62939453125
55.71875,33.0322265625
55.720703,33.837890625
55.722656,34.6435546875
55.724609,35.44921875
55.726562,36.456298828125
55.728516,10.87646484375
55.730469,11.68212890625
55.732422,12.286376953125
55.734375,12.48779296875
55.736328,12.689208984375
55.738281,12.286376953125
55.740234,11.883544921875
55.742188,11.077880859375
55.744141,-7.452392578125
55.746094,-8.45947265625
55.748047,-9.466552734375
55.75,-10.272216796875
55.751953,-11.077880859375
55.753906,-11.480712890625
55.755859,-11.68212890625
55.757812,-11.68212890625
55.759766,-11.279296875
55.761719,0.8056640625
55.763672,1.611328125
55.765625,2.618408203125
55.767578,3.424072265625
55.769531,4.43115234375
55.771484,5.23681640625
55.773438,5.841064453125
55.775391,6.243896484375
55.777344,6.4453125
55.779297,6.243896484375
55.78125,5.841064453125
55.783203,5.23681640625
55.785156,4.43115234375
55.787109,27.996826171875
55.789062,26.98974609375
55.791016,26.18408203125
55.792969,44.110107421875
55.794922,43.505859375
55.796875,43.10302734375
55.798828,43.10302734375
55.800781,43.304443359375
55.802734,43.90869140625
55.804688,44.512939453125
55.806641,45.52001953125
55.808594,42.095947265625
55.810547,43.10302734375
55.8125,43.90869140625
55.814453,44.71435546875
55.816406,45.1171875
55.818359,45.52001953125
55.820312,45.318603515625
55.822266,45.1171875
55.824219,17.523193359375
55.826172,16.717529296875
55.828125,15.71044921875
55.830078,14.90478515625
55.832031,13.897705078125
55.833984,13.092041015625
55.835938,12.48779296875
55.837891,12.0849609375
55.839844,11.883544921875
55.841797,-9.869384765625
55.84375,-9.466552734375
55.845703,-8.8623046875
55.847656,-8.056640625
55.849609,-7.049560546875
55.851562,-6.04248046875
55.853516,-5.23681640625
55.855469,0.40283203125
55.857422,1.007080078125
55.859375,1.409912109375
55.861328,1.409912109375
55.863281,1.20849609375
55.865234,0.8056640625
55.867188,0.0
55.869141,-0.8056640625
55.871094,-1.812744140625
55.873047,-2.81982421875
55.875,-3.62548828125
55.876953,-4.43115234375
55.878906,-4.833984375
55.880859,-5.035400390625
55.882812,-5.035400390625
55.884766,18.328857421875
55.886719,42.498779296875
55.888672,43.304443359375
55.890625,44.3115234375
55.892578,45.1171875
55.894531,46.124267578125
55.896484,46.929931640625
55.898438,47.5341796875
55.900391,47.93701171875
55.902344,48.138427734375
55.904297,48.33984375
55.90625,48.74267578125
55.908203,48.138427734375
55.910156,47.332763671875
55.912109,46.32568359375
55.914062,45.318603515625
55.916016,44.512939453125
55.917969,43.707275390625
55.919922,19.134521484375
55.921875,18.731689453125
55.923828,18.731689453125
55.925781,18.93310546875
55.927734,19.537353515625
55.929688,20.1416015625
55.931641,21.148681640625
55.933594,21.954345703125
55.935547,22.96142578125
55.9375,0.0
55.939453,0.604248046875
55.941406,1.20849609375
55.943359,1.409912109375
55.945312,1.409912109375
55.947266,1.007080078125
55.949219,0.40283203125
55.951172,-2.81982421875
55.953125,-3.62548828125
55.955078,-4.632568359375
55.957031,-5.6396484375
55.958984,-6.4453125
55.960938,-7.049560546875
55.962891,-7.452392578125
55.964844,-7.65380859375
55.966797,-7.452392578125
55.96875,11.480712890625
55.970703,12.0849609375
55.972656,12.890625
55.974609,13.897705078125
55.976562,14.90478515625
55.978516,15.71044921875
55.980469,16.51611328125
55.982422,17.120361328125
55.984375,17.523193359375
55.986328,17.523193359375
55.988281,17.32177734375
55.990234,16.717529296875
55.992188,16.11328125
55.994141,42.901611328125
55.996094,42.095947265625
55.998047,48.74267578125
56.0,47.735595703125
56.001953,47.13134765625
56.003906,25.37841796875
56.005859,25.177001953125
56.007812,25.177001953125
56.009766,25.37841796875
56.011719,25.982666015625
56.013672,26.788330078125
56.015625,27.79541015625
56.017578,28.802490234375
56.019531,29.608154296875
56.021484,30.413818359375
56.023438,31.219482421875
56.025391,31.622314453125
56.027344,31.622314453125
56.029297,31.622314453125
56.03125,31.219482421875
56.033203,30.413818359375
56.035156,3.424072265625
56.037109,2.4169921875
56.039062,1.611328125
56.041016,0.604248046875
56.042969,-0.201416015625
56.044922,-0.8056640625
56.046875,-1.007080078125
56.048828,-12.0849609375
56.050781,-11.883544921875
56.052734,-11.279296875
56.054688,-10.675048828125
56.056641,-9.66796875
56.058594,-8.8623046875
56.060547,-7.855224609375
56.0625,-6.84814453125
56.064453,9.869384765625
56.066406,10.4736328125
56.068359,10.675048828125
56.070312,10.675048828125
56.072266,10.272216796875
56.074219,9.66796875
56.076172,9.063720703125
56.078125,8.056640625
56.080078,35.650634765625
56.082031,34.6435546875
56.083984,33.837890625
56.085938,33.233642578125
56.087891,32.830810546875
56.089844,32.62939453125
56.091797,32.830810546875
56.09375,33.233642578125
56.095703,33.837890625
56.097656,34.6435546875
56.099609,35.650634765625
56.101562,36.65771484375
56.103516,52.166748046875
56.105469,52.77099609375
56.107422,53.375244140625
56.109375,53.778076171875
56.111328,31.82373046875
56.113281,31.622314453125
56.115234,31.219482421875
56.117188,30.413818359375
56.119141,29.608154296875
56.121094,28.60107421875
56.123047,27.593994140625
56.125,26.788330078125
56.126953,25.982666015625
56.128906,5.438232421875
56.130859,5.23681640625
56.132812,5.23681640625
56.134766,5.6396484375
56.136719,6.243896484375
56.138672,7.049560546875
56.140625,7.855224609375
56.142578,8.8623046875
56.144531,-6.04248046875
56.146484,-5.23681640625
56.148438,-4.632568359375
56.150391,-4.229736328125
56.152344,-4.0283203125
56.154297,-4.229736328125
56.15625,-4.632568359375
56.158203,-5.23681640625
56.160156,4.0283203125
56.162109,3.22265625
56.164062,2.215576171875
56.166016,1.20849609375
56.167969,0.40283203125
56.169922,0.0
56.171875,-0.40283203125
56.173828,-0.40283203125
56.175781,-0.201416015625
56.177734,26.5869140625
56.179688,27.191162109375
56.181641,27.996826171875
56.183594,29.00390625
56.185547,30.010986328125
56.1875,30.816650390625
56.189453,31.622314453125
56.191406,32.025146484375
56.193359,45.52001953125
56.195312,48.33984375
56.197266,48.138427734375
56.199219,41.693115234375
56.201172,40.887451171875
56.203125,40.081787109375
56.205078,39.07470703125
56.207031,38.067626953125
56.208984,37.261962890625
56.210938,36.65771484375
56.212891,36.2548828125
56.214844,36.053466796875
56.216797,36.2548828125
56.21875,36.65771484375
56.220703,37.261962890625
56.222656,38.067626953125
56.224609,14.90478515625
56.226562,15.911865234375
56.228516,16.717529296875
56.230469,17.523193359375
56.232422,18.12744140625
56.234375,18.5302734375
56.236328,18.5302734375
56.238281,18.328857421875
56.240234,-5.035400390625
56.242188,-5.841064453125
56.244141,-6.646728515625
56.246094,-7.65380859375
56.248047,-8.660888671875
56.25,-9.466552734375
56.251953,-10.07080078125
56.253906,-10.675048828125
56.255859,-10.87646484375
56.257812,-9.26513671875
56.259766,-7.452392578125
56.261719,-6.84814453125
56.263672,-6.243896484375
56.265625,-5.23681640625
56.267578,-4.229736328125
56.269531,-3.424072265625
56.271484,23.3642578125
56.273438,23.968505859375
56.275391,24.371337890625
56.277344,24.57275390625
56.279297,24.371337890625
56.28125,23.968505859375
56.283203,23.3642578125
56.285156,22.55859375
56.287109,21.551513671875
56.289062,41.49169921875
56.291016,40.68603515625
56.292969,39.88037109375
56.294922,39.276123046875
56.296875,38.873291015625
56.298828,38.873291015625
56.300781,39.07470703125
56.302734,39.678955078125
56.304688,45.318603515625
56.306641,46.32568359375
56.308594,47.13134765625
56.310547,48.138427734375
56.3125,49.1455078125
56.314453,49.749755859375
56.316406,50.35400390625
56.318359,50.555419921875
56.320312,50.555419921875
56.322266,50.152587890625
56.324219,49.54833984375
56.326172,23.3642578125
56.328125,22.55859375
56.330078,21.551513671875
56.332031,20.54443359375
56.333984,19.73876953125
56.335938,-4.0283203125
56.337891,-4.632568359375
56.339844,-4.632568359375
56.341797,-4.632568359375
56.34375,-4.0283203125
56.345703,-3.424072265625
56.347656,-2.618408203125
56.349609,-1.611328125
56.351562,-5.23681640625
56.353516,-4.229736328125
56.355469,-3.424072265625
56.357422,-3.021240234375
56.359375,-2.618408203125
56.361328,-2.618408203125
56.363281,-2.81982421875
56.365234,-3.22265625
56.367188,16.51611328125
56.369141,15.71044921875
56.371094,14.703369140625
56.373047,13.6962890625
56.375,12.890625
56.376953,12.0849609375
56.378906,11.68212890625
56.380859,11.480712890625
56.382812,11.480712890625
56.384766,37.46337890625
56.386719,38.067626953125
56.388672,38.873291015625
56.390625,39.678955078125
56.392578,40.68603515625
56.394531,47.735595703125
56.396484,48.541259765625
56.398438,49.346923828125
56.400391,49.749755859375
56.402344,49.749755859375
56.404297,49.749755859375
56.40625,49.346923828125
56.408203,48.541259765625
56.410156,47.735595703125
56.412109,46.929931640625
56.414062,45.9228515625
56.416016,44.915771484375
56.417969,25.982666015625
56.419922,25.37841796875
56.421875,24.9755859375
56.423828,24.9755859375
56.425781,25.177001953125
56.427734,25.78125
56.429688,26.385498046875
56.431641,27.392578125
56.433594,28.1982421875
56.435547,29.205322265625
56.4375,30.21240234375
56.439453,6.243896484375
56.441406,6.646728515625
56.443359,6.84814453125
56.445312,6.84814453125
56.447266,-2.618408203125
56.449219,-3.22265625
56.451172,-4.0283203125
56.453125,-4.833984375
56.455078,-5.841064453125
56.457031,-6.84814453125
56.458984,-7.65380859375
56.460938,-8.258056640625
56.462891,-8.660888671875
56.464844,5.035400390625
56.466797,5.23681640625
56.46875,5.6396484375
56.470703,6.243896484375
56.472656,7.2509765625
56.474609,8.056640625
56.476562,9.063720703125
56.478516,36.053466796875
56.480469,36.859130859375
56.482422,37.261962890625
56.484375,37.664794921875
56.486328,37.664794921875
56.488281,37.46337890625
56.490234,37.060546875
56.492188,36.2548828125
56.494141,50.35400390625
56.496094,49.54833984375
56.498047,48.541259765625
56.5,47.5341796875
56.501953,46.929931640625
56.503906,46.32568359375
56.505859,46.124267578125
56.507812,46.124267578125
56.509766,32.427978515625
56.511719,33.0322265625
56.513672,33.837890625
56.515625,34.6435546875
56.517578,35.650634765625
56.519531,36.65771484375
56.521484,37.46337890625
56.523438,38.067626953125
56.525391,38.470458984375
56.527344,11.077880859375
56.529297,10.87646484375
56.53125,10.4736328125
56.533203,9.869384765625
56.535156,9.063720703125
56.537109,8.056640625
56.539062,7.049560546875
56.541016,6.243896484375
56.542969,5.438232421875
56.544922,4.833984375
56.546875,4.43115234375
56.548828,4.43115234375
56.550781,4.632568359375
56.552734,-11.883544921875
56.554688,-11.077880859375
56.556641,2.01416015625
56.558594,3.021240234375
56.560547,4.0283203125
56.5625,4.833984375
56.564453,5.6396484375
56.566406,6.04248046875
56.568359,6.243896484375
56.570312,6.243896484375
56.572266,5.841064453125
56.574219,30.816650390625
56.576172,30.21240234375
56.578125,29.205322265625
56.580078,28.1982421875
56.582031,27.392578125
56.583984,26.385498046875
56.585938,25.78125
56.587891,25.37841796875
56.589844,42.095947265625
56.591797,42.29736328125
56.59375,42.7001953125
56.595703,43.304443359375
56.597656,44.110107421875
56.599609,45.1171875
56.601562,46.124267578125
56.603516,46.929931640625
56.605469,41.693115234375
56.607422,42.29736328125
56.609375,42.498779296875
56.611328,42.7001953125
56.613281,42.29736328125
56.615234,41.89453125
56.617188,41.0888671875
56.619141,40.283203125
56.621094,39.276123046875
56.623047,14.09912109375
56.625,13.092041015625
56.626953,12.48779296875
56.628906,11.883544921875
56.630859,11.68212890625
56.632812,11.68212890625
56.634766,12.0849609375
56.636719,12.689208984375
56.638672,13.494873046875
56.640625,14.300537109375
56.642578,15.3076171875
56.644531,3.021240234375
56.646484,-2.4169921875
56.648438,-1.812744140625
56.650391,-1.409912109375
56.652344,-1.20849609375
56.654297,1.409912109375
56.65625,1.007080078125
56.658203,0.201416015625
56.660156,-0.604248046875
56.662109,-1.409912109375
56.664062,-2.4169921875
56.666016,-3.424072265625
56.667969,-4.229736328125
56.669922,-4.632568359375
56.671875,18.12744140625
56.673828,17.926025390625
56.675781,18.328857421875
56.677734,18.731689453125
56.679688,19.537353515625
56.681641,20.343017578125
56.683594,21.35009765625
56.685547,22.15576171875
56.6875,46.929931640625
56.689453,47.5341796875
56.691406,48.138427734375
56.693359,48.33984375
56.695312,48.33984375
56.697266,47.93701171875
56.699219,47.332763671875
56.701172,46.728515625
56.703125,45.9228515625
56.705078,44.915771484375
56.707031,43.90869140625
56.708984,43.10302734375
56.710938,42.498779296875
56.712891,42.095947265625
56.714844,41.89453125
56.716797,42.095947265625
56.71875,19.3359375
56.720703,20.1416015625
56.722656,20.947265625
56.724609,21.7529296875
56.726562,22.760009765625
56.728516,23.76708984375
56.730469,24.57275390625
56.732422,24.9755859375
56.734375,5.6396484375
56.736328,-0.201416015625
56.738281,-0.604248046875
56.740234,-1.007080078125
56.742188,-1.812744140625
56.744141,-2.618408203125
56.746094,-3.62548828125
56.748047,-4.43115234375
56.75,-5.438232421875
56.751953,-6.04248046875
56.753906,-6.646728515625
56.755859,-6.84814453125
56.757812,-6.84814453125
56.759766,-6.4453125
56.761719,11.68212890625
56.763672,12.48779296875
56.765625,13.494873046875
56.767578,14.501953125
56.769531,15.3076171875
56.771484,16.11328125
56.773438,16.9189453125
56.775391,17.32177734375
56.777344,17.32177734375
56.779297,17.32177734375
56.78125,37.8662109375
56.783203,37.060546875
56.785156,50.7568359375
56.787109,49.749755859375
56.789062,48.74267578125
56.791016,47.93701171875
56.792969,47.13134765625
56.794922,46.527099609375
56.796875,46.32568359375
56.798828,46.124267578125
56.800781,46.527099609375
56.802734,46.929931640625
56.804688,47.735595703125
56.806641,48.541259765625
56.808594,49.54833984375
56.810547,50.35400390625
56.8125,51.361083984375
56.814453,39.276123046875
56.816406,39.678955078125
56.818359,40.081787109375
56.820312,39.88037109375
56.822266,39.678955078125
56.824219,39.07470703125
56.826172,38.26904296875
56.828125,8.660888671875
56.830078,7.855224609375
56.832031,6.84814453125
56.833984,6.04248046875
56.835938,5.438232421875
56.837891,5.035400390625
56.839844,4.833984375
56.841797,5.035400390625
56.84375,5.438232421875
56.845703,-9.26513671875
56.847656,-8.258056640625
56.849609,-7.452392578125
56.851562,-6.4453125
56.853516,-5.438232421875
56.855469,-4.833984375
56.857422,-4.229736328125
56.859375,-3.826904296875
56.861328,-3.826904296875
56.863281,-4.0283203125
56.865234,-4.632568359375
56.867188,-5.23681640625
56.869141,-6.04248046875
56.871094,2.618408203125
56.873047,1.611328125
56.875,27.191162109375
56.876953,26.5869140625
56.878906,25.982666015625
56.880859,25.78125
56.882812,25.982666015625
56.884766,26.18408203125
56.886719,26.788330078125
56.888672,27.593994140625
56.890625,28.399658203125
56.892578,48.74267578125
56.894531,49.749755859375
56.896484,50.555419921875
56.898438,51.15966796875
56.900391,51.5625
56.902344,51.763916015625
56.904297,51.5625
56.90625,41.89453125
56.908203,41.290283203125
56.910156,40.484619140625
56.912109,39.4775390625
56.914062,38.470458984375
56.916016,37.664794921875
56.917969,36.859130859375
56.919922,36.2548828125
56.921875,36.053466796875
56.923828,11.480712890625
56.925781,11.68212890625
56.927734,12.286376953125
56.929688,12.890625
56.931641,13.897705078125
56.933594,14.703369140625
56.935547,15.71044921875
56.9375,16.717529296875
56.939453,-5.438232421875
56.941406,-4.833984375
56.943359,-4.632568359375
56.945312,-4.632568359375
56.947266,-5.035400390625
56.949219,-5.6396484375
56.951172,-6.4453125
56.953125,-1.007080078125
56.955078,-2.01416015625
56.957031,-2.81982421875
56.958984,-3.826904296875
56.960938,-4.43115234375
56.962891,-4.833984375
56.964844,-5.035400390625
56.966797,-4.833984375
56.96875,-4.43115234375
56.970703,-3.826904296875
56.972656,-2.81982421875
56.974609,20.947265625
56.976562,21.954345703125
56.978516,22.96142578125
56.980469,48.541259765625
56.982422,48.944091796875
56.984375,49.346923828125
56.986328,49.346923828125
56.988281,49.1455078125
56.990234,48.74267578125
56.992188,47.93701171875
56.994141,47.13134765625
56.996094,46.124267578125
56.998047,45.1171875
57.0,44.3115234375
57.001953,43.505859375
57.003906,40.283203125
57.005859,40.081787109375
57.007812,40.283203125
57.009766,40.484619140625
57.011719,41.0888671875
57.013672,41.89453125
57.015625,42.7001953125
57.017578,22.357177734375
57.019531,23.3642578125
57.021484,24.169921875
57.023438,24.774169921875
57.025391,25.177001953125
57.027344,25.37841796875
57.029297,25.177001953125
57.03125,24.774169921875
57.033203,24.169921875
57.035156,-3.62548828125
57.037109,-4.632568359375
57.039062,-5.6396484375
57.041016,-6.4453125
57.042969,-7.2509765625
57.044922,-7.855224609375
57.046875,-8.056640625
57.048828,-8.258056640625
57.050781,-9.466552734375
57.052734,-9.063720703125
57.054688,-8.258056640625
57.056641,-7.452392578125
57.058594,-6.4453125
57.060547,-5.438232421875
57.0625,-4.632568359375
57.064453,-3.826904296875
57.066406,17.120361328125
57.068359,17.32177734375
57.070312,17.32177734375
57.072266,16.9189453125
57.074219,16.51611328125
57.076172,15.71044921875
57.078125,14.703369140625
57.080078,13.6962890625
57.082031,12.890625
57.083984,12.0849609375
57.085938,36.859130859375
57.087891,36.456298828125
57.089844,36.2548828125
57.091797,36.456298828125
57.09375,36.859130859375
57.095703,37.46337890625
57.097656,38.26904296875
57.099609,39.276123046875
57.101562,40.283203125
57.103516,46.929931640625
57.105469,47.735595703125
57.107422,48.33984375
57.109375,48.541259765625
57.111328,48.74267578125
57.113281,32.62939453125
57.115234,32.2265625
57.117188,31.4208984375
57.119141,30.615234375
57.121094,29.608154296875
57.123047,28.802490234375
57.125,27.79541015625
57.126953,27.191162109375
57.128906,26.5869140625
57.130859,-2.215576171875
57.132812,-2.215576171875
57.134766,-1.812744140625
57.136719,-1.409912109375
57.138672,-0.604248046875
57.140625,0.40283203125
57.142578,1.409912109375
57.144531,2.215576171875
57.146484,-7.65380859375
57.148438,-7.049560546875
57.150391,-6.646728515625
57.152344,-6.4453125
57.154297,-6.646728515625
57.15625,-7.049560546875
57.158203,-7.65380859375
57.160156,-8.660888671875
57.162109,8.45947265625
57.164062,7.65380859375
57.166016,6.646728515625
57.167969,5.841064453125
57.169922,5.23681640625
57.171875,5.035400390625
57.173828,4.833984375
57.175781,30.21240234375
57.177734,30.816650390625
57.179688,31.4208984375
57.181641,32.427978515625
57.183594,33.233642578125
57.185547,34.24072265625
57.1875,35.04638671875
57.189453,35.85205078125
57.191406,36.2548828125
57.193359,36.65771484375
57.195312,36.456298828125
57.197266,36.2548828125
57.199219,35.650634765625
57.201172,34.844970703125
57.203125,34.039306640625
57.205078,50.555419921875
57.207031,33.233642578125
57.208984,32.2265625
57.210938,31.622314453125
57.212891,31.219482421875
57.214844,31.01806640625
57.216797,31.219482421875
57.21875,31.622314453125
57.220703,32.2265625
57.222656,33.233642578125
57.224609,34.039306640625
57.226562,8.8623046875
57.228516,9.869384765625
57.230469,10.4736328125
57.232422,11.077880859375
57.234375,11.480712890625
57.236328,11.480712890625
57.238281,11.279296875
57.240234,10.675048828125
57.242188,-6.4453125
57.244141,-7.452392578125
57.246094,-8.45947265625
57.248047,-9.26513671875
57.25,-10.272216796875
57.251953,-10.87646484375
57.253906,-11.480712890625
57.255859,-11.68212890625
57.257812,-1.007080078125
57.259766,-0.604248046875
57.261719,0.0
57.263672,0.8056640625
57.265625,1.611328125
57.267578,2.618408203125
57.269531,3.62548828125
57.271484,4.43115234375
57.273438,24.169921875
57.275391,24.57275390625
57.277344,24.774169921875
57.279297,24.57275390625
57.28125,24.169921875
57.283203,23.565673828125
57.285156,22.760009765625
57.287109,21.7529296875
57.289062,45.721435546875
57.291016,44.71435546875
57.292969,43.90869140625
57.294922,43.304443359375
57.296875,43.10302734375
57.298828,42.901611328125
57.300781,43.304443359375
57.302734,43.707275390625
57.304688,44.512939453125
57.306641,45.318603515625
57.308594,46.32568359375
57.310547,47.332763671875
57.3125,48.138427734375
57.314453,45.318603515625
57.316406,45.721435546875
57.318359,18.5302734375
57.320312,18.5302734375
57.322266,18.12744140625
57.324219,17.724609375
57.326172,16.9189453125
57.328125,15.911865234375
57.330078,14.90478515625
57.332031,14.09912109375
57.333984,13.29345703125
57.335938,12.48779296875
57.337891,-5.6396484375
57.339844,-5.841064453125
57.341797,-5.6396484375
57.34375,-5.23681640625
57.345703,-4.632568359375
57.347656,-3.826904296875
57.349609,-2.81982421875
57.351562,-8.258056640625
57.353516,-7.2509765625
57.355469,-6.4453125
57.357422,-5.841064453125
57.359375,-5.6396484375
57.361328,-5.438232421875
57.363281,-5.841064453125
57.365234,-6.243896484375
57.367188,-7.049560546875
57.369141,14.703369140625
57.371094,38.671875
57.373047,37.8662109375
57.375,36.859130859375
57.376953,36.2548828125
57.378906,35.650634765625
57.380859,35.44921875
57.382812,35.44921875
57.384766,35.85205078125
57.386719,36.456298828125
57.388672,37.261962890625
57.390625,38.067626953125
57.392578,39.07470703125
57.394531,40.081787109375
57.396484,40.887451171875
57.398438,41.49169921875
57.400391,49.1455078125
57.402344,49.1455078125
57.404297,49.1455078125
57.40625,48.541259765625
57.408203,47.93701171875
57.410156,47.13134765625
57.412109,46.124267578125
57.414062,45.318603515625
57.416016,44.3115234375
57.417969,43.505859375
57.419922,42.901611328125
57.421875,42.7001953125
57.423828,42.7001953125
57.425781,25.78125
57.427734,26.18408203125
57.429688,-1.20849609375
57.431641,-0.40283203125
57.433594,0.604248046875
57.435547,1.611328125
57.4375,2.4169921875
57.439453,3.22265625
57.441406,3.62548828125
57.443359,3.826904296875
57.445312,3.826904296875
57.447266,-7.452392578125
57.449219,-8.056640625
57.451172,-8.8623046875
57.453125,-9.66796875
57.455078,-10.675048828125
57.457031,-11.68212890625
57.458984,-12.48779296875
57.460938,-13.092041015625
57.462891,4.0283203125
57.464844,3.826904296875
57.466797,4.0283203125
57.46875,4.43115234375
57.470703,5.035400390625
57.472656,6.04248046875
57.474609,6.84814453125
57.476562,7.855224609375
57.478516,37.46337890625
57.480469,38.26904296875
57.482422,38.873291015625
57.484375,39.07470703125
57.486328,39.276123046875
57.488281,38.873291015625
57.490234,38.470458984375
57.492188,37.664794921875
57.494141,46.527099609375
57.496094,45.52001953125
57.498047,44.512939453125
57.5,43.707275390625
57.501953,43.10302734375
57.503906,42.498779296875
57.505859,42.29736328125
57.507812,42.29736328125
57.509766,33.43505859375
57.511719,34.039306640625
57.513672,34.844970703125
57.515625,35.650634765625
57.517578,36.65771484375
57.519531,37.664794921875
57.521484,38.470458984375
57.523438,39.07470703125
57.525391,39.4775390625
57.527344,39.678955078125
57.529297,39.4775390625
57.53125,11.68212890625
57.533203,11.077880859375
57.535156,10.272216796875
57.537109,9.26513671875
57.539062,8.258056640625
57.541016,7.452392578125
57.542969,6.646728515625
57.544922,-11.68212890625
57.546875,-12.0849609375
57.548828,-12.0849609375
57.550781,-11.883544921875
57.552734,-11.279296875
57.554688,-10.675048828125
57.556641,-9.66796875
57.558594,0.40283203125
57.560547,1.20849609375
57.5625,2.215576171875
57.564453,2.81982421875
57.566406,32.025146484375
57.568359,32.2265625
57.570312,32.2265625
57.572266,32.025146484375
57.574219,31.4208984375
57.576172,30.615234375
57.578125,29.608154296875
57.580078,28.802490234375
57.582031,27.79541015625
57.583984,26.98974609375
57.585938,26.18408203125
57.587891,25.78125
57.589844,25.78125
57.591797,44.110107421875
57.59375,44.512939453125
57.595703,45.1171875
57.597656,45.9228515625
57.599609,46.929931640625
57.601562,47.93701171875
57.603516,48.74267578125
57.605469,49.54833984375
57.607422,41.89453125
57.609375,42.29736328125
57.611328,42.29736328125
57.613281,42.095947265625
57.615234,41.693115234375
57.617188,40.887451171875
57.619141,40.081787109375
57.621094,39.07470703125
57.623047,38.067626953125
57.625,37.261962890625
57.626953,36.456298828125
57.628906,36.053466796875
57.630859,35.85205078125
57.632812,12.0849609375
57.634766,12.48779296875
57.636719,-6.04248046875
57.638672,-5.438232421875
57.640625,-4.43115234375
57.642578,-3.424072265625
57.644531,-2.618408203125
57.646484,-1.611328125
57.648438,-1.007080078125
57.650391,-0.604248046875
57.652344,-0.40283203125
57.654297,1.812744140625
57.65625,1.409912109375
57.658203,0.604248046875
57.660156,-0.201416015625
57.662109,-1.007080078125
57.664062,-2.01416015625
57.666016,-3.021240234375
57.667969,-3.826904296875
57.669922,18.5302734375
57.671875,18.12744140625
57.673828,18.12744140625
57.675781,18.328857421875
57.677734,18.93310546875
57.679688,19.537353515625
57.681641,20.54443359375
57.683594,21.35009765625
57.685547,22.357177734375
57.6875,47.735595703125
57.689453,48.541259765625
57.691406,48.944091796875
57.693359,49.346923828125
57.695312,49.1455078125
57.697266,48.944091796875
57.699219,48.33984375
57.701172,45.9228515625
57.703125,44.915771484375
57.705078,44.110107421875
57.707031,43.10302734375
57.708984,42.29736328125
57.710938,41.49169921875
57.712891,41.0888671875
57.714844,41.0888671875
57.716797,19.134521484375
57.71875,19.537353515625
57.720703,20.1416015625
57.722656,20.947265625
57.724609,21.954345703125
57.726562,22.96142578125
57.728516,23.76708984375
57.730469,24.57275390625
57.732422,25.177001953125
57.734375,25.37841796875
57.736328,25.579833984375
57.738281,25.177001953125
57.740234,24.774169921875
57.742188,23.968505859375
57.744141,23.162841796875
57.746094,-7.65380859375
57.748047,-8.660888671875
57.75,-9.466552734375
57.751953,-10.272216796875
57.753906,-10.675048828125
57.755859,-10.87646484375
57.757812,-10.87646484375
57.759766,-10.4736328125
57.761719,11.480712890625
57.763672,12.286376953125
57.765625,13.29345703125
57.767578,14.300537109375
57.769531,15.106201171875
57.771484,15.911865234375
57.773438,16.717529296875
57.775391,17.120361328125
57.777344,17.120361328125
57.779297,17.120361328125
57.78125,16.717529296875
57.783203,41.0888671875
57.785156,40.283203125
57.787109,39.4775390625
57.789062,38.470458984375
57.791016,37.46337890625
57.792969,36.65771484375
57.794922,36.2548828125
57.796875,35.85205078125
57.798828,43.505859375
57.800781,43.707275390625
57.802734,44.110107421875
57.804688,44.915771484375
57.806641,45.721435546875
57.808594,46.728515625
57.810547,47.735595703125
57.8125,38.26904296875
57.814453,38.873291015625
57.816406,39.4775390625
57.818359,39.678955078125
57.820312,39.678955078125
57.822266,39.276123046875
57.824219,38.671875
57.826172,10.4736328125
57.828125,9.466552734375
57.830078,8.45947265625
57.832031,7.65380859375
57.833984,6.84814453125
57.835938,6.04248046875
57.837891,5.6396484375
57.839844,5.6396484375
57.841797,5.6396484375
57.84375,6.04248046875
57.845703,6.84814453125
57.847656,7.65380859375
57.849609,8.45947265625
57.851562,9.466552734375
57.853516,-5.438232421875
57.855469,-4.632568359375
57.857422,3.826904296875
57.859375,4.229736328125
57.861328,4.229736328125
57.863281,4.0283203125
57.865234,3.424072265625
57.867188,2.81982421875
57.869141,1.812744140625
57.871094,0.8056640625
57.873047,0.0
57.875,25.982666015625
57.876953,25.37841796875
57.878906,24.774169921875
57.880859,24.57275390625
57.882812,24.57275390625
57.884766,24.9755859375
57.886719,25.579833984375
57.888672,26.385498046875
57.890625,44.110107421875
57.892578,45.1171875
57.894531,46.124267578125
57.896484,46.929931640625
57.898438,47.5341796875
57.900391,47.93701171875
57.902344,48.138427734375
57.904297,47.93701171875
57.90625,45.318603515625
57.908203,44.71435546875
57.910156,43.90869140625
57.912109,42.901611328125
57.914062,42.095947265625
57.916016,41.0888671875
57.917969,40.283203125
57.919922,39.678955078125
57.921875,39.4775390625
57.923828,12.0849609375
57.925781,12.286376953125
57.927734,12.689208984375
57.929688,13.494873046875
57.931641,14.300537109375
57.933594,15.3076171875
57.935547,16.314697265625
57.9375,-5.841064453125
57.939453,-5.23681640625
57.941406,-4.632568359375
57.943359,-4.43115234375
57.945312,-4.43115234375
57.947266,-4.833984375
57.949219,-5.438232421875
57.951172,-6.243896484375
57.953125,-7.049560546875
57.955078,-8.056640625
57.957031,-4.833984375
57.958984,-5.6396484375
57.960938,-6.243896484375
57.962891,-6.646728515625
57.964844,-6.84814453125
57.966797,-6.646728515625
57.96875,18.5302734375
57.970703,19.134521484375
57.972656,19.940185546875
57.974609,20.947265625
57.976562,21.954345703125
57.978516,22.760009765625
57.980469,23.565673828125
57.982422,24.169921875
57.984375,24.57275390625
57.986328,46.527099609375
57.988281,46.32568359375
57.990234,45.721435546875
57.992188,45.1171875
57.994141,44.110107421875
57.996094,43.304443359375
57.998047,42.29736328125
58.0,41.290283203125
58.001953,44.110107421875
58.003906,39.88037109375
58.005859,39.678955078125
58.007812,39.678955078125
58.009766,39.88037109375
58.011719,40.484619140625
58.013672,41.290283203125
58.015625,42.29736328125
58.017578,43.10302734375
58.019531,23.3642578125
58.021484,24.169921875
58.023438,24.774169921875
58.025391,25.177001953125
58.027344,25.37841796875
58.029297,25.177001953125
58.03125,24.774169921875
58.033203,1.007080078125
58.035156,0.201416015625
58.037109,-0.604248046875
58.039062,-1.611328125
58.041016,-2.618408203125
58.042969,-3.424072265625
58.044922,-4.0283203125
58.046875,-4.229736328125
58.048828,-4.229736328125
58.050781,-4.0283203125
58.052734,-10.87646484375
58.054688,-10.07080078125
58.056641,-9.26513671875
58.058594,-8.258056640625
58.060547,-7.2509765625
58.0625,-6.4453125
58.064453,-5.6396484375
58.066406,-5.23681640625
58.068359,-5.035400390625
58.070312,-5.035400390625
58.072266,-5.438232421875
58.074219,-5.841064453125
58.076172,-6.646728515625
58.078125,40.887451171875
58.080078,39.88037109375
58.082031,39.07470703125
58.083984,38.067626953125
58.085938,37.46337890625
58.087891,37.060546875
58.089844,36.859130859375
58.091797,37.060546875
58.09375,37.46337890625
58.095703,38.067626953125
58.097656,39.07470703125
58.099609,49.346923828125
58.101562,50.35400390625
58.103516,51.361083984375
58.105469,51.96533203125
58.107422,52.569580078125
58.109375,52.972412109375
58.111328,52.972412109375
58.113281,37.060546875
58.115234,36.456298828125
58.117188,35.85205078125
58.119141,34.844970703125
58.121094,34.039306640625
58.123047,33.0322265625
58.125,32.025146484375
58.126953,31.4208984375
58.128906,4.833984375
58.130859,4.632568359375
58.132812,4.632568359375
58.134766,5.035400390625
58.136719,5.6396484375
58.138672,6.243896484375
58.140625,7.2509765625
58.142578,8.258056640625
58.144531,-7.452392578125
58.146484,-6.4453125
58.148438,-5.841064453125
58.150391,-5.438232421875
58.152344,3.826904296875
58.154297,3.62548828125
58.15625,3.22265625
58.158203,2.618408203125
58.160156,1.812744140625
58.162109,0.8056640625
58.164062,0.0
58.166016,-1.007080078125
58.167969,-1.812744140625
58.169922,-2.4169921875
58.171875,-2.618408203125
58.173828,-2.81982421875
58.175781,-2.4169921875
58.177734,18.93310546875
58.179688,26.98974609375
58.181641,27.79541015625
58.183594,28.802490234375
58.185547,29.608154296875
58.1875,30.615234375
58.189453,31.219482421875
58.191406,52.972412109375
58.193359,53.173828125
58.195312,53.173828125
58.197266,52.77099609375
58.199219,52.166748046875
58.201172,51.361083984375
58.203125,50.555419921875
58.205078,49.54833984375
58.207031,48.541259765625
58.208984,39.276123046875
58.210938,38.671875
58.212891,38.26904296875
58.214844,38.067626953125
58.216797,38.26904296875
58.21875,38.671875
58.220703,39.276123046875
58.222656,40.081787109375
58.224609,14.90478515625
58.226562,15.911865234375
58.228516,16.9189453125
58.230469,17.523193359375
58.232422,18.12744140625
58.234375,18.5302734375
58.236328,18.5302734375
58.238281,-2.01416015625
58.240234,-2.4169921875
58.242188,-3.22265625
58.244141,-4.0283203125
58.246094,-5.035400390625
58.248047,-6.04248046875
58.25,-6.84814453125
58.251953,-7.452392578125
58.253906,-4.833984375
58.255859,-5.035400390625
58.257812,-5.035400390625
58.259766,-4.833984375
58.261719,-4.229736328125
58.263672,-3.424072265625
58.265625,-2.4169921875
58.267578,-1.409912109375
58.269531,22.760009765625
58.271484,23.565673828125
58.273438,24.169921875
58.275391,24.57275390625
58.277344,24.774169921875
58.279297,24.57275390625
58.28125,24.169921875
58.283203,23.565673828125
58.285156,22.760009765625
58.287109,21.7529296875
58.289062,20.745849609375
58.291016,19.940185546875
58.292969,19.134521484375
58.294922,18.5302734375
58.296875,18.12744140625
58.298828,42.29736328125
58.300781,42.498779296875
58.302734,43.10302734375
58.304688,43.707275390625
58.306641,44.71435546875
58.308594,45.721435546875
58.310547,46.527099609375
58.3125,47.5341796875
58.314453,48.138427734375
58.316406,48.74267578125
58.318359,48.944091796875
58.320312,25.37841796875
58.322266,24.9755859375
58.324219,24.371337890625
58.326172,23.565673828125
58.328125,22.760009765625
58.330078,21.7529296875
58.332031,-5.438232421875
58.333984,-6.4453125
58.335938,-7.049560546875
58.337891,-7.452392578125
58.339844,-7.452392578125
58.341797,-7.452392578125
58.34375,-7.049560546875
58.345703,-6.4453125
58.347656,-7.452392578125
58.349609,-4.43115234375
58.351562,-3.424072265625
58.353516,-2.4169921875
58.355469,-1.611328125
58.357422,-1.20849609375
58.359375,-0.8056640625
58.361328,-0.8056640625
58.363281,-1.007080078125
58.365234,-1.409912109375
58.367188,8.660888671875
58.369141,7.855224609375
58.371094,6.84814453125
58.373047,5.841064453125
58.375,5.035400390625
58.376953,4.229736328125
58.378906,3.826904296875
58.380859,32.427978515625
58.382812,32.427978515625
58.384766,32.830810546875
58.386719,33.43505859375
58.388672,34.24072265625
58.390625,35.04638671875
58.392578,36.053466796875
58.394531,37.060546875
58.396484,37.8662109375
58.398438,38.470458984375
58.400391,38.873291015625
58.402344,39.07470703125
58.404297,38.873291015625
58.40625,38.470458984375
58.408203,49.346923828125
58.410156,36.053466796875
58.412109,35.04638671875
58.414062,34.039306640625
58.416016,33.233642578125
58.417969,32.427978515625
58.419922,31.82373046875
58.421875,31.4208984375
58.423828,31.4208984375
58.425781,31.622314453125
58.427734,32.2265625
58.429688,6.04248046875
58.431641,6.84814453125
58.433594,7.855224609375
58.435547,8.8623046875
58.4375,9.66796875
58.439453,10.4736328125
58.441406,10.87646484375
58.443359,-5.035400390625
58.445312,-5.035400390625
58.447266,-5.438232421875
58.449219,-6.04248046875
58.451172,-6.84814453125
58.453125,-7.65380859375
58.455078,-8.660888671875
58.457031,-9.66796875
58.458984,-10.4736328125
58.460938,0.604248046875
58.462891,0.201416015625
58.464844,0.0
58.466797,0.201416015625
58.46875,0.604248046875
58.470703,1.20849609375
58.472656,2.01416015625
58.474609,3.021240234375
58.476562,29.205322265625
58.478516,30.010986328125
58.480469,30.816650390625
58.482422,31.4208984375
58.484375,31.82373046875
58.486328,31.82373046875
58.488281,31.622314453125
58.490234,31.01806640625
58.492188,49.1455078125
58.494141,48.33984375
58.496094,47.332763671875
58.498047,46.32568359375
58.5,45.52001953125
58.501953,44.71435546875
58.503906,44.3115234375
58.505859,44.110107421875
58.507812,44.110107421875
58.509766,44.512939453125
58.511719,44.915771484375
58.513672,45.721435546875
58.515625,40.887451171875
58.517578,41.89453125
58.519531,42.901611328125
58.521484,23.968505859375
58.523438,17.523193359375
58.525391,18.12744140625
58.527344,18.12744140625
58.529297,18.12744140625
58.53125,17.523193359375
58.533203,16.9189453125
58.535156,16.11328125
58.537109,15.106201171875
58.539062,-7.049560546875
58.541016,-7.855224609375
58.542969,-10.4736328125
58.544922,-4.0283203125
58.546875,-4.229736328125
58.548828,-4.43115234375
58.550781,-4.0283203125
58.552734,-3.62548828125
58.554688,-2.81982421875
58.556641,-2.01416015625
58.558594,-1.007080078125
58.560547,-0.201416015625
58.5625,0.8056640625
58.564453,1.409912109375
58.566406,2.01416015625
58.568359,2.215576171875
58.570312,2.215576171875
58.572266,24.169921875
58.574219,23.565673828125
58.576172,22.96142578125
58.578125,21.954345703125
58.580078,20.947265625
58.582031,20.1416015625
58.583984,19.134521484375
58.585938,43.10302734375
58.587891,42.7001953125
58.589844,42.498779296875
58.591797,42.7001953125
58.59375,43.10302734375
58.595703,43.707275390625
58.597656,44.512939453125
58.599609,45.52001953125
58.601562,46.527099609375
58.603516,46.527099609375
58.605469,47.332763671875
58.607422,47.93701171875
58.609375,48.33984375
58.611328,48.33984375
58.613281,48.138427734375
58.615234,47.5341796875
58.617188,46.929931640625
58.619141,45.9228515625
58.621094,44.915771484375
58.623047,44.110107421875
58.625,43.10302734375
58.626953,42.498779296875
58.628906,41.89453125
58.630859,-5.035400390625
58.632812,-4.833984375
58.634766,-4.632568359375
58.636719,-4.0283203125
58.638672,-3.22265625
58.640625,-2.4169921875
58.642578,-1.409912109375
58.644531,-0.40283203125
58.646484,0.40283203125
58.648438,1.007080078125
58.650391,-1.007080078125
58.652344,-0.8056640625
58.654297,-1.007080078125
58.65625,-1.409912109375
58.658203,-2.01416015625
58.660156,-2.81982421875
58.662109,-3.826904296875
58.664062,-4.632568359375
58.666016,12.0849609375
58.667969,11.279296875
58.669922,10.87646484375
58.671875,10.4736328125
58.673828,10.4736328125
58.675781,10.675048828125
58.677734,11.077880859375
58.679688,11.883544921875
58.681641,38.067626953125
58.683594,38.873291015625
58.685547,39.88037109375
58.6875,40.887451171875
58.689453,41.49169921875
58.691406,42.095947265625
58.693359,42.29736328125
58.695312,42.29736328125
58.697266,51.96533203125
58.699219,51.361083984375
58.701172,50.555419921875
58.703125,49.749755859375
58.705078,48.74267578125
58.707031,47.735595703125
58.708984,46.929931640625
58.710938,46.32568359375
58.712891,25.78125
58.714844,25.579833984375
58.716797,25.78125
58.71875,26.18408203125
58.720703,26.788330078125
58.722656,27.593994140625
58.724609,28.60107421875
58.726562,29.608154296875
58.728516,30.413818359375
58.730469,31.219482421875
58.732422,31.82373046875
58.734375,12.0849609375
58.736328,12.0849609375
58.738281,-4.0283203125
58.740234,-4.43115234375
58.742188,-5.23681640625
58.744141,-6.04248046875
58.746094,-7.049560546875
58.748047,-8.056640625
58.75,-8.8623046875
58.751953,-9.66796875
58.753906,-10.07080078125
58.755859,-10.272216796875
58.757812,-10.272216796875
58.759766,-10.07080078125
58.761719,0.40283203125
58.763672,1.20849609375
58.765625,2.01416015625
58.767578,3.021240234375
58.769531,4.0283203125
58.771484,4.833984375
58.773438,5.438232421875
58.775391,5.841064453125
58.777344,31.01806640625
58.779297,30.816650390625
58.78125,30.413818359375
58.783203,29.8095703125
58.785156,29.00390625
58.787109,27.996826171875
58.789062,26.98974609375
58.791016,44.512939453125
58.792969,43.707275390625
58.794922,43.10302734375
58.796875,42.7001953125
58.798828,42.7001953125
58.800781,42.901611328125
58.802734,43.505859375
58.804688,44.110107421875
58.806641,39.4775390625
58.808594,40.484619140625
58.810547,41.49169921875
58.8125,42.29736328125
58.814453,43.10302734375
58.816406,43.505859375
58.818359,43.707275390625
58.820312,43.707275390625
58.822266,43.304443359375
58.824219,17.523193359375
58.826172,16.717529296875
58.828125,15.911865234375
58.830078,14.90478515625
58.832031,13.897705078125
58.833984,13.092041015625
58.835938,12.48779296875
58.837891,12.0849609375
58.839844,11.883544921875
58.841797,12.0849609375
58.84375,12.48779296875
58.845703,13.092041015625
58.847656,-10.07080078125
58.849609,-9.063720703125
58.851562,-8.056640625
58.853516,-7.2509765625
58.855469,-1.409912109375
58.857422,-0.8056640625
58.859375,-0.40283203125
58.861328,-0.40283203125
58.863281,-0.604248046875
58.865234,-1.20849609375
58.867188,-1.812744140625
58.869141,-2.81982421875
58.871094,21.35009765625
58.873047,20.343017578125
58.875,19.537353515625
58.876953,18.731689453125
58.878906,18.328857421875
58.880859,17.926025390625
58.882812,18.12744140625
58.884766,18.328857421875
58.886719,41.693115234375
58.888672,42.498779296875
58.890625,43.304443359375
58.892578,44.3115234375
58.894531,45.318603515625
58.896484,46.124267578125
58.898438,46.728515625
58.900391,47.13134765625
58.902344,49.346923828125
58.904297,49.1455078125
58.90625,48.74267578125
58.908203,48.138427734375
58.910156,47.332763671875
58.912109,46.32568359375
58.914062,45.52001953125
58.916016,44.512939453125
58.917969,43.707275390625
58.919922,19.134521484375
58.921875,18.93310546875
58.923828,18.731689453125
58.925781,19.134521484375
58.927734,19.537353515625
58.929688,20.343017578125
58.931641,21.148681640625
58.933594,-3.22265625
58.935547,-2.4169921875
58.9375,-1.409912109375
58.939453,-0.8056640625
58.941406,-0.201416015625
58.943359,0.0
58.945312,0.0
58.947266,-0.40283203125
58.949219,-1.007080078125
58.951172,-1.812744140625
58.953125,-2.618408203125
58.955078,-3.62548828125
58.957031,-4.632568359375
58.958984,-5.438232421875
58.960938,-6.04248046875
58.962891,11.480712890625
58.964844,11.480712890625
58.966797,11.480712890625
58.96875,11.883544921875
58.970703,12.689208984375
58.972656,13.494873046875
58.974609,14.501953125
58.976562,15.3076171875
58.978516,16.314697265625
58.980469,17.120361328125
58.982422,43.505859375
58.984375,43.707275390625
58.986328,43.90869140625
58.988281,43.505859375
58.990234,43.10302734375
58.992188,42.29736328125
58.994141,41.49169921875
58.996094,40.484619140625
58.998047,48.541259765625
59.0,47.5341796875
59.001953,46.929931640625
59.003906,46.32568359375
59.005859,46.124267578125
59.007812,46.124267578125
59.009766,46.527099609375
59.011719,47.13134765625
59.013672,47.93701171875
59.015625,27.79541015625
59.017578,28.60107421875
59.019531,29.608154296875
59.021484,30.413818359375
59.023438,31.01806640625
59.025391,31.4208984375
59.027344,31.622314453125
59.029297,31.4208984375
59.03125,3.62548828125
59.033203,3.021240234375
59.035156,2.215576171875
59.037109,1.20849609375
59.039062,0.201416015625
59.041016,-0.604248046875
59.042969,-1.409912109375
59.044922,-2.01416015625
59.046875,-12.890625
59.048828,-12.890625
59.050781,-12.689208984375
59.052734,-12.286376953125
59.054688,-11.480712890625
59.056641,-10.675048828125
59.058594,-9.66796875
59.060547,-8.660888671875
59.0625,-7.855224609375
59.064453,-7.049560546875
59.066406,-6.646728515625
59.068359,11.883544921875
59.070312,11.883544921875
59.072266,11.68212890625
59.074219,11.077880859375
59.076172,36.456298828125
59.078125,35.650634765625
59.080078,34.6435546875
59.082031,33.636474609375
59.083984,32.830810546875
59.085938,32.2265625
59.087891,31.82373046875
59.089844,31.622314453125
59.091797,31.82373046875
59.09375,45.1171875
59.095703,47.13134765625
59.097656,47.93701171875
59.099609,48.944091796875
59.101562,49.951171875
59.103516,50.7568359375
59.105469,51.5625
59.107422,52.166748046875
59.109375,42.7001953125
59.111328,42.901611328125
59.113281,42.498779296875
59.115234,42.095947265625
59.117188,41.290283203125
59.119141,40.484619140625
59.121094,39.4775390625
59.123047,38.470458984375
59.125,12.689208984375
59.126953,12.0849609375
59.128906,-11.68212890625
59.130859,-11.883544921875
59.132812,-11.883544921875
59.134766,-11.480712890625
59.136719,-10.87646484375
59.138672,-10.07080078125
59.140625,-9.26513671875
59.142578,-8.258056640625
59.144531,-7.2509765625
59.146484,-6.4453125
59.148438,-5.841064453125
59.150391,-5.438232421875
59.152344,-5.23681640625
59.154297,-5.438232421875
59.15625,-5.841064453125
59.158203,-0.40283203125
59.160156,-1.20849609375
59.162109,-2.01416015625
59.164062,-3.021240234375
59.166016,-4.0283203125
59.167969,-4.833984375
59.169922,-5.438232421875
59.171875,-5.6396484375
59.173828,-5.6396484375
59.175781,-5.438232421875
59.177734,-5.035400390625
59.179688,-4.229736328125
59.181641,-3.424072265625
59.183594,-2.4169921875
59.185547,43.10302734375
59.1875,43.90869140625
59.189453,44.512939453125
59.191406,45.1171875
59.193359,45.318603515625
59.195312,45.318603515625
59.197266,44.915771484375
59.199219,44.3115234375
59.201172,43.505859375
59.203125,46.929931640625
59.205078,46.124267578125
59.207031,45.1171875
59.208984,44.3115234375
59.210938,43.707275390625
59.212891,43.10302734375
59.214844,43.10302734375
59.216797,43.10302734375
59.21875,19.134521484375
59.220703,19.73876953125
59.222656,20.54443359375
59.224609,21.551513671875
59.226562,22.55859375
59.228516,23.3642578125
59.230469,24.169921875
59.232422,24.774169921875
59.234375,0.8056640625
59.236328,0.8056640625
59.238281,0.604248046875
59.240234,0.0
59.242188,-0.604248046875
59.244141,-1.611328125
59.246094,-2.4169921875
59.248047,-3.424072265625
59.25,-4.229736328125
59.251953,-10.87646484375
59.253906,-11.279296875
59.255859,-11.68212890625
59.257812,-11.480712890625
59.259766,-11.279296875
59.261719,-10.675048828125
59.263672,-9.869384765625
59.265625,-8.8623046875
59.267578,14.703369140625
59.269531,15.509033203125
59.271484,16.51611328125
59.273438,17.120361328125
59.275391,17.523193359375
59.277344,17.724609375
59.279297,17.523193359375
59.28125,17.120361328125
59.283203,16.51611328125
59.285156,15.509033203125
59.287109,14.703369140625
59.289062,13.6962890625
59.291016,26.18408203125
59.292969,38.671875
59.294922,38.067626953125
59.296875,37.8662109375
59.298828,45.1171875
59.300781,45.318603515625
59.302734,45.9228515625
59.304688,46.527099609375
59.306641,47.332763671875
59.308594,48.33984375
59.310547,49.346923828125
59.3125,50.152587890625
59.314453,50.958251953125
59.316406,32.025146484375
59.318359,32.2265625
59.320312,32.2265625
59.322266,31.82373046875
59.324219,5.6396484375
59.326172,5.035400390625
59.328125,4.0283203125
59.330078,3.021240234375
59.332031,2.215576171875
59.333984,1.20849609375
59.335938,0.604248046875
59.337891,0.201416015625
59.339844,0.0
59.341797,0.201416015625
59.34375,0.604248046875
59.345703,1.20849609375
59.347656,2.215576171875
59.349609,-10.07080078125
59.351562,-9.063720703125
59.353516,-8.258056640625
59.355469,-7.452392578125
59.357422,-6.84814453125
59.359375,-6.4453125
59.361328,-6.4453125
59.363281,4.43115234375
59.365234,10.87646484375
59.367188,10.07080078125
59.369141,9.26513671875
59.371094,8.258056640625
59.373047,7.2509765625
59.375,6.4453125
59.376953,5.6396484375
59.378906,5.23681640625
59.380859,32.62939453125
59.382812,32.62939453125
59.384766,33.0322265625
59.386719,33.43505859375
59.388672,34.24072265625
59.390625,35.247802734375
59.392578,36.2548828125
59.394531,37.060546875
59.396484,37.8662109375
59.398438,38.671875
59.400391,39.07470703125
59.402344,39.07470703125
59.404297,39.07470703125
59.40625,38.671875
59.408203,38.873291015625
59.410156,38.067626953125
59.412109,37.261962890625
59.414062,36.2548828125
59.416016,35.247802734375
59.417969,34.442138671875
59.419922,34.039306640625
59.421875,33.636474609375
59.423828,33.636474609375
59.425781,33.837890625
59.427734,5.841064453125
59.429688,6.646728515625
59.431641,7.452392578125
59.433594,8.45947265625
59.435547,9.466552734375
59.4375,10.272216796875
59.439453,11.077880859375
59.441406,-5.035400390625
59.443359,-4.833984375
59.445312,-4.833984375
59.447266,-5.035400390625
59.449219,-5.6396484375
59.451172,-6.4453125
59.453125,-7.452392578125
59.455078,-8.45947265625
59.457031,1.20849609375
59.458984,0.40283203125
59.460938,-0.40283203125
59.462891,-0.8056640625
59.464844,-0.8056640625
59.466797,-0.8056640625
59.46875,-0.40283203125
59.470703,0.40283203125
59.472656,27.392578125
59.474609,28.1982421875
59.476562,29.205322265625
59.478516,30.21240234375
59.480469,31.01806640625
59.482422,31.4208984375
59.484375,31.82373046875
59.486328,31.82373046875
59.488281,51.15966796875
59.490234,50.555419921875
59.492188,49.951171875
59.494141,49.1455078125
59.496094,48.138427734375
59.498047,47.13134765625
59.5,46.32568359375
59.501953,45.52001953125
59.503906,45.1171875
59.505859,39.4775390625
59.507812,39.4775390625
59.509766,39.88037109375
59.511719,40.484619140625
59.513672,41.0888671875
59.515625,42.095947265625
59.517578,43.10302734375
59.519531,30.413818359375
59.521484,17.32177734375
59.523438,17.926025390625
59.525391,18.328857421875
59.527344,18.5302734375
59.529297,18.328857421875
59.53125,17.926025390625
59.533203,17.32177734375
59.535156,16.51611328125
59.537109,-3.424072265625
59.539062,-4.229736328125
59.541016,-5.23681640625
59.542969,-6.04248046875
59.544922,-6.646728515625
59.546875,-6.84814453125
59.548828,-6.84814453125
59.550781,-6.646728515625
59.552734,-6.646728515625
59.554688,-5.841064453125
59.556641,-5.035400390625
59.558594,-4.0283203125
59.560547,-3.021240234375
59.5625,-2.215576171875
59.564453,-1.611328125
59.566406,-1.007080078125
59.568359,-0.8056640625
59.570312,24.774169921875
59.572266,24.371337890625
59.574219,23.76708984375
59.576172,22.96142578125
59.578125,22.15576171875
59.580078,21.148681640625
59.582031,20.1416015625
59.583984,19.3359375
59.585938,35.85205078125
59.587891,35.44921875
59.589844,35.247802734375
59.591797,35.44921875
59.59375,35.85205078125
59.595703,36.456298828125
59.597656,37.261962890625
59.599609,47.13134765625
59.601562,48.138427734375
59.603516,49.1455078125
59.605469,49.951171875
59.607422,50.555419921875
59.609375,50.7568359375
59.611328,50.7568359375
59.613281,50.555419921875
59.615234,50.152587890625
59.617188,49.346923828125
59.619141,48.541259765625
59.621094,47.5341796875
59.623047,46.527099609375
59.625,27.593994140625
59.626953,26.98974609375
59.628906,26.385498046875
59.630859,-2.215576171875
59.632812,-4.229736328125
59.634766,-4.0283203125
59.636719,-3.424072265625
59.638672,-2.618408203125
59.640625,-1.611328125
59.642578,-0.604248046875
59.644531,0.201416015625
59.646484,1.007080078125
59.648438,1.812744140625
59.650391,-6.243896484375
59.652344,-6.04248046875
59.654297,-6.243896484375
59.65625,-6.646728515625
59.658203,-7.2509765625
59.660156,-8.056640625
59.662109,-9.063720703125
59.664062,6.04248046875
59.666016,5.035400390625
59.667969,4.43115234375
59.669922,3.826904296875
59.671875,3.424072265625
59.673828,3.424072265625
59.675781,3.62548828125
59.677734,4.229736328125
59.679688,33.636474609375
59.681641,34.442138671875
59.683594,35.44921875
59.685547,36.2548828125
59.6875,37.261962890625
59.689453,37.8662109375
59.691406,38.470458984375
59.693359,38.671875
59.695312,38.671875
59.697266,49.951171875
59.699219,49.346923828125
59.701172,48.541259765625
59.703125,47.5341796875
59.705078,46.728515625
59.707031,45.721435546875
59.708984,44.915771484375
59.710938,44.3115234375
59.712891,31.4208984375
59.714844,4.833984375
59.716797,5.035400390625
59.71875,5.438232421875
59.720703,6.04248046875
59.722656,6.84814453125
59.724609,7.855224609375
59.726562,8.8623046875
59.728516,9.66796875
59.730469,10.4736328125
59.732422,11.077880859375
59.734375,11.279296875
59.736328,11.480712890625
59.738281,11.279296875
59.740234,10.675048828125
59.742188,9.869384765625
59.744141,-6.04248046875
59.746094,-6.84814453125
59.748047,-7.855224609375
59.75,-8.660888671875
59.751953,-9.466552734375
59.753906,-9.869384765625
59.755859,-10.272216796875
59.757812,-2.01416015625
59.759766,-1.812744140625
59.761719,-1.20849609375
59.763672,-0.40283203125
59.765625,0.604248046875
59.767578,1.409912109375
59.769531,2.4169921875
59.771484,3.22265625
59.773438,3.826904296875
59.775391,31.82373046875
59.777344,31.82373046875
59.779297,31.82373046875
59.78125,31.4208984375
59.783203,30.615234375
59.785156,29.8095703125
59.787109,29.00390625
59.789062,27.996826171875
59.791016,46.728515625
59.792969,45.9228515625
59.794922,45.52001953125
59.796875,45.1171875
59.798828,45.1171875
59.800781,45.318603515625
59.802734,45.721435546875
59.804688,36.859130859375
59.806641,37.8662109375
59.808594,38.671875
59.810547,39.678955078125
59.8125,40.484619140625
59.814453,41.290283203125
59.816406,41.693115234375
59.818359,42.095947265625
59.820312,18.328857421875
59.822266,17.926025390625
59.824219,17.32177734375
59.826172,16.51611328125
59.828125,15.71044921875
59.830078,14.703369140625
59.832031,13.6962890625
59.833984,12.890625
59.835938,12.286376953125
59.837891,11.883544921875
59.839844,11.68212890625
59.841797,11.883544921875
59.84375,12.286376953125
59.845703,12.890625
59.847656,-7.855224609375
59.849609,-7.049560546875
59.851562,-1.409912109375
59.853516,-0.604248046875
59.855469,0.201416015625
59.857422,0.8056640625
59.859375,1.007080078125
59.861328,1.20849609375
59.863281,1.007080078125
59.865234,0.40283203125
59.867188,-0.201416015625
59.869141,-1.20849609375
59.871094,21.35009765625
59.873047,20.343017578125
59.875,19.537353515625
59.876953,18.731689453125
59.878906,18.328857421875
59.880859,17.926025390625
59.882812,18.12744140625
59.884766,18.328857421875
59.886719,42.498779296875
59.888672,43.304443359375
59.890625,44.110107421875
59.892578,45.1171875
59.894531,46.124267578125
59.896484,46.929931640625
59.898438,47.5341796875
59.900391,47.93701171875
59.902344,46.527099609375
59.904297,46.32568359375
59.90625,45.9228515625
59.908203,45.318603515625
59.910156,23.3642578125
59.912109,22.357177734375
59.914062,21.35009765625
59.916016,20.54443359375
59.917969,19.73876953125
59.919922,19.134521484375
59.921875,18.731689453125
59.923828,18.731689453125
59.925781,18.93310546875
59.927734,19.537353515625
59.929688,20.1416015625
59.931641,21.148681640625
59.933594,22.15576171875
59.935547,-1.007080078125
59.9375,-0.201416015625
59.939453,0.604248046875
59.941406,1.007080078125
59.943359,1.20849609375
59.945312,1.20849609375
59.947266,0.8056640625
59.949219,0.40283203125
59.951172,-0.40283203125
59.953125,-1.409912109375
59.955078,-2.4169921875
59.957031,-3.22265625
59.958984,-4.0283203125
59.960938,-11.279296875
59.962891,-12.0849609375
59.964844,10.87646484375
59.966797,11.077880859375
59.96875,11.480712890625
59.970703,12.0849609375
59.972656,12.890625
59.974609,13.897705078125
59.976562,14.90478515625
59.978516,15.71044921875
59.980469,16.51611328125
59.982422,17.120361328125
59.984375,42.7001953125
59.986328,42.7001953125
59.988281,42.498779296875
59.990234,41.89453125
59.992188,41.290283203125
59.994141,40.283203125
59.996094,45.9228515625
59.998047,44.915771484375
60.0,44.110107421875
60.001953,43.505859375
60.003906,42.901611328125
60.005859,42.7001953125
60.007812,42.7001953125
60.009766,43.10302734375
60.011719,43.707275390625
60.013672,28.1982421875
60.015625,29.00390625
60.017578,30.010986328125
60.019531,31.01806640625
60.021484,31.82373046875
60.023438,32.427978515625
60.025391,32.830810546875
60.027344,33.0322265625
60.029297,32.830810546875
60.03125,5.035400390625
60.033203,4.43115234375
60.035156,3.62548828125
60.037109,2.618408203125
60.039062,1.611328125
60.041016,0.8056640625
60.042969,0.0
60.044922,-0.604248046875
60.046875,-13.897705078125
60.048828,-13.897705078125
60.050781,-13.6962890625
60.052734,-13.29345703125
60.054688,-12.48779296875
60.056641,-11.68212890625
60.058594,-10.675048828125
60.060547,-9.66796875
60.0625,-8.8623046875
60.064453,-8.056640625
60.066406,-7.65380859375
60.068359,-7.452392578125
60.070312,-7.452392578125
60.072266,-7.855224609375
60.074219,38.067626953125
60.076172,37.261962890625
60.078125,36.456298828125
60.080078,35.44921875
60.082031,34.442138671875
60.083984,33.636474609375
60.085938,33.0322265625
60.087891,32.62939453125
60.089844,32.427978515625
60.091797,32.62939453125
60.09375,33.0322265625
60.095703,45.9228515625
60.097656,46.728515625
60.099609,47.735595703125
60.101562,48.74267578125
60.103516,49.54833984375
60.105469,38.470458984375
60.107422,39.07470703125
60.109375,39.4775390625
60.111328,39.4775390625
60.113281,39.276123046875
60.115234,38.671875
60.117188,38.067626953125
60.119141,37.060546875
60.121094,36.2548828125
60.123047,35.247802734375
60.125,6.04248046875
60.126953,5.438232421875
60.128906,4.833984375
60.130859,4.632568359375
60.132812,4.632568359375
60.134766,5.035400390625
60.136719,5.6396484375
60.138672,6.243896484375
60.140625,7.2509765625
60.142578,-6.646728515625
60.144531,-5.6396484375
60.146484,-4.833984375
60.148438,-4.0283203125
60.150391,-3.62548828125
60.152344,-3.62548828125
60.154297,-3.62548828125
60.15625,-4.0283203125
60.158203,5.23681640625
60.160156,4.43115234375
60.162109,3.424072265625
60.164062,2.618408203125
60.166016,1.611328125
60.167969,0.8056640625
60.169922,0.201416015625
60.171875,0.0
60.173828,-0.201416015625
60.175781,0.201416015625
60.177734,0.604248046875
60.179688,12.0849609375
60.181641,26.788330078125
60.183594,27.79541015625
60.185547,28.802490234375
60.1875,29.608154296875
60.189453,51.361083984375
60.191406,51.763916015625
60.193359,51.96533203125
60.195312,51.96533203125
60.197266,51.5625
60.199219,51.15966796875
60.201172,50.35400390625
60.203125,49.346923828125
60.205078,41.89453125
60.207031,41.0888671875
60.208984,40.283203125
60.210938,39.4775390625
60.212891,39.07470703125
60.214844,39.07470703125
60.216797,39.07470703125
60.21875,39.4775390625
60.220703,33.233642578125
60.222656,14.09912109375
60.224609,14.90478515625
60.226562,15.911865234375
60.228516,16.9189453125
60.230469,17.724609375
60.232422,18.328857421875
60.234375,18.5302734375
60.236328,18.5302734375
60.238281,-4.0283203125
60.240234,-4.632568359375
60.242188,-5.23681640625
60.244141,-6.243896484375
60.246094,-7.049560546875
60.248047,-8.056640625
60.25,-9.063720703125
60.251953,-9.66796875
60.253906,-7.65380859375
60.255859,-7.855224609375
60.257812,-7.855224609375
60.259766,-7.452392578125
60.261719,-6.84814453125
60.263672,-6.243896484375
60.265625,-5.23681640625
60.267578,-4.229736328125
60.269531,22.55859375
60.271484,23.3642578125
60.273438,24.169921875
60.275391,24.57275390625
60.277344,24.57275390625
60.279297,24.57275390625
60.28125,24.169921875
60.283203,23.3642578125
60.285156,22.55859375
60.287109,21.7529296875
60.289062,20.745849609375
60.291016,19.73876953125
60.292969,18.93310546875
60.294922,39.88037109375
60.296875,39.678955078125
60.298828,39.4775390625
60.300781,39.678955078125
60.302734,40.283203125
60.304688,40.887451171875
60.306641,41.89453125
60.308594,42.7001953125
60.310547,43.707275390625
60.3125,44.71435546875
60.314453,45.318603515625
60.316406,25.37841796875
60.318359,25.579833984375
60.320312,25.37841796875
60.322266,25.177001953125
60.324219,24.57275390625
60.326172,23.76708984375
60.328125,22.96142578125
60.330078,21.954345703125
60.332031,20.947265625
60.333984,20.1416015625
60.335938,-7.049560546875
60.337891,-7.452392578125
60.339844,-7.65380859375
60.341797,-7.452392578125
60.34375,-7.049560546875
60.345703,-6.4453125
60.347656,-5.6396484375
60.349609,-6.04248046875
60.351562,-5.035400390625
60.353516,-4.229736328125
60.355469,-3.424072265625
60.357422,-2.81982421875
60.359375,-2.4169921875
60.361328,-2.4169921875
60.363281,-2.618408203125
60.365234,9.26513671875
60.367188,8.660888671875
60.369141,7.65380859375
60.371094,6.646728515625
60.373047,5.841064453125
60.375,4.833984375
60.376953,4.229736328125
60.378906,3.62548828125
60.380859,32.2265625
60.382812,32.427978515625
60.384766,32.62939453125
60.386719,33.233642578125
60.388672,34.039306640625
60.390625,35.04638671875
60.392578,35.85205078125
60.394531,36.859130859375
60.396484,37.664794921875
60.398438,38.26904296875
60.400391,38.671875
60.402344,51.5625
60.404297,51.361083984375
60.40625,50.958251953125
60.408203,50.35400390625
60.410156,35.85205078125
60.412109,35.04638671875
60.414062,34.039306640625
60.416016,33.0322265625
60.417969,32.427978515625
60.419922,31.82373046875
60.421875,31.4208984375
60.423828,31.4208984375
60.425781,31.622314453125
60.427734,12.0849609375
60.429688,7.049560546875
60.431641,7.855224609375
60.433594,8.8623046875
60.435547,9.869384765625
60.4375,10.675048828125
60.439453,11.480712890625
60.441406,-5.23681640625
60.443359,-4.833984375
60.445312,-5.035400390625
60.447266,-5.23681640625
60.449219,-5.841064453125
60.451172,-6.646728515625
60.453125,-7.452392578125
60.455078,-8.45947265625
60.457031,-0.604248046875
60.458984,-1.409912109375
60.460938,-2.01416015625
60.462891,-2.4169921875
60.464844,-2.618408203125
60.466797,-2.4169921875
60.46875,-2.01416015625
60.470703,-1.409912109375
60.472656,20.1416015625
60.474609,20.947265625
60.476562,21.954345703125
60.478516,22.96142578125
60.480469,23.76708984375
60.482422,24.371337890625
60.484375,24.57275390625
60.486328,24.57275390625
60.488281,48.138427734375
60.490234,47.735595703125
60.492188,46.929931640625
60.494141,46.124267578125
60.496094,42.29736328125
60.498047,41.49169921875
60.5,40.484619140625
60.501953,39.88037109375
60.503906,39.276123046875
60.505859,39.07470703125
60.507812,39.07470703125
60.509766,39.4775390625
60.511719,40.081787109375
60.513672,40.887451171875
60.515625,41.693115234375
60.517578,42.7001953125
60.519531,43.707275390625
60.521484,38.26904296875
60.523438,24.774169921875
60.525391,25.177001953125
60.527344,25.37841796875
60.529297,25.177001953125
60.53125,24.774169921875
60.533203,24.169921875
60.535156,-1.20849609375
60.537109,-2.215576171875
60.539062,-3.021240234375
60.541016,-4.0283203125
60.542969,-4.833984375
60.544922,-5.438232421875
60.546875,-5.6396484375
60.548828,-5.6396484375
60.550781,-5.438232421875
60.552734,-10.4736328125
60.554688,-9.66796875
60.556641,-8.8623046875
60.558594,-7.855224609375
60.560547,-6.84814453125
60.5625,-6.04248046875
60.564453,9.869384765625
60.566406,10.272216796875
60.568359,10.4736328125
60.570312,10.4736328125
60.572266,10.272216796875
60.574219,9.66796875
60.576172,8.8623046875
60.578125,7.855224609375
60.580078,7.049560546875
60.582031,32.830810546875
60.583984,32.025146484375
60.585938,31.219482421875
60.587891,30.816650390625
60.589844,30.816650390625
60.591797,30.816650390625
60.59375,31.219482421875
60.595703,45.1171875
60.597656,45.9228515625
60.599609,46.929931640625
60.601562,47.93701171875
60.603516,48.74267578125
60.605469,49.54833984375
60.607422,50.152587890625
60.609375,50.555419921875
60.611328,50.555419921875
60.613281,39.276123046875
60.615234,38.671875
60.617188,38.067626953125
60.619141,37.060546875
60.621094,36.2548828125
60.623047,35.247802734375
60.625,34.24072265625
60.626953,4.632568359375
60.628906,4.0283203125
60.630859,3.826904296875
60.632812,3.826904296875
60.634766,4.229736328125
60.636719,4.833984375
60.638672,5.6396484375
60.640625,6.4453125
60.642578,7.452392578125
60.644531,-4.43115234375
60.646484,-3.62548828125
60.648438,-3.021240234375
60.650391,-2.618408203125
60.652344,-2.4169921875
60.654297,-2.618408203125
60.65625,-3.021240234375
60.658203,-3.62548828125
60.660156,2.618408203125
60.662109,1.812744140625
60.664062,0.8056640625
60.666016,-0.201416015625
60.667969,-1.007080078125
60.669922,-1.611328125
60.671875,-1.812744140625
60.673828,-1.812744140625
60.675781,24.57275390625
60.677734,24.9755859375
60.679688,25.78125
60.681641,26.5869140625
60.683594,27.593994140625
60.685547,28.60107421875
60.6875,29.40673828125
60.689453,30.21240234375
60.691406,50.35400390625
60.693359,50.555419921875
60.695312,50.555419921875
60.697266,50.152587890625
60.699219,49.749755859375
60.701172,48.944091796875
60.703125,47.93701171875
60.705078,46.929931640625
60.707031,41.290283203125
60.708984,40.484619140625
60.710938,39.88037109375
60.712891,39.4775390625
60.714844,39.276123046875
60.716797,39.4775390625
60.71875,39.88037109375
60.720703,40.484619140625
60.722656,41.290283203125
60.724609,42.29736328125
60.726562,43.304443359375
60.728516,44.110107421875
60.730469,17.523193359375
60.732422,18.12744140625
60.734375,18.328857421875
60.736328,-1.20849609375
60.738281,-1.611328125
60.740234,-2.01416015625
60.742188,-2.81982421875
60.744141,-3.62548828125
60.746094,-4.632568359375
60.748047,-5.438232421875
60.75,-6.4453125
60.751953,-7.049560546875
60.753906,-6.04248046875
60.755859,-6.4453125
60.757812,-6.243896484375
60.759766,-6.04248046875
60.761719,-5.438232421875
60.763672,-4.632568359375
60.765625,-3.62548828125
60.767578,-2.81982421875
60.769531,22.55859375
60.771484,23.3642578125
60.773438,23.968505859375
60.775391,24.371337890625
60.777344,24.57275390625
60.779297,24.371337890625
60.78125,23.968505859375
60.783203,23.3642578125
60.785156,44.3115234375
60.787109,43.304443359375
60.789062,42.29736328125
60.791016,41.49169921875
60.792969,40.68603515625
60.794922,40.081787109375
60.796875,39.88037109375
60.798828,39.678955078125
60.800781,39.88037109375
60.802734,45.318603515625
60.804688,43.505859375
60.806641,44.3115234375
60.808594,45.318603515625
60.810547,46.32568359375
60.8125,47.13134765625
60.814453,47.93701171875
60.816406,48.33984375
60.818359,25.177001953125
60.820312,25.177001953125
60.822266,24.774169921875
60.824219,24.169921875
60.826172,23.3642578125
60.828125,22.55859375
60.830078,21.551513671875
60.832031,20.54443359375
60.833984,19.73876953125
60.835938,19.134521484375
60.837891,18.731689453125
60.839844,18.5302734375
60.841797,18.731689453125
60.84375,19.134521484375
60.845703,-1.611328125
60.847656,-9.66796875
60.849609,-8.8623046875
60.851562,-7.855224609375
60.853516,-6.84814453125
60.855469,-6.243896484375
60.857422,-5.6396484375
60.859375,-5.23681640625
60.861328,-5.23681640625
60.863281,-5.438232421875
60.865234,9.869384765625
60.867188,9.26513671875
60.869141,8.258056640625
60.871094,7.452392578125
60.873047,6.4453125
60.875,5.6396484375
60.876953,4.833984375
60.878906,4.43115234375
60.880859,30.413818359375
60.882812,30.615234375
60.884766,30.816650390625
60.886719,45.318603515625
60.888672,46.124267578125
60.890625,46.929931640625
60.892578,47.93701171875
60.894531,48.944091796875
60.896484,49.749755859375
60.898438,50.35400390625
60.900391,50.7568359375
60.902344,50.958251953125
60.904297,50.7568359375
60.90625,50.35400390625
60.908203,49.749755859375
60.910156,48.944091796875
60.912109,47.93701171875
60.914062,33.837890625
60.916016,33.0322265625
60.917969,32.2265625
60.919922,31.622314453125
60.921875,31.219482421875
60.923828,31.219482421875
60.925781,31.4208984375
60.927734,32.025146484375
60.929688,7.2509765625
60.931641,8.056640625
60.933594,9.063720703125
60.935547,9.869384765625
60.9375,10.87646484375
60.939453,11.480712890625
60.941406,12.0849609375
60.943359,12.286376953125
60.945312,12.286376953125
60.947266,11.883544921875
60.949219,11.279296875
60.951172,10.4736328125
60.953125,-7.2509765625
60.955078,-8.258056640625
60.957031,-9.063720703125
60.958984,-9.869384765625
60.960938,-0.40283203125
60.962891,-0.8056640625
60.964844,-1.007080078125
60.966797,-0.8056640625
60.96875,-0.40283203125
60.970703,0.201416015625
60.972656,1.007080078125
60.974609,2.01416015625
60.976562,3.021240234375
60.978516,29.608154296875
60.980469,30.413818359375
60.982422,30.816650390625
60.984375,31.219482421875
60.986328,31.219482421875
60.988281,31.01806640625
60.990234,48.138427734375
60.992188,47.332763671875
60.994141,46.527099609375
60.996094,45.52001953125
60.998047,44.512939453125
61.0,43.707275390625
61.001953,42.901611328125
61.003906,42.498779296875
61.005859,42.29736328125
61.007812,36.456298828125
61.009766,36.65771484375
61.011719,37.261962890625
61.013672,38.067626953125
61.015625,38.873291015625
61.017578,39.88037109375
61.019531,40.887451171875
61.021484,41.693115234375
61.023438,42.29736328125
61.025391,17.926025390625
61.027344,17.926025390625
61.029297,17.926025390625
61.03125,17.32177734375
61.033203,16.717529296875
61.035156,15.911865234375
61.037109,14.90478515625
61.039062,-8.8623046875
61.041016,-9.869384765625
61.042969,-10.675048828125
61.044922,-11.279296875
61.046875,-11.480712890625
61.048828,-11.480712890625
61.050781,-11.279296875
61.052734,-10.87646484375
61.054688,-10.07080078125
61.056641,-9.26513671875
61.058594,-8.258056640625
61.060547,-7.2509765625
61.0625,-6.4453125
61.064453,0.604248046875
61.066406,1.007080078125
61.068359,24.774169921875
61.070312,24.57275390625
61.072266,24.371337890625
61.074219,23.76708984375
61.076172,22.96142578125
61.078125,22.15576171875
61.080078,21.148681640625
61.082031,42.901611328125
61.083984,42.095947265625
61.085938,41.290283203125
61.087891,40.887451171875
61.089844,40.887451171875
61.091797,40.887451171875
61.09375,41.290283203125
61.095703,42.095947265625
61.097656,42.901611328125
61.099609,43.707275390625
61.101562,44.71435546875
61.103516,45.721435546875
61.105469,46.527099609375
61.107422,47.13134765625
61.109375,47.5341796875
61.111328,47.5341796875
61.113281,47.332763671875
61.115234,46.728515625
61.117188,23.968505859375
61.119141,22.96142578125
61.121094,22.15576171875
61.123047,21.148681640625
61.125,20.343017578125
61.126953,19.537353515625
61.128906,19.134521484375
61.130859,18.731689453125
61.132812,18.93310546875
61.134766,-7.65380859375
61.136719,-7.049560546875
61.138672,-6.243896484375
61.140625,-5.23681640625
61.142578,-4.229736328125
61.144531,-3.424072265625
61.146484,-2.618408203125
61.148438,-1.812744140625
61.150391,-1.409912109375
61.152344,-3.021240234375
61.154297,-3.021240234375
61.15625,-3.424072265625
61.158203,-4.229736328125
61.160156,-5.035400390625
61.162109,-5.841064453125
61.164062,-6.84814453125
61.166016,-7.855224609375
61.167969,-8.660888671875
61.169922,-9.063720703125
61.171875,-9.466552734375
61.173828,-9.466552734375
61.175781,-9.26513671875
61.177734,-8.8623046875
61.179688,40.283203125
61.181641,41.0888671875
61.183594,42.095947265625
61.185547,43.10302734375
61.1875,43.90869140625
61.189453,44.71435546875
61.191406,45.1171875
61.193359,45.318603515625
61.195312,45.318603515625
61.197266,45.1171875
61.199219,51.96533203125
61.201172,51.15966796875
61.203125,50.152587890625
61.205078,49.346923828125
61.207031,48.33984375
61.208984,47.5341796875
61.210938,46.929931640625
61.212891,46.527099609375
61.214844,25.78125
61.216797,25.982666015625
61.21875,26.385498046875
61.220703,26.98974609375
61.222656,27.79541015625
61.224609,28.802490234375
61.226562,29.8095703125
61.228516,30.615234375
61.230469,3.021240234375
61.232422,3.62548828125
61.234375,3.826904296875
61.236328,4.0283203125
61.238281,3.826904296875
61.240234,3.22265625
61.242188,2.618408203125
61.244141,1.611328125
61.246094,-10.675048828125
61.248047,-11.68212890625
61.25,-12.48779296875
61.251953,-13.29345703125
61.253906,-13.6962890625
61.255859,-14.09912109375
61.257812,-13.897705078125
61.259766,-13.6962890625
61.261719,-13.092041015625
61.263672,-12.286376953125
61.265625,-11.279296875
61.267578,-10.4736328125
61.269531,-9.466552734375
61.271484,3.424072265625
61.273438,4.229736328125
61.275391,4.632568359375
61.277344,38.26904296875
61.279297,38.067626953125
61.28125,37.664794921875
61.283203,37.060546875
61.285156,36.2548828125
61.287109,35.247802734375
61.289062,34.24072265625
61.291016,33.43505859375
61.292969,46.929931640625
61.294922,46.32568359375
61.296875,45.9228515625
61.298828,45.9228515625
61.300781,46.124267578125
61.302734,46.728515625
61.304688,47.332763671875
61.306641,48.33984375
61.308594,35.85205078125
61.310547,36.65771484375
61.3125,37.664794921875
61.314453,38.26904296875
61.316406,38.873291015625
61.318359,39.07470703125
61.320312,39.07470703125
61.322266,38.671875
61.324219,38.067626953125
61.326172,16.9189453125
61.328125,16.11328125
61.330078,15.106201171875
61.332031,14.09912109375
61.333984,13.29345703125
61.335938,12.689208984375
61.337891,12.286376953125
61.339844,12.0849609375
61.341797,12.286376953125
61.34375,-12.890625
61.345703,-12.286376953125
61.347656,-11.480712890625
61.349609,-10.4736328125
61.351562,-9.466552734375
61.353516,-8.660888671875
61.355469,-7.855224609375
61.357422,5.035400390625
61.359375,5.438232421875
61.361328,5.438232421875
61.363281,5.23681640625
61.365234,4.833984375
61.367188,4.0283203125
61.369141,3.22265625
61.371094,2.215576171875
61.373047,1.20849609375
61.375,0.40283203125
61.376953,-0.40283203125
61.378906,-0.8056640625
61.380859,18.12744140625
61.382812,18.12744140625
61.384766,18.5302734375
61.386719,19.134521484375
61.388672,19.940185546875
61.390625,20.745849609375
61.392578,21.7529296875
61.394531,44.71435546875
61.396484,51.96533203125
61.398438,52.569580078125
61.400391,52.972412109375
61.402344,53.173828125
61.404297,52.972412109375
61.40625,43.505859375
61.408203,42.7001953125
61.410156,41.89453125
61.412109,41.0888671875
61.414062,40.081787109375
61.416016,39.07470703125
61.417969,38.26904296875
61.419922,37.664794921875
61.421875,18.731689453125
61.423828,18.731689453125
61.425781,18.93310546875
61.427734,19.537353515625
61.429688,20.1416015625
61.431641,20.947265625
61.433594,21.954345703125
61.435547,-0.201416015625
61.4375,0.604248046875
61.439453,1.409912109375
61.441406,1.812744140625
61.443359,2.01416015625
61.445312,2.01416015625
61.447266,1.812744140625
61.449219,1.20849609375
61.451172,0.40283203125
61.453125,-0.604248046875
61.455078,-4.833984375
61.457031,-5.841064453125
61.458984,-6.646728515625
61.460938,-7.2509765625
61.462891,-7.855224609375
61.464844,-7.855224609375
61.466797,-7.855224609375
61.46875,11.077880859375
61.470703,11.68212890625
61.472656,41.0888671875
61.474609,41.89453125
61.476562,42.901611328125
61.478516,43.90869140625
61.480469,44.71435546875
61.482422,45.1171875
61.484375,45.52001953125
61.486328,45.52001953125
61.488281,45.318603515625
61.490234,44.915771484375
61.492188,44.110107421875
61.494141,43.304443359375
61.496094,42.29736328125
61.498047,41.290283203125
61.5,40.484619140625
61.501953,44.512939453125
61.503906,44.110107421875
61.505859,43.90869140625
61.507812,43.90869140625
61.509766,44.3115234375
61.511719,44.71435546875
61.513672,45.52001953125
61.515625,46.527099609375
61.517578,29.205322265625
61.519531,30.21240234375
61.521484,31.01806640625
61.523438,31.622314453125
61.525391,32.025146484375
61.527344,32.2265625
61.529297,32.025146484375
61.53125,3.22265625
61.533203,2.618408203125
61.535156,1.812744140625
61.537109,0.8056640625
61.539062,-0.201416015625
61.541016,-1.007080078125
61.542969,-1.812744140625
61.544922,-2.4169921875
61.546875,-2.618408203125
61.548828,-2.81982421875
61.550781,-12.890625
61.552734,-12.286376953125
61.554688,-11.68212890625
61.556641,-10.675048828125
61.558594,-9.869384765625
61.560547,-8.8623046875
61.5625,-8.056640625
61.564453,10.4736328125
61.566406,10.87646484375
61.568359,11.279296875
61.570312,11.077880859375
61.572266,10.87646484375
61.574219,10.272216796875
61.576172,9.466552734375
61.578125,8.45947265625
61.580078,35.04638671875
61.582031,34.039306640625
61.583984,33.233642578125
61.585938,32.62939453125
61.587891,32.2265625
61.589844,32.025146484375
61.591797,32.2265625
61.59375,32.62939453125
61.595703,33.233642578125
61.597656,34.039306640625
61.599609,35.04638671875
61.601562,36.053466796875
61.603516,36.859130859375
61.605469,37.664794921875
61.607422,38.26904296875
61.609375,39.88037109375
61.611328,40.081787109375
61.613281,39.678955078125
61.615234,39.276123046875
61.617188,38.470458984375
61.619141,37.664794921875
61.621094,36.65771484375
61.623047,35.85205078125
61.625,34.844970703125
61.626953,34.24072265625
61.628906,4.229736328125
61.630859,4.0283203125
61.632812,4.0283203125
61.634766,4.43115234375
61.636719,5.035400390625
61.638672,5.841064453125
61.640625,6.646728515625
61.642578,-7.049560546875
61.644531,-6.04248046875
61.646484,-5.23681640625
61.648438,-4.632568359375
61.650391,-4.229736328125
61.652344,-4.0283203125
61.654297,-4.229736328125
61.65625,-4.632568359375
61.658203,-5.23681640625
61.660156,4.0283203125
61.662109,3.021240234375
61.664062,2.01416015625
61.666016,1.20849609375
61.667969,25.37841796875
61.669922,24.774169921875
61.671875,24.371337890625
61.673828,24.371337890625
61.675781,24.57275390625
61.677734,25.177001953125
61.679688,25.78125
61.681641,26.5869140625
61.683594,27.593994140625
61.685547,28.60107421875
61.6875,29.40673828125
61.689453,30.21240234375
61.691406,51.15966796875
61.693359,51.361083984375
61.695312,51.361083984375
61.697266,50.958251953125
61.699219,50.35400390625
61.701172,49.54833984375
61.703125,48.74267578125
61.705078,47.735595703125
61.707031,46.728515625
61.708984,45.9228515625
61.710938,45.318603515625
61.712891,44.915771484375
61.714844,44.71435546875
61.716797,44.915771484375
61.71875,39.88037109375
61.720703,12.890625
61.722656,13.6962890625
61.724609,14.703369140625
61.726562,15.71044921875
61.728516,16.51611328125
61.730469,17.32177734375
61.732422,17.926025390625
61.734375,18.328857421875
61.736328,18.328857421875
61.738281,18.12744140625
61.740234,-4.632568359375
61.742188,-5.438232421875
61.744141,-6.243896484375
61.746094,-7.2509765625
61.748047,-8.258056640625
61.75,-9.063720703125
61.751953,-9.869384765625
61.753906,-5.841064453125
61.755859,-6.04248046875
61.757812,-6.04248046875
61.759766,-5.6396484375
61.761719,-5.035400390625
61.763672,-4.43115234375
61.765625,-3.424072265625
61.767578,-2.4169921875
61.769531,14.90478515625
61.771484,23.3642578125
61.773438,23.968505859375
61.775391,24.371337890625
61.777344,24.57275390625
61.779297,24.371337890625
61.78125,23.968505859375
61.783203,23.3642578125
61.785156,22.55859375
61.787109,45.52001953125
61.789062,44.512939453125
61.791016,43.505859375
61.792969,42.7001953125
61.794922,42.29736328125
61.796875,41.89453125
61.798828,41.89453125
61.800781,42.095947265625
61.802734,40.081787109375
61.804688,40.68603515625
61.806641,41.49169921875
61.808594,42.498779296875
61.810547,43.505859375
61.8125,44.3115234375
61.814453,45.1171875
61.816406,45.52001953125
61.818359,45.9228515625
61.820312,45.721435546875
61.822266,45.52001953125
61.824219,44.915771484375
61.826172,44.110107421875
61.828125,22.55859375
61.830078,21.551513671875
61.832031,20.54443359375
61.833984,0.604248046875
61.835938,-6.4453125
61.837891,-6.84814453125
61.839844,-7.049560546875
61.841797,-6.84814453125
61.84375,-6.4453125
61.845703,-5.841064453125
61.847656,-4.833984375
61.849609,-4.0283203125
61.851562,-6.04248046875
61.853516,-5.23681640625
61.855469,-4.43115234375
61.857422,-3.826904296875
61.859375,-3.424072265625
61.861328,-3.424072265625
61.863281,17.523193359375
61.865234,16.9189453125
61.867188,16.314697265625
61.869141,15.509033203125
61.871094,14.501953125
61.873047,13.494873046875
61.875,12.689208984375
61.876953,11.883544921875
61.878906,11.480712890625
61.880859,11.077880859375
61.882812,36.456298828125
61.884766,36.65771484375
61.886719,37.261962890625
61.888672,38.067626953125
61.890625,39.07470703125
61.892578,39.88037109375
61.894531,40.887451171875
61.896484,41.693115234375
61.898438,49.54833984375
61.900391,49.951171875
61.902344,50.152587890625
61.904297,49.951171875
61.90625,49.54833984375
61.908203,48.944091796875
61.910156,48.138427734375
61.912109,47.13134765625
61.914062,34.6435546875
61.916016,33.636474609375
61.917969,32.830810546875
61.919922,32.427978515625
61.921875,32.025146484375
61.923828,32.025146484375
61.925781,32.2265625
61.927734,32.62939453125
61.929688,33.43505859375
61.931641,34.24072265625
61.933594,35.247802734375
61.935547,36.2548828125
61.9375,37.060546875
61.939453,37.8662109375
61.941406,38.26904296875
61.943359,-2.215576171875
61.945312,-2.215576171875
61.947266,-2.618408203125
61.949219,-3.22265625
61.951172,-3.826904296875
61.953125,-4.833984375
61.955078,-5.841064453125
61.957031,-6.646728515625
61.958984,-7.65380859375
61.960938,-2.4169921875
61.962891,-2.81982421875
61.964844,-3.021240234375
61.966797,-2.81982421875
61.96875,-2.4169921875
61.970703,-1.812744140625
61.972656,-1.007080078125
61.974609,0.0
61.976562,28.60107421875
61.978516,29.608154296875
61.980469,30.413818359375
61.982422,30.816650390625
61.984375,31.219482421875
61.986328,31.219482421875
61.988281,31.01806640625
61.990234,30.615234375
61.992188,49.749755859375
61.994141,48.74267578125
61.996094,47.93701171875
61.998047,46.929931640625
62.0,45.9228515625
62.001953,45.318603515625
62.003906,44.71435546875
62.005859,44.512939453125
62.007812,44.512939453125
62.009766,44.3115234375
62.011719,37.8662109375
62.013672,38.671875
62.015625,39.4775390625
62.017578,40.484619140625
62.019531,41.49169921875
62.021484,42.29736328125
62.023438,42.901611328125
62.025391,18.328857421875
62.027344,18.5302734375
62.029297,18.328857421875
62.03125,17.926025390625
62.033203,17.32177734375
62.035156,16.314697265625
62.037109,15.509033203125
62.039062,14.501953125
62.041016,13.494873046875
62.042969,12.890625
62.044922,12.286376953125
62.046875,11.883544921875
62.048828,11.883544921875
62.050781,12.0849609375
62.052734,12.689208984375
62.054688,-4.0283203125
62.056641,-3.021240234375
62.058594,21.148681640625
62.060547,22.15576171875
62.0625,22.96142578125
62.064453,23.76708984375
62.066406,24.169921875
62.068359,24.57275390625
62.070312,24.371337890625
62.072266,24.169921875
62.074219,23.565673828125
62.076172,22.760009765625
62.078125,21.954345703125
62.080078,20.947265625
62.082031,19.940185546875
62.083984,19.134521484375
62.085938,18.5302734375
62.087891,18.12744140625
62.089844,40.081787109375
62.091797,40.283203125
62.09375,40.68603515625
62.095703,41.290283203125
62.097656,42.29736328125
62.099609,43.10302734375
62.101562,44.110107421875
62.103516,48.541259765625
62.105469,49.1455078125
62.107422,49.749755859375
62.109375,50.152587890625
62.111328,50.152587890625
62.113281,49.951171875
62.115234,49.346923828125
62.117188,48.74267578125
62.119141,47.93701171875
62.121094,22.15576171875
62.123047,21.148681640625
62.125,20.343017578125
62.126953,19.537353515625
62.128906,19.134521484375
62.130859,18.93310546875
62.132812,18.93310546875
62.134766,-7.049560546875
62.136719,-6.4453125
62.138672,-5.6396484375
62.140625,-4.632568359375
62.142578,-3.826904296875
62.144531,-2.81982421875
62.146484,-2.01416015625
62.148438,-1.20849609375
62.150391,-0.8056640625
62.152344,-0.8056640625
62.154297,-0.8056640625
62.15625,-1.20849609375
62.158203,-2.01416015625
62.160156,-2.81982421875
62.162109,-3.826904296875
62.164062,13.494873046875
62.166016,12.48779296875
62.167969,11.68212890625
62.169922,11.279296875
62.171875,10.87646484375
62.173828,10.87646484375
62.175781,11.077880859375
62.177734,11.480712890625
62.179688,12.286376953125
62.181641,13.092041015625
62.183594,39.07470703125
62.185547,39.88037109375
62.1875,40.887451171875
62.189453,41.49169921875
62.191406,42.095947265625
62.193359,42.29736328125
62.195312,42.29736328125
62.197266,50.958251953125
62.199219,50.35400390625
62.201172,49.54833984375
62.203125,48.74267578125
62.205078,47.735595703125
62.207031,46.728515625
62.208984,45.9228515625
62.210938,45.318603515625
62.212891,44.915771484375
62.214844,24.9755859375
62.216797,25.177001953125
62.21875,25.579833984375
62.220703,26.18408203125
62.222656,26.98974609375
62.224609,27.996826171875
62.226562,29.00390625
62.228516,29.8095703125
62.230469,30.615234375
62.232422,3.62548828125
62.234375,4.0283203125
62.236328,4.0283203125
62.238281,3.826904296875
62.240234,3.424072265625
62.242188,2.618408203125
62.244141,1.812744140625
62.246094,0.8056640625
62.248047,-0.201416015625
62.25,-10.87646484375
62.251953,-11.68212890625
62.253906,4.43115234375
62.255859,4.0283203125
62.257812,4.229736328125
62.259766,4.43115234375
62.261719,5.035400390625
62.263672,5.841064453125
62.265625,6.646728515625
62.267578,7.65380859375
62.269531,8.660888671875
62.271484,9.466552734375
62.273438,10.07080078125
62.275391,10.4736328125
62.277344,10.675048828125
62.279297,10.4736328125
62.28125,37.261962890625
62.283203,36.65771484375
62.285156,35.85205078125
62.287109,34.844970703125
62.289062,33.837890625
62.291016,33.0322265625
62.292969,32.2265625
62.294922,45.318603515625
62.296875,44.915771484375
62.298828,44.915771484375
62.300781,45.1171875
62.302734,45.721435546875
62.304688,46.32568359375
62.306641,47.332763671875
62.308594,48.138427734375
62.310547,35.04638671875
62.3125,36.053466796875
62.314453,36.65771484375
62.316406,37.261962890625
62.318359,37.46337890625
62.320312,37.46337890625
62.322266,37.060546875
62.324219,36.456298828125
62.326172,35.650634765625
62.328125,8.258056640625
62.330078,7.2509765625
62.332031,6.4453125
62.333984,5.438232421875
62.335938,4.833984375
62.337891,4.43115234375
62.339844,4.229736328125
62.341797,-9.26513671875
62.34375,-8.8623046875
62.345703,-8.056640625
62.347656,-7.2509765625
62.349609,-6.243896484375
62.351562,-5.438232421875
62.353516,-4.43115234375
62.355469,-3.62548828125
62.357422,-3.021240234375
62.359375,-2.81982421875
62.361328,-2.81982421875
62.363281,-3.021240234375
62.365234,-3.424072265625
62.367188,-4.229736328125
62.369141,-5.035400390625
62.371094,29.00390625
62.373047,27.996826171875
62.375,27.191162109375
62.376953,26.385498046875
62.378906,25.982666015625
62.380859,25.579833984375
62.382812,25.78125
62.384766,25.982666015625
62.386719,26.5869140625
62.388672,27.392578125
62.390625,47.735595703125
62.392578,48.74267578125
62.394531,49.749755859375
62.396484,50.555419921875
62.398438,51.15966796875
62.400391,51.5625
62.402344,51.763916015625
62.404297,51.5625
62.40625,51.15966796875
62.408203,47.5341796875
62.410156,42.7001953125
62.412109,41.693115234375
62.414062,40.68603515625
62.416016,39.88037109375
62.417969,39.07470703125
62.419922,38.470458984375
62.421875,38.067626953125
62.423828,11.68212890625
62.425781,11.883544921875
62.427734,12.286376953125
62.429688,13.092041015625
62.431641,13.897705078125
62.433594,14.90478515625
62.435547,15.911865234375
62.4375,-1.812744140625
62.439453,-1.20849609375
62.441406,-0.604248046875
62.443359,-0.40283203125
62.445312,-0.40283203125
62.447266,-0.8056640625
62.449219,-4.229736328125
62.451172,-5.035400390625
62.453125,-5.841064453125
62.455078,-6.84814453125
62.457031,-7.855224609375
62.458984,-8.660888671875
62.460938,-9.26513671875
62.462891,-9.66796875
62.464844,-9.869384765625
62.466797,-9.66796875
62.46875,-9.26513671875
62.470703,-8.660888671875
62.472656,-7.855224609375
62.474609,-6.84814453125
62.476562,-5.841064453125
62.478516,-5.035400390625
62.480469,16.11328125
62.482422,16.717529296875
62.484375,42.498779296875
62.486328,42.7001953125
62.488281,42.29736328125
62.490234,41.89453125
62.492188,41.0888671875
62.494141,40.283203125
62.496094,39.276123046875
62.498047,38.470458984375
62.5,37.46337890625
62.501953,45.9228515625
62.503906,45.318603515625
62.505859,45.1171875
62.507812,45.1171875
62.509766,45.52001953125
62.511719,46.124267578125
62.513672,46.929931640625
62.515625,27.996826171875
62.517578,29.00390625
62.519531,29.8095703125
62.521484,30.615234375
62.523438,31.4208984375
62.525391,31.82373046875
62.527344,31.82373046875
62.529297,31.82373046875
62.53125,31.4208984375
62.533203,5.841064453125
62.535156,5.035400390625
62.537109,4.229736328125
62.539062,3.22265625
62.541016,2.215576171875
62.542969,1.409912109375
62.544922,1.007080078125
62.546875,0.604248046875
62.548828,-12.48779296875
62.550781,-12.286376953125
62.552734,-11.68212890625
62.554688,-10.87646484375
62.556641,-10.07080078125
62.558594,-9.063720703125
62.560547,-8.258056640625
62.5625,10.4736328125
62.564453,11.279296875
62.566406,11.68212890625
62.568359,11.883544921875
62.570312,11.883544921875
62.572266,11.480712890625
62.574219,10.87646484375
62.576172,10.272216796875
62.578125,9.26513671875
62.580078,8.258056640625
62.582031,7.452392578125
62.583984,6.4453125
62.585938,5.841064453125
62.587891,5.438232421875
62.589844,30.413818359375
62.591797,45.1171875
62.59375,45.52001953125
62.595703,46.124267578125
62.597656,46.929931640625
62.599609,47.93701171875
62.601562,48.74267578125
62.603516,49.749755859375
62.605469,50.555419921875
62.607422,51.15966796875
62.609375,51.361083984375
62.611328,38.26904296875
62.613281,38.067626953125
62.615234,37.46337890625
62.617188,36.859130859375
62.619141,35.85205078125
62.621094,35.04638671875
62.623047,34.039306640625
62.625,33.233642578125
62.626953,5.841064453125
62.628906,5.23681640625
62.630859,5.035400390625
62.632812,5.035400390625
62.634766,5.438232421875
62.636719,6.04248046875
62.638672,6.646728515625
62.640625,7.65380859375
62.642578,-9.66796875
62.644531,3.826904296875
62.646484,4.632568359375
62.648438,5.23681640625
62.650391,5.6396484375
62.652344,5.841064453125
62.654297,5.6396484375
62.65625,5.23681640625
62.658203,4.632568359375
62.660156,3.826904296875
62.662109,2.81982421875
62.664062,1.812744140625
62.666016,1.007080078125
62.667969,0.201416015625
62.669922,-0.40283203125
62.671875,-0.604248046875
62.673828,-0.8056640625
62.675781,-0.604248046875
62.677734,0.0
62.679688,25.78125
62.681641,26.788330078125
62.683594,27.593994140625
62.685547,28.60107421875
62.6875,29.608154296875
62.689453,30.21240234375
62.691406,30.816650390625
62.693359,31.01806640625
62.695312,31.01806640625
62.697266,30.615234375
62.699219,30.010986328125
62.701172,29.205322265625
62.703125,40.081787109375
62.705078,39.07470703125
62.707031,38.067626953125
62.708984,37.261962890625
62.710938,36.65771484375
62.712891,36.2548828125
62.714844,36.053466796875
62.716797,36.2548828125
62.71875,36.65771484375
62.720703,37.261962890625
62.722656,38.067626953125
62.724609,14.501953125
62.726562,15.3076171875
62.728516,16.314697265625
62.730469,17.120361328125
62.732422,17.724609375
62.734375,17.926025390625
62.736328,18.12744140625
62.738281,-2.618408203125
62.740234,-3.22265625
62.742188,-4.0283203125
62.744141,-4.833984375
62.746094,-5.841064453125
62.748047,-6.646728515625
62.75,-7.65380859375
62.751953,-8.258056640625
62.753906,-8.8623046875
62.755859,-6.243896484375
62.757812,-6.243896484375
62.759766,-5.841064453125
62.761719,-5.23681640625
62.763672,-4.43115234375
62.765625,-3.62548828125
62.767578,-2.618408203125
62.769531,22.760009765625
62.771484,23.565673828125
62.773438,24.169921875
62.775391,24.57275390625
62.777344,24.774169921875
62.779297,24.57275390625
62.78125,24.169921875
62.783203,23.565673828125
62.785156,22.760009765625
62.787109,46.32568359375
62.789062,45.318603515625
62.791016,44.512939453125
62.792969,43.707275390625
62.794922,43.10302734375
62.796875,42.7001953125
62.798828,42.7001953125
62.800781,42.901611328125
62.802734,43.505859375
62.804688,44.110107421875
62.806641,45.1171875
62.808594,46.124267578125
62.810547,46.929931640625
62.8125,47.13134765625
62.814453,47.735595703125
62.816406,48.33984375
62.818359,32.830810546875
62.820312,32.830810546875
62.822266,32.62939453125
62.824219,32.025146484375
62.826172,31.219482421875
62.828125,30.21240234375
62.830078,29.205322265625
62.832031,28.399658203125
62.833984,1.409912109375
62.835938,0.8056640625
62.837891,0.40283203125
62.839844,-9.869384765625
62.841797,-9.66796875
62.84375,-9.26513671875
62.845703,-8.660888671875
62.847656,-7.855224609375
62.849609,-6.84814453125
62.851562,-5.841064453125
62.853516,-5.035400390625
62.855469,-4.229736328125
62.857422,-3.62548828125
62.859375,-3.424072265625
62.861328,-3.22265625
62.863281,-3.424072265625
62.865234,-4.0283203125
62.867188,8.258056640625
62.869141,7.452392578125
62.871094,6.4453125
62.873047,5.438232421875
62.875,4.632568359375
62.876953,3.826904296875
62.878906,3.424072265625
62.880859,30.21240234375
62.882812,30.21240234375
62.884766,30.615234375
62.886719,31.01806640625
62.888672,31.82373046875
62.890625,32.830810546875
62.892578,33.837890625
62.894531,34.6435546875
62.896484,47.735595703125
62.898438,51.763916015625
62.900391,52.166748046875
62.902344,52.166748046875
62.904297,52.166748046875
62.90625,51.763916015625
62.908203,50.958251953125
62.910156,50.152587890625
62.912109,49.346923828125
62.914062,48.33984375
62.916016,47.332763671875
62.917969,46.527099609375
62.919922,31.622314453125
62.921875,31.4208984375
62.923828,31.4208984375
62.925781,5.438232421875
62.927734,5.841064453125
62.929688,6.646728515625
62.931641,7.452392578125
62.933594,8.45947265625
62.935547,9.466552734375
62.9375,10.272216796875
62.939453,11.077880859375
62.941406,11.480712890625
62.943359,11.68212890625
62.945312,-3.22265625
62.947266,-3.62548828125
62.949219,-4.229736328125
62.951172,-5.035400390625
62.953125,-5.841064453125
62.955078,-6.84814453125
62.957031,-7.855224609375
62.958984,-1.611328125
62.960938,-2.4169921875
62.962891,-2.81982421875
62.964844,-2.81982421875
62.966797,-2.81982421875
62.96875,-2.4169921875
62.970703,-1.611328125
62.972656,-0.8056640625
62.974609,0.0
62.976562,29.608154296875
62.978516,30.615234375
62.980469,31.4208984375
62.982422,31.82373046875
62.984375,32.2265625
62.986328,32.2265625
62.988281,32.025146484375
62.990234,31.622314453125
62.992188,48.138427734375
62.994141,47.332763671875
62.996094,46.32568359375
62.998047,45.52001953125
63.0,44.512939453125
63.001953,43.90869140625
63.003906,43.304443359375
63.005859,43.10302734375
63.007812,39.07470703125
63.009766,39.4775390625
63.011719,40.081787109375
63.013672,40.887451171875
63.015625,41.693115234375
63.017578,42.7001953125
63.019531,43.707275390625
63.021484,44.512939453125
63.023438,45.1171875
63.025391,45.52001953125
63.027344,45.721435546875
63.029297,45.52001953125
63.03125,45.1171875
63.033203,44.512939453125
63.035156,23.3642578125
63.037109,-4.833984375
63.039062,-5.841064453125
63.041016,-6.84814453125
63.042969,-7.452392578125
63.044922,-8.056640625
63.046875,-8.45947265625
63.048828,-8.45947265625
63.050781,-8.258056640625
63.052734,-7.65380859375
63.054688,-4.0283203125
63.056641,-3.021240234375
63.058594,-2.215576171875
63.060547,-1.20849609375
63.0625,-0.40283203125
63.064453,0.40283203125
63.066406,1.007080078125
63.068359,1.20849609375
63.070312,1.007080078125
63.072266,24.169921875
63.074219,23.565673828125
63.076172,22.760009765625
63.078125,21.954345703125
63.080078,20.947265625
63.082031,19.940185546875
63.083984,19.134521484375
63.085938,40.887451171875
63.087891,40.484619140625
63.089844,40.484619140625
63.091797,40.484619140625
63.09375,40.887451171875
63.095703,41.693115234375
63.097656,42.498779296875
63.099609,43.304443359375
63.101562,44.3115234375
63.103516,48.33984375
63.105469,49.1455078125
63.107422,49.749755859375
63.109375,50.152587890625
63.111328,50.152587890625
63.113281,49.951171875
63.115234,49.346923828125
63.117188,48.74267578125
63.119141,22.96142578125
63.121094,22.15576171875
63.123047,21.148681640625
63.125,20.343017578125
63.126953,19.537353515625
63.128906,19.134521484375
63.130859,18.731689453125
63.132812,18.93310546875
63.134766,19.134521484375
63.136719,19.73876953125
63.138672,-3.021240234375
63.140625,-2.215576171875
63.142578,-1.20849609375
63.144531,-0.201416015625
63.146484,0.604248046875
63.148438,1.20849609375
63.150391,-2.4169921875
63.152344,-2.215576171875
63.154297,-2.4169921875
63.15625,-2.81982421875
63.158203,-3.424072265625
63.160156,-4.229736328125
63.162109,-5.23681640625
63.164062,-6.243896484375
63.166016,-7.049560546875
63.167969,12.48779296875
63.169922,11.883544921875
63.171875,11.480712890625
63.173828,11.480712890625
63.175781,11.68212890625
63.177734,12.286376953125
63.179688,12.890625
63.181641,13.897705078125
63.183594,41.0888671875
63.185547,42.095947265625
63.1875,42.901611328125
63.189453,43.707275390625
63.191406,44.110107421875
63.193359,44.3115234375
63.195312,44.3115234375
63.197266,43.90869140625
63.199219,43.505859375
63.201172,46.527099609375
63.203125,45.52001953125
63.205078,44.512939453125
63.207031,43.707275390625
63.208984,42.7001953125
63.210938,42.095947265625
63.212891,41.693115234375
63.214844,25.982666015625
63.216797,26.18408203125
63.21875,26.5869140625
63.220703,27.191162109375
63.222656,27.996826171875
63.224609,29.00390625
63.226562,29.8095703125
63.228516,30.816650390625
63.230469,11.279296875
63.232422,11.883544921875
63.234375,12.0849609375
63.236328,12.0849609375
63.238281,11.883544921875
63.240234,11.480712890625
63.242188,10.675048828125
63.244141,9.869384765625
63.246094,8.8623046875
63.248047,7.855224609375
63.25,7.049560546875
63.251953,-8.660888671875
63.253906,-9.26513671875
63.255859,-9.466552734375
63.257812,-9.466552734375
63.259766,-2.81982421875
63.261719,-2.215576171875
63.263672,-1.611328125
63.265625,-0.604248046875
63.267578,0.40283203125
63.269531,1.20849609375
63.271484,2.01416015625
63.273438,2.81982421875
63.275391,3.22265625
63.277344,31.622314453125
63.279297,31.4208984375
63.28125,31.01806640625
63.283203,30.413818359375
63.285156,29.608154296875
63.287109,28.60107421875
63.289062,27.593994140625
63.291016,26.788330078125
63.292969,25.982666015625
63.294922,43.707275390625
63.296875,43.304443359375
63.298828,43.304443359375
63.300781,43.505859375
63.302734,44.110107421875
63.304688,44.71435546875
63.306641,45.721435546875
63.308594,40.484619140625
63.310547,41.49169921875
63.3125,42.29736328125
63.314453,43.10302734375
63.316406,43.505859375
63.318359,43.707275390625
63.320312,43.707275390625
63.322266,43.304443359375
63.324219,42.901611328125
63.326172,16.11328125
63.328125,15.106201171875
63.330078,14.300537109375
63.332031,13.29345703125
63.333984,12.48779296875
63.335938,11.883544921875
63.337891,11.279296875
63.339844,11.279296875
63.341797,11.279296875
63.34375,11.883544921875
63.345703,12.48779296875
63.347656,13.29345703125
63.349609,14.300537109375
63.351562,15.106201171875
63.353516,0.40283203125
63.355469,1.20849609375
63.357422,1.812744140625
63.359375,2.01416015625
63.361328,2.01416015625
63.363281,1.812744140625
63.365234,1.409912109375
63.367188,0.604248046875
63.369141,-0.201416015625
63.371094,-1.20849609375
63.373047,20.343017578125
63.375,19.537353515625
63.376953,18.731689453125
63.378906,18.328857421875
63.380859,18.12744140625
63.382812,18.12744140625
63.384766,18.5302734375
63.386719,18.93310546875
63.388672,19.73876953125
63.390625,42.7001953125
63.392578,43.505859375
63.394531,44.512939453125
63.396484,45.318603515625
63.398438,45.9228515625
63.400391,46.32568359375
63.402344,46.527099609375
63.404297,46.527099609375
63.40625,46.124267578125
63.408203,45.52001953125
63.410156,44.71435546875
63.412109,43.707275390625
63.414062,42.901611328125
63.416016,41.89453125
63.417969,41.0888671875
63.419922,40.484619140625
63.421875,18.731689453125
63.423828,18.5302734375
63.425781,-5.23681640625
63.427734,-4.833984375
63.429688,-4.0283203125
63.431641,-3.22265625
63.433594,-2.215576171875
63.435547,-1.20849609375
63.4375,-0.40283203125
63.439453,0.40283203125
63.441406,0.8056640625
63.443359,1.007080078125
63.445312,1.007080078125
63.447266,0.604248046875
63.449219,0.0
63.451172,-0.604248046875
63.453125,-1.611328125
63.455078,-2.618408203125
63.457031,-3.424072265625
63.458984,-9.869384765625
63.460938,-10.4736328125
63.462891,-10.87646484375
63.464844,-11.077880859375
63.466797,11.279296875
63.46875,11.68212890625
63.470703,12.48779296875
63.472656,13.29345703125
63.474609,14.09912109375
63.476562,15.106201171875
63.478516,16.11328125
63.480469,16.717529296875
63.482422,17.32177734375
63.484375,44.3115234375
63.486328,44.3115234375
63.488281,44.110107421875
63.490234,43.505859375
63.492188,42.901611328125
63.494141,41.89453125
63.496094,41.0888671875
63.498047,40.081787109375
63.5,42.901611328125
63.501953,42.095947265625
63.503906,41.693115234375
63.505859,41.49169921875
63.507812,41.49169921875
63.509766,41.89453125
63.511719,42.498779296875
63.513672,43.10302734375
63.515625,27.996826171875
63.517578,28.802490234375
63.519531,29.8095703125
63.521484,30.615234375
63.523438,31.4208984375
63.525391,31.82373046875
63.527344,31.82373046875
63.529297,31.82373046875
63.53125,5.6396484375
63.533203,4.833984375
63.535156,4.0283203125
63.537109,3.22265625
63.539062,2.215576171875
63.541016,1.20849609375
63.542969,0.40283203125
63.544922,0.0
63.546875,-11.279296875
63.548828,-11.279296875
63.550781,-11.077880859375
63.552734,-10.675048828125
63.554688,-9.869384765625
63.556641,-9.063720703125
63.558594,-8.056640625
63.560547,-7.049560546875
63.5625,-6.243896484375
63.564453,-5.438232421875
63.566406,-5.035400390625
63.568359,-4.833984375
63.570312,-4.833984375
63.572266,-5.035400390625
63.574219,-5.6396484375
63.576172,36.859130859375
63.578125,36.053466796875
63.580078,35.04638671875
63.582031,34.039306640625
63.583984,33.233642578125
63.585938,32.62939453125
63.587891,32.2265625
63.589844,32.025146484375
63.591797,32.2265625
63.59375,32.62939453125
63.595703,45.9228515625
63.597656,46.728515625
63.599609,47.735595703125
63.601562,48.74267578125
63.603516,49.54833984375
63.605469,50.35400390625
63.607422,50.958251953125
63.609375,51.361083984375
63.611328,39.07470703125
63.613281,38.873291015625
63.615234,38.26904296875
63.617188,37.664794921875
63.619141,36.65771484375
63.621094,8.660888671875
63.623047,7.65380859375
63.625,6.84814453125
63.626953,6.04248046875
63.628906,5.6396484375
63.630859,5.23681640625
63.632812,5.438232421875
63.634766,5.6396484375
63.636719,6.243896484375
63.638672,7.049560546875
63.640625,8.056640625
63.642578,-3.826904296875
63.644531,-3.021240234375
63.646484,-2.01416015625
63.648438,-1.409912109375
63.650391,-1.007080078125
63.652344,-0.8056640625
63.654297,-1.007080078125
63.65625,-1.409912109375
63.658203,-1.812744140625
63.660156,4.632568359375
63.662109,3.62548828125
63.664062,2.618408203125
63.666016,1.812744140625
63.667969,1.007080078125
63.669922,0.40283203125
63.671875,0.0
63.673828,0.0
63.675781,0.201416015625
63.677734,25.78125
63.679688,26.5869140625
63.681641,27.392578125
63.683594,28.399658203125
63.685547,29.40673828125
63.6875,30.21240234375
63.689453,47.735595703125
63.691406,48.138427734375
63.693359,48.33984375
63.695312,48.33984375
63.697266,48.138427734375
63.699219,47.5341796875
63.701172,46.728515625
63.703125,45.721435546875
63.705078,44.915771484375
63.707031,44.71435546875
63.708984,43.90869140625
63.710938,43.10302734375
63.712891,42.7001953125
63.714844,42.7001953125
63.716797,42.7001953125
63.71875,43.10302734375
63.720703,20.1416015625
63.722656,20.947265625
63.724609,21.954345703125
63.726562,22.760009765625
63.728516,23.76708984375
63.730469,24.57275390625
63.732422,25.177001953125
63.734375,25.37841796875
63.736328,25.579833984375
63.738281,-1.611328125
63.740234,-2.01416015625
63.742188,-2.81982421875
63.744141,-3.62548828125
63.746094,-4.632568359375
63.748047,-5.438232421875
63.75,-6.4453125
63.751953,-7.049560546875
63.753906,-8.660888671875
63.755859,-9.063720703125
63.757812,-8.8623046875
63.759766,-8.660888671875
63.761719,-8.056640625
63.763672,-7.2509765625
63.765625,-6.243896484375
63.767578,-5.438232421875
63.769531,-4.43115234375
63.771484,16.314697265625
63.773438,16.9189453125
63.775391,17.32177734375
63.777344,17.523193359375
63.779297,17.32177734375
63.78125,16.9189453125
63.783203,16.314697265625
63.785156,15.509033203125
63.787109,14.501953125
63.789062,13.494873046875
63.791016,12.689208984375
63.792969,11.883544921875
63.794922,35.650634765625
63.796875,35.44921875
63.798828,42.498779296875
63.800781,42.7001953125
63.802734,43.10302734375
63.804688,43.90869140625
63.806641,44.71435546875
63.808594,45.721435546875
63.810547,46.728515625
63.8125,47.5341796875
63.814453,48.33984375
63.816406,31.219482421875
63.818359,31.4208984375
63.820312,31.4208984375
63.822266,31.219482421875
63.824219,30.615234375
63.826172,29.8095703125
63.828125,28.802490234375
63.830078,27.996826171875
63.832031,26.98974609375
63.833984,1.007080078125
63.835938,0.40283203125
63.837891,0.0
63.839844,-0.201416015625
63.841797,0.0
63.84375,0.40283203125
63.845703,1.007080078125
63.847656,1.812744140625
63.849609,-9.466552734375
63.851562,-8.660888671875
63.853516,-7.65380859375
63.855469,-6.84814453125
63.857422,-6.243896484375
63.859375,-6.04248046875
63.861328,-5.841064453125
63.863281,-6.243896484375
63.865234,9.063720703125
63.867188,8.258056640625
63.869141,7.452392578125
63.871094,6.4453125
63.873047,5.438232421875
63.875,4.632568359375
63.876953,3.826904296875
63.878906,31.01806640625
63.880859,30.816650390625
63.882812,30.816650390625
63.884766,31.219482421875
63.886719,31.82373046875
63.888672,32.427978515625
63.890625,33.43505859375
63.892578,34.442138671875
63.894531,35.247802734375
63.896484,36.2548828125
63.898438,36.859130859375
63.900391,37.261962890625
63.902344,37.261962890625
63.904297,50.7568359375
63.90625,50.35400390625
63.908203,49.749755859375
63.910156,37.664794921875
63.912109,36.859130859375
63.914062,35.85205078125
63.916016,34.844970703125
63.917969,34.24072265625
63.919922,33.636474609375
63.921875,33.233642578125
63.923828,33.233642578125
63.925781,33.43505859375
63.927734,6.84814453125
63.929688,7.452392578125
63.931641,8.45947265625
63.933594,9.26513671875
63.935547,10.272216796875
63.9375,11.077880859375
63.939453,11.883544921875
63.941406,12.286376953125
63.943359,-2.215576171875
63.945312,-2.215576171875
63.947266,-2.618408203125
63.949219,-3.22265625
63.951172,-3.826904296875
63.953125,-4.833984375
63.955078,-5.841064453125
63.957031,-6.646728515625
63.958984,-7.65380859375
63.960938,-3.021240234375
63.962891,-3.424072265625
63.964844,-3.424072265625
63.966797,-3.424072265625
63.96875,-3.021240234375
63.970703,-2.215576171875
63.972656,-1.409912109375
63.974609,-0.604248046875
63.976562,29.608154296875
63.978516,30.413818359375
63.980469,31.219482421875
63.982422,31.82373046875
63.984375,32.2265625
63.986328,32.2265625
63.988281,32.025146484375
63.990234,50.958251953125
63.992188,50.152587890625
63.994141,49.346923828125
63.996094,48.33984375
63.998047,47.332763671875
64.0,46.527099609375
64.001953,45.721435546875
64.003906,45.318603515625
64.005859,45.1171875
64.007812,45.1171875
64.009766,45.52001953125
64.011719,36.456298828125
64.013672,37.261962890625
64.015625,38.26904296875
64.017578,39.276123046875
64.019531,40.081787109375
64.021484,16.717529296875
64.023438,17.32177734375
64.025391,17.724609375
64.027344,17.724609375
64.029297,17.724609375
64.03125,17.32177734375
64.033203,16.717529296875
64.035156,15.71044921875
64.037109,14.90478515625
64.039062,-5.6396484375
64.041016,-6.4453125
64.042969,-7.2509765625
64.044922,-7.855224609375
64.046875,-8.258056640625
64.048828,-8.258056640625
64.050781,-8.056640625
64.052734,-7.452392578125
64.054688,-5.23681640625
64.056641,-4.43115234375
64.058594,-3.424072265625
64.060547,-2.4169921875
64.0625,-1.611328125
64.064453,-0.8056640625
64.066406,-0.40283203125
64.068359,-0.201416015625
64.070312,17.32177734375
64.072266,24.169921875
64.074219,23.565673828125
64.076172,22.760009765625
64.078125,21.954345703125
64.080078,20.947265625
64.082031,19.940185546875
64.083984,19.134521484375
64.085938,18.5302734375
64.087891,43.505859375
64.089844,43.505859375
64.091797,43.505859375
64.09375,43.90869140625
64.095703,44.71435546875
64.097656,45.52001953125
64.099609,46.32568359375
64.101562,45.1171875
64.103516,46.124267578125
64.105469,46.929931640625
64.107422,47.332763671875
64.109375,47.735595703125
64.111328,47.735595703125
64.113281,47.5341796875
64.115234,47.13134765625
64.117188,46.32568359375
64.119141,22.96142578125
64.121094,22.15576171875
64.123047,21.148681640625
64.125,20.1416015625
64.126953,19.537353515625
64.128906,18.93310546875
64.130859,18.731689453125
64.132812,18.731689453125
64.134766,-3.424072265625
64.136719,-3.021240234375
64.138672,-2.215576171875
64.140625,-1.20849609375
64.142578,-0.201416015625
64.144531,0.604248046875
64.146484,1.409912109375
64.148438,2.215576171875
64.150391,-4.632568359375
64.152344,-4.43115234375
64.154297,-4.632568359375
64.15625,-5.035400390625
64.158203,-5.6396484375
64.160156,-6.4453125
64.162109,-7.452392578125
64.164062,7.855224609375
64.166016,6.84814453125
64.167969,6.04248046875
64.169922,5.438232421875
64.171875,5.23681640625
64.173828,5.23681640625
64.175781,5.438232421875
64.177734,5.841064453125
64.179688,33.43505859375
64.181641,34.24072265625
64.183594,35.247802734375
64.185547,36.2548828125
64.1875,37.060546875
64.189453,37.8662109375
64.191406,38.26904296875
64.193359,38.470458984375
64.195312,52.972412109375
64.197266,52.77099609375
64.199219,52.166748046875
64.201172,51.361083984375
64.203125,50.555419921875
64.205078,49.54833984375
64.207031,33.837890625
64.208984,33.0322265625
64.210938,32.427978515625
64.212891,31.82373046875
64.214844,31.82373046875
64.216797,31.82373046875
64.21875,32.427978515625
64.220703,33.0322265625
64.222656,33.837890625
64.224609,34.844970703125
64.226562,35.650634765625
64.228516,36.65771484375
64.230469,37.46337890625
64.232422,38.067626953125
64.234375,31.4208984375
64.236328,10.87646484375
64.238281,10.675048828125
64.240234,10.272216796875
64.242188,9.466552734375
64.244141,8.660888671875
64.246094,-10.272216796875
64.248047,-11.077880859375
64.25,-12.0849609375
64.251953,-12.689208984375
64.253906,-13.29345703125
64.255859,-13.494873046875
64.257812,-13.494873046875
64.259766,-6.4453125
64.261719,-5.841064453125
64.263672,-5.23681640625
64.265625,-4.229736328125
64.267578,-3.22265625
64.269531,-2.4169921875
64.271484,-1.409912109375
64.273438,23.968505859375
64.275391,24.371337890625
64.277344,24.57275390625
64.279297,24.371337890625
64.28125,23.968505859375
64.283203,23.3642578125
64.285156,22.55859375
64.287109,21.551513671875
64.289062,20.54443359375
64.291016,45.721435546875
64.292969,44.915771484375
64.294922,44.512939453125
64.296875,44.110107421875
64.298828,44.110107421875
64.300781,44.3115234375
64.302734,44.71435546875
64.304688,45.52001953125
64.306641,40.68603515625
64.308594,41.693115234375
64.310547,42.7001953125
64.3125,43.505859375
64.314453,44.3115234375
64.316406,44.71435546875
64.318359,44.915771484375
64.320312,44.915771484375
64.322266,44.512939453125
64.324219,16.9189453125
64.326172,16.11328125
64.328125,15.3076171875
64.330078,14.300537109375
64.332031,13.29345703125
64.333984,12.48779296875
64.335938,11.883544921875
64.337891,11.480712890625
64.339844,11.279296875
64.341797,11.480712890625
64.34375,11.883544921875
64.345703,12.48779296875
64.347656,13.29345703125
64.349609,14.300537109375
64.351562,-1.007080078125
64.353516,0.0
64.355469,0.8056640625
64.357422,1.409912109375
64.359375,1.611328125
64.361328,1.611328125
64.363281,1.409912109375
64.365234,1.007080078125
64.367188,0.201416015625
64.369141,-0.604248046875
64.371094,14.501953125
64.373047,20.343017578125
64.375,19.537353515625
64.376953,18.731689453125
64.378906,18.328857421875
64.380859,17.926025390625
64.382812,18.12744140625
64.384766,18.328857421875
64.386719,37.8662109375
64.388672,38.671875
64.390625,39.4775390625
64.392578,40.484619140625
64.394531,41.49169921875
64.396484,42.29736328125
64.398438,42.901611328125
64.400391,43.304443359375
64.402344,51.361083984375
64.404297,51.361083984375
64.40625,50.958251953125
64.408203,50.152587890625
64.410156,49.346923828125
64.412109,48.541259765625
64.414062,47.5341796875
64.416016,46.527099609375
64.417969,27.191162109375
64.419922,26.5869140625
64.421875,26.385498046875
64.423828,26.18408203125
64.425781,26.5869140625
64.427734,26.98974609375
64.429688,27.79541015625
64.431641,28.60107421875
64.433594,29.608154296875
64.435547,30.413818359375
64.4375,31.4208984375
64.439453,32.025146484375
64.441406,32.62939453125
64.443359,7.049560546875
64.445312,7.049560546875
64.447266,-7.855224609375
64.449219,-8.45947265625
64.451172,-9.26513671875
64.453125,-10.07080078125
64.455078,-11.077880859375
64.457031,-12.0849609375
64.458984,-12.890625
64.460938,-13.494873046875
64.462891,-13.897705078125
64.464844,4.632568359375
64.466797,4.833984375
64.46875,5.23681640625
64.470703,5.841064453125
64.472656,6.646728515625
64.474609,7.65380859375
64.476562,8.45947265625
64.478516,9.466552734375
64.480469,10.272216796875
64.482422,36.456298828125
64.484375,36.65771484375
64.486328,36.859130859375
64.488281,36.456298828125
64.490234,36.053466796875
64.492188,35.247802734375
64.494141,34.442138671875
64.496094,50.35400390625
64.498047,49.346923828125
64.5,48.541259765625
64.501953,47.735595703125
64.503906,47.332763671875
64.505859,47.13134765625
64.507812,47.13134765625
64.509766,47.5341796875
64.511719,48.138427734375
64.513672,34.844970703125
64.515625,35.85205078125
64.517578,36.859130859375
64.519531,37.664794921875
64.521484,38.470458984375
64.523438,39.276123046875
64.525391,39.678955078125
64.527344,39.678955078125
64.529297,11.68212890625
64.53125,11.279296875
64.533203,10.675048828125
64.535156,9.869384765625
64.537109,8.8623046875
64.539062,7.855224609375
64.541016,7.049560546875
64.542969,6.243896484375
64.544922,5.6396484375
64.546875,5.23681640625
64.548828,5.23681640625
64.550781,5.438232421875
64.552734,6.04248046875
64.554688,6.646728515625
64.556641,-9.869384765625
64.558594,3.021240234375
64.560547,4.0283203125
64.5625,4.833984375
64.564453,5.6396484375
64.566406,6.04248046875
64.568359,6.243896484375
64.570312,6.243896484375
64.572266,5.841064453125
64.574219,5.438232421875
64.576172,4.632568359375
64.578125,28.802490234375
64.580078,27.79541015625
64.582031,26.788330078125
64.583984,25.982666015625
64.585938,25.37841796875
64.587891,24.9755859375
64.589844,24.774169921875
64.591797,24.9755859375
64.59375,42.498779296875
64.595703,43.10302734375
64.597656,40.887451171875
64.599609,41.89453125
64.601562,42.901611328125
64.603516,43.707275390625
64.605469,44.512939453125
64.607422,45.1171875
64.609375,45.318603515625
64.611328,45.52001953125
64.613281,45.318603515625
64.615234,44.71435546875
64.617188,44.110107421875
64.619141,43.10302734375
64.621094,42.095947265625
64.623047,41.290283203125
64.625,40.283203125
64.626953,12.689208984375
64.628906,12.0849609375
64.630859,11.883544921875
64.632812,11.883544921875
64.634766,12.286376953125
64.636719,12.890625
64.638672,13.6962890625
64.640625,-5.438232421875
64.642578,-4.43115234375
64.644531,-3.62548828125
64.646484,-2.618408203125
64.648438,-2.01416015625
64.650391,-1.611328125
64.652344,-1.409912109375
64.654297,-1.611328125
64.65625,-2.01416015625
64.658203,-2.618408203125
64.660156,-3.62548828125
64.662109,-4.43115234375
64.664062,-5.438232421875
64.666016,-6.4453125
64.667969,-7.049560546875
64.669922,18.328857421875
64.671875,17.926025390625
64.673828,17.926025390625
64.675781,18.12744140625
64.677734,18.5302734375
64.679688,19.3359375
64.681641,20.1416015625
64.683594,21.148681640625
64.685547,22.15576171875
64.6875,48.33984375
64.689453,48.944091796875
64.691406,49.54833984375
64.693359,49.749755859375
64.695312,49.749755859375
64.697266,49.346923828125
64.699219,48.74267578125
64.701172,47.93701171875
64.703125,46.728515625
64.705078,45.721435546875
64.707031,44.71435546875
64.708984,43.90869140625
64.710938,43.304443359375
64.712891,42.901611328125
64.714844,42.7001953125
64.716797,42.901611328125
64.71875,26.385498046875
64.720703,26.98974609375
64.722656,27.79541015625
64.724609,28.802490234375
64.726562,29.8095703125
64.728516,30.615234375
64.730469,31.4208984375
64.732422,32.025146484375
64.734375,5.6396484375
64.736328,5.841064453125
64.738281,5.438232421875
64.740234,5.035400390625
64.742188,4.229736328125
64.744141,3.424072265625
64.746094,2.4169921875
64.748047,1.409912109375
64.75,-11.883544921875
64.751953,-12.689208984375
64.753906,-13.092041015625
64.755859,-13.29345703125
64.757812,-13.29345703125
64.759766,-12.890625
64.761719,-12.48779296875
64.763672,-11.68212890625
64.765625,-10.675048828125
64.767578,-9.66796875
64.769531,-8.8623046875
64.771484,-8.056640625
64.773438,-7.2509765625
64.775391,0.604248046875
64.777344,9.66796875
64.779297,9.466552734375
64.78125,44.915771484375
64.783203,44.3115234375
64.785156,43.505859375
64.787109,42.498779296875
64.789062,41.693115234375
64.791016,40.68603515625
64.792969,45.9228515625
64.794922,45.318603515625
64.796875,45.1171875
64.798828,44.915771484375
64.800781,45.1171875
64.802734,45.721435546875
64.804688,46.32568359375
64.806641,47.332763671875
64.808594,48.33984375
64.810547,49.1455078125
64.8125,50.152587890625
64.814453,31.219482421875
64.816406,31.82373046875
64.818359,32.025146484375
64.820312,32.025146484375
64.822266,31.622314453125
64.824219,31.01806640625
64.826172,30.21240234375
64.828125,29.40673828125
64.830078,28.399658203125
64.832031,1.611328125
64.833984,0.8056640625
64.835938,0.201416015625
64.837891,-0.201416015625
64.839844,-0.40283203125
64.841797,-0.201416015625
64.84375,0.201416015625
64.845703,0.8056640625
64.847656,-9.66796875
64.849609,-8.660888671875
64.851562,-7.65380859375
64.853516,-6.84814453125
64.855469,-6.04248046875
64.857422,-5.438232421875
64.859375,-5.035400390625
64.861328,-5.035400390625
64.863281,4.43115234375
64.865234,3.826904296875
64.867188,3.22265625
64.869141,2.215576171875
64.871094,1.409912109375
64.873047,0.40283203125
64.875,-0.40283203125
64.876953,-1.20849609375
64.878906,-1.611328125
64.880859,31.219482421875
64.882812,31.4208984375
64.884766,31.622314453125
64.886719,32.2265625
64.888672,33.0322265625
64.890625,33.837890625
64.892578,47.332763671875
64.894531,48.138427734375
64.896484,48.944091796875
64.898438,49.749755859375
64.900391,50.152587890625
64.902344,50.152587890625
64.904297,50.152587890625
64.90625,49.749755859375
64.908203,48.944091796875
64.910156,48.138427734375
64.912109,40.68603515625
64.914062,39.678955078125
64.916016,38.873291015625
64.917969,38.067626953125
64.919922,37.46337890625
64.921875,37.060546875
64.923828,37.060546875
64.925781,11.883544921875
64.927734,12.48779296875
64.929688,13.092041015625
64.931641,14.09912109375
64.933594,15.106201171875
64.935547,15.911865234375
64.9375,16.9189453125
64.939453,-1.20849609375
64.941406,-0.8056640625
64.943359,-0.40283203125
64.945312,-0.604248046875
64.947266,-0.8056640625
64.949219,-1.409912109375
64.951172,-2.215576171875
64.953125,-3.021240234375
64.955078,-4.0283203125
64.957031,-5.035400390625
64.958984,-7.2509765625
64.960938,-8.056640625
64.962891,-8.45947265625
64.964844,-8.45947265625
64.966797,-8.45947265625
64.96875,-8.056640625
64.970703,-7.2509765625
64.972656,20.1416015625
64.974609,21.148681640625
64.976562,21.954345703125
64.978516,22.96142578125
64.980469,23.76708984375
64.982422,24.371337890625
64.984375,24.57275390625
64.986328,24.57275390625
64.988281,49.1455078125
64.990234,48.541259765625
64.992188,47.93701171875
64.994141,46.929931640625
64.996094,45.9228515625
64.998047,45.1171875
65.0,44.110107421875
65.001953,43.505859375
65.003906,39.88037109375
65.005859,39.678955078125
65.007812,39.678955078125
65.009766,40.081787109375
65.011719,40.68603515625
65.013672,41.49169921875
65.015625,42.29736328125
65.017578,43.304443359375
65.019531,44.3115234375
65.021484,23.968505859375
65.023438,24.57275390625
65.025391,24.9755859375
65.027344,25.177001953125
65.029297,24.9755859375
65.03125,24.57275390625
65.033203,23.968505859375
65.035156,23.162841796875
65.037109,-0.604248046875
65.039062,-1.611328125
65.041016,-2.618408203125
65.042969,-3.424072265625
65.044922,-3.826904296875
65.046875,-4.229736328125
65.048828,-4.229736328125
65.050781,-4.0283203125
65.052734,-3.62548828125
65.054688,-6.4453125
65.056641,-5.6396484375
65.058594,-4.632568359375
65.060547,-3.826904296875
65.0625,-2.81982421875
65.064453,-2.215576171875
65.066406,-1.611328125
65.068359,17.120361328125
65.070312,16.9189453125
65.072266,16.717529296875
65.074219,16.11328125
65.076172,15.3076171875
65.078125,14.300537109375
65.080078,13.494873046875
65.082031,12.48779296875
65.083984,11.68212890625
65.085938,37.8662109375
65.087891,37.46337890625
65.089844,37.261962890625
65.091797,37.46337890625
65.09375,37.8662109375
65.095703,38.470458984375
65.097656,39.276123046875
65.099609,40.283203125
65.101562,47.332763671875
65.103516,47.332763671875
65.105469,48.138427734375
65.107422,48.74267578125
65.109375,49.1455078125
65.111328,49.1455078125
65.113281,48.944091796875
65.115234,48.33984375
65.117188,30.615234375
65.119141,29.608154296875
65.121094,28.802490234375
65.123047,27.79541015625
65.125,26.788330078125
65.126953,26.18408203125
65.128906,25.579833984375
65.130859,25.37841796875
65.132812,0.604248046875
65.134766,1.007080078125
65.136719,1.409912109375
65.138672,2.215576171875
65.140625,3.22265625
65.142578,4.229736328125
65.144531,5.035400390625
65.146484,5.841064453125
65.148438,6.646728515625
65.150391,-5.035400390625
65.152344,-5.035400390625
65.154297,-5.035400390625
65.15625,-5.438232421875
65.158203,-6.243896484375
65.160156,-7.049560546875
65.162109,-7.855224609375
65.164062,-8.8623046875
65.166016,5.841064453125
65.167969,5.035400390625
65.169922,4.43115234375
65.171875,4.229736328125
65.173828,4.229736328125
65.175781,4.43115234375
65.177734,4.833984375
65.179688,5.6396484375
65.181641,33.43505859375
65.183594,48.138427734375
65.185547,49.1455078125
65.1875,49.951171875
65.189453,50.555419921875
65.191406,51.15966796875
65.193359,51.361083984375
65.195312,51.361083984375
65.197266,50.958251953125
65.199219,50.35400390625
65.201172,49.54833984375
65.203125,48.74267578125
65.205078,47.735595703125
65.207031,46.728515625
65.208984,45.9228515625
65.210938,45.318603515625
65.212891,44.915771484375
65.214844,44.71435546875
65.216797,44.915771484375
65.21875,45.318603515625
65.220703,45.9228515625
65.222656,46.728515625
65.224609,42.498779296875
65.226562,9.063720703125
65.228516,10.07080078125
65.230469,10.675048828125
65.232422,11.279296875
65.234375,11.68212890625
65.236328,11.68212890625
65.238281,11.480712890625
65.240234,11.077880859375
65.242188,10.272216796875
65.244141,9.466552734375
65.246094,-10.675048828125
65.248047,-11.480712890625
65.25,-12.48779296875
65.251953,-13.092041015625
65.253906,-13.6962890625
65.255859,-13.897705078125
65.257812,-13.897705078125
65.259766,-3.021240234375
65.261719,-2.4169921875
65.263672,-1.611328125
65.265625,-0.604248046875
65.267578,0.201416015625
65.269531,1.20849609375
65.271484,2.01416015625
65.273438,2.618408203125
65.275391,31.219482421875
65.277344,31.4208984375
65.279297,31.219482421875
65.28125,30.816650390625
65.283203,30.21240234375
65.285156,29.40673828125
65.287109,28.399658203125
65.289062,27.593994140625
65.291016,26.5869140625
65.292969,43.10302734375
65.294922,42.7001953125
65.296875,42.29736328125
65.298828,42.29736328125
65.300781,42.498779296875
65.302734,42.901611328125
65.304688,43.707275390625
65.306641,38.067626953125
65.308594,39.07470703125
65.310547,40.081787109375
65.3125,40.887451171875
65.314453,41.693115234375
65.316406,42.095947265625
65.318359,42.29736328125
65.320312,42.29736328125
65.322266,41.89453125
65.324219,41.49169921875
65.326172,40.68603515625
65.328125,39.678955078125
65.330078,38.671875
65.332031,37.8662109375
65.333984,37.060546875
65.335938,12.689208984375
65.337891,12.286376953125
65.339844,-8.45947265625
65.341797,-8.258056640625
65.34375,-7.855224609375
65.345703,-7.2509765625
65.347656,-6.4453125
65.349609,-5.438232421875
65.351562,-4.43115234375
65.353516,-3.62548828125
65.355469,-6.646728515625
65.357422,-6.04248046875
65.359375,-5.6396484375
65.361328,-5.6396484375
65.363281,-5.841064453125
65.365234,-6.4453125
65.367188,-7.049560546875
65.369141,-8.056640625
65.371094,13.897705078125
65.373047,13.092041015625
65.375,12.0849609375
65.376953,11.480712890625
65.378906,38.470458984375
65.380859,38.26904296875
65.382812,38.26904296875
65.384766,38.671875
65.386719,39.276123046875
65.388672,39.88037109375
65.390625,40.887451171875
65.392578,41.89453125
65.394531,42.7001953125
65.396484,43.707275390625
65.398438,44.3115234375
65.400391,48.944091796875
65.402344,49.1455078125
65.404297,48.944091796875
65.40625,48.541259765625
65.408203,47.93701171875
65.410156,47.13134765625
65.412109,46.124267578125
65.414062,45.1171875
65.416016,44.3115234375
65.417969,43.505859375
65.419922,42.901611328125
65.421875,42.498779296875
65.423828,42.498779296875
65.425781,42.7001953125
65.427734,43.304443359375
65.429688,27.593994140625
65.431641,28.399658203125
65.433594,2.4169921875
65.435547,3.424072265625
65.4375,4.229736328125
65.439453,5.035400390625
65.441406,5.438232421875
65.443359,5.841064453125
65.445312,5.6396484375
65.447266,5.438232421875
65.449219,4.833984375
65.451172,-6.243896484375
65.453125,-7.049560546875
65.455078,-8.056640625
65.457031,-9.063720703125
65.458984,-9.869384765625
65.460938,-10.4736328125
65.462891,-10.87646484375
65.464844,4.43115234375
65.466797,4.632568359375
65.46875,5.035400390625
65.470703,5.6396484375
65.472656,6.4453125
65.474609,7.452392578125
65.476562,8.45947265625
65.478516,9.26513671875
65.480469,37.8662109375
65.482422,38.470458984375
65.484375,38.873291015625
65.486328,38.873291015625
65.488281,38.671875
65.490234,38.067626953125
65.492188,37.46337890625
65.494141,36.456298828125
65.496094,48.541259765625
65.498047,47.5341796875
65.5,46.728515625
65.501953,45.9228515625
65.503906,45.52001953125
65.505859,45.1171875
65.507812,45.318603515625
65.509766,45.52001953125
65.511719,32.62939453125
65.513672,33.43505859375
65.515625,34.24072265625
65.517578,35.247802734375
65.519531,36.2548828125
65.521484,37.060546875
65.523438,37.664794921875
65.525391,38.067626953125
65.527344,12.286376953125
65.529297,12.0849609375
65.53125,11.68212890625
65.533203,11.077880859375
65.535156,10.272216796875
65.537109,9.26513671875
65.539062,8.258056640625
65.541016,7.452392578125
65.542969,6.646728515625
65.544922,6.04248046875
65.546875,5.6396484375
65.548828,5.6396484375
65.550781,5.841064453125
65.552734,-9.869384765625
65.554688,-9.26513671875
65.556641,2.01416015625
65.558594,3.021240234375
65.560547,3.826904296875
65.5625,4.833984375
65.564453,5.438232421875
65.566406,6.04248046875
65.568359,6.243896484375
65.570312,6.243896484375
65.572266,5.841064453125
65.574219,30.010986328125
65.576172,29.205322265625
65.578125,28.1982421875
65.580078,27.191162109375
65.582031,26.385498046875
65.583984,25.579833984375
65.585938,24.774169921875
65.587891,24.371337890625
65.589844,24.371337890625
65.591797,46.32568359375
65.59375,46.728515625
65.595703,47.5341796875
65.597656,48.33984375
65.599609,49.1455078125
65.601562,50.152587890625
65.603516,51.15966796875
65.605469,51.96533203125
65.607422,42.901611328125
65.609375,43.304443359375
65.611328,43.304443359375
65.613281,43.10302734375
65.615234,42.498779296875
65.617188,41.89453125
65.619141,40.887451171875
65.621094,39.88037109375
65.623047,14.300537109375
65.625,13.29345703125
65.626953,12.689208984375
65.628906,12.0849609375
65.630859,11.883544921875
65.632812,11.883544921875
65.634766,12.286376953125
65.636719,12.890625
65.638672,13.6962890625
65.640625,-7.2509765625
65.642578,-6.4453125
65.644531,-5.438232421875
65.646484,-4.632568359375
65.648438,-4.0283203125
65.650391,-3.62548828125
65.652344,-3.424072265625
65.654297,-1.20849609375
65.65625,-1.611328125
65.658203,-2.215576171875
65.660156,-3.22265625
65.662109,-4.0283203125
65.664062,-5.035400390625
65.666016,-6.04248046875
65.667969,-6.646728515625
65.669922,10.87646484375
65.671875,10.4736328125
65.673828,10.4736328125
65.675781,10.675048828125
65.677734,11.279296875
65.679688,11.883544921875
65.681641,12.890625
65.683594,13.897705078125
65.685547,42.7001953125
65.6875,43.505859375
65.689453,44.3115234375
65.691406,44.71435546875
65.693359,44.915771484375
65.695312,44.915771484375
65.697266,44.512939453125
65.699219,44.110107421875
65.701172,43.304443359375
65.703125,48.138427734375
65.705078,47.13134765625
65.707031,46.32568359375
65.708984,45.52001953125
65.710938,44.71435546875
65.712891,44.3115234375
65.714844,44.3115234375
65.716797,44.3115234375
65.71875,25.78125
65.720703,26.385498046875
65.722656,27.191162109375
65.724609,28.1982421875
65.726562,29.205322265625
65.728516,30.010986328125
65.730469,30.816650390625
65.732422,31.4208984375
65.734375,5.438232421875
65.736328,5.438232421875
65.738281,5.23681640625
65.740234,4.632568359375
65.742188,4.0283203125
65.744141,3.021240234375
65.746094,2.01416015625
65.748047,1.20849609375
65.75,-10.4736328125
65.751953,-11.279296875
65.753906,-11.68212890625
65.755859,-11.883544921875
65.757812,-11.883544921875
65.759766,-11.480712890625
65.761719,-11.077880859375
65.763672,-10.272216796875
65.765625,-9.26513671875
65.767578,-8.258056640625
65.769531,8.8623046875
65.771484,9.66796875
65.773438,10.272216796875
65.775391,10.675048828125
65.777344,10.87646484375
65.779297,38.470458984375
65.78125,38.067626953125
65.783203,37.46337890625
65.785156,36.65771484375
65.787109,35.650634765625
65.789062,34.6435546875
65.791016,33.837890625
65.792969,33.0322265625
65.794922,32.427978515625
65.796875,44.71435546875
65.798828,44.71435546875
65.800781,44.915771484375
65.802734,45.52001953125
65.804688,46.124267578125
65.806641,46.929931640625
65.808594,47.93701171875
65.810547,48.944091796875
65.8125,36.053466796875
65.814453,36.65771484375
65.816406,37.261962890625
65.818359,37.46337890625
65.820312,37.46337890625
65.822266,37.060546875
65.824219,36.456298828125
65.826172,35.650634765625
65.828125,8.258056640625
65.830078,7.2509765625
65.832031,6.4453125
65.833984,5.6396484375
65.835938,4.833984375
65.837891,4.43115234375
65.839844,4.43115234375
65.841797,4.43115234375
65.84375,4.833984375
65.845703,-9.26513671875
65.847656,-8.45947265625
65.849609,-7.65380859375
65.851562,-6.646728515625
65.853516,-5.6396484375
65.855469,-4.833984375
65.857422,-4.229736328125
65.859375,-4.0283203125
65.861328,5.23681640625
65.863281,5.035400390625
65.865234,4.43115234375
65.867188,3.826904296875
65.869141,2.81982421875
65.871094,1.812744140625
65.873047,1.007080078125
65.875,0.0
65.876953,-0.604248046875
65.878906,-1.20849609375
65.880859,-1.409912109375
65.882812,-1.409912109375
65.884766,-1.007080078125
65.886719,18.93310546875
65.888672,43.304443359375
65.890625,44.110107421875
65.892578,45.1171875
65.894531,46.124267578125
65.896484,46.929931640625
65.898438,47.5341796875
65.900391,47.93701171875
65.902344,48.138427734375
65.904297,47.93701171875
65.90625,49.1455078125
65.908203,48.541259765625
65.910156,47.735595703125
65.912109,46.728515625
65.914062,45.721435546875
65.916016,44.915771484375
65.917969,44.110107421875
65.919922,43.505859375
65.921875,43.304443359375
65.923828,18.93310546875
65.925781,19.134521484375
65.927734,19.73876953125
65.929688,20.343017578125
65.931641,21.35009765625
65.933594,22.15576171875
65.935547,23.162841796875
65.9375,23.968505859375
65.939453,-1.409912109375
65.941406,-0.8056640625
65.943359,-0.604248046875
65.945312,-0.604248046875
65.947266,-1.007080078125
65.949219,-1.611328125
65.951172,-2.4169921875
65.953125,-6.04248046875
65.955078,-7.049560546875
65.957031,-7.855224609375
65.958984,-8.660888671875
65.960938,-9.466552734375
65.962891,-9.869384765625
65.964844,10.675048828125
65.966797,10.87646484375
65.96875,11.279296875
65.970703,11.883544921875
65.972656,12.689208984375
65.974609,13.6962890625
65.976562,14.703369140625
65.978516,15.509033203125
65.980469,16.314697265625
65.982422,16.9189453125
65.984375,17.32177734375
65.986328,17.32177734375
65.988281,17.120361328125
65.990234,16.51611328125
65.992188,15.911865234375
65.994141,14.90478515625
65.996094,14.09912109375
65.998047,39.276123046875
66.0,42.901611328125
66.001953,42.29736328125
66.003906,41.693115234375
66.005859,41.49169921875
66.007812,41.49169921875
66.009766,41.89453125
66.011719,42.498779296875
66.013672,43.304443359375
66.015625,44.110107421875
66.017578,45.1171875
66.019531,35.85205078125
66.021484,31.4208984375
66.023438,32.025146484375
66.025391,32.427978515625
66.027344,32.62939453125
66.029297,32.427978515625
66.03125,32.025146484375
66.033203,4.833984375
66.035156,4.0283203125
66.037109,3.021240234375
66.039062,2.01416015625
66.041016,1.20849609375
66.042969,0.40283203125
66.044922,-0.201416015625
66.046875,-0.604248046875
66.048828,-0.604248046875
66.050781,-10.4736328125
66.052734,-10.07080078125
66.054688,-9.26513671875
66.056641,-8.45947265625
66.058594,-7.452392578125
66.060547,-6.4453125
66.0625,-5.6396484375
66.064453,-4.833984375
66.066406,11.480712890625
66.068359,11.883544921875
66.070312,11.68212890625
66.072266,11.480712890625
66.074219,10.87646484375
66.076172,10.07080078125
66.078125,9.063720703125
66.080078,8.258056640625
66.082031,33.233642578125
66.083984,32.427978515625
66.085938,31.622314453125
66.087891,31.219482421875
66.089844,31.219482421875
66.091797,31.219482421875
66.09375,31.622314453125
66.095703,32.427978515625
66.097656,33.233642578125
66.099609,34.039306640625
66.101562,35.04638671875
66.103516,36.053466796875
66.105469,36.859130859375
66.107422,37.261962890625
66.109375,37.664794921875
66.111328,45.1171875
66.113281,37.664794921875
66.115234,37.261962890625
66.117188,36.456298828125
66.119141,35.650634765625
66.121094,34.6435546875
66.123047,33.636474609375
66.125,32.830810546875
66.126953,32.025146484375
66.128906,31.622314453125
66.130859,4.229736328125
66.132812,4.229736328125
66.134766,4.43115234375
66.136719,5.035400390625
66.138672,5.841064453125
66.140625,6.84814453125
66.142578,7.855224609375
66.144531,8.660888671875
66.146484,-6.646728515625
66.148438,-6.04248046875
66.150391,-5.6396484375
66.152344,-5.438232421875
66.154297,-5.6396484375
66.15625,-6.04248046875
66.158203,-6.646728515625
66.160156,3.424072265625
66.162109,2.4169921875
66.164062,1.611328125
66.166016,0.604248046875
66.167969,-0.201416015625
66.169922,-0.8056640625
66.171875,-1.007080078125
66.173828,-1.007080078125
66.175781,-0.8056640625
66.177734,-0.40283203125
66.179688,25.78125
66.181641,26.5869140625
66.183594,27.593994140625
66.185547,28.60107421875
66.1875,29.40673828125
66.189453,30.21240234375
66.191406,30.615234375
66.193359,31.01806640625
66.195312,49.54833984375
66.197266,49.1455078125
66.199219,48.74267578125
66.201172,47.93701171875
66.203125,46.929931640625
66.205078,45.9228515625
66.207031,45.1171875
66.208984,44.3115234375
66.210938,43.505859375
66.212891,38.26904296875
66.214844,38.26904296875
66.216797,38.26904296875
66.21875,38.873291015625
66.220703,39.4775390625
66.222656,40.283203125
66.224609,41.290283203125
66.226562,15.71044921875
66.228516,16.51611328125
66.230469,17.32177734375
66.232422,17.926025390625
66.234375,18.328857421875
66.236328,18.328857421875
66.238281,18.12744140625
66.240234,17.523193359375
66.242188,-2.01416015625
66.244141,-2.81982421875
66.246094,-3.826904296875
66.248047,-4.632568359375
66.25,-5.6396484375
66.251953,-6.243896484375
66.253906,-6.84814453125
66.255859,-7.049560546875
66.257812,-5.23681640625
66.259766,-5.035400390625
66.261719,-4.43115234375
66.263672,-3.62548828125
66.265625,-2.81982421875
66.267578,-1.812744140625
66.269531,-0.8056640625
66.271484,0.0
66.273438,24.169921875
66.275391,24.57275390625
66.277344,24.774169921875
66.279297,24.57275390625
66.28125,24.169921875
66.283203,23.565673828125
66.285156,22.760009765625
66.287109,21.7529296875
66.289062,20.745849609375
66.291016,42.095947265625
66.292969,41.49169921875
66.294922,40.887451171875
66.296875,40.484619140625
66.298828,40.484619140625
66.300781,40.68603515625
66.302734,41.290283203125
66.304688,44.915771484375
66.306641,45.9228515625
66.308594,46.929931640625
66.310547,47.735595703125
66.3125,48.74267578125
66.314453,49.346923828125
66.316406,49.951171875
66.318359,50.152587890625
66.320312,50.152587890625
66.322266,49.749755859375
66.324219,49.1455078125
66.326172,48.33984375
66.328125,47.5341796875
66.330078,46.527099609375
66.332031,45.52001953125
66.333984,-3.424072265625
66.335938,-4.0283203125
66.337891,-4.43115234375
66.339844,-4.632568359375
66.341797,-4.43115234375
66.34375,-4.0283203125
66.345703,-3.424072265625
66.347656,-2.618408203125
66.349609,-1.611328125
66.351562,-3.62548828125
66.353516,-2.81982421875
66.355469,16.314697265625
66.357422,16.9189453125
66.359375,17.120361328125
66.361328,17.32177734375
66.363281,16.9189453125
66.365234,16.51611328125
66.367188,15.71044921875
66.369141,14.90478515625
66.371094,13.897705078125
66.373047,13.092041015625
66.375,12.0849609375
66.376953,11.480712890625
66.378906,10.87646484375
66.380859,10.675048828125
66.382812,10.675048828125
66.384766,11.077880859375
66.386719,35.85205078125
66.388672,36.65771484375
66.390625,37.664794921875
66.392578,38.671875
66.394531,39.4775390625
66.396484,40.283203125
66.398438,41.0888671875
66.400391,41.49169921875
66.402344,50.152587890625
66.404297,50.152587890625
66.40625,49.749755859375
66.408203,48.944091796875
66.410156,48.138427734375
66.412109,47.332763671875
66.414062,46.32568359375
66.416016,45.318603515625
66.417969,25.982666015625
66.419922,25.37841796875
66.421875,25.177001953125
66.423828,24.9755859375
66.425781,25.177001953125
66.427734,25.78125
66.429688,26.385498046875
66.431641,27.392578125
66.433594,28.399658203125
66.435547,3.22265625
66.4375,4.0283203125
66.439453,4.632568359375
66.441406,5.23681640625
66.443359,5.438232421875
66.445312,5.438232421875
66.447266,5.035400390625
66.449219,-3.62548828125
66.451172,-4.43115234375
66.453125,-5.23681640625
66.455078,-6.243896484375
66.457031,-7.2509765625
66.458984,-8.056640625
66.460938,-8.660888671875
66.462891,-9.063720703125
66.464844,3.021240234375
66.466797,3.22265625
66.46875,3.62548828125
66.470703,4.229736328125
66.472656,5.035400390625
66.474609,6.04248046875
66.476562,7.049560546875
66.478516,35.85205078125
66.480469,36.65771484375
66.482422,37.261962890625
66.484375,37.46337890625
66.486328,37.664794921875
66.488281,37.261962890625
66.490234,36.859130859375
66.492188,36.053466796875
66.494141,47.735595703125
66.496094,46.728515625
66.498047,45.9228515625
66.5,44.915771484375
66.501953,44.3115234375
66.503906,43.707275390625
66.505859,43.505859375
66.507812,43.505859375
66.509766,38.470458984375
66.511719,39.07470703125
66.513672,39.88037109375
66.515625,40.68603515625
66.517578,41.693115234375
66.519531,42.7001953125
66.521484,43.505859375
66.523438,44.110107421875
66.525391,18.12744140625
66.527344,18.328857421875
66.529297,18.12744140625
66.53125,17.724609375
66.533203,17.120361328125
66.535156,16.314697265625
66.537109,15.3076171875
66.539062,14.300537109375
66.541016,-9.869384765625
66.542969,-10.675048828125
66.544922,-11.077880859375
66.546875,-11.480712890625
66.548828,-11.480712890625
66.550781,-6.4453125
66.552734,-5.841064453125
66.554688,-5.23681640625
66.556641,-4.43115234375
66.558594,-3.424072265625
66.560547,-2.4169921875
66.5625,-1.611328125
66.564453,-0.8056640625
66.566406,-0.40283203125
66.568359,-0.201416015625
66.570312,-0.201416015625
66.572266,-0.40283203125
66.574219,23.565673828125
66.576172,22.760009765625
66.578125,21.954345703125
66.580078,20.947265625
66.582031,19.940185546875
66.583984,19.134521484375
66.585938,18.5302734375
66.587891,18.12744140625
66.589844,42.095947265625
66.591797,42.29736328125
66.59375,42.7001953125
66.595703,43.304443359375
66.597656,44.110107421875
66.599609,45.1171875
66.601562,46.124267578125
66.603516,45.318603515625
66.605469,45.9228515625
66.607422,46.527099609375
66.609375,46.929931640625
66.611328,46.929931640625
66.613281,46.728515625
66.615234,46.32568359375
66.617188,45.52001953125
66.619141,44.71435546875
66.621094,21.954345703125
66.623047,20.947265625
66.625,20.1416015625
66.626953,19.3359375
66.628906,18.93310546875
66.630859,18.731689453125
66.632812,18.731689453125
66.634766,19.134521484375
66.636719,19.537353515625
66.638672,20.343017578125
66.640625,21.35009765625
66.642578,22.357177734375
66.644531,23.162841796875
66.646484,23.968505859375
66.648438,0.201416015625
66.650391,-2.215576171875
66.652344,-2.01416015625
66.654297,-2.215576171875
66.65625,-2.618408203125
66.658203,-3.22265625
66.660156,-4.0283203125
66.662109,-5.035400390625
66.664062,-6.04248046875
66.666016,-6.84814453125
66.667969,-7.65380859375
66.669922,10.87646484375
66.671875,10.4736328125
66.673828,10.4736328125
66.675781,10.675048828125
66.677734,11.279296875
66.679688,11.883544921875
66.681641,12.890625
66.683594,40.887451171875
66.685547,41.89453125
66.6875,42.7001953125
66.689453,43.505859375
66.691406,43.90869140625
66.693359,44.110107421875
66.695312,44.110107421875
66.697266,43.90869140625
66.699219,43.304443359375
66.701172,47.5341796875
66.703125,46.728515625
66.705078,45.721435546875
66.707031,44.71435546875
66.708984,43.90869140625
66.710938,43.304443359375
66.712891,42.901611328125
66.714844,25.177001953125
66.716797,25.37841796875
66.71875,25.78125
66.720703,26.385498046875
66.722656,27.191162109375
66.724609,28.1982421875
66.726562,29.00390625
66.728516,30.010986328125
66.730469,30.816650390625
66.732422,6.04248046875
66.734375,6.4453125
66.736328,6.4453125
66.738281,6.243896484375
66.740234,5.841064453125
66.742188,5.035400390625
66.744141,4.229736328125
66.746094,-9.66796875
66.748047,-10.675048828125
66.75,-11.480712890625
66.751953,-12.286376953125
66.753906,-12.689208984375
66.755859,-12.890625
66.757812,-12.890625
66.759766,-12.48779296875
66.761719,-12.0849609375
66.763672,5.6396484375
66.765625,6.646728515625
66.767578,7.452392578125
66.769531,8.45947265625
66.771484,9.26513671875
66.773438,9.869384765625
66.775391,10.272216796875
66.777344,10.4736328125
66.779297,10.272216796875
66.78125,38.26904296875
66.783203,37.46337890625
66.785156,36.65771484375
66.787109,35.85205078125
66.789062,34.844970703125
66.791016,33.837890625
66.792969,33.0322265625
66.794922,47.93701171875
66.796875,47.5341796875
66.798828,47.5341796875
66.800781,47.735595703125
66.802734,48.33984375
66.804688,48.944091796875
66.806641,49.749755859375
66.808594,50.7568359375
66.810547,51.763916015625
66.8125,35.85205078125
66.814453,36.456298828125
66.816406,37.060546875
66.818359,37.261962890625
66.820312,37.261962890625
66.822266,36.859130859375
66.824219,36.2548828125
66.826172,35.44921875
66.828125,15.71044921875
66.830078,14.703369140625
66.832031,13.897705078125
66.833984,12.890625
66.835938,12.286376953125
66.837891,11.883544921875
66.839844,11.68212890625
66.841797,11.883544921875
66.84375,-11.883544921875
66.845703,-11.279296875
66.847656,-10.4736328125
66.849609,-9.466552734375
66.851562,-8.45947265625
66.853516,-7.65380859375
66.855469,-6.84814453125
66.857422,-6.243896484375
66.859375,-6.04248046875
66.861328,-5.841064453125
66.863281,-6.04248046875
66.865234,-6.646728515625
66.867188,-7.2509765625
66.869141,-8.258056640625
66.871094,21.35009765625
66.873047,20.343017578125
66.875,19.537353515625
66.876953,18.731689453125
66.878906,18.328857421875
66.880859,18.12744140625
66.882812,18.12744140625
66.884766,18.328857421875
66.886719,18.93310546875
66.888672,19.73876953125
66.890625,42.095947265625
66.892578,42.901611328125
66.894531,43.90869140625
66.896484,44.71435546875
66.898438,45.318603515625
66.900391,45.721435546875
66.902344,45.9228515625
66.904297,45.721435546875
66.90625,45.9228515625
66.908203,45.318603515625
66.910156,44.512939453125
66.912109,43.505859375
66.914062,42.498779296875
66.916016,41.693115234375
66.917969,40.887451171875
66.919922,19.134521484375
66.921875,18.731689453125
66.923828,18.731689453125
66.925781,18.93310546875
66.927734,19.3359375
66.929688,20.1416015625
66.931641,20.947265625
66.933594,21.954345703125
66.935547,22.96142578125
66.9375,-1.007080078125
66.939453,-0.40283203125
66.941406,-6.04248046875
66.943359,-5.841064453125
66.945312,-5.841064453125
66.947266,-6.243896484375
66.949219,-6.84814453125
66.951172,-7.65380859375
66.953125,-8.45947265625
66.955078,-9.466552734375
66.957031,-10.4736328125
66.958984,-11.279296875
66.960938,-11.883544921875
66.962891,-12.286376953125
66.964844,-12.48779296875
66.966797,-12.286376953125
66.96875,-11.883544921875
66.970703,-11.279296875
66.972656,-10.4736328125
66.974609,-9.466552734375
66.976562,-8.45947265625
66.978516,-7.65380859375
66.980469,-6.84814453125
66.982422,44.110107421875
66.984375,44.512939453125
66.986328,44.512939453125
66.988281,44.3115234375
66.990234,43.90869140625
66.992188,43.10302734375
66.994141,42.29736328125
66.996094,41.290283203125
66.998047,40.283203125
67.0,39.4775390625
67.001953,44.512939453125
67.003906,44.110107421875
67.005859,43.707275390625
67.007812,43.90869140625
67.009766,44.110107421875
67.011719,44.71435546875
67.013672,45.52001953125
67.015625,29.00390625
67.017578,30.010986328125
67.019531,30.816650390625
67.021484,31.622314453125
67.023438,32.427978515625
67.025391,32.830810546875
67.027344,32.830810546875
67.029297,32.830810546875
67.03125,6.243896484375
67.033203,5.6396484375
67.035156,4.833984375
67.037109,3.826904296875
67.039062,2.81982421875
67.041016,2.01416015625
67.042969,1.20849609375
67.044922,0.604248046875
67.046875,-12.890625
67.048828,-12.890625
67.050781,-12.689208984375
67.052734,-12.286376953125
67.054688,-11.480712890625
67.056641,-10.675048828125
67.058594,-9.66796875
67.060547,-8.660888671875
67.0625,-7.855224609375
67.064453,10.87646484375
67.066406,11.480712890625
67.068359,11.68212890625
67.070312,11.68212890625
67.072266,11.279296875
67.074219,10.675048828125
67.076172,9.869384765625
67.078125,9.063720703125
67.080078,8.056640625
67.082031,7.049560546875
67.083984,6.243896484375
67.085938,5.6396484375
67.087891,25.579833984375
67.089844,25.37841796875
67.091797,44.71435546875
67.09375,45.1171875
67.095703,45.721435546875
67.097656,46.527099609375
67.099609,47.5341796875
67.101562,48.541259765625
67.103516,49.346923828125
67.105469,50.152587890625
67.107422,50.7568359375
67.109375,51.15966796875
67.111328,39.07470703125
67.113281,38.671875
67.115234,38.26904296875
67.117188,37.46337890625
67.119141,36.65771484375
67.121094,35.650634765625
67.123047,34.844970703125
67.125,33.837890625
67.126953,33.233642578125
67.128906,4.229736328125
67.130859,4.0283203125
67.132812,4.0283203125
67.134766,4.43115234375
67.136719,-12.0849609375
67.138672,-11.279296875
67.140625,-10.272216796875
67.142578,-9.466552734375
67.144531,-8.45947265625
67.146484,-7.65380859375
67.148438,-7.049560546875
67.150391,-6.646728515625
67.152344,-6.4453125
67.154297,-6.646728515625
67.15625,-7.049560546875
67.158203,-7.65380859375
67.160156,4.229736328125
67.162109,3.22265625
67.164062,2.215576171875
67.166016,1.409912109375
67.167969,0.604248046875
67.169922,0.0
67.171875,-0.40283203125
67.173828,-0.40283203125
67.175781,24.774169921875
67.177734,25.177001953125
67.179688,25.982666015625
67.181641,26.788330078125
67.183594,27.79541015625
67.185547,28.60107421875
67.1875,29.608154296875
67.189453,30.21240234375
67.191406,30.816650390625
67.193359,31.01806640625
67.195312,31.01806640625
67.197266,30.615234375
67.199219,30.010986328125
67.201172,29.205322265625
67.203125,49.951171875
67.205078,48.944091796875
67.207031,39.88037109375
67.208984,39.07470703125
67.210938,38.470458984375
67.212891,38.067626953125
67.214844,37.8662109375
67.216797,38.067626953125
67.21875,38.470458984375
67.220703,39.07470703125
67.222656,13.897705078125
67.224609,14.90478515625
67.226562,15.71044921875
67.228516,16.717529296875
67.230469,17.523193359375
67.232422,18.12744140625
67.234375,18.328857421875
67.236328,18.5302734375
67.238281,18.12744140625
67.240234,-4.833984375
67.242188,-5.6396484375
67.244141,-6.4453125
67.246094,-7.452392578125
67.248047,-8.45947265625
67.25,-9.26513671875
67.251953,-10.07080078125
67.253906,-10.4736328125
67.255859,-7.65380859375
67.257812,-7.452392578125
67.259766,-7.2509765625
67.261719,-6.646728515625
67.263672,-5.841064453125
67.265625,-4.833984375
67.267578,-4.0283203125
67.269531,-3.021240234375
67.271484,23.3642578125
67.273438,23.968505859375
67.275391,24.57275390625
67.277344,24.57275390625
67.279297,24.57275390625
67.28125,23.968505859375
67.283203,23.3642578125
67.285156,22.55859375
67.287109,43.304443359375
67.289062,42.29736328125
67.291016,41.290283203125
67.292969,40.484619140625
67.294922,40.081787109375
67.296875,39.678955078125
67.298828,39.678955078125
67.300781,39.88037109375
67.302734,40.283203125
67.304688,44.512939453125
67.306641,45.318603515625
67.308594,46.32568359375
67.310547,47.332763671875
67.3125,48.138427734375
67.314453,48.944091796875
67.316406,49.346923828125
67.318359,25.37841796875
67.320312,25.177001953125
67.322266,24.9755859375
67.324219,24.371337890625
67.326172,23.565673828125
67.328125,22.760009765625
67.330078,21.7529296875
67.332031,-4.833984375
67.333984,-5.6396484375
67.335938,-6.4453125
67.337891,-6.84814453125
67.339844,-6.84814453125
67.341797,-6.84814453125
67.34375,-6.4453125
67.345703,-5.6396484375
67.347656,-4.833984375
67.349609,-6.646728515625
67.351562,-5.6396484375
67.353516,-4.632568359375
67.355469,-4.0283203125
67.357422,-3.424072265625
67.359375,-3.021240234375
67.361328,-3.021240234375
67.363281,-3.22265625
67.365234,17.120361328125
67.367188,16.314697265625
67.369141,15.509033203125
67.371094,14.501953125
67.373047,13.494873046875
67.375,12.689208984375
67.376953,12.0849609375
67.378906,11.480712890625
67.380859,38.26904296875
67.382812,38.26904296875
67.384766,38.671875
67.386719,39.276123046875
67.388672,40.081787109375
67.390625,40.887451171875
67.392578,41.89453125
67.394531,42.901611328125
67.396484,43.707275390625
67.398438,52.569580078125
67.400391,52.972412109375
67.402344,52.972412109375
67.404297,52.972412109375
67.40625,52.569580078125
67.408203,51.763916015625
67.410156,50.958251953125
67.412109,50.152587890625
67.414062,49.1455078125
67.416016,48.138427734375
67.417969,47.332763671875
67.419922,46.728515625
67.421875,46.527099609375
67.423828,46.527099609375
67.425781,46.728515625
67.427734,5.841064453125
67.429688,6.646728515625
67.431641,7.452392578125
67.433594,8.45947265625
67.435547,9.466552734375
67.4375,10.272216796875
67.439453,11.077880859375
67.441406,11.480712890625
67.443359,11.68212890625
67.445312,-3.826904296875
67.447266,-4.229736328125
67.449219,-4.632568359375
67.451172,-5.438232421875
67.453125,-6.4453125
67.455078,-7.452392578125
67.457031,-8.258056640625
67.458984,-9.063720703125
67.460938,-9.869384765625
67.462891,-2.81982421875
67.464844,-3.021240234375
67.466797,-2.81982421875
67.46875,-2.4169921875
67.470703,-1.812744140625
67.472656,-1.007080078125
67.474609,0.0
67.476562,1.007080078125
67.478516,29.40673828125
67.480469,30.21240234375
67.482422,30.816650390625
67.484375,31.01806640625
67.486328,31.01806640625
67.488281,30.816650390625
67.490234,30.413818359375
67.492188,50.958251953125
67.494141,50.152587890625
67.496094,49.1455078125
67.498047,48.33984375
67.5,47.332763671875
67.501953,46.728515625
67.503906,46.124267578125
67.505859,45.9228515625
67.507812,45.9228515625
67.509766,46.32568359375
67.511719,37.060546875
67.513672,37.8662109375
67.515625,38.873291015625
67.517578,39.678955078125
67.519531,40.68603515625
67.521484,41.49169921875
67.523438,42.29736328125
67.525391,42.7001953125
67.527344,18.328857421875
67.529297,18.328857421875
67.53125,17.926025390625
67.533203,17.120361328125
67.535156,16.314697265625
67.537109,15.509033203125
67.539062,14.501953125
67.541016,-7.452392578125
67.542969,-8.258056640625
67.544922,-8.8623046875
67.546875,-9.26513671875
67.548828,-9.26513671875
67.550781,-9.063720703125
67.552734,-8.45947265625
67.554688,-7.855224609375
67.556641,-6.84814453125
67.558594,-4.43115234375
67.560547,-3.424072265625
67.5625,-2.4169921875
67.564453,-1.812744140625
67.566406,-1.20849609375
67.568359,-1.007080078125
67.570312,-1.20849609375
67.572266,24.169921875
67.574219,23.565673828125
67.576172,22.760009765625
67.578125,21.954345703125
67.580078,20.947265625
67.582031,19.940185546875
67.583984,19.134521484375
67.585938,18.5302734375
67.587891,18.12744140625
67.589844,43.505859375
67.591797,43.707275390625
67.59375,44.110107421875
67.595703,44.71435546875
67.597656,45.52001953125
67.599609,46.527099609375
67.601562,47.332763671875
67.603516,48.33984375
67.605469,49.54833984375
67.607422,50.152587890625
67.609375,50.35400390625
67.611328,50.35400390625
67.613281,50.152587890625
67.615234,49.749755859375
67.617188,48.944091796875
67.619141,48.138427734375
67.621094,47.13134765625
67.623047,21.148681640625
67.625,20.343017578125
67.626953,19.537353515625
67.628906,19.134521484375
67.630859,18.93310546875
67.632812,18.93310546875
67.634766,19.3359375
67.636719,19.940185546875
67.638672,-6.243896484375
67.640625,-5.438232421875
67.642578,-4.43115234375
67.644531,-3.424072265625
67.646484,-2.618408203125
67.648438,-2.01416015625
67.650391,-1.611328125
67.652344,-1.409912109375
67.654297,-1.409912109375
67.65625,-1.812744140625
67.658203,-2.4169921875
67.660156,-3.22265625
67.662109,-4.229736328125
67.664062,-5.23681640625
67.666016,-6.04248046875
67.667969,-6.84814453125
67.669922,11.883544921875
67.671875,11.480712890625
67.673828,11.480712890625
67.675781,11.68212890625
67.677734,12.286376953125
67.679688,12.890625
67.681641,13.6962890625
67.683594,14.703369140625
67.685547,40.484619140625
67.6875,41.49169921875
67.689453,42.095947265625
67.691406,42.7001953125
67.693359,42.901611328125
67.695312,42.901611328125
67.697266,42.498779296875
67.699219,41.89453125
67.701172,41.0888671875
67.703125,50.152587890625
67.705078,49.1455078125
67.707031,48.138427734375
67.708984,47.332763671875
67.710938,46.728515625
67.712891,46.32568359375
67.714844,46.124267578125
67.716797,26.5869140625
67.71875,26.98974609375
67.720703,27.79541015625
67.722656,2.4169921875
67.724609,3.424072265625
67.726562,4.43115234375
67.728516,5.23681640625
67.730469,6.04248046875
67.732422,6.646728515625
67.734375,6.84814453125
67.736328,7.049560546875
67.738281,6.84814453125
67.740234,6.243896484375
67.742188,5.6396484375
67.744141,4.632568359375
67.746094,3.62548828125
67.748047,2.81982421875
67.75,-10.272216796875
67.751953,-11.077880859375
67.753906,-11.480712890625
67.755859,-11.68212890625
67.757812,-11.68212890625
67.759766,-11.480712890625
67.761719,-10.87646484375
67.763672,5.438232421875
67.765625,6.4453125
67.767578,7.452392578125
67.769531,8.258056640625
67.771484,9.26513671875
67.773438,9.869384765625
67.775391,10.272216796875
67.777344,10.4736328125
67.779297,37.261962890625
67.78125,36.859130859375
67.783203,36.2548828125
67.785156,35.44921875
67.787109,34.442138671875
67.789062,33.636474609375
67.791016,32.62939453125
67.792969,31.82373046875
67.794922,47.735595703125
67.796875,47.332763671875
67.798828,47.332763671875
67.800781,47.5341796875
67.802734,48.138427734375
67.804688,48.74267578125
67.806641,49.749755859375
67.808594,50.555419921875
67.810547,35.44921875
67.8125,36.2548828125
67.814453,36.859130859375
67.816406,37.46337890625
67.818359,37.664794921875
67.820312,37.664794921875
67.822266,37.261962890625
67.824219,36.65771484375
67.826172,36.053466796875
67.828125,9.063720703125
67.830078,8.056640625
67.832031,7.049560546875
67.833984,6.243896484375
67.835938,5.6396484375
67.837891,5.23681640625
67.839844,5.035400390625
67.841797,5.23681640625
67.84375,-9.66796875
67.845703,-9.063720703125
67.847656,-8.258056640625
67.849609,-7.2509765625
67.851562,-6.4453125
67.853516,-5.438232421875
67.855469,-4.632568359375
67.857422,-4.0283203125
67.859375,-1.409912109375
67.861328,-1.409912109375
67.863281,-1.611328125
67.865234,-2.215576171875
67.867188,-2.81982421875
67.869141,-3.826904296875
67.871094,-4.632568359375
67.873047,20.343017578125
67.875,19.3359375
67.876953,18.731689453125
67.878906,18.12744140625
67.880859,17.926025390625
67.882812,17.926025390625
67.884766,18.328857421875
67.886719,18.93310546875
67.888672,19.73876953125
67.890625,44.915771484375
67.892578,45.9228515625
67.894531,46.929931640625
67.896484,47.735595703125
67.898438,48.33984375
67.900391,48.74267578125
67.902344,48.944091796875
67.904297,48.74267578125
67.90625,49.1455078125
67.908203,48.541259765625
67.910156,47.735595703125
67.912109,46.728515625
67.914062,45.9228515625
67.916016,44.915771484375
67.917969,19.537353515625
67.919922,19.134521484375
67.921875,18.731689453125
67.923828,18.731689453125
67.925781,18.93310546875
67.927734,19.3359375
67.929688,20.1416015625
67.931641,20.947265625
67.933594,21.954345703125
67.935547,22.96142578125
67.9375,-2.4169921875
67.939453,-1.611328125
67.941406,-1.20849609375
67.943359,-0.8056640625
67.945312,-1.007080078125
67.947266,-1.20849609375
67.949219,-1.812744140625
67.951172,-2.618408203125
67.953125,-3.62548828125
67.955078,-4.43115234375
67.957031,-5.438232421875
67.958984,-6.243896484375
67.960938,-8.8623046875
67.962891,-9.26513671875
67.964844,-9.466552734375
67.966797,-9.26513671875
67.96875,11.077880859375
67.970703,11.883544921875
67.972656,12.689208984375
67.974609,13.494873046875
67.976562,14.501953125
67.978516,15.509033203125
67.980469,16.314697265625
67.982422,16.717529296875
67.984375,17.120361328125
67.986328,42.901611328125
67.988281,42.7001953125
67.990234,42.095947265625
67.992188,41.49169921875
67.994141,40.484619140625
67.996094,39.4775390625
67.998047,38.671875
68.0,37.664794921875
68.001953,44.512939453125
68.003906,43.90869140625
68.005859,43.707275390625
68.007812,43.707275390625
68.009766,44.110107421875
68.011719,44.71435546875
68.013672,45.318603515625
68.015625,46.32568359375
68.017578,29.00390625
68.019531,29.8095703125
68.021484,30.816650390625
68.023438,31.4208984375
68.025391,31.82373046875
68.027344,32.025146484375
68.029297,31.82373046875
68.03125,5.438232421875
68.033203,4.833984375
68.035156,4.0283203125
68.037109,3.021240234375
68.039062,2.215576171875
68.041016,1.20849609375
68.042969,0.40283203125
68.044922,-0.201416015625
68.046875,-0.40283203125
68.048828,-11.883544921875
68.050781,-11.68212890625
68.052734,-11.279296875
68.054688,-10.4736328125
68.056641,-9.66796875
68.058594,-8.660888671875
68.060547,-7.65380859375
68.0625,-6.84814453125
68.064453,-6.04248046875
68.066406,-5.6396484375
68.068359,-5.438232421875
68.070312,-5.438232421875
68.072266,-5.841064453125
68.074219,2.81982421875
68.076172,2.215576171875
68.078125,28.1982421875
68.080078,27.191162109375
68.082031,26.385498046875
68.083984,25.579833984375
68.085938,24.774169921875
68.087891,24.371337890625
68.089844,24.371337890625
68.091797,24.371337890625
68.09375,24.774169921875
68.095703,46.527099609375
68.097656,47.332763671875
68.099609,48.138427734375
68.101562,49.1455078125
68.103516,50.152587890625
68.105469,50.958251953125
68.107422,51.361083984375
68.109375,51.763916015625
68.111328,44.512939453125
68.113281,17.724609375
68.115234,17.120361328125
68.117188,16.51611328125
68.119141,15.71044921875
68.121094,14.703369140625
68.123047,13.6962890625
68.125,12.890625
68.126953,12.0849609375
68.128906,11.68212890625
68.130859,11.480712890625
68.132812,11.480712890625
68.134766,11.68212890625
68.136719,12.286376953125
68.138672,13.092041015625
68.140625,14.09912109375
68.142578,14.90478515625
68.144531,-4.229736328125
68.146484,-3.424072265625
68.148438,-2.81982421875
68.150391,-2.4169921875
68.152344,-2.215576171875
68.154297,-2.4169921875
68.15625,-2.81982421875
68.158203,-3.22265625
68.160156,-4.0283203125
68.162109,-5.035400390625
68.164062,-6.04248046875
68.166016,-6.84814453125
68.167969,-7.65380859375
68.169922,-8.258056640625
68.171875,-8.660888671875
68.173828,-8.660888671875
68.175781,-8.45947265625
68.177734,-7.855224609375
68.179688,-7.2509765625
68.181641,-6.243896484375
68.183594,-5.438232421875
68.185547,-4.43115234375
68.1875,46.32568359375
68.189453,46.929931640625
68.191406,47.5341796875
68.193359,47.735595703125
68.195312,47.735595703125
68.197266,47.332763671875
68.199219,46.728515625
68.201172,45.9228515625
68.203125,45.1171875
68.205078,44.110107421875
68.207031,44.110107421875
68.208984,43.304443359375
68.210938,42.7001953125
68.212891,42.29736328125
68.214844,42.095947265625
68.216797,42.29736328125
68.21875,42.7001953125
68.220703,43.304443359375
68.222656,20.745849609375
68.224609,21.7529296875
68.226562,22.760009765625
68.228516,23.565673828125
68.230469,24.371337890625
68.232422,24.9755859375
68.234375,25.177001953125
68.236328,25.37841796875
68.238281,0.201416015625
68.240234,-0.201416015625
68.242188,-1.007080078125
68.244141,-1.812744140625
68.246094,-2.81982421875
68.248047,-3.826904296875
68.25,-4.632568359375
68.251953,-11.480712890625
68.253906,-12.0849609375
68.255859,-12.286376953125
68.257812,-12.286376953125
68.259766,-11.883544921875
68.261719,-11.279296875
68.263672,-10.4736328125
68.265625,-9.66796875
68.267578,-8.660888671875
68.269531,15.106201171875
68.271484,15.911865234375
68.273438,16.51611328125
68.275391,16.9189453125
68.277344,17.120361328125
68.279297,16.9189453125
68.28125,16.51611328125
68.283203,15.911865234375
68.285156,15.106201171875
68.287109,14.09912109375
68.289062,38.26904296875
68.291016,37.46337890625
68.292969,36.65771484375
68.294922,36.053466796875
68.296875,35.85205078125
68.298828,35.650634765625
68.300781,35.85205078125
68.302734,36.456298828125
68.304688,37.060546875
68.306641,38.067626953125
68.308594,46.929931640625
68.310547,47.735595703125
68.3125,48.74267578125
68.314453,49.346923828125
68.316406,31.622314453125
68.318359,31.82373046875
68.320312,31.82373046875
68.322266,31.4208984375
68.324219,30.816650390625
68.326172,30.21240234375
68.328125,29.205322265625
68.330078,28.1982421875
68.332031,27.392578125
68.333984,0.40283203125
68.335938,-0.201416015625
68.337891,-0.604248046875
68.339844,-0.8056640625
68.341797,-0.604248046875
68.34375,-0.201416015625
68.345703,0.40283203125
68.347656,1.20849609375
68.349609,-5.6396484375
68.351562,-10.272216796875
68.353516,-9.26513671875
68.355469,-8.45947265625
68.357422,-7.855224609375
68.359375,-7.65380859375
68.361328,-7.452392578125
68.363281,-7.855224609375
68.365234,1.20849609375
68.367188,9.869384765625
68.369141,9.063720703125
68.371094,8.056640625
68.373047,7.049560546875
68.375,6.243896484375
68.376953,5.438232421875
68.378906,5.035400390625
68.380859,32.025146484375
68.382812,32.025146484375
68.384766,32.427978515625
68.386719,33.0322265625
68.388672,33.636474609375
68.390625,34.6435546875
68.392578,35.650634765625
68.394531,36.456298828125
68.396484,37.46337890625
68.398438,38.067626953125
68.400391,49.951171875
68.402344,50.152587890625
68.404297,49.951171875
68.40625,49.54833984375
68.408203,48.944091796875
68.410156,48.138427734375
68.412109,34.442138671875
68.414062,33.43505859375
68.416016,32.427978515625
68.417969,31.622314453125
68.419922,31.219482421875
68.421875,30.816650390625
68.423828,30.816650390625
68.425781,31.01806640625
68.427734,31.4208984375
68.429688,6.4453125
68.431641,7.2509765625
68.433594,8.258056640625
68.435547,9.063720703125
68.4375,10.07080078125
68.439453,10.675048828125
68.441406,11.279296875
68.443359,-2.81982421875
68.445312,-2.81982421875
68.447266,-3.22265625
68.449219,-3.826904296875
68.451172,-4.632568359375
68.453125,-5.438232421875
68.455078,-6.4453125
68.457031,-7.452392578125
68.458984,-0.40283203125
68.460938,-1.20849609375
68.462891,-1.611328125
68.464844,-1.611328125
68.466797,-1.611328125
68.46875,-1.20849609375
68.470703,-0.40283203125
68.472656,0.40283203125
68.474609,1.20849609375
68.476562,28.399658203125
68.478516,29.205322265625
68.480469,30.010986328125
68.482422,30.615234375
68.484375,30.816650390625
68.486328,31.01806640625
68.488281,30.816650390625
68.490234,30.21240234375
68.492188,51.15966796875
68.494141,50.35400390625
68.496094,49.346923828125
68.498047,48.33984375
68.5,47.5341796875
68.501953,46.728515625
68.503906,38.067626953125
68.505859,37.8662109375
68.507812,37.8662109375
68.509766,38.26904296875
68.511719,38.671875
68.513672,39.4775390625
68.515625,40.484619140625
68.517578,41.49169921875
68.519531,42.29736328125
68.521484,43.10302734375
68.523438,17.724609375
68.525391,18.12744140625
68.527344,18.328857421875
68.529297,18.12744140625
68.53125,17.724609375
68.533203,17.120361328125
68.535156,16.314697265625
68.537109,-5.6396484375
68.539062,-6.646728515625
68.541016,-7.452392578125
68.542969,-8.258056640625
68.544922,-8.8623046875
68.546875,-9.26513671875
68.548828,-9.26513671875
68.550781,-9.063720703125
68.552734,-8.45947265625
68.554688,-7.855224609375
68.556641,-2.618408203125
68.558594,-1.812744140625
68.560547,-0.8056640625
68.5625,0.201416015625
68.564453,0.8056640625
68.566406,1.409912109375
68.568359,1.611328125
68.570312,1.409912109375
68.572266,24.371337890625
68.574219,23.76708984375
68.576172,22.96142578125
68.578125,21.954345703125
68.580078,21.148681640625
68.582031,20.1416015625
68.583984,19.3359375
68.585938,35.85205078125
68.587891,35.44921875
68.589844,35.247802734375
68.591797,35.44921875
68.59375,35.85205078125
68.595703,36.456298828125
68.597656,37.261962890625
68.599609,38.26904296875
68.601562,39.276123046875
68.603516,47.735595703125
68.605469,48.541259765625
68.607422,49.1455078125
68.609375,49.346923828125
68.611328,49.54833984375
68.613281,49.346923828125
68.615234,48.74267578125
68.617188,48.138427734375
68.619141,47.13134765625
68.621094,46.124267578125
68.623047,45.318603515625
68.625,44.3115234375
68.626953,43.707275390625
68.628906,43.10302734375
68.630859,0.0
68.632812,0.201416015625
68.634766,0.40283203125
68.636719,1.007080078125
68.638672,1.812744140625
68.640625,2.618408203125
68.642578,3.62548828125
68.644531,4.632568359375
68.646484,5.438232421875
68.648438,6.04248046875
68.650391,-4.229736328125
68.652344,-4.0283203125
68.654297,-4.229736328125
68.65625,-4.632568359375
68.658203,-5.23681640625
68.660156,-6.04248046875
68.662109,-7.049560546875
68.664062,-8.056640625
68.666016,4.833984375
68.667969,4.0283203125
68.669922,3.424072265625
68.671875,3.021240234375
68.673828,3.021240234375
68.675781,3.22265625
68.677734,3.826904296875
68.679688,4.43115234375
68.681641,5.438232421875
68.683594,34.24072265625
68.685547,35.247802734375
68.6875,36.2548828125
68.689453,36.859130859375
68.691406,37.46337890625
68.693359,37.664794921875
68.695312,37.46337890625
68.697266,48.944091796875
68.699219,36.65771484375
68.701172,35.85205078125
68.703125,34.844970703125
68.705078,33.837890625
68.707031,33.0322265625
68.708984,32.2265625
68.710938,31.4208984375
68.712891,31.01806640625
68.714844,31.01806640625
68.716797,31.01806640625
68.71875,31.4208984375
68.720703,32.2265625
68.722656,33.0322265625
68.724609,33.837890625
68.726562,34.844970703125
68.728516,35.85205078125
68.730469,36.65771484375
68.732422,37.060546875
68.734375,37.46337890625
68.736328,37.46337890625
68.738281,37.261962890625
68.740234,-3.62548828125
68.742188,-5.438232421875
68.744141,-6.243896484375
68.746094,-7.2509765625
68.748047,-8.258056640625
68.75,-9.063720703125
68.751953,-9.66796875
68.753906,-10.272216796875
68.755859,-10.4736328125
68.757812,-10.4736328125
68.759766,-10.07080078125
68.761719,-0.201416015625
68.763672,0.40283203125
68.765625,1.409912109375
68.767578,2.4169921875
68.769531,3.22265625
68.771484,4.229736328125
68.773438,4.833984375
68.775391,5.23681640625
68.777344,30.816650390625
68.779297,30.816650390625
68.78125,30.21240234375
68.783203,29.608154296875
68.785156,28.802490234375
68.787109,27.79541015625
68.789062,26.98974609375
68.791016,47.332763671875
68.792969,46.728515625
68.794922,46.124267578125
68.796875,45.721435546875
68.798828,45.721435546875
68.800781,45.9228515625
68.802734,46.32568359375
68.804688,47.13134765625
68.806641,47.93701171875
68.808594,38.873291015625
68.810547,39.88037109375
68.8125,40.68603515625
68.814453,41.49169921875
68.816406,41.89453125
68.818359,42.095947265625
68.820312,42.095947265625
68.822266,41.693115234375
68.824219,17.120361328125
68.826172,16.314697265625
68.828125,15.509033203125
68.830078,14.501953125
68.832031,13.494873046875
68.833984,12.689208984375
68.835938,12.0849609375
68.837891,11.68212890625
68.839844,-12.0849609375
68.841797,-11.883544921875
68.84375,-11.480712890625
68.845703,-10.87646484375
68.847656,-10.07080078125
68.849609,-9.063720703125
68.851562,-8.056640625
68.853516,-7.2509765625
68.855469,-3.021240234375
68.857422,-2.4169921875
68.859375,-2.215576171875
68.861328,-2.215576171875
68.863281,-2.4169921875
68.865234,-2.81982421875
68.867188,-3.62548828125
68.869141,-4.43115234375
68.871094,21.35009765625
68.873047,20.54443359375
68.875,19.537353515625
68.876953,18.93310546875
68.878906,18.328857421875
68.880859,18.12744140625
68.882812,18.12744140625
68.884766,18.5302734375
68.886719,19.134521484375
68.888672,43.505859375
68.890625,44.3115234375
68.892578,45.318603515625
68.894531,44.915771484375
68.896484,45.9228515625
68.898438,46.527099609375
68.900391,46.929931640625
68.902344,47.13134765625
68.904297,46.929931640625
68.90625,46.527099609375
68.908203,45.9228515625
68.910156,44.915771484375
68.912109,44.110107421875
68.914062,43.10302734375
68.916016,42.095947265625
68.917969,41.49169921875
68.919922,19.3359375
68.921875,18.93310546875
68.923828,18.93310546875
68.925781,19.134521484375
68.927734,19.537353515625
68.929688,20.343017578125
68.931641,21.148681640625
68.933594,22.15576171875
68.935547,23.162841796875
68.9375,23.968505859375
68.939453,24.774169921875
68.941406,25.177001953125
68.943359,25.37841796875
68.945312,-1.812744140625
68.947266,-2.01416015625
68.949219,-1.812744140625
68.951172,-2.618408203125
68.953125,-3.424072265625
68.955078,-4.43115234375
68.957031,-5.438232421875
68.958984,-6.243896484375
68.960938,-6.84814453125
68.962891,-7.2509765625
68.964844,-7.452392578125
68.966797,-7.2509765625
68.96875,11.883544921875
68.970703,12.48779296875
68.972656,13.29345703125
68.974609,14.300537109375
68.976562,15.3076171875
68.978516,16.11328125
68.980469,16.9189453125
68.982422,17.523193359375
68.984375,44.110107421875
68.986328,44.110107421875
68.988281,43.90869140625
68.990234,43.304443359375
68.992188,42.7001953125
68.994141,41.693115234375
68.996094,40.887451171875
68.998047,39.88037109375
69.0,43.90869140625
69.001953,43.304443359375
69.003906,42.7001953125
69.005859,42.498779296875
69.007812,42.7001953125
69.009766,42.901611328125
69.011719,43.505859375
69.013672,44.3115234375
69.015625,28.60107421875
69.017578,29.608154296875
69.019531,30.615234375
69.021484,31.4208984375
69.023438,32.025146484375
69.025391,32.427978515625
69.027344,32.62939453125
69.029297,32.427978515625
69.03125,4.632568359375
69.033203,4.0283203125
69.035156,3.22265625
69.037109,2.215576171875
69.039062,1.409912109375
69.041016,0.40283203125
69.042969,-0.40283203125
69.044922,-1.007080078125
69.046875,-1.20849609375
69.048828,-1.20849609375
69.050781,-1.007080078125
69.052734,-9.466552734375
69.054688,-8.660888671875
69.056641,-7.855224609375
69.058594,-6.84814453125
69.060547,-5.841064453125
69.0625,4.0283203125
69.064453,4.833984375
69.066406,5.23681640625
69.068359,5.438232421875
69.070312,5.438232421875
69.072266,5.035400390625
69.074219,4.632568359375
69.076172,3.826904296875
69.078125,2.81982421875
69.080078,27.593994140625
69.082031,26.788330078125
69.083984,25.78125
69.085938,25.177001953125
69.087891,24.774169921875
69.089844,42.095947265625
69.091797,42.29736328125
69.09375,42.7001953125
69.095703,43.304443359375
69.097656,44.110107421875
69.099609,45.1171875
69.101562,46.124267578125
69.103516,46.929931640625
69.105469,47.735595703125
69.107422,48.33984375
69.109375,48.541259765625
69.111328,42.7001953125
69.113281,42.498779296875
69.115234,41.89453125
69.117188,41.290283203125
69.119141,40.283203125
69.121094,39.276123046875
69.123047,38.470458984375
69.125,37.46337890625
69.126953,12.48779296875
69.128906,11.883544921875
69.130859,11.68212890625
69.132812,11.68212890625
69.134766,12.0849609375
69.136719,12.689208984375
69.138672,13.29345703125
69.140625,14.300537109375
69.142578,-5.6396484375
69.144531,-4.632568359375
69.146484,-3.826904296875
69.148438,-3.22265625
69.150391,-2.81982421875
69.152344,-2.618408203125
69.154297,-2.81982421875
69.15625,-3.22265625
69.158203,-3.826904296875
69.160156,-4.632568359375
69.162109,-5.6396484375
69.164062,-6.646728515625
69.166016,-7.452392578125
69.167969,-8.258056640625
69.169922,18.5302734375
69.171875,18.12744140625
69.173828,18.12744140625
69.175781,18.328857421875
69.177734,18.731689453125
69.179688,19.537353515625
69.181641,20.343017578125
69.183594,21.35009765625
69.185547,22.357177734375
69.1875,23.162841796875
69.189453,46.124267578125
69.191406,46.527099609375
69.193359,46.728515625
69.195312,46.728515625
69.197266,46.527099609375
69.199219,45.9228515625
69.201172,45.1171875
69.203125,44.110107421875
69.205078,43.304443359375
69.207031,43.90869140625
69.208984,43.10302734375
69.210938,42.498779296875
69.212891,42.095947265625
69.214844,41.89453125
69.216797,42.095947265625
69.21875,42.498779296875
69.220703,19.73876953125
69.222656,20.745849609375
69.224609,21.551513671875
69.226562,22.55859375
69.228516,23.565673828125
69.230469,24.169921875
69.232422,24.774169921875
69.234375,25.177001953125
69.236328,25.177001953125
69.238281,0.8056640625
69.240234,0.40283203125
69.242188,-0.40283203125
69.244141,-1.20849609375
69.246094,-2.215576171875
69.248047,-3.22265625
69.25,-4.0283203125
69.251953,-6.4453125
69.253906,-7.049560546875
69.255859,-7.2509765625
69.257812,-7.2509765625
69.259766,-6.84814453125
69.261719,-6.243896484375
69.263672,-5.438232421875
69.265625,-4.632568359375
69.267578,-3.62548828125
69.269531,-2.618408203125
69.271484,-1.812744140625
69.273438,16.717529296875
69.275391,17.120361328125
69.277344,17.32177734375
69.279297,17.120361328125
69.28125,16.717529296875
69.283203,40.484619140625
69.285156,51.15966796875
69.287109,50.35400390625
69.289062,49.346923828125
69.291016,48.541259765625
69.292969,47.735595703125
69.294922,47.13134765625
69.296875,46.728515625
69.298828,46.728515625
69.300781,46.929931640625
69.302734,47.5341796875
69.304688,48.138427734375
69.306641,48.944091796875
69.308594,49.951171875
69.310547,50.958251953125
69.3125,51.763916015625
69.314453,52.569580078125
69.316406,32.62939453125
69.318359,33.0322265625
69.320312,32.830810546875
69.322266,32.62939453125
69.324219,32.025146484375
69.326172,31.219482421875
69.328125,30.413818359375
69.330078,29.40673828125
69.332031,0.40283203125
69.333984,-0.40283203125
69.335938,-1.20849609375
69.337891,-1.611328125
69.339844,-1.611328125
69.341797,-1.611328125
69.34375,-1.20849609375
69.345703,-0.40283203125
69.347656,-10.4736328125
69.349609,-9.466552734375
69.351562,-8.45947265625
69.353516,-7.65380859375
69.355469,-6.84814453125
69.357422,-6.243896484375
69.359375,-5.841064453125
69.361328,-5.841064453125
69.363281,-6.04248046875
69.365234,9.869384765625
69.367188,9.26513671875
69.369141,8.258056640625
69.371094,7.452392578125
69.373047,6.4453125
69.375,5.438232421875
69.376953,4.833984375
69.378906,4.229736328125
69.380859,4.0283203125
69.382812,4.0283203125
69.384766,32.025146484375
69.386719,32.427978515625
69.388672,33.233642578125
69.390625,34.24072265625
69.392578,35.247802734375
69.394531,36.053466796875
69.396484,36.859130859375
69.398438,37.664794921875
69.400391,51.763916015625
69.402344,51.763916015625
69.404297,51.763916015625
69.40625,51.361083984375
69.408203,50.555419921875
69.410156,36.65771484375
69.412109,35.650634765625
69.414062,34.6435546875
69.416016,33.837890625
69.417969,33.0322265625
69.419922,32.427978515625
69.421875,32.025146484375
69.423828,32.025146484375
69.425781,32.2265625
69.427734,32.830810546875
69.429688,7.2509765625
69.431641,8.056640625
69.433594,9.063720703125
69.435547,10.07080078125
69.4375,10.87646484375
69.439453,11.68212890625
69.441406,12.0849609375
69.443359,-4.833984375
69.445312,-4.833984375
69.447266,-5.23681640625
69.449219,-5.841064453125
69.451172,-6.646728515625
69.453125,-7.452392578125
69.455078,-8.45947265625
69.457031,-0.201416015625
69.458984,-1.20849609375
69.460938,-1.812744140625
69.462891,-2.215576171875
69.464844,-2.4169921875
69.466797,-2.215576171875
69.46875,-1.812744140625
69.470703,-1.20849609375
69.472656,-0.201416015625
69.474609,21.148681640625
69.476562,21.954345703125
69.478516,22.96142578125
69.480469,44.915771484375
69.482422,45.318603515625
69.484375,45.721435546875
69.486328,45.721435546875
69.488281,45.52001953125
69.490234,45.1171875
69.492188,44.3115234375
69.494141,43.505859375
69.496094,42.498779296875
69.498047,41.49169921875
69.5,40.68603515625
69.501953,39.88037109375
69.503906,39.4775390625
69.505859,39.276123046875
69.507812,39.276123046875
69.509766,40.68603515625
69.511719,41.290283203125
69.513672,42.095947265625
69.515625,42.901611328125
69.517578,43.90869140625
69.519531,44.915771484375
69.521484,23.968505859375
69.523438,24.774169921875
69.525391,25.177001953125
69.527344,25.177001953125
69.529297,25.177001953125
69.53125,24.774169921875
69.533203,23.968505859375
69.535156,23.162841796875
69.537109,22.357177734375
69.539062,-1.812744140625
69.541016,-2.81982421875
69.542969,-3.424072265625
69.544922,-4.0283203125
69.546875,-4.43115234375
69.548828,-4.43115234375
69.550781,-4.229736328125
69.552734,-3.62548828125
69.554688,-7.855224609375
69.556641,-7.049560546875
69.558594,-6.04248046875
69.560547,-5.035400390625
69.5625,-4.229736328125
69.564453,-3.424072265625
69.566406,-3.021240234375
69.568359,-2.618408203125
69.570312,17.120361328125
69.572266,16.717529296875
69.574219,16.11328125
69.576172,15.3076171875
69.578125,14.501953125
69.580078,13.494873046875
69.582031,12.48779296875
69.583984,11.68212890625
69.585938,36.053466796875
69.587891,35.650634765625
69.589844,35.44921875
69.591797,35.650634765625
69.59375,36.053466796875
69.595703,36.65771484375
69.597656,37.46337890625
69.599609,38.470458984375
69.601562,39.4775390625
69.603516,40.283203125
69.605469,41.0888671875
69.607422,41.693115234375
69.609375,52.3681640625
69.611328,52.3681640625
69.613281,52.166748046875
69.615234,31.4208984375
69.617188,30.615234375
69.619141,29.8095703125
69.621094,28.802490234375
69.623047,27.996826171875
69.625,26.98974609375
69.626953,26.385498046875
69.628906,25.78125
69.630859,25.579833984375
69.632812,25.579833984375
69.634766,-0.604248046875
69.636719,0.0
69.638672,0.8056640625
69.640625,1.812744140625
69.642578,2.618408203125
69.644531,3.62548828125
69.646484,4.43115234375
69.648438,-3.62548828125
69.650391,-3.22265625
69.652344,-3.021240234375
69.654297,-3.22265625
69.65625,-3.62548828125
69.658203,-4.229736328125
69.660156,-5.035400390625
69.662109,-6.04248046875
69.664062,-7.049560546875
69.666016,6.4453125
69.667969,5.6396484375
69.669922,5.035400390625
69.671875,4.833984375
69.673828,4.632568359375
69.675781,30.816650390625
69.677734,31.4208984375
69.679688,32.025146484375
69.681641,32.830810546875
69.683594,33.837890625
69.685547,34.844970703125
69.6875,35.650634765625
69.689453,36.456298828125
69.691406,36.859130859375
69.693359,37.261962890625
69.695312,37.060546875
69.697266,36.859130859375
69.699219,49.749755859375
69.701172,48.944091796875
69.703125,47.93701171875
69.705078,47.13134765625
69.707031,46.124267578125
69.708984,45.318603515625
69.710938,44.71435546875
69.712891,44.110107421875
69.714844,31.622314453125
69.716797,31.622314453125
69.71875,32.025146484375
69.720703,32.830810546875
69.722656,33.636474609375
69.724609,34.442138671875
69.726562,35.44921875
69.728516,10.272216796875
69.730469,11.077880859375
69.732422,11.68212890625
69.734375,12.0849609375
69.736328,12.0849609375
69.738281,11.883544921875
69.740234,11.279296875
69.742188,10.675048828125
69.744141,-2.81982421875
69.746094,-3.826904296875
69.748047,-4.632568359375
69.75,-5.6396484375
69.751953,-6.243896484375
69.753906,-6.84814453125
69.755859,-7.049560546875
69.757812,-7.049560546875
69.759766,-4.833984375
69.761719,-4.229736328125
69.763672,-3.424072265625
69.765625,-2.618408203125
69.767578,-1.611328125
69.769531,-0.604248046875
69.771484,0.201416015625
69.773438,0.8056640625
69.775391,24.371337890625
69.777344,24.57275390625
69.779297,24.371337890625
69.78125,23.968505859375
69.783203,23.3642578125
69.785156,22.55859375
69.787109,21.551513671875
69.789062,20.54443359375
69.791016,40.484619140625
69.792969,39.88037109375
69.794922,39.276123046875
69.796875,38.873291015625
69.798828,38.873291015625
69.800781,39.07470703125
69.802734,39.4775390625
69.804688,40.283203125
69.806641,44.110107421875
69.808594,45.1171875
69.810547,45.9228515625
69.8125,46.929931640625
69.814453,47.5341796875
69.816406,48.138427734375
69.818359,48.33984375
69.820312,48.33984375
69.822266,47.93701171875
69.824219,47.332763671875
69.826172,46.527099609375
69.828125,45.721435546875
69.830078,44.71435546875
69.832031,20.54443359375
69.833984,19.73876953125
69.835938,19.134521484375
69.837891,18.731689453125
69.839844,-7.855224609375
69.841797,-7.855224609375
69.84375,-7.452392578125
69.845703,-6.646728515625
69.847656,-5.841064453125
69.849609,-5.035400390625
69.851562,-4.0283203125
69.853516,-2.81982421875
69.855469,-2.01416015625
69.857422,-1.409912109375
69.859375,-1.20849609375
69.861328,-1.007080078125
69.863281,-1.409912109375
69.865234,-1.812744140625
69.867188,-2.618408203125
69.869141,-3.424072265625
69.871094,13.6962890625
69.873047,12.689208984375
69.875,11.883544921875
69.876953,11.077880859375
69.878906,10.675048828125
69.880859,10.4736328125
69.882812,10.4736328125
69.884766,10.87646484375
69.886719,11.480712890625
69.888672,40.283203125
69.890625,41.0888671875
69.892578,42.095947265625
69.894531,43.10302734375
69.896484,43.90869140625
69.898438,44.512939453125
69.900391,52.569580078125
69.902344,52.77099609375
69.904297,52.569580078125
69.90625,52.166748046875
69.908203,51.5625
69.910156,50.7568359375
69.912109,49.749755859375
69.914062,48.74267578125
69.916016,47.93701171875
69.917969,47.13134765625
69.919922,26.5869140625
69.921875,26.385498046875
69.923828,26.385498046875
69.925781,26.5869140625
69.927734,26.98974609375
69.929688,27.79541015625
69.931641,28.60107421875
69.933594,29.608154296875
69.935547,30.615234375
69.9375,31.4208984375
69.939453,32.025146484375
69.941406,32.62939453125
69.943359,32.830810546875
69.945312,32.830810546875
69.947266,-4.0283203125
69.949219,-4.632568359375
69.951172,-5.438232421875
69.953125,-6.4453125
69.955078,-7.452392578125
69.957031,-8.258056640625
69.958984,-9.063720703125
69.960938,-9.869384765625
69.962891,-10.272216796875
69.964844,-10.272216796875
69.966797,3.826904296875
69.96875,4.229736328125
69.970703,4.833984375
69.972656,5.6396484375
69.974609,6.646728515625
69.976562,7.65380859375
69.978516,8.45947265625
69.980469,9.26513671875
69.982422,36.456298828125
69.984375,36.859130859375
69.986328,36.859130859375
69.988281,36.65771484375
69.990234,36.2548828125
69.992188,35.44921875
69.994141,34.6435546875
69.996094,33.636474609375
69.998047,46.929931640625
70.0,45.9228515625
70.001953,45.318603515625
70.003906,44.71435546875
70.005859,44.512939453125
70.007812,44.512939453125
70.009766,44.915771484375
70.011719,45.52001953125
70.013672,32.427978515625
70.015625,33.233642578125
70.017578,34.24072265625
70.019531,35.247802734375
70.021484,36.053466796875
70.023438,36.65771484375
70.025391,37.060546875
70.027344,37.261962890625
70.029297,37.060546875
70.03125,11.68212890625
70.033203,11.077880859375
70.035156,10.272216796875
70.037109,9.26513671875
70.039062,8.258056640625
70.041016,7.452392578125
70.042969,6.646728515625
70.044922,6.04248046875
70.046875,5.841064453125
70.048828,5.6396484375
70.050781,6.04248046875
70.052734,6.4453125
70.054688,7.2509765625
70.056641,8.056640625
70.058594,0.40283203125
70.060547,1.409912109375
70.0625,2.215576171875
70.064453,3.021240234375
70.066406,31.622314453125
70.068359,31.82373046875
70.070312,31.82373046875
70.072266,31.4208984375
70.074219,30.816650390625
70.076172,30.010986328125
70.078125,29.205322265625
70.080078,28.1982421875
70.082031,27.191162109375
70.083984,26.385498046875
70.085938,25.78125
70.087891,25.37841796875
70.089844,25.177001953125
70.091797,25.37841796875
70.09375,45.9228515625
70.095703,46.527099609375
70.097656,47.332763671875
70.099609,48.33984375
70.101562,49.346923828125
70.103516,50.152587890625
70.105469,50.958251953125
70.107422,41.693115234375
70.109375,42.095947265625
70.111328,42.095947265625
70.113281,41.89453125
70.115234,41.290283203125
70.117188,40.68603515625
70.119141,39.678955078125
70.121094,38.873291015625
70.123047,13.897705078125
70.125,13.092041015625
70.126953,12.286376953125
70.128906,11.883544921875
70.130859,11.480712890625
70.132812,11.68212890625
70.134766,11.883544921875
70.136719,12.48779296875
70.138672,-7.2509765625
70.140625,-6.4453125
70.142578,-5.438232421875
70.144531,-4.43115234375
70.146484,-3.62548828125
70.148438,-3.021240234375
70.150391,-2.618408203125
70.152344,-2.4169921875
70.154297,-2.618408203125
70.15625,-3.021240234375
70.158203,-3.62548828125
70.160156,-4.43115234375
70.162109,-5.438232421875
70.164062,-6.4453125
70.166016,-4.0283203125
70.167969,-4.833984375
70.169922,11.077880859375
70.171875,10.675048828125
70.173828,10.675048828125
70.175781,10.87646484375
70.177734,11.480712890625
70.179688,12.0849609375
70.181641,13.092041015625
70.183594,13.897705078125
70.185547,14.90478515625
70.1875,42.901611328125
70.189453,43.707275390625
70.191406,44.110107421875
70.193359,44.3115234375
70.195312,44.3115234375
70.197266,44.110107421875
70.199219,43.505859375
70.201172,42.7001953125
70.203125,45.52001953125
70.205078,48.944091796875
70.207031,47.93701171875
70.208984,47.13134765625
70.210938,46.527099609375
70.212891,46.124267578125
70.214844,45.9228515625
70.216797,46.124267578125
70.21875,25.37841796875
70.220703,26.18408203125
70.222656,26.98974609375
70.224609,27.79541015625
70.226562,28.802490234375
70.228516,29.8095703125
70.230469,30.615234375
70.232422,31.01806640625
70.234375,31.4208984375
70.236328,4.632568359375
70.238281,4.43115234375
70.240234,3.826904296875
70.242188,3.021240234375
70.244141,2.215576171875
70.246094,1.20849609375
70.248047,0.40283203125
70.25,-12.689208984375
70.251953,-13.494873046875
70.253906,-13.897705078125
70.255859,-14.09912109375
70.257812,-14.09912109375
70.259766,-13.897705078125
70.261719,6.243896484375
70.263672,7.049560546875
70.265625,7.855224609375
70.267578,8.8623046875
70.269531,9.869384765625
70.271484,10.675048828125
70.273438,11.279296875
70.275391,11.68212890625
70.277344,11.883544921875
70.279297,11.68212890625
70.28125,11.279296875
70.283203,29.8095703125
70.285156,36.859130859375
70.287109,36.053466796875
70.289062,35.04638671875
70.291016,34.039306640625
70.292969,33.233642578125
70.294922,32.62939453125
70.296875,32.427978515625
70.298828,43.505859375
70.300781,43.707275390625
70.302734,44.3115234375
70.304688,44.915771484375
70.306641,45.9228515625
70.308594,46.728515625
70.310547,47.735595703125
70.3125,48.74267578125
70.314453,38.873291015625
70.316406,39.4775390625
70.318359,39.678955078125
70.320312,39.678955078125
70.322266,39.276123046875
70.324219,38.671875
70.326172,37.8662109375
70.328125,37.060546875
70.330078,36.053466796875
70.332031,6.04248046875
70.333984,5.23681640625
70.335938,4.632568359375
70.337891,4.229736328125
70.339844,4.0283203125
70.341797,4.229736328125
70.34375,4.632568359375
70.345703,-10.272216796875
70.347656,-9.466552734375
70.349609,-8.45947265625
70.351562,-7.65380859375
70.353516,-6.646728515625
70.355469,-5.841064453125
70.357422,-5.23681640625
70.359375,-5.035400390625
70.361328,-4.833984375
70.363281,5.23681640625
70.365234,4.833984375
70.367188,4.0283203125
70.369141,3.22265625
70.371094,2.215576171875
70.373047,1.20849609375
70.375,0.40283203125
70.376953,-0.40283203125
70.378906,-0.8056640625
70.380859,24.9755859375
70.382812,24.9755859375
70.384766,25.37841796875
70.386719,25.982666015625
70.388672,26.788330078125
70.390625,27.593994140625
70.392578,28.60107421875
70.394531,29.608154296875
70.396484,30.413818359375
70.398438,31.01806640625
70.400391,45.52001953125
70.402344,47.735595703125
70.404297,47.735595703125
70.40625,47.332763671875
70.408203,41.290283203125
70.410156,40.484619140625
70.412109,39.4775390625
70.414062,38.470458984375
70.416016,37.664794921875
70.417969,36.859130859375
70.419922,36.2548828125
70.421875,35.85205078125
70.423828,35.85205078125
70.425781,11.883544921875
70.427734,12.286376953125
70.429688,13.092041015625
70.431641,13.897705078125
70.433594,14.90478515625
70.435547,15.911865234375
70.4375,16.717529296875
70.439453,17.523193359375
70.441406,-3.62548828125
70.443359,-3.22265625
70.445312,-3.424072265625
70.447266,-3.62548828125
70.449219,-4.229736328125
70.451172,-5.035400390625
70.453125,-5.841064453125
70.455078,-6.84814453125
70.457031,-2.4169921875
70.458984,-3.22265625
70.460938,-4.0283203125
70.462891,-4.43115234375
70.464844,-4.43115234375
70.466797,-4.43115234375
70.46875,-4.0283203125
70.470703,-3.22265625
70.472656,19.940185546875
70.474609,20.947265625
70.476562,21.7529296875
70.478516,22.760009765625
70.480469,23.565673828125
70.482422,24.169921875
70.484375,24.371337890625
70.486328,24.371337890625
70.488281,24.169921875
70.490234,23.76708984375
70.492188,22.96142578125
70.494141,22.15576171875
70.496094,42.29736328125
70.498047,41.49169921875
70.5,40.484619140625
70.501953,40.68603515625
70.503906,40.081787109375
70.505859,39.88037109375
70.507812,39.88037109375
70.509766,40.283203125
70.511719,40.887451171875
70.513672,41.693115234375
70.515625,42.498779296875
70.517578,43.505859375
70.519531,44.512939453125
70.521484,23.968505859375
70.523438,24.774169921875
70.525391,25.177001953125
70.527344,25.177001953125
70.529297,25.177001953125
70.53125,24.774169921875
70.533203,23.968505859375
70.535156,0.201416015625
70.537109,-0.8056640625
70.539062,-1.812744140625
70.541016,-2.618408203125
70.542969,-3.424072265625
70.544922,-4.0283203125
70.546875,-4.43115234375
70.548828,-4.43115234375
70.550781,-10.675048828125
70.552734,-10.272216796875
70.554688,-9.466552734375
70.556641,-8.660888671875
70.558594,-7.65380859375
70.560547,-6.646728515625
70.5625,-5.841064453125
70.564453,-5.035400390625
70.566406,-4.632568359375
70.568359,17.120361328125
70.570312,17.120361328125
70.572266,16.717529296875
70.574219,16.11328125
70.576172,15.3076171875
70.578125,14.501953125
70.580078,13.494873046875
70.582031,12.48779296875
70.583984,39.07470703125
70.585938,38.470458984375
70.587891,38.067626953125
70.589844,37.8662109375
70.591797,38.067626953125
70.59375,38.470458984375
70.595703,39.07470703125
70.597656,39.88037109375
70.599609,40.887451171875
70.601562,41.89453125
70.603516,42.7001953125
70.605469,43.505859375
70.607422,44.110107421875
70.609375,44.512939453125
70.611328,44.512939453125
70.613281,32.830810546875
70.615234,32.2265625
70.617188,31.622314453125
70.619141,30.615234375
70.621094,29.608154296875
70.623047,28.802490234375
70.625,27.79541015625
70.626953,27.191162109375
70.628906,26.5869140625
70.630859,26.385498046875
70.632812,-2.618408203125
70.634766,-2.215576171875
70.636719,-1.611328125
70.638672,-0.8056640625
70.640625,0.0
70.642578,1.007080078125
70.644531,2.01416015625
70.646484,2.81982421875
70.648438,-8.258056640625
70.650391,-7.855224609375
70.652344,6.646728515625
70.654297,6.4453125
70.65625,6.04248046875
70.658203,5.438232421875
70.660156,4.632568359375
70.662109,3.62548828125
70.664062,2.618408203125
70.666016,1.812744140625
70.667969,1.007080078125
70.669922,0.40283203125
70.671875,0.0
70.673828,0.0
70.675781,0.201416015625
70.677734,0.8056640625
70.679688,26.788330078125
70.681641,27.593994140625
70.683594,28.60107421875
70.685547,29.608154296875
70.6875,30.413818359375
70.689453,31.219482421875
70.691406,31.622314453125
70.693359,31.82373046875
70.695312,50.555419921875
70.697266,50.152587890625
70.699219,49.54833984375
70.701172,48.74267578125
70.703125,47.93701171875
70.705078,46.929931640625
70.707031,45.9228515625
70.708984,45.1171875
70.710938,44.512939453125
70.712891,44.110107421875
70.714844,43.90869140625
70.716797,44.110107421875
70.71875,44.512939453125
70.720703,45.1171875
70.722656,45.9228515625
70.724609,14.501953125
70.726562,15.509033203125
70.728516,16.51611328125
70.730469,17.32177734375
70.732422,17.724609375
70.734375,18.12744140625
70.736328,18.12744140625
70.738281,17.926025390625
70.740234,17.523193359375
70.742188,-4.43115234375
70.744141,-5.23681640625
70.746094,-6.243896484375
70.748047,-7.2509765625
70.75,-8.056640625
70.751953,-8.8623046875
70.753906,-9.26513671875
70.755859,-9.66796875
70.757812,-7.452392578125
70.759766,-7.2509765625
70.761719,-6.646728515625
70.763672,-5.841064453125
70.765625,-4.833984375
70.767578,-4.0283203125
70.769531,-3.021240234375
70.771484,-2.215576171875
70.773438,17.120361328125
70.775391,24.57275390625
70.777344,24.774169921875
70.779297,24.57275390625
70.78125,24.169921875
70.783203,23.565673828125
70.785156,22.55859375
70.787109,21.7529296875
70.789062,20.745849609375
70.791016,42.29736328125
70.792969,41.49169921875
70.794922,40.887451171875
70.796875,40.68603515625
70.798828,40.68603515625
70.800781,40.887451171875
70.802734,41.290283203125
70.804688,44.71435546875
70.806641,45.52001953125
70.808594,46.527099609375
70.810547,47.5341796875
70.8125,48.33984375
70.814453,48.944091796875
70.816406,49.54833984375
70.818359,49.749755859375
70.820312,49.749755859375
70.822266,49.346923828125
70.824219,24.57275390625
70.826172,23.76708984375
70.828125,22.760009765625
70.830078,21.7529296875
70.832031,20.947265625
70.833984,20.1416015625
70.835938,19.3359375
70.837891,18.93310546875
70.839844,-8.056640625
70.841797,-7.855224609375
70.84375,-7.452392578125
70.845703,-6.84814453125
70.847656,-8.056640625
70.849609,-7.049560546875
70.851562,-6.04248046875
70.853516,-5.23681640625
70.855469,-4.43115234375
70.857422,-3.826904296875
70.859375,-3.424072265625
70.861328,-3.424072265625
70.863281,-3.62548828125
70.865234,-4.229736328125
70.867188,-4.833984375
70.869141,-5.841064453125
70.871094,14.703369140625
70.873047,13.6962890625
70.875,12.890625
70.876953,12.0849609375
70.878906,11.68212890625
70.880859,11.279296875
70.882812,11.480712890625
70.884766,38.067626953125
70.886719,38.671875
70.888672,39.4775390625
70.890625,40.283203125
70.892578,41.290283203125
70.894531,42.29736328125
70.896484,43.10302734375
70.898438,43.707275390625
70.900391,44.110107421875
70.902344,51.361083984375
70.904297,51.15966796875
70.90625,50.7568359375
70.908203,50.152587890625
70.910156,49.346923828125
70.912109,48.33984375
70.914062,47.332763671875
70.916016,26.98974609375
70.917969,26.18408203125
70.919922,25.579833984375
70.921875,25.177001953125
70.923828,25.177001953125
70.925781,25.37841796875
70.927734,25.982666015625
70.929688,26.5869140625
70.931641,27.392578125
70.933594,28.399658203125
70.935547,29.40673828125
70.9375,30.21240234375
70.939453,31.01806640625
70.941406,31.4208984375
70.943359,31.82373046875
70.945312,-6.646728515625
70.947266,-7.049560546875
70.949219,-7.65380859375
70.951172,-8.45947265625
70.953125,-9.26513671875
70.955078,-10.272216796875
70.957031,-11.279296875
70.958984,-12.0849609375
70.960938,-12.689208984375
70.962891,-13.092041015625
70.964844,3.62548828125
70.966797,3.826904296875
70.96875,4.229736328125
70.970703,4.833984375
70.972656,5.6396484375
70.974609,6.646728515625
70.976562,7.452392578125
70.978516,8.45947265625
70.980469,35.85205078125
70.982422,36.2548828125
70.984375,36.65771484375
70.986328,36.65771484375
70.988281,36.456298828125
70.990234,36.053466796875
70.992188,35.247802734375
70.994141,47.13134765625
70.996094,46.124267578125
70.998047,45.318603515625
71.0,44.3115234375
71.001953,43.707275390625
71.003906,43.10302734375
71.005859,42.901611328125
71.007812,42.901611328125
71.009766,43.304443359375
71.011719,33.233642578125
71.013672,34.039306640625
71.015625,34.844970703125
71.017578,35.85205078125
71.019531,36.859130859375
71.021484,37.664794921875
71.023438,38.26904296875
71.025391,38.671875
71.027344,38.873291015625
71.029297,38.671875
71.03125,17.32177734375
71.033203,16.717529296875
71.035156,15.911865234375
71.037109,14.90478515625
71.039062,14.09912109375
71.041016,-7.855224609375
71.042969,-6.243896484375
71.044922,-6.84814453125
71.046875,-7.2509765625
71.048828,-7.2509765625
71.050781,-7.049560546875
71.052734,-6.4453125
71.054688,-5.841064453125
71.056641,-5.035400390625
71.058594,-4.0283203125
71.060547,-3.021240234375
71.0625,-2.215576171875
71.064453,-1.409912109375
71.066406,-1.007080078125
71.068359,-0.604248046875
71.070312,-0.8056640625
71.072266,-1.007080078125
71.074219,-1.611328125
71.076172,22.96142578125
71.078125,21.954345703125
71.080078,20.947265625
71.082031,20.1416015625
71.083984,19.3359375
71.085938,18.5302734375
71.087891,18.12744140625
71.089844,39.07470703125
71.091797,39.07470703125
71.09375,39.4775390625
71.095703,40.283203125
71.097656,41.0888671875
71.099609,42.095947265625
71.101562,42.901611328125
71.103516,43.90869140625
71.105469,44.71435546875
71.107422,46.929931640625
71.109375,47.332763671875
71.111328,47.332763671875
71.113281,47.13134765625
71.115234,46.527099609375
71.117188,45.9228515625
71.119141,44.915771484375
71.121094,44.110107421875
71.123047,43.10302734375
71.125,20.1416015625
71.126953,19.537353515625
71.128906,18.93310546875
71.130859,18.731689453125
71.132812,18.731689453125
71.134766,19.134521484375
71.136719,19.73876953125
71.138672,20.54443359375
71.140625,21.35009765625
71.142578,22.357177734375
71.144531,0.40283203125
71.146484,1.20849609375
71.148438,2.01416015625
71.150391,2.4169921875
71.152344,2.4169921875
71.154297,2.4169921875
71.15625,2.01416015625
71.158203,1.20849609375
71.160156,-6.243896484375
71.162109,-7.2509765625
71.164062,-8.056640625
71.166016,-9.063720703125
71.167969,12.0849609375
71.169922,11.480712890625
71.171875,11.077880859375
71.173828,11.077880859375
71.175781,11.279296875
71.177734,11.883544921875
71.179688,12.48779296875
71.181641,13.494873046875
71.183594,14.300537109375
71.185547,15.3076171875
71.1875,41.290283203125
71.189453,42.095947265625
71.191406,42.498779296875
71.193359,42.901611328125
71.195312,42.7001953125
71.197266,42.498779296875
71.199219,41.89453125
71.201172,41.0888671875
71.203125,47.5341796875
71.205078,46.527099609375
71.207031,45.52001953125
71.208984,44.71435546875
71.210938,44.110107421875
71.212891,43.707275390625
71.214844,43.505859375
71.216797,43.707275390625
71.21875,26.98974609375
71.220703,27.593994140625
71.222656,28.399658203125
71.224609,29.40673828125
71.226562,30.413818359375
71.228516,31.219482421875
71.230469,32.025146484375
71.232422,5.438232421875
71.234375,5.6396484375
71.236328,5.6396484375
71.238281,-6.4453125
71.240234,-7.049560546875
71.242188,-7.65380859375
71.244141,-8.660888671875
71.246094,-9.466552734375
71.248047,-10.4736328125
71.25,-11.279296875
71.251953,-12.0849609375
71.253906,-12.48779296875
71.255859,-12.890625
71.257812,-12.689208984375
71.259766,-12.48779296875
71.261719,-11.883544921875
71.263672,-11.077880859375
71.265625,7.049560546875
71.267578,8.056640625
71.269531,8.8623046875
71.271484,9.869384765625
71.273438,10.4736328125
71.275391,10.87646484375
71.277344,11.077880859375
71.279297,10.87646484375
71.28125,37.060546875
71.283203,36.456298828125
71.285156,35.650634765625
71.287109,34.6435546875
71.289062,33.636474609375
71.291016,32.830810546875
71.292969,32.025146484375
71.294922,42.901611328125
71.296875,42.498779296875
71.298828,42.498779296875
71.300781,42.7001953125
71.302734,43.304443359375
71.304688,43.90869140625
71.306641,44.915771484375
71.308594,45.721435546875
71.310547,46.728515625
71.3125,41.290283203125
71.314453,41.89453125
71.316406,42.498779296875
71.318359,42.7001953125
71.320312,42.7001953125
71.322266,42.29736328125
71.324219,41.693115234375
71.326172,40.887451171875
71.328125,15.3076171875
71.330078,14.300537109375
71.332031,13.29345703125
71.333984,12.48779296875
71.335938,11.883544921875
71.337891,11.480712890625
71.339844,11.279296875
71.341797,-8.258056640625
71.34375,-7.855224609375
71.345703,-7.2509765625
71.347656,-6.4453125
71.349609,-5.438232421875
71.351562,-4.43115234375
71.353516,-3.62548828125
71.355469,-2.81982421875
71.357422,-2.215576171875
71.359375,-2.01416015625
71.361328,-1.812744140625
71.363281,-2.215576171875
71.365234,-2.618408203125
71.367188,-3.424072265625
71.369141,-4.43115234375
71.371094,21.35009765625
71.373047,20.343017578125
71.375,19.3359375
71.376953,18.731689453125
71.378906,18.12744140625
71.380859,17.926025390625
71.382812,17.926025390625
71.384766,18.328857421875
71.386719,18.93310546875
71.388672,19.73876953125
71.390625,43.505859375
71.392578,44.512939453125
71.394531,45.318603515625
71.396484,46.124267578125
71.398438,46.929931640625
71.400391,47.332763671875
71.402344,47.332763671875
71.404297,47.332763671875
71.40625,47.5341796875
71.408203,46.929931640625
71.410156,46.124267578125
71.412109,45.1171875
71.414062,44.110107421875
71.416016,43.304443359375
71.417969,42.498779296875
71.419922,41.89453125
71.421875,18.731689453125
71.423828,18.731689453125
71.425781,18.93310546875
71.427734,19.3359375
71.429688,20.1416015625
71.431641,20.947265625
71.433594,-3.826904296875
71.435547,-2.81982421875
71.4375,-2.01416015625
71.439453,-1.20849609375
71.441406,-0.8056640625
71.443359,-0.604248046875
71.445312,-0.604248046875
71.447266,-1.007080078125
71.449219,-1.611328125
71.451172,-2.215576171875
71.453125,-6.243896484375
71.455078,-7.2509765625
71.457031,-8.056640625
71.458984,-9.063720703125
71.460938,-9.66796875
71.462891,-10.07080078125
71.464844,-10.272216796875
71.466797,-10.07080078125
71.46875,-9.66796875
71.470703,-9.063720703125
71.472656,-8.056640625
71.474609,-7.2509765625
71.476562,14.501953125
71.478516,15.3076171875
71.480469,16.11328125
71.482422,16.717529296875
71.484375,17.120361328125
71.486328,17.120361328125
71.488281,16.9189453125
71.490234,16.314697265625
71.492188,15.71044921875
71.494141,42.095947265625
71.496094,41.290283203125
71.498047,46.527099609375
71.5,45.721435546875
71.501953,44.915771484375
71.503906,44.3115234375
71.505859,44.110107421875
71.507812,44.3115234375
71.509766,44.512939453125
71.511719,45.1171875
71.513672,45.9228515625
71.515625,29.00390625
71.517578,30.010986328125
71.519531,31.01806640625
71.521484,31.82373046875
71.523438,32.427978515625
71.525391,32.830810546875
71.527344,33.0322265625
71.529297,32.830810546875
71.53125,11.68212890625
71.533203,10.87646484375
71.535156,10.07080078125
71.537109,9.26513671875
71.539062,8.258056640625
71.541016,7.2509765625
71.542969,6.4453125
71.544922,5.841064453125
71.546875,5.6396484375
71.548828,-11.68212890625
71.550781,-9.466552734375
71.552734,-9.063720703125
71.554688,-8.258056640625
71.556641,-7.452392578125
71.558594,-6.4453125
71.560547,-5.438232421875
71.5625,-1.409912109375
71.564453,5.438232421875
71.566406,5.841064453125
71.568359,6.243896484375
71.570312,6.04248046875
71.572266,5.841064453125
71.574219,5.23681640625
71.576172,4.43115234375
71.578125,3.62548828125
71.580078,2.618408203125
71.582031,26.5869140625
71.583984,25.78125
71.585938,25.177001953125
71.587891,24.774169921875
71.589844,24.57275390625
71.591797,24.774169921875
71.59375,25.177001953125
71.595703,42.498779296875
71.597656,43.304443359375
71.599609,44.3115234375
71.601562,45.318603515625
71.603516,46.124267578125
71.605469,46.929931640625
71.607422,47.5341796875
71.609375,47.93701171875
71.611328,45.52001953125
71.613281,45.318603515625
71.615234,44.71435546875
71.617188,44.110107421875
71.619141,43.10302734375
71.621094,42.095947265625
71.623047,41.290283203125
71.625,40.283203125
71.626953,12.48779296875
71.628906,-6.84814453125
71.630859,-7.049560546875
71.632812,-7.049560546875
71.634766,-6.646728515625
71.636719,-6.243896484375
71.638672,-5.438232421875
71.640625,-4.43115234375
71.642578,-3.424072265625
71.644531,-2.618408203125
71.646484,-1.812744140625
71.648438,-1.007080078125
71.650391,-0.604248046875
71.652344,-0.604248046875
71.654297,-0.604248046875
71.65625,-1.007080078125
71.658203,-1.812744140625
71.660156,-2.618408203125
71.662109,-5.035400390625
71.664062,-5.841064453125
71.666016,-6.84814453125
71.667969,-7.65380859375
71.669922,-8.258056640625
71.671875,-8.45947265625
71.673828,17.926025390625
71.675781,18.12744140625
71.677734,18.731689453125
71.679688,19.3359375
71.681641,20.1416015625
71.683594,21.148681640625
71.685547,22.15576171875
71.6875,22.96142578125
71.689453,23.76708984375
71.691406,24.169921875
71.693359,24.57275390625
71.695312,24.371337890625
71.697266,49.346923828125
71.699219,48.74267578125
71.701172,47.93701171875
71.703125,47.13134765625
71.705078,44.71435546875
71.707031,43.707275390625
71.708984,42.901611328125
71.710938,42.29736328125
71.712891,41.89453125
71.714844,41.693115234375
71.716797,41.89453125
71.71875,42.29736328125
71.720703,42.901611328125
71.722656,43.707275390625
71.724609,44.71435546875
71.726562,22.55859375
71.728516,23.565673828125
71.730469,24.371337890625
71.732422,24.9755859375
71.734375,25.177001953125
71.736328,25.177001953125
71.738281,24.9755859375
71.740234,-0.201416015625
71.742188,-0.8056640625
71.744141,-1.611328125
71.746094,-2.618408203125
71.748047,-3.62548828125
71.75,-4.43115234375
71.751953,-5.23681640625
71.753906,-5.6396484375
71.755859,-12.48779296875
71.757812,-12.48779296875
71.759766,-12.0849609375
71.761719,-11.480712890625
71.763672,-10.675048828125
71.765625,-9.869384765625
71.767578,-8.8623046875
71.769531,-7.855224609375
71.771484,16.51611328125
71.773438,17.120361328125
71.775391,17.523193359375
71.777344,17.724609375
71.779297,17.523193359375
71.78125,17.120361328125
71.783203,16.51611328125
71.785156,15.509033203125
71.787109,42.498779296875
71.789062,41.693115234375
71.791016,40.68603515625
71.792969,39.88037109375
71.794922,39.276123046875
71.796875,39.07470703125
71.798828,38.873291015625
71.800781,39.276123046875
71.802734,39.678955078125
71.804688,40.484619140625
71.806641,41.290283203125
71.808594,42.29736328125
71.810547,43.304443359375
71.8125,44.110107421875
71.814453,52.3681640625
71.816406,31.82373046875
71.818359,32.025146484375
71.820312,32.025146484375
71.822266,31.622314453125
71.824219,3.826904296875
71.826172,3.021240234375
71.828125,2.215576171875
71.830078,1.20849609375
71.832031,0.201416015625
71.833984,-0.604248046875
71.835938,-1.20849609375
71.837891,-1.611328125
71.839844,-1.812744140625
71.841797,-1.611328125
71.84375,-1.20849609375
71.845703,-0.604248046875
71.847656,0.201416015625
71.849609,1.20849609375
71.851562,-6.4453125
71.853516,-5.438232421875
71.855469,-4.632568359375
71.857422,-4.0283203125
71.859375,-3.826904296875
71.861328,-3.826904296875
71.863281,-4.0283203125
71.865234,11.077880859375
71.867188,10.272216796875
71.869141,9.466552734375
71.871094,8.45947265625
71.873047,7.452392578125
71.875,6.646728515625
71.876953,6.04248046875
71.878906,5.438232421875
71.880859,5.23681640625
71.882812,30.010986328125
71.884766,30.413818359375
71.886719,31.01806640625
71.888672,31.82373046875
71.890625,32.62939453125
71.892578,33.636474609375
71.894531,34.6435546875
71.896484,35.44921875
71.898438,51.361083984375
71.900391,51.763916015625
71.902344,51.763916015625
71.904297,51.763916015625
71.90625,51.361083984375
71.908203,50.555419921875
71.910156,49.749755859375
71.912109,48.944091796875
71.914062,47.93701171875
71.916016,46.929931640625
71.917969,46.124267578125
71.919922,45.721435546875
71.921875,45.318603515625
71.923828,45.318603515625
71.925781,45.52001953125
71.927734,5.035400390625
71.929688,5.841064453125
71.931641,6.646728515625
71.933594,7.65380859375
71.935547,8.660888671875
71.9375,9.466552734375
71.939453,10.272216796875
71.941406,10.675048828125
71.943359,10.87646484375
71.945312,-4.833984375
71.947266,-5.6396484375
71.949219,-6.04248046875
71.951172,-6.84814453125
71.953125,-7.855224609375
71.955078,-8.8623046875
71.957031,-9.66796875
71.958984,-10.4736328125
71.960938,-11.279296875
71.962891,-2.618408203125
71.964844,-2.81982421875
71.966797,-2.618408203125
71.96875,-2.215576171875
71.970703,-1.611328125
71.972656,-0.604248046875
71.974609,0.201416015625
71.976562,28.60107421875
71.978516,29.40673828125
71.980469,30.21240234375
71.982422,30.816650390625
71.984375,31.219482421875
71.986328,31.219482421875
71.988281,31.01806640625
71.990234,30.413818359375
71.992188,47.5341796875
71.994141,46.728515625
71.996094,45.721435546875
71.998047,44.71435546875
72.0,43.90869140625
72.001953,43.10302734375
72.003906,42.7001953125
72.005859,42.498779296875
72.007812,42.498779296875
72.009766,39.4775390625
72.011719,40.081787109375
72.013672,40.68603515625
72.015625,41.693115234375
72.017578,42.7001953125
72.019531,23.162841796875
72.021484,16.9189453125
72.023438,17.724609375
72.025391,18.12744140625
72.027344,18.12744140625
72.029297,18.12744140625
72.03125,17.724609375
72.033203,16.9189453125
72.035156,16.11328125
72.037109,15.3076171875
72.039062,14.300537109375
72.041016,13.29345703125
72.042969,-6.04248046875
72.044922,-6.646728515625
72.046875,-7.049560546875
72.048828,-7.049560546875
72.050781,-6.84814453125
72.052734,-6.243896484375
72.054688,-4.43115234375
72.056641,-3.62548828125
72.058594,-2.618408203125
72.060547,-1.812744140625
72.0625,-0.8056640625
72.064453,-0.201416015625
72.066406,0.40283203125
72.068359,0.604248046875
72.070312,0.604248046875
72.072266,24.169921875
72.074219,23.565673828125
72.076172,22.760009765625
72.078125,21.954345703125
72.080078,20.947265625
72.082031,19.940185546875
72.083984,19.134521484375
72.085938,18.5302734375
72.087891,41.0888671875
72.089844,41.0888671875
72.091797,41.0888671875
72.09375,41.49169921875
72.095703,42.095947265625
72.097656,43.10302734375
72.099609,43.90869140625
72.101562,44.915771484375
72.103516,46.527099609375
72.105469,47.332763671875
72.107422,47.93701171875
72.109375,48.138427734375
72.111328,48.33984375
72.113281,47.93701171875
72.115234,47.5341796875
72.117188,46.728515625
72.119141,22.760009765625
72.121094,21.954345703125
72.123047,20.947265625
72.125,19.940185546875
72.126953,19.3359375
72.128906,18.731689453125
72.130859,18.5302734375
72.132812,18.731689453125
72.134766,18.93310546875
72.136719,19.537353515625
72.138672,20.343017578125
72.140625,21.148681640625
72.142578,22.15576171875
72.144531,23.162841796875
72.146484,9.66796875
72.148438,-3.62548828125
72.150391,-3.22265625
72.152344,-3.021240234375
72.154297,-3.22265625
72.15625,-3.62548828125
72.158203,-4.229736328125
72.160156,-5.035400390625
72.162109,-6.04248046875
72.164062,-7.049560546875
72.166016,-7.855224609375
72.167969,4.43115234375
72.169922,3.826904296875
72.171875,3.62548828125
72.173828,3.424072265625
72.175781,3.826904296875
72.177734,4.229736328125
72.179688,5.035400390625
72.181641,34.442138671875
72.183594,35.44921875
72.185547,36.456298828125
72.1875,37.261962890625
72.189453,37.8662109375
72.191406,38.470458984375
72.193359,38.671875
72.195312,38.671875
72.197266,38.26904296875
72.199219,47.735595703125
72.201172,46.929931640625
72.203125,46.124267578125
72.205078,45.1171875
72.207031,44.110107421875
72.208984,43.304443359375
72.210938,42.7001953125
72.212891,42.29736328125
72.214844,32.427978515625
72.216797,32.427978515625
72.21875,32.830810546875
72.220703,33.636474609375
72.222656,34.442138671875
72.224609,35.247802734375
72.226562,36.2548828125
72.228516,37.261962890625
72.230469,38.067626953125
72.232422,38.470458984375
72.234375,38.873291015625
72.236328,38.873291015625
72.238281,12.0849609375
72.240234,11.480712890625
72.242188,10.87646484375
72.244141,9.869384765625
72.246094,-7.2509765625
72.248047,-8.258056640625
72.25,-9.063720703125
72.251953,-9.66796875
72.253906,-10.272216796875
72.255859,-10.4736328125
72.257812,-10.4736328125
72.259766,-10.07080078125
72.261719,-9.466552734375
72.263672,-1.812744140625
72.265625,-0.8056640625
72.267578,0.201416015625
72.269531,1.007080078125
72.271484,1.812744140625
72.273438,2.618408203125
72.275391,3.021240234375
72.277344,3.021240234375
72.279297,31.622314453125
72.28125,31.219482421875
72.283203,30.413818359375
72.285156,29.608154296875
72.287109,28.802490234375
72.289062,27.79541015625
72.291016,26.788330078125
72.292969,25.982666015625
72.294922,41.89453125
72.296875,41.693115234375
72.298828,41.693115234375
72.300781,41.89453125
72.302734,42.29736328125
72.304688,43.10302734375
72.306641,43.90869140625
72.308594,44.915771484375
72.310547,42.901611328125
72.3125,43.90869140625
72.314453,44.512939453125
72.316406,45.1171875
72.318359,45.318603515625
72.320312,45.318603515625
72.322266,44.915771484375
72.324219,17.32177734375
72.326172,16.51611328125
72.328125,15.71044921875
72.330078,14.703369140625
72.332031,13.6962890625
72.333984,12.890625
72.335938,12.286376953125
72.337891,11.883544921875
72.339844,11.68212890625
72.341797,11.883544921875
72.34375,12.286376953125
72.345703,12.890625
72.347656,13.6962890625
72.349609,14.703369140625
72.351562,-6.646728515625
72.353516,-5.6396484375
72.355469,-2.4169921875
72.357422,-1.812744140625
72.359375,-1.409912109375
72.361328,-1.409912109375
72.363281,-1.611328125
72.365234,-2.215576171875
72.367188,-2.81982421875
72.369141,-3.826904296875
72.371094,-4.632568359375
72.373047,20.54443359375
72.375,19.537353515625
72.376953,18.93310546875
72.378906,18.328857421875
72.380859,18.12744140625
72.382812,18.12744140625
72.384766,18.5302734375
72.386719,19.134521484375
72.388672,40.283203125
72.390625,41.0888671875
72.392578,42.095947265625
72.394531,43.10302734375
72.396484,43.90869140625
72.398438,44.512939453125
72.400391,44.915771484375
72.402344,49.951171875
72.404297,49.749755859375
72.40625,49.346923828125
72.408203,48.74267578125
72.410156,30.413818359375
72.412109,29.40673828125
72.414062,28.60107421875
72.416016,27.593994140625
72.417969,26.788330078125
72.419922,26.18408203125
72.421875,25.982666015625
72.423828,25.982666015625
72.425781,26.18408203125
72.427734,26.5869140625
72.429688,27.392578125
72.431641,28.1982421875
72.433594,29.205322265625
72.435547,1.409912109375
72.4375,2.215576171875
72.439453,3.021240234375
72.441406,3.424072265625
72.443359,3.62548828125
72.445312,3.62548828125
72.447266,3.22265625
72.449219,2.81982421875
72.451172,2.01416015625
72.453125,1.007080078125
72.455078,0.0
72.457031,-0.8056640625
72.458984,-1.611328125
72.460938,-10.87646484375
72.462891,4.833984375
72.464844,4.632568359375
72.466797,4.833984375
72.46875,5.23681640625
72.470703,5.841064453125
72.472656,6.646728515625
72.474609,7.65380859375
72.476562,8.660888671875
72.478516,9.466552734375
72.480469,38.26904296875
72.482422,38.873291015625
72.484375,39.07470703125
72.486328,39.276123046875
72.488281,39.07470703125
72.490234,38.470458984375
72.492188,37.8662109375
72.494141,36.859130859375
72.496094,45.721435546875
72.498047,44.71435546875
72.5,43.90869140625
72.501953,43.10302734375
72.503906,42.7001953125
72.505859,42.498779296875
72.507812,42.498779296875
72.509766,42.901611328125
72.511719,40.081787109375
72.513672,40.887451171875
72.515625,41.693115234375
72.517578,42.7001953125
72.519531,43.707275390625
72.521484,44.512939453125
72.523438,45.1171875
72.525391,45.52001953125
72.527344,17.926025390625
72.529297,17.724609375
72.53125,17.32177734375
72.533203,16.717529296875
72.535156,15.911865234375
72.537109,14.90478515625
72.539062,13.897705078125
72.541016,-8.258056640625
72.542969,-9.063720703125
72.544922,-9.66796875
72.546875,-9.869384765625
72.548828,-9.869384765625
72.550781,-9.66796875
72.552734,-9.26513671875
72.554688,-8.45947265625
72.556641,-7.65380859375
72.558594,-3.021240234375
72.560547,-2.01416015625
72.5625,-1.20849609375
72.564453,-0.40283203125
72.566406,0.0
72.568359,0.201416015625
72.570312,0.201416015625
72.572266,0.0
72.574219,23.565673828125
72.576172,22.760009765625
72.578125,21.954345703125
72.580078,20.947265625
72.582031,19.940185546875
72.583984,19.134521484375
72.585938,18.5302734375
72.587891,41.89453125
72.589844,41.693115234375
72.591797,41.89453125
72.59375,42.29736328125
72.595703,42.901611328125
72.597656,43.707275390625
72.599609,44.71435546875
72.601562,45.721435546875
72.603516,46.527099609375
72.605469,51.361083984375
72.607422,47.332763671875
72.609375,47.5341796875
72.611328,47.5341796875
72.613281,47.332763671875
72.615234,46.929931640625
72.617188,46.124267578125
72.619141,45.318603515625
72.621094,29.00390625
72.623047,27.996826171875
72.625,27.191162109375
72.626953,26.385498046875
72.628906,25.982666015625
72.630859,25.78125
72.632812,25.78125
72.634766,0.0
72.636719,0.604248046875
72.638672,1.409912109375
72.640625,2.215576171875
72.642578,3.22265625
72.644531,4.229736328125
72.646484,5.035400390625
72.648438,5.6396484375
72.650391,-7.452392578125
72.652344,-7.452392578125
72.654297,-7.452392578125
72.65625,-7.855224609375
72.658203,-8.660888671875
72.660156,-9.466552734375
72.662109,-10.272216796875
72.664062,6.243896484375
72.666016,5.438232421875
72.667969,4.632568359375
72.669922,4.0283203125
72.671875,3.62548828125
72.673828,3.62548828125
72.675781,3.826904296875
72.677734,4.43115234375
72.679688,5.035400390625
72.681641,6.04248046875
72.683594,6.84814453125
72.685547,37.060546875
72.6875,37.8662109375
72.689453,38.470458984375
72.691406,39.07470703125
72.693359,39.276123046875
72.695312,50.958251953125
72.697266,50.7568359375
72.699219,50.152587890625
72.701172,49.346923828125
72.703125,48.541259765625
72.705078,47.5341796875
72.707031,46.527099609375
72.708984,45.721435546875
72.710938,45.1171875
72.712891,33.233642578125
72.714844,33.233642578125
72.716797,33.233642578125
72.71875,33.636474609375
72.720703,34.442138671875
72.722656,35.247802734375
72.724609,36.053466796875
72.726562,37.060546875
72.728516,9.66796875
72.730469,10.4736328125
72.732422,11.077880859375
72.734375,11.279296875
72.736328,11.279296875
72.738281,11.077880859375
72.740234,10.675048828125
72.742188,9.869384765625
72.744141,-5.841064453125
72.746094,-6.646728515625
72.748047,-7.65380859375
72.75,-8.45947265625
72.751953,-9.26513671875
72.753906,-9.66796875
72.755859,-10.07080078125
72.757812,-9.869384765625
72.759766,-5.035400390625
72.761719,-4.43115234375
72.763672,-3.62548828125
72.765625,-2.618408203125
72.767578,-1.611328125
72.769531,-0.8056640625
72.771484,0.0
72.773438,23.968505859375
72.775391,24.57275390625
72.777344,24.57275390625
72.779297,24.57275390625
72.78125,23.968505859375
72.783203,23.3642578125
72.785156,22.55859375
72.787109,21.551513671875
72.789062,20.745849609375
72.791016,19.73876953125
72.792969,18.93310546875
72.794922,18.328857421875
72.796875,18.12744140625
72.798828,18.12744140625
72.800781,40.081787109375
72.802734,40.283203125
72.804688,41.0888671875
72.806641,41.89453125
72.808594,42.901611328125
72.810547,43.90869140625
72.8125,44.71435546875
72.814453,45.318603515625
72.816406,45.9228515625
72.818359,46.124267578125
72.820312,46.124267578125
72.822266,24.9755859375
72.824219,24.57275390625
72.826172,23.76708984375
72.828125,22.760009765625
72.830078,21.7529296875
72.832031,20.947265625
72.833984,20.1416015625
72.835938,-6.646728515625
72.837891,-7.049560546875
72.839844,-7.2509765625
72.841797,-7.049560546875
72.84375,-6.646728515625
72.845703,-6.04248046875
72.847656,-5.23681640625
72.849609,-4.229736328125
72.851562,-3.22265625
72.853516,-8.056640625
72.855469,-7.2509765625
72.857422,-6.646728515625
72.859375,-6.4453125
72.861328,-6.4453125
72.863281,-6.646728515625
72.865234,-7.049560546875
72.867188,9.869384765625
72.869141,9.063720703125
72.871094,8.056640625
72.873047,7.2509765625
72.875,6.243896484375
72.876953,5.6396484375
72.878906,5.035400390625
72.880859,4.833984375
72.882812,30.816650390625
72.884766,31.219482421875
72.886719,31.622314453125
72.888672,32.427978515625
72.890625,33.43505859375
72.892578,34.442138671875
72.894531,35.247802734375
72.896484,36.053466796875
72.898438,36.859130859375
72.900391,37.261962890625
72.902344,37.261962890625
72.904297,51.5625
72.90625,51.15966796875
72.908203,50.555419921875
72.910156,49.749755859375
72.912109,34.6435546875
72.914062,33.636474609375
72.916016,32.62939453125
72.917969,32.025146484375
72.919922,31.4208984375
72.921875,31.01806640625
72.923828,31.01806640625
72.925781,31.219482421875
72.927734,31.82373046875
72.929688,6.243896484375
72.931641,7.2509765625
72.933594,8.056640625
72.935547,9.063720703125
72.9375,9.869384765625
72.939453,10.675048828125
72.941406,11.279296875
72.943359,11.480712890625
72.945312,-6.84814453125
72.947266,-7.2509765625
72.949219,-7.855224609375
72.951172,-8.660888671875
72.953125,-9.466552734375
72.955078,-10.4736328125
72.957031,-11.480712890625
72.958984,-12.286376953125
72.960938,-5.438232421875
72.962891,-5.841064453125
72.964844,-5.841064453125
72.966797,-5.841064453125
72.96875,-5.438232421875
72.970703,-4.632568359375
72.972656,-3.826904296875
72.974609,-3.021240234375
72.976562,21.954345703125
72.978516,22.96142578125
72.980469,23.76708984375
72.982422,24.371337890625
72.984375,24.57275390625
72.986328,24.774169921875
72.988281,24.371337890625
72.990234,47.332763671875
72.992188,46.527099609375
72.994141,45.721435546875
72.996094,43.505859375
72.998047,42.498779296875
73.0,41.693115234375
73.001953,40.887451171875
73.003906,40.484619140625
73.005859,40.283203125
73.007812,40.283203125
73.009766,40.68603515625
73.011719,41.290283203125
73.013672,41.89453125
73.015625,42.901611328125
73.017578,43.90869140625
73.019531,44.71435546875
73.021484,24.169921875
73.023438,24.9755859375
73.025391,25.37841796875
73.027344,25.37841796875
73.029297,25.37841796875
73.03125,24.9755859375
73.033203,24.169921875
73.035156,23.3642578125
73.037109,-0.40283203125
73.039062,-1.409912109375
73.041016,-2.215576171875
73.042969,-3.021240234375
73.044922,-3.62548828125
73.046875,-4.0283203125
73.048828,-4.0283203125
73.050781,-12.689208984375
73.052734,-10.272216796875
73.054688,-9.66796875
73.056641,-8.660888671875
73.058594,-7.855224609375
73.060547,-6.84814453125
73.0625,-5.841064453125
73.064453,-5.23681640625
73.066406,-4.632568359375
73.068359,11.077880859375
73.070312,11.077880859375
73.072266,10.675048828125
73.074219,10.07080078125
73.076172,9.466552734375
73.078125,8.45947265625
73.080078,7.452392578125
73.082031,34.6435546875
73.083984,33.837890625
73.085938,33.0322265625
73.087891,32.62939453125
73.089844,32.62939453125
73.091797,32.62939453125
73.09375,33.0322265625
73.095703,33.837890625
73.097656,34.6435546875
73.099609,49.54833984375
73.101562,50.555419921875
73.103516,51.361083984375
73.105469,52.166748046875
73.107422,52.77099609375
73.109375,53.173828125
73.111328,53.173828125
73.113281,52.972412109375
73.115234,52.3681640625
73.117188,51.763916015625
73.119141,50.7568359375
73.121094,34.039306640625
73.123047,33.0322265625
73.125,32.2265625
73.126953,31.4208984375
73.128906,31.01806640625
73.130859,5.841064453125
73.132812,6.04248046875
73.134766,6.243896484375
73.136719,6.84814453125
73.138672,7.65380859375
73.140625,8.45947265625
73.142578,9.466552734375
73.144531,-6.646728515625
73.146484,-5.841064453125
73.148438,-5.035400390625
73.150391,-4.632568359375
73.152344,-4.632568359375
73.154297,-4.632568359375
73.15625,-5.035400390625
73.158203,-5.841064453125
73.160156,-2.81982421875
73.162109,-5.23681640625
73.164062,-6.243896484375
73.166016,-7.049560546875
73.167969,-7.855224609375
73.169922,-8.45947265625
73.171875,-8.660888671875
73.173828,-8.8623046875
73.175781,18.12744140625
73.177734,18.731689453125
73.179688,19.3359375
73.181641,20.343017578125
73.183594,21.148681640625
73.185547,22.15576171875
73.1875,23.162841796875
73.189453,23.76708984375
73.191406,47.332763671875
73.193359,47.5341796875
73.195312,47.5341796875
73.197266,47.13134765625
73.199219,46.527099609375
73.201172,45.721435546875
73.203125,44.915771484375
73.205078,43.90869140625
73.207031,44.71435546875
73.208984,43.90869140625
73.210938,43.304443359375
73.212891,42.901611328125
73.214844,42.7001953125
73.216797,42.901611328125
73.21875,43.304443359375
73.220703,43.90869140625
73.222656,44.71435546875
73.224609,45.721435546875
73.226562,46.728515625
73.228516,47.5341796875
73.230469,24.169921875
73.232422,24.774169921875
73.234375,25.177001953125
73.236328,25.177001953125
73.238281,-0.201416015625
73.240234,-0.8056640625
73.242188,-1.409912109375
73.244141,-2.215576171875
73.246094,-3.22265625
73.248047,-4.229736328125
73.25,-5.035400390625
73.251953,-10.87646484375
73.253906,-11.279296875
73.255859,-11.68212890625
73.257812,-11.480712890625
73.259766,-11.279296875
73.261719,-10.675048828125
73.263672,-9.869384765625
73.265625,-8.8623046875
73.267578,7.049560546875
73.269531,8.056640625
73.271484,8.8623046875
73.273438,9.466552734375
73.275391,9.869384765625
73.277344,10.07080078125
73.279297,9.869384765625
73.28125,9.466552734375
73.283203,37.46337890625
73.285156,36.65771484375
73.287109,35.650634765625
73.289062,34.6435546875
73.291016,33.837890625
73.292969,33.0322265625
73.294922,32.427978515625
73.296875,32.025146484375
73.298828,44.71435546875
73.300781,45.1171875
73.302734,45.52001953125
73.304688,46.32568359375
73.306641,47.13134765625
73.308594,48.138427734375
73.310547,49.1455078125
73.3125,49.951171875
73.314453,37.46337890625
73.316406,38.067626953125
73.318359,38.26904296875
73.320312,38.26904296875
73.322266,37.8662109375
73.324219,37.261962890625
73.326172,36.456298828125
73.328125,35.650634765625
73.330078,34.6435546875
73.332031,33.636474609375
73.333984,32.830810546875
73.335938,32.2265625
73.337891,31.82373046875
73.339844,5.035400390625
73.341797,5.23681640625
73.34375,-9.869384765625
73.345703,-9.26513671875
73.347656,-8.45947265625
73.349609,-7.452392578125
73.351562,-6.4453125
73.353516,-5.6396484375
73.355469,-4.833984375
73.357422,-4.229736328125
73.359375,-4.0283203125
73.361328,3.424072265625
73.363281,3.22265625
73.365234,2.81982421875
73.367188,2.01416015625
73.369141,1.20849609375
73.371094,0.201416015625
73.373047,-0.8056640625
73.375,-1.611328125
73.376953,25.579833984375
73.378906,25.177001953125
73.380859,24.9755859375
73.382812,24.9755859375
73.384766,25.37841796875
73.386719,42.29736328125
73.388672,43.10302734375
73.390625,44.110107421875
73.392578,45.1171875
73.394531,45.9228515625
73.396484,46.728515625
73.398438,47.5341796875
73.400391,47.93701171875
73.402344,47.93701171875
73.404297,47.93701171875
73.40625,47.5341796875
73.408203,46.929931640625
73.410156,45.9228515625
73.412109,45.1171875
73.414062,44.110107421875
73.416016,43.10302734375
73.417969,42.498779296875
73.419922,41.89453125
73.421875,18.93310546875
73.423828,18.93310546875
73.425781,19.134521484375
73.427734,19.537353515625
73.429688,20.343017578125
73.431641,21.148681640625
73.433594,22.15576171875
73.435547,23.162841796875
73.4375,23.968505859375
73.439453,24.774169921875
73.441406,25.177001953125
73.443359,25.37841796875
73.445312,5.035400390625
73.447266,1.611328125
73.449219,1.007080078125
73.451172,0.201416015625
73.453125,-8.45947265625
73.455078,-9.466552734375
73.457031,-10.4736328125
73.458984,-11.279296875
73.460938,-11.883544921875
73.462891,-12.286376953125
73.464844,-12.48779296875
73.466797,-12.286376953125
73.46875,-11.883544921875
73.470703,-11.279296875
73.472656,13.092041015625
73.474609,13.897705078125
73.476562,14.90478515625
73.478516,15.911865234375
73.480469,16.51611328125
73.482422,17.120361328125
73.484375,17.523193359375
73.486328,41.693115234375
73.488281,41.290283203125
73.490234,40.887451171875
73.492188,40.081787109375
73.494141,39.276123046875
73.496094,38.26904296875
73.498047,37.46337890625
73.5,47.5341796875
73.501953,46.929931640625
73.503906,46.32568359375
73.505859,46.124267578125
73.507812,46.124267578125
73.509766,46.527099609375
73.511719,47.13134765625
73.513672,47.93701171875
73.515625,48.74267578125
73.517578,30.21240234375
73.519531,31.219482421875
73.521484,32.025146484375
73.523438,32.62939453125
73.525391,33.0322265625
73.527344,33.233642578125
73.529297,33.0322265625
73.53125,32.62939453125
73.533203,10.4736328125
73.535156,9.66796875
73.537109,8.660888671875
73.539062,7.65380859375
73.541016,6.84814453125
73.542969,6.04248046875
73.544922,5.438232421875
73.546875,5.035400390625
73.548828,5.035400390625
73.550781,5.23681640625
73.552734,5.841064453125
73.554688,6.4453125
73.556641,7.452392578125
73.558594,8.258056640625
73.560547,8.660888671875
73.5625,9.466552734375
73.564453,10.272216796875
73.566406,10.675048828125
73.568359,11.077880859375
73.570312,10.87646484375
73.572266,10.675048828125
73.574219,10.07080078125
73.576172,9.26513671875
73.578125,8.258056640625
73.580078,7.452392578125
73.582031,39.678955078125
73.583984,46.32568359375
73.585938,45.721435546875
73.587891,45.318603515625
73.589844,45.1171875
73.591797,45.318603515625
73.59375,45.721435546875
73.595703,46.32568359375
73.597656,47.13134765625
73.599609,48.138427734375
73.601562,49.1455078125
73.603516,49.951171875
73.605469,50.7568359375
73.607422,51.361083984375
