{"n_estimators": 30, "max_depth": 2, "test_size": 0.2, "table_name": "eog_session_neurobench", "created_at": "2026-02-25T00:14:16.364261", "accuracy": 0.9333333333333333}